metric,metric_label,baseline,eeg_snr_db,meg_snr_db,oaster_value,baseline_value,oriented_difference_positive_favors_oaster,outcome
auc_tie_corrected,An_auc,dSPM,-10,-10,0.9560867314869632,0.8607403606357384,0.09534637085122477,win
auc_tie_corrected,An_auc,dSPM,-10,-5,0.9569156449078764,0.8958357093231077,0.06107993558476865,win
auc_tie_corrected,An_auc,dSPM,-10,0,0.9556229133235431,0.9205882205838133,0.03503469273972981,win
auc_tie_corrected,An_auc,dSPM,-10,5,0.9542932972776696,0.9327575938402037,0.021535703437465914,win
auc_tie_corrected,An_auc,dSPM,-10,10,0.9516558037399321,0.9384650214825293,0.013190782257402778,win
auc_tie_corrected,An_auc,dSPM,-10,15,0.958538799605704,0.937697874995185,0.020840924610519007,win
auc_tie_corrected,An_auc,dSPM,-10,20,0.9575210500252054,0.9371250912848996,0.020395958740305753,win
auc_tie_corrected,An_auc,dSPM,-5,-10,0.9673686515516934,0.8983790207239026,0.06898963082779075,win
auc_tie_corrected,An_auc,dSPM,-5,-5,0.9660796794486368,0.9142055374046797,0.05187414204395713,win
auc_tie_corrected,An_auc,dSPM,-5,0,0.963079674085445,0.928326169365488,0.034753504719957085,win
auc_tie_corrected,An_auc,dSPM,-5,5,0.960512141962876,0.9394101857806372,0.021101956182238868,win
auc_tie_corrected,An_auc,dSPM,-5,10,0.9586549047719587,0.9398205647263063,0.01883434004565243,win
auc_tie_corrected,An_auc,dSPM,-5,15,0.9517691560640368,0.9384874507164459,0.013281705347590878,win
auc_tie_corrected,An_auc,dSPM,-5,20,0.9566479990533581,0.9377285047013612,0.018919494351996913,win
auc_tie_corrected,An_auc,dSPM,0,-10,0.9696507142668656,0.9136492491248855,0.05600146514198001,win
auc_tie_corrected,An_auc,dSPM,0,-5,0.9770363123512147,0.9257645317468248,0.05127178060438986,win
auc_tie_corrected,An_auc,dSPM,0,0,0.973893334787233,0.9347712491243535,0.03912208566287945,win
auc_tie_corrected,An_auc,dSPM,0,5,0.9652220405458488,0.9442656328355772,0.02095640771027163,win
auc_tie_corrected,An_auc,dSPM,0,10,0.9685215411520542,0.9456745670870086,0.022846974065045655,win
auc_tie_corrected,An_auc,dSPM,0,15,0.9625348469458592,0.9422241001676824,0.02031074677817679,win
auc_tie_corrected,An_auc,dSPM,0,20,0.9597680209604915,0.9406465553087329,0.01912146565175865,win
auc_tie_corrected,An_auc,dSPM,5,-10,0.9682242957474608,0.9252678795606176,0.042956416186843205,win
auc_tie_corrected,An_auc,dSPM,5,-5,0.9695720607504188,0.9348671184085614,0.03470494234185739,win
auc_tie_corrected,An_auc,dSPM,5,0,0.9756938728331866,0.9387410236057605,0.03695284922742614,win
auc_tie_corrected,An_auc,dSPM,5,5,0.9727084772252717,0.9442627868352856,0.02844569038998601,win
auc_tie_corrected,An_auc,dSPM,5,10,0.97004179617158,0.9489540355398862,0.02108776063169382,win
auc_tie_corrected,An_auc,dSPM,5,15,0.9674843947082006,0.9471127913979398,0.020371603310260777,win
auc_tie_corrected,An_auc,dSPM,5,20,0.9624294418029486,0.9436136608164447,0.01881578098650394,win
auc_tie_corrected,An_auc,dSPM,10,-10,0.9682251426535345,0.9322328234276481,0.035992319225886416,win
auc_tie_corrected,An_auc,dSPM,10,-5,0.969371595820609,0.9382211384877694,0.03115045733283961,win
auc_tie_corrected,An_auc,dSPM,10,0,0.977258709036285,0.9430430684323912,0.034215640603893815,win
auc_tie_corrected,An_auc,dSPM,10,5,0.9808959056869275,0.946257511998505,0.034638393688422475,win
auc_tie_corrected,An_auc,dSPM,10,10,0.9767914245190531,0.94833953916244,0.028451885356613138,win
auc_tie_corrected,An_auc,dSPM,10,15,0.9707841586712385,0.9506601281737489,0.020124030497489565,win
auc_tie_corrected,An_auc,dSPM,10,20,0.9690096753191184,0.9493707842401737,0.019638891078944676,win
auc_tie_corrected,An_auc,dSPM,15,-10,0.9631362635469962,0.9339547375849532,0.029181525962043042,win
auc_tie_corrected,An_auc,dSPM,15,-5,0.9666812908729079,0.9380382783279084,0.028643012544999458,win
auc_tie_corrected,An_auc,dSPM,15,0,0.9724156587511952,0.9426128180886824,0.02980284066251282,win
auc_tie_corrected,An_auc,dSPM,15,5,0.9743292916277132,0.9458591782422996,0.02847011338541361,win
auc_tie_corrected,An_auc,dSPM,15,10,0.980554304944744,0.948002797561885,0.03255150738285906,win
auc_tie_corrected,An_auc,dSPM,15,15,0.9770872836342757,0.9506597679554126,0.026427515678863034,win
auc_tie_corrected,An_auc,dSPM,15,20,0.9691559426289091,0.9516118944128316,0.01754404821607758,win
auc_tie_corrected,An_auc,dSPM,20,-10,0.9629209953840071,0.9297955245315562,0.03312547085245088,win
auc_tie_corrected,An_auc,dSPM,20,-5,0.9668149663778639,0.9354450992615853,0.03136986711627865,win
auc_tie_corrected,An_auc,dSPM,20,0,0.9677866253193073,0.939990013922121,0.027796611397186255,win
auc_tie_corrected,An_auc,dSPM,20,5,0.9754206535332337,0.9440260180124952,0.03139463552073851,win
auc_tie_corrected,An_auc,dSPM,20,10,0.9791702831629879,0.9476072793546152,0.031563003808372736,win
auc_tie_corrected,An_auc,dSPM,20,15,0.9810298308704749,0.9489733215835761,0.03205650928689885,win
auc_tie_corrected,An_auc,dSPM,20,20,0.9774160187768441,0.9512098441185026,0.02620617465834152,win
auc_tie_corrected,An_auc,eLORETA,-10,-10,0.9560867314869632,0.7243541886510986,0.23173254283586464,win
auc_tie_corrected,An_auc,eLORETA,-10,-5,0.9569156449078764,0.8463279930277626,0.11058765188011377,win
auc_tie_corrected,An_auc,eLORETA,-10,0,0.9556229133235431,0.907893739733137,0.04772917359040607,win
auc_tie_corrected,An_auc,eLORETA,-10,5,0.9542932972776696,0.9371442634135365,0.017149033864133134,win
auc_tie_corrected,An_auc,eLORETA,-10,10,0.9516558037399321,0.9440879905949437,0.0075678131449883335,win
auc_tie_corrected,An_auc,eLORETA,-10,15,0.958538799605704,0.9432279278323852,0.015310871773318802,win
auc_tie_corrected,An_auc,eLORETA,-10,20,0.9575210500252054,0.942278443946513,0.015242606078692433,win
auc_tie_corrected,An_auc,eLORETA,-5,-10,0.9673686515516934,0.7520852358936055,0.21528341565808784,win
auc_tie_corrected,An_auc,eLORETA,-5,-5,0.9660796794486368,0.8616583107231844,0.10442136872545238,win
auc_tie_corrected,An_auc,eLORETA,-5,0,0.963079674085445,0.9108321676226696,0.05224750646277543,win
auc_tie_corrected,An_auc,eLORETA,-5,5,0.960512141962876,0.9383856093336815,0.022126532629194506,win
auc_tie_corrected,An_auc,eLORETA,-5,10,0.9586549047719587,0.9461637014021367,0.012491203369822013,win
auc_tie_corrected,An_auc,eLORETA,-5,15,0.9517691560640368,0.9459089388154095,0.005860217248627286,win
auc_tie_corrected,An_auc,eLORETA,-5,20,0.9566479990533581,0.9434878399001241,0.013160159153233986,win
auc_tie_corrected,An_auc,eLORETA,0,-10,0.9696507142668656,0.8141326319322132,0.15551808233465236,win
auc_tie_corrected,An_auc,eLORETA,0,-5,0.9770363123512147,0.8850137346264115,0.09202257772480316,win
auc_tie_corrected,An_auc,eLORETA,0,0,0.973893334787233,0.9169841587730467,0.056909176014186214,win
auc_tie_corrected,An_auc,eLORETA,0,5,0.9652220405458488,0.9376778098360787,0.02754423070977008,win
auc_tie_corrected,An_auc,eLORETA,0,10,0.9685215411520542,0.9486035349152744,0.01991800623677986,win
auc_tie_corrected,An_auc,eLORETA,0,15,0.9625348469458592,0.9491359137537605,0.013398933192098728,win
auc_tie_corrected,An_auc,eLORETA,0,20,0.9597680209604915,0.9461439438503108,0.013624077110180766,win
auc_tie_corrected,An_auc,eLORETA,5,-10,0.9682242957474608,0.8829450922069766,0.08527920354048424,win
auc_tie_corrected,An_auc,eLORETA,5,-5,0.9695720607504188,0.9092213764902358,0.060350684260182974,win
auc_tie_corrected,An_auc,eLORETA,5,0,0.9756938728331866,0.9261749789369376,0.04951889389624908,win
auc_tie_corrected,An_auc,eLORETA,5,5,0.9727084772252717,0.9395182635817488,0.033190213643522815,win
auc_tie_corrected,An_auc,eLORETA,5,10,0.97004179617158,0.949583593119905,0.020458203051675006,win
auc_tie_corrected,An_auc,eLORETA,5,15,0.9674843947082006,0.9523820191374794,0.015102375570721138,win
auc_tie_corrected,An_auc,eLORETA,5,20,0.9624294418029486,0.9500977069734271,0.012331734829521546,win
auc_tie_corrected,An_auc,eLORETA,10,-10,0.9682251426535345,0.9185320363111129,0.049693106342421633,win
auc_tie_corrected,An_auc,eLORETA,10,-5,0.969371595820609,0.9266637549281025,0.042707840892506566,win
auc_tie_corrected,An_auc,eLORETA,10,0,0.977258709036285,0.9362545502351589,0.04100415880112607,win
auc_tie_corrected,An_auc,eLORETA,10,5,0.9808959056869275,0.9448762265983661,0.03601967908856141,win
auc_tie_corrected,An_auc,eLORETA,10,10,0.9767914245190531,0.9500900265500094,0.026701397969043694,win
auc_tie_corrected,An_auc,eLORETA,10,15,0.9707841586712385,0.9531016838455812,0.017682474825657213,win
auc_tie_corrected,An_auc,eLORETA,10,20,0.9690096753191184,0.9527113888171775,0.016298286501940873,win
auc_tie_corrected,An_auc,eLORETA,15,-10,0.9631362635469962,0.9328433539829727,0.03029290956402353,win
auc_tie_corrected,An_auc,eLORETA,15,-5,0.9666812908729079,0.9370905925289483,0.029590698343959554,win
auc_tie_corrected,An_auc,eLORETA,15,0,0.9724156587511952,0.9427675330402987,0.029648125710896478,win
auc_tie_corrected,An_auc,eLORETA,15,5,0.9743292916277132,0.9483568436748899,0.025972447952823274,win
auc_tie_corrected,An_auc,eLORETA,15,10,0.980554304944744,0.9516376754322287,0.02891662951251539,win
auc_tie_corrected,An_auc,eLORETA,15,15,0.9770872836342757,0.9533193724458722,0.02376791118840349,win
auc_tie_corrected,An_auc,eLORETA,15,20,0.9691559426289091,0.9549666161043625,0.01418932652454663,win
auc_tie_corrected,An_auc,eLORETA,20,-10,0.9629209953840071,0.937174892255155,0.02574610312885206,win
auc_tie_corrected,An_auc,eLORETA,20,-5,0.9668149663778639,0.9411774450946859,0.025637521283177978,win
auc_tie_corrected,An_auc,eLORETA,20,0,0.9677866253193073,0.9442520500427833,0.023534575276523917,win
auc_tie_corrected,An_auc,eLORETA,20,5,0.9754206535332337,0.9477583375824432,0.027662315950790495,win
auc_tie_corrected,An_auc,eLORETA,20,10,0.9791702831629879,0.9522502535311603,0.026920029631827602,win
auc_tie_corrected,An_auc,eLORETA,20,15,0.9810298308704749,0.954055014638669,0.026974816231805865,win
auc_tie_corrected,An_auc,eLORETA,20,20,0.9774160187768441,0.9545205273879026,0.022895491388941536,win
auc_tie_corrected,An_auc,sLORETA,-10,-10,0.9560867314869632,0.7749060545023647,0.1811806769845985,win
auc_tie_corrected,An_auc,sLORETA,-10,-5,0.9569156449078764,0.8122322577300939,0.1446833871777825,win
auc_tie_corrected,An_auc,sLORETA,-10,0,0.9556229133235431,0.8489555514245001,0.10666736189904302,win
auc_tie_corrected,An_auc,sLORETA,-10,5,0.9542932972776696,0.8866943440758219,0.06759895320184772,win
auc_tie_corrected,An_auc,sLORETA,-10,10,0.9516558037399321,0.9134521988207192,0.03820360491921293,win
auc_tie_corrected,An_auc,sLORETA,-10,15,0.958538799605704,0.9271143517986704,0.03142444780703357,win
auc_tie_corrected,An_auc,sLORETA,-10,20,0.9575210500252054,0.929414791749345,0.02810625827586033,win
auc_tie_corrected,An_auc,sLORETA,-5,-10,0.9673686515516934,0.8264173186713937,0.1409513328802997,win
auc_tie_corrected,An_auc,sLORETA,-5,-5,0.9660796794486368,0.8577090550302013,0.10837062441843548,win
auc_tie_corrected,An_auc,sLORETA,-5,0,0.963079674085445,0.882710568937871,0.080369105147574,win
auc_tie_corrected,An_auc,sLORETA,-5,5,0.960512141962876,0.9051016976199143,0.05541044434296172,win
auc_tie_corrected,An_auc,sLORETA,-5,10,0.9586549047719587,0.9206439456829794,0.038010959088979335,win
auc_tie_corrected,An_auc,sLORETA,-5,15,0.9517691560640368,0.9301722943179758,0.021596861746061013,win
auc_tie_corrected,An_auc,sLORETA,-5,20,0.9566479990533581,0.9320132083122478,0.024634790741110302,win
auc_tie_corrected,An_auc,sLORETA,0,-10,0.9696507142668656,0.8675171156683228,0.10213359859854276,win
auc_tie_corrected,An_auc,sLORETA,0,-5,0.9770363123512147,0.8936219688987472,0.08341434345246745,win
auc_tie_corrected,An_auc,sLORETA,0,0,0.973893334787233,0.9100919685909795,0.06380136619625343,win
auc_tie_corrected,An_auc,sLORETA,0,5,0.9652220405458488,0.9221212649992778,0.04310077554657099,win
auc_tie_corrected,An_auc,sLORETA,0,10,0.9685215411520542,0.9300409476945216,0.03848059345753263,win
auc_tie_corrected,An_auc,sLORETA,0,15,0.9625348469458592,0.9347891210799703,0.02774572586588897,win
auc_tie_corrected,An_auc,sLORETA,0,20,0.9597680209604915,0.9361383928872751,0.023629628073216447,win
auc_tie_corrected,An_auc,sLORETA,5,-10,0.9682242957474608,0.8994477929122119,0.06877650283524894,win
auc_tie_corrected,An_auc,sLORETA,5,-5,0.9695720607504188,0.9168129986804164,0.05275906207000236,win
auc_tie_corrected,An_auc,sLORETA,5,0,0.9756938728331866,0.9270567368388801,0.048637135994306524,win
auc_tie_corrected,An_auc,sLORETA,5,5,0.9727084772252717,0.9327886233747031,0.03991985385056851,win
auc_tie_corrected,An_auc,sLORETA,5,10,0.97004179617158,0.9374696158136556,0.03257218035792442,win
auc_tie_corrected,An_auc,sLORETA,5,15,0.9674843947082006,0.9398458937942585,0.027638500913942043,win
auc_tie_corrected,An_auc,sLORETA,5,20,0.9624294418029486,0.9393699201943138,0.023059521608634892,win
auc_tie_corrected,An_auc,sLORETA,10,-10,0.9682251426535345,0.9186885921094224,0.0495365505441121,win
auc_tie_corrected,An_auc,sLORETA,10,-5,0.969371595820609,0.9282316180702488,0.04113997775036027,win
auc_tie_corrected,An_auc,sLORETA,10,0,0.977258709036285,0.9371033841232257,0.04015532491305929,win
auc_tie_corrected,An_auc,sLORETA,10,5,0.9808959056869275,0.9422427569709841,0.038653148715943386,win
auc_tie_corrected,An_auc,sLORETA,10,10,0.9767914245190531,0.9423167585631356,0.03447466595591753,win
auc_tie_corrected,An_auc,sLORETA,10,15,0.9707841586712385,0.9431458429242896,0.02763831574694886,win
auc_tie_corrected,An_auc,sLORETA,10,20,0.9690096753191184,0.9436928241928031,0.02531685112631532,win
auc_tie_corrected,An_auc,sLORETA,15,-10,0.9631362635469962,0.929376701253895,0.033759562293101175,win
auc_tie_corrected,An_auc,sLORETA,15,-5,0.9666812908729079,0.9350633478192489,0.03161794305365895,win
auc_tie_corrected,An_auc,sLORETA,15,0,0.9724156587511952,0.9403799274386307,0.03203573131256443,win
auc_tie_corrected,An_auc,sLORETA,15,5,0.9743292916277132,0.9454285641446873,0.028900727483025856,win
auc_tie_corrected,An_auc,sLORETA,15,10,0.980554304944744,0.9468949093448639,0.03365939559988018,win
auc_tie_corrected,An_auc,sLORETA,15,15,0.9770872836342757,0.9464629579362064,0.030624325698069277,win
auc_tie_corrected,An_auc,sLORETA,15,20,0.9691559426289091,0.9455305329081798,0.02362540972072935,win
auc_tie_corrected,An_auc,sLORETA,20,-10,0.9629209953840071,0.9332378388903891,0.029683156493617968,win
auc_tie_corrected,An_auc,sLORETA,20,-5,0.9668149663778639,0.9375367747489699,0.029278191628894,win
auc_tie_corrected,An_auc,sLORETA,20,0,0.9677866253193073,0.9415712054605252,0.026215419858782063,win
auc_tie_corrected,An_auc,sLORETA,20,5,0.9754206535332337,0.945502831881684,0.02991782165154966,win
auc_tie_corrected,An_auc,sLORETA,20,10,0.9791702831629879,0.9494567228028415,0.029713560360146385,win
auc_tie_corrected,An_auc,sLORETA,20,15,0.9810298308704749,0.948955838637047,0.032073992233427884,win
auc_tie_corrected,An_auc,sLORETA,20,20,0.9774160187768441,0.9480149396873222,0.029401079089521942,win
auc_tie_corrected,An_auc,MNE,-10,-10,0.9560867314869632,0.7149040031398538,0.2411827283471094,win
auc_tie_corrected,An_auc,MNE,-10,-5,0.9569156449078764,0.7798620712702193,0.17705357363765706,win
auc_tie_corrected,An_auc,MNE,-10,0,0.9556229133235431,0.8394787557521957,0.11614415757134744,win
auc_tie_corrected,An_auc,MNE,-10,5,0.9542932972776696,0.8951038107965124,0.059189486481157294,win
auc_tie_corrected,An_auc,MNE,-10,10,0.9516558037399321,0.9256508985599812,0.02600490517995091,win
auc_tie_corrected,An_auc,MNE,-10,15,0.958538799605704,0.9367595265027674,0.02177927310293659,win
auc_tie_corrected,An_auc,MNE,-10,20,0.9575210500252054,0.9381280481395863,0.0193930018856191,win
auc_tie_corrected,An_auc,MNE,-5,-10,0.9673686515516934,0.7558726694312963,0.2114959821203971,win
auc_tie_corrected,An_auc,MNE,-5,-5,0.9660796794486368,0.8197536479719095,0.1463260314767273,win
auc_tie_corrected,An_auc,MNE,-5,0,0.963079674085445,0.8704369574518116,0.09264271663363344,win
auc_tie_corrected,An_auc,MNE,-5,5,0.960512141962876,0.9067044191301477,0.05380772283272839,win
auc_tie_corrected,An_auc,MNE,-5,10,0.9586549047719587,0.9280192643173987,0.03063564045456002,win
auc_tie_corrected,An_auc,MNE,-5,15,0.9517691560640368,0.938038770403366,0.013730385660670752,win
auc_tie_corrected,An_auc,MNE,-5,20,0.9566479990533581,0.9402792749912825,0.016368724062075568,win
auc_tie_corrected,An_auc,MNE,0,-10,0.9696507142668656,0.7913094034782632,0.17834131078860238,win
auc_tie_corrected,An_auc,MNE,0,-5,0.9770363123512147,0.8569448850201891,0.12009142733102562,win
auc_tie_corrected,An_auc,MNE,0,0,0.973893334787233,0.8979128938845343,0.07598044090269862,win
auc_tie_corrected,An_auc,MNE,0,5,0.9652220405458488,0.921751475074599,0.043470565471249834,win
auc_tie_corrected,An_auc,MNE,0,10,0.9685215411520542,0.9342461483746392,0.03427539277741509,win
auc_tie_corrected,An_auc,MNE,0,15,0.9625348469458592,0.9414634103322239,0.021071436613635308,win
auc_tie_corrected,An_auc,MNE,0,20,0.9597680209604915,0.9430963913089844,0.016671629651507147,win
auc_tie_corrected,An_auc,MNE,5,-10,0.9682242957474608,0.815202706964841,0.15302158878261984,win
auc_tie_corrected,An_auc,MNE,5,-5,0.9695720607504188,0.8824275394589917,0.08714452129142713,win
auc_tie_corrected,An_auc,MNE,5,0,0.9756938728331866,0.9153938094117602,0.060300063421426464,win
auc_tie_corrected,An_auc,MNE,5,5,0.9727084772252717,0.9320273135500741,0.040681163675197585,win
auc_tie_corrected,An_auc,MNE,5,10,0.97004179617158,0.9414838369479471,0.02855795922363291,win
auc_tie_corrected,An_auc,MNE,5,15,0.9674843947082006,0.9449590890878283,0.02252530562037225,win
auc_tie_corrected,An_auc,MNE,5,20,0.9624294418029486,0.9453598380571987,0.01706960374574995,win
auc_tie_corrected,An_auc,MNE,10,-10,0.9682251426535345,0.8497327169719924,0.11849242568154217,win
auc_tie_corrected,An_auc,MNE,10,-5,0.969371595820609,0.8958777334777625,0.0734938623428466,win
auc_tie_corrected,An_auc,MNE,10,0,0.977258709036285,0.9215721503755121,0.05568655866077288,win
auc_tie_corrected,An_auc,MNE,10,5,0.9808959056869275,0.9394157541458672,0.04148015154106033,win
auc_tie_corrected,An_auc,MNE,10,10,0.9767914245190531,0.9463118031198277,0.030479621399225443,win
auc_tie_corrected,An_auc,MNE,10,15,0.9707841586712385,0.9487009717918755,0.022083186879362948,win
auc_tie_corrected,An_auc,MNE,10,20,0.9690096753191184,0.949912274767581,0.019097400551537413,win
auc_tie_corrected,An_auc,MNE,15,-10,0.9631362635469962,0.8889984191078197,0.07413784443917648,win
auc_tie_corrected,An_auc,MNE,15,-5,0.9666812908729079,0.9112842820335663,0.05539700883934162,win
auc_tie_corrected,An_auc,MNE,15,0,0.9724156587511952,0.9255751470875628,0.046840511663632345,win
auc_tie_corrected,An_auc,MNE,15,5,0.9743292916277132,0.9403203596864057,0.034008931941307496,win
auc_tie_corrected,An_auc,MNE,15,10,0.980554304944744,0.9489161473261236,0.03163815761862043,win
auc_tie_corrected,An_auc,MNE,15,15,0.9770872836342757,0.9518435457173575,0.02524373791691814,win
auc_tie_corrected,An_auc,MNE,15,20,0.9691559426289091,0.9516326473296679,0.017523295299241237,win
auc_tie_corrected,An_auc,MNE,20,-10,0.9629209953840071,0.9184547110043909,0.044466284379616194,win
auc_tie_corrected,An_auc,MNE,20,-5,0.9668149663778639,0.9249262924770001,0.041888673900863815,win
auc_tie_corrected,An_auc,MNE,20,0,0.9677866253193073,0.9322201568868943,0.035566468432412957,win
auc_tie_corrected,An_auc,MNE,20,5,0.9754206535332337,0.9404655674621917,0.03495508607104203,win
auc_tie_corrected,An_auc,MNE,20,10,0.9791702831629879,0.9491161946505386,0.030054088512449284,win
auc_tie_corrected,An_auc,MNE,20,15,0.9810298308704749,0.953058450920439,0.027971379950035957,win
auc_tie_corrected,An_auc,MNE,20,20,0.9774160187768441,0.9539088856011999,0.023507133175644235,win
auc_tie_corrected,An_auc,LCMV,-10,-10,0.9560867314869632,0.7323409726074492,0.22374575887951398,win
auc_tie_corrected,An_auc,LCMV,-10,-5,0.9569156449078764,0.7438953753132924,0.21302026959458398,win
auc_tie_corrected,An_auc,LCMV,-10,0,0.9556229133235431,0.7526305057828937,0.2029924075406494,win
auc_tie_corrected,An_auc,LCMV,-10,5,0.9542932972776696,0.7590359070534093,0.19525739022426036,win
auc_tie_corrected,An_auc,LCMV,-10,10,0.9516558037399321,0.7626452920429383,0.1890105116969938,win
auc_tie_corrected,An_auc,LCMV,-10,15,0.958538799605704,0.7645611150400433,0.19397768456566067,win
auc_tie_corrected,An_auc,LCMV,-10,20,0.9575210500252054,0.7652638702343916,0.1922571797908138,win
auc_tie_corrected,An_auc,LCMV,-5,-10,0.9673686515516934,0.7432479197239766,0.22412073182771675,win
auc_tie_corrected,An_auc,LCMV,-5,-5,0.9660796794486368,0.7477826592979635,0.21829702015067332,win
auc_tie_corrected,An_auc,LCMV,-5,0,0.963079674085445,0.7543260486738764,0.2087536254115686,win
auc_tie_corrected,An_auc,LCMV,-5,5,0.960512141962876,0.7589922501492927,0.20151989181358332,win
auc_tie_corrected,An_auc,LCMV,-5,10,0.9586549047719587,0.7619957022548987,0.19665920251706004,win
auc_tie_corrected,An_auc,LCMV,-5,15,0.9517691560640368,0.763740397174641,0.18802875888939574,win
auc_tie_corrected,An_auc,LCMV,-5,20,0.9566479990533581,0.7650258914160749,0.19162210763728316,win
auc_tie_corrected,An_auc,LCMV,0,-10,0.9696507142668656,0.7527005485778993,0.2169501656889663,win
auc_tie_corrected,An_auc,LCMV,0,-5,0.9770363123512147,0.7528896897957479,0.2241466225554668,win
auc_tie_corrected,An_auc,LCMV,0,0,0.973893334787233,0.7547606491018525,0.21913268568538047,win
auc_tie_corrected,An_auc,LCMV,0,5,0.9652220405458488,0.759203282240744,0.20601875830510485,win
auc_tie_corrected,An_auc,LCMV,0,10,0.9685215411520542,0.7632157666373218,0.20530577451473242,win
auc_tie_corrected,An_auc,LCMV,0,15,0.9625348469458592,0.7635382907991686,0.19899655614669065,win
auc_tie_corrected,An_auc,LCMV,0,20,0.9597680209604915,0.7653648161450516,0.19440320481543993,win
auc_tie_corrected,An_auc,LCMV,5,-10,0.9682242957474608,0.75758232039811,0.2106419753493508,win
auc_tie_corrected,An_auc,LCMV,5,-5,0.9695720607504188,0.7565092530769774,0.21306280767344143,win
auc_tie_corrected,An_auc,LCMV,5,0,0.9756938728331866,0.7567460467545264,0.21894782607866026,win
auc_tie_corrected,An_auc,LCMV,5,5,0.9727084772252717,0.7584930812764226,0.21421539594884909,win
auc_tie_corrected,An_auc,LCMV,5,10,0.97004179617158,0.7615632741230827,0.20847852204849737,win
auc_tie_corrected,An_auc,LCMV,5,15,0.9674843947082006,0.7645542361499055,0.2029301585582951,win
auc_tie_corrected,An_auc,LCMV,5,20,0.9624294418029486,0.7649066512315946,0.19752279057135402,win
auc_tie_corrected,An_auc,LCMV,10,-10,0.9682251426535345,0.7603623900106882,0.20786275264284637,win
auc_tie_corrected,An_auc,LCMV,10,-5,0.969371595820609,0.7603880298337751,0.20898356598683399,win
auc_tie_corrected,An_auc,LCMV,10,0,0.977258709036285,0.7597331479519343,0.21752556108435073,win
auc_tie_corrected,An_auc,LCMV,10,5,0.9808959056869275,0.7585520798201061,0.22234382586682144,win
auc_tie_corrected,An_auc,LCMV,10,10,0.9767914245190531,0.7589127791975696,0.2178786453214835,win
auc_tie_corrected,An_auc,LCMV,10,15,0.9707841586712385,0.7619904725191774,0.20879368615206106,win
auc_tie_corrected,An_auc,LCMV,10,20,0.9690096753191184,0.7645714436984625,0.20443823162065589,win
auc_tie_corrected,An_auc,LCMV,15,-10,0.9631362635469962,0.7633292985492155,0.19980696499778072,win
auc_tie_corrected,An_auc,LCMV,15,-5,0.9666812908729079,0.7627273641783492,0.2039539266945587,win
auc_tie_corrected,An_auc,LCMV,15,0,0.9724156587511952,0.7615384850725243,0.21087717367867087,win
auc_tie_corrected,An_auc,LCMV,15,5,0.9743292916277132,0.75919795983375,0.21513133179396315,win
auc_tie_corrected,An_auc,LCMV,15,10,0.980554304944744,0.759091518826282,0.22146278611846204,win
auc_tie_corrected,An_auc,LCMV,15,15,0.9770872836342757,0.7601448307375878,0.2169424528966879,win
auc_tie_corrected,An_auc,LCMV,15,20,0.9691559426289091,0.7621179303716975,0.20703801225721163,win
auc_tie_corrected,An_auc,LCMV,20,-10,0.9629209953840071,0.763627571837676,0.19929342354633106,win
auc_tie_corrected,An_auc,LCMV,20,-5,0.9668149663778639,0.7631479728509479,0.20366699352691597,win
auc_tie_corrected,An_auc,LCMV,20,0,0.9677866253193073,0.7634070012291075,0.20437962409019972,win
auc_tie_corrected,An_auc,LCMV,20,5,0.9754206535332337,0.7629347780925468,0.21248587544068687,win
auc_tie_corrected,An_auc,LCMV,20,10,0.9791702831629879,0.7609842727806512,0.21818601038233676,win
auc_tie_corrected,An_auc,LCMV,20,15,0.9810298308704749,0.7604409769003588,0.22058885397011607,win
auc_tie_corrected,An_auc,LCMV,20,20,0.9774160187768441,0.7603078010122678,0.21710821776457634,win
auc_tie_corrected,An_auc,RAP-MUSIC,-10,-10,0.9560867314869632,0.6243858154783596,0.33170091600860363,win
auc_tie_corrected,An_auc,RAP-MUSIC,-10,-5,0.9569156449078764,0.6413756804862518,0.3155399644216246,win
auc_tie_corrected,An_auc,RAP-MUSIC,-10,0,0.9556229133235431,0.6461867404104887,0.30943617291305436,win
auc_tie_corrected,An_auc,RAP-MUSIC,-10,5,0.9542932972776696,0.6460282026641345,0.30826509461353513,win
auc_tie_corrected,An_auc,RAP-MUSIC,-10,10,0.9516558037399321,0.6469566854415085,0.30469911829842355,win
auc_tie_corrected,An_auc,RAP-MUSIC,-10,15,0.958538799605704,0.647906926314827,0.31063187329087694,win
auc_tie_corrected,An_auc,RAP-MUSIC,-10,20,0.9575210500252054,0.6461893507348713,0.3113316992903341,win
auc_tie_corrected,An_auc,RAP-MUSIC,-5,-10,0.9673686515516934,0.6408184526596452,0.32655019889204817,win
auc_tie_corrected,An_auc,RAP-MUSIC,-5,-5,0.9660796794486368,0.6428851551262174,0.32319452432241946,win
auc_tie_corrected,An_auc,RAP-MUSIC,-5,0,0.963079674085445,0.6461129334343296,0.3169667406511154,win
auc_tie_corrected,An_auc,RAP-MUSIC,-5,5,0.960512141962876,0.647431349691521,0.313080792271355,win
auc_tie_corrected,An_auc,RAP-MUSIC,-5,10,0.9586549047719587,0.6488344115745537,0.309820493197405,win
auc_tie_corrected,An_auc,RAP-MUSIC,-5,15,0.9517691560640368,0.6469546984104572,0.3048144576535796,win
auc_tie_corrected,An_auc,RAP-MUSIC,-5,20,0.9566479990533581,0.6458848602030505,0.3107631388503076,win
auc_tie_corrected,An_auc,RAP-MUSIC,0,-10,0.9696507142668656,0.6413941064138382,0.32825660785302735,win
auc_tie_corrected,An_auc,RAP-MUSIC,0,-5,0.9770363123512147,0.6431980682157397,0.333838244135475,win
auc_tie_corrected,An_auc,RAP-MUSIC,0,0,0.973893334787233,0.6474015558347738,0.3264917789524592,win
auc_tie_corrected,An_auc,RAP-MUSIC,0,5,0.9652220405458488,0.6480037626552309,0.31721827789061796,win
auc_tie_corrected,An_auc,RAP-MUSIC,0,10,0.9685215411520542,0.6501868458318056,0.3183346953202486,win
auc_tie_corrected,An_auc,RAP-MUSIC,0,15,0.9625348469458592,0.6488846849798103,0.3136501619660489,win
auc_tie_corrected,An_auc,RAP-MUSIC,0,20,0.9597680209604915,0.6475114632232184,0.3122565577372731,win
auc_tie_corrected,An_auc,RAP-MUSIC,5,-10,0.9682242957474608,0.643648564144325,0.3245757316031358,win
auc_tie_corrected,An_auc,RAP-MUSIC,5,-5,0.9695720607504188,0.6448093086106746,0.32476275213974415,win
auc_tie_corrected,An_auc,RAP-MUSIC,5,0,0.9756938728331866,0.6474587083174361,0.3282351645157505,win
auc_tie_corrected,An_auc,RAP-MUSIC,5,5,0.9727084772252717,0.6499453903896169,0.3227630868356548,win
auc_tie_corrected,An_auc,RAP-MUSIC,5,10,0.97004179617158,0.6513030747794446,0.31873872139213544,win
auc_tie_corrected,An_auc,RAP-MUSIC,5,15,0.9674843947082006,0.651249856498222,0.3162345382099786,win
auc_tie_corrected,An_auc,RAP-MUSIC,5,20,0.9624294418029486,0.6488365250704983,0.3135929167324504,win
auc_tie_corrected,An_auc,RAP-MUSIC,10,-10,0.9682251426535345,0.6466916920294428,0.3215334506240918,win
auc_tie_corrected,An_auc,RAP-MUSIC,10,-5,0.969371595820609,0.6478781185643322,0.32149347725627686,win
auc_tie_corrected,An_auc,RAP-MUSIC,10,0,0.977258709036285,0.6490312406474759,0.3282274683888091,win
auc_tie_corrected,An_auc,RAP-MUSIC,10,5,0.9808959056869275,0.6537289907508261,0.3271669149361014,win
auc_tie_corrected,An_auc,RAP-MUSIC,10,10,0.9767914245190531,0.652336440563887,0.32445498395516614,win
auc_tie_corrected,An_auc,RAP-MUSIC,10,15,0.9707841586712385,0.6526304473399196,0.31815371133131887,win
auc_tie_corrected,An_auc,RAP-MUSIC,10,20,0.9690096753191184,0.6508294641371208,0.3181802111819976,win
auc_tie_corrected,An_auc,RAP-MUSIC,15,-10,0.9631362635469962,0.6479114922587857,0.31522477128821047,win
auc_tie_corrected,An_auc,RAP-MUSIC,15,-5,0.9666812908729079,0.6498929703603904,0.3167883205125175,win
auc_tie_corrected,An_auc,RAP-MUSIC,15,0,0.9724156587511952,0.6511136211816138,0.3213020375695814,win
auc_tie_corrected,An_auc,RAP-MUSIC,15,5,0.9743292916277132,0.6529723513051894,0.3213569403225238,win
auc_tie_corrected,An_auc,RAP-MUSIC,15,10,0.980554304944744,0.6531576104412447,0.3273966945034994,win
auc_tie_corrected,An_auc,RAP-MUSIC,15,15,0.9770872836342757,0.6521478668934695,0.3249394167408062,win
auc_tie_corrected,An_auc,RAP-MUSIC,15,20,0.9691559426289091,0.6527842139586615,0.31637172867024765,win
auc_tie_corrected,An_auc,RAP-MUSIC,20,-10,0.9629209953840071,0.6485791594129585,0.3143418359710486,win
auc_tie_corrected,An_auc,RAP-MUSIC,20,-5,0.9668149663778639,0.6490461974098799,0.317768768967984,win
auc_tie_corrected,An_auc,RAP-MUSIC,20,0,0.9677866253193073,0.6499991077724812,0.3177875175468261,win
auc_tie_corrected,An_auc,RAP-MUSIC,20,5,0.9754206535332337,0.6502065869247378,0.32521406660849594,win
auc_tie_corrected,An_auc,RAP-MUSIC,20,10,0.9791702831629879,0.6535738870865871,0.3255963960764008,win
auc_tie_corrected,An_auc,RAP-MUSIC,20,15,0.9810298308704749,0.6528870231845159,0.32814280768595905,win
auc_tie_corrected,An_auc,RAP-MUSIC,20,20,0.9774160187768441,0.6526524663887664,0.32476355238807775,win
auc_tie_corrected,An_auc,Dipole fitting (grid),-10,-10,0.9560867314869632,0.6083624015585122,0.34772432992845104,win
auc_tie_corrected,An_auc,Dipole fitting (grid),-10,-5,0.9569156449078764,0.6394454018314404,0.317470243076436,win
auc_tie_corrected,An_auc,Dipole fitting (grid),-10,0,0.9556229133235431,0.6413057281279961,0.31431718519554697,win
auc_tie_corrected,An_auc,Dipole fitting (grid),-10,5,0.9542932972776696,0.6405850720979914,0.3137082251796782,win
auc_tie_corrected,An_auc,Dipole fitting (grid),-10,10,0.9516558037399321,0.6407992983076451,0.31085650543228693,win
auc_tie_corrected,An_auc,Dipole fitting (grid),-10,15,0.958538799605704,0.6411188196360416,0.3174199799696624,win
auc_tie_corrected,An_auc,Dipole fitting (grid),-10,20,0.9575210500252054,0.6407715627623147,0.31674948726289065,win
auc_tie_corrected,An_auc,Dipole fitting (grid),-5,-10,0.9673686515516934,0.6397995199382204,0.327569131613473,win
auc_tie_corrected,An_auc,Dipole fitting (grid),-5,-5,0.9660796794486368,0.6410927181460422,0.32498696130259463,win
auc_tie_corrected,An_auc,Dipole fitting (grid),-5,0,0.963079674085445,0.6419622642556762,0.3211174098297689,win
auc_tie_corrected,An_auc,Dipole fitting (grid),-5,5,0.960512141962876,0.6430177512602,0.31749439070267604,win
auc_tie_corrected,An_auc,Dipole fitting (grid),-5,10,0.9586549047719587,0.6430622268234606,0.3155926779484981,win
auc_tie_corrected,An_auc,Dipole fitting (grid),-5,15,0.9517691560640368,0.6413198613369282,0.3104492947271086,win
auc_tie_corrected,An_auc,Dipole fitting (grid),-5,20,0.9566479990533581,0.6410554356661916,0.31559256338716646,win
auc_tie_corrected,An_auc,Dipole fitting (grid),0,-10,0.9696507142668656,0.6401598949466826,0.329490819320183,win
auc_tie_corrected,An_auc,Dipole fitting (grid),0,-5,0.9770363123512147,0.6410689865750266,0.33596732577618804,win
auc_tie_corrected,An_auc,Dipole fitting (grid),0,0,0.973893334787233,0.6420583457531867,0.3318349890340463,win
auc_tie_corrected,An_auc,Dipole fitting (grid),0,5,0.9652220405458488,0.6446089610077749,0.32061307953807394,win
auc_tie_corrected,An_auc,Dipole fitting (grid),0,10,0.9685215411520542,0.6427768329948864,0.32574470815716783,win
auc_tie_corrected,An_auc,Dipole fitting (grid),0,15,0.9625348469458592,0.6418716299282878,0.3206632170175714,win
auc_tie_corrected,An_auc,Dipole fitting (grid),0,20,0.9597680209604915,0.6411206164399783,0.3186474045205132,win
auc_tie_corrected,An_auc,Dipole fitting (grid),5,-10,0.9682242957474608,0.6410211168424431,0.3272031789050177,win
auc_tie_corrected,An_auc,Dipole fitting (grid),5,-5,0.9695720607504188,0.6429361923566539,0.3266358683937649,win
auc_tie_corrected,An_auc,Dipole fitting (grid),5,0,0.9756938728331866,0.6434664130078414,0.3322274598253453,win
auc_tie_corrected,An_auc,Dipole fitting (grid),5,5,0.9727084772252717,0.6445218989359449,0.32818657828932674,win
auc_tie_corrected,An_auc,Dipole fitting (grid),5,10,0.97004179617158,0.6449595781058662,0.3250822180657138,win
auc_tie_corrected,An_auc,Dipole fitting (grid),5,15,0.9674843947082006,0.6449080678118015,0.32257632689639903,win
auc_tie_corrected,An_auc,Dipole fitting (grid),5,20,0.9624294418029486,0.6420252045601543,0.3204042372427943,win
auc_tie_corrected,An_auc,Dipole fitting (grid),10,-10,0.9682251426535345,0.6411823439412941,0.3270427987122404,win
auc_tie_corrected,An_auc,Dipole fitting (grid),10,-5,0.969371595820609,0.6424328113670319,0.32693878445357716,win
auc_tie_corrected,An_auc,Dipole fitting (grid),10,0,0.977258709036285,0.6440097704409012,0.33324893859538374,win
auc_tie_corrected,An_auc,Dipole fitting (grid),10,5,0.9808959056869275,0.6460049581764346,0.334890947510493,win
auc_tie_corrected,An_auc,Dipole fitting (grid),10,10,0.9767914245190531,0.6453799125168903,0.3314115120021628,win
auc_tie_corrected,An_auc,Dipole fitting (grid),10,15,0.9707841586712385,0.6457752650669625,0.325008893604276,win
auc_tie_corrected,An_auc,Dipole fitting (grid),10,20,0.9690096753191184,0.6439001033172991,0.32510957200181934,win
auc_tie_corrected,An_auc,Dipole fitting (grid),15,-10,0.9631362635469962,0.6406637626029996,0.3224725009439966,win
auc_tie_corrected,An_auc,Dipole fitting (grid),15,-5,0.9666812908729079,0.6421170340757293,0.3245642567971786,win
auc_tie_corrected,An_auc,Dipole fitting (grid),15,0,0.9724156587511952,0.6433326604007971,0.3290829983503981,win
auc_tie_corrected,An_auc,Dipole fitting (grid),15,5,0.9743292916277132,0.6444292106508065,0.3299000809769067,win
auc_tie_corrected,An_auc,Dipole fitting (grid),15,10,0.980554304944744,0.6459762336630277,0.33457807128171635,win
auc_tie_corrected,An_auc,Dipole fitting (grid),15,15,0.9770872836342757,0.6456081776186742,0.3314791060156015,win
auc_tie_corrected,An_auc,Dipole fitting (grid),15,20,0.9691559426289091,0.6443482833867231,0.324807659242186,win
auc_tie_corrected,An_auc,Dipole fitting (grid),20,-10,0.9629209953840071,0.6399109384702631,0.32301005691374396,win
auc_tie_corrected,An_auc,Dipole fitting (grid),20,-5,0.9668149663778639,0.6408240198364871,0.32599094654137684,win
auc_tie_corrected,An_auc,Dipole fitting (grid),20,0,0.9677866253193073,0.6415890798516274,0.3261975454676799,win
auc_tie_corrected,An_auc,Dipole fitting (grid),20,5,0.9754206535332337,0.6421719121898949,0.3332487413433388,win
auc_tie_corrected,An_auc,Dipole fitting (grid),20,10,0.9791702831629879,0.6454467142780473,0.3337235688849406,win
auc_tie_corrected,An_auc,Dipole fitting (grid),20,15,0.9810298308704749,0.6458085526268448,0.3352212782436301,win
auc_tie_corrected,An_auc,Dipole fitting (grid),20,20,0.9774160187768441,0.6466977542182716,0.33071826455857256,win
auc,Parcel AUC,dSPM,-10,-10,0.8570238128183226,0.7655831364910151,0.09144067632730757,win
auc,Parcel AUC,dSPM,-10,-5,0.8661852101158677,0.8162845256105005,0.04990068450536722,win
auc,Parcel AUC,dSPM,-10,0,0.8703690213093854,0.8461631224526928,0.024205898856692665,win
auc,Parcel AUC,dSPM,-10,5,0.878938728527577,0.8663025379883968,0.012636190539180192,win
auc,Parcel AUC,dSPM,-10,10,0.8906792531780316,0.8716874674502696,0.018991785727762056,win
auc,Parcel AUC,dSPM,-10,15,0.9145018783847083,0.8771232698638012,0.03737860852090713,win
auc,Parcel AUC,dSPM,-10,20,0.9329946579633984,0.8751905070384898,0.05780415092490865,win
auc,Parcel AUC,dSPM,-5,-10,0.8812916858431963,0.8255514178437431,0.0557402679994532,win
auc,Parcel AUC,dSPM,-5,-5,0.8887757637133535,0.8453554037199822,0.04342035999337135,win
auc,Parcel AUC,dSPM,-5,0,0.8897804173013932,0.863720189212887,0.026060228088506276,win
auc,Parcel AUC,dSPM,-5,5,0.8988068133068552,0.8782671048643138,0.020539708442541382,win
auc,Parcel AUC,dSPM,-5,10,0.9060407173455859,0.8830734348876075,0.02296728245797841,win
auc,Parcel AUC,dSPM,-5,15,0.9044431922336464,0.8815624073003878,0.022880784933258624,win
auc,Parcel AUC,dSPM,-5,20,0.9280526032243025,0.8785009325317283,0.04955167069257416,win
auc,Parcel AUC,dSPM,0,-10,0.9006118875817211,0.8539719065975016,0.04663998098421951,win
auc,Parcel AUC,dSPM,0,-5,0.920011898201351,0.8720320324726284,0.04797986572872259,win
auc,Parcel AUC,dSPM,0,0,0.9166034845675263,0.8856895423361861,0.03091394223134014,win
auc,Parcel AUC,dSPM,0,5,0.9179023796678725,0.8971975568743942,0.020704822793478295,win
auc,Parcel AUC,dSPM,0,10,0.9251615545713754,0.8990570820153152,0.026104472556060188,win
auc,Parcel AUC,dSPM,0,15,0.9318930380391003,0.8894740310799902,0.04241900695911005,win
auc,Parcel AUC,dSPM,0,20,0.9302488002762944,0.8828329545642,0.04741584571209445,win
auc,Parcel AUC,dSPM,5,-10,0.9134370687905013,0.880056114967831,0.03338095382267037,win
auc,Parcel AUC,dSPM,5,-5,0.9219072767030485,0.8938472594848205,0.02806001721822804,win
auc,Parcel AUC,dSPM,5,0,0.928046147561131,0.8975591296708969,0.030487017890234114,win
auc,Parcel AUC,dSPM,5,5,0.9318602408518794,0.9056480017248363,0.02621223912704307,win
auc,Parcel AUC,dSPM,5,10,0.9332146557197425,0.9059246626411128,0.02728999307862967,win
auc,Parcel AUC,dSPM,5,15,0.9437056081726852,0.902626879194972,0.04107872897771325,win
auc,Parcel AUC,dSPM,5,20,0.9331787495208861,0.894193732762402,0.03898501675848409,win
auc,Parcel AUC,dSPM,10,-10,0.918531819412689,0.8972762010807068,0.021255618331982196,win
auc,Parcel AUC,dSPM,10,-5,0.9305407282781184,0.900916682933145,0.029624045344973426,win
auc,Parcel AUC,dSPM,10,0,0.9335432557552726,0.90761192303144,0.025931332723832634,win
auc,Parcel AUC,dSPM,10,5,0.9507086721678712,0.9111155566002956,0.03959311556757561,win
auc,Parcel AUC,dSPM,10,10,0.9519347327601279,0.9127033397877626,0.03923139297236522,win
auc,Parcel AUC,dSPM,10,15,0.9462873134407492,0.9108142224118203,0.03547309102892893,win
auc,Parcel AUC,dSPM,10,20,0.9489561265442468,0.9064467561135231,0.04250937043072367,win
auc,Parcel AUC,dSPM,15,-10,0.9275399410755067,0.8993030425313749,0.028236898544131805,win
auc,Parcel AUC,dSPM,15,-5,0.9348421850710088,0.9035403675418565,0.03130181752915229,win
auc,Parcel AUC,dSPM,15,0,0.9420024958008978,0.9084083892833339,0.03359410651756389,win
auc,Parcel AUC,dSPM,15,5,0.9483188078945407,0.913191417737594,0.03512739015694666,win
auc,Parcel AUC,dSPM,15,10,0.954345023041103,0.91478937267506,0.03955565036604303,win
auc,Parcel AUC,dSPM,15,15,0.9509476064363827,0.9147677871475359,0.036179819288846726,win
auc,Parcel AUC,dSPM,15,20,0.9515641443460112,0.9144842317748618,0.0370799125711494,win
auc,Parcel AUC,dSPM,20,-10,0.9413179518216368,0.8923434048930174,0.048974546928619356,win
auc,Parcel AUC,dSPM,20,-5,0.9433317960154135,0.9009608164403511,0.04237097957506242,win
auc,Parcel AUC,dSPM,20,0,0.9436114425139067,0.9058857817122569,0.03772566080164985,win
auc,Parcel AUC,dSPM,20,5,0.9560107575145433,0.9106995959599474,0.04531116155459591,win
auc,Parcel AUC,dSPM,20,10,0.9593197710792158,0.9131969537533345,0.046122817325881305,win
auc,Parcel AUC,dSPM,20,15,0.9667800974137017,0.9136249746865267,0.05315512272717504,win
auc,Parcel AUC,dSPM,20,20,0.9578493378656158,0.9156313643648983,0.04221797350071743,win
auc,Parcel AUC,eLORETA,-10,-10,0.8570238128183226,0.622755089008931,0.23426872380939168,win
auc,Parcel AUC,eLORETA,-10,-5,0.8661852101158677,0.7610086544717992,0.10517655564406847,win
auc,Parcel AUC,eLORETA,-10,0,0.8703690213093854,0.8348846617943393,0.03548435951504614,win
auc,Parcel AUC,eLORETA,-10,5,0.878938728527577,0.8725251817625223,0.0064135467650547895,win
auc,Parcel AUC,eLORETA,-10,10,0.8906792531780316,0.8890859892670788,0.0015932639109528246,win
auc,Parcel AUC,eLORETA,-10,15,0.9145018783847083,0.8974842331051495,0.017017645279558846,win
auc,Parcel AUC,eLORETA,-10,20,0.9329946579633984,0.8966507657480762,0.03634389221532219,win
auc,Parcel AUC,eLORETA,-5,-10,0.8812916858431963,0.6500575001697506,0.23123418567344567,win
auc,Parcel AUC,eLORETA,-5,-5,0.8887757637133535,0.7883675249393151,0.10040823877403848,win
auc,Parcel AUC,eLORETA,-5,0,0.8897804173013932,0.8336731570282553,0.05610726027313795,win
auc,Parcel AUC,eLORETA,-5,5,0.8988068133068552,0.8689075330909917,0.029899280215863522,win
auc,Parcel AUC,eLORETA,-5,10,0.9060407173455859,0.8939758038207399,0.012064913524845955,win
auc,Parcel AUC,eLORETA,-5,15,0.9044431922336464,0.9009671614951403,0.0034760307385061084,win
auc,Parcel AUC,eLORETA,-5,20,0.9280526032243025,0.8985178864730184,0.02953471675128405,win
auc,Parcel AUC,eLORETA,0,-10,0.9006118875817211,0.7107833996428629,0.1898284879388582,win
auc,Parcel AUC,eLORETA,0,-5,0.920011898201351,0.8090377043046934,0.11097419389665764,win
auc,Parcel AUC,eLORETA,0,0,0.9166034845675263,0.8409036153796042,0.07569986918792204,win
auc,Parcel AUC,eLORETA,0,5,0.9179023796678725,0.872297861960444,0.04560451770742846,win
auc,Parcel AUC,eLORETA,0,10,0.9251615545713754,0.8999023929298147,0.025259161641560723,win
auc,Parcel AUC,eLORETA,0,15,0.9318930380391003,0.9040261934818231,0.02786684455727717,win
auc,Parcel AUC,eLORETA,0,20,0.9302488002762944,0.9018186529292381,0.02843014734705629,win
auc,Parcel AUC,eLORETA,5,-10,0.9134370687905013,0.7842701167917037,0.12916695199879769,win
auc,Parcel AUC,eLORETA,5,-5,0.9219072767030485,0.8310641094223716,0.09084316728067687,win
auc,Parcel AUC,eLORETA,5,0,0.928046147561131,0.8531442658592406,0.07490188170189038,win
auc,Parcel AUC,eLORETA,5,5,0.9318602408518794,0.8794649433632657,0.0523952974886136,win
auc,Parcel AUC,eLORETA,5,10,0.9332146557197425,0.9028185647991586,0.03039609092058393,win
auc,Parcel AUC,eLORETA,5,15,0.9437056081726852,0.9101755194183498,0.033530088754335385,win
auc,Parcel AUC,eLORETA,5,20,0.9331787495208861,0.9083621937610067,0.0248165557598794,win
auc,Parcel AUC,eLORETA,10,-10,0.918531819412689,0.841268443654985,0.07726337575770403,win
auc,Parcel AUC,eLORETA,10,-5,0.9305407282781184,0.8556445887664739,0.07489613951164453,win
auc,Parcel AUC,eLORETA,10,0,0.9335432557552726,0.8729095540184343,0.06063370173683835,win
auc,Parcel AUC,eLORETA,10,5,0.9507086721678712,0.8918957153369107,0.05881295683096055,win
auc,Parcel AUC,eLORETA,10,10,0.9519347327601279,0.9072703321860838,0.04466440057404408,win
auc,Parcel AUC,eLORETA,10,15,0.9462873134407492,0.9126297813280603,0.03365753211268896,win
auc,Parcel AUC,eLORETA,10,20,0.9489561265442468,0.9130794853391127,0.03587664120513412,win
auc,Parcel AUC,eLORETA,15,-10,0.9275399410755067,0.8750178576873671,0.052522083388139684,win
auc,Parcel AUC,eLORETA,15,-5,0.9348421850710088,0.8830910604110739,0.05175112465993492,win
auc,Parcel AUC,eLORETA,15,0,0.9420024958008978,0.8915675290031808,0.050434966797716974,win
auc,Parcel AUC,eLORETA,15,5,0.9483188078945407,0.9036576694456759,0.04466113844886477,win
auc,Parcel AUC,eLORETA,15,10,0.954345023041103,0.9109220291085631,0.0434229939325399,win
auc,Parcel AUC,eLORETA,15,15,0.9509476064363827,0.9149053654288015,0.03604224100758113,win
auc,Parcel AUC,eLORETA,15,20,0.9515641443460112,0.9173326394620259,0.0342315048839853,win
auc,Parcel AUC,eLORETA,20,-10,0.9413179518216368,0.8910457588570427,0.050272192964594065,win
auc,Parcel AUC,eLORETA,20,-5,0.9433317960154135,0.8969948995760327,0.04633689643938077,win
auc,Parcel AUC,eLORETA,20,0,0.9436114425139067,0.9016098326705639,0.04200160984334278,win
auc,Parcel AUC,eLORETA,20,5,0.9560107575145433,0.9081577385197594,0.04785301899478389,win
auc,Parcel AUC,eLORETA,20,10,0.9593197710792158,0.9122697325191857,0.047050038560030094,win
auc,Parcel AUC,eLORETA,20,15,0.9667800974137017,0.9153217156538844,0.05145838175981732,win
auc,Parcel AUC,eLORETA,20,20,0.9578493378656158,0.9170932793667443,0.04075605849887143,win
auc,Parcel AUC,sLORETA,-10,-10,0.8570238128183226,0.7312013143924196,0.12582249842590298,win
auc,Parcel AUC,sLORETA,-10,-5,0.8661852101158677,0.7807845197789027,0.08540069033696496,win
auc,Parcel AUC,sLORETA,-10,0,0.8703690213093854,0.8236039222763754,0.04676509903301007,win
auc,Parcel AUC,sLORETA,-10,5,0.878938728527577,0.8553102658030809,0.023628462724496146,win
auc,Parcel AUC,sLORETA,-10,10,0.8906792531780316,0.8762699429200782,0.014409310257953445,win
auc,Parcel AUC,sLORETA,-10,15,0.9145018783847083,0.8873408041546996,0.027161074230008686,win
auc,Parcel AUC,sLORETA,-10,20,0.9329946579633984,0.8850348483679298,0.04795980959546864,win
auc,Parcel AUC,sLORETA,-5,-10,0.8812916858431963,0.7758588270715743,0.105432858771622,win
auc,Parcel AUC,sLORETA,-5,-5,0.8887757637133535,0.828509210160052,0.06026655355330157,win
auc,Parcel AUC,sLORETA,-5,0,0.8897804173013932,0.8500306368326326,0.039749780468760654,win
auc,Parcel AUC,sLORETA,-5,5,0.8988068133068552,0.8693636739596501,0.029443139347205105,win
auc,Parcel AUC,sLORETA,-5,10,0.9060407173455859,0.8852668745868217,0.02077384275876415,win
auc,Parcel AUC,sLORETA,-5,15,0.9044431922336464,0.8919477340223017,0.01249545821134479,win
auc,Parcel AUC,sLORETA,-5,20,0.9280526032243025,0.8895196710887151,0.038532932135587394,win
auc,Parcel AUC,sLORETA,0,-10,0.9006118875817211,0.8155998266692046,0.08501206091251645,win
auc,Parcel AUC,sLORETA,0,-5,0.920011898201351,0.8554790023589283,0.06453289584242272,win
auc,Parcel AUC,sLORETA,0,0,0.9166034845675263,0.8718452672781946,0.044758217289331714,win
auc,Parcel AUC,sLORETA,0,5,0.9179023796678725,0.8843859934688554,0.03351638619901709,win
auc,Parcel AUC,sLORETA,0,10,0.9251615545713754,0.8951153542497675,0.030046200321607874,win
auc,Parcel AUC,sLORETA,0,15,0.9318930380391003,0.8970633285956262,0.03482970944347408,win
auc,Parcel AUC,sLORETA,0,20,0.9302488002762944,0.8961110147455033,0.034137785530791165,win
auc,Parcel AUC,sLORETA,5,-10,0.9134370687905013,0.8426024621447706,0.07083460664573071,win
auc,Parcel AUC,sLORETA,5,-5,0.9219072767030485,0.8686888632607422,0.05321841344230627,win
auc,Parcel AUC,sLORETA,5,0,0.928046147561131,0.8853497834854172,0.042696364075713866,win
auc,Parcel AUC,sLORETA,5,5,0.9318602408518794,0.895478328324326,0.036381912527553406,win
auc,Parcel AUC,sLORETA,5,10,0.9332146557197425,0.9010157911253683,0.032198864594374155,win
auc,Parcel AUC,sLORETA,5,15,0.9437056081726852,0.9033761384073772,0.040329469765308046,win
auc,Parcel AUC,sLORETA,5,20,0.9331787495208861,0.9012056293311892,0.03197312018969689,win
auc,Parcel AUC,sLORETA,10,-10,0.918531819412689,0.8639676973519452,0.05456412206074379,win
auc,Parcel AUC,sLORETA,10,-5,0.9305407282781184,0.8790680376816495,0.05147269059646886,win
auc,Parcel AUC,sLORETA,10,0,0.9335432557552726,0.8924207898764143,0.04112246587885837,win
auc,Parcel AUC,sLORETA,10,5,0.9507086721678712,0.9035990605991912,0.0471096115686801,win
auc,Parcel AUC,sLORETA,10,10,0.9519347327601279,0.9062364711533963,0.045698261606731516,win
auc,Parcel AUC,sLORETA,10,15,0.9462873134407492,0.9062634037510563,0.04002390968969294,win
auc,Parcel AUC,sLORETA,10,20,0.9489561265442468,0.9064605021738584,0.04249562437038834,win
auc,Parcel AUC,sLORETA,15,-10,0.9275399410755067,0.8810417538962843,0.046498187179222494,win
auc,Parcel AUC,sLORETA,15,-5,0.9348421850710088,0.8885975750819598,0.046244609989049,win
auc,Parcel AUC,sLORETA,15,0,0.9420024958008978,0.8981987291868901,0.043803766614007644,win
auc,Parcel AUC,sLORETA,15,5,0.9483188078945407,0.9068845753034811,0.041434232591059605,win
auc,Parcel AUC,sLORETA,15,10,0.954345023041103,0.9091698966289457,0.045175126412157374,win
auc,Parcel AUC,sLORETA,15,15,0.9509476064363827,0.9097700474245733,0.041177559011809306,win
auc,Parcel AUC,sLORETA,15,20,0.9515641443460112,0.9099807421293193,0.04158340221669188,win
auc,Parcel AUC,sLORETA,20,-10,0.9413179518216368,0.8879312705927266,0.053386681228910216,win
auc,Parcel AUC,sLORETA,20,-5,0.9433317960154135,0.895778442139215,0.04755335387619852,win
auc,Parcel AUC,sLORETA,20,0,0.9436114425139067,0.9007055514387518,0.04290589107515497,win
auc,Parcel AUC,sLORETA,20,5,0.9560107575145433,0.906806012836886,0.04920474467765734,win
auc,Parcel AUC,sLORETA,20,10,0.9593197710792158,0.9101110869100046,0.0492086841692112,win
auc,Parcel AUC,sLORETA,20,15,0.9667800974137017,0.9094022484314888,0.05737784898221299,win
auc,Parcel AUC,sLORETA,20,20,0.9578493378656158,0.910171818187455,0.04767751967816081,win
auc,Parcel AUC,MNE,-10,-10,0.8570238128183226,0.5521898320050198,0.3048339808133028,win
auc,Parcel AUC,MNE,-10,-5,0.8661852101158677,0.6179613277731272,0.2482238823427405,win
auc,Parcel AUC,MNE,-10,0,0.8703690213093854,0.6974440977488935,0.17292492356049194,win
auc,Parcel AUC,MNE,-10,5,0.878938728527577,0.7894468548636093,0.08949187366396771,win
auc,Parcel AUC,MNE,-10,10,0.8906792531780316,0.8410946851134654,0.04958456806456624,win
auc,Parcel AUC,MNE,-10,15,0.9145018783847083,0.8606064579913488,0.05389542039335948,win
auc,Parcel AUC,MNE,-10,20,0.9329946579633984,0.8665030046951143,0.0664916532682841,win
auc,Parcel AUC,MNE,-5,-10,0.8812916858431963,0.5923744075472903,0.28891727829590597,win
auc,Parcel AUC,MNE,-5,-5,0.8887757637133535,0.6626342194520427,0.22614154426131083,win
auc,Parcel AUC,MNE,-5,0,0.8897804173013932,0.743794822619661,0.14598559468173222,win
auc,Parcel AUC,MNE,-5,5,0.8988068133068552,0.8035545750953033,0.09525223821155193,win
auc,Parcel AUC,MNE,-5,10,0.9060407173455859,0.8461010047153102,0.05993971263027564,win
auc,Parcel AUC,MNE,-5,15,0.9044431922336464,0.8654085892886436,0.03903460294500283,win
auc,Parcel AUC,MNE,-5,20,0.9280526032243025,0.8715403135430261,0.05651228968127642,win
auc,Parcel AUC,MNE,0,-10,0.9006118875817211,0.6510625636143494,0.24954932396737162,win
auc,Parcel AUC,MNE,0,-5,0.920011898201351,0.7212452855667317,0.19876661263461926,win
auc,Parcel AUC,MNE,0,0,0.9166034845675263,0.7841143353571657,0.1324891492103606,win
auc,Parcel AUC,MNE,0,5,0.9179023796678725,0.8301674790488625,0.08773490061901001,win
auc,Parcel AUC,MNE,0,10,0.9251615545713754,0.8574303267129049,0.06773122785847052,win
auc,Parcel AUC,MNE,0,15,0.9318930380391003,0.8709416016100573,0.06095143642904299,win
auc,Parcel AUC,MNE,0,20,0.9302488002762944,0.8774238006257578,0.052824999650536664,win
auc,Parcel AUC,MNE,5,-10,0.9134370687905013,0.688982324400884,0.22445474438961732,win
auc,Parcel AUC,MNE,5,-5,0.9219072767030485,0.7755426497617524,0.14636462694129615,win
auc,Parcel AUC,MNE,5,0,0.928046147561131,0.8167740992060025,0.1112720483551285,win
auc,Parcel AUC,MNE,5,5,0.9318602408518794,0.8531719946793139,0.07868824617256542,win
auc,Parcel AUC,MNE,5,10,0.9332146557197425,0.8725226699534416,0.06069198576630086,win
auc,Parcel AUC,MNE,5,15,0.9437056081726852,0.8818113796808532,0.061894228491832015,win
auc,Parcel AUC,MNE,5,20,0.9331787495208861,0.8840565058416147,0.04912224367927143,win
auc,Parcel AUC,MNE,10,-10,0.918531819412689,0.7238079229518697,0.19472389646081933,win
auc,Parcel AUC,MNE,10,-5,0.9305407282781184,0.7949008853522209,0.13563984292589748,win
auc,Parcel AUC,MNE,10,0,0.9335432557552726,0.8366497975263905,0.09689345822888218,win
auc,Parcel AUC,MNE,10,5,0.9507086721678712,0.8707536590478133,0.07995501312005793,win
auc,Parcel AUC,MNE,10,10,0.9519347327601279,0.8893565739676033,0.0625781587925246,win
auc,Parcel AUC,MNE,10,15,0.9462873134407492,0.8943077583641812,0.05197955507656804,win
auc,Parcel AUC,MNE,10,20,0.9489561265442468,0.896411268337445,0.05254485820680177,win
auc,Parcel AUC,MNE,15,-10,0.9275399410755067,0.7755480113663606,0.1519919297091461,win
auc,Parcel AUC,MNE,15,-5,0.9348421850710088,0.8156712259256138,0.119170959145395,win
auc,Parcel AUC,MNE,15,0,0.9420024958008978,0.8482472150883205,0.09375528071257733,win
auc,Parcel AUC,MNE,15,5,0.9483188078945407,0.8731876320076433,0.07513117588689744,win
auc,Parcel AUC,MNE,15,10,0.954345023041103,0.8955702425656346,0.05877478047546847,win
auc,Parcel AUC,MNE,15,15,0.9509476064363827,0.9038365667429898,0.04711103969339281,win
auc,Parcel AUC,MNE,15,20,0.9515641443460112,0.9053448890205303,0.04621925532548088,win
auc,Parcel AUC,MNE,20,-10,0.9413179518216368,0.8319019014092136,0.1094160504124232,win
auc,Parcel AUC,MNE,20,-5,0.9433317960154135,0.8464637520993394,0.09686804391607406,win
auc,Parcel AUC,MNE,20,0,0.9436114425139067,0.8632484745765842,0.08036296793732256,win
auc,Parcel AUC,MNE,20,5,0.9560107575145433,0.8794225017188484,0.07658825579569495,win
auc,Parcel AUC,MNE,20,10,0.9593197710792158,0.8945742265095207,0.06474554456969517,win
auc,Parcel AUC,MNE,20,15,0.9667800974137017,0.905150874252084,0.061629223161617785,win
auc,Parcel AUC,MNE,20,20,0.9578493378656158,0.9084518967639366,0.04939744110167921,win
auc,Parcel AUC,LCMV,-10,-10,0.8570238128183226,0.7874272640675865,0.06959654875073618,win
auc,Parcel AUC,LCMV,-10,-5,0.8661852101158677,0.7949724707767112,0.0712127393391565,win
auc,Parcel AUC,LCMV,-10,0,0.8703690213093854,0.7996320329454145,0.07073698836397091,win
auc,Parcel AUC,LCMV,-10,5,0.878938728527577,0.8035141771791662,0.07542455134841086,win
auc,Parcel AUC,LCMV,-10,10,0.8906792531780316,0.8108447693069949,0.07983448387103675,win
auc,Parcel AUC,LCMV,-10,15,0.9145018783847083,0.8181305973172034,0.09637128106750492,win
auc,Parcel AUC,LCMV,-10,20,0.9329946579633984,0.8216264970181436,0.11136816094525481,win
auc,Parcel AUC,LCMV,-5,-10,0.8812916858431963,0.8039627832360364,0.07732890260715986,win
auc,Parcel AUC,LCMV,-5,-5,0.8887757637133535,0.8067346480689667,0.08204111564438687,win
auc,Parcel AUC,LCMV,-5,0,0.8897804173013932,0.8089810576563505,0.0807993596450427,win
auc,Parcel AUC,LCMV,-5,5,0.8988068133068552,0.8099865352825741,0.08882027802428105,win
auc,Parcel AUC,LCMV,-5,10,0.9060407173455859,0.8142768888554163,0.09176382849016962,win
auc,Parcel AUC,LCMV,-5,15,0.9044431922336464,0.8186047598786425,0.08583843235500399,win
auc,Parcel AUC,LCMV,-5,20,0.9280526032243025,0.8217847421930353,0.10626786103126717,win
auc,Parcel AUC,LCMV,0,-10,0.9006118875817211,0.8144794407698231,0.08613244681189791,win
auc,Parcel AUC,LCMV,0,-5,0.920011898201351,0.8169089855702687,0.10310291263108229,win
auc,Parcel AUC,LCMV,0,0,0.9166034845675263,0.817808021591815,0.09879546297571129,win
auc,Parcel AUC,LCMV,0,5,0.9179023796678725,0.8184824038100778,0.09941997585779472,win
auc,Parcel AUC,LCMV,0,10,0.9251615545713754,0.8208155643045455,0.10434599026682989,win
auc,Parcel AUC,LCMV,0,15,0.9318930380391003,0.8212713083413147,0.11062172969778561,win
auc,Parcel AUC,LCMV,0,20,0.9302488002762944,0.8233712933982964,0.10687750687799802,win
auc,Parcel AUC,LCMV,5,-10,0.9134370687905013,0.8202555718565754,0.09318149693392597,win
auc,Parcel AUC,LCMV,5,-5,0.9219072767030485,0.8233946831827316,0.09851259352031694,win
auc,Parcel AUC,LCMV,5,0,0.928046147561131,0.8243704634924583,0.10367568406867267,win
auc,Parcel AUC,LCMV,5,5,0.9318602408518794,0.8256400703580545,0.10622017049382482,win
auc,Parcel AUC,LCMV,5,10,0.9332146557197425,0.8257613242370262,0.1074533314827163,win
auc,Parcel AUC,LCMV,5,15,0.9437056081726852,0.8258906288023364,0.1178149793703488,win
auc,Parcel AUC,LCMV,5,20,0.9331787495208861,0.8255399466493298,0.10763880287155625,win
auc,Parcel AUC,LCMV,10,-10,0.918531819412689,0.8259886064310148,0.09254321298167423,win
auc,Parcel AUC,LCMV,10,-5,0.9305407282781184,0.8280548737967586,0.10248585448135983,win
auc,Parcel AUC,LCMV,10,0,0.9335432557552726,0.8299343132625675,0.10360894249270514,win
auc,Parcel AUC,LCMV,10,5,0.9507086721678712,0.8297076867667643,0.12100098540110693,win
auc,Parcel AUC,LCMV,10,10,0.9519347327601279,0.8288128266841314,0.12312190607599649,win
auc,Parcel AUC,LCMV,10,15,0.9462873134407492,0.8279982118667861,0.1182891015739631,win
auc,Parcel AUC,LCMV,10,20,0.9489561265442468,0.8277695103471484,0.12118661619709836,win
auc,Parcel AUC,LCMV,15,-10,0.9275399410755067,0.829582418184172,0.09795752289133475,win
auc,Parcel AUC,LCMV,15,-5,0.9348421850710088,0.8299047860752939,0.10493739899571486,win
auc,Parcel AUC,LCMV,15,0,0.9420024958008978,0.8303849848318969,0.11161751096900085,win
auc,Parcel AUC,LCMV,15,5,0.9483188078945407,0.8307503729977456,0.11756843489679514,win
auc,Parcel AUC,LCMV,15,10,0.954345023041103,0.8309663970127802,0.12337862602832284,win
auc,Parcel AUC,LCMV,15,15,0.9509476064363827,0.830327645400072,0.12061996103631067,win
auc,Parcel AUC,LCMV,15,20,0.9515641443460112,0.8295040141900574,0.12206013015595385,win
auc,Parcel AUC,LCMV,20,-10,0.9413179518216368,0.8302057263249351,0.11111222549670174,win
auc,Parcel AUC,LCMV,20,-5,0.9433317960154135,0.830249078732669,0.11308271728274455,win
auc,Parcel AUC,LCMV,20,0,0.9436114425139067,0.8311393587167095,0.1124720837971972,win
auc,Parcel AUC,LCMV,20,5,0.9560107575145433,0.8324504096837809,0.12356034783076242,win
auc,Parcel AUC,LCMV,20,10,0.9593197710792158,0.8324372550862703,0.12688251599294553,win
auc,Parcel AUC,LCMV,20,15,0.9667800974137017,0.8328316948456422,0.1339484025680595,win
auc,Parcel AUC,LCMV,20,20,0.9578493378656158,0.8309799994951412,0.12686933837047454,win
auc,Parcel AUC,RAP-MUSIC,-10,-10,0.8570238128183226,0.6209089792115324,0.2361148336067902,win
auc,Parcel AUC,RAP-MUSIC,-10,-5,0.8661852101158677,0.6372648007329558,0.22892040938291192,win
auc,Parcel AUC,RAP-MUSIC,-10,0,0.8703690213093854,0.6494871917917997,0.22088182951758573,win
auc,Parcel AUC,RAP-MUSIC,-10,5,0.878938728527577,0.6532648241126848,0.2256739044148922,win
auc,Parcel AUC,RAP-MUSIC,-10,10,0.8906792531780316,0.6692706968489666,0.2214085563290651,win
auc,Parcel AUC,RAP-MUSIC,-10,15,0.9145018783847083,0.6794150010038161,0.23508687738089218,win
auc,Parcel AUC,RAP-MUSIC,-10,20,0.9329946579633984,0.6702030919723186,0.2627915659910798,win
auc,Parcel AUC,RAP-MUSIC,-5,-10,0.8812916858431963,0.6372884804675127,0.24400320537568354,win
auc,Parcel AUC,RAP-MUSIC,-5,-5,0.8887757637133535,0.6410948799755748,0.24768088373777875,win
auc,Parcel AUC,RAP-MUSIC,-5,0,0.8897804173013932,0.6451587946347227,0.24462162266667054,win
auc,Parcel AUC,RAP-MUSIC,-5,5,0.8988068133068552,0.6579707024559407,0.2408361108509145,win
auc,Parcel AUC,RAP-MUSIC,-5,10,0.9060407173455859,0.6705826206590874,0.23545809668649853,win
auc,Parcel AUC,RAP-MUSIC,-5,15,0.9044431922336464,0.6724458869273637,0.2319973053062827,win
auc,Parcel AUC,RAP-MUSIC,-5,20,0.9280526032243025,0.6725279217831642,0.25552468144113827,win
auc,Parcel AUC,RAP-MUSIC,0,-10,0.9006118875817211,0.641972531080073,0.25863935650164804,win
auc,Parcel AUC,RAP-MUSIC,0,-5,0.920011898201351,0.6449220242342624,0.2750898739670886,win
auc,Parcel AUC,RAP-MUSIC,0,0,0.9166034845675263,0.6563695928379746,0.2602338917295517,win
auc,Parcel AUC,RAP-MUSIC,0,5,0.9179023796678725,0.6632536184428034,0.2546487612250691,win
auc,Parcel AUC,RAP-MUSIC,0,10,0.9251615545713754,0.6768773200671849,0.24828423450419046,win
auc,Parcel AUC,RAP-MUSIC,0,15,0.9318930380391003,0.6749711814781681,0.25692185656093214,win
auc,Parcel AUC,RAP-MUSIC,0,20,0.9302488002762944,0.6728266478444211,0.2574221524318733,win
auc,Parcel AUC,RAP-MUSIC,5,-10,0.9134370687905013,0.6608981393496678,0.25253892944083356,win
auc,Parcel AUC,RAP-MUSIC,5,-5,0.9219072767030485,0.6662756580516492,0.2556316186513993,win
auc,Parcel AUC,RAP-MUSIC,5,0,0.928046147561131,0.6701144769656562,0.25793167059547484,win
auc,Parcel AUC,RAP-MUSIC,5,5,0.9318602408518794,0.6793980383730758,0.2524622024788036,win
auc,Parcel AUC,RAP-MUSIC,5,10,0.9332146557197425,0.6795976218557559,0.2536170338639866,win
auc,Parcel AUC,RAP-MUSIC,5,15,0.9437056081726852,0.6836924627359506,0.2600131454367346,win
auc,Parcel AUC,RAP-MUSIC,5,20,0.9331787495208861,0.6760618008594395,0.25711694866144663,win
auc,Parcel AUC,RAP-MUSIC,10,-10,0.918531819412689,0.6856393081005481,0.23289251131214095,win
auc,Parcel AUC,RAP-MUSIC,10,-5,0.9305407282781184,0.6887712450625829,0.24176948321553549,win
auc,Parcel AUC,RAP-MUSIC,10,0,0.9335432557552726,0.6911320066458063,0.24241124910946632,win
auc,Parcel AUC,RAP-MUSIC,10,5,0.9507086721678712,0.7027908452466701,0.24791782692120112,win
auc,Parcel AUC,RAP-MUSIC,10,10,0.9519347327601279,0.6935064537549206,0.25842827900520726,win
auc,Parcel AUC,RAP-MUSIC,10,15,0.9462873134407492,0.6870353620714041,0.2592519513693451,win
auc,Parcel AUC,RAP-MUSIC,10,20,0.9489561265442468,0.6792125232541059,0.2697436032901409,win
auc,Parcel AUC,RAP-MUSIC,15,-10,0.9275399410755067,0.7037797584546123,0.22376018262089448,win
auc,Parcel AUC,RAP-MUSIC,15,-5,0.9348421850710088,0.7103175207669308,0.22452466430407803,win
auc,Parcel AUC,RAP-MUSIC,15,0,0.9420024958008978,0.708038997874205,0.2339634979266928,win
auc,Parcel AUC,RAP-MUSIC,15,5,0.9483188078945407,0.7100493347593723,0.23826947313516844,win
auc,Parcel AUC,RAP-MUSIC,15,10,0.954345023041103,0.7095718584513219,0.24477316458978116,win
auc,Parcel AUC,RAP-MUSIC,15,15,0.9509476064363827,0.6909882043529323,0.25995940208345036,win
auc,Parcel AUC,RAP-MUSIC,15,20,0.9515641443460112,0.6835614478786551,0.2680026964673561,win
auc,Parcel AUC,RAP-MUSIC,20,-10,0.9413179518216368,0.7114557755712806,0.2298621762503562,win
auc,Parcel AUC,RAP-MUSIC,20,-5,0.9433317960154135,0.7090646450531829,0.2342671509622306,win
auc,Parcel AUC,RAP-MUSIC,20,0,0.9436114425139067,0.7134932503710814,0.23011819214282536,win
auc,Parcel AUC,RAP-MUSIC,20,5,0.9560107575145433,0.7127804914267266,0.24323026608781673,win
auc,Parcel AUC,RAP-MUSIC,20,10,0.9593197710792158,0.7132714919715691,0.2460482791076467,win
auc,Parcel AUC,RAP-MUSIC,20,15,0.9667800974137017,0.7096359564856473,0.2571441409280545,win
auc,Parcel AUC,RAP-MUSIC,20,20,0.9578493378656158,0.6949168038441743,0.26293253402144146,win
auc,Parcel AUC,Dipole fitting (grid),-10,-10,0.8570238128183226,0.6049065514999157,0.25211726131840695,win
auc,Parcel AUC,Dipole fitting (grid),-10,-5,0.8661852101158677,0.6359055061837743,0.2302797039320934,win
auc,Parcel AUC,Dipole fitting (grid),-10,0,0.8703690213093854,0.6407427903844711,0.2296262309249143,win
auc,Parcel AUC,Dipole fitting (grid),-10,5,0.878938728527577,0.6444599026346429,0.23447882589293412,win
auc,Parcel AUC,Dipole fitting (grid),-10,10,0.8906792531780316,0.6471703261539022,0.2435089270241294,win
auc,Parcel AUC,Dipole fitting (grid),-10,15,0.9145018783847083,0.6499364677262369,0.2645654106584714,win
auc,Parcel AUC,Dipole fitting (grid),-10,20,0.9329946579633984,0.64559219778321,0.28740246018018845,win
auc,Parcel AUC,Dipole fitting (grid),-5,-10,0.8812916858431963,0.6361278248286093,0.24516386101458698,win
auc,Parcel AUC,Dipole fitting (grid),-5,-5,0.8887757637133535,0.6389903474514754,0.2497854162618781,win
auc,Parcel AUC,Dipole fitting (grid),-5,0,0.8897804173013932,0.638724814576004,0.2510556027253892,win
auc,Parcel AUC,Dipole fitting (grid),-5,5,0.8988068133068552,0.6496730774428194,0.24913373586403575,win
auc,Parcel AUC,Dipole fitting (grid),-5,10,0.9060407173455859,0.6546789532083233,0.25136176413726263,win
auc,Parcel AUC,Dipole fitting (grid),-5,15,0.9044431922336464,0.6490420507679135,0.2554011414657329,win
auc,Parcel AUC,Dipole fitting (grid),-5,20,0.9280526032243025,0.6494589487400774,0.27859365448422513,win
auc,Parcel AUC,Dipole fitting (grid),0,-10,0.9006118875817211,0.6406307844781746,0.2599811031035465,win
auc,Parcel AUC,Dipole fitting (grid),0,-5,0.920011898201351,0.6406349142328875,0.27937698396846344,win
auc,Parcel AUC,Dipole fitting (grid),0,0,0.9166034845675263,0.6473066321060061,0.26929685246152013,win
auc,Parcel AUC,Dipole fitting (grid),0,5,0.9179023796678725,0.6528656414008118,0.26503673826706065,win
auc,Parcel AUC,Dipole fitting (grid),0,10,0.9251615545713754,0.6533734613754117,0.27178809319596364,win
auc,Parcel AUC,Dipole fitting (grid),0,15,0.9318930380391003,0.6524846932078817,0.27940834483121857,win
auc,Parcel AUC,Dipole fitting (grid),0,20,0.9302488002762944,0.6474090334136999,0.2828397668625945,win
auc,Parcel AUC,Dipole fitting (grid),5,-10,0.9134370687905013,0.6497739726644098,0.2636630961260915,win
auc,Parcel AUC,Dipole fitting (grid),5,-5,0.9219072767030485,0.6589537532922517,0.2629535234107968,win
auc,Parcel AUC,Dipole fitting (grid),5,0,0.928046147561131,0.6548451944741833,0.2732009530869477,win
auc,Parcel AUC,Dipole fitting (grid),5,5,0.9318602408518794,0.6604410104532146,0.2714192303986648,win
auc,Parcel AUC,Dipole fitting (grid),5,10,0.9332146557197425,0.6592208522758083,0.2739938034439342,win
auc,Parcel AUC,Dipole fitting (grid),5,15,0.9437056081726852,0.6599645834893931,0.2837410246832921,win
auc,Parcel AUC,Dipole fitting (grid),5,20,0.9331787495208861,0.6542366039085693,0.2789421456123168,win
auc,Parcel AUC,Dipole fitting (grid),10,-10,0.918531819412689,0.6621457127889996,0.25638610662368944,win
auc,Parcel AUC,Dipole fitting (grid),10,-5,0.9305407282781184,0.6630464951988283,0.2674942330792901,win
auc,Parcel AUC,Dipole fitting (grid),10,0,0.9335432557552726,0.6637691260515792,0.2697741297036934,win
auc,Parcel AUC,Dipole fitting (grid),10,5,0.9507086721678712,0.6675483983389452,0.28316027382892606,win
auc,Parcel AUC,Dipole fitting (grid),10,10,0.9519347327601279,0.6631957358404925,0.28873899691963534,win
auc,Parcel AUC,Dipole fitting (grid),10,15,0.9462873134407492,0.6588617377418238,0.28742557569892546,win
auc,Parcel AUC,Dipole fitting (grid),10,20,0.9489561265442468,0.652701665378131,0.29625446116611576,win
auc,Parcel AUC,Dipole fitting (grid),15,-10,0.9275399410755067,0.663989902013926,0.2635500390615807,win
auc,Parcel AUC,Dipole fitting (grid),15,-5,0.9348421850710088,0.6647168391519735,0.27012534591903525,win
auc,Parcel AUC,Dipole fitting (grid),15,0,0.9420024958008978,0.6648210534272452,0.2771814423736526,win
auc,Parcel AUC,Dipole fitting (grid),15,5,0.9483188078945407,0.665576404340769,0.28274240355377167,win
auc,Parcel AUC,Dipole fitting (grid),15,10,0.954345023041103,0.6672550764753489,0.28708994656575415,win
auc,Parcel AUC,Dipole fitting (grid),15,15,0.9509476064363827,0.6679957651187366,0.28295184131764606,win
auc,Parcel AUC,Dipole fitting (grid),15,20,0.9515641443460112,0.6547026560511097,0.29686148829490155,win
auc,Parcel AUC,Dipole fitting (grid),20,-10,0.9413179518216368,0.65858983562743,0.2827281161942068,win
auc,Parcel AUC,Dipole fitting (grid),20,-5,0.9433317960154135,0.6617878729929874,0.28154392302242615,win
auc,Parcel AUC,Dipole fitting (grid),20,0,0.9436114425139067,0.6646523418797047,0.27895910063420204,win
auc,Parcel AUC,Dipole fitting (grid),20,5,0.9560107575145433,0.6637307734190023,0.292279984095541,win
auc,Parcel AUC,Dipole fitting (grid),20,10,0.9593197710792158,0.6762141781408373,0.28310559293837856,win
auc,Parcel AUC,Dipole fitting (grid),20,15,0.9667800974137017,0.6662392786545337,0.30054081875916805,win
auc,Parcel AUC,Dipole fitting (grid),20,20,0.9578493378656158,0.665557985943531,0.2922913519220848,win
rmse,Squared relative error (historical RMSE field),dSPM,-10,-10,0.800315860269666,1.9551569400971027,1.154841079827437,win
rmse,Squared relative error (historical RMSE field),dSPM,-10,-5,0.7712560505025302,1.9396137838446466,1.1683577333421162,win
rmse,Squared relative error (historical RMSE field),dSPM,-10,0,0.7851552014310887,1.9167221834201789,1.1315669819890901,win
rmse,Squared relative error (historical RMSE field),dSPM,-10,5,0.7919584337362544,1.882766341253077,1.0908079075168227,win
rmse,Squared relative error (historical RMSE field),dSPM,-10,10,0.7889300423111069,1.842259761871001,1.053329719559894,win
rmse,Squared relative error (historical RMSE field),dSPM,-10,15,0.757225286036959,1.8139460238448781,1.056720737807919,win
rmse,Squared relative error (historical RMSE field),dSPM,-10,20,0.7783737521966675,1.8050517802730983,1.026678028076431,win
rmse,Squared relative error (historical RMSE field),dSPM,-5,-10,0.703293229447268,1.9395266952833665,1.2362334658360985,win
rmse,Squared relative error (historical RMSE field),dSPM,-5,-5,0.7132583945603027,1.9230244508837426,1.2097660563234398,win
rmse,Squared relative error (historical RMSE field),dSPM,-5,0,0.7318817619582223,1.9004103123011387,1.1685285503429164,win
rmse,Squared relative error (historical RMSE field),dSPM,-5,5,0.7357306707076077,1.8696906332978096,1.133959962590202,win
rmse,Squared relative error (historical RMSE field),dSPM,-5,10,0.723787729761083,1.834985206348187,1.1111974765871042,win
rmse,Squared relative error (historical RMSE field),dSPM,-5,15,0.7803675882876978,1.808460402052205,1.0280928137645073,win
rmse,Squared relative error (historical RMSE field),dSPM,-5,20,0.7398943008258881,1.7979651419202405,1.0580708410943522,win
rmse,Squared relative error (historical RMSE field),dSPM,0,-10,0.6869229038559821,1.9168428896084522,1.22991998575247,win
rmse,Squared relative error (historical RMSE field),dSPM,0,-5,0.6290186788471653,1.899611021692851,1.2705923428456858,win
rmse,Squared relative error (historical RMSE field),dSPM,0,0,0.6418884855287555,1.877055090750531,1.2351666052217753,win
rmse,Squared relative error (historical RMSE field),dSPM,0,5,0.6615353228668368,1.8490346520887753,1.1874993292219385,win
rmse,Squared relative error (historical RMSE field),dSPM,0,10,0.685729595828884,1.8198651805275698,1.1341355846986858,win
rmse,Squared relative error (historical RMSE field),dSPM,0,15,0.6929986718153741,1.7984101284228553,1.1054114566074813,win
rmse,Squared relative error (historical RMSE field),dSPM,0,20,0.7291394114933392,1.7898995312638466,1.0607601197705074,win
rmse,Squared relative error (historical RMSE field),dSPM,5,-10,0.6853984303974024,1.8872260078151295,1.2018275774177272,win
rmse,Squared relative error (historical RMSE field),dSPM,5,-5,0.6349099609530071,1.8694916204668253,1.2345816595138182,win
rmse,Squared relative error (historical RMSE field),dSPM,5,0,0.6217243417923423,1.8488939035235632,1.227169561731221,win
rmse,Squared relative error (historical RMSE field),dSPM,5,5,0.6171379029084827,1.824883114369651,1.2077452114611682,win
rmse,Squared relative error (historical RMSE field),dSPM,5,10,0.6524919333143127,1.8012311481909054,1.1487392148765927,win
rmse,Squared relative error (historical RMSE field),dSPM,5,15,0.6675904750236361,1.7854766963040918,1.1178862212804557,win
rmse,Squared relative error (historical RMSE field),dSPM,5,20,0.7118635877778124,1.7796090780662985,1.0677454902884862,win
rmse,Squared relative error (historical RMSE field),dSPM,10,-10,0.6686438260381565,1.8530359234678593,1.1843920974297029,win
rmse,Squared relative error (historical RMSE field),dSPM,10,-5,0.625534356374619,1.8380026132118727,1.2124682568372538,win
rmse,Squared relative error (historical RMSE field),dSPM,10,0,0.6226173229370938,1.8191660917342953,1.1965487687972014,win
rmse,Squared relative error (historical RMSE field),dSPM,10,5,0.5923454747885838,1.7999807719148602,1.2076352971262763,win
rmse,Squared relative error (historical RMSE field),dSPM,10,10,0.6039769023947166,1.7829323890083835,1.178955486613667,win
rmse,Squared relative error (historical RMSE field),dSPM,10,15,0.6349879384137691,1.7710361951311102,1.136048256717341,win
rmse,Squared relative error (historical RMSE field),dSPM,10,20,0.6576726369861842,1.768003015487143,1.1103303785009588,win
rmse,Squared relative error (historical RMSE field),dSPM,15,-10,0.697351973167986,1.8229778196083744,1.1256258464403883,win
rmse,Squared relative error (historical RMSE field),dSPM,15,-5,0.6779916585121482,1.810682459859931,1.1326908013477828,win
rmse,Squared relative error (historical RMSE field),dSPM,15,0,0.6333890657344358,1.7945440538506827,1.1611549881162468,win
rmse,Squared relative error (historical RMSE field),dSPM,15,5,0.6293727404083085,1.7796441418079687,1.1502714013996602,win
rmse,Squared relative error (historical RMSE field),dSPM,15,10,0.594594623672385,1.767309043773879,1.172714420101494,win
rmse,Squared relative error (historical RMSE field),dSPM,15,15,0.5978393124780448,1.7586306149545823,1.1607913024765375,win
rmse,Squared relative error (historical RMSE field),dSPM,15,20,0.6219974903205909,1.757505009288758,1.1355075189681672,win
rmse,Squared relative error (historical RMSE field),dSPM,20,-10,0.6982005314815768,1.8043270362118031,1.1061265047302262,win
rmse,Squared relative error (historical RMSE field),dSPM,20,-5,0.6695561626522084,1.7941581673570766,1.1246020047048682,win
rmse,Squared relative error (historical RMSE field),dSPM,20,0,0.6679378988492979,1.7813343945257003,1.1133964956764024,win
rmse,Squared relative error (historical RMSE field),dSPM,20,5,0.6129545051130852,1.7679805447198296,1.1550260396067444,win
rmse,Squared relative error (historical RMSE field),dSPM,20,10,0.6086436234034852,1.7575161350573234,1.1488725116538383,win
rmse,Squared relative error (historical RMSE field),dSPM,20,15,0.5851992524163374,1.7524134244239686,1.1672141720076312,win
rmse,Squared relative error (historical RMSE field),dSPM,20,20,0.5912052088669877,1.7495576689837926,1.158352460116805,win
rmse,Squared relative error (historical RMSE field),eLORETA,-10,-10,0.800315860269666,1.9557091302276355,1.1553932699579694,win
rmse,Squared relative error (historical RMSE field),eLORETA,-10,-5,0.7712560505025302,1.9394742644454457,1.1682182139429154,win
rmse,Squared relative error (historical RMSE field),eLORETA,-10,0,0.7851552014310887,1.9160875456920303,1.1309323442609416,win
rmse,Squared relative error (historical RMSE field),eLORETA,-10,5,0.7919584337362544,1.8827138568715134,1.090755423135259,win
rmse,Squared relative error (historical RMSE field),eLORETA,-10,10,0.7889300423111069,1.8439820239707256,1.0550519816596187,win
rmse,Squared relative error (historical RMSE field),eLORETA,-10,15,0.757225286036959,1.8158197075572473,1.0585944215202883,win
rmse,Squared relative error (historical RMSE field),eLORETA,-10,20,0.7783737521966675,1.804471156996353,1.0260974047996854,win
rmse,Squared relative error (historical RMSE field),eLORETA,-5,-10,0.703293229447268,1.941484681320523,1.238191451873255,win
rmse,Squared relative error (historical RMSE field),eLORETA,-5,-5,0.7132583945603027,1.9236355055136816,1.2103771109533787,win
rmse,Squared relative error (historical RMSE field),eLORETA,-5,0,0.7318817619582223,1.8992731609622338,1.1673913990040115,win
rmse,Squared relative error (historical RMSE field),eLORETA,-5,5,0.7357306707076077,1.867008893982112,1.1312782232745042,win
rmse,Squared relative error (historical RMSE field),eLORETA,-5,10,0.723787729761083,1.8323324572751838,1.1085447275141007,win
rmse,Squared relative error (historical RMSE field),eLORETA,-5,15,0.7803675882876978,1.80756628450088,1.027198696213182,win
rmse,Squared relative error (historical RMSE field),eLORETA,-5,20,0.7398943008258881,1.7986349407635804,1.0587406399376924,win
rmse,Squared relative error (historical RMSE field),eLORETA,0,-10,0.6869229038559821,1.9205000997454875,1.2335771958895054,win
rmse,Squared relative error (historical RMSE field),eLORETA,0,-5,0.6290186788471653,1.9019168065237795,1.2728981276766143,win
rmse,Squared relative error (historical RMSE field),eLORETA,0,0,0.6418884855287555,1.8765478272815033,1.2346593417527476,win
rmse,Squared relative error (historical RMSE field),eLORETA,0,5,0.6615353228668368,1.8452152593874291,1.1836799365205923,win
rmse,Squared relative error (historical RMSE field),eLORETA,0,10,0.685729595828884,1.8139441007783517,1.1282145049494676,win
rmse,Squared relative error (historical RMSE field),eLORETA,0,15,0.6929986718153741,1.7931672281088222,1.1001685562934482,win
rmse,Squared relative error (historical RMSE field),eLORETA,0,20,0.7291394114933392,1.7876293712663722,1.058489959773033,win
rmse,Squared relative error (historical RMSE field),eLORETA,5,-10,0.6853984303974024,1.8916138623329082,1.2062154319355058,win
rmse,Squared relative error (historical RMSE field),eLORETA,5,-5,0.6349099609530071,1.8731143329459445,1.2382043719929374,win
rmse,Squared relative error (historical RMSE field),eLORETA,5,0,0.6217243417923423,1.8492701382371513,1.2275457964448089,win
rmse,Squared relative error (historical RMSE field),eLORETA,5,5,0.6171379029084827,1.8204542943503552,1.2033163914418725,win
rmse,Squared relative error (historical RMSE field),eLORETA,5,10,0.6524919333143127,1.7930596875089628,1.1405677541946502,win
rmse,Squared relative error (historical RMSE field),eLORETA,5,15,0.6675904750236361,1.775011620921069,1.1074211458974328,win
rmse,Squared relative error (historical RMSE field),eLORETA,5,20,0.7118635877778124,1.7718992807683425,1.06003569299053,win
rmse,Squared relative error (historical RMSE field),eLORETA,10,-10,0.6686438260381565,1.856295873124647,1.1876520470864906,win
rmse,Squared relative error (historical RMSE field),eLORETA,10,-5,0.625534356374619,1.8407851639368056,1.2152508075621866,win
rmse,Squared relative error (historical RMSE field),eLORETA,10,0,0.6226173229370938,1.819318905380897,1.196701582443803,win
rmse,Squared relative error (historical RMSE field),eLORETA,10,5,0.5923454747885838,1.7957238963955113,1.2033784216069274,win
rmse,Squared relative error (historical RMSE field),eLORETA,10,10,0.6039769023947166,1.7734035428143158,1.1694266404195992,win
rmse,Squared relative error (historical RMSE field),eLORETA,10,15,0.6349879384137691,1.7590453361713885,1.1240573977576194,win
rmse,Squared relative error (historical RMSE field),eLORETA,10,20,0.6576726369861842,1.75591854848723,1.0982459115010457,win
rmse,Squared relative error (historical RMSE field),eLORETA,15,-10,0.697351973167986,1.8220282547037836,1.1246762815357976,win
rmse,Squared relative error (historical RMSE field),eLORETA,15,-5,0.6779916585121482,1.8104754648854433,1.1324838063732952,win
rmse,Squared relative error (historical RMSE field),eLORETA,15,0,0.6333890657344358,1.7935369136094623,1.1601478478750265,win
rmse,Squared relative error (historical RMSE field),eLORETA,15,5,0.6293727404083085,1.774878780392728,1.1455060399844195,win
rmse,Squared relative error (historical RMSE field),eLORETA,15,10,0.594594623672385,1.7581956770741505,1.1636010534017656,win
rmse,Squared relative error (historical RMSE field),eLORETA,15,15,0.5978393124780448,1.7463919638524372,1.1485526513743924,win
rmse,Squared relative error (historical RMSE field),eLORETA,15,20,0.6219974903205909,1.7429525227566725,1.1209550324360815,win
rmse,Squared relative error (historical RMSE field),eLORETA,20,-10,0.6982005314815768,1.7985948174293056,1.1003942859477287,win
rmse,Squared relative error (historical RMSE field),eLORETA,20,-5,0.6695561626522084,1.7894746220064315,1.119918459354223,win
rmse,Squared relative error (historical RMSE field),eLORETA,20,0,0.6679378988492979,1.7767572122471533,1.1088193133978554,win
rmse,Squared relative error (historical RMSE field),eLORETA,20,5,0.6129545051130852,1.7619973873780737,1.1490428822649883,win
rmse,Squared relative error (historical RMSE field),eLORETA,20,10,0.6086436234034852,1.7484716386169006,1.1398280152134155,win
rmse,Squared relative error (historical RMSE field),eLORETA,20,15,0.5851992524163374,1.7390203622504237,1.1538211098340863,win
rmse,Squared relative error (historical RMSE field),eLORETA,20,20,0.5912052088669877,1.7353314557395392,1.1441262468725515,win
rmse,Squared relative error (historical RMSE field),sLORETA,-10,-10,0.800315860269666,1.9564359378797074,1.1561200776100415,win
rmse,Squared relative error (historical RMSE field),sLORETA,-10,-5,0.7712560505025302,1.9424422293892594,1.171186178886729,win
rmse,Squared relative error (historical RMSE field),sLORETA,-10,0,0.7851552014310887,1.9233723903694329,1.1382171889383441,win
rmse,Squared relative error (historical RMSE field),sLORETA,-10,5,0.7919584337362544,1.8959766092672248,1.1040181755309704,win
rmse,Squared relative error (historical RMSE field),sLORETA,-10,10,0.7889300423111069,1.8635395150017908,1.074609472690684,win
rmse,Squared relative error (historical RMSE field),sLORETA,-10,15,0.757225286036959,1.8385540949720804,1.0813288089351214,win
rmse,Squared relative error (historical RMSE field),sLORETA,-10,20,0.7783737521966675,1.8289409094582627,1.0505671572615953,win
rmse,Squared relative error (historical RMSE field),sLORETA,-5,-10,0.703293229447268,1.9415771153730583,1.2382838859257903,win
rmse,Squared relative error (historical RMSE field),sLORETA,-5,-5,0.7132583945603027,1.9255244684688209,1.212266073908518,win
rmse,Squared relative error (historical RMSE field),sLORETA,-5,0,0.7318817619582223,1.904528036173616,1.1726462742153938,win
rmse,Squared relative error (historical RMSE field),sLORETA,-5,5,0.7357306707076077,1.8789384825038258,1.143207811796218,win
rmse,Squared relative error (historical RMSE field),sLORETA,-5,10,0.723787729761083,1.850835825463518,1.1270480957024351,win
rmse,Squared relative error (historical RMSE field),sLORETA,-5,15,0.7803675882876978,1.8301960474583148,1.0498284591706168,win
rmse,Squared relative error (historical RMSE field),sLORETA,-5,20,0.7398943008258881,1.8223909941222909,1.0824966932964029,win
rmse,Squared relative error (historical RMSE field),sLORETA,0,-10,0.6869229038559821,1.921782137134954,1.2348592332789718,win
rmse,Squared relative error (historical RMSE field),sLORETA,0,-5,0.6290186788471653,1.9023820329637364,1.273363354116571,win
rmse,Squared relative error (historical RMSE field),sLORETA,0,0,0.6418884855287555,1.8802560186621107,1.238367533133355,win
rmse,Squared relative error (historical RMSE field),sLORETA,0,5,0.6615353228668368,1.8554308328628013,1.1938955099959645,win
rmse,Squared relative error (historical RMSE field),sLORETA,0,10,0.685729595828884,1.8312429538510056,1.1455133580221215,win
rmse,Squared relative error (historical RMSE field),sLORETA,0,15,0.6929986718153741,1.815122860784545,1.1221241889691709,win
rmse,Squared relative error (historical RMSE field),sLORETA,0,20,0.7291394114933392,1.811380279755304,1.0822408682619649,win
rmse,Squared relative error (historical RMSE field),sLORETA,5,-10,0.6853984303974024,1.896156464186707,1.2107580337893045,win
rmse,Squared relative error (historical RMSE field),sLORETA,5,-5,0.6349099609530071,1.8738787824230168,1.2389688214700096,win
rmse,Squared relative error (historical RMSE field),sLORETA,5,0,0.6217243417923423,1.8514071555418892,1.2296828137495468,win
rmse,Squared relative error (historical RMSE field),sLORETA,5,5,0.6171379029084827,1.8294619108735888,1.212324007965106,win
rmse,Squared relative error (historical RMSE field),sLORETA,5,10,0.6524919333143127,1.8115512707383503,1.1590593374240377,win
rmse,Squared relative error (historical RMSE field),sLORETA,5,15,0.6675904750236361,1.7991249969414884,1.1315345219178523,win
rmse,Squared relative error (historical RMSE field),sLORETA,5,20,0.7118635877778124,1.7970067519083504,1.085143164130538,win
rmse,Squared relative error (historical RMSE field),sLORETA,10,-10,0.6686438260381565,1.8658912123043907,1.197247386266234,win
rmse,Squared relative error (historical RMSE field),sLORETA,10,-5,0.625534356374619,1.845970809933513,1.220436453558894,win
rmse,Squared relative error (historical RMSE field),sLORETA,10,0,0.6226173229370938,1.8211517662668812,1.1985344433297875,win
rmse,Squared relative error (historical RMSE field),sLORETA,10,5,0.5923454747885838,1.8022698500947494,1.2099243753061657,win
rmse,Squared relative error (historical RMSE field),sLORETA,10,10,0.6039769023947166,1.79006557040042,1.1860886680057035,win
rmse,Squared relative error (historical RMSE field),sLORETA,10,15,0.6349879384137691,1.7841047217439108,1.1491167833301417,win
rmse,Squared relative error (historical RMSE field),sLORETA,10,20,0.6576726369861842,1.7836860364210545,1.1260133994348704,win
rmse,Squared relative error (historical RMSE field),sLORETA,15,-10,0.697351973167986,1.8348974509366895,1.1375454777687035,win
rmse,Squared relative error (historical RMSE field),sLORETA,15,-5,0.6779916585121482,1.8196609668421257,1.1416693083299776,win
rmse,Squared relative error (historical RMSE field),sLORETA,15,0,0.6333890657344358,1.7992946485380656,1.1659055828036298,win
rmse,Squared relative error (historical RMSE field),sLORETA,15,5,0.6293727404083085,1.7799573519730283,1.1505846115647198,win
rmse,Squared relative error (historical RMSE field),sLORETA,15,10,0.594594623672385,1.7715793015914318,1.1769846779190467,win
rmse,Squared relative error (historical RMSE field),sLORETA,15,15,0.5978393124780448,1.7698920293313436,1.1720527168532988,win
rmse,Squared relative error (historical RMSE field),sLORETA,15,20,0.6219974903205909,1.7722929987202936,1.1502955083997026,win
rmse,Squared relative error (historical RMSE field),sLORETA,20,-10,0.6982005314815768,1.8134217164563076,1.1152211849747307,win
rmse,Squared relative error (historical RMSE field),sLORETA,20,-5,0.6695561626522084,1.802222438508119,1.1326662758559105,win
rmse,Squared relative error (historical RMSE field),sLORETA,20,0,0.6679378988492979,1.7870599726921297,1.1191220738428318,win
rmse,Squared relative error (historical RMSE field),sLORETA,20,5,0.6129545051130852,1.7705411228827328,1.1575866177696477,win
rmse,Squared relative error (historical RMSE field),sLORETA,20,10,0.6086436234034852,1.7576085279890634,1.1489649045855783,win
rmse,Squared relative error (historical RMSE field),sLORETA,20,15,0.5851992524163374,1.7570960681820786,1.1718968157657412,win
rmse,Squared relative error (historical RMSE field),sLORETA,20,20,0.5912052088669877,1.7624966684976586,1.171291459630671,win
rmse,Squared relative error (historical RMSE field),MNE,-10,-10,0.800315860269666,1.957795676454858,1.1574798161851922,win
rmse,Squared relative error (historical RMSE field),MNE,-10,-5,0.7712560505025302,1.9448575685539349,1.1736015180514046,win
rmse,Squared relative error (historical RMSE field),MNE,-10,0,0.7851552014310887,1.9272156705339774,1.1420604691028886,win
rmse,Squared relative error (historical RMSE field),MNE,-10,5,0.7919584337362544,1.9003234299468355,1.108364996210581,win
rmse,Squared relative error (historical RMSE field),MNE,-10,10,0.7889300423111069,1.8643022771864168,1.07537223487531,win
rmse,Squared relative error (historical RMSE field),MNE,-10,15,0.757225286036959,1.8327861864645634,1.0755609004276043,win
rmse,Squared relative error (historical RMSE field),MNE,-10,20,0.7783737521966675,1.8170896352422024,1.0387158830455347,win
rmse,Squared relative error (historical RMSE field),MNE,-5,-10,0.703293229447268,1.9432374404733457,1.2399442110260777,win
rmse,Squared relative error (historical RMSE field),MNE,-5,-5,0.7132583945603027,1.9274402202472598,1.214181825686957,win
rmse,Squared relative error (historical RMSE field),MNE,-5,0,0.7318817619582223,1.9071035045454336,1.1752217425872113,win
rmse,Squared relative error (historical RMSE field),MNE,-5,5,0.7357306707076077,1.882880352375692,1.1471496816680844,win
rmse,Squared relative error (historical RMSE field),MNE,-5,10,0.723787729761083,1.8535457381051723,1.1297580083440892,win
rmse,Squared relative error (historical RMSE field),MNE,-5,15,0.7803675882876978,1.8273578014875986,1.046990213199901,win
rmse,Squared relative error (historical RMSE field),MNE,-5,20,0.7398943008258881,1.8127299271051807,1.0728356262792924,win
rmse,Squared relative error (historical RMSE field),MNE,0,-10,0.6869229038559821,1.9250486287530637,1.2381257248970816,win
rmse,Squared relative error (historical RMSE field),MNE,0,-5,0.6290186788471653,1.9046381864781976,1.2756195076310322,win
rmse,Squared relative error (historical RMSE field),MNE,0,0,0.6418884855287555,1.8817656711255162,1.2398771855967605,win
rmse,Squared relative error (historical RMSE field),MNE,0,5,0.6615353228668368,1.8567958091949666,1.1952604863281298,win
rmse,Squared relative error (historical RMSE field),MNE,0,10,0.685729595828884,1.8314626348875018,1.1457330390586178,win
rmse,Squared relative error (historical RMSE field),MNE,0,15,0.6929986718153741,1.8121695479334037,1.1191708761180297,win
rmse,Squared relative error (historical RMSE field),MNE,0,20,0.7291394114933392,1.8050595965882743,1.0759201850949351,win
rmse,Squared relative error (historical RMSE field),MNE,5,-10,0.6853984303974024,1.900797629891592,1.2153991994941897,win
rmse,Squared relative error (historical RMSE field),MNE,5,-5,0.6349099609530071,1.8775649464592608,1.2426549855062536,win
rmse,Squared relative error (historical RMSE field),MNE,5,0,0.6217243417923423,1.852480839327698,1.2307564975353555,win
rmse,Squared relative error (historical RMSE field),MNE,5,5,0.6171379029084827,1.8275556088627876,1.2104177059543049,win
rmse,Squared relative error (historical RMSE field),MNE,5,10,0.6524919333143127,1.8077351845337486,1.155243251219436,win
rmse,Squared relative error (historical RMSE field),MNE,5,15,0.6675904750236361,1.7934927802234137,1.1259023051997776,win
rmse,Squared relative error (historical RMSE field),MNE,5,20,0.7118635877778124,1.7904907804805614,1.0786271927027489,win
rmse,Squared relative error (historical RMSE field),MNE,10,-10,0.6686438260381565,1.8704024209633832,1.2017585949252267,win
rmse,Squared relative error (historical RMSE field),MNE,10,-5,0.625534356374619,1.8513331140498024,1.2257987576751834,win
rmse,Squared relative error (historical RMSE field),MNE,10,0,0.6226173229370938,1.822097556745105,1.199480233808011,win
rmse,Squared relative error (historical RMSE field),MNE,10,5,0.5923454747885838,1.7971319444365237,1.20478646964794,win
rmse,Squared relative error (historical RMSE field),MNE,10,10,0.6039769023947166,1.7802839400467247,1.1763070376520082,win
rmse,Squared relative error (historical RMSE field),MNE,10,15,0.6349879384137691,1.7721166766640126,1.1371287382502435,win
rmse,Squared relative error (historical RMSE field),MNE,10,20,0.6576726369861842,1.771490279285042,1.1138176422988577,win
rmse,Squared relative error (historical RMSE field),MNE,15,-10,0.697351973167986,1.8369751666385765,1.1396231934705905,win
rmse,Squared relative error (historical RMSE field),MNE,15,-5,0.6779916585121482,1.8239879574161708,1.1459962989040227,win
rmse,Squared relative error (historical RMSE field),MNE,15,0,0.6333890657344358,1.8010338993976531,1.1676448336632173,win
rmse,Squared relative error (historical RMSE field),MNE,15,5,0.6293727404083085,1.7732024231680428,1.1438296827597343,win
rmse,Squared relative error (historical RMSE field),MNE,15,10,0.594594623672385,1.7571469436062024,1.1625523199338175,win
rmse,Squared relative error (historical RMSE field),MNE,15,15,0.5978393124780448,1.7526397369380278,1.154800424459983,win
rmse,Squared relative error (historical RMSE field),MNE,15,20,0.6219974903205909,1.7558653569055187,1.1338678665849278,win
rmse,Squared relative error (historical RMSE field),MNE,20,-10,0.6982005314815768,1.8128229520168477,1.1146224205352708,win
rmse,Squared relative error (historical RMSE field),MNE,20,-5,0.6695561626522084,1.8033956098912018,1.1338394472389934,win
rmse,Squared relative error (historical RMSE field),MNE,20,0,0.6679378988492979,1.7872771643669898,1.119339265517692,win
rmse,Squared relative error (historical RMSE field),MNE,20,5,0.6129545051130852,1.764506068640892,1.1515515635278066,win
rmse,Squared relative error (historical RMSE field),MNE,20,10,0.6086436234034852,1.7420789930693243,1.1334353696658392,win
rmse,Squared relative error (historical RMSE field),MNE,20,15,0.5851992524163374,1.7361916581510726,1.1509924057347352,win
rmse,Squared relative error (historical RMSE field),MNE,20,20,0.5912052088669877,1.7408714324329972,1.1496662235660096,win
rmse,Squared relative error (historical RMSE field),LCMV,-10,-10,0.800315860269666,1.9583475917703845,1.1580317315007185,win
rmse,Squared relative error (historical RMSE field),LCMV,-10,-5,0.7712560505025302,1.9491576939935187,1.1779016434909884,win
rmse,Squared relative error (historical RMSE field),LCMV,-10,0,0.7851552014310887,1.9336123264416072,1.1484571250105184,win
rmse,Squared relative error (historical RMSE field),LCMV,-10,5,0.7919584337362544,1.9018068227063443,1.1098483889700899,win
rmse,Squared relative error (historical RMSE field),LCMV,-10,10,0.7889300423111069,1.8446269077209378,1.055696865409831,win
rmse,Squared relative error (historical RMSE field),LCMV,-10,15,0.757225286036959,1.7522329210490295,0.9950076350120705,win
rmse,Squared relative error (historical RMSE field),LCMV,-10,20,0.7783737521966675,1.6379177661945352,0.8595440139978677,win
rmse,Squared relative error (historical RMSE field),LCMV,-5,-10,0.703293229447268,1.9534491179689275,1.2501558885216595,win
rmse,Squared relative error (historical RMSE field),LCMV,-5,-5,0.7132583945603027,1.9443211417434307,1.231062747183128,win
rmse,Squared relative error (historical RMSE field),LCMV,-5,0,0.7318817619582223,1.9304403561703143,1.198558594212092,win
rmse,Squared relative error (historical RMSE field),LCMV,-5,5,0.7357306707076077,1.899871482051174,1.1641408113435663,win
rmse,Squared relative error (historical RMSE field),LCMV,-5,10,0.723787729761083,1.845150061103573,1.1213623313424899,win
rmse,Squared relative error (historical RMSE field),LCMV,-5,15,0.7803675882876978,1.7534215976523693,0.9730540093646715,win
rmse,Squared relative error (historical RMSE field),LCMV,-5,20,0.7398943008258881,1.639158570870835,0.8992642700449468,win
rmse,Squared relative error (historical RMSE field),LCMV,0,-10,0.6869229038559821,1.9471585566272478,1.2602356527712657,win
rmse,Squared relative error (historical RMSE field),LCMV,0,-5,0.6290186788471653,1.938084209202353,1.3090655303551877,win
rmse,Squared relative error (historical RMSE field),LCMV,0,0,0.6418884855287555,1.9222047202059545,1.280316234677199,win
rmse,Squared relative error (historical RMSE field),LCMV,0,5,0.6615353228668368,1.893314882130656,1.2317795592638192,win
rmse,Squared relative error (historical RMSE field),LCMV,0,10,0.685729595828884,1.8369988560114725,1.1512692601825885,win
rmse,Squared relative error (historical RMSE field),LCMV,0,15,0.6929986718153741,1.7476137645789467,1.0546150927635725,win
rmse,Squared relative error (historical RMSE field),LCMV,0,20,0.7291394114933392,1.6374985039283694,0.9083590924350302,win
rmse,Squared relative error (historical RMSE field),LCMV,5,-10,0.6853984303974024,1.9367329570798029,1.2513345266824003,win
rmse,Squared relative error (historical RMSE field),LCMV,5,-5,0.6349099609530071,1.9264778156571165,1.2915678547041094,win
rmse,Squared relative error (historical RMSE field),LCMV,5,0,0.6217243417923423,1.910441845544924,1.2887175037525815,win
rmse,Squared relative error (historical RMSE field),LCMV,5,5,0.6171379029084827,1.8810864349845464,1.2639485320760637,win
rmse,Squared relative error (historical RMSE field),LCMV,5,10,0.6524919333143127,1.8275218633462225,1.1750299300319098,win
rmse,Squared relative error (historical RMSE field),LCMV,5,15,0.6675904750236361,1.7397642885828875,1.0721738135592513,win
rmse,Squared relative error (historical RMSE field),LCMV,5,20,0.7118635877778124,1.6321974846145917,0.9203338968367792,win
rmse,Squared relative error (historical RMSE field),LCMV,10,-10,0.6686438260381565,1.9159640771827442,1.2473202511445876,win
rmse,Squared relative error (historical RMSE field),LCMV,10,-5,0.625534356374619,1.9058489576430266,1.2803146012684077,win
rmse,Squared relative error (historical RMSE field),LCMV,10,0,0.6226173229370938,1.8878948804415328,1.2652775575044388,win
rmse,Squared relative error (historical RMSE field),LCMV,10,5,0.5923454747885838,1.856744147662307,1.2643986728737233,win
rmse,Squared relative error (historical RMSE field),LCMV,10,10,0.6039769023947166,1.8052015013981333,1.2012245990034167,win
rmse,Squared relative error (historical RMSE field),LCMV,10,15,0.6349879384137691,1.722557128537404,1.0875691901236348,win
rmse,Squared relative error (historical RMSE field),LCMV,10,20,0.6576726369861842,1.6159980924394266,0.9583254554532424,win
rmse,Squared relative error (historical RMSE field),LCMV,15,-10,0.697351973167986,1.8753532707368592,1.1780012975688732,win
rmse,Squared relative error (historical RMSE field),LCMV,15,-5,0.6779916585121482,1.8647720513517212,1.186780392839573,win
rmse,Squared relative error (historical RMSE field),LCMV,15,0,0.6333890657344358,1.8497052876367805,1.216316221902345,win
rmse,Squared relative error (historical RMSE field),LCMV,15,5,0.6293727404083085,1.817647162931579,1.1882744225232704,win
rmse,Squared relative error (historical RMSE field),LCMV,15,10,0.594594623672385,1.7683679617464514,1.1737733380740663,win
rmse,Squared relative error (historical RMSE field),LCMV,15,15,0.5978393124780448,1.6891257356593778,1.091286423181333,win
rmse,Squared relative error (historical RMSE field),LCMV,15,20,0.6219974903205909,1.5967566453990703,0.9747591550784793,win
rmse,Squared relative error (historical RMSE field),LCMV,20,-10,0.6982005314815768,1.7980453544615813,1.0998448229800046,win
rmse,Squared relative error (historical RMSE field),LCMV,20,-5,0.6695561626522084,1.7916914023861628,1.1221352397339543,win
rmse,Squared relative error (historical RMSE field),LCMV,20,0,0.6679378988492979,1.7801397863887918,1.112201887539494,win
rmse,Squared relative error (historical RMSE field),LCMV,20,5,0.6129545051130852,1.7505727941771747,1.1376182890640893,win
rmse,Squared relative error (historical RMSE field),LCMV,20,10,0.6086436234034852,1.7076543180306643,1.0990106946271792,win
rmse,Squared relative error (historical RMSE field),LCMV,20,15,0.5851992524163374,1.637563185471909,1.0523639330555716,win
rmse,Squared relative error (historical RMSE field),LCMV,20,20,0.5912052088669877,1.5573178385936224,0.9661126297266347,win
rmse,Squared relative error (historical RMSE field),RAP-MUSIC,-10,-10,0.800315860269666,1.5413289689622496,0.7410131086925836,win
rmse,Squared relative error (historical RMSE field),RAP-MUSIC,-10,-5,0.7712560505025302,1.380841388124972,0.6095853376224417,win
rmse,Squared relative error (historical RMSE field),RAP-MUSIC,-10,0,0.7851552014310887,1.2742553039691675,0.4891001025380788,win
rmse,Squared relative error (historical RMSE field),RAP-MUSIC,-10,5,0.7919584337362544,1.2516714778379494,0.459713044101695,win
rmse,Squared relative error (historical RMSE field),RAP-MUSIC,-10,10,0.7889300423111069,1.1727450486373723,0.3838150063262654,win
rmse,Squared relative error (historical RMSE field),RAP-MUSIC,-10,15,0.757225286036959,1.1433453556215079,0.3861200695845488,win
rmse,Squared relative error (historical RMSE field),RAP-MUSIC,-10,20,0.7783737521966675,1.1717022874859422,0.3933285352892747,win
rmse,Squared relative error (historical RMSE field),RAP-MUSIC,-5,-10,0.703293229447268,1.43929282921329,0.735999599766022,win
rmse,Squared relative error (historical RMSE field),RAP-MUSIC,-5,-5,0.7132583945603027,1.332426144051791,0.6191677494914883,win
rmse,Squared relative error (historical RMSE field),RAP-MUSIC,-5,0,0.7318817619582223,1.2662900277903353,0.534408265832113,win
rmse,Squared relative error (historical RMSE field),RAP-MUSIC,-5,5,0.7357306707076077,1.2189465253515261,0.4832158546439185,win
rmse,Squared relative error (historical RMSE field),RAP-MUSIC,-5,10,0.723787729761083,1.1637861076084146,0.43999837784733165,win
rmse,Squared relative error (historical RMSE field),RAP-MUSIC,-5,15,0.7803675882876978,1.1605081341206078,0.38014054583291,win
rmse,Squared relative error (historical RMSE field),RAP-MUSIC,-5,20,0.7398943008258881,1.1751227789338654,0.43522847810797727,win
rmse,Squared relative error (historical RMSE field),RAP-MUSIC,0,-10,0.6869229038559821,1.3606293748637706,0.6737064710077885,win
rmse,Squared relative error (historical RMSE field),RAP-MUSIC,0,-5,0.6290186788471653,1.3139836093953428,0.6849649305481774,win
rmse,Squared relative error (historical RMSE field),RAP-MUSIC,0,0,0.6418884855287555,1.2315453589017782,0.5896568733730226,win
rmse,Squared relative error (historical RMSE field),RAP-MUSIC,0,5,0.6615353228668368,1.201258201564433,0.5397228786975963,win
rmse,Squared relative error (historical RMSE field),RAP-MUSIC,0,10,0.685729595828884,1.1425412330754046,0.4568116372465205,win
rmse,Squared relative error (historical RMSE field),RAP-MUSIC,0,15,0.6929986718153741,1.152000726036868,0.459002054221494,win
rmse,Squared relative error (historical RMSE field),RAP-MUSIC,0,20,0.7291394114933392,1.163718784465528,0.43457937297218874,win
rmse,Squared relative error (historical RMSE field),RAP-MUSIC,5,-10,0.6853984303974024,1.267764084901939,0.5823656545045365,win
rmse,Squared relative error (historical RMSE field),RAP-MUSIC,5,-5,0.6349099609530071,1.2367743507268378,0.6018643897738307,win
rmse,Squared relative error (historical RMSE field),RAP-MUSIC,5,0,0.6217243417923423,1.193185657223311,0.5714613154309688,win
rmse,Squared relative error (historical RMSE field),RAP-MUSIC,5,5,0.6171379029084827,1.1432865850561278,0.5261486821476451,win
rmse,Squared relative error (historical RMSE field),RAP-MUSIC,5,10,0.6524919333143127,1.1298193076098597,0.47732737429554706,win
rmse,Squared relative error (historical RMSE field),RAP-MUSIC,5,15,0.6675904750236361,1.1154588644315786,0.4478683894079425,win
rmse,Squared relative error (historical RMSE field),RAP-MUSIC,5,20,0.7118635877778124,1.1471715113289278,0.43530792355111536,win
rmse,Squared relative error (historical RMSE field),RAP-MUSIC,10,-10,0.6686438260381565,1.1880556399826223,0.5194118139444658,win
rmse,Squared relative error (historical RMSE field),RAP-MUSIC,10,-5,0.625534356374619,1.1761133167995206,0.5505789604249016,win
rmse,Squared relative error (historical RMSE field),RAP-MUSIC,10,0,0.6226173229370938,1.1505552587647292,0.5279379358276354,win
rmse,Squared relative error (historical RMSE field),RAP-MUSIC,10,5,0.5923454747885838,1.0977390695426092,0.5053935947540255,win
rmse,Squared relative error (historical RMSE field),RAP-MUSIC,10,10,0.6039769023947166,1.091495248659858,0.48751834626514134,win
rmse,Squared relative error (historical RMSE field),RAP-MUSIC,10,15,0.6349879384137691,1.0989055668937364,0.4639176284799673,win
rmse,Squared relative error (historical RMSE field),RAP-MUSIC,10,20,0.6576726369861842,1.1314036072773554,0.4737309702911713,win
rmse,Squared relative error (historical RMSE field),RAP-MUSIC,15,-10,0.697351973167986,1.1535710519931923,0.4562190788252063,win
rmse,Squared relative error (historical RMSE field),RAP-MUSIC,15,-5,0.6779916585121482,1.1297139072308227,0.4517222487186745,win
rmse,Squared relative error (historical RMSE field),RAP-MUSIC,15,0,0.6333890657344358,1.115540197466968,0.4821511317325323,win
rmse,Squared relative error (historical RMSE field),RAP-MUSIC,15,5,0.6293727404083085,1.0990440482266939,0.4696713078183854,win
rmse,Squared relative error (historical RMSE field),RAP-MUSIC,15,10,0.594594623672385,1.0837593496946456,0.4891647260222606,win
rmse,Squared relative error (historical RMSE field),RAP-MUSIC,15,15,0.5978393124780448,1.0933911035659865,0.4955517910879417,win
rmse,Squared relative error (historical RMSE field),RAP-MUSIC,15,20,0.6219974903205909,1.105369546682847,0.4833720563622561,win
rmse,Squared relative error (historical RMSE field),RAP-MUSIC,20,-10,0.6982005314815768,1.1445220872864545,0.44632155580487776,win
rmse,Squared relative error (historical RMSE field),RAP-MUSIC,20,-5,0.6695561626522084,1.1384932863336712,0.4689371236814628,win
rmse,Squared relative error (historical RMSE field),RAP-MUSIC,20,0,0.6679378988492979,1.1218946103734329,0.45395671152413497,win
rmse,Squared relative error (historical RMSE field),RAP-MUSIC,20,5,0.6129545051130852,1.118397407683986,0.5054429025709007,win
rmse,Squared relative error (historical RMSE field),RAP-MUSIC,20,10,0.6086436234034852,1.0842527469687897,0.4756091235653045,win
rmse,Squared relative error (historical RMSE field),RAP-MUSIC,20,15,0.5851992524163374,1.0810398244085877,0.4958405719922503,win
rmse,Squared relative error (historical RMSE field),RAP-MUSIC,20,20,0.5912052088669877,1.08177633835885,0.4905711294918622,win
rmse,Squared relative error (historical RMSE field),Dipole fitting (grid),-10,-10,0.800315860269666,1.5746963362251776,0.7743804759555116,win
rmse,Squared relative error (historical RMSE field),Dipole fitting (grid),-10,-5,0.7712560505025302,1.3850913345096822,0.613835284007152,win
rmse,Squared relative error (historical RMSE field),Dipole fitting (grid),-10,0,0.7851552014310887,1.308481768320365,0.5233265668892761,win
rmse,Squared relative error (historical RMSE field),Dipole fitting (grid),-10,5,0.7919584337362544,1.2778705720867483,0.48591213835049385,win
rmse,Squared relative error (historical RMSE field),Dipole fitting (grid),-10,10,0.7889300423111069,1.2656101246169955,0.47668008230588865,win
rmse,Squared relative error (historical RMSE field),Dipole fitting (grid),-10,15,0.757225286036959,1.2647592421424751,0.5075339561055161,win
rmse,Squared relative error (historical RMSE field),Dipole fitting (grid),-10,20,0.7783737521966675,1.2683227905914811,0.48994903839481363,win
rmse,Squared relative error (historical RMSE field),Dipole fitting (grid),-5,-10,0.703293229447268,1.4480568293927114,0.7447635999454434,win
rmse,Squared relative error (historical RMSE field),Dipole fitting (grid),-5,-5,0.7132583945603027,1.3424337289340422,0.6291753343737395,win
rmse,Squared relative error (historical RMSE field),Dipole fitting (grid),-5,0,0.7318817619582223,1.288639133453009,0.5567573714947867,win
rmse,Squared relative error (historical RMSE field),Dipole fitting (grid),-5,5,0.7357306707076077,1.2497355080483814,0.5140048373407737,win
rmse,Squared relative error (historical RMSE field),Dipole fitting (grid),-5,10,0.723787729761083,1.2411994652817953,0.5174117355207123,win
rmse,Squared relative error (historical RMSE field),Dipole fitting (grid),-5,15,0.7803675882876978,1.258888545256059,0.47852095696836117,win
rmse,Squared relative error (historical RMSE field),Dipole fitting (grid),-5,20,0.7398943008258881,1.2595234676274125,0.5196291668015244,win
rmse,Squared relative error (historical RMSE field),Dipole fitting (grid),0,-10,0.6869229038559821,1.3704489171719865,0.6835260133160044,win
rmse,Squared relative error (historical RMSE field),Dipole fitting (grid),0,-5,0.6290186788471653,1.3221791163391057,0.6931604374919403,win
rmse,Squared relative error (historical RMSE field),Dipole fitting (grid),0,0,0.6418884855287555,1.2669953150984388,0.6251068295696832,win
rmse,Squared relative error (historical RMSE field),Dipole fitting (grid),0,5,0.6615353228668368,1.2342962283594865,0.5727609054926497,win
rmse,Squared relative error (historical RMSE field),Dipole fitting (grid),0,10,0.685729595828884,1.242768743465322,0.557039147636438,win
rmse,Squared relative error (historical RMSE field),Dipole fitting (grid),0,15,0.6929986718153741,1.2415775401701217,0.5485788683547476,win
rmse,Squared relative error (historical RMSE field),Dipole fitting (grid),0,20,0.7291394114933392,1.2607013796607989,0.5315619681674597,win
rmse,Squared relative error (historical RMSE field),Dipole fitting (grid),5,-10,0.6853984303974024,1.297834836905134,0.6124364065077316,win
rmse,Squared relative error (historical RMSE field),Dipole fitting (grid),5,-5,0.6349099609530071,1.2584276060984099,0.6235176451454028,win
rmse,Squared relative error (historical RMSE field),Dipole fitting (grid),5,0,0.6217243417923423,1.2359378207038898,0.6142134789115475,win
rmse,Squared relative error (historical RMSE field),Dipole fitting (grid),5,5,0.6171379029084827,1.2216078007237179,0.6044698978152352,win
rmse,Squared relative error (historical RMSE field),Dipole fitting (grid),5,10,0.6524919333143127,1.2111839775949023,0.5586920442805896,win
rmse,Squared relative error (historical RMSE field),Dipole fitting (grid),5,15,0.6675904750236361,1.2110876661435288,0.5434971911198927,win
rmse,Squared relative error (historical RMSE field),Dipole fitting (grid),5,20,0.7118635877778124,1.2542520176730236,0.5423884298952112,win
rmse,Squared relative error (historical RMSE field),Dipole fitting (grid),10,-10,0.6686438260381565,1.2621679166333686,0.593524090595212,win
rmse,Squared relative error (historical RMSE field),Dipole fitting (grid),10,-5,0.625534356374619,1.257962737777199,0.63242838140258,win
rmse,Squared relative error (historical RMSE field),Dipole fitting (grid),10,0,0.6226173229370938,1.2246910541782734,0.6020737312411796,win
rmse,Squared relative error (historical RMSE field),Dipole fitting (grid),10,5,0.5923454747885838,1.1899558360000304,0.5976103612114466,win
rmse,Squared relative error (historical RMSE field),Dipole fitting (grid),10,10,0.6039769023947166,1.1965474342242137,0.5925705318294971,win
rmse,Squared relative error (historical RMSE field),Dipole fitting (grid),10,15,0.6349879384137691,1.2054307293863942,0.5704427909726251,win
rmse,Squared relative error (historical RMSE field),Dipole fitting (grid),10,20,0.6576726369861842,1.2350687225849222,0.577396085598738,win
rmse,Squared relative error (historical RMSE field),Dipole fitting (grid),15,-10,0.697351973167986,1.2655016883868129,0.5681497152188268,win
rmse,Squared relative error (historical RMSE field),Dipole fitting (grid),15,-5,0.6779916585121482,1.2461892112928228,0.5681975527806746,win
rmse,Squared relative error (historical RMSE field),Dipole fitting (grid),15,0,0.6333890657344358,1.2333732193428855,0.5999841536084497,win
rmse,Squared relative error (historical RMSE field),Dipole fitting (grid),15,5,0.6293727404083085,1.2135399761704675,0.584167235762159,win
rmse,Squared relative error (historical RMSE field),Dipole fitting (grid),15,10,0.594594623672385,1.1956018853844506,0.6010072617120655,win
rmse,Squared relative error (historical RMSE field),Dipole fitting (grid),15,15,0.5978393124780448,1.1832924672878822,0.5854531548098374,win
rmse,Squared relative error (historical RMSE field),Dipole fitting (grid),15,20,0.6219974903205909,1.2215237274189952,0.5995262370984042,win
rmse,Squared relative error (historical RMSE field),Dipole fitting (grid),20,-10,0.6982005314815768,1.282617320589292,0.5844167891077151,win
rmse,Squared relative error (historical RMSE field),Dipole fitting (grid),20,-5,0.6695561626522084,1.2620600062606,0.5925038436083916,win
rmse,Squared relative error (historical RMSE field),Dipole fitting (grid),20,0,0.6679378988492979,1.2575696143760569,0.589631715526759,win
rmse,Squared relative error (historical RMSE field),Dipole fitting (grid),20,5,0.6129545051130852,1.244816614228436,0.6318621091153508,win
rmse,Squared relative error (historical RMSE field),Dipole fitting (grid),20,10,0.6086436234034852,1.1966779731311157,0.5880343497276305,win
rmse,Squared relative error (historical RMSE field),Dipole fitting (grid),20,15,0.5851992524163374,1.2007007134187746,0.6155014610024372,win
rmse,Squared relative error (historical RMSE field),Dipole fitting (grid),20,20,0.5912052088669877,1.1856064315678858,0.5944012227008981,win
surface_sd_mm_penalized,Surface penalized SD (mm),dSPM,-10,-10,4.923778196672154,64.40282677893846,59.47904858226631,win
surface_sd_mm_penalized,Surface penalized SD (mm),dSPM,-10,-5,4.001712305454112,62.465656019753446,58.46394371429933,win
surface_sd_mm_penalized,Surface penalized SD (mm),dSPM,-10,0,3.9017862808663626,45.0848367967591,41.18305051589274,win
surface_sd_mm_penalized,Surface penalized SD (mm),dSPM,-10,5,4.5354790035262225,26.29861909076577,21.763140087239545,win
surface_sd_mm_penalized,Surface penalized SD (mm),dSPM,-10,10,4.446705532158805,20.47466659716947,16.027961065010665,win
surface_sd_mm_penalized,Surface penalized SD (mm),dSPM,-10,15,4.945858894016923,19.99004114354558,15.044182249528657,win
surface_sd_mm_penalized,Surface penalized SD (mm),dSPM,-10,20,4.612543847136828,20.540125774006242,15.927581926869415,win
surface_sd_mm_penalized,Surface penalized SD (mm),dSPM,-5,-10,3.432092723923828,60.43373879098936,57.00164606706553,win
surface_sd_mm_penalized,Surface penalized SD (mm),dSPM,-5,-5,2.769837960333548,52.353175049703545,49.58333708937,win
surface_sd_mm_penalized,Surface penalized SD (mm),dSPM,-5,0,3.352885973901298,36.58634781973023,33.23346184582893,win
surface_sd_mm_penalized,Surface penalized SD (mm),dSPM,-5,5,3.317636512577548,24.002221702953943,20.684585190376396,win
surface_sd_mm_penalized,Surface penalized SD (mm),dSPM,-5,10,4.124739133858844,19.6403986350382,15.515659501179355,win
surface_sd_mm_penalized,Surface penalized SD (mm),dSPM,-5,15,4.075735639512219,19.327520496394737,15.251784856882518,win
surface_sd_mm_penalized,Surface penalized SD (mm),dSPM,-5,20,4.555400728511314,19.782857034662268,15.227456306150954,win
surface_sd_mm_penalized,Surface penalized SD (mm),dSPM,0,-10,2.745469422000315,49.47930637084996,46.73383694884965,win
surface_sd_mm_penalized,Surface penalized SD (mm),dSPM,0,-5,2.5703006138651006,39.76180313342977,37.19150251956467,win
surface_sd_mm_penalized,Surface penalized SD (mm),dSPM,0,0,2.874317766278523,28.186775550970054,25.31245778469153,win
surface_sd_mm_penalized,Surface penalized SD (mm),dSPM,0,5,3.376427237586101,21.24297098025006,17.86654374266396,win
surface_sd_mm_penalized,Surface penalized SD (mm),dSPM,0,10,4.535961136767866,19.20757119111855,14.671610054350683,win
surface_sd_mm_penalized,Surface penalized SD (mm),dSPM,0,15,3.832848912001925,18.735502504164113,14.902653592162189,win
surface_sd_mm_penalized,Surface penalized SD (mm),dSPM,0,20,3.8314428992027216,19.0159744781617,15.184531578958977,win
surface_sd_mm_penalized,Surface penalized SD (mm),dSPM,5,-10,3.5171783163413504,36.81280500785269,33.29562669151134,win
surface_sd_mm_penalized,Surface penalized SD (mm),dSPM,5,-5,3.567002353281115,29.60829751112752,26.041295157846406,win
surface_sd_mm_penalized,Surface penalized SD (mm),dSPM,5,0,2.3212539904324356,22.710360719523262,20.389106729090827,win
surface_sd_mm_penalized,Surface penalized SD (mm),dSPM,5,5,2.7350509320951466,20.2916343061218,17.556583374026655,win
surface_sd_mm_penalized,Surface penalized SD (mm),dSPM,5,10,2.6306046534269356,19.382171225143985,16.75156657171705,win
surface_sd_mm_penalized,Surface penalized SD (mm),dSPM,5,15,3.6071444105037944,18.69573603845869,15.088591627954896,win
surface_sd_mm_penalized,Surface penalized SD (mm),dSPM,5,20,3.3198946722924423,18.611628795299517,15.291734123007075,win
surface_sd_mm_penalized,Surface penalized SD (mm),dSPM,10,-10,4.5668723866012,27.169952979046684,22.603080592445483,win
surface_sd_mm_penalized,Surface penalized SD (mm),dSPM,10,-5,3.193770920743091,23.556009978019016,20.362239057275925,win
surface_sd_mm_penalized,Surface penalized SD (mm),dSPM,10,0,3.386359066712611,21.280564676132283,17.89420560941967,win
surface_sd_mm_penalized,Surface penalized SD (mm),dSPM,10,5,2.4926810903946737,20.329594780568243,17.83691369017357,win
surface_sd_mm_penalized,Surface penalized SD (mm),dSPM,10,10,3.047740249047955,19.639833312469193,16.59209306342124,win
surface_sd_mm_penalized,Surface penalized SD (mm),dSPM,10,15,3.1733783660499815,19.042569729352966,15.869191363302985,win
surface_sd_mm_penalized,Surface penalized SD (mm),dSPM,10,20,3.228599257554738,18.52509284449128,15.296493586936542,win
surface_sd_mm_penalized,Surface penalized SD (mm),dSPM,15,-10,4.6411739458217225,23.572769089315212,18.93159514349349,win
surface_sd_mm_penalized,Surface penalized SD (mm),dSPM,15,-5,4.431668231796486,22.125844267504828,17.69417603570834,win
surface_sd_mm_penalized,Surface penalized SD (mm),dSPM,15,0,3.7964750305919313,21.287221899979833,17.490746869387902,win
surface_sd_mm_penalized,Surface penalized SD (mm),dSPM,15,5,2.749889582331646,20.66660969647274,17.916720114141093,win
surface_sd_mm_penalized,Surface penalized SD (mm),dSPM,15,10,2.6560910833629845,20.18054876451074,17.524457681147755,win
surface_sd_mm_penalized,Surface penalized SD (mm),dSPM,15,15,2.5233066855844037,19.462882535345045,16.93957584976064,win
surface_sd_mm_penalized,Surface penalized SD (mm),dSPM,15,20,2.6392330050591286,18.983458288126826,16.344225283067697,win
surface_sd_mm_penalized,Surface penalized SD (mm),dSPM,20,-10,4.3073966824841134,23.522563299545396,19.215166617061282,win
surface_sd_mm_penalized,Surface penalized SD (mm),dSPM,20,-5,4.534618185075321,22.463911742512206,17.929293557436885,win
surface_sd_mm_penalized,Surface penalized SD (mm),dSPM,20,0,3.7285107927895145,21.610908294209878,17.882397501420364,win
surface_sd_mm_penalized,Surface penalized SD (mm),dSPM,20,5,3.8695087186929995,20.91117450194844,17.041665783255443,win
surface_sd_mm_penalized,Surface penalized SD (mm),dSPM,20,10,2.7963535894723983,20.45639812031299,17.66004453084059,win
surface_sd_mm_penalized,Surface penalized SD (mm),dSPM,20,15,2.4656221143243022,20.00831119985327,17.54268908552897,win
surface_sd_mm_penalized,Surface penalized SD (mm),dSPM,20,20,2.2969318684601636,19.411355704547,17.114423836086836,win
surface_sd_mm_penalized,Surface penalized SD (mm),eLORETA,-10,-10,4.923778196672154,67.22740270247519,62.303624505803036,win
surface_sd_mm_penalized,Surface penalized SD (mm),eLORETA,-10,-5,4.001712305454112,65.56217729122979,61.560464985775674,win
surface_sd_mm_penalized,Surface penalized SD (mm),eLORETA,-10,0,3.9017862808663626,56.590933435782155,52.689147154915794,win
surface_sd_mm_penalized,Surface penalized SD (mm),eLORETA,-10,5,4.5354790035262225,37.218284516612094,32.682805513085874,win
surface_sd_mm_penalized,Surface penalized SD (mm),eLORETA,-10,10,4.446705532158805,24.387668937358743,19.940963405199938,win
surface_sd_mm_penalized,Surface penalized SD (mm),eLORETA,-10,15,4.945858894016923,22.092213094560037,17.146354200543115,win
surface_sd_mm_penalized,Surface penalized SD (mm),eLORETA,-10,20,4.612543847136828,22.378856756140745,17.76631290900392,win
surface_sd_mm_penalized,Surface penalized SD (mm),eLORETA,-5,-10,3.432092723923828,66.39304545640626,62.960952732482426,win
surface_sd_mm_penalized,Surface penalized SD (mm),eLORETA,-5,-5,2.769837960333548,62.48945803440773,59.719620074074186,win
surface_sd_mm_penalized,Surface penalized SD (mm),eLORETA,-5,0,3.352885973901298,49.25225881993823,45.899372846036925,win
surface_sd_mm_penalized,Surface penalized SD (mm),eLORETA,-5,5,3.317636512577548,32.527278213909575,29.20964170133203,win
surface_sd_mm_penalized,Surface penalized SD (mm),eLORETA,-5,10,4.124739133858844,22.31528057054821,18.190541436689365,win
surface_sd_mm_penalized,Surface penalized SD (mm),eLORETA,-5,15,4.075735639512219,20.83310969371235,16.757374054200127,win
surface_sd_mm_penalized,Surface penalized SD (mm),eLORETA,-5,20,4.555400728511314,21.53746814736509,16.982067418853774,win
surface_sd_mm_penalized,Surface penalized SD (mm),eLORETA,0,-10,2.745469422000315,60.928125650892326,58.182656228892014,win
surface_sd_mm_penalized,Surface penalized SD (mm),eLORETA,0,-5,2.5703006138651006,53.16548770440932,50.59518709054422,win
surface_sd_mm_penalized,Surface penalized SD (mm),eLORETA,0,0,2.874317766278523,39.93220948572085,37.057891719442324,win
surface_sd_mm_penalized,Surface penalized SD (mm),eLORETA,0,5,3.376427237586101,26.997375877252022,23.620948639665922,win
surface_sd_mm_penalized,Surface penalized SD (mm),eLORETA,0,10,4.535961136767866,20.121207051708726,15.58524591494086,win
surface_sd_mm_penalized,Surface penalized SD (mm),eLORETA,0,15,3.832848912001925,19.484360875042864,15.651511963040939,win
surface_sd_mm_penalized,Surface penalized SD (mm),eLORETA,0,20,3.8314428992027216,20.3291841198303,16.497741220627578,win
surface_sd_mm_penalized,Surface penalized SD (mm),eLORETA,5,-10,3.5171783163413504,46.43419632043344,42.91701800409209,win
surface_sd_mm_penalized,Surface penalized SD (mm),eLORETA,5,-5,3.567002353281115,39.25238100941747,35.68537865613635,win
surface_sd_mm_penalized,Surface penalized SD (mm),eLORETA,5,0,2.3212539904324356,32.436484536326795,30.11523054589436,win
surface_sd_mm_penalized,Surface penalized SD (mm),eLORETA,5,5,2.7350509320951466,22.499920924746608,19.764869992651462,win
surface_sd_mm_penalized,Surface penalized SD (mm),eLORETA,5,10,2.6306046534269356,18.711945962362233,16.081341308935297,win
surface_sd_mm_penalized,Surface penalized SD (mm),eLORETA,5,15,3.6071444105037944,18.48858262610079,14.881438215596996,win
surface_sd_mm_penalized,Surface penalized SD (mm),eLORETA,5,20,3.3198946722924423,19.150926802217928,15.831032129925486,win
surface_sd_mm_penalized,Surface penalized SD (mm),eLORETA,10,-10,4.5668723866012,34.274940118779035,29.708067732177835,win
surface_sd_mm_penalized,Surface penalized SD (mm),eLORETA,10,-5,3.193770920743091,29.53256375997961,26.33879283923652,win
surface_sd_mm_penalized,Surface penalized SD (mm),eLORETA,10,0,3.386359066712611,24.11056662639488,20.72420755968227,win
surface_sd_mm_penalized,Surface penalized SD (mm),eLORETA,10,5,2.4926810903946737,19.545503044184446,17.052821953789774,win
surface_sd_mm_penalized,Surface penalized SD (mm),eLORETA,10,10,3.047740249047955,17.851929439025863,14.804189189977908,win
surface_sd_mm_penalized,Surface penalized SD (mm),eLORETA,10,15,3.1733783660499815,17.92939939625113,14.75602103020115,win
surface_sd_mm_penalized,Surface penalized SD (mm),eLORETA,10,20,3.228599257554738,18.286118463677564,15.057519206122826,win
surface_sd_mm_penalized,Surface penalized SD (mm),eLORETA,15,-10,4.6411739458217225,25.33127130447672,20.690097358654995,win
surface_sd_mm_penalized,Surface penalized SD (mm),eLORETA,15,-5,4.431668231796486,22.690947264618917,18.25927903282243,win
surface_sd_mm_penalized,Surface penalized SD (mm),eLORETA,15,0,3.7964750305919313,19.988547490566592,16.19207245997466,win
surface_sd_mm_penalized,Surface penalized SD (mm),eLORETA,15,5,2.749889582331646,18.18708156024434,15.437191977912695,win
surface_sd_mm_penalized,Surface penalized SD (mm),eLORETA,15,10,2.6560910833629845,17.590387342803158,14.934296259440174,win
surface_sd_mm_penalized,Surface penalized SD (mm),eLORETA,15,15,2.5233066855844037,17.53399888444844,15.010692198864037,win
surface_sd_mm_penalized,Surface penalized SD (mm),eLORETA,15,20,2.6392330050591286,17.733099608171297,15.093866603112168,win
surface_sd_mm_penalized,Surface penalized SD (mm),eLORETA,20,-10,4.3073966824841134,22.23600250954676,17.928605827062647,win
surface_sd_mm_penalized,Surface penalized SD (mm),eLORETA,20,-5,4.534618185075321,20.717404675784127,16.182786490708807,win
surface_sd_mm_penalized,Surface penalized SD (mm),eLORETA,20,0,3.7285107927895145,19.22197820562948,15.493467412839966,win
surface_sd_mm_penalized,Surface penalized SD (mm),eLORETA,20,5,3.8695087186929995,18.227201170351524,14.357692451658524,win
surface_sd_mm_penalized,Surface penalized SD (mm),eLORETA,20,10,2.7963535894723983,17.629401030926886,14.833047441454488,win
surface_sd_mm_penalized,Surface penalized SD (mm),eLORETA,20,15,2.4656221143243022,17.40181764675033,14.936195532426028,win
surface_sd_mm_penalized,Surface penalized SD (mm),eLORETA,20,20,2.2969318684601636,17.45555589406268,15.158624025602517,win
surface_sd_mm_penalized,Surface penalized SD (mm),sLORETA,-10,-10,4.923778196672154,61.30646404329888,56.38268584662673,win
surface_sd_mm_penalized,Surface penalized SD (mm),sLORETA,-10,-5,4.001712305454112,58.433442529826294,54.43173022437218,win
surface_sd_mm_penalized,Surface penalized SD (mm),sLORETA,-10,0,3.9017862808663626,54.33340394184946,50.4316176609831,win
surface_sd_mm_penalized,Surface penalized SD (mm),sLORETA,-10,5,4.5354790035262225,46.5072970361112,41.97181803258498,win
surface_sd_mm_penalized,Surface penalized SD (mm),sLORETA,-10,10,4.446705532158805,33.01589239508194,28.569186862923136,win
surface_sd_mm_penalized,Surface penalized SD (mm),sLORETA,-10,15,4.945858894016923,26.155502147350735,21.209643253333812,win
surface_sd_mm_penalized,Surface penalized SD (mm),sLORETA,-10,20,4.612543847136828,25.863754446630722,21.251210599493895,win
surface_sd_mm_penalized,Surface penalized SD (mm),sLORETA,-5,-10,3.432092723923828,60.876034363393586,57.443941639469756,win
surface_sd_mm_penalized,Surface penalized SD (mm),sLORETA,-5,-5,2.769837960333548,56.47473214226191,53.70489418192836,win
surface_sd_mm_penalized,Surface penalized SD (mm),sLORETA,-5,0,3.352885973901298,49.83177866685992,46.478892692958624,win
surface_sd_mm_penalized,Surface penalized SD (mm),sLORETA,-5,5,3.317636512577548,39.890173227980256,36.572536715402705,win
surface_sd_mm_penalized,Surface penalized SD (mm),sLORETA,-5,10,4.124739133858844,29.191380999351512,25.06664186549267,win
surface_sd_mm_penalized,Surface penalized SD (mm),sLORETA,-5,15,4.075735639512219,24.954439568513607,20.87870392900139,win
surface_sd_mm_penalized,Surface penalized SD (mm),sLORETA,-5,20,4.555400728511314,24.942583644738928,20.387182916227616,win
surface_sd_mm_penalized,Surface penalized SD (mm),sLORETA,0,-10,2.745469422000315,58.9460072704647,56.200537848464386,win
surface_sd_mm_penalized,Surface penalized SD (mm),sLORETA,0,-5,2.5703006138651006,51.86459497570359,49.29429436183849,win
surface_sd_mm_penalized,Surface penalized SD (mm),sLORETA,0,0,2.874317766278523,41.57929165133104,38.70497388505252,win
surface_sd_mm_penalized,Surface penalized SD (mm),sLORETA,0,5,3.376427237586101,31.521557420494247,28.145130182908147,win
surface_sd_mm_penalized,Surface penalized SD (mm),sLORETA,0,10,4.535961136767866,25.18231217830125,20.646351041533382,win
surface_sd_mm_penalized,Surface penalized SD (mm),sLORETA,0,15,3.832848912001925,23.764291826596544,19.93144291459462,win
surface_sd_mm_penalized,Surface penalized SD (mm),sLORETA,0,20,3.8314428992027216,23.853623189481,20.02218029027828,win
surface_sd_mm_penalized,Surface penalized SD (mm),sLORETA,5,-10,3.5171783163413504,52.207290019463926,48.690111703122575,win
surface_sd_mm_penalized,Surface penalized SD (mm),sLORETA,5,-5,3.567002353281115,42.05665600414381,38.48965365086269,win
surface_sd_mm_penalized,Surface penalized SD (mm),sLORETA,5,0,2.3212539904324356,31.68807930589075,29.366825315458314,win
surface_sd_mm_penalized,Surface penalized SD (mm),sLORETA,5,5,2.7350509320951466,25.934549435032903,23.199498502937757,win
surface_sd_mm_penalized,Surface penalized SD (mm),sLORETA,5,10,2.6306046534269356,23.491936177933557,20.86133152450662,win
surface_sd_mm_penalized,Surface penalized SD (mm),sLORETA,5,15,3.6071444105037944,23.012987973423108,19.405843562919316,win
surface_sd_mm_penalized,Surface penalized SD (mm),sLORETA,5,20,3.3198946722924423,23.21488661605784,19.894991943765397,win
surface_sd_mm_penalized,Surface penalized SD (mm),sLORETA,10,-10,4.5668723866012,38.195191376300485,33.62831898969929,win
surface_sd_mm_penalized,Surface penalized SD (mm),sLORETA,10,-5,3.193770920743091,31.541419497211436,28.347648576468345,win
surface_sd_mm_penalized,Surface penalized SD (mm),sLORETA,10,0,3.386359066712611,24.349756692426485,20.963397625713874,win
surface_sd_mm_penalized,Surface penalized SD (mm),sLORETA,10,5,2.4926810903946737,22.40977919366411,19.91709810326944,win
surface_sd_mm_penalized,Surface penalized SD (mm),sLORETA,10,10,3.047740249047955,22.3777868384423,19.330046589394346,win
surface_sd_mm_penalized,Surface penalized SD (mm),sLORETA,10,15,3.1733783660499815,22.596893345133022,19.42351497908304,win
surface_sd_mm_penalized,Surface penalized SD (mm),sLORETA,10,20,3.228599257554738,22.800746333437672,19.572147075882935,win
surface_sd_mm_penalized,Surface penalized SD (mm),sLORETA,15,-10,4.6411739458217225,28.077653476776224,23.4364795309545,win
surface_sd_mm_penalized,Surface penalized SD (mm),sLORETA,15,-5,4.431668231796486,24.497366105547325,20.06569787375084,win
surface_sd_mm_penalized,Surface penalized SD (mm),sLORETA,15,0,3.7964750305919313,21.56977953067228,17.77330450008035,win
surface_sd_mm_penalized,Surface penalized SD (mm),sLORETA,15,5,2.749889582331646,21.015130057034398,18.26524047470275,win
surface_sd_mm_penalized,Surface penalized SD (mm),sLORETA,15,10,2.6560910833629845,21.353937436072954,18.69784635270997,win
surface_sd_mm_penalized,Surface penalized SD (mm),sLORETA,15,15,2.5233066855844037,21.94908484842938,19.425778162844974,win
surface_sd_mm_penalized,Surface penalized SD (mm),sLORETA,15,20,2.6392330050591286,22.35260092504424,19.71336791998511,win
surface_sd_mm_penalized,Surface penalized SD (mm),sLORETA,20,-10,4.3073966824841134,24.57897498375304,20.271578301268924,win
surface_sd_mm_penalized,Surface penalized SD (mm),sLORETA,20,-5,4.534618185075321,22.82268750555598,18.28806932048066,win
surface_sd_mm_penalized,Surface penalized SD (mm),sLORETA,20,0,3.7285107927895145,21.481630565032983,17.75311977224347,win
surface_sd_mm_penalized,Surface penalized SD (mm),sLORETA,20,5,3.8695087186929995,20.879273586604725,17.009764867911727,win
surface_sd_mm_penalized,Surface penalized SD (mm),sLORETA,20,10,2.7963535894723983,20.620950869724386,17.824597280251986,win
surface_sd_mm_penalized,Surface penalized SD (mm),sLORETA,20,15,2.4656221143243022,21.185650672133633,18.720028557809332,win
surface_sd_mm_penalized,Surface penalized SD (mm),sLORETA,20,20,2.2969318684601636,21.899013329840553,19.60208146138039,win
surface_sd_mm_penalized,Surface penalized SD (mm),MNE,-10,-10,4.923778196672154,70.28198511440111,65.35820691772895,win
surface_sd_mm_penalized,Surface penalized SD (mm),MNE,-10,-5,4.001712305454112,68.35151350539631,64.3498011999422,win
surface_sd_mm_penalized,Surface penalized SD (mm),MNE,-10,0,3.9017862808663626,65.26517633411405,61.363390053247684,win
surface_sd_mm_penalized,Surface penalized SD (mm),MNE,-10,5,4.5354790035262225,56.648918322311495,52.113439318785275,win
surface_sd_mm_penalized,Surface penalized SD (mm),MNE,-10,10,4.446705532158805,39.55798171835514,35.111276186196335,win
surface_sd_mm_penalized,Surface penalized SD (mm),MNE,-10,15,4.945858894016923,24.954969219061425,20.009110325044503,win
surface_sd_mm_penalized,Surface penalized SD (mm),MNE,-10,20,4.612543847136828,21.529048770457848,16.91650492332102,win
surface_sd_mm_penalized,Surface penalized SD (mm),MNE,-5,-10,3.432092723923828,68.33629944199464,64.90420671807081,win
surface_sd_mm_penalized,Surface penalized SD (mm),MNE,-5,-5,2.769837960333548,64.65530207272987,61.88546411239632,win
surface_sd_mm_penalized,Surface penalized SD (mm),MNE,-5,0,3.352885973901298,58.72433569484853,55.371449720947226,win
surface_sd_mm_penalized,Surface penalized SD (mm),MNE,-5,5,3.317636512577548,51.43476117116054,48.11712465858299,win
surface_sd_mm_penalized,Surface penalized SD (mm),MNE,-5,10,4.124739133858844,39.01263234248892,34.887893208630075,win
surface_sd_mm_penalized,Surface penalized SD (mm),MNE,-5,15,4.075735639512219,26.1609001655351,22.08516452602288,win
surface_sd_mm_penalized,Surface penalized SD (mm),MNE,-5,20,4.555400728511314,20.950128991842487,16.394728263331174,win
surface_sd_mm_penalized,Surface penalized SD (mm),MNE,0,-10,2.745469422000315,65.71256274328476,62.96709332128445,win
surface_sd_mm_penalized,Surface penalized SD (mm),MNE,0,-5,2.5703006138651006,59.347124782194804,56.7768241683297,win
surface_sd_mm_penalized,Surface penalized SD (mm),MNE,0,0,2.874317766278523,48.48192497550608,45.60760720922756,win
surface_sd_mm_penalized,Surface penalized SD (mm),MNE,0,5,3.376427237586101,39.985358956198915,36.608931718612816,win
surface_sd_mm_penalized,Surface penalized SD (mm),MNE,0,10,4.535961136767866,32.08001743536561,27.544056298597745,win
surface_sd_mm_penalized,Surface penalized SD (mm),MNE,0,15,3.832848912001925,24.75686149595414,20.924012583952216,win
surface_sd_mm_penalized,Surface penalized SD (mm),MNE,0,20,3.8314428992027216,20.687356271365136,16.855913372162416,win
surface_sd_mm_penalized,Surface penalized SD (mm),MNE,5,-10,3.5171783163413504,58.36012745455984,54.842949138218486,win
surface_sd_mm_penalized,Surface penalized SD (mm),MNE,5,-5,3.567002353281115,50.89906081266531,47.3320584593842,win
surface_sd_mm_penalized,Surface penalized SD (mm),MNE,5,0,2.3212539904324356,39.0523739912477,36.73112000081526,win
surface_sd_mm_penalized,Surface penalized SD (mm),MNE,5,5,2.7350509320951466,28.73739580903251,26.002344876937364,win
surface_sd_mm_penalized,Surface penalized SD (mm),MNE,5,10,2.6306046534269356,24.15473303477815,21.524128381351215,win
surface_sd_mm_penalized,Surface penalized SD (mm),MNE,5,15,3.6071444105037944,21.100232919537024,17.493088509033228,win
surface_sd_mm_penalized,Surface penalized SD (mm),MNE,5,20,3.3198946722924423,19.612869794291367,16.292975121998925,win
surface_sd_mm_penalized,Surface penalized SD (mm),MNE,10,-10,4.5668723866012,43.379003581201054,38.81213119459986,win
surface_sd_mm_penalized,Surface penalized SD (mm),MNE,10,-5,3.193770920743091,38.814688739460195,35.6209178187171,win
surface_sd_mm_penalized,Surface penalized SD (mm),MNE,10,0,3.386359066712611,30.635735240504754,27.249376173792143,win
surface_sd_mm_penalized,Surface penalized SD (mm),MNE,10,5,2.4926810903946737,22.320364670119947,19.827683579725274,win
surface_sd_mm_penalized,Surface penalized SD (mm),MNE,10,10,3.047740249047955,19.411822363540725,16.36408211449277,win
surface_sd_mm_penalized,Surface penalized SD (mm),MNE,10,15,3.1733783660499815,18.74711872788209,15.573740361832108,win
surface_sd_mm_penalized,Surface penalized SD (mm),MNE,10,20,3.228599257554738,18.39026005939901,15.161660801844274,win
surface_sd_mm_penalized,Surface penalized SD (mm),MNE,15,-10,4.6411739458217225,29.869749668129383,25.22857572230766,win
surface_sd_mm_penalized,Surface penalized SD (mm),MNE,15,-5,4.431668231796486,27.559175279887047,23.12750704809056,win
surface_sd_mm_penalized,Surface penalized SD (mm),MNE,15,0,3.7964750305919313,23.580010986174567,19.783535955582636,win
surface_sd_mm_penalized,Surface penalized SD (mm),MNE,15,5,2.749889582331646,18.923593354670256,16.17370377233861,win
surface_sd_mm_penalized,Surface penalized SD (mm),MNE,15,10,2.6560910833629845,17.3035153958327,14.647424312469717,win
surface_sd_mm_penalized,Surface penalized SD (mm),MNE,15,15,2.5233066855844037,17.59200559785937,15.068698912274966,win
surface_sd_mm_penalized,Surface penalized SD (mm),MNE,15,20,2.6392330050591286,17.668209686249664,15.028976681190535,win
surface_sd_mm_penalized,Surface penalized SD (mm),MNE,20,-10,4.3073966824841134,22.68075139622687,18.373354713742756,win
surface_sd_mm_penalized,Surface penalized SD (mm),MNE,20,-5,4.534618185075321,21.337780291678587,16.803162106603267,win
surface_sd_mm_penalized,Surface penalized SD (mm),MNE,20,0,3.7285107927895145,19.480899946832512,15.752389154042998,win
surface_sd_mm_penalized,Surface penalized SD (mm),MNE,20,5,3.8695087186929995,17.41091189624918,13.541403177556179,win
surface_sd_mm_penalized,Surface penalized SD (mm),MNE,20,10,2.7963535894723983,16.366900972618023,13.570547383145625,win
surface_sd_mm_penalized,Surface penalized SD (mm),MNE,20,15,2.4656221143243022,16.657145583900768,14.191523469576465,win
surface_sd_mm_penalized,Surface penalized SD (mm),MNE,20,20,2.2969318684601636,17.34377546683007,15.046843598369907,win
surface_sd_mm_penalized,Surface penalized SD (mm),LCMV,-10,-10,4.923778196672154,54.790237434820604,49.86645923814845,win
surface_sd_mm_penalized,Surface penalized SD (mm),LCMV,-10,-5,4.001712305454112,53.183958467167365,49.18224616171325,win
surface_sd_mm_penalized,Surface penalized SD (mm),LCMV,-10,0,3.9017862808663626,51.86363055531472,47.96184427444836,win
surface_sd_mm_penalized,Surface penalized SD (mm),LCMV,-10,5,4.5354790035262225,50.96969601777396,46.43421701424774,win
surface_sd_mm_penalized,Surface penalized SD (mm),LCMV,-10,10,4.446705532158805,50.57682109149237,46.13011555933357,win
surface_sd_mm_penalized,Surface penalized SD (mm),LCMV,-10,15,4.945858894016923,50.39454164591908,45.448682751902155,win
surface_sd_mm_penalized,Surface penalized SD (mm),LCMV,-10,20,4.612543847136828,50.257430975876815,45.64488712873999,win
surface_sd_mm_penalized,Surface penalized SD (mm),LCMV,-5,-10,3.432092723923828,55.51589738056389,52.08380465664006,win
surface_sd_mm_penalized,Surface penalized SD (mm),LCMV,-5,-5,2.769837960333548,54.015575692705006,51.24573773237146,win
surface_sd_mm_penalized,Surface penalized SD (mm),LCMV,-5,0,3.352885973901298,52.534037645058014,49.18115167115671,win
surface_sd_mm_penalized,Surface penalized SD (mm),LCMV,-5,5,3.317636512577548,51.35674330310777,48.03910679053022,win
surface_sd_mm_penalized,Surface penalized SD (mm),LCMV,-5,10,4.124739133858844,50.72876897722697,46.604029843368124,win
surface_sd_mm_penalized,Surface penalized SD (mm),LCMV,-5,15,4.075735639512219,50.35969563237887,46.283959992866656,win
surface_sd_mm_penalized,Surface penalized SD (mm),LCMV,-5,20,4.555400728511314,50.25954832835016,45.70414759983884,win
surface_sd_mm_penalized,Surface penalized SD (mm),LCMV,0,-10,2.745469422000315,55.354970087148395,52.60950066514808,win
surface_sd_mm_penalized,Surface penalized SD (mm),LCMV,0,-5,2.5703006138651006,54.3275687007711,51.757268086906,win
surface_sd_mm_penalized,Surface penalized SD (mm),LCMV,0,0,2.874317766278523,53.07191515005102,50.1975973837725,win
surface_sd_mm_penalized,Surface penalized SD (mm),LCMV,0,5,3.376427237586101,51.77548213275241,48.39905489516631,win
surface_sd_mm_penalized,Surface penalized SD (mm),LCMV,0,10,4.535961136767866,50.92242151650222,46.38646037973435,win
surface_sd_mm_penalized,Surface penalized SD (mm),LCMV,0,15,3.832848912001925,50.5469083945564,46.714059482554475,win
surface_sd_mm_penalized,Surface penalized SD (mm),LCMV,0,20,3.8314428992027216,50.214522590422526,46.383079691219805,win
surface_sd_mm_penalized,Surface penalized SD (mm),LCMV,5,-10,3.5171783163413504,54.472633821863106,50.955455505521755,win
surface_sd_mm_penalized,Surface penalized SD (mm),LCMV,5,-5,3.567002353281115,53.73538155749957,50.16837920421845,win
surface_sd_mm_penalized,Surface penalized SD (mm),LCMV,5,0,2.3212539904324356,52.8100583889911,50.48880439855866,win
surface_sd_mm_penalized,Surface penalized SD (mm),LCMV,5,5,2.7350509320951466,51.883239611731995,49.148188679636846,win
surface_sd_mm_penalized,Surface penalized SD (mm),LCMV,5,10,2.6306046534269356,51.140524041469284,48.50991938804235,win
surface_sd_mm_penalized,Surface penalized SD (mm),LCMV,5,15,3.6071444105037944,50.49199946818042,46.884855057676624,win
surface_sd_mm_penalized,Surface penalized SD (mm),LCMV,5,20,3.3198946722924423,50.284378875194136,46.964484202901694,win
surface_sd_mm_penalized,Surface penalized SD (mm),LCMV,10,-10,4.5668723866012,52.93638606333923,48.36951367673803,win
surface_sd_mm_penalized,Surface penalized SD (mm),LCMV,10,-5,3.193770920743091,52.60444095955893,49.41067003881584,win
surface_sd_mm_penalized,Surface penalized SD (mm),LCMV,10,0,3.386359066712611,52.201487319368276,48.81512825265567,win
surface_sd_mm_penalized,Surface penalized SD (mm),LCMV,10,5,2.4926810903946737,51.393810974258855,48.90112988386418,win
surface_sd_mm_penalized,Surface penalized SD (mm),LCMV,10,10,3.047740249047955,50.87065540160008,47.82291515255213,win
surface_sd_mm_penalized,Surface penalized SD (mm),LCMV,10,15,3.1733783660499815,50.39766523067501,47.22428686462503,win
surface_sd_mm_penalized,Surface penalized SD (mm),LCMV,10,20,3.228599257554738,50.12569228571596,46.897093028161215,win
surface_sd_mm_penalized,Surface penalized SD (mm),LCMV,15,-10,4.6411739458217225,51.489595963272365,46.848422017450645,win
surface_sd_mm_penalized,Surface penalized SD (mm),LCMV,15,-5,4.431668231796486,51.25981914365523,46.82815091185874,win
surface_sd_mm_penalized,Surface penalized SD (mm),LCMV,15,0,3.7964750305919313,51.2583213091265,47.46184627853457,win
surface_sd_mm_penalized,Surface penalized SD (mm),LCMV,15,5,2.749889582331646,50.76970693574756,48.01981735341591,win
surface_sd_mm_penalized,Surface penalized SD (mm),LCMV,15,10,2.6560910833629845,50.25768430578887,47.60159322242588,win
surface_sd_mm_penalized,Surface penalized SD (mm),LCMV,15,15,2.5233066855844037,49.948398672500566,47.425091986916165,win
surface_sd_mm_penalized,Surface penalized SD (mm),LCMV,15,20,2.6392330050591286,49.7496862727214,47.11045326766227,win
surface_sd_mm_penalized,Surface penalized SD (mm),LCMV,20,-10,4.3073966824841134,50.213388884153865,45.905992201669754,win
surface_sd_mm_penalized,Surface penalized SD (mm),LCMV,20,-5,4.534618185075321,50.27700782563094,45.742389640555615,win
surface_sd_mm_penalized,Surface penalized SD (mm),LCMV,20,0,3.7285107927895145,50.07037950716734,46.341868714377824,win
surface_sd_mm_penalized,Surface penalized SD (mm),LCMV,20,5,3.8695087186929995,49.90286237398748,46.03335365529448,win
surface_sd_mm_penalized,Surface penalized SD (mm),LCMV,20,10,2.7963535894723983,49.748218631828564,46.95186504235617,win
surface_sd_mm_penalized,Surface penalized SD (mm),LCMV,20,15,2.4656221143243022,49.59733899749953,47.13171688317522,win
surface_sd_mm_penalized,Surface penalized SD (mm),LCMV,20,20,2.2969318684601636,49.281187398674795,46.98425553021463,win
surface_sd_mm_penalized,Surface penalized SD (mm),RAP-MUSIC,-10,-10,4.923778196672154,12.354414793879803,7.430636597207649,win
surface_sd_mm_penalized,Surface penalized SD (mm),RAP-MUSIC,-10,-5,4.001712305454112,8.616712398779422,4.6150000933253095,win
surface_sd_mm_penalized,Surface penalized SD (mm),RAP-MUSIC,-10,0,3.9017862808663626,5.020950265123104,1.1191639842567414,win
surface_sd_mm_penalized,Surface penalized SD (mm),RAP-MUSIC,-10,5,4.5354790035262225,5.294105974800661,0.7586269712744382,win
surface_sd_mm_penalized,Surface penalized SD (mm),RAP-MUSIC,-10,10,4.446705532158805,5.215464931833307,0.7687593996745026,win
surface_sd_mm_penalized,Surface penalized SD (mm),RAP-MUSIC,-10,15,4.945858894016923,4.266154517057857,-0.6797043769590658,loss
surface_sd_mm_penalized,Surface penalized SD (mm),RAP-MUSIC,-10,20,4.612543847136828,5.3553576305491974,0.7428137834123696,win
surface_sd_mm_penalized,Surface penalized SD (mm),RAP-MUSIC,-5,-10,3.432092723923828,7.420167506364596,3.988074782440768,win
surface_sd_mm_penalized,Surface penalized SD (mm),RAP-MUSIC,-5,-5,2.769837960333548,5.644608412565266,2.874770452231718,win
surface_sd_mm_penalized,Surface penalized SD (mm),RAP-MUSIC,-5,0,3.352885973901298,4.914825912544663,1.5619399386433654,win
surface_sd_mm_penalized,Surface penalized SD (mm),RAP-MUSIC,-5,5,3.317636512577548,4.5724345391015015,1.2547980265239533,win
surface_sd_mm_penalized,Surface penalized SD (mm),RAP-MUSIC,-5,10,4.124739133858844,4.1132051407221395,-0.011533993136704446,loss
surface_sd_mm_penalized,Surface penalized SD (mm),RAP-MUSIC,-5,15,4.075735639512219,4.662816610246275,0.5870809707340561,win
surface_sd_mm_penalized,Surface penalized SD (mm),RAP-MUSIC,-5,20,4.555400728511314,5.2694122931577745,0.7140115646464604,win
surface_sd_mm_penalized,Surface penalized SD (mm),RAP-MUSIC,0,-10,2.745469422000315,4.460455928277376,1.7149865062770613,win
surface_sd_mm_penalized,Surface penalized SD (mm),RAP-MUSIC,0,-5,2.5703006138651006,4.703347905897374,2.1330472920322734,win
surface_sd_mm_penalized,Surface penalized SD (mm),RAP-MUSIC,0,0,2.874317766278523,4.478639043143814,1.6043212768652912,win
surface_sd_mm_penalized,Surface penalized SD (mm),RAP-MUSIC,0,5,3.376427237586101,4.3064930499664476,0.9300658123803465,win
surface_sd_mm_penalized,Surface penalized SD (mm),RAP-MUSIC,0,10,4.535961136767866,3.5028488019909205,-1.0331123347769453,loss
surface_sd_mm_penalized,Surface penalized SD (mm),RAP-MUSIC,0,15,3.832848912001925,4.474179171576323,0.6413302595743984,win
surface_sd_mm_penalized,Surface penalized SD (mm),RAP-MUSIC,0,20,3.8314428992027216,4.739870865154604,0.9084279659518821,win
surface_sd_mm_penalized,Surface penalized SD (mm),RAP-MUSIC,5,-10,3.5171783163413504,4.601887008883472,1.0847086925421219,win
surface_sd_mm_penalized,Surface penalized SD (mm),RAP-MUSIC,5,-5,3.567002353281115,4.154355906156389,0.5873535528752738,win
surface_sd_mm_penalized,Surface penalized SD (mm),RAP-MUSIC,5,0,2.3212539904324356,4.11842771808785,1.7971737276554145,win
surface_sd_mm_penalized,Surface penalized SD (mm),RAP-MUSIC,5,5,2.7350509320951466,3.823377230624461,1.0883262985293145,win
surface_sd_mm_penalized,Surface penalized SD (mm),RAP-MUSIC,5,10,2.6306046534269356,3.7481091520379395,1.1175044986110039,win
surface_sd_mm_penalized,Surface penalized SD (mm),RAP-MUSIC,5,15,3.6071444105037944,3.8891834102370315,0.2820389997332371,win
surface_sd_mm_penalized,Surface penalized SD (mm),RAP-MUSIC,5,20,3.3198946722924423,4.604956614394784,1.2850619421023421,win
surface_sd_mm_penalized,Surface penalized SD (mm),RAP-MUSIC,10,-10,4.5668723866012,4.855234135101404,0.28836174850020413,win
surface_sd_mm_penalized,Surface penalized SD (mm),RAP-MUSIC,10,-5,3.193770920743091,4.3208310755763035,1.1270601548332126,win
surface_sd_mm_penalized,Surface penalized SD (mm),RAP-MUSIC,10,0,3.386359066712611,4.205591445354796,0.8192323786421847,win
surface_sd_mm_penalized,Surface penalized SD (mm),RAP-MUSIC,10,5,2.4926810903946737,3.101219086437967,0.6085379960432933,win
surface_sd_mm_penalized,Surface penalized SD (mm),RAP-MUSIC,10,10,3.047740249047955,3.054950085164638,0.007209836116683022,win
surface_sd_mm_penalized,Surface penalized SD (mm),RAP-MUSIC,10,15,3.1733783660499815,3.3168322251283784,0.14345385907839692,win
surface_sd_mm_penalized,Surface penalized SD (mm),RAP-MUSIC,10,20,3.228599257554738,3.8130197241912493,0.5844204666365114,win
surface_sd_mm_penalized,Surface penalized SD (mm),RAP-MUSIC,15,-10,4.6411739458217225,5.063316309258101,0.4221423634363788,win
surface_sd_mm_penalized,Surface penalized SD (mm),RAP-MUSIC,15,-5,4.431668231796486,4.252018136107051,-0.17965009568943557,loss
surface_sd_mm_penalized,Surface penalized SD (mm),RAP-MUSIC,15,0,3.7964750305919313,4.09139689638251,0.2949218657905788,win
surface_sd_mm_penalized,Surface penalized SD (mm),RAP-MUSIC,15,5,2.749889582331646,3.621100622542579,0.871211040210933,win
surface_sd_mm_penalized,Surface penalized SD (mm),RAP-MUSIC,15,10,2.6560910833629845,3.2473440796862096,0.5912529963232251,win
surface_sd_mm_penalized,Surface penalized SD (mm),RAP-MUSIC,15,15,2.5233066855844037,3.2891607731231844,0.7658540875387807,win
surface_sd_mm_penalized,Surface penalized SD (mm),RAP-MUSIC,15,20,2.6392330050591286,3.3102239540015965,0.6709909489424679,win
surface_sd_mm_penalized,Surface penalized SD (mm),RAP-MUSIC,20,-10,4.3073966824841134,5.506483199797941,1.1990865173138276,win
surface_sd_mm_penalized,Surface penalized SD (mm),RAP-MUSIC,20,-5,4.534618185075321,4.838780379341842,0.3041621942665209,win
surface_sd_mm_penalized,Surface penalized SD (mm),RAP-MUSIC,20,0,3.7285107927895145,4.395844808933031,0.6673340161435166,win
surface_sd_mm_penalized,Surface penalized SD (mm),RAP-MUSIC,20,5,3.8695087186929995,4.26407160012554,0.39456288143254037,win
surface_sd_mm_penalized,Surface penalized SD (mm),RAP-MUSIC,20,10,2.7963535894723983,3.7292709842374703,0.932917394765072,win
surface_sd_mm_penalized,Surface penalized SD (mm),RAP-MUSIC,20,15,2.4656221143243022,3.4618456453935535,0.9962235310692513,win
surface_sd_mm_penalized,Surface penalized SD (mm),RAP-MUSIC,20,20,2.2969318684601636,3.18358295640445,0.8866510879442866,win
surface_sd_mm_penalized,Surface penalized SD (mm),Dipole fitting (grid),-10,-10,4.923778196672154,19.996695523435637,15.072917326763484,win
surface_sd_mm_penalized,Surface penalized SD (mm),Dipole fitting (grid),-10,-5,4.001712305454112,13.412014355143492,9.410302049689381,win
surface_sd_mm_penalized,Surface penalized SD (mm),Dipole fitting (grid),-10,0,3.9017862808663626,8.326970586206722,4.425184305340359,win
surface_sd_mm_penalized,Surface penalized SD (mm),Dipole fitting (grid),-10,5,4.5354790035262225,7.326157844950093,2.790678841423871,win
surface_sd_mm_penalized,Surface penalized SD (mm),Dipole fitting (grid),-10,10,4.446705532158805,6.484980914977612,2.0382753828188074,win
surface_sd_mm_penalized,Surface penalized SD (mm),Dipole fitting (grid),-10,15,4.945858894016923,6.396000632251969,1.4501417382350459,win
surface_sd_mm_penalized,Surface penalized SD (mm),Dipole fitting (grid),-10,20,4.612543847136828,7.263609946976897,2.651066099840069,win
surface_sd_mm_penalized,Surface penalized SD (mm),Dipole fitting (grid),-5,-10,3.432092723923828,12.727721960821773,9.295629236897945,win
surface_sd_mm_penalized,Surface penalized SD (mm),Dipole fitting (grid),-5,-5,2.769837960333548,8.75909442222689,5.989256461893341,win
surface_sd_mm_penalized,Surface penalized SD (mm),Dipole fitting (grid),-5,0,3.352885973901298,5.9815752943308285,2.6286893204295305,win
surface_sd_mm_penalized,Surface penalized SD (mm),Dipole fitting (grid),-5,5,3.317636512577548,4.901531891908728,1.5838953793311794,win
surface_sd_mm_penalized,Surface penalized SD (mm),Dipole fitting (grid),-5,10,4.124739133858844,5.150958833279419,1.026219699420575,win
surface_sd_mm_penalized,Surface penalized SD (mm),Dipole fitting (grid),-5,15,4.075735639512219,6.827261689502856,2.7515260499906367,win
surface_sd_mm_penalized,Surface penalized SD (mm),Dipole fitting (grid),-5,20,4.555400728511314,6.570548874903321,2.015148146392007,win
surface_sd_mm_penalized,Surface penalized SD (mm),Dipole fitting (grid),0,-10,2.745469422000315,5.9245170092512724,3.1790475872509574,win
surface_sd_mm_penalized,Surface penalized SD (mm),Dipole fitting (grid),0,-5,2.5703006138651006,5.858162516906656,3.2878619030415557,win
surface_sd_mm_penalized,Surface penalized SD (mm),Dipole fitting (grid),0,0,2.874317766278523,4.411948143332697,1.5376303770541737,win
surface_sd_mm_penalized,Surface penalized SD (mm),Dipole fitting (grid),0,5,3.376427237586101,4.320068541060937,0.9436413034748363,win
surface_sd_mm_penalized,Surface penalized SD (mm),Dipole fitting (grid),0,10,4.535961136767866,6.290620574725093,1.7546594379572271,win
surface_sd_mm_penalized,Surface penalized SD (mm),Dipole fitting (grid),0,15,3.832848912001925,4.995234718845086,1.1623858068431607,win
surface_sd_mm_penalized,Surface penalized SD (mm),Dipole fitting (grid),0,20,3.8314428992027216,6.472833903051186,2.6413910038484647,win
surface_sd_mm_penalized,Surface penalized SD (mm),Dipole fitting (grid),5,-10,3.5171783163413504,4.68040511203803,1.1632267956966795,win
surface_sd_mm_penalized,Surface penalized SD (mm),Dipole fitting (grid),5,-5,3.567002353281115,4.029621934413041,0.4626195811319258,win
surface_sd_mm_penalized,Surface penalized SD (mm),Dipole fitting (grid),5,0,2.3212539904324356,4.443879102723676,2.12262511229124,win
surface_sd_mm_penalized,Surface penalized SD (mm),Dipole fitting (grid),5,5,2.7350509320951466,4.5655277660005344,1.8304768339053878,win
surface_sd_mm_penalized,Surface penalized SD (mm),Dipole fitting (grid),5,10,2.6306046534269356,4.540422344100873,1.909817690673937,win
surface_sd_mm_penalized,Surface penalized SD (mm),Dipole fitting (grid),5,15,3.6071444105037944,5.25403533701402,1.6468909265102258,win
surface_sd_mm_penalized,Surface penalized SD (mm),Dipole fitting (grid),5,20,3.3198946722924423,6.283075459124208,2.963180786831766,win
surface_sd_mm_penalized,Surface penalized SD (mm),Dipole fitting (grid),10,-10,4.5668723866012,6.408802756707146,1.8419303701059464,win
surface_sd_mm_penalized,Surface penalized SD (mm),Dipole fitting (grid),10,-5,3.193770920743091,5.3317513474735705,2.1379804267304796,win
surface_sd_mm_penalized,Surface penalized SD (mm),Dipole fitting (grid),10,0,3.386359066712611,4.365992451402139,0.979633384689528,win
surface_sd_mm_penalized,Surface penalized SD (mm),Dipole fitting (grid),10,5,2.4926810903946737,3.6193960524700195,1.1267149620753458,win
surface_sd_mm_penalized,Surface penalized SD (mm),Dipole fitting (grid),10,10,3.047740249047955,4.143405729066372,1.0956654800184173,win
surface_sd_mm_penalized,Surface penalized SD (mm),Dipole fitting (grid),10,15,3.1733783660499815,4.2092938756094656,1.035915509559484,win
surface_sd_mm_penalized,Surface penalized SD (mm),Dipole fitting (grid),10,20,3.228599257554738,5.0930929929632205,1.8644937354084825,win
surface_sd_mm_penalized,Surface penalized SD (mm),Dipole fitting (grid),15,-10,4.6411739458217225,6.658363970071928,2.0171900242502057,win
surface_sd_mm_penalized,Surface penalized SD (mm),Dipole fitting (grid),15,-5,4.431668231796486,5.3637369674855995,0.9320687356891133,win
surface_sd_mm_penalized,Surface penalized SD (mm),Dipole fitting (grid),15,0,3.7964750305919313,5.150013997919598,1.3535389673276668,win
surface_sd_mm_penalized,Surface penalized SD (mm),Dipole fitting (grid),15,5,2.749889582331646,4.830622188786124,2.0807326064544776,win
surface_sd_mm_penalized,Surface penalized SD (mm),Dipole fitting (grid),15,10,2.6560910833629845,3.736803671498102,1.0807125881351176,win
surface_sd_mm_penalized,Surface penalized SD (mm),Dipole fitting (grid),15,15,2.5233066855844037,4.182022257863205,1.6587155722788016,win
surface_sd_mm_penalized,Surface penalized SD (mm),Dipole fitting (grid),15,20,2.6392330050591286,4.463487830841403,1.8242548257822748,win
surface_sd_mm_penalized,Surface penalized SD (mm),Dipole fitting (grid),20,-10,4.3073966824841134,6.574172913830897,2.2667762313467836,win
surface_sd_mm_penalized,Surface penalized SD (mm),Dipole fitting (grid),20,-5,4.534618185075321,6.413152227862491,1.8785340427871695,win
surface_sd_mm_penalized,Surface penalized SD (mm),Dipole fitting (grid),20,0,3.7285107927895145,5.454554163197783,1.7260433704082687,win
surface_sd_mm_penalized,Surface penalized SD (mm),Dipole fitting (grid),20,5,3.8695087186929995,5.38138494268436,1.5118762239913601,win
surface_sd_mm_penalized,Surface penalized SD (mm),Dipole fitting (grid),20,10,2.7963535894723983,4.332978969946608,1.5366253804742098,win
surface_sd_mm_penalized,Surface penalized SD (mm),Dipole fitting (grid),20,15,2.4656221143243022,4.553686829246437,2.0880647149221345,win
surface_sd_mm_penalized,Surface penalized SD (mm),Dipole fitting (grid),20,20,2.2969318684601636,3.9301376260504455,1.6332057575902819,win
surface_dle_mm_penalized,Surface penalized DLE (mm),dSPM,-10,-10,8.65365847815488,20.997274172530407,12.343615694375528,win
surface_dle_mm_penalized,Surface penalized DLE (mm),dSPM,-10,-5,7.969578047286759,15.1528481486417,7.183270101354942,win
surface_dle_mm_penalized,Surface penalized DLE (mm),dSPM,-10,0,9.138486443716074,13.326495305330196,4.188008861614122,win
surface_dle_mm_penalized,Surface penalized DLE (mm),dSPM,-10,5,7.982080279407069,12.37185277440188,4.389772494994811,win
surface_dle_mm_penalized,Surface penalized DLE (mm),dSPM,-10,10,9.325904570112812,12.853726089643436,3.527821519530624,win
surface_dle_mm_penalized,Surface penalized DLE (mm),dSPM,-10,15,9.758817525497491,13.176894303339886,3.418076777842394,win
surface_dle_mm_penalized,Surface penalized DLE (mm),dSPM,-10,20,8.759862730267129,15.219193990439654,6.459331260172526,win
surface_dle_mm_penalized,Surface penalized DLE (mm),dSPM,-5,-10,8.680600041023055,17.06759878956613,8.386998748543075,win
surface_dle_mm_penalized,Surface penalized DLE (mm),dSPM,-5,-5,8.583366744798901,14.6520220145931,6.068655269794199,win
surface_dle_mm_penalized,Surface penalized DLE (mm),dSPM,-5,0,8.467482761617873,13.864144061329625,5.396661299711752,win
surface_dle_mm_penalized,Surface penalized DLE (mm),dSPM,-5,5,8.01622369051501,13.640500093063388,5.624276402548377,win
surface_dle_mm_penalized,Surface penalized DLE (mm),dSPM,-5,10,8.331339566881917,12.700464390958187,4.36912482407627,win
surface_dle_mm_penalized,Surface penalized DLE (mm),dSPM,-5,15,9.316262557854989,12.543115888385522,3.226853330530533,win
surface_dle_mm_penalized,Surface penalized DLE (mm),dSPM,-5,20,9.266082149124928,13.250461860798323,3.9843797116733946,win
surface_dle_mm_penalized,Surface penalized DLE (mm),dSPM,0,-10,9.093579357989013,16.850681838011894,7.757102480022882,win
surface_dle_mm_penalized,Surface penalized DLE (mm),dSPM,0,-5,7.513240253737913,16.158414772576396,8.645174518838484,win
surface_dle_mm_penalized,Surface penalized DLE (mm),dSPM,0,0,7.41314379503974,14.834095948763093,7.420952153723353,win
surface_dle_mm_penalized,Surface penalized DLE (mm),dSPM,0,5,7.758041429715377,13.83628890524715,6.078247475531773,win
surface_dle_mm_penalized,Surface penalized DLE (mm),dSPM,0,10,9.536347538439122,13.773873181821088,4.237525643381966,win
surface_dle_mm_penalized,Surface penalized DLE (mm),dSPM,0,15,8.783725878766786,12.562259808120636,3.7785339293538502,win
surface_dle_mm_penalized,Surface penalized DLE (mm),dSPM,0,20,7.904418134034219,12.72403227827454,4.8196141442403215,win
surface_dle_mm_penalized,Surface penalized DLE (mm),dSPM,5,-10,9.353723862126973,17.47856552719329,8.124841665066317,win
surface_dle_mm_penalized,Surface penalized DLE (mm),dSPM,5,-5,8.943807086694543,17.37325556080381,8.429448474109266,win
surface_dle_mm_penalized,Surface penalized DLE (mm),dSPM,5,0,7.972436101562896,16.952975223462236,8.98053912189934,win
surface_dle_mm_penalized,Surface penalized DLE (mm),dSPM,5,5,8.060821252045965,14.93545087122096,6.8746296191749945,win
surface_dle_mm_penalized,Surface penalized DLE (mm),dSPM,5,10,7.216121668501967,13.83371260261736,6.617590934115394,win
surface_dle_mm_penalized,Surface penalized DLE (mm),dSPM,5,15,8.496255470119637,13.63865316284596,5.142397692726323,win
surface_dle_mm_penalized,Surface penalized DLE (mm),dSPM,5,20,9.703850470350346,13.088655133267826,3.38480466291748,win
surface_dle_mm_penalized,Surface penalized DLE (mm),dSPM,10,-10,9.356222567132315,19.287094165769677,9.930871598637362,win
surface_dle_mm_penalized,Surface penalized DLE (mm),dSPM,10,-5,8.090815325166288,18.477381850512383,10.386566525346096,win
surface_dle_mm_penalized,Surface penalized DLE (mm),dSPM,10,0,8.293868915860015,17.571034177216102,9.277165261356087,win
surface_dle_mm_penalized,Surface penalized DLE (mm),dSPM,10,5,7.0162401158010255,17.346103001798195,10.32986288599717,win
surface_dle_mm_penalized,Surface penalized DLE (mm),dSPM,10,10,7.288633924289793,15.808623193442438,8.519989269152646,win
surface_dle_mm_penalized,Surface penalized DLE (mm),dSPM,10,15,7.864656568783638,13.506081791608173,5.641425222824535,win
surface_dle_mm_penalized,Surface penalized DLE (mm),dSPM,10,20,9.043206719043093,13.760105822804727,4.716899103761634,win
surface_dle_mm_penalized,Surface penalized DLE (mm),dSPM,15,-10,9.812552380298607,20.677090583972543,10.864538203673936,win
surface_dle_mm_penalized,Surface penalized DLE (mm),dSPM,15,-5,9.090489590382672,20.158642206829057,11.068152616446385,win
surface_dle_mm_penalized,Surface penalized DLE (mm),dSPM,15,0,8.646121932262881,18.631964475223093,9.985842542960212,win
surface_dle_mm_penalized,Surface penalized DLE (mm),dSPM,15,5,7.95901415559628,17.001032007066367,9.042017851470089,win
surface_dle_mm_penalized,Surface penalized DLE (mm),dSPM,15,10,8.285043459944635,17.002255847166293,8.717212387221657,win
surface_dle_mm_penalized,Surface penalized DLE (mm),dSPM,15,15,7.334201647660319,15.42674228568943,8.09254063802911,win
surface_dle_mm_penalized,Surface penalized DLE (mm),dSPM,15,20,7.640096275570486,14.441957950801674,6.801861675231188,win
surface_dle_mm_penalized,Surface penalized DLE (mm),dSPM,20,-10,10.146550917685225,21.98406983044285,11.837518912757623,win
surface_dle_mm_penalized,Surface penalized DLE (mm),dSPM,20,-5,9.371452538831546,20.725119234480662,11.353666695649116,win
surface_dle_mm_penalized,Surface penalized DLE (mm),dSPM,20,0,9.46585664443157,19.57064714405284,10.104790499621268,win
surface_dle_mm_penalized,Surface penalized DLE (mm),dSPM,20,5,9.34608627713193,18.59638663094803,9.2503003538161,win
surface_dle_mm_penalized,Surface penalized DLE (mm),dSPM,20,10,7.828004035121488,17.289634136407603,9.461630101286115,win
surface_dle_mm_penalized,Surface penalized DLE (mm),dSPM,20,15,7.613774448814723,16.888045492538662,9.274271043723939,win
surface_dle_mm_penalized,Surface penalized DLE (mm),dSPM,20,20,6.943004774448962,15.609624172522281,8.666619398073319,win
surface_dle_mm_penalized,Surface penalized DLE (mm),eLORETA,-10,-10,8.65365847815488,47.59590192345822,38.94224344530334,win
surface_dle_mm_penalized,Surface penalized DLE (mm),eLORETA,-10,-5,7.969578047286759,32.0179519933257,24.048373946038943,win
surface_dle_mm_penalized,Surface penalized DLE (mm),eLORETA,-10,0,9.138486443716074,17.39877362201757,8.260287178301494,win
surface_dle_mm_penalized,Surface penalized DLE (mm),eLORETA,-10,5,7.982080279407069,8.349996640973673,0.36791636156660434,win
surface_dle_mm_penalized,Surface penalized DLE (mm),eLORETA,-10,10,9.325904570112812,8.461555875010903,-0.8643486951019081,loss
surface_dle_mm_penalized,Surface penalized DLE (mm),eLORETA,-10,15,9.758817525497491,8.370928703777343,-1.3878888217201482,loss
surface_dle_mm_penalized,Surface penalized DLE (mm),eLORETA,-10,20,8.759862730267129,8.431251806952027,-0.328610923315102,loss
surface_dle_mm_penalized,Surface penalized DLE (mm),eLORETA,-5,-10,8.680600041023055,35.331572825101254,26.6509727840782,win
surface_dle_mm_penalized,Surface penalized DLE (mm),eLORETA,-5,-5,8.583366744798901,26.771021428165483,18.18765468336658,win
surface_dle_mm_penalized,Surface penalized DLE (mm),eLORETA,-5,0,8.467482761617873,12.622240626127871,4.154757864509998,win
surface_dle_mm_penalized,Surface penalized DLE (mm),eLORETA,-5,5,8.01622369051501,8.86830688871754,0.8520831982025285,win
surface_dle_mm_penalized,Surface penalized DLE (mm),eLORETA,-5,10,8.331339566881917,8.842834894051185,0.5114953271692677,win
surface_dle_mm_penalized,Surface penalized DLE (mm),eLORETA,-5,15,9.316262557854989,8.309072974266092,-1.0071895835888967,loss
surface_dle_mm_penalized,Surface penalized DLE (mm),eLORETA,-5,20,9.266082149124928,8.39476521021015,-0.871316938914779,loss
surface_dle_mm_penalized,Surface penalized DLE (mm),eLORETA,0,-10,9.093579357989013,25.90516442327231,16.811585065283296,win
surface_dle_mm_penalized,Surface penalized DLE (mm),eLORETA,0,-5,7.513240253737913,20.901440598647508,13.388200344909595,win
surface_dle_mm_penalized,Surface penalized DLE (mm),eLORETA,0,0,7.41314379503974,10.56480091971368,3.1516571246739398,win
surface_dle_mm_penalized,Surface penalized DLE (mm),eLORETA,0,5,7.758041429715377,9.617489805709388,1.8594483759940115,win
surface_dle_mm_penalized,Surface penalized DLE (mm),eLORETA,0,10,9.536347538439122,9.385514997227583,-0.150832541211539,loss
surface_dle_mm_penalized,Surface penalized DLE (mm),eLORETA,0,15,8.783725878766786,8.287652014232128,-0.49607386453465807,loss
surface_dle_mm_penalized,Surface penalized DLE (mm),eLORETA,0,20,7.904418134034219,8.307700974922474,0.40328284088825495,win
surface_dle_mm_penalized,Surface penalized DLE (mm),eLORETA,5,-10,9.353723862126973,20.143248256968572,10.7895243948416,win
surface_dle_mm_penalized,Surface penalized DLE (mm),eLORETA,5,-5,8.943807086694543,14.446565281392978,5.502758194698435,win
surface_dle_mm_penalized,Surface penalized DLE (mm),eLORETA,5,0,7.972436101562896,9.942252746675663,1.9698166451127674,win
surface_dle_mm_penalized,Surface penalized DLE (mm),eLORETA,5,5,8.060821252045965,9.341907505092879,1.2810862530469134,win
surface_dle_mm_penalized,Surface penalized DLE (mm),eLORETA,5,10,7.216121668501967,9.295451774142263,2.079330105640296,win
surface_dle_mm_penalized,Surface penalized DLE (mm),eLORETA,5,15,8.496255470119637,8.96062492121367,0.4643694510940328,win
surface_dle_mm_penalized,Surface penalized DLE (mm),eLORETA,5,20,9.703850470350346,8.592026562008984,-1.1118239083413624,loss
surface_dle_mm_penalized,Surface penalized DLE (mm),eLORETA,10,-10,9.356222567132315,12.92026200447701,3.564039437344695,win
surface_dle_mm_penalized,Surface penalized DLE (mm),eLORETA,10,-5,8.090815325166288,10.893453854978617,2.802638529812329,win
surface_dle_mm_penalized,Surface penalized DLE (mm),eLORETA,10,0,8.293868915860015,10.403532086968792,2.1096631711087763,win
surface_dle_mm_penalized,Surface penalized DLE (mm),eLORETA,10,5,7.0162401158010255,10.618520924222425,3.6022808084213995,win
surface_dle_mm_penalized,Surface penalized DLE (mm),eLORETA,10,10,7.288633924289793,9.655826623672484,2.3671926993826906,win
surface_dle_mm_penalized,Surface penalized DLE (mm),eLORETA,10,15,7.864656568783638,9.651194639475053,1.7865380706914147,win
surface_dle_mm_penalized,Surface penalized DLE (mm),eLORETA,10,20,9.043206719043093,9.01264394283868,-0.0305627762044125,loss
surface_dle_mm_penalized,Surface penalized DLE (mm),eLORETA,15,-10,9.812552380298607,10.871038400289626,1.0584860199910189,win
surface_dle_mm_penalized,Surface penalized DLE (mm),eLORETA,15,-5,9.090489590382672,10.788956843925497,1.698467253542825,win
surface_dle_mm_penalized,Surface penalized DLE (mm),eLORETA,15,0,8.646121932262881,10.974297196789705,2.3281752645268234,win
surface_dle_mm_penalized,Surface penalized DLE (mm),eLORETA,15,5,7.95901415559628,10.969798044649963,3.010783889053683,win
surface_dle_mm_penalized,Surface penalized DLE (mm),eLORETA,15,10,8.285043459944635,10.492120909719302,2.2070774497746672,win
surface_dle_mm_penalized,Surface penalized DLE (mm),eLORETA,15,15,7.334201647660319,9.468280467703124,2.134078820042805,win
surface_dle_mm_penalized,Surface penalized DLE (mm),eLORETA,15,20,7.640096275570486,9.206644731796272,1.566548456225786,win
surface_dle_mm_penalized,Surface penalized DLE (mm),eLORETA,20,-10,10.146550917685225,11.141759818669078,0.9952089009838527,win
surface_dle_mm_penalized,Surface penalized DLE (mm),eLORETA,20,-5,9.371452538831546,11.094913177483166,1.7234606386516198,win
surface_dle_mm_penalized,Surface penalized DLE (mm),eLORETA,20,0,9.46585664443157,10.86771427088523,1.4018576264536602,win
surface_dle_mm_penalized,Surface penalized DLE (mm),eLORETA,20,5,9.34608627713193,10.979782326204955,1.6336960490730252,win
surface_dle_mm_penalized,Surface penalized DLE (mm),eLORETA,20,10,7.828004035121488,10.97108661890327,3.1430825837817817,win
surface_dle_mm_penalized,Surface penalized DLE (mm),eLORETA,20,15,7.613774448814723,10.654804268927778,3.041029820113055,win
surface_dle_mm_penalized,Surface penalized DLE (mm),eLORETA,20,20,6.943004774448962,10.508960877772749,3.5659561033237868,win
surface_dle_mm_penalized,Surface penalized DLE (mm),sLORETA,-10,-10,8.65365847815488,62.47782856840947,53.82417009025459,win
surface_dle_mm_penalized,Surface penalized DLE (mm),sLORETA,-10,-5,7.969578047286759,46.124495384808824,38.154917337522065,win
surface_dle_mm_penalized,Surface penalized DLE (mm),sLORETA,-10,0,9.138486443716074,31.88827546140939,22.749789017693317,win
surface_dle_mm_penalized,Surface penalized DLE (mm),sLORETA,-10,5,7.982080279407069,18.452214746096715,10.470134466689647,win
surface_dle_mm_penalized,Surface penalized DLE (mm),sLORETA,-10,10,9.325904570112812,17.12576166157595,7.799857091463139,win
surface_dle_mm_penalized,Surface penalized DLE (mm),sLORETA,-10,15,9.758817525497491,16.480638738181668,6.721821212684176,win
surface_dle_mm_penalized,Surface penalized DLE (mm),sLORETA,-10,20,8.759862730267129,16.546456870850392,7.786594140583263,win
surface_dle_mm_penalized,Surface penalized DLE (mm),sLORETA,-5,-10,8.680600041023055,49.519475358521845,40.83887531749879,win
surface_dle_mm_penalized,Surface penalized DLE (mm),sLORETA,-5,-5,8.583366744798901,37.650721271237764,29.067354526438862,win
surface_dle_mm_penalized,Surface penalized DLE (mm),sLORETA,-5,0,8.467482761617873,21.063529242556267,12.596046480938394,win
surface_dle_mm_penalized,Surface penalized DLE (mm),sLORETA,-5,5,8.01622369051501,18.18396803173972,10.16774434122471,win
surface_dle_mm_penalized,Surface penalized DLE (mm),sLORETA,-5,10,8.331339566881917,16.732164531783372,8.400824964901455,win
surface_dle_mm_penalized,Surface penalized DLE (mm),sLORETA,-5,15,9.316262557854989,16.814702565732635,7.498440007877646,win
surface_dle_mm_penalized,Surface penalized DLE (mm),sLORETA,-5,20,9.266082149124928,16.499892052059693,7.233809902934764,win
surface_dle_mm_penalized,Surface penalized DLE (mm),sLORETA,0,-10,9.093579357989013,38.10126739952656,29.00768804153755,win
surface_dle_mm_penalized,Surface penalized DLE (mm),sLORETA,0,-5,7.513240253737913,24.816050146396027,17.302809892658114,win
surface_dle_mm_penalized,Surface penalized DLE (mm),sLORETA,0,0,7.41314379503974,18.570551491913836,11.157407696874095,win
surface_dle_mm_penalized,Surface penalized DLE (mm),sLORETA,0,5,7.758041429715377,18.028612599947653,10.270571170232277,win
surface_dle_mm_penalized,Surface penalized DLE (mm),sLORETA,0,10,9.536347538439122,17.247082470853005,7.710734932413883,win
surface_dle_mm_penalized,Surface penalized DLE (mm),sLORETA,0,15,8.783725878766786,16.45025040540767,7.666524526640883,win
surface_dle_mm_penalized,Surface penalized DLE (mm),sLORETA,0,20,7.904418134034219,16.234021661667246,8.329603527633026,win
surface_dle_mm_penalized,Surface penalized DLE (mm),sLORETA,5,-10,9.353723862126973,24.970733721828424,15.61700985970145,win
surface_dle_mm_penalized,Surface penalized DLE (mm),sLORETA,5,-5,8.943807086694543,17.85294900894291,8.909141922248368,win
surface_dle_mm_penalized,Surface penalized DLE (mm),sLORETA,5,0,7.972436101562896,15.640949684960752,7.668513583397856,win
surface_dle_mm_penalized,Surface penalized DLE (mm),sLORETA,5,5,8.060821252045965,16.381095163434406,8.32027391138844,win
surface_dle_mm_penalized,Surface penalized DLE (mm),sLORETA,5,10,7.216121668501967,17.488760933557355,10.272639265055389,win
surface_dle_mm_penalized,Surface penalized DLE (mm),sLORETA,5,15,8.496255470119637,17.10549700720811,8.609241537088474,win
surface_dle_mm_penalized,Surface penalized DLE (mm),sLORETA,5,20,9.703850470350346,16.114806603883704,6.410956133533357,win
surface_dle_mm_penalized,Surface penalized DLE (mm),sLORETA,10,-10,9.356222567132315,16.396645868068482,7.040423300936167,win
surface_dle_mm_penalized,Surface penalized DLE (mm),sLORETA,10,-5,8.090815325166288,14.528610539645326,6.4377952144790385,win
surface_dle_mm_penalized,Surface penalized DLE (mm),sLORETA,10,0,8.293868915860015,14.361086409117123,6.0672174932571075,win
surface_dle_mm_penalized,Surface penalized DLE (mm),sLORETA,10,5,7.0162401158010255,15.690049512450523,8.673809396649498,win
surface_dle_mm_penalized,Surface penalized DLE (mm),sLORETA,10,10,7.288633924289793,17.27498387194971,9.986349947659917,win
surface_dle_mm_penalized,Surface penalized DLE (mm),sLORETA,10,15,7.864656568783638,17.467135802815367,9.60247923403173,win
surface_dle_mm_penalized,Surface penalized DLE (mm),sLORETA,10,20,9.043206719043093,17.244043133981624,8.20083641493853,win
surface_dle_mm_penalized,Surface penalized DLE (mm),sLORETA,15,-10,9.812552380298607,14.597030444879104,4.784478064580497,win
surface_dle_mm_penalized,Surface penalized DLE (mm),sLORETA,15,-5,9.090489590382672,14.081044194008939,4.990554603626267,win
surface_dle_mm_penalized,Surface penalized DLE (mm),sLORETA,15,0,8.646121932262881,14.306370413714367,5.660248481451486,win
surface_dle_mm_penalized,Surface penalized DLE (mm),sLORETA,15,5,7.95901415559628,15.079625410405134,7.120611254808854,win
surface_dle_mm_penalized,Surface penalized DLE (mm),sLORETA,15,10,8.285043459944635,15.867627044141722,7.582583584197087,win
surface_dle_mm_penalized,Surface penalized DLE (mm),sLORETA,15,15,7.334201647660319,17.155798603448662,9.821596955788344,win
surface_dle_mm_penalized,Surface penalized DLE (mm),sLORETA,15,20,7.640096275570486,17.834880907208298,10.194784631637813,win
surface_dle_mm_penalized,Surface penalized DLE (mm),sLORETA,20,-10,10.146550917685225,15.88979099109116,5.743240073405936,win
surface_dle_mm_penalized,Surface penalized DLE (mm),sLORETA,20,-5,9.371452538831546,14.960433134245145,5.588980595413599,win
surface_dle_mm_penalized,Surface penalized DLE (mm),sLORETA,20,0,9.46585664443157,14.337883425340628,4.872026780909058,win
surface_dle_mm_penalized,Surface penalized DLE (mm),sLORETA,20,5,9.34608627713193,13.801254226633835,4.455167949501906,win
surface_dle_mm_penalized,Surface penalized DLE (mm),sLORETA,20,10,7.828004035121488,14.886062078761753,7.058058043640266,win
surface_dle_mm_penalized,Surface penalized DLE (mm),sLORETA,20,15,7.613774448814723,15.49410267975862,7.880328230943897,win
surface_dle_mm_penalized,Surface penalized DLE (mm),sLORETA,20,20,6.943004774448962,17.181696516516524,10.238691742067562,win
surface_dle_mm_penalized,Surface penalized DLE (mm),MNE,-10,-10,8.65365847815488,70.44529755260022,61.79163907444534,win
surface_dle_mm_penalized,Surface penalized DLE (mm),MNE,-10,-5,7.969578047286759,72.41944236509862,64.44986431781186,win
surface_dle_mm_penalized,Surface penalized DLE (mm),MNE,-10,0,9.138486443716074,69.33651289742704,60.198026453710966,win
surface_dle_mm_penalized,Surface penalized DLE (mm),MNE,-10,5,7.982080279407069,54.26130972782553,46.279229448418455,win
surface_dle_mm_penalized,Surface penalized DLE (mm),MNE,-10,10,9.325904570112812,38.38460777645708,29.05870320634427,win
surface_dle_mm_penalized,Surface penalized DLE (mm),MNE,-10,15,9.758817525497491,20.851684112094265,11.092866586596774,win
surface_dle_mm_penalized,Surface penalized DLE (mm),MNE,-10,20,8.759862730267129,18.455789849362215,9.695927119095087,win
surface_dle_mm_penalized,Surface penalized DLE (mm),MNE,-5,-10,8.680600041023055,64.9238532318902,56.24325319086715,win
surface_dle_mm_penalized,Surface penalized DLE (mm),MNE,-5,-5,8.583366744798901,61.04236176025871,52.458995015459806,win
surface_dle_mm_penalized,Surface penalized DLE (mm),MNE,-5,0,8.467482761617873,54.989903323839336,46.52242056222146,win
surface_dle_mm_penalized,Surface penalized DLE (mm),MNE,-5,5,8.01622369051501,48.251030975213865,40.23480728469885,win
surface_dle_mm_penalized,Surface penalized DLE (mm),MNE,-5,10,8.331339566881917,32.795304264598066,24.46396469771615,win
surface_dle_mm_penalized,Surface penalized DLE (mm),MNE,-5,15,9.316262557854989,22.003172362103896,12.686909804248907,win
surface_dle_mm_penalized,Surface penalized DLE (mm),MNE,-5,20,9.266082149124928,18.90512154959676,9.639039400471832,win
surface_dle_mm_penalized,Surface penalized DLE (mm),MNE,0,-10,9.093579357989013,59.300980807722645,50.20740144973363,win
surface_dle_mm_penalized,Surface penalized DLE (mm),MNE,0,-5,7.513240253737913,41.448263919831895,33.93502366609398,win
surface_dle_mm_penalized,Surface penalized DLE (mm),MNE,0,0,7.41314379503974,39.18679435036978,31.77365055533004,win
surface_dle_mm_penalized,Surface penalized DLE (mm),MNE,0,5,7.758041429715377,35.14534987188134,27.387308442165967,win
surface_dle_mm_penalized,Surface penalized DLE (mm),MNE,0,10,9.536347538439122,27.867118819438854,18.330771280999734,win
surface_dle_mm_penalized,Surface penalized DLE (mm),MNE,0,15,8.783725878766786,21.28853615267984,12.504810273913053,win
surface_dle_mm_penalized,Surface penalized DLE (mm),MNE,0,20,7.904418134034219,18.63869375477257,10.734275620738352,win
surface_dle_mm_penalized,Surface penalized DLE (mm),MNE,5,-10,9.353723862126973,44.33812137805101,34.98439751592403,win
surface_dle_mm_penalized,Surface penalized DLE (mm),MNE,5,-5,8.943807086694543,33.29037242653248,24.346565339837937,win
surface_dle_mm_penalized,Surface penalized DLE (mm),MNE,5,0,7.972436101562896,27.237883389304958,19.265447287742063,win
surface_dle_mm_penalized,Surface penalized DLE (mm),MNE,5,5,8.060821252045965,23.758684283587602,15.697863031541637,win
surface_dle_mm_penalized,Surface penalized DLE (mm),MNE,5,10,7.216121668501967,22.69164385070425,15.475522182202283,win
surface_dle_mm_penalized,Surface penalized DLE (mm),MNE,5,15,8.496255470119637,20.79543364935527,12.299178179235634,win
surface_dle_mm_penalized,Surface penalized DLE (mm),MNE,5,20,9.703850470350346,19.76361495385054,10.059764483500192,win
surface_dle_mm_penalized,Surface penalized DLE (mm),MNE,10,-10,9.356222567132315,31.794152069953537,22.43792950282122,win
surface_dle_mm_penalized,Surface penalized DLE (mm),MNE,10,-5,8.090815325166288,28.22097708457744,20.130161759411152,win
surface_dle_mm_penalized,Surface penalized DLE (mm),MNE,10,0,8.293868915860015,19.399826405822836,11.10595748996282,win
surface_dle_mm_penalized,Surface penalized DLE (mm),MNE,10,5,7.0162401158010255,16.569031477246366,9.55279136144534,win
surface_dle_mm_penalized,Surface penalized DLE (mm),MNE,10,10,7.288633924289793,16.690438797475675,9.401804873185881,win
surface_dle_mm_penalized,Surface penalized DLE (mm),MNE,10,15,7.864656568783638,18.23958632917945,10.374929760395812,win
surface_dle_mm_penalized,Surface penalized DLE (mm),MNE,10,20,9.043206719043093,19.655800805702015,10.612594086658921,win
surface_dle_mm_penalized,Surface penalized DLE (mm),MNE,15,-10,9.812552380298607,24.536192325940963,14.723639945642356,win
surface_dle_mm_penalized,Surface penalized DLE (mm),MNE,15,-5,9.090489590382672,22.94443019153977,13.853940601157097,win
surface_dle_mm_penalized,Surface penalized DLE (mm),MNE,15,0,8.646121932262881,16.840623312324173,8.194501380061292,win
surface_dle_mm_penalized,Surface penalized DLE (mm),MNE,15,5,7.95901415559628,14.235982482442092,6.276968326845812,win
surface_dle_mm_penalized,Surface penalized DLE (mm),MNE,15,10,8.285043459944635,13.544885436760097,5.259841976815462,win
surface_dle_mm_penalized,Surface penalized DLE (mm),MNE,15,15,7.334201647660319,15.670200393273518,8.3359987456132,win
surface_dle_mm_penalized,Surface penalized DLE (mm),MNE,15,20,7.640096275570486,17.566493912421734,9.926397636851249,win
surface_dle_mm_penalized,Surface penalized DLE (mm),MNE,20,-10,10.146550917685225,21.987276149207762,11.840725231522537,win
surface_dle_mm_penalized,Surface penalized DLE (mm),MNE,20,-5,9.371452538831546,19.84702032547375,10.475567786642204,win
surface_dle_mm_penalized,Surface penalized DLE (mm),MNE,20,0,9.46585664443157,17.80479946188854,8.338942817456969,win
surface_dle_mm_penalized,Surface penalized DLE (mm),MNE,20,5,9.34608627713193,14.79443694898895,5.448350671857021,win
surface_dle_mm_penalized,Surface penalized DLE (mm),MNE,20,10,7.828004035121488,13.794102382596755,5.966098347475267,win
surface_dle_mm_penalized,Surface penalized DLE (mm),MNE,20,15,7.613774448814723,13.658788769021356,6.045014320206633,win
surface_dle_mm_penalized,Surface penalized DLE (mm),MNE,20,20,6.943004774448962,14.896753845359191,7.953749070910229,win
surface_dle_mm_penalized,Surface penalized DLE (mm),LCMV,-10,-10,8.65365847815488,57.77505609649597,49.12139761834109,win
surface_dle_mm_penalized,Surface penalized DLE (mm),LCMV,-10,-5,7.969578047286759,54.73104158309962,46.76146353581286,win
surface_dle_mm_penalized,Surface penalized DLE (mm),LCMV,-10,0,9.138486443716074,50.504594454530285,41.36610801081421,win
surface_dle_mm_penalized,Surface penalized DLE (mm),LCMV,-10,5,7.982080279407069,49.54766116844701,41.565580889039936,win
surface_dle_mm_penalized,Surface penalized DLE (mm),LCMV,-10,10,9.325904570112812,48.83808126742817,39.51217669731536,win
surface_dle_mm_penalized,Surface penalized DLE (mm),LCMV,-10,15,9.758817525497491,49.26492792470725,39.50611039920976,win
surface_dle_mm_penalized,Surface penalized DLE (mm),LCMV,-10,20,8.759862730267129,46.90517763547618,38.14531490520905,win
surface_dle_mm_penalized,Surface penalized DLE (mm),LCMV,-5,-10,8.680600041023055,55.31493847770497,46.634338436681915,win
surface_dle_mm_penalized,Surface penalized DLE (mm),LCMV,-5,-5,8.583366744798901,52.14282099530018,43.559454250501275,win
surface_dle_mm_penalized,Surface penalized DLE (mm),LCMV,-5,0,8.467482761617873,48.55397580981483,40.08649304819696,win
surface_dle_mm_penalized,Surface penalized DLE (mm),LCMV,-5,5,8.01622369051501,48.61357785679038,40.597354166275366,win
surface_dle_mm_penalized,Surface penalized DLE (mm),LCMV,-5,10,8.331339566881917,48.27659841564113,39.94525884875922,win
surface_dle_mm_penalized,Surface penalized DLE (mm),LCMV,-5,15,9.316262557854989,47.98527123353336,38.66900867567837,win
surface_dle_mm_penalized,Surface penalized DLE (mm),LCMV,-5,20,9.266082149124928,47.756261419389055,38.49017927026413,win
surface_dle_mm_penalized,Surface penalized DLE (mm),LCMV,0,-10,9.093579357989013,52.39844792465303,43.30486856666401,win
surface_dle_mm_penalized,Surface penalized DLE (mm),LCMV,0,-5,7.513240253737913,49.459557660351216,41.9463174066133,win
surface_dle_mm_penalized,Surface penalized DLE (mm),LCMV,0,0,7.41314379503974,47.962959430710676,40.54981563567094,win
surface_dle_mm_penalized,Surface penalized DLE (mm),LCMV,0,5,7.758041429715377,47.42878561225626,39.670744182540886,win
surface_dle_mm_penalized,Surface penalized DLE (mm),LCMV,0,10,9.536347538439122,48.77456333305332,39.2382157946142,win
surface_dle_mm_penalized,Surface penalized DLE (mm),LCMV,0,15,8.783725878766786,48.03928759390508,39.25556171513829,win
surface_dle_mm_penalized,Surface penalized DLE (mm),LCMV,0,20,7.904418134034219,47.69530759818869,39.790889464154475,win
surface_dle_mm_penalized,Surface penalized DLE (mm),LCMV,5,-10,9.353723862126973,49.68315629449355,40.32943243236657,win
surface_dle_mm_penalized,Surface penalized DLE (mm),LCMV,5,-5,8.943807086694543,47.877509736193794,38.93370264949925,win
surface_dle_mm_penalized,Surface penalized DLE (mm),LCMV,5,0,7.972436101562896,46.83016730042177,38.85773119885887,win
surface_dle_mm_penalized,Surface penalized DLE (mm),LCMV,5,5,8.060821252045965,46.092235676025616,38.031414423979655,win
surface_dle_mm_penalized,Surface penalized DLE (mm),LCMV,5,10,7.216121668501967,46.56766553387903,39.35154386537706,win
surface_dle_mm_penalized,Surface penalized DLE (mm),LCMV,5,15,8.496255470119637,48.4328775412426,39.93662207112296,win
surface_dle_mm_penalized,Surface penalized DLE (mm),LCMV,5,20,9.703850470350346,46.866956758159624,37.16310628780928,win
surface_dle_mm_penalized,Surface penalized DLE (mm),LCMV,10,-10,9.356222567132315,48.27096999783325,38.914747430700935,win
surface_dle_mm_penalized,Surface penalized DLE (mm),LCMV,10,-5,8.090815325166288,47.690016002782556,39.59920067761627,win
surface_dle_mm_penalized,Surface penalized DLE (mm),LCMV,10,0,8.293868915860015,44.833424777407124,36.53955586154711,win
surface_dle_mm_penalized,Surface penalized DLE (mm),LCMV,10,5,7.0162401158010255,45.35095949506972,38.3347193792687,win
surface_dle_mm_penalized,Surface penalized DLE (mm),LCMV,10,10,7.288633924289793,46.156146229606954,38.86751230531716,win
surface_dle_mm_penalized,Surface penalized DLE (mm),LCMV,10,15,7.864656568783638,47.18623248854107,39.321575919757436,win
surface_dle_mm_penalized,Surface penalized DLE (mm),LCMV,10,20,9.043206719043093,48.42792651109809,39.384719792055,win
surface_dle_mm_penalized,Surface penalized DLE (mm),LCMV,15,-10,9.812552380298607,47.21398777432484,37.40143539402624,win
surface_dle_mm_penalized,Surface penalized DLE (mm),LCMV,15,-5,9.090489590382672,46.13649833913058,37.04600874874791,win
surface_dle_mm_penalized,Surface penalized DLE (mm),LCMV,15,0,8.646121932262881,45.13432683249274,36.48820490022986,win
surface_dle_mm_penalized,Surface penalized DLE (mm),LCMV,15,5,7.95901415559628,44.68659349083267,36.72757933523639,win
surface_dle_mm_penalized,Surface penalized DLE (mm),LCMV,15,10,8.285043459944635,44.425506181923375,36.140462721978736,win
surface_dle_mm_penalized,Surface penalized DLE (mm),LCMV,15,15,7.334201647660319,45.80016317874663,38.46596153108631,win
surface_dle_mm_penalized,Surface penalized DLE (mm),LCMV,15,20,7.640096275570486,47.478047677587334,39.83795140201685,win
surface_dle_mm_penalized,Surface penalized DLE (mm),LCMV,20,-10,10.146550917685225,45.61546619396015,35.46891527627493,win
surface_dle_mm_penalized,Surface penalized DLE (mm),LCMV,20,-5,9.371452538831546,46.92909170851436,37.557639169682815,win
surface_dle_mm_penalized,Surface penalized DLE (mm),LCMV,20,0,9.46585664443157,45.47566165350285,36.00980500907128,win
surface_dle_mm_penalized,Surface penalized DLE (mm),LCMV,20,5,9.34608627713193,45.46889683457568,36.12281055744375,win
surface_dle_mm_penalized,Surface penalized DLE (mm),LCMV,20,10,7.828004035121488,44.93694956908785,37.10894553396636,win
surface_dle_mm_penalized,Surface penalized DLE (mm),LCMV,20,15,7.613774448814723,44.38094307087488,36.767168622060154,win
surface_dle_mm_penalized,Surface penalized DLE (mm),LCMV,20,20,6.943004774448962,45.80950103532945,38.86649626088048,win
surface_dle_mm_penalized,Surface penalized DLE (mm),RAP-MUSIC,-10,-10,8.65365847815488,12.108037742642551,3.454379264487672,win
surface_dle_mm_penalized,Surface penalized DLE (mm),RAP-MUSIC,-10,-5,7.969578047286759,9.747347054517807,1.777769007231048,win
surface_dle_mm_penalized,Surface penalized DLE (mm),RAP-MUSIC,-10,0,9.138486443716074,7.581119176061524,-1.5573672676545502,loss
surface_dle_mm_penalized,Surface penalized DLE (mm),RAP-MUSIC,-10,5,7.982080279407069,9.35984259370451,1.3777623142974411,win
surface_dle_mm_penalized,Surface penalized DLE (mm),RAP-MUSIC,-10,10,9.325904570112812,9.189960483827855,-0.13594408628495636,loss
surface_dle_mm_penalized,Surface penalized DLE (mm),RAP-MUSIC,-10,15,9.758817525497491,8.851621957885392,-0.9071955676120993,loss
surface_dle_mm_penalized,Surface penalized DLE (mm),RAP-MUSIC,-10,20,8.759862730267129,9.267811598107615,0.5079488678404864,win
surface_dle_mm_penalized,Surface penalized DLE (mm),RAP-MUSIC,-5,-10,8.680600041023055,10.299734601222854,1.6191345601997984,win
surface_dle_mm_penalized,Surface penalized DLE (mm),RAP-MUSIC,-5,-5,8.583366744798901,8.793190352432555,0.2098236076336537,win
surface_dle_mm_penalized,Surface penalized DLE (mm),RAP-MUSIC,-5,0,8.467482761617873,7.807413039232348,-0.6600697223855247,loss
surface_dle_mm_penalized,Surface penalized DLE (mm),RAP-MUSIC,-5,5,8.01622369051501,7.45625000123328,-0.5599736892817306,loss
surface_dle_mm_penalized,Surface penalized DLE (mm),RAP-MUSIC,-5,10,8.331339566881917,7.996594164575986,-0.3347454023059315,loss
surface_dle_mm_penalized,Surface penalized DLE (mm),RAP-MUSIC,-5,15,9.316262557854989,9.082098760413995,-0.2341637974409938,loss
surface_dle_mm_penalized,Surface penalized DLE (mm),RAP-MUSIC,-5,20,9.266082149124928,9.181162054402549,-0.0849200947223796,loss
surface_dle_mm_penalized,Surface penalized DLE (mm),RAP-MUSIC,0,-10,9.093579357989013,9.124977669063222,0.03139831107420932,win
surface_dle_mm_penalized,Surface penalized DLE (mm),RAP-MUSIC,0,-5,7.513240253737913,9.082740777997985,1.5695005242600724,win
surface_dle_mm_penalized,Surface penalized DLE (mm),RAP-MUSIC,0,0,7.41314379503974,7.915214009605164,0.5020702145654248,win
surface_dle_mm_penalized,Surface penalized DLE (mm),RAP-MUSIC,0,5,7.758041429715377,7.7823171989158775,0.024275769200500896,win
surface_dle_mm_penalized,Surface penalized DLE (mm),RAP-MUSIC,0,10,9.536347538439122,7.856088734922886,-1.680258803516236,loss
surface_dle_mm_penalized,Surface penalized DLE (mm),RAP-MUSIC,0,15,8.783725878766786,8.088726755267054,-0.6949991234997324,loss
surface_dle_mm_penalized,Surface penalized DLE (mm),RAP-MUSIC,0,20,7.904418134034219,9.403463140292786,1.4990450062585667,win
surface_dle_mm_penalized,Surface penalized DLE (mm),RAP-MUSIC,5,-10,9.353723862126973,9.279792653774521,-0.0739312083524517,loss
surface_dle_mm_penalized,Surface penalized DLE (mm),RAP-MUSIC,5,-5,8.943807086694543,8.471731197355641,-0.47207588933890143,loss
surface_dle_mm_penalized,Surface penalized DLE (mm),RAP-MUSIC,5,0,7.972436101562896,8.34325690609147,0.3708208045285746,win
surface_dle_mm_penalized,Surface penalized DLE (mm),RAP-MUSIC,5,5,8.060821252045965,7.535189123269717,-0.5256321287762482,loss
surface_dle_mm_penalized,Surface penalized DLE (mm),RAP-MUSIC,5,10,7.216121668501967,7.392058387832054,0.17593671933008714,win
surface_dle_mm_penalized,Surface penalized DLE (mm),RAP-MUSIC,5,15,8.496255470119637,7.7506578883917685,-0.7455975817278686,loss
surface_dle_mm_penalized,Surface penalized DLE (mm),RAP-MUSIC,5,20,9.703850470350346,8.29760547386291,-1.4062449964874357,loss
surface_dle_mm_penalized,Surface penalized DLE (mm),RAP-MUSIC,10,-10,9.356222567132315,9.194035184729245,-0.1621873824030704,loss
surface_dle_mm_penalized,Surface penalized DLE (mm),RAP-MUSIC,10,-5,8.090815325166288,8.626928786454608,0.5361134612883198,win
surface_dle_mm_penalized,Surface penalized DLE (mm),RAP-MUSIC,10,0,8.293868915860015,8.923803221227567,0.6299343053675521,win
surface_dle_mm_penalized,Surface penalized DLE (mm),RAP-MUSIC,10,5,7.0162401158010255,7.9294516207870585,0.913211504986033,win
surface_dle_mm_penalized,Surface penalized DLE (mm),RAP-MUSIC,10,10,7.288633924289793,7.732079919315724,0.44344599502593063,win
surface_dle_mm_penalized,Surface penalized DLE (mm),RAP-MUSIC,10,15,7.864656568783638,7.431409903166664,-0.43324666561697445,loss
surface_dle_mm_penalized,Surface penalized DLE (mm),RAP-MUSIC,10,20,9.043206719043093,7.971711786500097,-1.071494932542996,loss
surface_dle_mm_penalized,Surface penalized DLE (mm),RAP-MUSIC,15,-10,9.812552380298607,9.197604550968647,-0.6149478293299602,loss
surface_dle_mm_penalized,Surface penalized DLE (mm),RAP-MUSIC,15,-5,9.090489590382672,8.828602458148856,-0.26188713223381654,loss
surface_dle_mm_penalized,Surface penalized DLE (mm),RAP-MUSIC,15,0,8.646121932262881,8.581404087595615,-0.06471784466726582,loss
surface_dle_mm_penalized,Surface penalized DLE (mm),RAP-MUSIC,15,5,7.95901415559628,8.575604066219407,0.6165899106231274,win
surface_dle_mm_penalized,Surface penalized DLE (mm),RAP-MUSIC,15,10,8.285043459944635,7.886672620378598,-0.398370839566037,loss
surface_dle_mm_penalized,Surface penalized DLE (mm),RAP-MUSIC,15,15,7.334201647660319,7.180003738868923,-0.15419790879139672,loss
surface_dle_mm_penalized,Surface penalized DLE (mm),RAP-MUSIC,15,20,7.640096275570486,7.1546175344949345,-0.48547874107555167,loss
surface_dle_mm_penalized,Surface penalized DLE (mm),RAP-MUSIC,20,-10,10.146550917685225,9.56265495569057,-0.5838959619946547,loss
surface_dle_mm_penalized,Surface penalized DLE (mm),RAP-MUSIC,20,-5,9.371452538831546,9.251333836416912,-0.12011870241463463,loss
surface_dle_mm_penalized,Surface penalized DLE (mm),RAP-MUSIC,20,0,9.46585664443157,9.007677083078441,-0.45817956135312876,loss
surface_dle_mm_penalized,Surface penalized DLE (mm),RAP-MUSIC,20,5,9.34608627713193,8.515827602186269,-0.8302586749456609,loss
surface_dle_mm_penalized,Surface penalized DLE (mm),RAP-MUSIC,20,10,7.828004035121488,8.06979696144077,0.24179292631928284,win
surface_dle_mm_penalized,Surface penalized DLE (mm),RAP-MUSIC,20,15,7.613774448814723,7.943879374619268,0.33010492580454454,win
surface_dle_mm_penalized,Surface penalized DLE (mm),RAP-MUSIC,20,20,6.943004774448962,7.569313340451681,0.6263085660027192,win
surface_dle_mm_penalized,Surface penalized DLE (mm),Dipole fitting (grid),-10,-10,8.65365847815488,13.075551191588481,4.421892713433602,win
surface_dle_mm_penalized,Surface penalized DLE (mm),Dipole fitting (grid),-10,-5,7.969578047286759,9.855981582834373,1.8864035355476139,win
surface_dle_mm_penalized,Surface penalized DLE (mm),Dipole fitting (grid),-10,0,9.138486443716074,9.400584809624588,0.2620983659085141,win
surface_dle_mm_penalized,Surface penalized DLE (mm),Dipole fitting (grid),-10,5,7.982080279407069,9.49776394821616,1.5156836688090918,win
surface_dle_mm_penalized,Surface penalized DLE (mm),Dipole fitting (grid),-10,10,9.325904570112812,10.658443924202654,1.3325393540898425,win
surface_dle_mm_penalized,Surface penalized DLE (mm),Dipole fitting (grid),-10,15,9.758817525497491,11.413639352746577,1.6548218272490853,win
surface_dle_mm_penalized,Surface penalized DLE (mm),Dipole fitting (grid),-10,20,8.759862730267129,12.113807060523461,3.3539443302563328,win
surface_dle_mm_penalized,Surface penalized DLE (mm),Dipole fitting (grid),-5,-10,8.680600041023055,10.349289926648085,1.6686898856250298,win
surface_dle_mm_penalized,Surface penalized DLE (mm),Dipole fitting (grid),-5,-5,8.583366744798901,9.10320172063619,0.5198349758372878,win
surface_dle_mm_penalized,Surface penalized DLE (mm),Dipole fitting (grid),-5,0,8.467482761617873,8.984370306588334,0.5168875449704604,win
surface_dle_mm_penalized,Surface penalized DLE (mm),Dipole fitting (grid),-5,5,8.01622369051501,8.657271925972475,0.6410482354574647,win
surface_dle_mm_penalized,Surface penalized DLE (mm),Dipole fitting (grid),-5,10,8.331339566881917,9.859843932175062,1.528504365293145,win
surface_dle_mm_penalized,Surface penalized DLE (mm),Dipole fitting (grid),-5,15,9.316262557854989,11.240790586430933,1.9245280285759438,win
surface_dle_mm_penalized,Surface penalized DLE (mm),Dipole fitting (grid),-5,20,9.266082149124928,10.680655617707695,1.4145734685827662,win
surface_dle_mm_penalized,Surface penalized DLE (mm),Dipole fitting (grid),0,-10,9.093579357989013,9.77599232342714,0.682412965438127,win
surface_dle_mm_penalized,Surface penalized DLE (mm),Dipole fitting (grid),0,-5,7.513240253737913,9.637544008422182,2.124303754684269,win
surface_dle_mm_penalized,Surface penalized DLE (mm),Dipole fitting (grid),0,0,7.41314379503974,9.125358909806677,1.7122151147669369,win
surface_dle_mm_penalized,Surface penalized DLE (mm),Dipole fitting (grid),0,5,7.758041429715377,8.856123170209022,1.0980817404936456,win
surface_dle_mm_penalized,Surface penalized DLE (mm),Dipole fitting (grid),0,10,9.536347538439122,10.46419056039881,0.9278430219596885,win
surface_dle_mm_penalized,Surface penalized DLE (mm),Dipole fitting (grid),0,15,8.783725878766786,8.77941311699266,-0.004312761774125207,loss
surface_dle_mm_penalized,Surface penalized DLE (mm),Dipole fitting (grid),0,20,7.904418134034219,10.891680050281174,2.987261916246955,win
surface_dle_mm_penalized,Surface penalized DLE (mm),Dipole fitting (grid),5,-10,9.353723862126973,8.956113087040363,-0.39761077508661025,loss
surface_dle_mm_penalized,Surface penalized DLE (mm),Dipole fitting (grid),5,-5,8.943807086694543,8.452852756653577,-0.49095433004096556,loss
surface_dle_mm_penalized,Surface penalized DLE (mm),Dipole fitting (grid),5,0,7.972436101562896,8.853745003618437,0.8813089020555411,win
surface_dle_mm_penalized,Surface penalized DLE (mm),Dipole fitting (grid),5,5,8.060821252045965,9.760544543007184,1.6997232909612183,win
surface_dle_mm_penalized,Surface penalized DLE (mm),Dipole fitting (grid),5,10,7.216121668501967,9.07928550034819,1.8631638318462231,win
surface_dle_mm_penalized,Surface penalized DLE (mm),Dipole fitting (grid),5,15,8.496255470119637,10.000551056481585,1.5042955863619483,win
surface_dle_mm_penalized,Surface penalized DLE (mm),Dipole fitting (grid),5,20,9.703850470350346,10.460469757818998,0.7566192874686521,win
surface_dle_mm_penalized,Surface penalized DLE (mm),Dipole fitting (grid),10,-10,9.356222567132315,9.885131597948352,0.5289090308160365,win
surface_dle_mm_penalized,Surface penalized DLE (mm),Dipole fitting (grid),10,-5,8.090815325166288,8.586008560873294,0.49519323570700635,win
surface_dle_mm_penalized,Surface penalized DLE (mm),Dipole fitting (grid),10,0,8.293868915860015,9.418052153183448,1.1241832373234324,win
surface_dle_mm_penalized,Surface penalized DLE (mm),Dipole fitting (grid),10,5,7.0162401158010255,8.481756159130526,1.465516043329501,win
surface_dle_mm_penalized,Surface penalized DLE (mm),Dipole fitting (grid),10,10,7.288633924289793,8.437575573577792,1.1489416492879991,win
surface_dle_mm_penalized,Surface penalized DLE (mm),Dipole fitting (grid),10,15,7.864656568783638,8.670870249137392,0.8062136803537543,win
surface_dle_mm_penalized,Surface penalized DLE (mm),Dipole fitting (grid),10,20,9.043206719043093,8.5762509579617,-0.4669557610813939,loss
surface_dle_mm_penalized,Surface penalized DLE (mm),Dipole fitting (grid),15,-10,9.812552380298607,10.7442200713395,0.931667691040893,win
surface_dle_mm_penalized,Surface penalized DLE (mm),Dipole fitting (grid),15,-5,9.090489590382672,9.935826075361538,0.8453364849788656,win
surface_dle_mm_penalized,Surface penalized DLE (mm),Dipole fitting (grid),15,0,8.646121932262881,8.811169855183222,0.16504792292034054,win
surface_dle_mm_penalized,Surface penalized DLE (mm),Dipole fitting (grid),15,5,7.95901415559628,8.766988916720324,0.8079747611240444,win
surface_dle_mm_penalized,Surface penalized DLE (mm),Dipole fitting (grid),15,10,8.285043459944635,7.861937181017672,-0.42310627892696306,loss
surface_dle_mm_penalized,Surface penalized DLE (mm),Dipole fitting (grid),15,15,7.334201647660319,8.357411333390973,1.0232096857306532,win
surface_dle_mm_penalized,Surface penalized DLE (mm),Dipole fitting (grid),15,20,7.640096275570486,9.655632219890833,2.015535944320347,win
surface_dle_mm_penalized,Surface penalized DLE (mm),Dipole fitting (grid),20,-10,10.146550917685225,10.908796162538332,0.7622452448531067,win
surface_dle_mm_penalized,Surface penalized DLE (mm),Dipole fitting (grid),20,-5,9.371452538831546,10.211960365659339,0.8405078268277926,win
surface_dle_mm_penalized,Surface penalized DLE (mm),Dipole fitting (grid),20,0,9.46585664443157,10.16544303208668,0.6995863876551098,win
surface_dle_mm_penalized,Surface penalized DLE (mm),Dipole fitting (grid),20,5,9.34608627713193,10.503418160327024,1.157331883195095,win
surface_dle_mm_penalized,Surface penalized DLE (mm),Dipole fitting (grid),20,10,7.828004035121488,8.50861482226162,0.6806107871401323,win
surface_dle_mm_penalized,Surface penalized DLE (mm),Dipole fitting (grid),20,15,7.613774448814723,8.681219963195385,1.0674455143806618,win
surface_dle_mm_penalized,Surface penalized DLE (mm),Dipole fitting (grid),20,20,6.943004774448962,8.148074769014128,1.2050699945651662,win
deep_sd_mm_penalized,Deep penalized SD (mm),dSPM,-10,-10,13.356962848298458,23.468949991131797,10.111987142833339,win
deep_sd_mm_penalized,Deep penalized SD (mm),dSPM,-10,-5,10.902738818594678,23.2300764803321,12.327337661737424,win
deep_sd_mm_penalized,Deep penalized SD (mm),dSPM,-10,0,11.120550547465877,22.836370533623185,11.715819986157308,win
deep_sd_mm_penalized,Deep penalized SD (mm),dSPM,-10,5,8.361833509522404,21.90875724652592,13.546923737003516,win
deep_sd_mm_penalized,Deep penalized SD (mm),dSPM,-10,10,6.346684480019157,20.143042829342274,13.796358349323118,win
deep_sd_mm_penalized,Deep penalized SD (mm),dSPM,-10,15,3.266807380503986,19.59628446713548,16.329477086631492,win
deep_sd_mm_penalized,Deep penalized SD (mm),dSPM,-10,20,1.9270456250531278,19.21243978277371,17.28539415772058,win
deep_sd_mm_penalized,Deep penalized SD (mm),dSPM,-5,-10,11.011659063944462,23.131317329108228,12.119658265163766,win
deep_sd_mm_penalized,Deep penalized SD (mm),dSPM,-5,-5,9.145602947614934,22.750441369887202,13.604838422272268,win
deep_sd_mm_penalized,Deep penalized SD (mm),dSPM,-5,0,8.072896905502555,22.316518408804047,14.243621503301492,win
deep_sd_mm_penalized,Deep penalized SD (mm),dSPM,-5,5,6.419982216133938,21.76925376514332,15.34927154900938,win
deep_sd_mm_penalized,Deep penalized SD (mm),dSPM,-5,10,4.895302155612119,20.42161214942281,15.526309993810692,win
deep_sd_mm_penalized,Deep penalized SD (mm),dSPM,-5,15,4.418590329877962,19.44241958549722,15.023829255619258,win
deep_sd_mm_penalized,Deep penalized SD (mm),dSPM,-5,20,2.718610026966928,19.15802277758,16.439412750613073,win
deep_sd_mm_penalized,Deep penalized SD (mm),dSPM,0,-10,8.370317818318822,22.633037743715644,14.262719925396821,win
deep_sd_mm_penalized,Deep penalized SD (mm),dSPM,0,-5,7.127722116825299,22.176286160910582,15.048564044085282,win
deep_sd_mm_penalized,Deep penalized SD (mm),dSPM,0,0,6.460413539298533,21.788465807767267,15.328052268468735,win
deep_sd_mm_penalized,Deep penalized SD (mm),dSPM,0,5,5.454111949416473,21.247357212717592,15.79324526330112,win
deep_sd_mm_penalized,Deep penalized SD (mm),dSPM,0,10,4.537079026947829,20.196939090976752,15.659860064028923,win
deep_sd_mm_penalized,Deep penalized SD (mm),dSPM,0,15,2.889204984699383,19.474561758910454,16.58535677421107,win
deep_sd_mm_penalized,Deep penalized SD (mm),dSPM,0,20,2.6834272061569435,19.09352260560137,16.410095399444426,win
deep_sd_mm_penalized,Deep penalized SD (mm),dSPM,5,-10,5.860559235339586,22.18061165367084,16.320052418331255,win
deep_sd_mm_penalized,Deep penalized SD (mm),dSPM,5,-5,5.353576551097784,21.71637108398674,16.362794532888955,win
deep_sd_mm_penalized,Deep penalized SD (mm),dSPM,5,0,4.6726580194057705,21.25863406078634,16.58597604138057,win
deep_sd_mm_penalized,Deep penalized SD (mm),dSPM,5,5,3.5927298110141646,20.73230929238498,17.139579481370816,win
deep_sd_mm_penalized,Deep penalized SD (mm),dSPM,5,10,3.4723214969513214,20.237917770659838,16.765596273708518,win
deep_sd_mm_penalized,Deep penalized SD (mm),dSPM,5,15,2.189797835051914,19.382746334299505,17.192948499247592,win
deep_sd_mm_penalized,Deep penalized SD (mm),dSPM,5,20,2.96598679167726,18.84825074771844,15.882263956041179,win
deep_sd_mm_penalized,Deep penalized SD (mm),dSPM,10,-10,5.627733126480531,21.760502725276535,16.132769598796003,win
deep_sd_mm_penalized,Deep penalized SD (mm),dSPM,10,-5,3.6273510581935233,21.43615417018698,17.80880311199346,win
deep_sd_mm_penalized,Deep penalized SD (mm),dSPM,10,0,4.9390632985942124,20.85881333456074,15.919750035966526,win
deep_sd_mm_penalized,Deep penalized SD (mm),dSPM,10,5,2.414206487353551,20.4092271701345,17.99502068278095,win
deep_sd_mm_penalized,Deep penalized SD (mm),dSPM,10,10,1.6747027082252879,19.92183154477621,18.247128836550925,win
deep_sd_mm_penalized,Deep penalized SD (mm),dSPM,10,15,1.558235073424612,19.527717732160202,17.96948265873559,win
deep_sd_mm_penalized,Deep penalized SD (mm),dSPM,10,20,2.176578258565373,19.031085826598677,16.854507568033306,win
deep_sd_mm_penalized,Deep penalized SD (mm),dSPM,15,-10,3.973675145683835,21.61021719384908,17.636542048165246,win
deep_sd_mm_penalized,Deep penalized SD (mm),dSPM,15,-5,3.284767239329181,21.31267575160993,18.02790851228075,win
deep_sd_mm_penalized,Deep penalized SD (mm),dSPM,15,0,2.604373701936332,20.636535870287105,18.032162168350773,win
deep_sd_mm_penalized,Deep penalized SD (mm),dSPM,15,5,2.471743933671527,20.298414665772956,17.82667073210143,win
deep_sd_mm_penalized,Deep penalized SD (mm),dSPM,15,10,2.2327448993651497,19.849743079500687,17.61699818013554,win
deep_sd_mm_penalized,Deep penalized SD (mm),dSPM,15,15,1.7653521861365222,19.677648732154456,17.912296546017934,win
deep_sd_mm_penalized,Deep penalized SD (mm),dSPM,15,20,1.3643083839221657,19.153219498147603,17.78891111422544,win
deep_sd_mm_penalized,Deep penalized SD (mm),dSPM,20,-10,3.188164494684706,21.680511491313254,18.492346996628548,win
deep_sd_mm_penalized,Deep penalized SD (mm),dSPM,20,-5,2.490170335968747,21.284615766557224,18.794445430588475,win
deep_sd_mm_penalized,Deep penalized SD (mm),dSPM,20,0,2.8708436117636147,20.897635725354387,18.026792113590773,win
deep_sd_mm_penalized,Deep penalized SD (mm),dSPM,20,5,1.8069936212873223,20.314684069439235,18.507690448151912,win
deep_sd_mm_penalized,Deep penalized SD (mm),dSPM,20,10,1.942363945621678,19.91251485956542,17.97015091394374,win
deep_sd_mm_penalized,Deep penalized SD (mm),dSPM,20,15,1.1672024307768796,19.656055831046785,18.488853400269907,win
deep_sd_mm_penalized,Deep penalized SD (mm),dSPM,20,20,1.6984445006370612,19.49311714383497,17.794672643197906,win
deep_sd_mm_penalized,Deep penalized SD (mm),eLORETA,-10,-10,13.356962848298458,23.520295671740158,10.1633328234417,win
deep_sd_mm_penalized,Deep penalized SD (mm),eLORETA,-10,-5,10.902738818594678,23.201364801261658,12.29862598266698,win
deep_sd_mm_penalized,Deep penalized SD (mm),eLORETA,-10,0,11.120550547465877,22.703402136702,11.582851589236123,win
deep_sd_mm_penalized,Deep penalized SD (mm),eLORETA,-10,5,8.361833509522404,21.66571043435664,13.303876924834237,win
deep_sd_mm_penalized,Deep penalized SD (mm),eLORETA,-10,10,6.346684480019157,20.106328739565885,13.759644259546729,win
deep_sd_mm_penalized,Deep penalized SD (mm),eLORETA,-10,15,3.266807380503986,19.410176774421412,16.143369393917425,win
deep_sd_mm_penalized,Deep penalized SD (mm),eLORETA,-10,20,1.9270456250531278,19.008057639247983,17.081012014194854,win
deep_sd_mm_penalized,Deep penalized SD (mm),eLORETA,-5,-10,11.011659063944462,23.339957896268597,12.328298832324135,win
deep_sd_mm_penalized,Deep penalized SD (mm),eLORETA,-5,-5,9.145602947614934,22.941032470562323,13.795429522947389,win
deep_sd_mm_penalized,Deep penalized SD (mm),eLORETA,-5,0,8.072896905502555,22.417033840576646,14.344136935074092,win
deep_sd_mm_penalized,Deep penalized SD (mm),eLORETA,-5,5,6.419982216133938,21.707372057480317,15.287389841346378,win
deep_sd_mm_penalized,Deep penalized SD (mm),eLORETA,-5,10,4.895302155612119,20.323754826418075,15.428452670805957,win
deep_sd_mm_penalized,Deep penalized SD (mm),eLORETA,-5,15,4.418590329877962,19.350468087253944,14.931877757375982,win
deep_sd_mm_penalized,Deep penalized SD (mm),eLORETA,-5,20,2.718610026966928,18.998651377408752,16.280041350441824,win
deep_sd_mm_penalized,Deep penalized SD (mm),eLORETA,0,-10,8.370317818318822,22.9341931273444,14.563875309025578,win
deep_sd_mm_penalized,Deep penalized SD (mm),eLORETA,0,-5,7.127722116825299,22.533883542850585,15.406161426025285,win
deep_sd_mm_penalized,Deep penalized SD (mm),eLORETA,0,0,6.460413539298533,22.088418954590367,15.628005415291835,win
deep_sd_mm_penalized,Deep penalized SD (mm),eLORETA,0,5,5.454111949416473,21.439013671083135,15.984901721666663,win
deep_sd_mm_penalized,Deep penalized SD (mm),eLORETA,0,10,4.537079026947829,20.3742881014294,15.83720907448157,win
deep_sd_mm_penalized,Deep penalized SD (mm),eLORETA,0,15,2.889204984699383,19.53624048704717,16.647035502347787,win
deep_sd_mm_penalized,Deep penalized SD (mm),eLORETA,0,20,2.6834272061569435,18.960400440892403,16.27697323473546,win
deep_sd_mm_penalized,Deep penalized SD (mm),eLORETA,5,-10,5.860559235339586,22.467384710478417,16.60682547513883,win
deep_sd_mm_penalized,Deep penalized SD (mm),eLORETA,5,-5,5.353576551097784,22.115311010802376,16.76173445970459,win
deep_sd_mm_penalized,Deep penalized SD (mm),eLORETA,5,0,4.6726580194057705,21.71008400615779,17.03742598675202,win
deep_sd_mm_penalized,Deep penalized SD (mm),eLORETA,5,5,3.5927298110141646,21.125771445654546,17.533041634640384,win
deep_sd_mm_penalized,Deep penalized SD (mm),eLORETA,5,10,3.4723214969513214,20.562043096561023,17.089721599609703,win
deep_sd_mm_penalized,Deep penalized SD (mm),eLORETA,5,15,2.189797835051914,19.629237895681754,17.439440060629842,win
deep_sd_mm_penalized,Deep penalized SD (mm),eLORETA,5,20,2.96598679167726,18.920304729811047,15.954317938133787,win
deep_sd_mm_penalized,Deep penalized SD (mm),eLORETA,10,-10,5.627733126480531,22.005655511718135,16.377922385237603,win
deep_sd_mm_penalized,Deep penalized SD (mm),eLORETA,10,-5,3.6273510581935233,21.707958708756234,18.080607650562712,win
deep_sd_mm_penalized,Deep penalized SD (mm),eLORETA,10,0,4.9390632985942124,21.380407081259676,16.441343782665463,win
deep_sd_mm_penalized,Deep penalized SD (mm),eLORETA,10,5,2.414206487353551,20.95263048159821,18.53842399424466,win
deep_sd_mm_penalized,Deep penalized SD (mm),eLORETA,10,10,1.6747027082252879,20.453825994172295,18.77912328594701,win
deep_sd_mm_penalized,Deep penalized SD (mm),eLORETA,10,15,1.558235073424612,19.916581673575532,18.35834660015092,win
deep_sd_mm_penalized,Deep penalized SD (mm),eLORETA,10,20,2.176578258565373,19.376299567137746,17.19972130857237,win
deep_sd_mm_penalized,Deep penalized SD (mm),eLORETA,15,-10,3.973675145683835,21.807182034708557,17.833506889024722,win
deep_sd_mm_penalized,Deep penalized SD (mm),eLORETA,15,-5,3.284767239329181,21.520054216297144,18.235286976967963,win
deep_sd_mm_penalized,Deep penalized SD (mm),eLORETA,15,0,2.604373701936332,21.13470281015911,18.530329108222777,win
deep_sd_mm_penalized,Deep penalized SD (mm),eLORETA,15,5,2.471743933671527,20.830598511866494,18.35885457819497,win
deep_sd_mm_penalized,Deep penalized SD (mm),eLORETA,15,10,2.2327448993651497,20.478292266632135,18.245547367266987,win
deep_sd_mm_penalized,Deep penalized SD (mm),eLORETA,15,15,1.7653521861365222,20.262971457384154,18.497619271247633,win
deep_sd_mm_penalized,Deep penalized SD (mm),eLORETA,15,20,1.3643083839221657,19.632675887224732,18.268367503302567,win
deep_sd_mm_penalized,Deep penalized SD (mm),eLORETA,20,-10,3.188164494684706,21.908716708654207,18.7205522139695,win
deep_sd_mm_penalized,Deep penalized SD (mm),eLORETA,20,-5,2.490170335968747,21.568175554985377,19.07800521901663,win
deep_sd_mm_penalized,Deep penalized SD (mm),eLORETA,20,0,2.8708436117636147,21.170627726956656,18.29978411519304,win
deep_sd_mm_penalized,Deep penalized SD (mm),eLORETA,20,5,1.8069936212873223,20.76537615204022,18.958382530752896,win
deep_sd_mm_penalized,Deep penalized SD (mm),eLORETA,20,10,1.942363945621678,20.448892970594002,18.506529024972323,win
deep_sd_mm_penalized,Deep penalized SD (mm),eLORETA,20,15,1.1672024307768796,20.306100584356482,19.138898153579603,win
deep_sd_mm_penalized,Deep penalized SD (mm),eLORETA,20,20,1.6984445006370612,20.076138616296575,18.377694115659512,win
deep_sd_mm_penalized,Deep penalized SD (mm),sLORETA,-10,-10,13.356962848298458,23.514715826780066,10.157752978481607,win
deep_sd_mm_penalized,Deep penalized SD (mm),sLORETA,-10,-5,10.902738818594678,23.199725305107805,12.296986486513127,win
deep_sd_mm_penalized,Deep penalized SD (mm),sLORETA,-10,0,11.120550547465877,22.700265988394808,11.579715440928931,win
deep_sd_mm_penalized,Deep penalized SD (mm),sLORETA,-10,5,8.361833509522404,21.737965766519043,13.37613225699664,win
deep_sd_mm_penalized,Deep penalized SD (mm),sLORETA,-10,10,6.346684480019157,20.173756980554643,13.827072500535486,win
deep_sd_mm_penalized,Deep penalized SD (mm),sLORETA,-10,15,3.266807380503986,19.413656134846207,16.14684875434222,win
deep_sd_mm_penalized,Deep penalized SD (mm),sLORETA,-10,20,1.9270456250531278,19.058141757509386,17.131096132456257,win
deep_sd_mm_penalized,Deep penalized SD (mm),sLORETA,-5,-10,11.011659063944462,23.291240413324402,12.27958134937994,win
deep_sd_mm_penalized,Deep penalized SD (mm),sLORETA,-5,-5,9.145602947614934,22.852953768958894,13.70735082134396,win
deep_sd_mm_penalized,Deep penalized SD (mm),sLORETA,-5,0,8.072896905502555,22.349079765858367,14.276182860355812,win
deep_sd_mm_penalized,Deep penalized SD (mm),sLORETA,-5,5,6.419982216133938,21.687888513043646,15.267906296909707,win
deep_sd_mm_penalized,Deep penalized SD (mm),sLORETA,-5,10,4.895302155612119,20.41761170538264,15.522309549770522,win
deep_sd_mm_penalized,Deep penalized SD (mm),sLORETA,-5,15,4.418590329877962,19.32974686738216,14.911156537504198,win
deep_sd_mm_penalized,Deep penalized SD (mm),sLORETA,-5,20,2.718610026966928,19.078209398028974,16.359599371062046,win
deep_sd_mm_penalized,Deep penalized SD (mm),sLORETA,0,-10,8.370317818318822,22.85410741380456,14.483789595485737,win
deep_sd_mm_penalized,Deep penalized SD (mm),sLORETA,0,-5,7.127722116825299,22.34906576490624,15.22134364808094,win
deep_sd_mm_penalized,Deep penalized SD (mm),sLORETA,0,0,6.460413539298533,21.85241544689421,15.392001907595677,win
deep_sd_mm_penalized,Deep penalized SD (mm),sLORETA,0,5,5.454111949416473,21.26007492166451,15.80596297224804,win
deep_sd_mm_penalized,Deep penalized SD (mm),sLORETA,0,10,4.537079026947829,20.277530230113907,15.740451203166078,win
deep_sd_mm_penalized,Deep penalized SD (mm),sLORETA,0,15,2.889204984699383,19.490756590923905,16.601551606224522,win
deep_sd_mm_penalized,Deep penalized SD (mm),sLORETA,0,20,2.6834272061569435,18.963413498715706,16.279986292558764,win
deep_sd_mm_penalized,Deep penalized SD (mm),sLORETA,5,-10,5.860559235339586,22.339944595878393,16.479385360538807,win
deep_sd_mm_penalized,Deep penalized SD (mm),sLORETA,5,-5,5.353576551097784,21.87617767896305,16.522601127865265,win
deep_sd_mm_penalized,Deep penalized SD (mm),sLORETA,5,0,4.6726580194057705,21.40217644634807,16.7295184269423,win
deep_sd_mm_penalized,Deep penalized SD (mm),sLORETA,5,5,3.5927298110141646,20.786709547215946,17.193979736201783,win
deep_sd_mm_penalized,Deep penalized SD (mm),sLORETA,5,10,3.4723214969513214,20.305058718721522,16.832737221770202,win
deep_sd_mm_penalized,Deep penalized SD (mm),sLORETA,5,15,2.189797835051914,19.48042507302325,17.29062723797134,win
deep_sd_mm_penalized,Deep penalized SD (mm),sLORETA,5,20,2.96598679167726,18.8506895919081,15.88470280023084,win
deep_sd_mm_penalized,Deep penalized SD (mm),sLORETA,10,-10,5.627733126480531,21.914271015587747,16.286537889107215,win
deep_sd_mm_penalized,Deep penalized SD (mm),sLORETA,10,-5,3.6273510581935233,21.557031019263423,17.9296799610699,win
deep_sd_mm_penalized,Deep penalized SD (mm),sLORETA,10,0,4.9390632985942124,20.9534431550328,16.014379856438588,win
deep_sd_mm_penalized,Deep penalized SD (mm),sLORETA,10,5,2.414206487353551,20.544943681822904,18.130737194469354,win
deep_sd_mm_penalized,Deep penalized SD (mm),sLORETA,10,10,1.6747027082252879,20.026051225404185,18.3513485171789,win
deep_sd_mm_penalized,Deep penalized SD (mm),sLORETA,10,15,1.558235073424612,19.527616999312347,17.969381925887735,win
deep_sd_mm_penalized,Deep penalized SD (mm),sLORETA,10,20,2.176578258565373,19.174887810688656,16.99830955212328,win
deep_sd_mm_penalized,Deep penalized SD (mm),sLORETA,15,-10,3.973675145683835,21.812163749630155,17.83848860394632,win
deep_sd_mm_penalized,Deep penalized SD (mm),sLORETA,15,-5,3.284767239329181,21.443474545282985,18.158707305953804,win
deep_sd_mm_penalized,Deep penalized SD (mm),sLORETA,15,0,2.604373701936332,20.838423137962824,18.234049436026492,win
deep_sd_mm_penalized,Deep penalized SD (mm),sLORETA,15,5,2.471743933671527,20.422103207888032,17.950359274216506,win
deep_sd_mm_penalized,Deep penalized SD (mm),sLORETA,15,10,2.2327448993651497,20.020570736855607,17.78782583749046,win
deep_sd_mm_penalized,Deep penalized SD (mm),sLORETA,15,15,1.7653521861365222,19.814315056177183,18.04896287004066,win
deep_sd_mm_penalized,Deep penalized SD (mm),sLORETA,15,20,1.3643083839221657,19.18602298968162,17.821714605759457,win
deep_sd_mm_penalized,Deep penalized SD (mm),sLORETA,20,-10,3.188164494684706,21.868387826275896,18.68022333159119,win
deep_sd_mm_penalized,Deep penalized SD (mm),sLORETA,20,-5,2.490170335968747,21.47886915267487,18.988698816706126,win
deep_sd_mm_penalized,Deep penalized SD (mm),sLORETA,20,0,2.8708436117636147,21.082255266584315,18.2114116548207,win
deep_sd_mm_penalized,Deep penalized SD (mm),sLORETA,20,5,1.8069936212873223,20.438218102852844,18.63122448156552,win
deep_sd_mm_penalized,Deep penalized SD (mm),sLORETA,20,10,1.942363945621678,20.06648728872676,18.12412334310508,win
deep_sd_mm_penalized,Deep penalized SD (mm),sLORETA,20,15,1.1672024307768796,19.877804602158836,18.710602171381957,win
deep_sd_mm_penalized,Deep penalized SD (mm),sLORETA,20,20,1.6984445006370612,19.530497028103042,17.83205252746598,win
deep_sd_mm_penalized,Deep penalized SD (mm),MNE,-10,-10,13.356962848298458,23.94071971668198,10.58375686838352,win
deep_sd_mm_penalized,Deep penalized SD (mm),MNE,-10,-5,10.902738818594678,23.662897405345955,12.760158586751277,win
deep_sd_mm_penalized,Deep penalized SD (mm),MNE,-10,0,11.120550547465877,23.184798766984134,12.064248219518257,win
deep_sd_mm_penalized,Deep penalized SD (mm),MNE,-10,5,8.361833509522404,22.01967071312404,13.657837203601636,win
deep_sd_mm_penalized,Deep penalized SD (mm),MNE,-10,10,6.346684480019157,20.436836943101138,14.090152463081981,win
deep_sd_mm_penalized,Deep penalized SD (mm),MNE,-10,15,3.266807380503986,19.70470523771915,16.437897857215162,win
deep_sd_mm_penalized,Deep penalized SD (mm),MNE,-10,20,1.9270456250531278,19.387060764439124,17.460015139385995,win
deep_sd_mm_penalized,Deep penalized SD (mm),MNE,-5,-10,11.011659063944462,23.693407934181476,12.681748870237014,win
deep_sd_mm_penalized,Deep penalized SD (mm),MNE,-5,-5,9.145602947614934,23.242224304480473,14.096621356865539,win
deep_sd_mm_penalized,Deep penalized SD (mm),MNE,-5,0,8.072896905502555,22.707029711579057,14.634132806076503,win
deep_sd_mm_penalized,Deep penalized SD (mm),MNE,-5,5,6.419982216133938,21.9621309734173,15.54214875728336,win
deep_sd_mm_penalized,Deep penalized SD (mm),MNE,-5,10,4.895302155612119,20.593346572942774,15.698044417330657,win
deep_sd_mm_penalized,Deep penalized SD (mm),MNE,-5,15,4.418590329877962,19.61533458856908,15.196744258691119,win
deep_sd_mm_penalized,Deep penalized SD (mm),MNE,-5,20,2.718610026966928,19.40163854548227,16.683028518515343,win
deep_sd_mm_penalized,Deep penalized SD (mm),MNE,0,-10,8.370317818318822,23.202782902346105,14.832465084027282,win
deep_sd_mm_penalized,Deep penalized SD (mm),MNE,0,-5,7.127722116825299,22.67630204373096,15.54857992690566,win
deep_sd_mm_penalized,Deep penalized SD (mm),MNE,0,0,6.460413539298533,22.119402966354844,15.658989427056312,win
deep_sd_mm_penalized,Deep penalized SD (mm),MNE,0,5,5.454111949416473,21.3354731123234,15.881361162906927,win
deep_sd_mm_penalized,Deep penalized SD (mm),MNE,0,10,4.537079026947829,20.27334996629388,15.73627093934605,win
deep_sd_mm_penalized,Deep penalized SD (mm),MNE,0,15,2.889204984699383,19.725328602422266,16.836123617722883,win
deep_sd_mm_penalized,Deep penalized SD (mm),MNE,0,20,2.6834272061569435,19.256460047304667,16.573032841147725,win
deep_sd_mm_penalized,Deep penalized SD (mm),MNE,5,-10,5.860559235339586,22.61007580699783,16.749516571658244,win
deep_sd_mm_penalized,Deep penalized SD (mm),MNE,5,-5,5.353576551097784,22.092638417257973,16.73906186616019,win
deep_sd_mm_penalized,Deep penalized SD (mm),MNE,5,0,4.6726580194057705,21.55135475678412,16.878696737378352,win
deep_sd_mm_penalized,Deep penalized SD (mm),MNE,5,5,3.5927298110141646,20.800090315039274,17.20736050402511,win
deep_sd_mm_penalized,Deep penalized SD (mm),MNE,5,10,3.4723214969513214,20.32837900721886,16.85605751026754,win
deep_sd_mm_penalized,Deep penalized SD (mm),MNE,5,15,2.189797835051914,19.60757292216611,17.417775087114197,win
deep_sd_mm_penalized,Deep penalized SD (mm),MNE,5,20,2.96598679167726,19.120475760693367,16.154488969016107,win
deep_sd_mm_penalized,Deep penalized SD (mm),MNE,10,-10,5.627733126480531,22.101657928982362,16.47392480250183,win
deep_sd_mm_penalized,Deep penalized SD (mm),MNE,10,-5,3.6273510581935233,21.77217153871219,18.144820480518668,win
deep_sd_mm_penalized,Deep penalized SD (mm),MNE,10,0,4.9390632985942124,21.0892373326668,16.150174034072588,win
deep_sd_mm_penalized,Deep penalized SD (mm),MNE,10,5,2.414206487353551,20.53813337509113,18.123926887737582,win
deep_sd_mm_penalized,Deep penalized SD (mm),MNE,10,10,1.6747027082252879,19.930401265957283,18.255698557731996,win
deep_sd_mm_penalized,Deep penalized SD (mm),MNE,10,15,1.558235073424612,19.627628122692467,18.069393049267855,win
deep_sd_mm_penalized,Deep penalized SD (mm),MNE,10,20,2.176578258565373,19.24075448812007,17.064176229554697,win
deep_sd_mm_penalized,Deep penalized SD (mm),MNE,15,-10,3.973675145683835,21.975512903099798,18.001837757415963,win
deep_sd_mm_penalized,Deep penalized SD (mm),MNE,15,-5,3.284767239329181,21.565584607979456,18.280817368650276,win
deep_sd_mm_penalized,Deep penalized SD (mm),MNE,15,0,2.604373701936332,20.910838967793495,18.306465265857163,win
deep_sd_mm_penalized,Deep penalized SD (mm),MNE,15,5,2.471743933671527,20.42692594966486,17.955182015993334,win
deep_sd_mm_penalized,Deep penalized SD (mm),MNE,15,10,2.2327448993651497,20.023210848007746,17.7904659486426,win
deep_sd_mm_penalized,Deep penalized SD (mm),MNE,15,15,1.7653521861365222,19.737243172486938,17.971890986350417,win
deep_sd_mm_penalized,Deep penalized SD (mm),MNE,15,20,1.3643083839221657,19.310968363469964,17.9466599795478,win
deep_sd_mm_penalized,Deep penalized SD (mm),MNE,20,-10,3.188164494684706,22.019313359964134,18.831148865279427,win
deep_sd_mm_penalized,Deep penalized SD (mm),MNE,20,-5,2.490170335968747,21.639195583258424,19.14902524728968,win
deep_sd_mm_penalized,Deep penalized SD (mm),MNE,20,0,2.8708436117636147,21.249395202233263,18.378551590469648,win
deep_sd_mm_penalized,Deep penalized SD (mm),MNE,20,5,1.8069936212873223,20.56768534324749,18.760691721960168,win
deep_sd_mm_penalized,Deep penalized SD (mm),MNE,20,10,1.942363945621678,19.991996979810228,18.04963303418855,win
deep_sd_mm_penalized,Deep penalized SD (mm),MNE,20,15,1.1672024307768796,19.845486473489704,18.678284042712825,win
deep_sd_mm_penalized,Deep penalized SD (mm),MNE,20,20,1.6984445006370612,19.497707463853004,17.79926296321594,win
deep_sd_mm_penalized,Deep penalized SD (mm),LCMV,-10,-10,13.356962848298458,22.01310658425645,8.656143735957993,win
deep_sd_mm_penalized,Deep penalized SD (mm),LCMV,-10,-5,10.902738818594678,20.672370242240405,9.769631423645727,win
deep_sd_mm_penalized,Deep penalized SD (mm),LCMV,-10,0,11.120550547465877,18.570917987875433,7.450367440409556,win
deep_sd_mm_penalized,Deep penalized SD (mm),LCMV,-10,5,8.361833509522404,16.089802743202434,7.72796923368003,win
deep_sd_mm_penalized,Deep penalized SD (mm),LCMV,-10,10,6.346684480019157,13.744154358114466,7.397469878095309,win
deep_sd_mm_penalized,Deep penalized SD (mm),LCMV,-10,15,3.266807380503986,11.24703291189598,7.980225531391994,win
deep_sd_mm_penalized,Deep penalized SD (mm),LCMV,-10,20,1.9270456250531278,8.878713751503549,6.9516681264504205,win
deep_sd_mm_penalized,Deep penalized SD (mm),LCMV,-5,-10,11.011659063944462,21.901236135741943,10.889577071797481,win
deep_sd_mm_penalized,Deep penalized SD (mm),LCMV,-5,-5,9.145602947614934,20.56560099233617,11.419998044721234,win
deep_sd_mm_penalized,Deep penalized SD (mm),LCMV,-5,0,8.072896905502555,18.55469105848834,10.481794152985787,win
deep_sd_mm_penalized,Deep penalized SD (mm),LCMV,-5,5,6.419982216133938,16.168996344336318,9.74901412820238,win
deep_sd_mm_penalized,Deep penalized SD (mm),LCMV,-5,10,4.895302155612119,13.55923871552323,8.663936559911111,win
deep_sd_mm_penalized,Deep penalized SD (mm),LCMV,-5,15,4.418590329877962,11.246289536178159,6.827699206300196,win
deep_sd_mm_penalized,Deep penalized SD (mm),LCMV,-5,20,2.718610026966928,8.818812826474698,6.10020279950777,win
deep_sd_mm_penalized,Deep penalized SD (mm),LCMV,0,-10,8.370317818318822,21.378554591905708,13.008236773586885,win
deep_sd_mm_penalized,Deep penalized SD (mm),LCMV,0,-5,7.127722116825299,20.04078330738726,12.913061190561962,win
deep_sd_mm_penalized,Deep penalized SD (mm),LCMV,0,0,6.460413539298533,18.02847379975954,11.568060260461007,win
deep_sd_mm_penalized,Deep penalized SD (mm),LCMV,0,5,5.454111949416473,15.868143824743406,10.414031875326934,win
deep_sd_mm_penalized,Deep penalized SD (mm),LCMV,0,10,4.537079026947829,13.530180096357768,8.993101069409938,win
deep_sd_mm_penalized,Deep penalized SD (mm),LCMV,0,15,2.889204984699383,11.22341751932179,8.334212534622408,win
deep_sd_mm_penalized,Deep penalized SD (mm),LCMV,0,20,2.6834272061569435,8.724830173783566,6.041402967626622,win
deep_sd_mm_penalized,Deep penalized SD (mm),LCMV,5,-10,5.860559235339586,19.95518205359488,14.094622818255292,win
deep_sd_mm_penalized,Deep penalized SD (mm),LCMV,5,-5,5.353576551097784,18.25297235842166,12.899395807323874,win
deep_sd_mm_penalized,Deep penalized SD (mm),LCMV,5,0,4.6726580194057705,16.52537248555168,11.852714466145912,win
deep_sd_mm_penalized,Deep penalized SD (mm),LCMV,5,5,3.5927298110141646,15.075116522086361,11.482386711072197,win
deep_sd_mm_penalized,Deep penalized SD (mm),LCMV,5,10,3.4723214969513214,13.011299417175811,9.53897792022449,win
deep_sd_mm_penalized,Deep penalized SD (mm),LCMV,5,15,2.189797835051914,10.902097922225819,8.712300087173904,win
deep_sd_mm_penalized,Deep penalized SD (mm),LCMV,5,20,2.96598679167726,8.574052680560532,5.608065888883273,win
deep_sd_mm_penalized,Deep penalized SD (mm),LCMV,10,-10,5.627733126480531,16.795883762886785,11.168150636406253,win
deep_sd_mm_penalized,Deep penalized SD (mm),LCMV,10,-5,3.6273510581935233,15.908407900559107,12.281056842365583,win
deep_sd_mm_penalized,Deep penalized SD (mm),LCMV,10,0,4.9390632985942124,14.952767838796973,10.01370454020276,win
deep_sd_mm_penalized,Deep penalized SD (mm),LCMV,10,5,2.414206487353551,13.529275141530489,11.115068654176937,win
deep_sd_mm_penalized,Deep penalized SD (mm),LCMV,10,10,1.6747027082252879,11.905027005087737,10.230324296862449,win
deep_sd_mm_penalized,Deep penalized SD (mm),LCMV,10,15,1.558235073424612,10.191638061379996,8.633402987955384,win
deep_sd_mm_penalized,Deep penalized SD (mm),LCMV,10,20,2.176578258565373,8.187427472013045,6.010849213447672,win
deep_sd_mm_penalized,Deep penalized SD (mm),LCMV,15,-10,3.973675145683835,13.135559931584647,9.161884785900812,win
deep_sd_mm_penalized,Deep penalized SD (mm),LCMV,15,-5,3.284767239329181,12.568691552620601,9.28392431329142,win
deep_sd_mm_penalized,Deep penalized SD (mm),LCMV,15,0,2.604373701936332,12.17279483907214,9.568421137135807,win
deep_sd_mm_penalized,Deep penalized SD (mm),LCMV,15,5,2.471743933671527,11.390809463756787,8.919065530085259,win
deep_sd_mm_penalized,Deep penalized SD (mm),LCMV,15,10,2.2327448993651497,10.252303034272261,8.019558134907111,win
deep_sd_mm_penalized,Deep penalized SD (mm),LCMV,15,15,1.7653521861365222,8.67552065353838,6.910168467401857,win
deep_sd_mm_penalized,Deep penalized SD (mm),LCMV,15,20,1.3643083839221657,7.264136060951692,5.899827677029527,win
deep_sd_mm_penalized,Deep penalized SD (mm),LCMV,20,-10,3.188164494684706,9.313881529919549,6.1257170352348425,win
deep_sd_mm_penalized,Deep penalized SD (mm),LCMV,20,-5,2.490170335968747,9.206678508640495,6.716508172671748,win
deep_sd_mm_penalized,Deep penalized SD (mm),LCMV,20,0,2.8708436117636147,9.077615487873414,6.2067718761098,win
deep_sd_mm_penalized,Deep penalized SD (mm),LCMV,20,5,1.8069936212873223,8.614375838303566,6.807382217016244,win
deep_sd_mm_penalized,Deep penalized SD (mm),LCMV,20,10,1.942363945621678,7.829846074964224,5.887482129342546,win
deep_sd_mm_penalized,Deep penalized SD (mm),LCMV,20,15,1.1672024307768796,6.877749956613514,5.710547525836635,win
deep_sd_mm_penalized,Deep penalized SD (mm),LCMV,20,20,1.6984445006370612,5.553609450076801,3.8551649494397404,win
deep_sd_mm_penalized,Deep penalized SD (mm),RAP-MUSIC,-10,-10,13.356962848298458,165.77062089819648,152.41365804989803,win
deep_sd_mm_penalized,Deep penalized SD (mm),RAP-MUSIC,-10,-5,10.902738818594678,154.92122598037648,144.0184871617818,win
deep_sd_mm_penalized,Deep penalized SD (mm),RAP-MUSIC,-10,0,11.120550547465877,142.35102876949557,131.2304782220297,win
deep_sd_mm_penalized,Deep penalized SD (mm),RAP-MUSIC,-10,5,8.361833509522404,133.34077995748012,124.97894644795772,win
deep_sd_mm_penalized,Deep penalized SD (mm),RAP-MUSIC,-10,10,6.346684480019157,108.05332671328138,101.70664223326222,win
deep_sd_mm_penalized,Deep penalized SD (mm),RAP-MUSIC,-10,15,3.266807380503986,95.2667464914702,91.99993911096621,win
deep_sd_mm_penalized,Deep penalized SD (mm),RAP-MUSIC,-10,20,1.9270456250531278,110.13134675589522,108.2043011308421,win
deep_sd_mm_penalized,Deep penalized SD (mm),RAP-MUSIC,-5,-10,11.011659063944462,156.01940790418493,145.00774884024048,win
deep_sd_mm_penalized,Deep penalized SD (mm),RAP-MUSIC,-5,-5,9.145602947614934,151.47962139425474,142.3340184466398,win
deep_sd_mm_penalized,Deep penalized SD (mm),RAP-MUSIC,-5,0,8.072896905502555,148.0870364130318,140.01413950752925,win
deep_sd_mm_penalized,Deep penalized SD (mm),RAP-MUSIC,-5,5,6.419982216133938,128.67423920821668,122.25425699208273,win
deep_sd_mm_penalized,Deep penalized SD (mm),RAP-MUSIC,-5,10,4.895302155612119,109.2005282356984,104.30522608008629,win
deep_sd_mm_penalized,Deep penalized SD (mm),RAP-MUSIC,-5,15,4.418590329877962,103.3951964022185,98.97660607234054,win
deep_sd_mm_penalized,Deep penalized SD (mm),RAP-MUSIC,-5,20,2.718610026966928,103.31746177988573,100.5988517529188,win
deep_sd_mm_penalized,Deep penalized SD (mm),RAP-MUSIC,0,-10,8.370317818318822,146.9601394768586,138.58982165853976,win
deep_sd_mm_penalized,Deep penalized SD (mm),RAP-MUSIC,0,-5,7.127722116825299,143.6165741101114,136.4888519932861,win
deep_sd_mm_penalized,Deep penalized SD (mm),RAP-MUSIC,0,0,6.460413539298533,131.97719540623163,125.5167818669331,win
deep_sd_mm_penalized,Deep penalized SD (mm),RAP-MUSIC,0,5,5.454111949416473,121.65238165173677,116.1982697023203,win
deep_sd_mm_penalized,Deep penalized SD (mm),RAP-MUSIC,0,10,4.537079026947829,100.00261141712521,95.46553239017737,win
deep_sd_mm_penalized,Deep penalized SD (mm),RAP-MUSIC,0,15,2.889204984699383,102.29701447453971,99.40780948984033,win
deep_sd_mm_penalized,Deep penalized SD (mm),RAP-MUSIC,0,20,2.6834272061569435,107.83694369848074,105.15351649232379,win
deep_sd_mm_penalized,Deep penalized SD (mm),RAP-MUSIC,5,-10,5.860559235339586,117.16161474846837,111.30105551312877,win
deep_sd_mm_penalized,Deep penalized SD (mm),RAP-MUSIC,5,-5,5.353576551097784,113.57295134201695,108.21937479091916,win
deep_sd_mm_penalized,Deep penalized SD (mm),RAP-MUSIC,5,0,4.6726580194057705,106.906125187536,102.23346716813023,win
deep_sd_mm_penalized,Deep penalized SD (mm),RAP-MUSIC,5,5,3.5927298110141646,94.37621495620361,90.78348514518945,win
deep_sd_mm_penalized,Deep penalized SD (mm),RAP-MUSIC,5,10,3.4723214969513214,97.77753255714356,94.30521106019224,win
deep_sd_mm_penalized,Deep penalized SD (mm),RAP-MUSIC,5,15,2.189797835051914,94.07052535399384,91.88072751894192,win
deep_sd_mm_penalized,Deep penalized SD (mm),RAP-MUSIC,5,20,2.96598679167726,103.31746177552463,100.35147498384737,win
deep_sd_mm_penalized,Deep penalized SD (mm),RAP-MUSIC,10,-10,5.627733126480531,78.39345038130006,72.76571725481952,win
deep_sd_mm_penalized,Deep penalized SD (mm),RAP-MUSIC,10,-5,3.6273510581935233,80.40214622880815,76.77479517061462,win
deep_sd_mm_penalized,Deep penalized SD (mm),RAP-MUSIC,10,0,4.9390632985942124,74.87411116123461,69.9350478626404,win
deep_sd_mm_penalized,Deep penalized SD (mm),RAP-MUSIC,10,5,2.414206487353551,66.60701286125398,64.19280637390042,win
deep_sd_mm_penalized,Deep penalized SD (mm),RAP-MUSIC,10,10,1.6747027082252879,79.20592509133179,77.53122238310651,win
deep_sd_mm_penalized,Deep penalized SD (mm),RAP-MUSIC,10,15,1.558235073424612,90.7661347611936,89.20789968776899,win
deep_sd_mm_penalized,Deep penalized SD (mm),RAP-MUSIC,10,20,2.176578258565373,101.05177373603487,98.8751954774695,win
deep_sd_mm_penalized,Deep penalized SD (mm),RAP-MUSIC,15,-10,3.973675145683835,54.20417906267272,50.23050391698889,win
deep_sd_mm_penalized,Deep penalized SD (mm),RAP-MUSIC,15,-5,3.284767239329181,46.0841395868921,42.79937234756292,win
deep_sd_mm_penalized,Deep penalized SD (mm),RAP-MUSIC,15,0,2.604373701936332,56.212874906654854,53.60850120471852,win
deep_sd_mm_penalized,Deep penalized SD (mm),RAP-MUSIC,15,5,2.471743933671527,55.06567337794761,52.593929444276085,win
deep_sd_mm_penalized,Deep penalized SD (mm),RAP-MUSIC,15,10,2.2327448993651497,56.212874906654854,53.9801300072897,win
deep_sd_mm_penalized,Deep penalized SD (mm),RAP-MUSIC,15,15,1.7653521861365222,84.8929131243359,83.12756093819938,win
deep_sd_mm_penalized,Deep penalized SD (mm),RAP-MUSIC,15,20,1.3643083839221657,96.36492841140834,95.00062002748618,win
deep_sd_mm_penalized,Deep penalized SD (mm),RAP-MUSIC,20,-10,3.188164494684706,44.838898840646635,41.65073434596193,win
deep_sd_mm_penalized,Deep penalized SD (mm),RAP-MUSIC,20,-5,2.490170335968747,49.427704955475605,46.937534619506856,win
deep_sd_mm_penalized,Deep penalized SD (mm),RAP-MUSIC,20,0,2.8708436117636147,44.74085961958244,41.87001600781882,win
deep_sd_mm_penalized,Deep penalized SD (mm),RAP-MUSIC,20,5,1.8069936212873223,45.88806114828967,44.08106752700235,win
deep_sd_mm_penalized,Deep penalized SD (mm),RAP-MUSIC,20,10,1.942363945621678,48.251788402204745,46.309424456583066,win
deep_sd_mm_penalized,Deep penalized SD (mm),RAP-MUSIC,20,15,1.1672024307768796,55.06567337794761,53.89847094717073,win
deep_sd_mm_penalized,Deep penalized SD (mm),RAP-MUSIC,20,20,1.6984445006370612,76.91152203391732,75.21307753328026,win
deep_sd_mm_penalized,Deep penalized SD (mm),Dipole fitting (grid),-10,-10,13.356962848298458,175.52183389220804,162.16487104390959,win
deep_sd_mm_penalized,Deep penalized SD (mm),Dipole fitting (grid),-10,-5,10.902738818594678,154.92122598037648,144.0184871617818,win
deep_sd_mm_penalized,Deep penalized SD (mm),Dipole fitting (grid),-10,0,11.120550547465877,150.3324198655475,139.21186931808163,win
deep_sd_mm_penalized,Deep penalized SD (mm),Dipole fitting (grid),-10,5,8.361833509522404,140.1546649313823,131.79283142185992,win
deep_sd_mm_penalized,Deep penalized SD (mm),Dipole fitting (grid),-10,10,6.346684480019157,132.3896568343372,126.04297235431804,win
deep_sd_mm_penalized,Deep penalized SD (mm),Dipole fitting (grid),-10,15,3.266807380503986,133.27145576511654,130.00464838461255,win
deep_sd_mm_penalized,Deep penalized SD (mm),Dipole fitting (grid),-10,20,1.9270456250531278,134.6350403023342,132.70799467728108,win
deep_sd_mm_penalized,Deep penalized SD (mm),Dipole fitting (grid),-5,-10,11.011659063944462,156.01940790418493,145.00774884024048,win
deep_sd_mm_penalized,Deep penalized SD (mm),Dipole fitting (grid),-5,-5,9.145602947614934,153.72500484677042,144.57940189915547,win
deep_sd_mm_penalized,Deep penalized SD (mm),Dipole fitting (grid),-5,0,8.072896905502555,151.5776606040523,143.50476369854977,win
deep_sd_mm_penalized,Deep penalized SD (mm),Dipole fitting (grid),-5,5,6.419982216133938,132.3322267965465,125.91224458041256,win
deep_sd_mm_penalized,Deep penalized SD (mm),Dipole fitting (grid),-5,10,4.895302155612119,128.73166924533837,123.83636708972625,win
deep_sd_mm_penalized,Deep penalized SD (mm),Dipole fitting (grid),-5,15,4.418590329877962,132.27131304899834,127.85272271912038,win
deep_sd_mm_penalized,Deep penalized SD (mm),Dipole fitting (grid),-5,20,2.718610026966928,127.82956573936208,125.11095571239515,win
deep_sd_mm_penalized,Deep penalized SD (mm),Dipole fitting (grid),0,-10,8.370317818318822,150.2834002606487,141.91308244232988,win
deep_sd_mm_penalized,Deep penalized SD (mm),Dipole fitting (grid),0,-5,7.127722116825299,148.1360560235639,141.00833390673859,win
deep_sd_mm_penalized,Deep penalized SD (mm),Dipole fitting (grid),0,0,6.460413539298533,140.0566257233477,133.59621218404916,win
deep_sd_mm_penalized,Deep penalized SD (mm),Dipole fitting (grid),0,5,5.454111949416473,132.17327384272673,126.71916189331026,win
deep_sd_mm_penalized,Deep penalized SD (mm),Dipole fitting (grid),0,10,4.537079026947829,130.87901348242318,126.34193445547535,win
deep_sd_mm_penalized,Deep penalized SD (mm),Dipole fitting (grid),0,15,2.889204984699383,126.58432500085728,123.69512001615789,win
deep_sd_mm_penalized,Deep penalized SD (mm),Dipole fitting (grid),0,20,2.6834272061569435,134.6266298634962,131.94320265733924,win
deep_sd_mm_penalized,Deep penalized SD (mm),Dipole fitting (grid),5,-10,5.860559235339586,126.69425838392226,120.83369914858267,win
deep_sd_mm_penalized,Deep penalized SD (mm),Dipole fitting (grid),5,-5,5.353576551097784,120.70842837451202,115.35485182341424,win
deep_sd_mm_penalized,Deep penalized SD (mm),Dipole fitting (grid),5,0,4.6726580194057705,125.31036924813189,120.63771122872612,win
deep_sd_mm_penalized,Deep penalized SD (mm),Dipole fitting (grid),5,5,3.5927298110141646,120.70125855776162,117.10852874674745,win
deep_sd_mm_penalized,Deep penalized SD (mm),Dipole fitting (grid),5,10,3.4723214969513214,124.09384352948094,120.62152203252961,win
deep_sd_mm_penalized,Deep penalized SD (mm),Dipole fitting (grid),5,15,2.189797835051914,125.14300584452026,122.95320800946834,win
deep_sd_mm_penalized,Deep penalized SD (mm),Dipole fitting (grid),5,20,2.96598679167726,124.28992193957247,121.3239351478952,win
deep_sd_mm_penalized,Deep penalized SD (mm),Dipole fitting (grid),10,-10,5.627733126480531,112.70272440340636,107.07499127692583,win
deep_sd_mm_penalized,Deep penalized SD (mm),Dipole fitting (grid),10,-5,3.6273510581935233,112.82980082721787,109.20244976902434,win
deep_sd_mm_penalized,Deep penalized SD (mm),Dipole fitting (grid),10,0,4.9390632985942124,112.69115243058923,107.75208913199502,win
deep_sd_mm_penalized,Deep penalized SD (mm),Dipole fitting (grid),10,5,2.414206487353551,104.98705810616981,102.57285161881626,win
deep_sd_mm_penalized,Deep penalized SD (mm),Dipole fitting (grid),10,10,1.6747027082252879,118.37814047988856,116.70343777166327,win
deep_sd_mm_penalized,Deep penalized SD (mm),Dipole fitting (grid),10,15,1.558235073424612,129.68279234881712,128.1245572753925,win
deep_sd_mm_penalized,Deep penalized SD (mm),Dipole fitting (grid),10,20,2.176578258565373,129.97691000108748,127.8003317425221,win
deep_sd_mm_penalized,Deep penalized SD (mm),Dipole fitting (grid),15,-10,3.973675145683835,104.9333141953877,100.95963904970387,win
deep_sd_mm_penalized,Deep penalized SD (mm),Dipole fitting (grid),15,-5,3.284767239329181,98.49884513769695,95.21407789836776,win
deep_sd_mm_penalized,Deep penalized SD (mm),Dipole fitting (grid),15,0,2.604373701936332,109.408500823272,106.80412712133568,win
deep_sd_mm_penalized,Deep penalized SD (mm),Dipole fitting (grid),15,5,2.471743933671527,109.3475870637687,106.87584313009717,win
deep_sd_mm_penalized,Deep penalized SD (mm),Dipole fitting (grid),15,10,2.2327448993651497,111.52364632634071,109.29090142697557,win
deep_sd_mm_penalized,Deep penalized SD (mm),Dipole fitting (grid),15,15,1.7653521861365222,110.368034359047,108.60268217291048,win
deep_sd_mm_penalized,Deep penalized SD (mm),Dipole fitting (grid),15,20,1.3643083839221657,130.9973572867693,129.63304890284712,win
deep_sd_mm_penalized,Deep penalized SD (mm),Dipole fitting (grid),20,-10,3.188164494684706,109.92562148098892,106.73745698630421,win
deep_sd_mm_penalized,Deep penalized SD (mm),Dipole fitting (grid),20,-5,2.490170335968747,106.35237190276432,103.86220156679558,win
deep_sd_mm_penalized,Deep penalized SD (mm),Dipole fitting (grid),20,0,2.8708436117636147,106.21216069697674,103.34131708521312,win
deep_sd_mm_penalized,Deep penalized SD (mm),Dipole fitting (grid),20,5,1.8069936212873223,109.47782500852979,107.67083138724247,win
deep_sd_mm_penalized,Deep penalized SD (mm),Dipole fitting (grid),20,10,1.942363945621678,95.57275829614485,93.63039435052318,win
deep_sd_mm_penalized,Deep penalized SD (mm),Dipole fitting (grid),20,15,1.1672024307768796,110.49478859600192,109.32758616522504,win
deep_sd_mm_penalized,Deep penalized SD (mm),Dipole fitting (grid),20,20,1.6984445006370612,113.9925826224315,112.29413812179443,win
deep_dle_mm_penalized,Deep penalized DLE (mm),dSPM,-10,-10,12.205943417845944,16.22804067493947,4.022097257093527,win
deep_dle_mm_penalized,Deep penalized DLE (mm),dSPM,-10,-5,10.180983696940828,14.885770808613847,4.704787111673019,win
deep_dle_mm_penalized,Deep penalized DLE (mm),dSPM,-10,0,10.927035681636141,15.491918239954463,4.564882558318322,win
deep_dle_mm_penalized,Deep penalized DLE (mm),dSPM,-10,5,8.019140387124542,14.957430448412262,6.93829006128772,win
deep_dle_mm_penalized,Deep penalized DLE (mm),dSPM,-10,10,5.680635928160993,15.611832789129084,9.93119686096809,win
deep_dle_mm_penalized,Deep penalized DLE (mm),dSPM,-10,15,3.208925136313212,15.178749893845202,11.96982475753199,win
deep_dle_mm_penalized,Deep penalized DLE (mm),dSPM,-10,20,1.7791508998184042,16.098802671347713,14.319651771529308,win
deep_dle_mm_penalized,Deep penalized DLE (mm),dSPM,-5,-10,10.410792411632128,15.016735101137806,4.605942689505678,win
deep_dle_mm_penalized,Deep penalized DLE (mm),dSPM,-5,-5,8.42613513048371,13.78034612564023,5.354210995156521,win
deep_dle_mm_penalized,Deep penalized DLE (mm),dSPM,-5,0,7.704974824705597,13.707276641050731,6.002301816345134,win
deep_dle_mm_penalized,Deep penalized DLE (mm),dSPM,-5,5,6.263474759112628,14.791776948613943,8.528302189501314,win
deep_dle_mm_penalized,Deep penalized DLE (mm),dSPM,-5,10,4.840407179921434,14.542835297848569,9.702428117927134,win
deep_dle_mm_penalized,Deep penalized DLE (mm),dSPM,-5,15,3.7334900142471334,14.277832358082994,10.544342343835861,win
deep_dle_mm_penalized,Deep penalized DLE (mm),dSPM,-5,20,2.8576903534182034,15.604194948074584,12.74650459465638,win
deep_dle_mm_penalized,Deep penalized DLE (mm),dSPM,0,-10,8.32067453827157,14.021078379891607,5.700403841620037,win
deep_dle_mm_penalized,Deep penalized DLE (mm),dSPM,0,-5,6.610368959128107,12.651000930751962,6.0406319716238555,win
deep_dle_mm_penalized,Deep penalized DLE (mm),dSPM,0,0,6.547101259841221,13.364910581008166,6.817809321166945,win
deep_dle_mm_penalized,Deep penalized DLE (mm),dSPM,0,5,5.445212499482928,14.372894303284054,8.927681803801127,win
deep_dle_mm_penalized,Deep penalized DLE (mm),dSPM,0,10,4.4368230112721045,14.75822576283366,10.321402751561557,win
deep_dle_mm_penalized,Deep penalized DLE (mm),dSPM,0,15,2.8637514573523704,14.015586081061523,11.151834623709153,win
deep_dle_mm_penalized,Deep penalized DLE (mm),dSPM,0,20,2.288899635924579,14.806987792763081,12.518088156838502,win
deep_dle_mm_penalized,Deep penalized DLE (mm),dSPM,5,-10,5.723292715067125,13.41802599636493,7.694733281297805,win
deep_dle_mm_penalized,Deep penalized DLE (mm),dSPM,5,-5,5.509562356971233,12.654642837324147,7.145080480352914,win
deep_dle_mm_penalized,Deep penalized DLE (mm),dSPM,5,0,4.281008096572156,12.679323159634906,8.39831506306275,win
deep_dle_mm_penalized,Deep penalized DLE (mm),dSPM,5,5,3.5789772949371366,12.794128051328327,9.215150756391191,win
deep_dle_mm_penalized,Deep penalized DLE (mm),dSPM,5,10,3.354517445070685,14.552587899606444,11.198070454535758,win
deep_dle_mm_penalized,Deep penalized DLE (mm),dSPM,5,15,2.045041876289284,14.570193170697147,12.525151294407863,win
deep_dle_mm_penalized,Deep penalized DLE (mm),dSPM,5,20,2.6625392216250696,14.241502674074667,11.578963452449598,win
deep_dle_mm_penalized,Deep penalized DLE (mm),dSPM,10,-10,5.5147748848741145,13.487028362423908,7.972253477549794,win
deep_dle_mm_penalized,Deep penalized DLE (mm),dSPM,10,-5,3.8027115248852543,14.203208726899502,10.400497202014249,win
deep_dle_mm_penalized,Deep penalized DLE (mm),dSPM,10,0,4.910876406435987,12.063490103972518,7.15261369753653,win
deep_dle_mm_penalized,Deep penalized DLE (mm),dSPM,10,5,2.1969102323939818,12.36025407041186,10.163343838017878,win
deep_dle_mm_penalized,Deep penalized DLE (mm),dSPM,10,10,1.3757105717482385,13.355007126851865,11.979296555103627,win
deep_dle_mm_penalized,Deep penalized DLE (mm),dSPM,10,15,1.343798261553669,13.86210950269018,12.51831124113651,win
deep_dle_mm_penalized,Deep penalized DLE (mm),dSPM,10,20,1.4962364502637542,13.93474232861277,12.438505878349016,win
deep_dle_mm_penalized,Deep penalized DLE (mm),dSPM,15,-10,3.6746907061690677,15.202336170456833,11.527645464287765,win
deep_dle_mm_penalized,Deep penalized DLE (mm),dSPM,15,-5,2.9243807569535565,13.645941767792335,10.721561010838778,win
deep_dle_mm_penalized,Deep penalized DLE (mm),dSPM,15,0,2.1482692285885183,13.63202109246435,11.483751863875833,win
deep_dle_mm_penalized,Deep penalized DLE (mm),dSPM,15,5,2.174024759186618,13.155301096949477,10.981276337762859,win
deep_dle_mm_penalized,Deep penalized DLE (mm),dSPM,15,10,1.6548441068801223,12.748930049803855,11.094085942923734,win
deep_dle_mm_penalized,Deep penalized DLE (mm),dSPM,15,15,1.581526376624246,13.59796142647125,12.016435049847003,win
deep_dle_mm_penalized,Deep penalized DLE (mm),dSPM,15,20,0.958644571526518,14.064730086877281,13.106085515350763,win
deep_dle_mm_penalized,Deep penalized DLE (mm),dSPM,20,-10,2.181277310078029,15.411518114870859,13.23024080479283,win
deep_dle_mm_penalized,Deep penalized DLE (mm),dSPM,20,-5,1.7158238929651322,15.275886095351849,13.560062202386717,win
deep_dle_mm_penalized,Deep penalized DLE (mm),dSPM,20,0,2.4289628783745627,15.040680906118467,12.611718027743905,win
deep_dle_mm_penalized,Deep penalized DLE (mm),dSPM,20,5,1.2562748661788288,13.745822663157588,12.489547796978758,win
deep_dle_mm_penalized,Deep penalized DLE (mm),dSPM,20,10,1.586461240371013,13.256979904614505,11.670518664243492,win
deep_dle_mm_penalized,Deep penalized DLE (mm),dSPM,20,15,0.5425706116218886,12.210080724975057,11.667510113353169,win
deep_dle_mm_penalized,Deep penalized DLE (mm),dSPM,20,20,1.0790152451458137,13.409132483074542,12.330117237928729,win
deep_dle_mm_penalized,Deep penalized DLE (mm),eLORETA,-10,-10,12.205943417845944,18.69474909962084,6.488805681774895,win
deep_dle_mm_penalized,Deep penalized DLE (mm),eLORETA,-10,-5,10.180983696940828,15.318506956593163,5.137523259652335,win
deep_dle_mm_penalized,Deep penalized DLE (mm),eLORETA,-10,0,10.927035681636141,14.858393971971475,3.931358290335334,win
deep_dle_mm_penalized,Deep penalized DLE (mm),eLORETA,-10,5,8.019140387124542,13.064223665484798,5.045083278360256,win
deep_dle_mm_penalized,Deep penalized DLE (mm),eLORETA,-10,10,5.680635928160993,12.278394292325459,6.5977583641644655,win
deep_dle_mm_penalized,Deep penalized DLE (mm),eLORETA,-10,15,3.208925136313212,12.61891376157226,9.409988625259048,win
deep_dle_mm_penalized,Deep penalized DLE (mm),eLORETA,-10,20,1.7791508998184042,12.194739056918658,10.415588157100254,win
deep_dle_mm_penalized,Deep penalized DLE (mm),eLORETA,-5,-10,10.410792411632128,18.06119944559991,7.650407033967783,win
deep_dle_mm_penalized,Deep penalized DLE (mm),eLORETA,-5,-5,8.42613513048371,15.760920928843044,7.334785798359334,win
deep_dle_mm_penalized,Deep penalized DLE (mm),eLORETA,-5,0,7.704974824705597,12.589306457564648,4.884331632859051,win
deep_dle_mm_penalized,Deep penalized DLE (mm),eLORETA,-5,5,6.263474759112628,12.8214660922657,6.557991333153072,win
deep_dle_mm_penalized,Deep penalized DLE (mm),eLORETA,-5,10,4.840407179921434,12.790013710475266,7.949606530553832,win
deep_dle_mm_penalized,Deep penalized DLE (mm),eLORETA,-5,15,3.7334900142471334,12.158641006474985,8.425150992227852,win
deep_dle_mm_penalized,Deep penalized DLE (mm),eLORETA,-5,20,2.8576903534182034,12.307863193600213,9.45017284018201,win
deep_dle_mm_penalized,Deep penalized DLE (mm),eLORETA,0,-10,8.32067453827157,16.291036451095323,7.970361912823753,win
deep_dle_mm_penalized,Deep penalized DLE (mm),eLORETA,0,-5,6.610368959128107,13.729179957109617,7.11881099798151,win
deep_dle_mm_penalized,Deep penalized DLE (mm),eLORETA,0,0,6.547101259841221,12.379718753545879,5.8326174937046575,win
deep_dle_mm_penalized,Deep penalized DLE (mm),eLORETA,0,5,5.445212499482928,12.129513415206612,6.684300915723684,win
deep_dle_mm_penalized,Deep penalized DLE (mm),eLORETA,0,10,4.4368230112721045,11.841940568559883,7.405117557287778,win
deep_dle_mm_penalized,Deep penalized DLE (mm),eLORETA,0,15,2.8637514573523704,13.040663851100307,10.176912393747937,win
deep_dle_mm_penalized,Deep penalized DLE (mm),eLORETA,0,20,2.288899635924579,12.549034337587978,10.260134701663398,win
deep_dle_mm_penalized,Deep penalized DLE (mm),eLORETA,5,-10,5.723292715067125,14.227773964273434,8.504481249206307,win
deep_dle_mm_penalized,Deep penalized DLE (mm),eLORETA,5,-5,5.509562356971233,13.215999457111328,7.7064371001400955,win
deep_dle_mm_penalized,Deep penalized DLE (mm),eLORETA,5,0,4.281008096572156,11.85476654409986,7.5737584475277036,win
deep_dle_mm_penalized,Deep penalized DLE (mm),eLORETA,5,5,3.5789772949371366,11.311175351491542,7.732198056554406,win
deep_dle_mm_penalized,Deep penalized DLE (mm),eLORETA,5,10,3.354517445070685,11.450215311555537,8.095697866484851,win
deep_dle_mm_penalized,Deep penalized DLE (mm),eLORETA,5,15,2.045041876289284,12.750027273039,10.704985396749716,win
deep_dle_mm_penalized,Deep penalized DLE (mm),eLORETA,5,20,2.6625392216250696,11.73151947944897,9.0689802578239,win
deep_dle_mm_penalized,Deep penalized DLE (mm),eLORETA,10,-10,5.5147748848741145,12.745148454967676,7.230373570093562,win
deep_dle_mm_penalized,Deep penalized DLE (mm),eLORETA,10,-5,3.8027115248852543,12.277621874365883,8.474910349480629,win
deep_dle_mm_penalized,Deep penalized DLE (mm),eLORETA,10,0,4.910876406435987,11.440128725050172,6.529252318614185,win
deep_dle_mm_penalized,Deep penalized DLE (mm),eLORETA,10,5,2.1969102323939818,11.515320295804157,9.318410063410175,win
deep_dle_mm_penalized,Deep penalized DLE (mm),eLORETA,10,10,1.3757105717482385,11.458518128879042,10.082807557130804,win
deep_dle_mm_penalized,Deep penalized DLE (mm),eLORETA,10,15,1.343798261553669,11.664959794040646,10.321161532486977,win
deep_dle_mm_penalized,Deep penalized DLE (mm),eLORETA,10,20,1.4962364502637542,12.251442608446807,10.755206158183052,win
deep_dle_mm_penalized,Deep penalized DLE (mm),eLORETA,15,-10,3.6746907061690677,12.598130399400928,8.92343969323186,win
deep_dle_mm_penalized,Deep penalized DLE (mm),eLORETA,15,-5,2.9243807569535565,11.61770173324174,8.693320976288183,win
deep_dle_mm_penalized,Deep penalized DLE (mm),eLORETA,15,0,2.1482692285885183,11.609772927091745,9.461503698503227,win
deep_dle_mm_penalized,Deep penalized DLE (mm),eLORETA,15,5,2.174024759186618,11.200659532278394,9.026634773091775,win
deep_dle_mm_penalized,Deep penalized DLE (mm),eLORETA,15,10,1.6548441068801223,11.161769505134862,9.50692539825474,win
deep_dle_mm_penalized,Deep penalized DLE (mm),eLORETA,15,15,1.581526376624246,11.307979201690387,9.72645282506614,win
deep_dle_mm_penalized,Deep penalized DLE (mm),eLORETA,15,20,0.958644571526518,12.218861444459591,11.260216872933073,win
deep_dle_mm_penalized,Deep penalized DLE (mm),eLORETA,20,-10,2.181277310078029,13.592346321697411,11.411069011619382,win
deep_dle_mm_penalized,Deep penalized DLE (mm),eLORETA,20,-5,1.7158238929651322,12.933013672744094,11.217189779778963,win
deep_dle_mm_penalized,Deep penalized DLE (mm),eLORETA,20,0,2.4289628783745627,11.84084279316761,9.411879914793047,win
deep_dle_mm_penalized,Deep penalized DLE (mm),eLORETA,20,5,1.2562748661788288,10.792157033943225,9.535882167764395,win
deep_dle_mm_penalized,Deep penalized DLE (mm),eLORETA,20,10,1.586461240371013,11.292610280796737,9.706149040425723,win
deep_dle_mm_penalized,Deep penalized DLE (mm),eLORETA,20,15,0.5425706116218886,11.31640068371324,10.773830072091352,win
deep_dle_mm_penalized,Deep penalized DLE (mm),eLORETA,20,20,1.0790152451458137,11.843390141764651,10.764374896618838,win
deep_dle_mm_penalized,Deep penalized DLE (mm),sLORETA,-10,-10,12.205943417845944,18.510975542954707,6.305032125108763,win
deep_dle_mm_penalized,Deep penalized DLE (mm),sLORETA,-10,-5,10.180983696940828,16.108762154894354,5.927778457953526,win
deep_dle_mm_penalized,Deep penalized DLE (mm),sLORETA,-10,0,10.927035681636141,14.115807316681554,3.1887716350454127,win
deep_dle_mm_penalized,Deep penalized DLE (mm),sLORETA,-10,5,8.019140387124542,12.44373983219711,4.424599445072568,win
deep_dle_mm_penalized,Deep penalized DLE (mm),sLORETA,-10,10,5.680635928160993,12.646540664455634,6.9659047362946405,win
deep_dle_mm_penalized,Deep penalized DLE (mm),sLORETA,-10,15,3.208925136313212,12.55018554336696,9.341260407053747,win
deep_dle_mm_penalized,Deep penalized DLE (mm),sLORETA,-10,20,1.7791508998184042,12.556082278578339,10.776931378759935,win
deep_dle_mm_penalized,Deep penalized DLE (mm),sLORETA,-5,-10,10.410792411632128,17.341825522831897,6.931033111199769,win
deep_dle_mm_penalized,Deep penalized DLE (mm),sLORETA,-5,-5,8.42613513048371,14.394717333952116,5.968582203468406,win
deep_dle_mm_penalized,Deep penalized DLE (mm),sLORETA,-5,0,7.704974824705597,12.482757782017222,4.777782957311625,win
deep_dle_mm_penalized,Deep penalized DLE (mm),sLORETA,-5,5,6.263474759112628,12.699606582650167,6.436131823537539,win
deep_dle_mm_penalized,Deep penalized DLE (mm),sLORETA,-5,10,4.840407179921434,12.223397034316122,7.382989854394688,win
deep_dle_mm_penalized,Deep penalized DLE (mm),sLORETA,-5,15,3.7334900142471334,12.728053276538668,8.994563262291535,win
deep_dle_mm_penalized,Deep penalized DLE (mm),sLORETA,-5,20,2.8576903534182034,12.44137721207659,9.583686858658387,win
deep_dle_mm_penalized,Deep penalized DLE (mm),sLORETA,0,-10,8.32067453827157,15.643933937827114,7.323259399555544,win
deep_dle_mm_penalized,Deep penalized DLE (mm),sLORETA,0,-5,6.610368959128107,14.623718562023386,8.013349602895278,win
deep_dle_mm_penalized,Deep penalized DLE (mm),sLORETA,0,0,6.547101259841221,12.878941985474063,6.3318407256328415,win
deep_dle_mm_penalized,Deep penalized DLE (mm),sLORETA,0,5,5.445212499482928,12.772261354704236,7.327048855221308,win
deep_dle_mm_penalized,Deep penalized DLE (mm),sLORETA,0,10,4.4368230112721045,11.927645328750879,7.4908223174787745,win
deep_dle_mm_penalized,Deep penalized DLE (mm),sLORETA,0,15,2.8637514573523704,12.516712758215483,9.652961300863113,win
deep_dle_mm_penalized,Deep penalized DLE (mm),sLORETA,0,20,2.288899635924579,12.420849768386558,10.131950132461979,win
deep_dle_mm_penalized,Deep penalized DLE (mm),sLORETA,5,-10,5.723292715067125,13.479112450265257,7.7558197351981315,win
deep_dle_mm_penalized,Deep penalized DLE (mm),sLORETA,5,-5,5.509562356971233,13.53322244269115,8.023660085719918,win
deep_dle_mm_penalized,Deep penalized DLE (mm),sLORETA,5,0,4.281008096572156,13.322088846107505,9.041080749535348,win
deep_dle_mm_penalized,Deep penalized DLE (mm),sLORETA,5,5,3.5789772949371366,12.452224002915377,8.873246707978241,win
deep_dle_mm_penalized,Deep penalized DLE (mm),sLORETA,5,10,3.354517445070685,12.188604466185573,8.834087021114888,win
deep_dle_mm_penalized,Deep penalized DLE (mm),sLORETA,5,15,2.045041876289284,12.54164503006364,10.496603153774355,win
deep_dle_mm_penalized,Deep penalized DLE (mm),sLORETA,5,20,2.6625392216250696,11.71441753404528,9.051878312420211,win
deep_dle_mm_penalized,Deep penalized DLE (mm),sLORETA,10,-10,5.5147748848741145,12.308009225474413,6.793234340600298,win
deep_dle_mm_penalized,Deep penalized DLE (mm),sLORETA,10,-5,3.8027115248852543,12.495571678595766,8.692860153710512,win
deep_dle_mm_penalized,Deep penalized DLE (mm),sLORETA,10,0,4.910876406435987,12.379290769775574,7.468414363339587,win
deep_dle_mm_penalized,Deep penalized DLE (mm),sLORETA,10,5,2.1969102323939818,12.116057040640143,9.919146808246161,win
deep_dle_mm_penalized,Deep penalized DLE (mm),sLORETA,10,10,1.3757105717482385,11.961789742527577,10.586079170779339,win
deep_dle_mm_penalized,Deep penalized DLE (mm),sLORETA,10,15,1.343798261553669,12.243295600344402,10.899497338790733,win
deep_dle_mm_penalized,Deep penalized DLE (mm),sLORETA,10,20,1.4962364502637542,11.831827432937184,10.335590982673429,win
deep_dle_mm_penalized,Deep penalized DLE (mm),sLORETA,15,-10,3.6746907061690677,12.879389235616818,9.20469852944775,win
deep_dle_mm_penalized,Deep penalized DLE (mm),sLORETA,15,-5,2.9243807569535565,12.169343171536633,9.244962414583076,win
deep_dle_mm_penalized,Deep penalized DLE (mm),sLORETA,15,0,2.1482692285885183,12.08899355285694,9.940724324268421,win
deep_dle_mm_penalized,Deep penalized DLE (mm),sLORETA,15,5,2.174024759186618,12.890212698885266,10.716187939698647,win
deep_dle_mm_penalized,Deep penalized DLE (mm),sLORETA,15,10,1.6548441068801223,11.989053969128951,10.33420986224883,win
deep_dle_mm_penalized,Deep penalized DLE (mm),sLORETA,15,15,1.581526376624246,12.534881833542935,10.953355456918688,win
deep_dle_mm_penalized,Deep penalized DLE (mm),sLORETA,15,20,0.958644571526518,12.603247237739794,11.644602666213276,win
deep_dle_mm_penalized,Deep penalized DLE (mm),sLORETA,20,-10,2.181277310078029,13.396354506886787,11.215077196808759,win
deep_dle_mm_penalized,Deep penalized DLE (mm),sLORETA,20,-5,1.7158238929651322,13.067624317690857,11.351800424725726,win
deep_dle_mm_penalized,Deep penalized DLE (mm),sLORETA,20,0,2.4289628783745627,12.192848270359017,9.763885391984454,win
deep_dle_mm_penalized,Deep penalized DLE (mm),sLORETA,20,5,1.2562748661788288,12.557232806612243,11.300957940433413,win
deep_dle_mm_penalized,Deep penalized DLE (mm),sLORETA,20,10,1.586461240371013,12.712303244428654,11.12584200405764,win
deep_dle_mm_penalized,Deep penalized DLE (mm),sLORETA,20,15,0.5425706116218886,12.041088030753874,11.498517419131986,win
deep_dle_mm_penalized,Deep penalized DLE (mm),sLORETA,20,20,1.0790152451458137,12.291859870206414,11.212844625060601,win
deep_dle_mm_penalized,Deep penalized DLE (mm),MNE,-10,-10,12.205943417845944,22.382456225348847,10.176512807502903,win
deep_dle_mm_penalized,Deep penalized DLE (mm),MNE,-10,-5,10.180983696940828,20.441867817369324,10.260884120428496,win
deep_dle_mm_penalized,Deep penalized DLE (mm),MNE,-10,0,10.927035681636141,19.584377672874446,8.657341991238305,win
deep_dle_mm_penalized,Deep penalized DLE (mm),MNE,-10,5,8.019140387124542,16.829523905417272,8.81038351829273,win
deep_dle_mm_penalized,Deep penalized DLE (mm),MNE,-10,10,5.680635928160993,16.22544668476338,10.544810756602388,win
deep_dle_mm_penalized,Deep penalized DLE (mm),MNE,-10,15,3.208925136313212,16.08983175039255,12.880906614079336,win
deep_dle_mm_penalized,Deep penalized DLE (mm),MNE,-10,20,1.7791508998184042,16.825605292156418,15.046454392338013,win
deep_dle_mm_penalized,Deep penalized DLE (mm),MNE,-5,-10,10.410792411632128,21.03680789799984,10.626015486367711,win
deep_dle_mm_penalized,Deep penalized DLE (mm),MNE,-5,-5,8.42613513048371,19.827330773540833,11.401195643057124,win
deep_dle_mm_penalized,Deep penalized DLE (mm),MNE,-5,0,7.704974824705597,18.539999379572233,10.835024554866635,win
deep_dle_mm_penalized,Deep penalized DLE (mm),MNE,-5,5,6.263474759112628,16.880585589236354,10.617110830123725,win
deep_dle_mm_penalized,Deep penalized DLE (mm),MNE,-5,10,4.840407179921434,16.039609637211154,11.199202457289719,win
deep_dle_mm_penalized,Deep penalized DLE (mm),MNE,-5,15,3.7334900142471334,15.462170224418983,11.72868021017185,win
deep_dle_mm_penalized,Deep penalized DLE (mm),MNE,-5,20,2.8576903534182034,16.28500878422848,13.427318430810278,win
deep_dle_mm_penalized,Deep penalized DLE (mm),MNE,0,-10,8.32067453827157,19.23684093721188,10.91616639894031,win
deep_dle_mm_penalized,Deep penalized DLE (mm),MNE,0,-5,6.610368959128107,18.64713935764262,12.036770398514513,win
deep_dle_mm_penalized,Deep penalized DLE (mm),MNE,0,0,6.547101259841221,17.729006880060755,11.181905620219535,win
deep_dle_mm_penalized,Deep penalized DLE (mm),MNE,0,5,5.445212499482928,15.777390050951949,10.332177551469021,win
deep_dle_mm_penalized,Deep penalized DLE (mm),MNE,0,10,4.4368230112721045,14.979999097792382,10.543176086520276,win
deep_dle_mm_penalized,Deep penalized DLE (mm),MNE,0,15,2.8637514573523704,15.894355319356771,13.030603862004401,win
deep_dle_mm_penalized,Deep penalized DLE (mm),MNE,0,20,2.288899635924579,16.94106889040679,14.65216925448221,win
deep_dle_mm_penalized,Deep penalized DLE (mm),MNE,5,-10,5.723292715067125,17.915460094478462,12.192167379411337,win
deep_dle_mm_penalized,Deep penalized DLE (mm),MNE,5,-5,5.509562356971233,17.404714663386958,11.895152306415724,win
deep_dle_mm_penalized,Deep penalized DLE (mm),MNE,5,0,4.281008096572156,16.755395871284506,12.47438777471235,win
deep_dle_mm_penalized,Deep penalized DLE (mm),MNE,5,5,3.5789772949371366,16.14248730499129,12.563510010054152,win
deep_dle_mm_penalized,Deep penalized DLE (mm),MNE,5,10,3.354517445070685,16.202880745622945,12.84836330055226,win
deep_dle_mm_penalized,Deep penalized DLE (mm),MNE,5,15,2.045041876289284,15.054270039156647,13.009228162867362,win
deep_dle_mm_penalized,Deep penalized DLE (mm),MNE,5,20,2.6625392216250696,15.931492921653097,13.268953700028028,win
deep_dle_mm_penalized,Deep penalized DLE (mm),MNE,10,-10,5.5147748848741145,15.752843479399482,10.238068594525368,win
deep_dle_mm_penalized,Deep penalized DLE (mm),MNE,10,-5,3.8027115248852543,15.094317875661183,11.291606350775929,win
deep_dle_mm_penalized,Deep penalized DLE (mm),MNE,10,0,4.910876406435987,14.599314092495236,9.688437686059249,win
deep_dle_mm_penalized,Deep penalized DLE (mm),MNE,10,5,2.1969102323939818,15.162169234821704,12.965259002427722,win
deep_dle_mm_penalized,Deep penalized DLE (mm),MNE,10,10,1.3757105717482385,14.867482800470723,13.491772228722485,win
deep_dle_mm_penalized,Deep penalized DLE (mm),MNE,10,15,1.343798261553669,14.642790650162995,13.298992388609326,win
deep_dle_mm_penalized,Deep penalized DLE (mm),MNE,10,20,1.4962364502637542,15.349085506430248,13.852849056166493,win
deep_dle_mm_penalized,Deep penalized DLE (mm),MNE,15,-10,3.6746907061690677,15.228649349942303,11.553958643773235,win
deep_dle_mm_penalized,Deep penalized DLE (mm),MNE,15,-5,2.9243807569535565,14.956879043431641,12.032498286478084,win
deep_dle_mm_penalized,Deep penalized DLE (mm),MNE,15,0,2.1482692285885183,13.489732033862689,11.34146280527417,win
deep_dle_mm_penalized,Deep penalized DLE (mm),MNE,15,5,2.174024759186618,14.59937822608435,12.42535346689773,win
deep_dle_mm_penalized,Deep penalized DLE (mm),MNE,15,10,1.6548441068801223,15.223366934984055,13.568522828103934,win
deep_dle_mm_penalized,Deep penalized DLE (mm),MNE,15,15,1.581526376624246,15.66736353545049,14.085837158826243,win
deep_dle_mm_penalized,Deep penalized DLE (mm),MNE,15,20,0.958644571526518,14.52485736316324,13.566212791636723,win
deep_dle_mm_penalized,Deep penalized DLE (mm),MNE,20,-10,2.181277310078029,15.576939317843474,13.395662007765445,win
deep_dle_mm_penalized,Deep penalized DLE (mm),MNE,20,-5,1.7158238929651322,14.715717846043184,12.999893953078052,win
deep_dle_mm_penalized,Deep penalized DLE (mm),MNE,20,0,2.4289628783745627,14.721990998237581,12.293028119863019,win
deep_dle_mm_penalized,Deep penalized DLE (mm),MNE,20,5,1.2562748661788288,14.098955427686283,12.842680561507454,win
deep_dle_mm_penalized,Deep penalized DLE (mm),MNE,20,10,1.586461240371013,14.118432925024747,12.531971684653733,win
deep_dle_mm_penalized,Deep penalized DLE (mm),MNE,20,15,0.5425706116218886,15.036985687039897,14.494415075418008,win
deep_dle_mm_penalized,Deep penalized DLE (mm),MNE,20,20,1.0790152451458137,15.145702585476966,14.066687340331153,win
deep_dle_mm_penalized,Deep penalized DLE (mm),LCMV,-10,-10,12.205943417845944,14.605183688559123,2.399240270713179,win
deep_dle_mm_penalized,Deep penalized DLE (mm),LCMV,-10,-5,10.180983696940828,11.846776457180212,1.665792760239384,win
deep_dle_mm_penalized,Deep penalized DLE (mm),LCMV,-10,0,10.927035681636141,10.62011805688467,-0.3069176247514722,loss
deep_dle_mm_penalized,Deep penalized DLE (mm),LCMV,-10,5,8.019140387124542,7.662843920008455,-0.35629646711608753,loss
deep_dle_mm_penalized,Deep penalized DLE (mm),LCMV,-10,10,5.680635928160993,5.745325114854187,0.06468918669319379,win
deep_dle_mm_penalized,Deep penalized DLE (mm),LCMV,-10,15,3.208925136313212,4.502372428829589,1.293447292516377,win
deep_dle_mm_penalized,Deep penalized DLE (mm),LCMV,-10,20,1.7791508998184042,3.0517901240818204,1.2726392242634161,win
deep_dle_mm_penalized,Deep penalized DLE (mm),LCMV,-5,-10,10.410792411632128,13.505277896189114,3.0944854845569854,win
deep_dle_mm_penalized,Deep penalized DLE (mm),LCMV,-5,-5,8.42613513048371,12.836562069745435,4.4104269392617255,win
deep_dle_mm_penalized,Deep penalized DLE (mm),LCMV,-5,0,7.704974824705597,9.75047376744408,2.045498942738482,win
deep_dle_mm_penalized,Deep penalized DLE (mm),LCMV,-5,5,6.263474759112628,8.122013470782468,1.8585387116698397,win
deep_dle_mm_penalized,Deep penalized DLE (mm),LCMV,-5,10,4.840407179921434,5.699863252510279,0.8594560725888449,win
deep_dle_mm_penalized,Deep penalized DLE (mm),LCMV,-5,15,3.7334900142471334,4.385757853619449,0.6522678393723154,win
deep_dle_mm_penalized,Deep penalized DLE (mm),LCMV,-5,20,2.8576903534182034,2.707220587803841,-0.15046976561436232,loss
deep_dle_mm_penalized,Deep penalized DLE (mm),LCMV,0,-10,8.32067453827157,11.41227346915863,3.0915989308870593,win
deep_dle_mm_penalized,Deep penalized DLE (mm),LCMV,0,-5,6.610368959128107,9.981282226035093,3.370913266906986,win
deep_dle_mm_penalized,Deep penalized DLE (mm),LCMV,0,0,6.547101259841221,8.294148460272902,1.7470472004316813,win
deep_dle_mm_penalized,Deep penalized DLE (mm),LCMV,0,5,5.445212499482928,6.995686293197678,1.5504737937147501,win
deep_dle_mm_penalized,Deep penalized DLE (mm),LCMV,0,10,4.4368230112721045,4.980364591916376,0.5435415806442716,win
deep_dle_mm_penalized,Deep penalized DLE (mm),LCMV,0,15,2.8637514573523704,3.630696582338331,0.7669451249859605,win
deep_dle_mm_penalized,Deep penalized DLE (mm),LCMV,0,20,2.288899635924579,2.4603933182946545,0.17149368237007545,win
deep_dle_mm_penalized,Deep penalized DLE (mm),LCMV,5,-10,5.723292715067125,8.556186210545912,2.8328934954787863,win
deep_dle_mm_penalized,Deep penalized DLE (mm),LCMV,5,-5,5.509562356971233,7.959212059454662,2.4496497024834287,win
deep_dle_mm_penalized,Deep penalized DLE (mm),LCMV,5,0,4.281008096572156,6.822155429680052,2.5411473331078955,win
deep_dle_mm_penalized,Deep penalized DLE (mm),LCMV,5,5,3.5789772949371366,5.666576807639316,2.08759951270218,win
deep_dle_mm_penalized,Deep penalized DLE (mm),LCMV,5,10,3.354517445070685,3.5160031525696938,0.1614857074990086,win
deep_dle_mm_penalized,Deep penalized DLE (mm),LCMV,5,15,2.045041876289284,2.8194689310358148,0.7744270547465306,win
deep_dle_mm_penalized,Deep penalized DLE (mm),LCMV,5,20,2.6625392216250696,1.7785209563899806,-0.884018265235089,loss
deep_dle_mm_penalized,Deep penalized DLE (mm),LCMV,10,-10,5.5147748848741145,5.086186574859334,-0.4285883100147805,loss
deep_dle_mm_penalized,Deep penalized DLE (mm),LCMV,10,-5,3.8027115248852543,4.637602192566939,0.8348906676816843,win
deep_dle_mm_penalized,Deep penalized DLE (mm),LCMV,10,0,4.910876406435987,3.828522452801593,-1.082353953634394,loss
deep_dle_mm_penalized,Deep penalized DLE (mm),LCMV,10,5,2.1969102323939818,3.1555491068116766,0.9586388744176948,win
deep_dle_mm_penalized,Deep penalized DLE (mm),LCMV,10,10,1.3757105717482385,2.3787633581610055,1.003052786412767,win
deep_dle_mm_penalized,Deep penalized DLE (mm),LCMV,10,15,1.343798261553669,1.5649056085388164,0.22110734698514745,win
deep_dle_mm_penalized,Deep penalized DLE (mm),LCMV,10,20,1.4962364502637542,1.0856012053680084,-0.41063524489574577,loss
deep_dle_mm_penalized,Deep penalized DLE (mm),LCMV,15,-10,3.6746907061690677,1.9163225610299996,-1.758368145139068,loss
deep_dle_mm_penalized,Deep penalized DLE (mm),LCMV,15,-5,2.9243807569535565,2.238081052015054,-0.6862997049385027,loss
deep_dle_mm_penalized,Deep penalized DLE (mm),LCMV,15,0,2.1482692285885183,1.6330608429269642,-0.5152083856615541,loss
deep_dle_mm_penalized,Deep penalized DLE (mm),LCMV,15,5,2.174024759186618,1.096648563382454,-1.077376195804164,loss
deep_dle_mm_penalized,Deep penalized DLE (mm),LCMV,15,10,1.6548441068801223,0.7543581021805523,-0.90048600469957,loss
deep_dle_mm_penalized,Deep penalized DLE (mm),LCMV,15,15,1.581526376624246,0.7966964867338531,-0.7848298898903929,loss
deep_dle_mm_penalized,Deep penalized DLE (mm),LCMV,15,20,0.958644571526518,0.5260809297476682,-0.43256364177884987,loss
deep_dle_mm_penalized,Deep penalized DLE (mm),LCMV,20,-10,2.181277310078029,0.5379750897221273,-1.6433022203559018,loss
deep_dle_mm_penalized,Deep penalized DLE (mm),LCMV,20,-5,1.7158238929651322,0.21638302809689466,-1.4994408648682376,loss
deep_dle_mm_penalized,Deep penalized DLE (mm),LCMV,20,0,2.4289628783745627,0.3550314157249512,-2.0739314626496115,loss
deep_dle_mm_penalized,Deep penalized DLE (mm),LCMV,20,5,1.2562748661788288,0.4530706367891521,-0.8032042293896766,loss
deep_dle_mm_penalized,Deep penalized DLE (mm),LCMV,20,10,1.586461240371013,0.2857072192243579,-1.300754021146655,loss
deep_dle_mm_penalized,Deep penalized DLE (mm),LCMV,20,15,0.5425706116218886,0.187667998160157,-0.3549026134617316,loss
deep_dle_mm_penalized,Deep penalized DLE (mm),LCMV,20,20,1.0790152451458137,0.2725724510931322,-0.8064427940526815,loss
deep_dle_mm_penalized,Deep penalized DLE (mm),RAP-MUSIC,-10,-10,12.205943417845944,165.77062089819648,153.56467748035055,win
deep_dle_mm_penalized,Deep penalized DLE (mm),RAP-MUSIC,-10,-5,10.180983696940828,154.92122598037648,144.74024228343563,win
deep_dle_mm_penalized,Deep penalized DLE (mm),RAP-MUSIC,-10,0,10.927035681636141,142.35102876949557,131.42399308785943,win
deep_dle_mm_penalized,Deep penalized DLE (mm),RAP-MUSIC,-10,5,8.019140387124542,133.34077995748012,125.32163957035559,win
deep_dle_mm_penalized,Deep penalized DLE (mm),RAP-MUSIC,-10,10,5.680635928160993,108.05332671328138,102.37269078512038,win
deep_dle_mm_penalized,Deep penalized DLE (mm),RAP-MUSIC,-10,15,3.208925136313212,95.2667464914702,92.05782135515699,win
deep_dle_mm_penalized,Deep penalized DLE (mm),RAP-MUSIC,-10,20,1.7791508998184042,110.13134675589522,108.35219585607682,win
deep_dle_mm_penalized,Deep penalized DLE (mm),RAP-MUSIC,-5,-10,10.410792411632128,156.01940790418493,145.60861549255281,win
deep_dle_mm_penalized,Deep penalized DLE (mm),RAP-MUSIC,-5,-5,8.42613513048371,151.47962139425474,143.05348626377102,win
deep_dle_mm_penalized,Deep penalized DLE (mm),RAP-MUSIC,-5,0,7.704974824705597,148.0870364130318,140.3820615883262,win
deep_dle_mm_penalized,Deep penalized DLE (mm),RAP-MUSIC,-5,5,6.263474759112628,128.67423920821668,122.41076444910405,win
deep_dle_mm_penalized,Deep penalized DLE (mm),RAP-MUSIC,-5,10,4.840407179921434,109.2005282356984,104.36012105577697,win
deep_dle_mm_penalized,Deep penalized DLE (mm),RAP-MUSIC,-5,15,3.7334900142471334,103.3951964022185,99.66170638797136,win
deep_dle_mm_penalized,Deep penalized DLE (mm),RAP-MUSIC,-5,20,2.8576903534182034,103.31746177988573,100.45977142646753,win
deep_dle_mm_penalized,Deep penalized DLE (mm),RAP-MUSIC,0,-10,8.32067453827157,146.9601394768586,138.63946493858703,win
deep_dle_mm_penalized,Deep penalized DLE (mm),RAP-MUSIC,0,-5,6.610368959128107,143.6165741101114,137.0062051509833,win
deep_dle_mm_penalized,Deep penalized DLE (mm),RAP-MUSIC,0,0,6.547101259841221,131.97719540623163,125.4300941463904,win
deep_dle_mm_penalized,Deep penalized DLE (mm),RAP-MUSIC,0,5,5.445212499482928,121.65238165173677,116.20716915225384,win
deep_dle_mm_penalized,Deep penalized DLE (mm),RAP-MUSIC,0,10,4.4368230112721045,100.00261141712521,95.5657884058531,win
deep_dle_mm_penalized,Deep penalized DLE (mm),RAP-MUSIC,0,15,2.8637514573523704,102.29701447453971,99.43326301718734,win
deep_dle_mm_penalized,Deep penalized DLE (mm),RAP-MUSIC,0,20,2.288899635924579,107.83694369848074,105.54804406255616,win
deep_dle_mm_penalized,Deep penalized DLE (mm),RAP-MUSIC,5,-10,5.723292715067125,117.16161474846837,111.43832203340123,win
deep_dle_mm_penalized,Deep penalized DLE (mm),RAP-MUSIC,5,-5,5.509562356971233,113.57295134201695,108.06338898504572,win
deep_dle_mm_penalized,Deep penalized DLE (mm),RAP-MUSIC,5,0,4.281008096572156,106.906125187536,102.62511709096385,win
deep_dle_mm_penalized,Deep penalized DLE (mm),RAP-MUSIC,5,5,3.5789772949371366,94.37621495620361,90.79723766126648,win
deep_dle_mm_penalized,Deep penalized DLE (mm),RAP-MUSIC,5,10,3.354517445070685,97.77753255714356,94.42301511207287,win
deep_dle_mm_penalized,Deep penalized DLE (mm),RAP-MUSIC,5,15,2.045041876289284,94.07052535399384,92.02548347770455,win
deep_dle_mm_penalized,Deep penalized DLE (mm),RAP-MUSIC,5,20,2.6625392216250696,103.31746177552463,100.65492255389957,win
deep_dle_mm_penalized,Deep penalized DLE (mm),RAP-MUSIC,10,-10,5.5147748848741145,78.39345038130006,72.87867549642594,win
deep_dle_mm_penalized,Deep penalized DLE (mm),RAP-MUSIC,10,-5,3.8027115248852543,80.40214622880815,76.5994347039229,win
deep_dle_mm_penalized,Deep penalized DLE (mm),RAP-MUSIC,10,0,4.910876406435987,74.87411116123461,69.96323475479862,win
deep_dle_mm_penalized,Deep penalized DLE (mm),RAP-MUSIC,10,5,2.1969102323939818,66.60701286125398,64.41010262886,win
deep_dle_mm_penalized,Deep penalized DLE (mm),RAP-MUSIC,10,10,1.3757105717482385,79.20592509133179,77.83021451958355,win
deep_dle_mm_penalized,Deep penalized DLE (mm),RAP-MUSIC,10,15,1.343798261553669,90.77597958256848,89.43218132101481,win
deep_dle_mm_penalized,Deep penalized DLE (mm),RAP-MUSIC,10,20,1.4962364502637542,101.05177373603487,99.55553728577112,win
deep_dle_mm_penalized,Deep penalized DLE (mm),RAP-MUSIC,15,-10,3.6746907061690677,54.20417906267272,50.529488356503656,win
deep_dle_mm_penalized,Deep penalized DLE (mm),RAP-MUSIC,15,-5,2.9243807569535565,46.0841395868921,43.159758829938546,win
deep_dle_mm_penalized,Deep penalized DLE (mm),RAP-MUSIC,15,0,2.1482692285885183,56.212874906654854,54.064605678066336,win
deep_dle_mm_penalized,Deep penalized DLE (mm),RAP-MUSIC,15,5,2.174024759186618,55.06567337794761,52.891648618760996,win
deep_dle_mm_penalized,Deep penalized DLE (mm),RAP-MUSIC,15,10,1.6548441068801223,56.212874906654854,54.558030799774734,win
deep_dle_mm_penalized,Deep penalized DLE (mm),RAP-MUSIC,15,15,1.581526376624246,84.8929131243359,83.31138674771167,win
deep_dle_mm_penalized,Deep penalized DLE (mm),RAP-MUSIC,15,20,0.958644571526518,96.36492841140834,95.40628383988182,win
deep_dle_mm_penalized,Deep penalized DLE (mm),RAP-MUSIC,20,-10,2.181277310078029,44.838898840646635,42.657621530568605,win
deep_dle_mm_penalized,Deep penalized DLE (mm),RAP-MUSIC,20,-5,1.7158238929651322,49.427704955475605,47.71188106251047,win
deep_dle_mm_penalized,Deep penalized DLE (mm),RAP-MUSIC,20,0,2.4289628783745627,44.74085961958244,42.311896741207875,win
deep_dle_mm_penalized,Deep penalized DLE (mm),RAP-MUSIC,20,5,1.2562748661788288,45.88806114828967,44.631786282110845,win
deep_dle_mm_penalized,Deep penalized DLE (mm),RAP-MUSIC,20,10,1.586461240371013,48.251788402204745,46.66532716183373,win
deep_dle_mm_penalized,Deep penalized DLE (mm),RAP-MUSIC,20,15,0.5425706116218886,55.06567337794761,54.52310276632572,win
deep_dle_mm_penalized,Deep penalized DLE (mm),RAP-MUSIC,20,20,1.0790152451458137,76.91152203391732,75.83250678877151,win
deep_dle_mm_penalized,Deep penalized DLE (mm),Dipole fitting (grid),-10,-10,12.205943417845944,175.52183389220804,163.3158904743621,win
deep_dle_mm_penalized,Deep penalized DLE (mm),Dipole fitting (grid),-10,-5,10.180983696940828,154.92122598037648,144.74024228343563,win
deep_dle_mm_penalized,Deep penalized DLE (mm),Dipole fitting (grid),-10,0,10.927035681636141,150.3324198655475,139.40538418391137,win
deep_dle_mm_penalized,Deep penalized DLE (mm),Dipole fitting (grid),-10,5,8.019140387124542,140.1546649313823,132.13552454425778,win
deep_dle_mm_penalized,Deep penalized DLE (mm),Dipole fitting (grid),-10,10,5.680635928160993,132.3896568343372,126.70902090617619,win
deep_dle_mm_penalized,Deep penalized DLE (mm),Dipole fitting (grid),-10,15,3.208925136313212,133.27145576511654,130.06253062880333,win
deep_dle_mm_penalized,Deep penalized DLE (mm),Dipole fitting (grid),-10,20,1.7791508998184042,134.6350403023342,132.8558894025158,win
deep_dle_mm_penalized,Deep penalized DLE (mm),Dipole fitting (grid),-5,-10,10.410792411632128,156.01940790418493,145.60861549255281,win
deep_dle_mm_penalized,Deep penalized DLE (mm),Dipole fitting (grid),-5,-5,8.42613513048371,153.72500484677042,145.2988697162867,win
deep_dle_mm_penalized,Deep penalized DLE (mm),Dipole fitting (grid),-5,0,7.704974824705597,151.5776606040523,143.8726857793467,win
deep_dle_mm_penalized,Deep penalized DLE (mm),Dipole fitting (grid),-5,5,6.263474759112628,132.3322267965465,126.06875203743388,win
deep_dle_mm_penalized,Deep penalized DLE (mm),Dipole fitting (grid),-5,10,4.840407179921434,128.73166924533837,123.89126206541694,win
deep_dle_mm_penalized,Deep penalized DLE (mm),Dipole fitting (grid),-5,15,3.7334900142471334,132.27131304899834,128.5378230347512,win
deep_dle_mm_penalized,Deep penalized DLE (mm),Dipole fitting (grid),-5,20,2.8576903534182034,127.82956573936208,124.97187538594387,win
deep_dle_mm_penalized,Deep penalized DLE (mm),Dipole fitting (grid),0,-10,8.32067453827157,150.2834002606487,141.96272572237714,win
deep_dle_mm_penalized,Deep penalized DLE (mm),Dipole fitting (grid),0,-5,6.610368959128107,148.1360560235639,141.5256870644358,win
deep_dle_mm_penalized,Deep penalized DLE (mm),Dipole fitting (grid),0,0,6.547101259841221,140.0566257233477,133.5095244635065,win
deep_dle_mm_penalized,Deep penalized DLE (mm),Dipole fitting (grid),0,5,5.445212499482928,132.17327384272673,126.72806134324381,win
deep_dle_mm_penalized,Deep penalized DLE (mm),Dipole fitting (grid),0,10,4.4368230112721045,130.87901348242318,126.44219047115106,win
deep_dle_mm_penalized,Deep penalized DLE (mm),Dipole fitting (grid),0,15,2.8637514573523704,126.58432500085728,123.72057354350491,win
deep_dle_mm_penalized,Deep penalized DLE (mm),Dipole fitting (grid),0,20,2.288899635924579,134.6266298634962,132.33773022757163,win
deep_dle_mm_penalized,Deep penalized DLE (mm),Dipole fitting (grid),5,-10,5.723292715067125,126.69425838392226,120.97096566885513,win
deep_dle_mm_penalized,Deep penalized DLE (mm),Dipole fitting (grid),5,-5,5.509562356971233,120.70842837451202,115.1988660175408,win
deep_dle_mm_penalized,Deep penalized DLE (mm),Dipole fitting (grid),5,0,4.281008096572156,125.31036924813189,121.02936115155974,win
deep_dle_mm_penalized,Deep penalized DLE (mm),Dipole fitting (grid),5,5,3.5789772949371366,120.70125855776162,117.12228126282449,win
deep_dle_mm_penalized,Deep penalized DLE (mm),Dipole fitting (grid),5,10,3.354517445070685,124.09384352948094,120.73932608441025,win
deep_dle_mm_penalized,Deep penalized DLE (mm),Dipole fitting (grid),5,15,2.045041876289284,125.14300584452026,123.09796396823097,win
deep_dle_mm_penalized,Deep penalized DLE (mm),Dipole fitting (grid),5,20,2.6625392216250696,124.28992193957247,121.6273827179474,win
deep_dle_mm_penalized,Deep penalized DLE (mm),Dipole fitting (grid),10,-10,5.5147748848741145,112.70272440340636,107.18794951853225,win
deep_dle_mm_penalized,Deep penalized DLE (mm),Dipole fitting (grid),10,-5,3.8027115248852543,112.82980082721787,109.02708930233261,win
deep_dle_mm_penalized,Deep penalized DLE (mm),Dipole fitting (grid),10,0,4.910876406435987,112.69115243058923,107.78027602415324,win
deep_dle_mm_penalized,Deep penalized DLE (mm),Dipole fitting (grid),10,5,2.1969102323939818,104.98705810616981,102.79014787377584,win
deep_dle_mm_penalized,Deep penalized DLE (mm),Dipole fitting (grid),10,10,1.3757105717482385,118.37814047988856,117.00242990814031,win
deep_dle_mm_penalized,Deep penalized DLE (mm),Dipole fitting (grid),10,15,1.343798261553669,129.68279234881712,128.33899408726344,win
deep_dle_mm_penalized,Deep penalized DLE (mm),Dipole fitting (grid),10,20,1.4962364502637542,129.97691000108748,128.48067355082372,win
deep_dle_mm_penalized,Deep penalized DLE (mm),Dipole fitting (grid),15,-10,3.6746907061690677,104.9333141953877,101.25862348921862,win
deep_dle_mm_penalized,Deep penalized DLE (mm),Dipole fitting (grid),15,-5,2.9243807569535565,98.49884513769695,95.5744643807434,win
deep_dle_mm_penalized,Deep penalized DLE (mm),Dipole fitting (grid),15,0,2.1482692285885183,109.408500823272,107.26023159468349,win
deep_dle_mm_penalized,Deep penalized DLE (mm),Dipole fitting (grid),15,5,2.174024759186618,109.3475870637687,107.17356230458208,win
deep_dle_mm_penalized,Deep penalized DLE (mm),Dipole fitting (grid),15,10,1.6548441068801223,111.52364632634071,109.86880221946059,win
deep_dle_mm_penalized,Deep penalized DLE (mm),Dipole fitting (grid),15,15,1.581526376624246,110.368034359047,108.78650798242276,win
deep_dle_mm_penalized,Deep penalized DLE (mm),Dipole fitting (grid),15,20,0.958644571526518,130.9973572867693,130.03871271524278,win
deep_dle_mm_penalized,Deep penalized DLE (mm),Dipole fitting (grid),20,-10,2.181277310078029,109.92562148098892,107.74434417091089,win
deep_dle_mm_penalized,Deep penalized DLE (mm),Dipole fitting (grid),20,-5,1.7158238929651322,106.35237190276432,104.63654800979918,win
deep_dle_mm_penalized,Deep penalized DLE (mm),Dipole fitting (grid),20,0,2.4289628783745627,106.21216069697674,103.78319781860218,win
deep_dle_mm_penalized,Deep penalized DLE (mm),Dipole fitting (grid),20,5,1.2562748661788288,109.47782500852979,108.22155014235096,win
deep_dle_mm_penalized,Deep penalized DLE (mm),Dipole fitting (grid),20,10,1.586461240371013,95.57275829614485,93.98629705577385,win
deep_dle_mm_penalized,Deep penalized DLE (mm),Dipole fitting (grid),20,15,0.5425706116218886,110.49478859600192,109.95221798438004,win
deep_dle_mm_penalized,Deep penalized DLE (mm),Dipole fitting (grid),20,20,1.0790152451458137,113.9925826224315,112.91356737728569,win
deep_sensitivity,Deep sensitivity,dSPM,-10,-10,0.39215686274509803,0.4338235294117647,-0.041666666666666685,loss
deep_sensitivity,Deep sensitivity,dSPM,-10,-5,0.5,0.42892156862745096,0.07107843137254904,win
deep_sensitivity,Deep sensitivity,dSPM,-10,0,0.5196078431372549,0.44730392156862747,0.07230392156862747,win
deep_sensitivity,Deep sensitivity,dSPM,-10,5,0.6176470588235294,0.5073529411764706,0.11029411764705888,win
deep_sensitivity,Deep sensitivity,dSPM,-10,10,0.7107843137254902,0.4669117647058824,0.2438725490196078,win
deep_sensitivity,Deep sensitivity,dSPM,-10,15,0.8823529411764706,0.4718137254901961,0.41053921568627444,win
deep_sensitivity,Deep sensitivity,dSPM,-10,20,0.9117647058823529,0.45098039215686275,0.46078431372549017,win
deep_sensitivity,Deep sensitivity,dSPM,-5,-10,0.5147058823529412,0.40686274509803927,0.10784313725490197,win
deep_sensitivity,Deep sensitivity,dSPM,-5,-5,0.5833333333333334,0.553921568627451,0.02941176470588236,win
deep_sensitivity,Deep sensitivity,dSPM,-5,0,0.6274509803921569,0.4877450980392157,0.13970588235294118,win
deep_sensitivity,Deep sensitivity,dSPM,-5,5,0.7254901960784313,0.47794117647058826,0.2475490196078431,win
deep_sensitivity,Deep sensitivity,dSPM,-5,10,0.7794117647058824,0.471813725490196,0.30759803921568635,win
deep_sensitivity,Deep sensitivity,dSPM,-5,15,0.8333333333333334,0.47671568627450983,0.35661764705882354,win
deep_sensitivity,Deep sensitivity,dSPM,-5,20,0.8921568627450981,0.43137254901960786,0.4607843137254902,win
deep_sensitivity,Deep sensitivity,dSPM,0,-10,0.6323529411764706,0.48774509803921573,0.14460784313725483,win
deep_sensitivity,Deep sensitivity,dSPM,0,-5,0.7058823529411765,0.5833333333333334,0.12254901960784315,win
deep_sensitivity,Deep sensitivity,dSPM,0,0,0.7303921568627451,0.49632352941176466,0.2340686274509804,win
deep_sensitivity,Deep sensitivity,dSPM,0,5,0.7549019607843137,0.47303921568627455,0.28186274509803916,win
deep_sensitivity,Deep sensitivity,dSPM,0,10,0.8186274509803922,0.46323529411764713,0.3553921568627451,win
deep_sensitivity,Deep sensitivity,dSPM,0,15,0.8627450980392157,0.5122549019607843,0.35049019607843146,win
deep_sensitivity,Deep sensitivity,dSPM,0,20,0.9117647058823529,0.48161764705882354,0.4301470588235294,win
deep_sensitivity,Deep sensitivity,dSPM,5,-10,0.7401960784313726,0.5159313725490197,0.22426470588235292,win
deep_sensitivity,Deep sensitivity,dSPM,5,-5,0.7794117647058824,0.5526960784313726,0.22671568627450978,win
deep_sensitivity,Deep sensitivity,dSPM,5,0,0.8137254901960783,0.508578431372549,0.3051470588235293,win
deep_sensitivity,Deep sensitivity,dSPM,5,5,0.8480392156862746,0.5073529411764706,0.34068627450980404,win
deep_sensitivity,Deep sensitivity,dSPM,5,10,0.8774509803921569,0.46323529411764713,0.4142156862745097,win
deep_sensitivity,Deep sensitivity,dSPM,5,15,0.9019607843137254,0.47303921568627455,0.42892156862745084,win
deep_sensitivity,Deep sensitivity,dSPM,5,20,0.9068627450980392,0.4718137254901961,0.4350490196078431,win
deep_sensitivity,Deep sensitivity,dSPM,10,-10,0.7941176470588235,0.5477941176470588,0.24632352941176472,win
deep_sensitivity,Deep sensitivity,dSPM,10,-5,0.8480392156862745,0.49754901960784315,0.35049019607843135,win
deep_sensitivity,Deep sensitivity,dSPM,10,0,0.8186274509803922,0.5588235294117647,0.2598039215686275,win
deep_sensitivity,Deep sensitivity,dSPM,10,5,0.9117647058823529,0.5575980392156863,0.35416666666666663,win
deep_sensitivity,Deep sensitivity,dSPM,10,10,0.9509803921568626,0.5183823529411765,0.43259803921568607,win
deep_sensitivity,Deep sensitivity,dSPM,10,15,0.9362745098039215,0.49264705882352944,0.443627450980392,win
deep_sensitivity,Deep sensitivity,dSPM,10,20,0.9117647058823529,0.48284313725490197,0.42892156862745096,win
deep_sensitivity,Deep sensitivity,dSPM,15,-10,0.8872549019607844,0.44485294117647056,0.4424019607843138,win
deep_sensitivity,Deep sensitivity,dSPM,15,-5,0.8627450980392157,0.4963235294117647,0.366421568627451,win
deep_sensitivity,Deep sensitivity,dSPM,15,0,0.9313725490196078,0.5122549019607844,0.4191176470588234,win
deep_sensitivity,Deep sensitivity,dSPM,15,5,0.926470588235294,0.5441176470588236,0.38235294117647045,win
deep_sensitivity,Deep sensitivity,dSPM,15,10,0.9215686274509803,0.5526960784313726,0.36887254901960775,win
deep_sensitivity,Deep sensitivity,dSPM,15,15,0.9362745098039215,0.5147058823529412,0.4215686274509802,win
deep_sensitivity,Deep sensitivity,dSPM,15,20,0.9411764705882352,0.48774509803921573,0.45343137254901944,win
deep_sensitivity,Deep sensitivity,dSPM,20,-10,0.9166666666666666,0.43504901960784315,0.4816176470588235,win
deep_sensitivity,Deep sensitivity,dSPM,20,-5,0.926470588235294,0.42401960784313725,0.5024509803921569,win
deep_sensitivity,Deep sensitivity,dSPM,20,0,0.9117647058823529,0.45098039215686275,0.46078431372549017,win
deep_sensitivity,Deep sensitivity,dSPM,20,5,0.9607843137254902,0.5073529411764707,0.45343137254901955,win
deep_sensitivity,Deep sensitivity,dSPM,20,10,0.9411764705882352,0.5232843137254902,0.41789215686274495,win
deep_sensitivity,Deep sensitivity,dSPM,20,15,0.9803921568627452,0.5428921568627452,0.4375,win
deep_sensitivity,Deep sensitivity,dSPM,20,20,0.965686274509804,0.5183823529411765,0.4473039215686275,win
deep_sensitivity,Deep sensitivity,eLORETA,-10,-10,0.39215686274509803,0.3786764705882353,0.013480392156862753,win
deep_sensitivity,Deep sensitivity,eLORETA,-10,-5,0.5,0.5196078431372549,-0.019607843137254943,loss
deep_sensitivity,Deep sensitivity,eLORETA,-10,0,0.5196078431372549,0.5049019607843138,0.014705882352941124,win
deep_sensitivity,Deep sensitivity,eLORETA,-10,5,0.6176470588235294,0.5392156862745098,0.07843137254901966,win
deep_sensitivity,Deep sensitivity,eLORETA,-10,10,0.7107843137254902,0.5441176470588235,0.16666666666666674,win
deep_sensitivity,Deep sensitivity,eLORETA,-10,15,0.8823529411764706,0.5588235294117647,0.32352941176470584,win
deep_sensitivity,Deep sensitivity,eLORETA,-10,20,0.9117647058823529,0.5588235294117647,0.3529411764705882,win
deep_sensitivity,Deep sensitivity,eLORETA,-5,-10,0.5147058823529412,0.42034313725490197,0.09436274509803927,win
deep_sensitivity,Deep sensitivity,eLORETA,-5,-5,0.5833333333333334,0.5196078431372549,0.06372549019607843,win
deep_sensitivity,Deep sensitivity,eLORETA,-5,0,0.6274509803921569,0.5490196078431373,0.07843137254901955,win
deep_sensitivity,Deep sensitivity,eLORETA,-5,5,0.7254901960784313,0.5245098039215687,0.2009803921568627,win
deep_sensitivity,Deep sensitivity,eLORETA,-5,10,0.7794117647058824,0.5441176470588235,0.23529411764705888,win
deep_sensitivity,Deep sensitivity,eLORETA,-5,15,0.8333333333333334,0.5539215686274509,0.27941176470588247,win
deep_sensitivity,Deep sensitivity,eLORETA,-5,20,0.8921568627450981,0.5392156862745098,0.3529411764705883,win
deep_sensitivity,Deep sensitivity,eLORETA,0,-10,0.6323529411764706,0.48897058823529416,0.1433823529411764,win
deep_sensitivity,Deep sensitivity,eLORETA,0,-5,0.7058823529411765,0.5637254901960785,0.14215686274509798,win
deep_sensitivity,Deep sensitivity,eLORETA,0,0,0.7303921568627451,0.5637254901960783,0.16666666666666674,win
deep_sensitivity,Deep sensitivity,eLORETA,0,5,0.7549019607843137,0.5245098039215687,0.23039215686274506,win
deep_sensitivity,Deep sensitivity,eLORETA,0,10,0.8186274509803922,0.5490196078431372,0.26960784313725505,win
deep_sensitivity,Deep sensitivity,eLORETA,0,15,0.8627450980392157,0.4901960784313726,0.37254901960784315,win
deep_sensitivity,Deep sensitivity,eLORETA,0,20,0.9117647058823529,0.5490196078431372,0.36274509803921573,win
deep_sensitivity,Deep sensitivity,eLORETA,5,-10,0.7401960784313726,0.573529411764706,0.16666666666666663,win
deep_sensitivity,Deep sensitivity,eLORETA,5,-5,0.7794117647058824,0.5833333333333334,0.196078431372549,win
deep_sensitivity,Deep sensitivity,eLORETA,5,0,0.8137254901960783,0.5833333333333334,0.23039215686274495,win
deep_sensitivity,Deep sensitivity,eLORETA,5,5,0.8480392156862746,0.5931372549019608,0.2549019607843138,win
deep_sensitivity,Deep sensitivity,eLORETA,5,10,0.8774509803921569,0.5735294117647058,0.303921568627451,win
deep_sensitivity,Deep sensitivity,eLORETA,5,15,0.9019607843137254,0.5392156862745098,0.3627450980392156,win
deep_sensitivity,Deep sensitivity,eLORETA,5,20,0.9068627450980392,0.5637254901960784,0.3431372549019608,win
deep_sensitivity,Deep sensitivity,eLORETA,10,-10,0.7941176470588235,0.5686274509803922,0.22549019607843124,win
deep_sensitivity,Deep sensitivity,eLORETA,10,-5,0.8480392156862745,0.5784313725490197,0.26960784313725483,win
deep_sensitivity,Deep sensitivity,eLORETA,10,0,0.8186274509803922,0.6029411764705882,0.21568627450980404,win
deep_sensitivity,Deep sensitivity,eLORETA,10,5,0.9117647058823529,0.5833333333333334,0.32843137254901955,win
deep_sensitivity,Deep sensitivity,eLORETA,10,10,0.9509803921568626,0.5735294117647058,0.37745098039215674,win
deep_sensitivity,Deep sensitivity,eLORETA,10,15,0.9362745098039215,0.553921568627451,0.38235294117647045,win
deep_sensitivity,Deep sensitivity,eLORETA,10,20,0.9117647058823529,0.5196078431372549,0.392156862745098,win
deep_sensitivity,Deep sensitivity,eLORETA,15,-10,0.8872549019607844,0.5245098039215687,0.36274509803921573,win
deep_sensitivity,Deep sensitivity,eLORETA,15,-5,0.8627450980392157,0.5686274509803921,0.2941176470588236,win
deep_sensitivity,Deep sensitivity,eLORETA,15,0,0.9313725490196078,0.5882352941176471,0.3431372549019607,win
deep_sensitivity,Deep sensitivity,eLORETA,15,5,0.926470588235294,0.5882352941176471,0.33823529411764697,win
deep_sensitivity,Deep sensitivity,eLORETA,15,10,0.9215686274509803,0.5980392156862745,0.32352941176470584,win
deep_sensitivity,Deep sensitivity,eLORETA,15,15,0.9362745098039215,0.5833333333333334,0.3529411764705881,win
deep_sensitivity,Deep sensitivity,eLORETA,15,20,0.9411764705882352,0.5392156862745098,0.4019607843137254,win
deep_sensitivity,Deep sensitivity,eLORETA,20,-10,0.9166666666666666,0.5,0.41666666666666663,win
deep_sensitivity,Deep sensitivity,eLORETA,20,-5,0.926470588235294,0.5147058823529412,0.4117647058823528,win
deep_sensitivity,Deep sensitivity,eLORETA,20,0,0.9117647058823529,0.573529411764706,0.33823529411764697,win
deep_sensitivity,Deep sensitivity,eLORETA,20,5,0.9607843137254902,0.5931372549019608,0.36764705882352944,win
deep_sensitivity,Deep sensitivity,eLORETA,20,10,0.9411764705882352,0.5882352941176471,0.3529411764705881,win
deep_sensitivity,Deep sensitivity,eLORETA,20,15,0.9803921568627452,0.5735294117647058,0.4068627450980393,win
deep_sensitivity,Deep sensitivity,eLORETA,20,20,0.965686274509804,0.5637254901960784,0.4019607843137256,win
deep_sensitivity,Deep sensitivity,sLORETA,-10,-10,0.39215686274509803,0.3958333333333333,-0.003676470588235281,loss
deep_sensitivity,Deep sensitivity,sLORETA,-10,-5,0.5,0.5049019607843137,-0.004901960784313708,loss
deep_sensitivity,Deep sensitivity,sLORETA,-10,0,0.5196078431372549,0.5392156862745098,-0.019607843137254832,loss
deep_sensitivity,Deep sensitivity,sLORETA,-10,5,0.6176470588235294,0.5637254901960784,0.05392156862745101,win
deep_sensitivity,Deep sensitivity,sLORETA,-10,10,0.7107843137254902,0.5686274509803922,0.14215686274509798,win
deep_sensitivity,Deep sensitivity,sLORETA,-10,15,0.8823529411764706,0.5686274509803921,0.3137254901960784,win
deep_sensitivity,Deep sensitivity,sLORETA,-10,20,0.9117647058823529,0.5490196078431372,0.36274509803921573,win
deep_sensitivity,Deep sensitivity,sLORETA,-5,-10,0.5147058823529412,0.409313725490196,0.10539215686274522,win
deep_sensitivity,Deep sensitivity,sLORETA,-5,-5,0.5833333333333334,0.4852941176470589,0.0980392156862745,win
deep_sensitivity,Deep sensitivity,sLORETA,-5,0,0.6274509803921569,0.5245098039215687,0.1029411764705882,win
deep_sensitivity,Deep sensitivity,sLORETA,-5,5,0.7254901960784313,0.5098039215686274,0.21568627450980393,win
deep_sensitivity,Deep sensitivity,sLORETA,-5,10,0.7794117647058824,0.5833333333333334,0.196078431372549,win
deep_sensitivity,Deep sensitivity,sLORETA,-5,15,0.8333333333333334,0.5637254901960783,0.26960784313725505,win
deep_sensitivity,Deep sensitivity,sLORETA,-5,20,0.8921568627450981,0.5637254901960783,0.3284313725490198,win
deep_sensitivity,Deep sensitivity,sLORETA,0,-10,0.6323529411764706,0.4950980392156863,0.13725490196078427,win
deep_sensitivity,Deep sensitivity,sLORETA,0,-5,0.7058823529411765,0.5281862745098039,0.17769607843137258,win
deep_sensitivity,Deep sensitivity,sLORETA,0,0,0.7303921568627451,0.5588235294117647,0.17156862745098034,win
deep_sensitivity,Deep sensitivity,sLORETA,0,5,0.7549019607843137,0.5392156862745098,0.21568627450980393,win
deep_sensitivity,Deep sensitivity,sLORETA,0,10,0.8186274509803922,0.5931372549019608,0.22549019607843146,win
deep_sensitivity,Deep sensitivity,sLORETA,0,15,0.8627450980392157,0.5441176470588235,0.31862745098039225,win
deep_sensitivity,Deep sensitivity,sLORETA,0,20,0.9117647058823529,0.5833333333333334,0.32843137254901955,win
deep_sensitivity,Deep sensitivity,sLORETA,5,-10,0.7401960784313726,0.5931372549019608,0.1470588235294118,win
deep_sensitivity,Deep sensitivity,sLORETA,5,-5,0.7794117647058824,0.5735294117647058,0.20588235294117652,win
deep_sensitivity,Deep sensitivity,sLORETA,5,0,0.8137254901960783,0.508578431372549,0.3051470588235293,win
deep_sensitivity,Deep sensitivity,sLORETA,5,5,0.8480392156862746,0.5637254901960783,0.2843137254901963,win
deep_sensitivity,Deep sensitivity,sLORETA,5,10,0.8774509803921569,0.553921568627451,0.32352941176470584,win
deep_sensitivity,Deep sensitivity,sLORETA,5,15,0.9019607843137254,0.5588235294117646,0.3431372549019608,win
deep_sensitivity,Deep sensitivity,sLORETA,5,20,0.9068627450980392,0.5980392156862745,0.3088235294117647,win
deep_sensitivity,Deep sensitivity,sLORETA,10,-10,0.7941176470588235,0.5784313725490197,0.21568627450980382,win
deep_sensitivity,Deep sensitivity,sLORETA,10,-5,0.8480392156862745,0.553921568627451,0.2941176470588235,win
deep_sensitivity,Deep sensitivity,sLORETA,10,0,0.8186274509803922,0.5588235294117647,0.2598039215686275,win
deep_sensitivity,Deep sensitivity,sLORETA,10,5,0.9117647058823529,0.553921568627451,0.3578431372549019,win
deep_sensitivity,Deep sensitivity,sLORETA,10,10,0.9509803921568626,0.553921568627451,0.3970588235294116,win
deep_sensitivity,Deep sensitivity,sLORETA,10,15,0.9362745098039215,0.5490196078431372,0.38725490196078427,win
deep_sensitivity,Deep sensitivity,sLORETA,10,20,0.9117647058823529,0.5686274509803921,0.3431372549019608,win
deep_sensitivity,Deep sensitivity,sLORETA,15,-10,0.8872549019607844,0.5294117647058824,0.357843137254902,win
deep_sensitivity,Deep sensitivity,sLORETA,15,-5,0.8627450980392157,0.553921568627451,0.3088235294117647,win
deep_sensitivity,Deep sensitivity,sLORETA,15,0,0.9313725490196078,0.5637254901960784,0.3676470588235293,win
deep_sensitivity,Deep sensitivity,sLORETA,15,5,0.926470588235294,0.5441176470588236,0.38235294117647045,win
deep_sensitivity,Deep sensitivity,sLORETA,15,10,0.9215686274509803,0.5575980392156863,0.36397058823529405,win
deep_sensitivity,Deep sensitivity,sLORETA,15,15,0.9362745098039215,0.5343137254901961,0.4019607843137254,win
deep_sensitivity,Deep sensitivity,sLORETA,15,20,0.9411764705882352,0.5245098039215687,0.4166666666666665,win
deep_sensitivity,Deep sensitivity,sLORETA,20,-10,0.9166666666666666,0.5098039215686275,0.4068627450980391,win
deep_sensitivity,Deep sensitivity,sLORETA,20,-5,0.926470588235294,0.5245098039215687,0.4019607843137254,win
deep_sensitivity,Deep sensitivity,sLORETA,20,0,0.9117647058823529,0.573529411764706,0.33823529411764697,win
deep_sensitivity,Deep sensitivity,sLORETA,20,5,0.9607843137254902,0.5441176470588235,0.41666666666666674,win
deep_sensitivity,Deep sensitivity,sLORETA,20,10,0.9411764705882352,0.5441176470588235,0.3970588235294117,win
deep_sensitivity,Deep sensitivity,sLORETA,20,15,0.9803921568627452,0.5686274509803922,0.4117647058823529,win
deep_sensitivity,Deep sensitivity,sLORETA,20,20,0.965686274509804,0.5441176470588235,0.42156862745098056,win
deep_sensitivity,Deep sensitivity,MNE,-10,-10,0.39215686274509803,0.1911764705882353,0.20098039215686272,win
deep_sensitivity,Deep sensitivity,MNE,-10,-5,0.5,0.29411764705882354,0.20588235294117646,win
deep_sensitivity,Deep sensitivity,MNE,-10,0,0.5196078431372549,0.34436274509803916,0.17524509803921579,win
deep_sensitivity,Deep sensitivity,MNE,-10,5,0.6176470588235294,0.4252450980392157,0.19240196078431376,win
deep_sensitivity,Deep sensitivity,MNE,-10,10,0.7107843137254902,0.41544117647058826,0.29534313725490197,win
deep_sensitivity,Deep sensitivity,MNE,-10,15,0.8823529411764706,0.3995098039215686,0.48284313725490197,win
deep_sensitivity,Deep sensitivity,MNE,-10,20,0.9117647058823529,0.375,0.5367647058823529,win
deep_sensitivity,Deep sensitivity,MNE,-5,-10,0.5147058823529412,0.25367647058823534,0.2610294117647059,win
deep_sensitivity,Deep sensitivity,MNE,-5,-5,0.5833333333333334,0.32965686274509803,0.25367647058823534,win
deep_sensitivity,Deep sensitivity,MNE,-5,0,0.6274509803921569,0.4044117647058823,0.22303921568627455,win
deep_sensitivity,Deep sensitivity,MNE,-5,5,0.7254901960784313,0.4093137254901961,0.3161764705882352,win
deep_sensitivity,Deep sensitivity,MNE,-5,10,0.7794117647058824,0.39338235294117646,0.3860294117647059,win
deep_sensitivity,Deep sensitivity,MNE,-5,15,0.8333333333333334,0.3897058823529411,0.44362745098039225,win
deep_sensitivity,Deep sensitivity,MNE,-5,20,0.8921568627450981,0.42034313725490197,0.4718137254901961,win
deep_sensitivity,Deep sensitivity,MNE,0,-10,0.6323529411764706,0.321078431372549,0.3112745098039216,win
deep_sensitivity,Deep sensitivity,MNE,0,-5,0.7058823529411765,0.3762254901960784,0.3296568627450981,win
deep_sensitivity,Deep sensitivity,MNE,0,0,0.7303921568627451,0.3995098039215686,0.33088235294117646,win
deep_sensitivity,Deep sensitivity,MNE,0,5,0.7549019607843137,0.3946078431372549,0.3602941176470588,win
deep_sensitivity,Deep sensitivity,MNE,0,10,0.8186274509803922,0.41911764705882354,0.3995098039215687,win
deep_sensitivity,Deep sensitivity,MNE,0,15,0.8627450980392157,0.38480392156862747,0.47794117647058826,win
deep_sensitivity,Deep sensitivity,MNE,0,20,0.9117647058823529,0.3897058823529412,0.5220588235294117,win
deep_sensitivity,Deep sensitivity,MNE,5,-10,0.7401960784313726,0.3958333333333333,0.34436274509803927,win
deep_sensitivity,Deep sensitivity,MNE,5,-5,0.7794117647058824,0.4227941176470588,0.35661764705882354,win
deep_sensitivity,Deep sensitivity,MNE,5,0,0.8137254901960783,0.4362745098039216,0.37745098039215674,win
deep_sensitivity,Deep sensitivity,MNE,5,5,0.8480392156862746,0.400735294117647,0.4473039215686276,win
deep_sensitivity,Deep sensitivity,MNE,5,10,0.8774509803921569,0.4264705882352941,0.45098039215686275,win
deep_sensitivity,Deep sensitivity,MNE,5,15,0.9019607843137254,0.43014705882352944,0.47181372549019596,win
deep_sensitivity,Deep sensitivity,MNE,5,20,0.9068627450980392,0.3737745098039216,0.5330882352941176,win
deep_sensitivity,Deep sensitivity,MNE,10,-10,0.7941176470588235,0.38480392156862747,0.409313725490196,win
deep_sensitivity,Deep sensitivity,MNE,10,-5,0.8480392156862745,0.411764705882353,0.4362745098039215,win
deep_sensitivity,Deep sensitivity,MNE,10,0,0.8186274509803922,0.4718137254901961,0.3468137254901961,win
deep_sensitivity,Deep sensitivity,MNE,10,5,0.9117647058823529,0.4411764705882353,0.47058823529411764,win
deep_sensitivity,Deep sensitivity,MNE,10,10,0.9509803921568626,0.46078431372549017,0.4901960784313724,win
deep_sensitivity,Deep sensitivity,MNE,10,15,0.9362745098039215,0.43014705882352944,0.506127450980392,win
deep_sensitivity,Deep sensitivity,MNE,10,20,0.9117647058823529,0.3799019607843137,0.5318627450980392,win
deep_sensitivity,Deep sensitivity,MNE,15,-10,0.8872549019607844,0.3958333333333333,0.49142156862745107,win
deep_sensitivity,Deep sensitivity,MNE,15,-5,0.8627450980392157,0.3553921568627451,0.5073529411764706,win
deep_sensitivity,Deep sensitivity,MNE,15,0,0.9313725490196078,0.4583333333333333,0.47303921568627444,win
deep_sensitivity,Deep sensitivity,MNE,15,5,0.926470588235294,0.4424019607843137,0.48406862745098034,win
deep_sensitivity,Deep sensitivity,MNE,15,10,0.9215686274509803,0.41544117647058826,0.5061274509803921,win
deep_sensitivity,Deep sensitivity,MNE,15,15,0.9362745098039215,0.4252450980392157,0.5110294117647058,win
deep_sensitivity,Deep sensitivity,MNE,15,20,0.9411764705882352,0.46078431372549017,0.480392156862745,win
deep_sensitivity,Deep sensitivity,MNE,20,-10,0.9166666666666666,0.3504901960784314,0.5661764705882353,win
deep_sensitivity,Deep sensitivity,MNE,20,-5,0.926470588235294,0.3860294117647059,0.5404411764705881,win
deep_sensitivity,Deep sensitivity,MNE,20,0,0.9117647058823529,0.37254901960784315,0.5392156862745098,win
deep_sensitivity,Deep sensitivity,MNE,20,5,0.9607843137254902,0.4424019607843137,0.5183823529411765,win
deep_sensitivity,Deep sensitivity,MNE,20,10,0.9411764705882352,0.42769607843137253,0.5134803921568627,win
deep_sensitivity,Deep sensitivity,MNE,20,15,0.9803921568627452,0.43504901960784315,0.545343137254902,win
deep_sensitivity,Deep sensitivity,MNE,20,20,0.965686274509804,0.42524509803921573,0.5404411764705883,win
deep_sensitivity,Deep sensitivity,LCMV,-10,-10,0.39215686274509803,0.10416666666666667,0.28799019607843135,win
deep_sensitivity,Deep sensitivity,LCMV,-10,-5,0.5,0.275735294117647,0.22426470588235298,win
deep_sensitivity,Deep sensitivity,LCMV,-10,0,0.5196078431372549,0.35784313725490197,0.16176470588235298,win
deep_sensitivity,Deep sensitivity,LCMV,-10,5,0.6176470588235294,0.4901960784313726,0.12745098039215685,win
deep_sensitivity,Deep sensitivity,LCMV,-10,10,0.7107843137254902,0.8284313725490197,-0.11764705882352944,loss
deep_sensitivity,Deep sensitivity,LCMV,-10,15,0.8823529411764706,0.9068627450980392,-0.02450980392156865,loss
deep_sensitivity,Deep sensitivity,LCMV,-10,20,0.9117647058823529,0.9558823529411765,-0.044117647058823595,loss
deep_sensitivity,Deep sensitivity,LCMV,-5,-10,0.5147058823529412,0.1875,0.32720588235294124,win
deep_sensitivity,Deep sensitivity,LCMV,-5,-5,0.5833333333333334,0.3174019607843137,0.26593137254901966,win
deep_sensitivity,Deep sensitivity,LCMV,-5,0,0.6274509803921569,0.3676470588235294,0.25980392156862747,win
deep_sensitivity,Deep sensitivity,LCMV,-5,5,0.7254901960784313,0.5294117647058824,0.196078431372549,win
deep_sensitivity,Deep sensitivity,LCMV,-5,10,0.7794117647058824,0.8578431372549019,-0.07843137254901955,loss
deep_sensitivity,Deep sensitivity,LCMV,-5,15,0.8333333333333334,0.926470588235294,-0.09313725490196068,loss
deep_sensitivity,Deep sensitivity,LCMV,-5,20,0.8921568627450981,0.9509803921568628,-0.05882352941176472,loss
deep_sensitivity,Deep sensitivity,LCMV,0,-10,0.6323529411764706,0.31004901960784315,0.3223039215686274,win
deep_sensitivity,Deep sensitivity,LCMV,0,-5,0.7058823529411765,0.346813725490196,0.3590686274509805,win
deep_sensitivity,Deep sensitivity,LCMV,0,0,0.7303921568627451,0.4215686274509804,0.30882352941176466,win
deep_sensitivity,Deep sensitivity,LCMV,0,5,0.7549019607843137,0.5931372549019608,0.16176470588235292,win
deep_sensitivity,Deep sensitivity,LCMV,0,10,0.8186274509803922,0.8725490196078431,-0.0539215686274509,loss
deep_sensitivity,Deep sensitivity,LCMV,0,15,0.8627450980392157,0.9362745098039215,-0.07352941176470573,loss
deep_sensitivity,Deep sensitivity,LCMV,0,20,0.9117647058823529,0.9607843137254902,-0.0490196078431373,loss
deep_sensitivity,Deep sensitivity,LCMV,5,-10,0.7401960784313726,0.5196078431372549,0.22058823529411764,win
deep_sensitivity,Deep sensitivity,LCMV,5,-5,0.7794117647058824,0.5330882352941176,0.24632352941176472,win
deep_sensitivity,Deep sensitivity,LCMV,5,0,0.8137254901960783,0.6029411764705882,0.2107843137254901,win
deep_sensitivity,Deep sensitivity,LCMV,5,5,0.8480392156862746,0.7745098039215687,0.07352941176470595,win
deep_sensitivity,Deep sensitivity,LCMV,5,10,0.8774509803921569,0.9117647058823529,-0.03431372549019607,loss
deep_sensitivity,Deep sensitivity,LCMV,5,15,0.9019607843137254,0.9754901960784315,-0.07352941176470607,loss
deep_sensitivity,Deep sensitivity,LCMV,5,20,0.9068627450980392,0.9705882352941176,-0.06372549019607843,loss
deep_sensitivity,Deep sensitivity,LCMV,10,-10,0.7941176470588235,0.7990196078431372,-0.004901960784313708,loss
deep_sensitivity,Deep sensitivity,LCMV,10,-5,0.8480392156862745,0.8382352941176471,0.009803921568627416,win
deep_sensitivity,Deep sensitivity,LCMV,10,0,0.8186274509803922,0.8676470588235293,-0.04901960784313708,loss
deep_sensitivity,Deep sensitivity,LCMV,10,5,0.9117647058823529,0.8970588235294118,0.014705882352941124,win
deep_sensitivity,Deep sensitivity,LCMV,10,10,0.9509803921568626,0.9607843137254902,-0.009803921568627638,loss
deep_sensitivity,Deep sensitivity,LCMV,10,15,0.9362745098039215,0.9754901960784315,-0.03921568627451,loss
deep_sensitivity,Deep sensitivity,LCMV,10,20,0.9117647058823529,0.9901960784313726,-0.07843137254901966,loss
deep_sensitivity,Deep sensitivity,LCMV,15,-10,0.8872549019607844,0.9803921568627452,-0.09313725490196079,loss
deep_sensitivity,Deep sensitivity,LCMV,15,-5,0.8627450980392157,0.9754901960784315,-0.11274509803921573,loss
deep_sensitivity,Deep sensitivity,LCMV,15,0,0.9313725490196078,0.9754901960784315,-0.044117647058823706,loss
deep_sensitivity,Deep sensitivity,LCMV,15,5,0.926470588235294,0.9803921568627452,-0.05392156862745112,loss
deep_sensitivity,Deep sensitivity,LCMV,15,10,0.9215686274509803,0.9852941176470589,-0.06372549019607854,loss
deep_sensitivity,Deep sensitivity,LCMV,15,15,0.9362745098039215,0.9852941176470589,-0.049019607843137414,loss
deep_sensitivity,Deep sensitivity,LCMV,15,20,0.9411764705882352,0.9950980392156863,-0.05392156862745112,loss
deep_sensitivity,Deep sensitivity,LCMV,20,-10,0.9166666666666666,0.9901960784313726,-0.07352941176470595,loss
deep_sensitivity,Deep sensitivity,LCMV,20,-5,0.926470588235294,0.9950980392156863,-0.06862745098039225,loss
deep_sensitivity,Deep sensitivity,LCMV,20,0,0.9117647058823529,0.9852941176470589,-0.07352941176470595,loss
deep_sensitivity,Deep sensitivity,LCMV,20,5,0.9607843137254902,0.9901960784313726,-0.02941176470588236,loss
deep_sensitivity,Deep sensitivity,LCMV,20,10,0.9411764705882352,1.0,-0.05882352941176483,loss
deep_sensitivity,Deep sensitivity,LCMV,20,15,0.9803921568627452,0.9901960784313726,-0.009803921568627416,loss
deep_sensitivity,Deep sensitivity,LCMV,20,20,0.965686274509804,1.0,-0.034313725490195957,loss
deep_sensitivity,Deep sensitivity,RAP-MUSIC,-10,-10,0.39215686274509803,0.2916666666666667,0.10049019607843135,win
deep_sensitivity,Deep sensitivity,RAP-MUSIC,-10,-5,0.5,0.338235294117647,0.16176470588235298,win
deep_sensitivity,Deep sensitivity,RAP-MUSIC,-10,0,0.5196078431372549,0.39215686274509803,0.1274509803921569,win
deep_sensitivity,Deep sensitivity,RAP-MUSIC,-10,5,0.6176470588235294,0.42647058823529416,0.19117647058823528,win
deep_sensitivity,Deep sensitivity,RAP-MUSIC,-10,10,0.7107843137254902,0.5343137254901961,0.17647058823529416,win
deep_sensitivity,Deep sensitivity,RAP-MUSIC,-10,15,0.8823529411764706,0.5931372549019608,0.2892156862745098,win
deep_sensitivity,Deep sensitivity,RAP-MUSIC,-10,20,0.9117647058823529,0.5294117647058824,0.38235294117647056,win
deep_sensitivity,Deep sensitivity,RAP-MUSIC,-5,-10,0.5147058823529412,0.3333333333333333,0.18137254901960792,win
deep_sensitivity,Deep sensitivity,RAP-MUSIC,-5,-5,0.5833333333333334,0.35294117647058826,0.2303921568627451,win
deep_sensitivity,Deep sensitivity,RAP-MUSIC,-5,0,0.6274509803921569,0.36764705882352944,0.2598039215686274,win
deep_sensitivity,Deep sensitivity,RAP-MUSIC,-5,5,0.7254901960784313,0.4411764705882353,0.28431372549019607,win
deep_sensitivity,Deep sensitivity,RAP-MUSIC,-5,10,0.7794117647058824,0.5294117647058824,0.25,win
deep_sensitivity,Deep sensitivity,RAP-MUSIC,-5,15,0.8333333333333334,0.5588235294117647,0.27450980392156865,win
deep_sensitivity,Deep sensitivity,RAP-MUSIC,-5,20,0.8921568627450981,0.553921568627451,0.3382352941176471,win
deep_sensitivity,Deep sensitivity,RAP-MUSIC,0,-10,0.6323529411764706,0.3676470588235294,0.2647058823529412,win
deep_sensitivity,Deep sensitivity,RAP-MUSIC,0,-5,0.7058823529411765,0.38235294117647056,0.32352941176470595,win
deep_sensitivity,Deep sensitivity,RAP-MUSIC,0,0,0.7303921568627451,0.4362745098039216,0.2941176470588235,win
deep_sensitivity,Deep sensitivity,RAP-MUSIC,0,5,0.7549019607843137,0.4803921568627451,0.2745098039215686,win
deep_sensitivity,Deep sensitivity,RAP-MUSIC,0,10,0.8186274509803922,0.573529411764706,0.2450980392156863,win
deep_sensitivity,Deep sensitivity,RAP-MUSIC,0,15,0.8627450980392157,0.5637254901960784,0.2990196078431373,win
deep_sensitivity,Deep sensitivity,RAP-MUSIC,0,20,0.9117647058823529,0.5392156862745098,0.37254901960784315,win
deep_sensitivity,Deep sensitivity,RAP-MUSIC,5,-10,0.7401960784313726,0.5,0.24019607843137258,win
deep_sensitivity,Deep sensitivity,RAP-MUSIC,5,-5,0.7794117647058824,0.5147058823529411,0.26470588235294124,win
deep_sensitivity,Deep sensitivity,RAP-MUSIC,5,0,0.8137254901960783,0.5392156862745098,0.27450980392156854,win
deep_sensitivity,Deep sensitivity,RAP-MUSIC,5,5,0.8480392156862746,0.5931372549019608,0.2549019607843138,win
deep_sensitivity,Deep sensitivity,RAP-MUSIC,5,10,0.8774509803921569,0.5735294117647058,0.303921568627451,win
deep_sensitivity,Deep sensitivity,RAP-MUSIC,5,15,0.9019607843137254,0.5980392156862745,0.3039215686274509,win
deep_sensitivity,Deep sensitivity,RAP-MUSIC,5,20,0.9068627450980392,0.5539215686274509,0.3529411764705883,win
deep_sensitivity,Deep sensitivity,RAP-MUSIC,10,-10,0.7941176470588235,0.6568627450980392,0.13725490196078427,win
deep_sensitivity,Deep sensitivity,RAP-MUSIC,10,-5,0.8480392156862745,0.6568627450980392,0.19117647058823528,win
deep_sensitivity,Deep sensitivity,RAP-MUSIC,10,0,0.8186274509803922,0.6666666666666666,0.15196078431372562,win
deep_sensitivity,Deep sensitivity,RAP-MUSIC,10,5,0.9117647058823529,0.7107843137254902,0.2009803921568627,win
deep_sensitivity,Deep sensitivity,RAP-MUSIC,10,10,0.9509803921568626,0.6617647058823529,0.28921568627450966,win
deep_sensitivity,Deep sensitivity,RAP-MUSIC,10,15,0.9362745098039215,0.6078431372549019,0.32843137254901955,win
deep_sensitivity,Deep sensitivity,RAP-MUSIC,10,20,0.9117647058823529,0.5637254901960784,0.3480392156862745,win
deep_sensitivity,Deep sensitivity,RAP-MUSIC,15,-10,0.8872549019607844,0.7598039215686274,0.12745098039215697,win
deep_sensitivity,Deep sensitivity,RAP-MUSIC,15,-5,0.8627450980392157,0.8039215686274509,0.05882352941176483,win
deep_sensitivity,Deep sensitivity,RAP-MUSIC,15,0,0.9313725490196078,0.7598039215686274,0.17156862745098034,win
deep_sensitivity,Deep sensitivity,RAP-MUSIC,15,5,0.926470588235294,0.7647058823529411,0.16176470588235292,win
deep_sensitivity,Deep sensitivity,RAP-MUSIC,15,10,0.9215686274509803,0.7598039215686274,0.16176470588235292,win
deep_sensitivity,Deep sensitivity,RAP-MUSIC,15,15,0.9362745098039215,0.6372549019607844,0.2990196078431371,win
deep_sensitivity,Deep sensitivity,RAP-MUSIC,15,20,0.9411764705882352,0.5882352941176471,0.3529411764705881,win
deep_sensitivity,Deep sensitivity,RAP-MUSIC,20,-10,0.9166666666666666,0.8088235294117646,0.10784313725490202,win
deep_sensitivity,Deep sensitivity,RAP-MUSIC,20,-5,0.926470588235294,0.7892156862745098,0.13725490196078427,win
deep_sensitivity,Deep sensitivity,RAP-MUSIC,20,0,0.9117647058823529,0.8088235294117646,0.10294117647058831,win
deep_sensitivity,Deep sensitivity,RAP-MUSIC,20,5,0.9607843137254902,0.8039215686274509,0.15686274509803932,win
deep_sensitivity,Deep sensitivity,RAP-MUSIC,20,10,0.9411764705882352,0.7892156862745098,0.1519607843137254,win
deep_sensitivity,Deep sensitivity,RAP-MUSIC,20,15,0.9803921568627452,0.7647058823529411,0.21568627450980404,win
deep_sensitivity,Deep sensitivity,RAP-MUSIC,20,20,0.965686274509804,0.6715686274509803,0.2941176470588237,win
deep_sensitivity,Deep sensitivity,Dipole fitting (grid),-10,-10,0.39215686274509803,0.25,0.14215686274509803,win
deep_sensitivity,Deep sensitivity,Dipole fitting (grid),-10,-5,0.5,0.338235294117647,0.16176470588235298,win
deep_sensitivity,Deep sensitivity,Dipole fitting (grid),-10,0,0.5196078431372549,0.35784313725490197,0.16176470588235298,win
deep_sensitivity,Deep sensitivity,Dipole fitting (grid),-10,5,0.6176470588235294,0.40196078431372545,0.215686274509804,win
deep_sensitivity,Deep sensitivity,Dipole fitting (grid),-10,10,0.7107843137254902,0.4313725490196078,0.2794117647058824,win
deep_sensitivity,Deep sensitivity,Dipole fitting (grid),-10,15,0.8823529411764706,0.43137254901960786,0.4509803921568627,win
deep_sensitivity,Deep sensitivity,Dipole fitting (grid),-10,20,0.9117647058823529,0.4215686274509804,0.49019607843137253,win
deep_sensitivity,Deep sensitivity,Dipole fitting (grid),-5,-10,0.5147058823529412,0.3333333333333333,0.18137254901960792,win
deep_sensitivity,Deep sensitivity,Dipole fitting (grid),-5,-5,0.5833333333333334,0.34313725490196073,0.24019607843137264,win
deep_sensitivity,Deep sensitivity,Dipole fitting (grid),-5,0,0.6274509803921569,0.35294117647058826,0.2745098039215686,win
deep_sensitivity,Deep sensitivity,Dipole fitting (grid),-5,5,0.7254901960784313,0.4215686274509804,0.30392156862745096,win
deep_sensitivity,Deep sensitivity,Dipole fitting (grid),-5,10,0.7794117647058824,0.4509803921568627,0.32843137254901966,win
deep_sensitivity,Deep sensitivity,Dipole fitting (grid),-5,15,0.8333333333333334,0.4362745098039215,0.39705882352941185,win
deep_sensitivity,Deep sensitivity,Dipole fitting (grid),-5,20,0.8921568627450981,0.45588235294117646,0.43627450980392163,win
deep_sensitivity,Deep sensitivity,Dipole fitting (grid),0,-10,0.6323529411764706,0.35784313725490197,0.2745098039215686,win
deep_sensitivity,Deep sensitivity,Dipole fitting (grid),0,-5,0.7058823529411765,0.3676470588235294,0.33823529411764713,win
deep_sensitivity,Deep sensitivity,Dipole fitting (grid),0,0,0.7303921568627451,0.40196078431372545,0.3284313725490196,win
deep_sensitivity,Deep sensitivity,Dipole fitting (grid),0,5,0.7549019607843137,0.4362745098039216,0.31862745098039214,win
deep_sensitivity,Deep sensitivity,Dipole fitting (grid),0,10,0.8186274509803922,0.4411764705882353,0.37745098039215697,win
deep_sensitivity,Deep sensitivity,Dipole fitting (grid),0,15,0.8627450980392157,0.46078431372549017,0.40196078431372556,win
deep_sensitivity,Deep sensitivity,Dipole fitting (grid),0,20,0.9117647058823529,0.41176470588235287,0.5,win
deep_sensitivity,Deep sensitivity,Dipole fitting (grid),5,-10,0.7401960784313726,0.446078431372549,0.2941176470588236,win
deep_sensitivity,Deep sensitivity,Dipole fitting (grid),5,-5,0.7794117647058824,0.4754901960784313,0.30392156862745107,win
deep_sensitivity,Deep sensitivity,Dipole fitting (grid),5,0,0.8137254901960783,0.46078431372549017,0.35294117647058815,win
deep_sensitivity,Deep sensitivity,Dipole fitting (grid),5,5,0.8480392156862746,0.4852941176470589,0.36274509803921573,win
deep_sensitivity,Deep sensitivity,Dipole fitting (grid),5,10,0.8774509803921569,0.4705882352941177,0.40686274509803916,win
deep_sensitivity,Deep sensitivity,Dipole fitting (grid),5,15,0.9019607843137254,0.465686274509804,0.4362745098039214,win
deep_sensitivity,Deep sensitivity,Dipole fitting (grid),5,20,0.9068627450980392,0.4705882352941176,0.43627450980392163,win
deep_sensitivity,Deep sensitivity,Dipole fitting (grid),10,-10,0.7941176470588235,0.5098039215686274,0.28431372549019607,win
deep_sensitivity,Deep sensitivity,Dipole fitting (grid),10,-5,0.8480392156862745,0.5049019607843137,0.3431372549019608,win
deep_sensitivity,Deep sensitivity,Dipole fitting (grid),10,0,0.8186274509803922,0.5147058823529412,0.303921568627451,win
deep_sensitivity,Deep sensitivity,Dipole fitting (grid),10,5,0.9117647058823529,0.5294117647058824,0.38235294117647056,win
deep_sensitivity,Deep sensitivity,Dipole fitting (grid),10,10,0.9509803921568626,0.49019607843137253,0.46078431372549006,win
deep_sensitivity,Deep sensitivity,Dipole fitting (grid),10,15,0.9362745098039215,0.446078431372549,0.4901960784313725,win
deep_sensitivity,Deep sensitivity,Dipole fitting (grid),10,20,0.9117647058823529,0.446078431372549,0.46568627450980393,win
deep_sensitivity,Deep sensitivity,Dipole fitting (grid),15,-10,0.8872549019607844,0.5343137254901961,0.3529411764705883,win
deep_sensitivity,Deep sensitivity,Dipole fitting (grid),15,-5,0.8627450980392157,0.553921568627451,0.3088235294117647,win
deep_sensitivity,Deep sensitivity,Dipole fitting (grid),15,0,0.9313725490196078,0.5147058823529412,0.4166666666666665,win
deep_sensitivity,Deep sensitivity,Dipole fitting (grid),15,5,0.926470588235294,0.5294117647058824,0.3970588235294117,win
deep_sensitivity,Deep sensitivity,Dipole fitting (grid),15,10,0.9215686274509803,0.5245098039215687,0.3970588235294117,win
deep_sensitivity,Deep sensitivity,Dipole fitting (grid),15,15,0.9362745098039215,0.5196078431372549,0.4166666666666665,win
deep_sensitivity,Deep sensitivity,Dipole fitting (grid),15,20,0.9411764705882352,0.4362745098039215,0.5049019607843137,win
deep_sensitivity,Deep sensitivity,Dipole fitting (grid),20,-10,0.9166666666666666,0.5,0.41666666666666663,win
deep_sensitivity,Deep sensitivity,Dipole fitting (grid),20,-5,0.926470588235294,0.5245098039215687,0.4019607843137254,win
deep_sensitivity,Deep sensitivity,Dipole fitting (grid),20,0,0.9117647058823529,0.5196078431372548,0.3921568627450981,win
deep_sensitivity,Deep sensitivity,Dipole fitting (grid),20,5,0.9607843137254902,0.5098039215686274,0.4509803921568628,win
deep_sensitivity,Deep sensitivity,Dipole fitting (grid),20,10,0.9411764705882352,0.5784313725490197,0.3627450980392155,win
deep_sensitivity,Deep sensitivity,Dipole fitting (grid),20,15,0.9803921568627452,0.5245098039215687,0.4558823529411765,win
deep_sensitivity,Deep sensitivity,Dipole fitting (grid),20,20,0.965686274509804,0.5,0.46568627450980404,win
deep_specificity,Deep specificity,dSPM,-10,-10,0.9852941176470589,0.0,0.9852941176470589,win
deep_specificity,Deep specificity,dSPM,-10,-5,0.9852941176470589,0.0,0.9852941176470589,win
deep_specificity,Deep specificity,dSPM,-10,0,0.9852941176470589,0.0,0.9852941176470589,win
deep_specificity,Deep specificity,dSPM,-10,5,0.9852941176470589,0.0,0.9852941176470589,win
deep_specificity,Deep specificity,dSPM,-10,10,0.9411764705882353,0.10294117647058823,0.8382352941176471,win
deep_specificity,Deep specificity,dSPM,-10,15,0.9411764705882353,0.10294117647058823,0.8382352941176471,win
deep_specificity,Deep specificity,dSPM,-10,20,0.9411764705882353,0.08823529411764706,0.8529411764705882,win
deep_specificity,Deep specificity,dSPM,-5,-10,1.0,0.0,1.0,win
deep_specificity,Deep specificity,dSPM,-5,-5,1.0,0.0,1.0,win
deep_specificity,Deep specificity,dSPM,-5,0,1.0,0.0,1.0,win
deep_specificity,Deep specificity,dSPM,-5,5,1.0,0.058823529411764705,0.9411764705882353,win
deep_specificity,Deep specificity,dSPM,-5,10,0.9852941176470589,0.1323529411764706,0.8529411764705883,win
deep_specificity,Deep specificity,dSPM,-5,15,0.9264705882352942,0.20588235294117646,0.7205882352941178,win
deep_specificity,Deep specificity,dSPM,-5,20,0.9264705882352942,0.16176470588235295,0.7647058823529412,win
deep_specificity,Deep specificity,dSPM,0,-10,1.0,0.0,1.0,win
deep_specificity,Deep specificity,dSPM,0,-5,1.0,0.0,1.0,win
deep_specificity,Deep specificity,dSPM,0,0,1.0,0.014705882352941176,0.9852941176470589,win
deep_specificity,Deep specificity,dSPM,0,5,1.0,0.07352941176470588,0.9264705882352942,win
deep_specificity,Deep specificity,dSPM,0,10,0.9558823529411765,0.11764705882352941,0.8382352941176471,win
deep_specificity,Deep specificity,dSPM,0,15,0.9558823529411765,0.20588235294117646,0.75,win
deep_specificity,Deep specificity,dSPM,0,20,0.9264705882352942,0.17647058823529413,0.75,win
deep_specificity,Deep specificity,dSPM,5,-10,0.9852941176470589,0.0,0.9852941176470589,win
deep_specificity,Deep specificity,dSPM,5,-5,1.0,0.0,1.0,win
deep_specificity,Deep specificity,dSPM,5,0,0.9852941176470589,0.04411764705882353,0.9411764705882354,win
deep_specificity,Deep specificity,dSPM,5,5,1.0,0.07352941176470588,0.9264705882352942,win
deep_specificity,Deep specificity,dSPM,5,10,1.0,0.14705882352941177,0.8529411764705882,win
deep_specificity,Deep specificity,dSPM,5,15,0.9852941176470589,0.17647058823529413,0.8088235294117647,win
deep_specificity,Deep specificity,dSPM,5,20,0.9558823529411765,0.19117647058823528,0.7647058823529412,win
deep_specificity,Deep specificity,dSPM,10,-10,0.9705882352941176,0.04411764705882353,0.9264705882352942,win
deep_specificity,Deep specificity,dSPM,10,-5,1.0,0.029411764705882353,0.9705882352941176,win
deep_specificity,Deep specificity,dSPM,10,0,1.0,0.058823529411764705,0.9411764705882353,win
deep_specificity,Deep specificity,dSPM,10,5,0.9852941176470589,0.08823529411764706,0.8970588235294118,win
deep_specificity,Deep specificity,dSPM,10,10,1.0,0.10294117647058823,0.8970588235294118,win
deep_specificity,Deep specificity,dSPM,10,15,0.9852941176470589,0.16176470588235295,0.823529411764706,win
deep_specificity,Deep specificity,dSPM,10,20,0.9558823529411765,0.20588235294117646,0.75,win
deep_specificity,Deep specificity,dSPM,15,-10,0.9705882352941176,0.04411764705882353,0.9264705882352942,win
deep_specificity,Deep specificity,dSPM,15,-5,1.0,0.07352941176470588,0.9264705882352942,win
deep_specificity,Deep specificity,dSPM,15,0,1.0,0.08823529411764706,0.9117647058823529,win
deep_specificity,Deep specificity,dSPM,15,5,0.9852941176470589,0.07352941176470588,0.911764705882353,win
deep_specificity,Deep specificity,dSPM,15,10,1.0,0.11764705882352941,0.8823529411764706,win
deep_specificity,Deep specificity,dSPM,15,15,0.9705882352941176,0.14705882352941177,0.8235294117647058,win
deep_specificity,Deep specificity,dSPM,15,20,0.9264705882352942,0.11764705882352941,0.8088235294117647,win
deep_specificity,Deep specificity,dSPM,20,-10,0.9852941176470589,0.058823529411764705,0.9264705882352942,win
deep_specificity,Deep specificity,dSPM,20,-5,0.9411764705882353,0.04411764705882353,0.8970588235294118,win
deep_specificity,Deep specificity,dSPM,20,0,0.9852941176470589,0.029411764705882353,0.9558823529411765,win
deep_specificity,Deep specificity,dSPM,20,5,0.9558823529411765,0.08823529411764706,0.8676470588235294,win
deep_specificity,Deep specificity,dSPM,20,10,1.0,0.08823529411764706,0.9117647058823529,win
deep_specificity,Deep specificity,dSPM,20,15,0.9852941176470589,0.11764705882352941,0.8676470588235294,win
deep_specificity,Deep specificity,dSPM,20,20,0.9411764705882353,0.19117647058823528,0.75,win
deep_specificity,Deep specificity,eLORETA,-10,-10,0.9852941176470589,0.0,0.9852941176470589,win
deep_specificity,Deep specificity,eLORETA,-10,-5,0.9852941176470589,0.0,0.9852941176470589,win
deep_specificity,Deep specificity,eLORETA,-10,0,0.9852941176470589,0.0,0.9852941176470589,win
deep_specificity,Deep specificity,eLORETA,-10,5,0.9852941176470589,0.0,0.9852941176470589,win
deep_specificity,Deep specificity,eLORETA,-10,10,0.9411764705882353,0.029411764705882353,0.9117647058823529,win
deep_specificity,Deep specificity,eLORETA,-10,15,0.9411764705882353,0.014705882352941176,0.9264705882352942,win
deep_specificity,Deep specificity,eLORETA,-10,20,0.9411764705882353,0.014705882352941176,0.9264705882352942,win
deep_specificity,Deep specificity,eLORETA,-5,-10,1.0,0.0,1.0,win
deep_specificity,Deep specificity,eLORETA,-5,-5,1.0,0.0,1.0,win
deep_specificity,Deep specificity,eLORETA,-5,0,1.0,0.029411764705882353,0.9705882352941176,win
deep_specificity,Deep specificity,eLORETA,-5,5,1.0,0.07352941176470588,0.9264705882352942,win
deep_specificity,Deep specificity,eLORETA,-5,10,0.9852941176470589,0.07352941176470588,0.911764705882353,win
deep_specificity,Deep specificity,eLORETA,-5,15,0.9264705882352942,0.04411764705882353,0.8823529411764707,win
deep_specificity,Deep specificity,eLORETA,-5,20,0.9264705882352942,0.029411764705882353,0.8970588235294118,win
deep_specificity,Deep specificity,eLORETA,0,-10,1.0,0.0,1.0,win
deep_specificity,Deep specificity,eLORETA,0,-5,1.0,0.014705882352941176,0.9852941176470589,win
deep_specificity,Deep specificity,eLORETA,0,0,1.0,0.058823529411764705,0.9411764705882353,win
deep_specificity,Deep specificity,eLORETA,0,5,1.0,0.11764705882352941,0.8823529411764706,win
deep_specificity,Deep specificity,eLORETA,0,10,0.9558823529411765,0.14705882352941177,0.8088235294117647,win
deep_specificity,Deep specificity,eLORETA,0,15,0.9558823529411765,0.16176470588235295,0.7941176470588236,win
deep_specificity,Deep specificity,eLORETA,0,20,0.9264705882352942,0.07352941176470588,0.8529411764705883,win
deep_specificity,Deep specificity,eLORETA,5,-10,0.9852941176470589,0.014705882352941176,0.9705882352941178,win
deep_specificity,Deep specificity,eLORETA,5,-5,1.0,0.058823529411764705,0.9411764705882353,win
deep_specificity,Deep specificity,eLORETA,5,0,0.9852941176470589,0.08823529411764706,0.8970588235294118,win
deep_specificity,Deep specificity,eLORETA,5,5,1.0,0.16176470588235295,0.8382352941176471,win
deep_specificity,Deep specificity,eLORETA,5,10,1.0,0.19117647058823528,0.8088235294117647,win
deep_specificity,Deep specificity,eLORETA,5,15,0.9852941176470589,0.19117647058823528,0.7941176470588236,win
deep_specificity,Deep specificity,eLORETA,5,20,0.9558823529411765,0.1323529411764706,0.823529411764706,win
deep_specificity,Deep specificity,eLORETA,10,-10,0.9705882352941176,0.07352941176470588,0.8970588235294118,win
deep_specificity,Deep specificity,eLORETA,10,-5,1.0,0.1323529411764706,0.8676470588235294,win
deep_specificity,Deep specificity,eLORETA,10,0,1.0,0.14705882352941177,0.8529411764705882,win
deep_specificity,Deep specificity,eLORETA,10,5,0.9852941176470589,0.17647058823529413,0.8088235294117647,win
deep_specificity,Deep specificity,eLORETA,10,10,1.0,0.22058823529411764,0.7794117647058824,win
deep_specificity,Deep specificity,eLORETA,10,15,0.9852941176470589,0.20588235294117646,0.7794117647058825,win
deep_specificity,Deep specificity,eLORETA,10,20,0.9558823529411765,0.19117647058823528,0.7647058823529412,win
deep_specificity,Deep specificity,eLORETA,15,-10,0.9705882352941176,0.10294117647058823,0.8676470588235294,win
deep_specificity,Deep specificity,eLORETA,15,-5,1.0,0.10294117647058823,0.8970588235294118,win
deep_specificity,Deep specificity,eLORETA,15,0,1.0,0.19117647058823528,0.8088235294117647,win
deep_specificity,Deep specificity,eLORETA,15,5,0.9852941176470589,0.17647058823529413,0.8088235294117647,win
deep_specificity,Deep specificity,eLORETA,15,10,1.0,0.22058823529411764,0.7794117647058824,win
deep_specificity,Deep specificity,eLORETA,15,15,0.9705882352941176,0.23529411764705882,0.7352941176470589,win
deep_specificity,Deep specificity,eLORETA,15,20,0.9264705882352942,0.19117647058823528,0.7352941176470589,win
deep_specificity,Deep specificity,eLORETA,20,-10,0.9852941176470589,0.058823529411764705,0.9264705882352942,win
deep_specificity,Deep specificity,eLORETA,20,-5,0.9411764705882353,0.11764705882352941,0.8235294117647058,win
deep_specificity,Deep specificity,eLORETA,20,0,0.9852941176470589,0.17647058823529413,0.8088235294117647,win
deep_specificity,Deep specificity,eLORETA,20,5,0.9558823529411765,0.17647058823529413,0.7794117647058824,win
deep_specificity,Deep specificity,eLORETA,20,10,1.0,0.17647058823529413,0.8235294117647058,win
deep_specificity,Deep specificity,eLORETA,20,15,0.9852941176470589,0.23529411764705882,0.75,win
deep_specificity,Deep specificity,eLORETA,20,20,0.9411764705882353,0.23529411764705882,0.7058823529411764,win
deep_specificity,Deep specificity,sLORETA,-10,-10,0.9852941176470589,0.0,0.9852941176470589,win
deep_specificity,Deep specificity,sLORETA,-10,-5,0.9852941176470589,0.0,0.9852941176470589,win
deep_specificity,Deep specificity,sLORETA,-10,0,0.9852941176470589,0.0,0.9852941176470589,win
deep_specificity,Deep specificity,sLORETA,-10,5,0.9852941176470589,0.0,0.9852941176470589,win
deep_specificity,Deep specificity,sLORETA,-10,10,0.9411764705882353,0.0,0.9411764705882353,win
deep_specificity,Deep specificity,sLORETA,-10,15,0.9411764705882353,0.0,0.9411764705882353,win
deep_specificity,Deep specificity,sLORETA,-10,20,0.9411764705882353,0.0,0.9411764705882353,win
deep_specificity,Deep specificity,sLORETA,-5,-10,1.0,0.0,1.0,win
deep_specificity,Deep specificity,sLORETA,-5,-5,1.0,0.0,1.0,win
deep_specificity,Deep specificity,sLORETA,-5,0,1.0,0.0,1.0,win
deep_specificity,Deep specificity,sLORETA,-5,5,1.0,0.0,1.0,win
deep_specificity,Deep specificity,sLORETA,-5,10,0.9852941176470589,0.0,0.9852941176470589,win
deep_specificity,Deep specificity,sLORETA,-5,15,0.9264705882352942,0.0,0.9264705882352942,win
deep_specificity,Deep specificity,sLORETA,-5,20,0.9264705882352942,0.0,0.9264705882352942,win
deep_specificity,Deep specificity,sLORETA,0,-10,1.0,0.0,1.0,win
deep_specificity,Deep specificity,sLORETA,0,-5,1.0,0.0,1.0,win
deep_specificity,Deep specificity,sLORETA,0,0,1.0,0.0,1.0,win
deep_specificity,Deep specificity,sLORETA,0,5,1.0,0.0,1.0,win
deep_specificity,Deep specificity,sLORETA,0,10,0.9558823529411765,0.0,0.9558823529411765,win
deep_specificity,Deep specificity,sLORETA,0,15,0.9558823529411765,0.029411764705882353,0.9264705882352942,win
deep_specificity,Deep specificity,sLORETA,0,20,0.9264705882352942,0.014705882352941176,0.911764705882353,win
deep_specificity,Deep specificity,sLORETA,5,-10,0.9852941176470589,0.0,0.9852941176470589,win
deep_specificity,Deep specificity,sLORETA,5,-5,1.0,0.0,1.0,win
deep_specificity,Deep specificity,sLORETA,5,0,0.9852941176470589,0.0,0.9852941176470589,win
deep_specificity,Deep specificity,sLORETA,5,5,1.0,0.029411764705882353,0.9705882352941176,win
deep_specificity,Deep specificity,sLORETA,5,10,1.0,0.04411764705882353,0.9558823529411765,win
deep_specificity,Deep specificity,sLORETA,5,15,0.9852941176470589,0.04411764705882353,0.9411764705882354,win
deep_specificity,Deep specificity,sLORETA,5,20,0.9558823529411765,0.014705882352941176,0.9411764705882354,win
deep_specificity,Deep specificity,sLORETA,10,-10,0.9705882352941176,0.0,0.9705882352941176,win
deep_specificity,Deep specificity,sLORETA,10,-5,1.0,0.029411764705882353,0.9705882352941176,win
deep_specificity,Deep specificity,sLORETA,10,0,1.0,0.029411764705882353,0.9705882352941176,win
deep_specificity,Deep specificity,sLORETA,10,5,0.9852941176470589,0.08823529411764706,0.8970588235294118,win
deep_specificity,Deep specificity,sLORETA,10,10,1.0,0.07352941176470588,0.9264705882352942,win
deep_specificity,Deep specificity,sLORETA,10,15,0.9852941176470589,0.029411764705882353,0.9558823529411765,win
deep_specificity,Deep specificity,sLORETA,10,20,0.9558823529411765,0.058823529411764705,0.8970588235294118,win
deep_specificity,Deep specificity,sLORETA,15,-10,0.9705882352941176,0.014705882352941176,0.9558823529411765,win
deep_specificity,Deep specificity,sLORETA,15,-5,1.0,0.04411764705882353,0.9558823529411765,win
deep_specificity,Deep specificity,sLORETA,15,0,1.0,0.04411764705882353,0.9558823529411765,win
deep_specificity,Deep specificity,sLORETA,15,5,0.9852941176470589,0.08823529411764706,0.8970588235294118,win
deep_specificity,Deep specificity,sLORETA,15,10,1.0,0.07352941176470588,0.9264705882352942,win
deep_specificity,Deep specificity,sLORETA,15,15,0.9705882352941176,0.10294117647058823,0.8676470588235294,win
deep_specificity,Deep specificity,sLORETA,15,20,0.9264705882352942,0.10294117647058823,0.823529411764706,win
deep_specificity,Deep specificity,sLORETA,20,-10,0.9852941176470589,0.029411764705882353,0.9558823529411765,win
deep_specificity,Deep specificity,sLORETA,20,-5,0.9411764705882353,0.014705882352941176,0.9264705882352942,win
deep_specificity,Deep specificity,sLORETA,20,0,0.9852941176470589,0.04411764705882353,0.9411764705882354,win
deep_specificity,Deep specificity,sLORETA,20,5,0.9558823529411765,0.058823529411764705,0.8970588235294118,win
deep_specificity,Deep specificity,sLORETA,20,10,1.0,0.17647058823529413,0.8235294117647058,win
deep_specificity,Deep specificity,sLORETA,20,15,0.9852941176470589,0.11764705882352941,0.8676470588235294,win
deep_specificity,Deep specificity,sLORETA,20,20,0.9411764705882353,0.07352941176470588,0.8676470588235294,win
deep_specificity,Deep specificity,MNE,-10,-10,0.9852941176470589,0.014705882352941176,0.9705882352941178,win
deep_specificity,Deep specificity,MNE,-10,-5,0.9852941176470589,0.0,0.9852941176470589,win
deep_specificity,Deep specificity,MNE,-10,0,0.9852941176470589,0.0,0.9852941176470589,win
deep_specificity,Deep specificity,MNE,-10,5,0.9852941176470589,0.04411764705882353,0.9411764705882354,win
deep_specificity,Deep specificity,MNE,-10,10,0.9411764705882353,0.11764705882352941,0.8235294117647058,win
deep_specificity,Deep specificity,MNE,-10,15,0.9411764705882353,0.1323529411764706,0.8088235294117647,win
deep_specificity,Deep specificity,MNE,-10,20,0.9411764705882353,0.10294117647058823,0.8382352941176471,win
deep_specificity,Deep specificity,MNE,-5,-10,1.0,0.029411764705882353,0.9705882352941176,win
deep_specificity,Deep specificity,MNE,-5,-5,1.0,0.029411764705882353,0.9705882352941176,win
deep_specificity,Deep specificity,MNE,-5,0,1.0,0.029411764705882353,0.9705882352941176,win
deep_specificity,Deep specificity,MNE,-5,5,1.0,0.10294117647058823,0.8970588235294118,win
deep_specificity,Deep specificity,MNE,-5,10,0.9852941176470589,0.20588235294117646,0.7794117647058825,win
deep_specificity,Deep specificity,MNE,-5,15,0.9264705882352942,0.19117647058823528,0.7352941176470589,win
deep_specificity,Deep specificity,MNE,-5,20,0.9264705882352942,0.11764705882352941,0.8088235294117647,win
deep_specificity,Deep specificity,MNE,0,-10,1.0,0.1323529411764706,0.8676470588235294,win
deep_specificity,Deep specificity,MNE,0,-5,1.0,0.1323529411764706,0.8676470588235294,win
deep_specificity,Deep specificity,MNE,0,0,1.0,0.08823529411764706,0.9117647058823529,win
deep_specificity,Deep specificity,MNE,0,5,1.0,0.14705882352941177,0.8529411764705882,win
deep_specificity,Deep specificity,MNE,0,10,0.9558823529411765,0.2647058823529412,0.6911764705882353,win
deep_specificity,Deep specificity,MNE,0,15,0.9558823529411765,0.3235294117647059,0.6323529411764706,win
deep_specificity,Deep specificity,MNE,0,20,0.9264705882352942,0.22058823529411764,0.7058823529411765,win
deep_specificity,Deep specificity,MNE,5,-10,0.9852941176470589,0.29411764705882354,0.6911764705882353,win
deep_specificity,Deep specificity,MNE,5,-5,1.0,0.27941176470588236,0.7205882352941176,win
deep_specificity,Deep specificity,MNE,5,0,0.9852941176470589,0.25,0.7352941176470589,win
deep_specificity,Deep specificity,MNE,5,5,1.0,0.19117647058823528,0.8088235294117647,win
deep_specificity,Deep specificity,MNE,5,10,1.0,0.25,0.75,win
deep_specificity,Deep specificity,MNE,5,15,0.9852941176470589,0.35294117647058826,0.6323529411764706,win
deep_specificity,Deep specificity,MNE,5,20,0.9558823529411765,0.3088235294117647,0.6470588235294118,win
deep_specificity,Deep specificity,MNE,10,-10,0.9705882352941176,0.38235294117647056,0.5882352941176471,win
deep_specificity,Deep specificity,MNE,10,-5,1.0,0.38235294117647056,0.6176470588235294,win
deep_specificity,Deep specificity,MNE,10,0,1.0,0.4264705882352941,0.5735294117647058,win
deep_specificity,Deep specificity,MNE,10,5,0.9852941176470589,0.3088235294117647,0.6764705882352942,win
deep_specificity,Deep specificity,MNE,10,10,1.0,0.23529411764705882,0.7647058823529411,win
deep_specificity,Deep specificity,MNE,10,15,0.9852941176470589,0.29411764705882354,0.6911764705882353,win
deep_specificity,Deep specificity,MNE,10,20,0.9558823529411765,0.35294117647058826,0.6029411764705883,win
deep_specificity,Deep specificity,MNE,15,-10,0.9705882352941176,0.38235294117647056,0.5882352941176471,win
deep_specificity,Deep specificity,MNE,15,-5,1.0,0.45588235294117646,0.5441176470588236,win
deep_specificity,Deep specificity,MNE,15,0,1.0,0.4411764705882353,0.5588235294117647,win
deep_specificity,Deep specificity,MNE,15,5,0.9852941176470589,0.4117647058823529,0.573529411764706,win
deep_specificity,Deep specificity,MNE,15,10,1.0,0.38235294117647056,0.6176470588235294,win
deep_specificity,Deep specificity,MNE,15,15,0.9705882352941176,0.27941176470588236,0.6911764705882353,win
deep_specificity,Deep specificity,MNE,15,20,0.9264705882352942,0.25,0.6764705882352942,win
deep_specificity,Deep specificity,MNE,20,-10,0.9852941176470589,0.39705882352941174,0.5882352941176472,win
deep_specificity,Deep specificity,MNE,20,-5,0.9411764705882353,0.4852941176470588,0.45588235294117646,win
deep_specificity,Deep specificity,MNE,20,0,0.9852941176470589,0.4264705882352941,0.5588235294117647,win
deep_specificity,Deep specificity,MNE,20,5,0.9558823529411765,0.4852941176470588,0.4705882352941177,win
deep_specificity,Deep specificity,MNE,20,10,1.0,0.4117647058823529,0.5882352941176471,win
deep_specificity,Deep specificity,MNE,20,15,0.9852941176470589,0.36764705882352944,0.6176470588235294,win
deep_specificity,Deep specificity,MNE,20,20,0.9411764705882353,0.3235294117647059,0.6176470588235294,win
deep_specificity,Deep specificity,LCMV,-10,-10,0.9852941176470589,1.0,-0.014705882352941124,loss
deep_specificity,Deep specificity,LCMV,-10,-5,0.9852941176470589,1.0,-0.014705882352941124,loss
deep_specificity,Deep specificity,LCMV,-10,0,0.9852941176470589,1.0,-0.014705882352941124,loss
deep_specificity,Deep specificity,LCMV,-10,5,0.9852941176470589,1.0,-0.014705882352941124,loss
deep_specificity,Deep specificity,LCMV,-10,10,0.9411764705882353,0.8235294117647058,0.11764705882352944,win
deep_specificity,Deep specificity,LCMV,-10,15,0.9411764705882353,0.10294117647058823,0.8382352941176471,win
deep_specificity,Deep specificity,LCMV,-10,20,0.9411764705882353,0.0,0.9411764705882353,win
deep_specificity,Deep specificity,LCMV,-5,-10,1.0,1.0,0.0,tie
deep_specificity,Deep specificity,LCMV,-5,-5,1.0,1.0,0.0,tie
deep_specificity,Deep specificity,LCMV,-5,0,1.0,1.0,0.0,tie
deep_specificity,Deep specificity,LCMV,-5,5,1.0,1.0,0.0,tie
deep_specificity,Deep specificity,LCMV,-5,10,0.9852941176470589,0.7794117647058824,0.20588235294117652,win
deep_specificity,Deep specificity,LCMV,-5,15,0.9264705882352942,0.11764705882352941,0.8088235294117647,win
deep_specificity,Deep specificity,LCMV,-5,20,0.9264705882352942,0.0,0.9264705882352942,win
deep_specificity,Deep specificity,LCMV,0,-10,1.0,1.0,0.0,tie
deep_specificity,Deep specificity,LCMV,0,-5,1.0,1.0,0.0,tie
deep_specificity,Deep specificity,LCMV,0,0,1.0,1.0,0.0,tie
deep_specificity,Deep specificity,LCMV,0,5,1.0,1.0,0.0,tie
deep_specificity,Deep specificity,LCMV,0,10,0.9558823529411765,0.7647058823529411,0.1911764705882354,win
deep_specificity,Deep specificity,LCMV,0,15,0.9558823529411765,0.1323529411764706,0.823529411764706,win
deep_specificity,Deep specificity,LCMV,0,20,0.9264705882352942,0.0,0.9264705882352942,win
deep_specificity,Deep specificity,LCMV,5,-10,0.9852941176470589,1.0,-0.014705882352941124,loss
deep_specificity,Deep specificity,LCMV,5,-5,1.0,1.0,0.0,tie
deep_specificity,Deep specificity,LCMV,5,0,0.9852941176470589,1.0,-0.014705882352941124,loss
deep_specificity,Deep specificity,LCMV,5,5,1.0,1.0,0.0,tie
deep_specificity,Deep specificity,LCMV,5,10,1.0,0.6911764705882353,0.3088235294117647,win
deep_specificity,Deep specificity,LCMV,5,15,0.9852941176470589,0.16176470588235295,0.823529411764706,win
deep_specificity,Deep specificity,LCMV,5,20,0.9558823529411765,0.0,0.9558823529411765,win
deep_specificity,Deep specificity,LCMV,10,-10,0.9705882352941176,0.9558823529411765,0.014705882352941124,win
deep_specificity,Deep specificity,LCMV,10,-5,1.0,0.9705882352941176,0.02941176470588236,win
deep_specificity,Deep specificity,LCMV,10,0,1.0,1.0,0.0,tie
deep_specificity,Deep specificity,LCMV,10,5,0.9852941176470589,0.9558823529411765,0.02941176470588236,win
deep_specificity,Deep specificity,LCMV,10,10,1.0,0.6764705882352942,0.32352941176470584,win
deep_specificity,Deep specificity,LCMV,10,15,0.9852941176470589,0.07352941176470588,0.911764705882353,win
deep_specificity,Deep specificity,LCMV,10,20,0.9558823529411765,0.0,0.9558823529411765,win
deep_specificity,Deep specificity,LCMV,15,-10,0.9705882352941176,0.7794117647058824,0.19117647058823528,win
deep_specificity,Deep specificity,LCMV,15,-5,1.0,0.7941176470588235,0.20588235294117652,win
deep_specificity,Deep specificity,LCMV,15,0,1.0,0.7647058823529411,0.23529411764705888,win
deep_specificity,Deep specificity,LCMV,15,5,0.9852941176470589,0.7205882352941176,0.26470588235294124,win
deep_specificity,Deep specificity,LCMV,15,10,1.0,0.45588235294117646,0.5441176470588236,win
deep_specificity,Deep specificity,LCMV,15,15,0.9705882352941176,0.10294117647058823,0.8676470588235294,win
deep_specificity,Deep specificity,LCMV,15,20,0.9264705882352942,0.0,0.9264705882352942,win
deep_specificity,Deep specificity,LCMV,20,-10,0.9852941176470589,0.45588235294117646,0.5294117647058825,win
deep_specificity,Deep specificity,LCMV,20,-5,0.9411764705882353,0.39705882352941174,0.5441176470588236,win
deep_specificity,Deep specificity,LCMV,20,0,0.9852941176470589,0.47058823529411764,0.5147058823529412,win
deep_specificity,Deep specificity,LCMV,20,5,0.9558823529411765,0.38235294117647056,0.573529411764706,win
deep_specificity,Deep specificity,LCMV,20,10,1.0,0.2647058823529412,0.7352941176470589,win
deep_specificity,Deep specificity,LCMV,20,15,0.9852941176470589,0.04411764705882353,0.9411764705882354,win
deep_specificity,Deep specificity,LCMV,20,20,0.9411764705882353,0.0,0.9411764705882353,win
deep_specificity,Deep specificity,RAP-MUSIC,-10,-10,0.9852941176470589,1.0,-0.014705882352941124,loss
deep_specificity,Deep specificity,RAP-MUSIC,-10,-5,0.9852941176470589,1.0,-0.014705882352941124,loss
deep_specificity,Deep specificity,RAP-MUSIC,-10,0,0.9852941176470589,1.0,-0.014705882352941124,loss
deep_specificity,Deep specificity,RAP-MUSIC,-10,5,0.9852941176470589,0.9852941176470589,0.0,tie
deep_specificity,Deep specificity,RAP-MUSIC,-10,10,0.9411764705882353,1.0,-0.05882352941176472,loss
deep_specificity,Deep specificity,RAP-MUSIC,-10,15,0.9411764705882353,1.0,-0.05882352941176472,loss
deep_specificity,Deep specificity,RAP-MUSIC,-10,20,0.9411764705882353,0.9852941176470589,-0.044117647058823595,loss
deep_specificity,Deep specificity,RAP-MUSIC,-5,-10,1.0,1.0,0.0,tie
deep_specificity,Deep specificity,RAP-MUSIC,-5,-5,1.0,1.0,0.0,tie
deep_specificity,Deep specificity,RAP-MUSIC,-5,0,1.0,1.0,0.0,tie
deep_specificity,Deep specificity,RAP-MUSIC,-5,5,1.0,1.0,0.0,tie
deep_specificity,Deep specificity,RAP-MUSIC,-5,10,0.9852941176470589,1.0,-0.014705882352941124,loss
deep_specificity,Deep specificity,RAP-MUSIC,-5,15,0.9264705882352942,1.0,-0.07352941176470584,loss
deep_specificity,Deep specificity,RAP-MUSIC,-5,20,0.9264705882352942,0.9852941176470589,-0.05882352941176472,loss
deep_specificity,Deep specificity,RAP-MUSIC,0,-10,1.0,1.0,0.0,tie
deep_specificity,Deep specificity,RAP-MUSIC,0,-5,1.0,1.0,0.0,tie
deep_specificity,Deep specificity,RAP-MUSIC,0,0,1.0,1.0,0.0,tie
deep_specificity,Deep specificity,RAP-MUSIC,0,5,1.0,1.0,0.0,tie
deep_specificity,Deep specificity,RAP-MUSIC,0,10,0.9558823529411765,1.0,-0.044117647058823484,loss
deep_specificity,Deep specificity,RAP-MUSIC,0,15,0.9558823529411765,1.0,-0.044117647058823484,loss
deep_specificity,Deep specificity,RAP-MUSIC,0,20,0.9264705882352942,1.0,-0.07352941176470584,loss
deep_specificity,Deep specificity,RAP-MUSIC,5,-10,0.9852941176470589,1.0,-0.014705882352941124,loss
deep_specificity,Deep specificity,RAP-MUSIC,5,-5,1.0,1.0,0.0,tie
deep_specificity,Deep specificity,RAP-MUSIC,5,0,0.9852941176470589,1.0,-0.014705882352941124,loss
deep_specificity,Deep specificity,RAP-MUSIC,5,5,1.0,1.0,0.0,tie
deep_specificity,Deep specificity,RAP-MUSIC,5,10,1.0,1.0,0.0,tie
deep_specificity,Deep specificity,RAP-MUSIC,5,15,0.9852941176470589,1.0,-0.014705882352941124,loss
deep_specificity,Deep specificity,RAP-MUSIC,5,20,0.9558823529411765,1.0,-0.044117647058823484,loss
deep_specificity,Deep specificity,RAP-MUSIC,10,-10,0.9705882352941176,1.0,-0.02941176470588236,loss
deep_specificity,Deep specificity,RAP-MUSIC,10,-5,1.0,1.0,0.0,tie
deep_specificity,Deep specificity,RAP-MUSIC,10,0,1.0,1.0,0.0,tie
deep_specificity,Deep specificity,RAP-MUSIC,10,5,0.9852941176470589,1.0,-0.014705882352941124,loss
deep_specificity,Deep specificity,RAP-MUSIC,10,10,1.0,1.0,0.0,tie
deep_specificity,Deep specificity,RAP-MUSIC,10,15,0.9852941176470589,1.0,-0.014705882352941124,loss
deep_specificity,Deep specificity,RAP-MUSIC,10,20,0.9558823529411765,0.9852941176470589,-0.02941176470588236,loss
deep_specificity,Deep specificity,RAP-MUSIC,15,-10,0.9705882352941176,1.0,-0.02941176470588236,loss
deep_specificity,Deep specificity,RAP-MUSIC,15,-5,1.0,1.0,0.0,tie
deep_specificity,Deep specificity,RAP-MUSIC,15,0,1.0,1.0,0.0,tie
deep_specificity,Deep specificity,RAP-MUSIC,15,5,0.9852941176470589,1.0,-0.014705882352941124,loss
deep_specificity,Deep specificity,RAP-MUSIC,15,10,1.0,1.0,0.0,tie
deep_specificity,Deep specificity,RAP-MUSIC,15,15,0.9705882352941176,1.0,-0.02941176470588236,loss
deep_specificity,Deep specificity,RAP-MUSIC,15,20,0.9264705882352942,1.0,-0.07352941176470584,loss
deep_specificity,Deep specificity,RAP-MUSIC,20,-10,0.9852941176470589,1.0,-0.014705882352941124,loss
deep_specificity,Deep specificity,RAP-MUSIC,20,-5,0.9411764705882353,1.0,-0.05882352941176472,loss
deep_specificity,Deep specificity,RAP-MUSIC,20,0,0.9852941176470589,1.0,-0.014705882352941124,loss
deep_specificity,Deep specificity,RAP-MUSIC,20,5,0.9558823529411765,1.0,-0.044117647058823484,loss
deep_specificity,Deep specificity,RAP-MUSIC,20,10,1.0,1.0,0.0,tie
deep_specificity,Deep specificity,RAP-MUSIC,20,15,0.9852941176470589,1.0,-0.014705882352941124,loss
deep_specificity,Deep specificity,RAP-MUSIC,20,20,0.9411764705882353,1.0,-0.05882352941176472,loss
deep_specificity,Deep specificity,Dipole fitting (grid),-10,-10,0.9852941176470589,1.0,-0.014705882352941124,loss
deep_specificity,Deep specificity,Dipole fitting (grid),-10,-5,0.9852941176470589,1.0,-0.014705882352941124,loss
deep_specificity,Deep specificity,Dipole fitting (grid),-10,0,0.9852941176470589,1.0,-0.014705882352941124,loss
deep_specificity,Deep specificity,Dipole fitting (grid),-10,5,0.9852941176470589,1.0,-0.014705882352941124,loss
deep_specificity,Deep specificity,Dipole fitting (grid),-10,10,0.9411764705882353,1.0,-0.05882352941176472,loss
deep_specificity,Deep specificity,Dipole fitting (grid),-10,15,0.9411764705882353,1.0,-0.05882352941176472,loss
deep_specificity,Deep specificity,Dipole fitting (grid),-10,20,0.9411764705882353,0.9852941176470589,-0.044117647058823595,loss
deep_specificity,Deep specificity,Dipole fitting (grid),-5,-10,1.0,1.0,0.0,tie
deep_specificity,Deep specificity,Dipole fitting (grid),-5,-5,1.0,1.0,0.0,tie
deep_specificity,Deep specificity,Dipole fitting (grid),-5,0,1.0,1.0,0.0,tie
deep_specificity,Deep specificity,Dipole fitting (grid),-5,5,1.0,1.0,0.0,tie
deep_specificity,Deep specificity,Dipole fitting (grid),-5,10,0.9852941176470589,1.0,-0.014705882352941124,loss
deep_specificity,Deep specificity,Dipole fitting (grid),-5,15,0.9264705882352942,1.0,-0.07352941176470584,loss
deep_specificity,Deep specificity,Dipole fitting (grid),-5,20,0.9264705882352942,1.0,-0.07352941176470584,loss
deep_specificity,Deep specificity,Dipole fitting (grid),0,-10,1.0,1.0,0.0,tie
deep_specificity,Deep specificity,Dipole fitting (grid),0,-5,1.0,1.0,0.0,tie
deep_specificity,Deep specificity,Dipole fitting (grid),0,0,1.0,1.0,0.0,tie
deep_specificity,Deep specificity,Dipole fitting (grid),0,5,1.0,1.0,0.0,tie
deep_specificity,Deep specificity,Dipole fitting (grid),0,10,0.9558823529411765,0.9852941176470589,-0.02941176470588236,loss
deep_specificity,Deep specificity,Dipole fitting (grid),0,15,0.9558823529411765,1.0,-0.044117647058823484,loss
deep_specificity,Deep specificity,Dipole fitting (grid),0,20,0.9264705882352942,1.0,-0.07352941176470584,loss
deep_specificity,Deep specificity,Dipole fitting (grid),5,-10,0.9852941176470589,1.0,-0.014705882352941124,loss
deep_specificity,Deep specificity,Dipole fitting (grid),5,-5,1.0,0.9852941176470589,0.014705882352941124,win
deep_specificity,Deep specificity,Dipole fitting (grid),5,0,0.9852941176470589,1.0,-0.014705882352941124,loss
deep_specificity,Deep specificity,Dipole fitting (grid),5,5,1.0,0.9852941176470589,0.014705882352941124,win
deep_specificity,Deep specificity,Dipole fitting (grid),5,10,1.0,1.0,0.0,tie
deep_specificity,Deep specificity,Dipole fitting (grid),5,15,0.9852941176470589,1.0,-0.014705882352941124,loss
deep_specificity,Deep specificity,Dipole fitting (grid),5,20,0.9558823529411765,1.0,-0.044117647058823484,loss
deep_specificity,Deep specificity,Dipole fitting (grid),10,-10,0.9705882352941176,1.0,-0.02941176470588236,loss
deep_specificity,Deep specificity,Dipole fitting (grid),10,-5,1.0,0.9852941176470589,0.014705882352941124,win
deep_specificity,Deep specificity,Dipole fitting (grid),10,0,1.0,1.0,0.0,tie
deep_specificity,Deep specificity,Dipole fitting (grid),10,5,0.9852941176470589,0.9852941176470589,0.0,tie
deep_specificity,Deep specificity,Dipole fitting (grid),10,10,1.0,0.9852941176470589,0.014705882352941124,win
deep_specificity,Deep specificity,Dipole fitting (grid),10,15,0.9852941176470589,1.0,-0.014705882352941124,loss
deep_specificity,Deep specificity,Dipole fitting (grid),10,20,0.9558823529411765,0.9852941176470589,-0.02941176470588236,loss
deep_specificity,Deep specificity,Dipole fitting (grid),15,-10,0.9705882352941176,1.0,-0.02941176470588236,loss
deep_specificity,Deep specificity,Dipole fitting (grid),15,-5,1.0,1.0,0.0,tie
deep_specificity,Deep specificity,Dipole fitting (grid),15,0,1.0,1.0,0.0,tie
deep_specificity,Deep specificity,Dipole fitting (grid),15,5,0.9852941176470589,0.9852941176470589,0.0,tie
deep_specificity,Deep specificity,Dipole fitting (grid),15,10,1.0,0.9852941176470589,0.014705882352941124,win
deep_specificity,Deep specificity,Dipole fitting (grid),15,15,0.9705882352941176,1.0,-0.02941176470588236,loss
deep_specificity,Deep specificity,Dipole fitting (grid),15,20,0.9264705882352942,1.0,-0.07352941176470584,loss
deep_specificity,Deep specificity,Dipole fitting (grid),20,-10,0.9852941176470589,1.0,-0.014705882352941124,loss
deep_specificity,Deep specificity,Dipole fitting (grid),20,-5,0.9411764705882353,1.0,-0.05882352941176472,loss
deep_specificity,Deep specificity,Dipole fitting (grid),20,0,0.9852941176470589,0.9852941176470589,0.0,tie
deep_specificity,Deep specificity,Dipole fitting (grid),20,5,0.9558823529411765,0.9852941176470589,-0.02941176470588236,loss
deep_specificity,Deep specificity,Dipole fitting (grid),20,10,1.0,1.0,0.0,tie
deep_specificity,Deep specificity,Dipole fitting (grid),20,15,0.9852941176470589,1.0,-0.014705882352941124,loss
deep_specificity,Deep specificity,Dipole fitting (grid),20,20,0.9411764705882353,0.9852941176470589,-0.044117647058823595,loss
deep_balanced_accuracy,Deep balanced accuracy,dSPM,-10,-10,0.6887254901960784,0.21691176470588236,0.47181372549019607,win
deep_balanced_accuracy,Deep balanced accuracy,dSPM,-10,-5,0.7426470588235294,0.21446078431372548,0.5281862745098039,win
deep_balanced_accuracy,Deep balanced accuracy,dSPM,-10,0,0.7524509803921569,0.22365196078431374,0.5287990196078431,win
deep_balanced_accuracy,Deep balanced accuracy,dSPM,-10,5,0.8014705882352942,0.2536764705882353,0.5477941176470589,win
deep_balanced_accuracy,Deep balanced accuracy,dSPM,-10,10,0.8259803921568627,0.28492647058823534,0.5410539215686274,win
deep_balanced_accuracy,Deep balanced accuracy,dSPM,-10,15,0.9117647058823529,0.2873774509803922,0.6243872549019607,win
deep_balanced_accuracy,Deep balanced accuracy,dSPM,-10,20,0.9264705882352942,0.2696078431372549,0.6568627450980393,win
deep_balanced_accuracy,Deep balanced accuracy,dSPM,-5,-10,0.7573529411764706,0.20343137254901963,0.5539215686274509,win
deep_balanced_accuracy,Deep balanced accuracy,dSPM,-5,-5,0.7916666666666667,0.2769607843137255,0.5147058823529412,win
deep_balanced_accuracy,Deep balanced accuracy,dSPM,-5,0,0.8137254901960784,0.24387254901960784,0.5698529411764706,win
deep_balanced_accuracy,Deep balanced accuracy,dSPM,-5,5,0.8627450980392157,0.26838235294117646,0.5943627450980393,win
deep_balanced_accuracy,Deep balanced accuracy,dSPM,-5,10,0.8823529411764706,0.3020833333333333,0.5802696078431373,win
deep_balanced_accuracy,Deep balanced accuracy,dSPM,-5,15,0.8799019607843137,0.34129901960784315,0.5386029411764706,win
deep_balanced_accuracy,Deep balanced accuracy,dSPM,-5,20,0.9093137254901962,0.2965686274509804,0.6127450980392157,win
deep_balanced_accuracy,Deep balanced accuracy,dSPM,0,-10,0.8161764705882353,0.24387254901960786,0.5723039215686274,win
deep_balanced_accuracy,Deep balanced accuracy,dSPM,0,-5,0.8529411764705883,0.2916666666666667,0.5612745098039216,win
deep_balanced_accuracy,Deep balanced accuracy,dSPM,0,0,0.8651960784313726,0.2555147058823529,0.6096813725490197,win
deep_balanced_accuracy,Deep balanced accuracy,dSPM,0,5,0.8774509803921569,0.2732843137254902,0.6041666666666666,win
deep_balanced_accuracy,Deep balanced accuracy,dSPM,0,10,0.8872549019607844,0.29044117647058826,0.5968137254901962,win
deep_balanced_accuracy,Deep balanced accuracy,dSPM,0,15,0.9093137254901962,0.35906862745098034,0.5502450980392158,win
deep_balanced_accuracy,Deep balanced accuracy,dSPM,0,20,0.9191176470588236,0.3290441176470588,0.5900735294117647,win
deep_balanced_accuracy,Deep balanced accuracy,dSPM,5,-10,0.8627450980392157,0.25796568627450983,0.6047794117647058,win
deep_balanced_accuracy,Deep balanced accuracy,dSPM,5,-5,0.8897058823529411,0.2763480392156863,0.6133578431372548,win
deep_balanced_accuracy,Deep balanced accuracy,dSPM,5,0,0.8995098039215685,0.27634803921568624,0.6231617647058822,win
deep_balanced_accuracy,Deep balanced accuracy,dSPM,5,5,0.9240196078431373,0.2904411764705882,0.6335784313725491,win
deep_balanced_accuracy,Deep balanced accuracy,dSPM,5,10,0.9387254901960784,0.30514705882352944,0.633578431372549,win
deep_balanced_accuracy,Deep balanced accuracy,dSPM,5,15,0.9436274509803921,0.3247549019607843,0.6188725490196079,win
deep_balanced_accuracy,Deep balanced accuracy,dSPM,5,20,0.9313725490196079,0.33149509803921573,0.5998774509803921,win
deep_balanced_accuracy,Deep balanced accuracy,dSPM,10,-10,0.8823529411764706,0.2959558823529411,0.5863970588235294,win
deep_balanced_accuracy,Deep balanced accuracy,dSPM,10,-5,0.9240196078431373,0.26348039215686275,0.6605392156862746,win
deep_balanced_accuracy,Deep balanced accuracy,dSPM,10,0,0.9093137254901962,0.3088235294117647,0.6004901960784315,win
deep_balanced_accuracy,Deep balanced accuracy,dSPM,10,5,0.9485294117647058,0.3229166666666667,0.6256127450980391,win
deep_balanced_accuracy,Deep balanced accuracy,dSPM,10,10,0.9754901960784312,0.31066176470588236,0.6648284313725489,win
deep_balanced_accuracy,Deep balanced accuracy,dSPM,10,15,0.9607843137254901,0.3272058823529412,0.633578431372549,win
deep_balanced_accuracy,Deep balanced accuracy,dSPM,10,20,0.9338235294117647,0.3443627450980392,0.5894607843137255,win
deep_balanced_accuracy,Deep balanced accuracy,dSPM,15,-10,0.928921568627451,0.24448529411764705,0.6844362745098039,win
deep_balanced_accuracy,Deep balanced accuracy,dSPM,15,-5,0.9313725490196079,0.2849264705882353,0.6464460784313726,win
deep_balanced_accuracy,Deep balanced accuracy,dSPM,15,0,0.9656862745098038,0.30024509803921573,0.6654411764705881,win
deep_balanced_accuracy,Deep balanced accuracy,dSPM,15,5,0.9558823529411764,0.3088235294117647,0.6470588235294117,win
deep_balanced_accuracy,Deep balanced accuracy,dSPM,15,10,0.9607843137254901,0.335171568627451,0.6256127450980391,win
deep_balanced_accuracy,Deep balanced accuracy,dSPM,15,15,0.9534313725490196,0.3308823529411765,0.622549019607843,win
deep_balanced_accuracy,Deep balanced accuracy,dSPM,15,20,0.9338235294117647,0.3026960784313726,0.6311274509803921,win
deep_balanced_accuracy,Deep balanced accuracy,dSPM,20,-10,0.9509803921568627,0.24693627450980393,0.7040441176470588,win
deep_balanced_accuracy,Deep balanced accuracy,dSPM,20,-5,0.9338235294117647,0.2340686274509804,0.6997549019607843,win
deep_balanced_accuracy,Deep balanced accuracy,dSPM,20,0,0.9485294117647058,0.24019607843137256,0.7083333333333333,win
deep_balanced_accuracy,Deep balanced accuracy,dSPM,20,5,0.9583333333333334,0.2977941176470589,0.6605392156862745,win
deep_balanced_accuracy,Deep balanced accuracy,dSPM,20,10,0.9705882352941175,0.30575980392156865,0.6648284313725489,win
deep_balanced_accuracy,Deep balanced accuracy,dSPM,20,15,0.982843137254902,0.3302696078431373,0.6525735294117647,win
deep_balanced_accuracy,Deep balanced accuracy,dSPM,20,20,0.9534313725490197,0.3547794117647059,0.5986519607843137,win
deep_balanced_accuracy,Deep balanced accuracy,eLORETA,-10,-10,0.6887254901960784,0.18933823529411764,0.4993872549019608,win
deep_balanced_accuracy,Deep balanced accuracy,eLORETA,-10,-5,0.7426470588235294,0.25980392156862747,0.48284313725490197,win
deep_balanced_accuracy,Deep balanced accuracy,eLORETA,-10,0,0.7524509803921569,0.2524509803921569,0.49999999999999994,win
deep_balanced_accuracy,Deep balanced accuracy,eLORETA,-10,5,0.8014705882352942,0.2696078431372549,0.5318627450980393,win
deep_balanced_accuracy,Deep balanced accuracy,eLORETA,-10,10,0.8259803921568627,0.2867647058823529,0.5392156862745098,win
deep_balanced_accuracy,Deep balanced accuracy,eLORETA,-10,15,0.9117647058823529,0.2867647058823529,0.625,win
deep_balanced_accuracy,Deep balanced accuracy,eLORETA,-10,20,0.9264705882352942,0.2867647058823529,0.6397058823529412,win
deep_balanced_accuracy,Deep balanced accuracy,eLORETA,-5,-10,0.7573529411764706,0.21017156862745098,0.5471813725490196,win
deep_balanced_accuracy,Deep balanced accuracy,eLORETA,-5,-5,0.7916666666666667,0.25980392156862747,0.5318627450980393,win
deep_balanced_accuracy,Deep balanced accuracy,eLORETA,-5,0,0.8137254901960784,0.28921568627450983,0.5245098039215685,win
deep_balanced_accuracy,Deep balanced accuracy,eLORETA,-5,5,0.8627450980392157,0.29901960784313725,0.5637254901960784,win
deep_balanced_accuracy,Deep balanced accuracy,eLORETA,-5,10,0.8823529411764706,0.30882352941176466,0.5735294117647058,win
deep_balanced_accuracy,Deep balanced accuracy,eLORETA,-5,15,0.8799019607843137,0.2990196078431372,0.5808823529411765,win
deep_balanced_accuracy,Deep balanced accuracy,eLORETA,-5,20,0.9093137254901962,0.28431372549019607,0.6250000000000001,win
deep_balanced_accuracy,Deep balanced accuracy,eLORETA,0,-10,0.8161764705882353,0.24448529411764708,0.5716911764705882,win
deep_balanced_accuracy,Deep balanced accuracy,eLORETA,0,-5,0.8529411764705883,0.28921568627450983,0.5637254901960784,win
deep_balanced_accuracy,Deep balanced accuracy,eLORETA,0,0,0.8651960784313726,0.3112745098039215,0.553921568627451,win
deep_balanced_accuracy,Deep balanced accuracy,eLORETA,0,5,0.8774509803921569,0.32107843137254904,0.5563725490196079,win
deep_balanced_accuracy,Deep balanced accuracy,eLORETA,0,10,0.8872549019607844,0.3480392156862745,0.5392156862745099,win
deep_balanced_accuracy,Deep balanced accuracy,eLORETA,0,15,0.9093137254901962,0.32598039215686275,0.5833333333333335,win
deep_balanced_accuracy,Deep balanced accuracy,eLORETA,0,20,0.9191176470588236,0.3112745098039215,0.607843137254902,win
deep_balanced_accuracy,Deep balanced accuracy,eLORETA,5,-10,0.8627450980392157,0.29411764705882354,0.5686274509803921,win
deep_balanced_accuracy,Deep balanced accuracy,eLORETA,5,-5,0.8897058823529411,0.32107843137254904,0.5686274509803921,win
deep_balanced_accuracy,Deep balanced accuracy,eLORETA,5,0,0.8995098039215685,0.3357843137254902,0.5637254901960783,win
deep_balanced_accuracy,Deep balanced accuracy,eLORETA,5,5,0.9240196078431373,0.37745098039215685,0.5465686274509804,win
deep_balanced_accuracy,Deep balanced accuracy,eLORETA,5,10,0.9387254901960784,0.38235294117647056,0.5563725490196079,win
deep_balanced_accuracy,Deep balanced accuracy,eLORETA,5,15,0.9436274509803921,0.36519607843137253,0.5784313725490196,win
deep_balanced_accuracy,Deep balanced accuracy,eLORETA,5,20,0.9313725490196079,0.3480392156862745,0.5833333333333334,win
deep_balanced_accuracy,Deep balanced accuracy,eLORETA,10,-10,0.8823529411764706,0.32107843137254904,0.5612745098039216,win
deep_balanced_accuracy,Deep balanced accuracy,eLORETA,10,-5,0.9240196078431373,0.3553921568627451,0.5686274509803921,win
deep_balanced_accuracy,Deep balanced accuracy,eLORETA,10,0,0.9093137254901962,0.375,0.5343137254901962,win
deep_balanced_accuracy,Deep balanced accuracy,eLORETA,10,5,0.9485294117647058,0.37990196078431376,0.5686274509803921,win
deep_balanced_accuracy,Deep balanced accuracy,eLORETA,10,10,0.9754901960784312,0.39705882352941174,0.5784313725490196,win
deep_balanced_accuracy,Deep balanced accuracy,eLORETA,10,15,0.9607843137254901,0.3799019607843137,0.5808823529411764,win
deep_balanced_accuracy,Deep balanced accuracy,eLORETA,10,20,0.9338235294117647,0.3553921568627451,0.5784313725490196,win
deep_balanced_accuracy,Deep balanced accuracy,eLORETA,15,-10,0.928921568627451,0.3137254901960784,0.6151960784313726,win
deep_balanced_accuracy,Deep balanced accuracy,eLORETA,15,-5,0.9313725490196079,0.33578431372549017,0.5955882352941178,win
deep_balanced_accuracy,Deep balanced accuracy,eLORETA,15,0,0.9656862745098038,0.3897058823529412,0.5759803921568627,win
deep_balanced_accuracy,Deep balanced accuracy,eLORETA,15,5,0.9558823529411764,0.3823529411764706,0.5735294117647058,win
deep_balanced_accuracy,Deep balanced accuracy,eLORETA,15,10,0.9607843137254901,0.40931372549019607,0.551470588235294,win
deep_balanced_accuracy,Deep balanced accuracy,eLORETA,15,15,0.9534313725490196,0.40931372549019607,0.5441176470588235,win
deep_balanced_accuracy,Deep balanced accuracy,eLORETA,15,20,0.9338235294117647,0.36519607843137253,0.5686274509803921,win
deep_balanced_accuracy,Deep balanced accuracy,eLORETA,20,-10,0.9509803921568627,0.27941176470588236,0.6715686274509803,win
deep_balanced_accuracy,Deep balanced accuracy,eLORETA,20,-5,0.9338235294117647,0.31617647058823534,0.6176470588235294,win
deep_balanced_accuracy,Deep balanced accuracy,eLORETA,20,0,0.9485294117647058,0.37500000000000006,0.5735294117647058,win
deep_balanced_accuracy,Deep balanced accuracy,eLORETA,20,5,0.9583333333333334,0.38480392156862747,0.5735294117647058,win
deep_balanced_accuracy,Deep balanced accuracy,eLORETA,20,10,0.9705882352941175,0.3823529411764706,0.588235294117647,win
deep_balanced_accuracy,Deep balanced accuracy,eLORETA,20,15,0.982843137254902,0.40441176470588236,0.5784313725490197,win
deep_balanced_accuracy,Deep balanced accuracy,eLORETA,20,20,0.9534313725490197,0.39950980392156865,0.553921568627451,win
deep_balanced_accuracy,Deep balanced accuracy,sLORETA,-10,-10,0.6887254901960784,0.19791666666666666,0.4908088235294118,win
deep_balanced_accuracy,Deep balanced accuracy,sLORETA,-10,-5,0.7426470588235294,0.25245098039215685,0.4901960784313726,win
deep_balanced_accuracy,Deep balanced accuracy,sLORETA,-10,0,0.7524509803921569,0.2696078431372549,0.48284313725490197,win
deep_balanced_accuracy,Deep balanced accuracy,sLORETA,-10,5,0.8014705882352942,0.2818627450980392,0.5196078431372549,win
deep_balanced_accuracy,Deep balanced accuracy,sLORETA,-10,10,0.8259803921568627,0.2843137254901961,0.5416666666666665,win
deep_balanced_accuracy,Deep balanced accuracy,sLORETA,-10,15,0.9117647058823529,0.28431372549019607,0.6274509803921569,win
deep_balanced_accuracy,Deep balanced accuracy,sLORETA,-10,20,0.9264705882352942,0.2745098039215686,0.6519607843137256,win
deep_balanced_accuracy,Deep balanced accuracy,sLORETA,-5,-10,0.7573529411764706,0.204656862745098,0.5526960784313726,win
deep_balanced_accuracy,Deep balanced accuracy,sLORETA,-5,-5,0.7916666666666667,0.24264705882352944,0.5490196078431373,win
deep_balanced_accuracy,Deep balanced accuracy,sLORETA,-5,0,0.8137254901960784,0.2622549019607843,0.5514705882352942,win
deep_balanced_accuracy,Deep balanced accuracy,sLORETA,-5,5,0.8627450980392157,0.2549019607843137,0.607843137254902,win
deep_balanced_accuracy,Deep balanced accuracy,sLORETA,-5,10,0.8823529411764706,0.2916666666666667,0.5906862745098038,win
deep_balanced_accuracy,Deep balanced accuracy,sLORETA,-5,15,0.8799019607843137,0.28186274509803916,0.5980392156862746,win
deep_balanced_accuracy,Deep balanced accuracy,sLORETA,-5,20,0.9093137254901962,0.28186274509803916,0.6274509803921571,win
deep_balanced_accuracy,Deep balanced accuracy,sLORETA,0,-10,0.8161764705882353,0.24754901960784315,0.5686274509803921,win
deep_balanced_accuracy,Deep balanced accuracy,sLORETA,0,-5,0.8529411764705883,0.26409313725490197,0.5888480392156863,win
deep_balanced_accuracy,Deep balanced accuracy,sLORETA,0,0,0.8651960784313726,0.27941176470588236,0.5857843137254902,win
deep_balanced_accuracy,Deep balanced accuracy,sLORETA,0,5,0.8774509803921569,0.2696078431372549,0.607843137254902,win
deep_balanced_accuracy,Deep balanced accuracy,sLORETA,0,10,0.8872549019607844,0.2965686274509804,0.590686274509804,win
deep_balanced_accuracy,Deep balanced accuracy,sLORETA,0,15,0.9093137254901962,0.2867647058823529,0.6225490196078433,win
deep_balanced_accuracy,Deep balanced accuracy,sLORETA,0,20,0.9191176470588236,0.29901960784313725,0.6200980392156863,win
deep_balanced_accuracy,Deep balanced accuracy,sLORETA,5,-10,0.8627450980392157,0.2965686274509804,0.5661764705882353,win
deep_balanced_accuracy,Deep balanced accuracy,sLORETA,5,-5,0.8897058823529411,0.2867647058823529,0.6029411764705882,win
deep_balanced_accuracy,Deep balanced accuracy,sLORETA,5,0,0.8995098039215685,0.2542892156862745,0.645220588235294,win
deep_balanced_accuracy,Deep balanced accuracy,sLORETA,5,5,0.9240196078431373,0.29656862745098034,0.627450980392157,win
deep_balanced_accuracy,Deep balanced accuracy,sLORETA,5,10,0.9387254901960784,0.29901960784313725,0.6397058823529411,win
deep_balanced_accuracy,Deep balanced accuracy,sLORETA,5,15,0.9436274509803921,0.30147058823529405,0.6421568627450981,win
deep_balanced_accuracy,Deep balanced accuracy,sLORETA,5,20,0.9313725490196079,0.3063725490196078,0.625,win
deep_balanced_accuracy,Deep balanced accuracy,sLORETA,10,-10,0.8823529411764706,0.28921568627450983,0.5931372549019607,win
deep_balanced_accuracy,Deep balanced accuracy,sLORETA,10,-5,0.9240196078431373,0.2916666666666667,0.6323529411764706,win
deep_balanced_accuracy,Deep balanced accuracy,sLORETA,10,0,0.9093137254901962,0.29411764705882354,0.6151960784313726,win
deep_balanced_accuracy,Deep balanced accuracy,sLORETA,10,5,0.9485294117647058,0.32107843137254904,0.6274509803921569,win
deep_balanced_accuracy,Deep balanced accuracy,sLORETA,10,10,0.9754901960784312,0.3137254901960784,0.6617647058823528,win
deep_balanced_accuracy,Deep balanced accuracy,sLORETA,10,15,0.9607843137254901,0.2892156862745098,0.6715686274509803,win
deep_balanced_accuracy,Deep balanced accuracy,sLORETA,10,20,0.9338235294117647,0.3137254901960784,0.6200980392156863,win
deep_balanced_accuracy,Deep balanced accuracy,sLORETA,15,-10,0.928921568627451,0.27205882352941174,0.6568627450980393,win
deep_balanced_accuracy,Deep balanced accuracy,sLORETA,15,-5,0.9313725490196079,0.29901960784313725,0.6323529411764706,win
deep_balanced_accuracy,Deep balanced accuracy,sLORETA,15,0,0.9656862745098038,0.30392156862745096,0.6617647058823528,win
deep_balanced_accuracy,Deep balanced accuracy,sLORETA,15,5,0.9558823529411764,0.31617647058823534,0.6397058823529411,win
deep_balanced_accuracy,Deep balanced accuracy,sLORETA,15,10,0.9607843137254901,0.31556372549019607,0.645220588235294,win
deep_balanced_accuracy,Deep balanced accuracy,sLORETA,15,15,0.9534313725490196,0.31862745098039214,0.6348039215686274,win
deep_balanced_accuracy,Deep balanced accuracy,sLORETA,15,20,0.9338235294117647,0.3137254901960784,0.6200980392156863,win
deep_balanced_accuracy,Deep balanced accuracy,sLORETA,20,-10,0.9509803921568627,0.26960784313725494,0.6813725490196078,win
deep_balanced_accuracy,Deep balanced accuracy,sLORETA,20,-5,0.9338235294117647,0.2696078431372549,0.6642156862745099,win
deep_balanced_accuracy,Deep balanced accuracy,sLORETA,20,0,0.9485294117647058,0.3088235294117647,0.6397058823529411,win
deep_balanced_accuracy,Deep balanced accuracy,sLORETA,20,5,0.9583333333333334,0.3014705882352941,0.6568627450980393,win
deep_balanced_accuracy,Deep balanced accuracy,sLORETA,20,10,0.9705882352941175,0.3602941176470588,0.6102941176470587,win
deep_balanced_accuracy,Deep balanced accuracy,sLORETA,20,15,0.982843137254902,0.34313725490196084,0.6397058823529411,win
deep_balanced_accuracy,Deep balanced accuracy,sLORETA,20,20,0.9534313725490197,0.30882352941176466,0.644607843137255,win
deep_balanced_accuracy,Deep balanced accuracy,MNE,-10,-10,0.6887254901960784,0.10294117647058824,0.5857843137254902,win
deep_balanced_accuracy,Deep balanced accuracy,MNE,-10,-5,0.7426470588235294,0.14705882352941177,0.5955882352941176,win
deep_balanced_accuracy,Deep balanced accuracy,MNE,-10,0,0.7524509803921569,0.17218137254901958,0.5802696078431373,win
deep_balanced_accuracy,Deep balanced accuracy,MNE,-10,5,0.8014705882352942,0.2346813725490196,0.5667892156862746,win
deep_balanced_accuracy,Deep balanced accuracy,MNE,-10,10,0.8259803921568627,0.2665441176470588,0.5594362745098038,win
deep_balanced_accuracy,Deep balanced accuracy,MNE,-10,15,0.9117647058823529,0.2659313725490196,0.6458333333333333,win
deep_balanced_accuracy,Deep balanced accuracy,MNE,-10,20,0.9264705882352942,0.2389705882352941,0.6875,win
deep_balanced_accuracy,Deep balanced accuracy,MNE,-5,-10,0.7573529411764706,0.14154411764705885,0.6158088235294117,win
deep_balanced_accuracy,Deep balanced accuracy,MNE,-5,-5,0.7916666666666667,0.1795343137254902,0.6121323529411765,win
deep_balanced_accuracy,Deep balanced accuracy,MNE,-5,0,0.8137254901960784,0.21691176470588233,0.5968137254901961,win
deep_balanced_accuracy,Deep balanced accuracy,MNE,-5,5,0.8627450980392157,0.2561274509803922,0.6066176470588236,win
deep_balanced_accuracy,Deep balanced accuracy,MNE,-5,10,0.8823529411764706,0.29963235294117646,0.5827205882352942,win
deep_balanced_accuracy,Deep balanced accuracy,MNE,-5,15,0.8799019607843137,0.2904411764705882,0.5894607843137255,win
deep_balanced_accuracy,Deep balanced accuracy,MNE,-5,20,0.9093137254901962,0.2689950980392157,0.6403186274509804,win
deep_balanced_accuracy,Deep balanced accuracy,MNE,0,-10,0.8161764705882353,0.22671568627450978,0.5894607843137255,win
deep_balanced_accuracy,Deep balanced accuracy,MNE,0,-5,0.8529411764705883,0.2542892156862745,0.5986519607843138,win
deep_balanced_accuracy,Deep balanced accuracy,MNE,0,0,0.8651960784313726,0.24387254901960784,0.6213235294117647,win
deep_balanced_accuracy,Deep balanced accuracy,MNE,0,5,0.8774509803921569,0.2708333333333333,0.6066176470588236,win
deep_balanced_accuracy,Deep balanced accuracy,MNE,0,10,0.8872549019607844,0.34191176470588236,0.545343137254902,win
deep_balanced_accuracy,Deep balanced accuracy,MNE,0,15,0.9093137254901962,0.3541666666666667,0.5551470588235294,win
deep_balanced_accuracy,Deep balanced accuracy,MNE,0,20,0.9191176470588236,0.30514705882352944,0.6139705882352942,win
deep_balanced_accuracy,Deep balanced accuracy,MNE,5,-10,0.8627450980392157,0.3449754901960784,0.5177696078431373,win
deep_balanced_accuracy,Deep balanced accuracy,MNE,5,-5,0.8897058823529411,0.35110294117647056,0.5386029411764706,win
deep_balanced_accuracy,Deep balanced accuracy,MNE,5,0,0.8995098039215685,0.3431372549019608,0.5563725490196078,win
deep_balanced_accuracy,Deep balanced accuracy,MNE,5,5,0.9240196078431373,0.2959558823529411,0.6280637254901962,win
deep_balanced_accuracy,Deep balanced accuracy,MNE,5,10,0.9387254901960784,0.3382352941176471,0.6004901960784313,win
deep_balanced_accuracy,Deep balanced accuracy,MNE,5,15,0.9436274509803921,0.3915441176470589,0.5520833333333333,win
deep_balanced_accuracy,Deep balanced accuracy,MNE,5,20,0.9313725490196079,0.34129901960784315,0.5900735294117647,win
deep_balanced_accuracy,Deep balanced accuracy,MNE,10,-10,0.8823529411764706,0.383578431372549,0.4987745098039216,win
deep_balanced_accuracy,Deep balanced accuracy,MNE,10,-5,0.9240196078431373,0.3970588235294118,0.5269607843137255,win
deep_balanced_accuracy,Deep balanced accuracy,MNE,10,0,0.9093137254901962,0.4491421568627451,0.46017156862745107,win
deep_balanced_accuracy,Deep balanced accuracy,MNE,10,5,0.9485294117647058,0.375,0.5735294117647058,win
deep_balanced_accuracy,Deep balanced accuracy,MNE,10,10,0.9754901960784312,0.3480392156862745,0.6274509803921567,win
deep_balanced_accuracy,Deep balanced accuracy,MNE,10,15,0.9607843137254901,0.3621323529411765,0.5986519607843136,win
deep_balanced_accuracy,Deep balanced accuracy,MNE,10,20,0.9338235294117647,0.366421568627451,0.5674019607843137,win
deep_balanced_accuracy,Deep balanced accuracy,MNE,15,-10,0.928921568627451,0.3890931372549019,0.5398284313725491,win
deep_balanced_accuracy,Deep balanced accuracy,MNE,15,-5,0.9313725490196079,0.4056372549019608,0.5257352941176471,win
deep_balanced_accuracy,Deep balanced accuracy,MNE,15,0,0.9656862745098038,0.44975490196078427,0.5159313725490196,win
deep_balanced_accuracy,Deep balanced accuracy,MNE,15,5,0.9558823529411764,0.4270833333333333,0.5287990196078431,win
deep_balanced_accuracy,Deep balanced accuracy,MNE,15,10,0.9607843137254901,0.39889705882352944,0.5618872549019607,win
deep_balanced_accuracy,Deep balanced accuracy,MNE,15,15,0.9534313725490196,0.352328431372549,0.6011029411764706,win
deep_balanced_accuracy,Deep balanced accuracy,MNE,15,20,0.9338235294117647,0.35539215686274506,0.5784313725490197,win
deep_balanced_accuracy,Deep balanced accuracy,MNE,20,-10,0.9509803921568627,0.3737745098039216,0.5772058823529411,win
deep_balanced_accuracy,Deep balanced accuracy,MNE,20,-5,0.9338235294117647,0.43566176470588236,0.49816176470588236,win
deep_balanced_accuracy,Deep balanced accuracy,MNE,20,0,0.9485294117647058,0.39950980392156865,0.5490196078431372,win
deep_balanced_accuracy,Deep balanced accuracy,MNE,20,5,0.9583333333333334,0.4638480392156863,0.4944852941176471,win
deep_balanced_accuracy,Deep balanced accuracy,MNE,20,10,0.9705882352941175,0.4197303921568627,0.5508578431372548,win
deep_balanced_accuracy,Deep balanced accuracy,MNE,20,15,0.982843137254902,0.4013480392156863,0.5814950980392157,win
deep_balanced_accuracy,Deep balanced accuracy,MNE,20,20,0.9534313725490197,0.3743872549019608,0.5790441176470589,win
deep_balanced_accuracy,Deep balanced accuracy,LCMV,-10,-10,0.6887254901960784,0.5520833333333334,0.13664215686274506,win
deep_balanced_accuracy,Deep balanced accuracy,LCMV,-10,-5,0.7426470588235294,0.6378676470588235,0.10477941176470595,win
deep_balanced_accuracy,Deep balanced accuracy,LCMV,-10,0,0.7524509803921569,0.678921568627451,0.07352941176470584,win
deep_balanced_accuracy,Deep balanced accuracy,LCMV,-10,5,0.8014705882352942,0.7450980392156863,0.056372549019607865,win
deep_balanced_accuracy,Deep balanced accuracy,LCMV,-10,10,0.8259803921568627,0.8259803921568627,0.0,tie
deep_balanced_accuracy,Deep balanced accuracy,LCMV,-10,15,0.9117647058823529,0.5049019607843137,0.4068627450980392,win
deep_balanced_accuracy,Deep balanced accuracy,LCMV,-10,20,0.9264705882352942,0.47794117647058826,0.4485294117647059,win
deep_balanced_accuracy,Deep balanced accuracy,LCMV,-5,-10,0.7573529411764706,0.59375,0.16360294117647056,win
deep_balanced_accuracy,Deep balanced accuracy,LCMV,-5,-5,0.7916666666666667,0.6587009803921569,0.1329656862745099,win
deep_balanced_accuracy,Deep balanced accuracy,LCMV,-5,0,0.8137254901960784,0.6838235294117647,0.1299019607843137,win
deep_balanced_accuracy,Deep balanced accuracy,LCMV,-5,5,0.8627450980392157,0.7647058823529411,0.0980392156862746,win
deep_balanced_accuracy,Deep balanced accuracy,LCMV,-5,10,0.8823529411764706,0.8186274509803921,0.06372549019607843,win
deep_balanced_accuracy,Deep balanced accuracy,LCMV,-5,15,0.8799019607843137,0.5220588235294117,0.357843137254902,win
deep_balanced_accuracy,Deep balanced accuracy,LCMV,-5,20,0.9093137254901962,0.4754901960784314,0.4338235294117648,win
deep_balanced_accuracy,Deep balanced accuracy,LCMV,0,-10,0.8161764705882353,0.6550245098039216,0.1611519607843137,win
deep_balanced_accuracy,Deep balanced accuracy,LCMV,0,-5,0.8529411764705883,0.673406862745098,0.17953431372549034,win
deep_balanced_accuracy,Deep balanced accuracy,LCMV,0,0,0.8651960784313726,0.7107843137254902,0.15441176470588236,win
deep_balanced_accuracy,Deep balanced accuracy,LCMV,0,5,0.8774509803921569,0.7965686274509804,0.0808823529411764,win
deep_balanced_accuracy,Deep balanced accuracy,LCMV,0,10,0.8872549019607844,0.8186274509803921,0.06862745098039225,win
deep_balanced_accuracy,Deep balanced accuracy,LCMV,0,15,0.9093137254901962,0.5343137254901961,0.3750000000000001,win
deep_balanced_accuracy,Deep balanced accuracy,LCMV,0,20,0.9191176470588236,0.4803921568627451,0.4387254901960785,win
deep_balanced_accuracy,Deep balanced accuracy,LCMV,5,-10,0.8627450980392157,0.7598039215686274,0.10294117647058831,win
deep_balanced_accuracy,Deep balanced accuracy,LCMV,5,-5,0.8897058823529411,0.7665441176470589,0.12316176470588225,win
deep_balanced_accuracy,Deep balanced accuracy,LCMV,5,0,0.8995098039215685,0.8014705882352942,0.09803921568627438,win
deep_balanced_accuracy,Deep balanced accuracy,LCMV,5,5,0.9240196078431373,0.8872549019607843,0.03676470588235303,win
deep_balanced_accuracy,Deep balanced accuracy,LCMV,5,10,0.9387254901960784,0.8014705882352942,0.13725490196078427,win
deep_balanced_accuracy,Deep balanced accuracy,LCMV,5,15,0.9436274509803921,0.5686274509803922,0.3749999999999999,win
deep_balanced_accuracy,Deep balanced accuracy,LCMV,5,20,0.9313725490196079,0.4852941176470588,0.44607843137254904,win
deep_balanced_accuracy,Deep balanced accuracy,LCMV,10,-10,0.8823529411764706,0.8774509803921569,0.004901960784313708,win
deep_balanced_accuracy,Deep balanced accuracy,LCMV,10,-5,0.9240196078431373,0.9044117647058824,0.019607843137254943,win
deep_balanced_accuracy,Deep balanced accuracy,LCMV,10,0,0.9093137254901962,0.9338235294117647,-0.02450980392156854,loss
deep_balanced_accuracy,Deep balanced accuracy,LCMV,10,5,0.9485294117647058,0.9264705882352942,0.022058823529411686,win
deep_balanced_accuracy,Deep balanced accuracy,LCMV,10,10,0.9754901960784312,0.8186274509803921,0.1568627450980391,win
deep_balanced_accuracy,Deep balanced accuracy,LCMV,10,15,0.9607843137254901,0.5245098039215687,0.43627450980392146,win
deep_balanced_accuracy,Deep balanced accuracy,LCMV,10,20,0.9338235294117647,0.4950980392156863,0.4387254901960784,win
deep_balanced_accuracy,Deep balanced accuracy,LCMV,15,-10,0.928921568627451,0.8799019607843137,0.0490196078431373,win
deep_balanced_accuracy,Deep balanced accuracy,LCMV,15,-5,0.9313725490196079,0.8848039215686274,0.04656862745098045,win
deep_balanced_accuracy,Deep balanced accuracy,LCMV,15,0,0.9656862745098038,0.8700980392156863,0.09558823529411753,win
deep_balanced_accuracy,Deep balanced accuracy,LCMV,15,5,0.9558823529411764,0.8504901960784315,0.10539215686274495,win
deep_balanced_accuracy,Deep balanced accuracy,LCMV,15,10,0.9607843137254901,0.7205882352941176,0.24019607843137247,win
deep_balanced_accuracy,Deep balanced accuracy,LCMV,15,15,0.9534313725490196,0.5441176470588236,0.40931372549019596,win
deep_balanced_accuracy,Deep balanced accuracy,LCMV,15,20,0.9338235294117647,0.49754901960784315,0.4362745098039216,win
deep_balanced_accuracy,Deep balanced accuracy,LCMV,20,-10,0.9509803921568627,0.7230392156862745,0.2279411764705882,win
deep_balanced_accuracy,Deep balanced accuracy,LCMV,20,-5,0.9338235294117647,0.696078431372549,0.23774509803921573,win
deep_balanced_accuracy,Deep balanced accuracy,LCMV,20,0,0.9485294117647058,0.7279411764705883,0.22058823529411753,win
deep_balanced_accuracy,Deep balanced accuracy,LCMV,20,5,0.9583333333333334,0.6862745098039216,0.2720588235294118,win
deep_balanced_accuracy,Deep balanced accuracy,LCMV,20,10,0.9705882352941175,0.6323529411764706,0.33823529411764697,win
deep_balanced_accuracy,Deep balanced accuracy,LCMV,20,15,0.982843137254902,0.5171568627450981,0.46568627450980393,win
deep_balanced_accuracy,Deep balanced accuracy,LCMV,20,20,0.9534313725490197,0.5,0.45343137254901966,win
deep_balanced_accuracy,Deep balanced accuracy,RAP-MUSIC,-10,-10,0.6887254901960784,0.6458333333333334,0.04289215686274506,win
deep_balanced_accuracy,Deep balanced accuracy,RAP-MUSIC,-10,-5,0.7426470588235294,0.6691176470588235,0.07352941176470595,win
deep_balanced_accuracy,Deep balanced accuracy,RAP-MUSIC,-10,0,0.7524509803921569,0.696078431372549,0.056372549019607865,win
deep_balanced_accuracy,Deep balanced accuracy,RAP-MUSIC,-10,5,0.8014705882352942,0.7058823529411765,0.09558823529411764,win
deep_balanced_accuracy,Deep balanced accuracy,RAP-MUSIC,-10,10,0.8259803921568627,0.767156862745098,0.05882352941176472,win
deep_balanced_accuracy,Deep balanced accuracy,RAP-MUSIC,-10,15,0.9117647058823529,0.7965686274509804,0.11519607843137247,win
deep_balanced_accuracy,Deep balanced accuracy,RAP-MUSIC,-10,20,0.9264705882352942,0.7573529411764706,0.1691176470588236,win
deep_balanced_accuracy,Deep balanced accuracy,RAP-MUSIC,-5,-10,0.7573529411764706,0.6666666666666666,0.09068627450980393,win
deep_balanced_accuracy,Deep balanced accuracy,RAP-MUSIC,-5,-5,0.7916666666666667,0.6764705882352942,0.11519607843137258,win
deep_balanced_accuracy,Deep balanced accuracy,RAP-MUSIC,-5,0,0.8137254901960784,0.6838235294117647,0.1299019607843137,win
deep_balanced_accuracy,Deep balanced accuracy,RAP-MUSIC,-5,5,0.8627450980392157,0.7205882352941176,0.1421568627450981,win
deep_balanced_accuracy,Deep balanced accuracy,RAP-MUSIC,-5,10,0.8823529411764706,0.7647058823529411,0.11764705882352944,win
deep_balanced_accuracy,Deep balanced accuracy,RAP-MUSIC,-5,15,0.8799019607843137,0.7794117647058824,0.10049019607843135,win
deep_balanced_accuracy,Deep balanced accuracy,RAP-MUSIC,-5,20,0.9093137254901962,0.7696078431372549,0.13970588235294124,win
deep_balanced_accuracy,Deep balanced accuracy,RAP-MUSIC,0,-10,0.8161764705882353,0.6838235294117647,0.13235294117647056,win
deep_balanced_accuracy,Deep balanced accuracy,RAP-MUSIC,0,-5,0.8529411764705883,0.6911764705882353,0.16176470588235303,win
deep_balanced_accuracy,Deep balanced accuracy,RAP-MUSIC,0,0,0.8651960784313726,0.7181372549019608,0.1470588235294118,win
deep_balanced_accuracy,Deep balanced accuracy,RAP-MUSIC,0,5,0.8774509803921569,0.7401960784313726,0.13725490196078427,win
deep_balanced_accuracy,Deep balanced accuracy,RAP-MUSIC,0,10,0.8872549019607844,0.786764705882353,0.10049019607843135,win
deep_balanced_accuracy,Deep balanced accuracy,RAP-MUSIC,0,15,0.9093137254901962,0.7818627450980392,0.12745098039215697,win
deep_balanced_accuracy,Deep balanced accuracy,RAP-MUSIC,0,20,0.9191176470588236,0.7696078431372548,0.14950980392156876,win
deep_balanced_accuracy,Deep balanced accuracy,RAP-MUSIC,5,-10,0.8627450980392157,0.75,0.11274509803921573,win
deep_balanced_accuracy,Deep balanced accuracy,RAP-MUSIC,5,-5,0.8897058823529411,0.7573529411764706,0.13235294117647056,win
deep_balanced_accuracy,Deep balanced accuracy,RAP-MUSIC,5,0,0.8995098039215685,0.7696078431372548,0.1299019607843137,win
deep_balanced_accuracy,Deep balanced accuracy,RAP-MUSIC,5,5,0.9240196078431373,0.7965686274509804,0.12745098039215685,win
deep_balanced_accuracy,Deep balanced accuracy,RAP-MUSIC,5,10,0.9387254901960784,0.7867647058823529,0.1519607843137255,win
deep_balanced_accuracy,Deep balanced accuracy,RAP-MUSIC,5,15,0.9436274509803921,0.7990196078431373,0.14460784313725483,win
deep_balanced_accuracy,Deep balanced accuracy,RAP-MUSIC,5,20,0.9313725490196079,0.7769607843137254,0.15441176470588247,win
deep_balanced_accuracy,Deep balanced accuracy,RAP-MUSIC,10,-10,0.8823529411764706,0.8284313725490196,0.05392156862745101,win
deep_balanced_accuracy,Deep balanced accuracy,RAP-MUSIC,10,-5,0.9240196078431373,0.8284313725490196,0.09558823529411775,win
deep_balanced_accuracy,Deep balanced accuracy,RAP-MUSIC,10,0,0.9093137254901962,0.8333333333333333,0.07598039215686292,win
deep_balanced_accuracy,Deep balanced accuracy,RAP-MUSIC,10,5,0.9485294117647058,0.8553921568627452,0.09313725490196068,win
deep_balanced_accuracy,Deep balanced accuracy,RAP-MUSIC,10,10,0.9754901960784312,0.8308823529411764,0.14460784313725483,win
deep_balanced_accuracy,Deep balanced accuracy,RAP-MUSIC,10,15,0.9607843137254901,0.803921568627451,0.1568627450980391,win
deep_balanced_accuracy,Deep balanced accuracy,RAP-MUSIC,10,20,0.9338235294117647,0.7745098039215687,0.15931372549019607,win
deep_balanced_accuracy,Deep balanced accuracy,RAP-MUSIC,15,-10,0.928921568627451,0.8799019607843137,0.0490196078431373,win
deep_balanced_accuracy,Deep balanced accuracy,RAP-MUSIC,15,-5,0.9313725490196079,0.9019607843137254,0.02941176470588247,win
deep_balanced_accuracy,Deep balanced accuracy,RAP-MUSIC,15,0,0.9656862745098038,0.8799019607843137,0.08578431372549011,win
deep_balanced_accuracy,Deep balanced accuracy,RAP-MUSIC,15,5,0.9558823529411764,0.8823529411764706,0.07352941176470584,win
deep_balanced_accuracy,Deep balanced accuracy,RAP-MUSIC,15,10,0.9607843137254901,0.8799019607843137,0.0808823529411764,win
deep_balanced_accuracy,Deep balanced accuracy,RAP-MUSIC,15,15,0.9534313725490196,0.8186274509803921,0.13480392156862742,win
deep_balanced_accuracy,Deep balanced accuracy,RAP-MUSIC,15,20,0.9338235294117647,0.7941176470588236,0.13970588235294112,win
deep_balanced_accuracy,Deep balanced accuracy,RAP-MUSIC,20,-10,0.9509803921568627,0.9044117647058822,0.04656862745098045,win
deep_balanced_accuracy,Deep balanced accuracy,RAP-MUSIC,20,-5,0.9338235294117647,0.8946078431372548,0.03921568627450989,win
deep_balanced_accuracy,Deep balanced accuracy,RAP-MUSIC,20,0,0.9485294117647058,0.9044117647058822,0.044117647058823595,win
deep_balanced_accuracy,Deep balanced accuracy,RAP-MUSIC,20,5,0.9583333333333334,0.9019607843137254,0.056372549019607976,win
deep_balanced_accuracy,Deep balanced accuracy,RAP-MUSIC,20,10,0.9705882352941175,0.8946078431372548,0.0759803921568627,win
deep_balanced_accuracy,Deep balanced accuracy,RAP-MUSIC,20,15,0.982843137254902,0.8823529411764706,0.10049019607843146,win
deep_balanced_accuracy,Deep balanced accuracy,RAP-MUSIC,20,20,0.9534313725490197,0.8357843137254901,0.11764705882352955,win
deep_balanced_accuracy,Deep balanced accuracy,Dipole fitting (grid),-10,-10,0.6887254901960784,0.625,0.06372549019607843,win
deep_balanced_accuracy,Deep balanced accuracy,Dipole fitting (grid),-10,-5,0.7426470588235294,0.6691176470588235,0.07352941176470595,win
deep_balanced_accuracy,Deep balanced accuracy,Dipole fitting (grid),-10,0,0.7524509803921569,0.678921568627451,0.07352941176470584,win
deep_balanced_accuracy,Deep balanced accuracy,Dipole fitting (grid),-10,5,0.8014705882352942,0.7009803921568627,0.10049019607843146,win
deep_balanced_accuracy,Deep balanced accuracy,Dipole fitting (grid),-10,10,0.8259803921568627,0.7156862745098039,0.11029411764705876,win
deep_balanced_accuracy,Deep balanced accuracy,Dipole fitting (grid),-10,15,0.9117647058823529,0.7156862745098039,0.196078431372549,win
deep_balanced_accuracy,Deep balanced accuracy,Dipole fitting (grid),-10,20,0.9264705882352942,0.7034313725490197,0.2230392156862745,win
deep_balanced_accuracy,Deep balanced accuracy,Dipole fitting (grid),-5,-10,0.7573529411764706,0.6666666666666666,0.09068627450980393,win
deep_balanced_accuracy,Deep balanced accuracy,Dipole fitting (grid),-5,-5,0.7916666666666667,0.6715686274509803,0.1200980392156864,win
deep_balanced_accuracy,Deep balanced accuracy,Dipole fitting (grid),-5,0,0.8137254901960784,0.6764705882352942,0.13725490196078427,win
deep_balanced_accuracy,Deep balanced accuracy,Dipole fitting (grid),-5,5,0.8627450980392157,0.7107843137254902,0.1519607843137255,win
deep_balanced_accuracy,Deep balanced accuracy,Dipole fitting (grid),-5,10,0.8823529411764706,0.7254901960784313,0.1568627450980392,win
deep_balanced_accuracy,Deep balanced accuracy,Dipole fitting (grid),-5,15,0.8799019607843137,0.7181372549019608,0.16176470588235292,win
deep_balanced_accuracy,Deep balanced accuracy,Dipole fitting (grid),-5,20,0.9093137254901962,0.7279411764705882,0.18137254901960798,win
deep_balanced_accuracy,Deep balanced accuracy,Dipole fitting (grid),0,-10,0.8161764705882353,0.678921568627451,0.13725490196078427,win
deep_balanced_accuracy,Deep balanced accuracy,Dipole fitting (grid),0,-5,0.8529411764705883,0.6838235294117647,0.1691176470588236,win
deep_balanced_accuracy,Deep balanced accuracy,Dipole fitting (grid),0,0,0.8651960784313726,0.7009803921568627,0.1642156862745099,win
deep_balanced_accuracy,Deep balanced accuracy,Dipole fitting (grid),0,5,0.8774509803921569,0.7181372549019608,0.15931372549019607,win
deep_balanced_accuracy,Deep balanced accuracy,Dipole fitting (grid),0,10,0.8872549019607844,0.7132352941176471,0.1740196078431373,win
deep_balanced_accuracy,Deep balanced accuracy,Dipole fitting (grid),0,15,0.9093137254901962,0.7303921568627451,0.17892156862745112,win
deep_balanced_accuracy,Deep balanced accuracy,Dipole fitting (grid),0,20,0.9191176470588236,0.7058823529411764,0.2132352941176472,win
deep_balanced_accuracy,Deep balanced accuracy,Dipole fitting (grid),5,-10,0.8627450980392157,0.7230392156862745,0.13970588235294124,win
deep_balanced_accuracy,Deep balanced accuracy,Dipole fitting (grid),5,-5,0.8897058823529411,0.7303921568627451,0.15931372549019607,win
deep_balanced_accuracy,Deep balanced accuracy,Dipole fitting (grid),5,0,0.8995098039215685,0.7303921568627451,0.16911764705882348,win
deep_balanced_accuracy,Deep balanced accuracy,Dipole fitting (grid),5,5,0.9240196078431373,0.7352941176470589,0.18872549019607843,win
deep_balanced_accuracy,Deep balanced accuracy,Dipole fitting (grid),5,10,0.9387254901960784,0.7352941176470589,0.20343137254901955,win
deep_balanced_accuracy,Deep balanced accuracy,Dipole fitting (grid),5,15,0.9436274509803921,0.732843137254902,0.2107843137254901,win
deep_balanced_accuracy,Deep balanced accuracy,Dipole fitting (grid),5,20,0.9313725490196079,0.7352941176470588,0.1960784313725491,win
deep_balanced_accuracy,Deep balanced accuracy,Dipole fitting (grid),10,-10,0.8823529411764706,0.7549019607843137,0.12745098039215685,win
deep_balanced_accuracy,Deep balanced accuracy,Dipole fitting (grid),10,-5,0.9240196078431373,0.7450980392156863,0.178921568627451,win
deep_balanced_accuracy,Deep balanced accuracy,Dipole fitting (grid),10,0,0.9093137254901962,0.7573529411764706,0.15196078431372562,win
deep_balanced_accuracy,Deep balanced accuracy,Dipole fitting (grid),10,5,0.9485294117647058,0.7573529411764706,0.19117647058823528,win
deep_balanced_accuracy,Deep balanced accuracy,Dipole fitting (grid),10,10,0.9754901960784312,0.7377450980392157,0.2377450980392155,win
deep_balanced_accuracy,Deep balanced accuracy,Dipole fitting (grid),10,15,0.9607843137254901,0.7230392156862745,0.23774509803921562,win
deep_balanced_accuracy,Deep balanced accuracy,Dipole fitting (grid),10,20,0.9338235294117647,0.7156862745098039,0.2181372549019608,win
deep_balanced_accuracy,Deep balanced accuracy,Dipole fitting (grid),15,-10,0.928921568627451,0.767156862745098,0.16176470588235303,win
deep_balanced_accuracy,Deep balanced accuracy,Dipole fitting (grid),15,-5,0.9313725490196079,0.7769607843137255,0.15441176470588236,win
deep_balanced_accuracy,Deep balanced accuracy,Dipole fitting (grid),15,0,0.9656862745098038,0.7573529411764706,0.20833333333333326,win
deep_balanced_accuracy,Deep balanced accuracy,Dipole fitting (grid),15,5,0.9558823529411764,0.7573529411764706,0.19852941176470584,win
deep_balanced_accuracy,Deep balanced accuracy,Dipole fitting (grid),15,10,0.9607843137254901,0.7549019607843137,0.2058823529411764,win
deep_balanced_accuracy,Deep balanced accuracy,Dipole fitting (grid),15,15,0.9534313725490196,0.7598039215686274,0.19362745098039214,win
deep_balanced_accuracy,Deep balanced accuracy,Dipole fitting (grid),15,20,0.9338235294117647,0.7181372549019608,0.21568627450980393,win
deep_balanced_accuracy,Deep balanced accuracy,Dipole fitting (grid),20,-10,0.9509803921568627,0.75,0.2009803921568627,win
deep_balanced_accuracy,Deep balanced accuracy,Dipole fitting (grid),20,-5,0.9338235294117647,0.7622549019607843,0.17156862745098045,win
deep_balanced_accuracy,Deep balanced accuracy,Dipole fitting (grid),20,0,0.9485294117647058,0.7524509803921569,0.196078431372549,win
deep_balanced_accuracy,Deep balanced accuracy,Dipole fitting (grid),20,5,0.9583333333333334,0.7475490196078431,0.21078431372549022,win
deep_balanced_accuracy,Deep balanced accuracy,Dipole fitting (grid),20,10,0.9705882352941175,0.7892156862745099,0.18137254901960764,win
deep_balanced_accuracy,Deep balanced accuracy,Dipole fitting (grid),20,15,0.982843137254902,0.7622549019607843,0.22058823529411775,win
deep_balanced_accuracy,Deep balanced accuracy,Dipole fitting (grid),20,20,0.9534313725490197,0.7426470588235294,0.21078431372549022,win
