method,eeg_snr_db,meg_snr_db,scenario,aggregation,case_count,scenario_count,auc,auc_tie_corrected,surface_auc_tie_corrected,deep_auc_tie_corrected,rmse,surface_sd_mm,surface_dle_mm,deep_sd_mm,deep_dle_mm,deep_score,deep_peak_distance_mm,active_count,surface_active_count,deep_active_count,surface_sd_mm_penalized,surface_dle_mm_penalized,deep_sd_mm_penalized,deep_dle_mm_penalized,deep_sensitivity,deep_specificity,deep_balanced_accuracy
Dipole fitting (grid),-10,-10,deep_only,case_weighted_within_scenario,30,1,0.6665,0.666613425617818,nan,0.661111111111111,1.5191962512727344,nan,nan,3.609475595001451,3.609475595001451,0.4938851521663484,3.609475595001451,1.4,0.9,0.5,nan,nan,126.14885960291323,126.14885960291323,0.4666666666666667,nan,nan
Dipole fitting (grid),-10,-10,deep_plus_surface,case_weighted_within_scenario,136,1,0.5080550634003584,0.5153733646523876,0.5164650505470039,0.5,1.8152390598278165,11.09132137082566,13.372293081941622,nan,nan,0.0,nan,1.1911764705882353,1.1911764705882353,0.0,11.09132137082566,13.372293081941622,234.02911185627732,234.02911185627732,0.0,nan,nan
Dipole fitting (grid),-10,-10,deep_plus_two_surface,case_weighted_within_scenario,67,1,0.5078605616753721,0.5105500399347788,0.5108899038518842,0.5,1.8380664974761238,11.903309067168662,24.899662853467632,nan,nan,0.0,nan,1.5970149253731343,1.5970149253731343,0.0,11.903309067168662,137.26772500423107,234.02911185627735,234.02911185627735,0.0,nan,nan
Dipole fitting (grid),-10,-10,surface_only,case_weighted_within_scenario,136,1,0.5166919432222878,0.5168211312238234,0.5168210203643006,nan,1.750885090590354,10.503656039249732,10.277368155652516,nan,nan,0.0,nan,1.1985294117647058,1.1985294117647058,0.0,10.503656039249732,10.277368155652516,nan,nan,nan,1.0,nan
Dipole fitting (grid),-10,-5,deep_only,case_weighted_within_scenario,30,1,0.9163333333333334,0.9166511380274192,nan,0.9144444444444445,0.5711544328423449,nan,nan,0.7407406962484114,0.7407406962484114,0.9,0.7407406962484114,1.6333333333333333,0.7333333333333333,0.9,nan,nan,24.069577812251303,24.069577812251303,0.9,nan,nan
Dipole fitting (grid),-10,-5,deep_plus_surface,case_weighted_within_scenario,136,1,0.5100029827202466,0.5190800561346873,0.5203692106597761,0.4997549019607843,1.748438150073972,10.960402161997521,9.964136354614777,10.000000188899337,10.000000188899337,0.007352941176470588,10.000000188899337,1.3088235294117647,1.3014705882352942,0.007352941176470588,10.960402161997521,9.964136354614777,232.38183897637012,232.38183897637012,0.007352941176470588,nan,nan
Dipole fitting (grid),-10,-5,deep_plus_two_surface,case_weighted_within_scenario,67,1,0.5102184739538855,0.5145982006892877,0.5150506962877184,0.5,1.7967924440962126,6.091917625877707,11.067191425062376,nan,nan,0.0,nan,1.7164179104477613,1.7164179104477613,0.0,6.091917625877707,90.93414799743788,234.02911185627735,234.02911185627735,0.0,nan,nan
Dipole fitting (grid),-10,-5,surface_only,case_weighted_within_scenario,136,1,0.5193676064112005,0.5195708346916676,0.5195712260607775,nan,1.6868011790969657,7.504441599997506,8.24147836624724,nan,nan,0.007352941176470588,nan,1.25,1.2426470588235294,0.007352941176470588,7.504441599997506,8.24147836624724,nan,nan,nan,0.9926470588235294,nan
Dipole fitting (grid),-10,0,deep_only,case_weighted_within_scenario,30,1,1.0,1.0,nan,1.0,0.1128306366240818,nan,nan,0.0,0.0,1.0,0.0,1.8333333333333333,0.8333333333333334,1.0,nan,nan,0.0,0.0,1.0,nan,nan
Dipole fitting (grid),-10,0,deep_plus_surface,case_weighted_within_scenario,136,1,0.5154783744000063,0.5197551781625906,0.5203327380157099,0.5107843137254902,1.7346921815149134,8.324463581022579,9.191220905498865,2.4999998498383884,2.4999998498383884,0.018308476853793363,2.4999998498383884,1.3970588235294117,1.3676470588235294,0.029411764705882353,8.324463581022579,9.191220905498865,227.21943209138203,227.21943209138203,0.029411764705882353,nan,nan
Dipole fitting (grid),-10,0,deep_plus_two_surface,case_weighted_within_scenario,67,1,0.5116194924047727,0.5164220053304007,0.5169347908907392,0.5,1.780675861166816,8.39606179736399,10.010581471354921,nan,nan,0.0,nan,2.08955223880597,2.08955223880597,0.0,8.39606179736399,46.78974317634219,234.02911185627735,234.02911185627735,0.0,nan,nan
Dipole fitting (grid),-10,0,surface_only,case_weighted_within_scenario,136,1,0.5204732626807553,0.5206641011785519,0.5206639339575646,nan,1.6648141735171302,7.45626395835141,9.785506171529963,nan,nan,0.0,nan,1.3014705882352942,1.3014705882352942,0.0,7.45626395835141,9.785506171529963,nan,nan,nan,1.0,nan
Dipole fitting (grid),-10,5,deep_only,case_weighted_within_scenario,30,1,1.0,1.0,nan,1.0,0.041362535843162886,nan,nan,0.0,0.0,1.0,0.0,1.6333333333333333,0.6333333333333333,1.0,nan,nan,0.0,0.0,1.0,nan,nan
Dipole fitting (grid),-10,5,deep_plus_surface,case_weighted_within_scenario,136,1,0.5384608534876053,0.5212793238680101,0.5188750130812814,0.557843137254902,1.7191982198922366,11.306773100962484,11.224936495251088,1.9999999588252888,1.9999999588252888,0.10601171252735471,1.9999999588252888,1.6691176470588236,1.5220588235294117,0.14705882352941177,11.306773100962484,11.224936495251088,199.9071836360638,199.9071836360638,0.14705882352941177,nan,nan
Dipole fitting (grid),-10,5,deep_plus_two_surface,case_weighted_within_scenario,67,1,0.5138242409213255,0.5162290333954269,0.5165259629548467,0.5069651741293533,1.7898228349100802,7.761092380655217,9.824266772128885,4.999999699676777,4.999999699676777,0.021907593259539712,4.999999699676777,2.253731343283582,2.2238805970149254,0.029850746268656716,7.761092380655217,46.634017457586104,227.19242194115495,227.19242194115495,0.029850746268656716,nan,nan
Dipole fitting (grid),-10,5,surface_only,case_weighted_within_scenario,136,1,0.5205698009344896,0.5209056959019058,0.5209059028494077,nan,1.6752755417597553,8.11485539330832,9.36005067881191,nan,nan,0.003075537534271069,nan,1.3897058823529411,1.3823529411764706,0.007352941176470588,8.11485539330832,9.36005067881191,nan,nan,nan,0.9926470588235294,nan
Dipole fitting (grid),-10,10,deep_only,case_weighted_within_scenario,30,1,1.0,1.0,nan,1.0,0.01915137795878286,nan,nan,0.0,0.0,1.0,0.0,2.5,1.5,1.0,nan,nan,0.0,0.0,1.0,nan,nan
Dipole fitting (grid),-10,10,deep_plus_surface,case_weighted_within_scenario,136,1,0.5460236404004037,0.5219145558491297,0.5191417747019418,0.5723039215686275,1.7058825859227866,10.445177464478403,12.88009240783833,1.999999879870711,1.999999879870711,0.10940828414542869,1.999999879870711,1.6470588235294117,1.463235294117647,0.18382352941176472,10.445177464478403,12.88009240783833,191.37670156649668,191.37670156649668,0.18382352941176472,nan,nan
Dipole fitting (grid),-10,10,deep_plus_two_surface,case_weighted_within_scenario,67,1,0.5172242873236383,0.5179594585032775,0.5180857513058977,0.5139303482587065,1.756189430480237,5.378833885522184,8.135597214292575,4.999999699676777,4.999999699676777,0.04488907210334795,4.999999699676777,2.08955223880597,2.029850746268657,0.05970149253731343,5.378833885522184,45.22259215551395,220.35573202603254,220.35573202603254,0.05970149253731343,nan,nan
Dipole fitting (grid),-10,10,surface_only,case_weighted_within_scenario,136,1,0.5197132399014149,0.5201766623873304,0.5201763380922643,nan,1.6908988309467872,6.85031405220066,9.08624033957814,nan,nan,0.0,nan,1.3970588235294117,1.3970588235294117,0.0,6.85031405220066,9.08624033957814,nan,nan,nan,1.0,nan
Dipole fitting (grid),-10,15,deep_only,case_weighted_within_scenario,30,1,1.0,1.0,nan,1.0,0.0033379811203464943,nan,nan,0.0,0.0,1.0,0.0,2.7333333333333334,1.7333333333333334,1.0,nan,nan,0.0,0.0,1.0,nan,nan
Dipole fitting (grid),-10,15,deep_plus_surface,case_weighted_within_scenario,136,1,0.5463034975301069,0.5224853422922716,0.5198041414283191,0.5718137254901962,1.6831647060254031,9.479797098100583,10.57328395372717,2.746004929715358,2.746004929715358,0.1260050198224101,2.746004929715358,1.6397058823529411,1.4411764705882353,0.19852941176470587,9.479797098100583,10.57328395372717,189.729428692395,189.729428692395,0.19117647058823528,nan,nan
Dipole fitting (grid),-10,15,deep_plus_two_surface,case_weighted_within_scenario,67,1,0.5154314862598853,0.5155480141417756,0.5155730189942885,0.5149253731343284,1.7692438189767705,5.920563048748682,9.342159188979206,0.0,0.0,0.023596441425657748,0.0,2.1343283582089554,2.1044776119402986,0.029850746268656716,5.920563048748682,39.52398865175059,227.04316821877654,227.04316821877654,0.029850746268656716,nan,nan
Dipole fitting (grid),-10,15,surface_only,case_weighted_within_scenario,136,1,0.5192296929798337,0.5197192267049061,0.5197198841494519,nan,1.6950958187981497,7.380995521513146,9.643290601795806,nan,nan,0.0028326884424647023,nan,1.3602941176470589,1.3455882352941178,0.014705882352941176,7.380995521513146,9.643290601795806,nan,nan,nan,0.9852941176470589,nan
Dipole fitting (grid),-10,20,deep_only,case_weighted_within_scenario,30,1,1.0,1.0,nan,1.0,0.0012720024966178004,nan,nan,0.0,0.0,1.0,0.0,2.466666666666667,1.4666666666666666,1.0,nan,nan,0.0,0.0,1.0,nan,nan
Dipole fitting (grid),-10,20,deep_plus_surface,case_weighted_within_scenario,136,1,0.5440395817524477,0.5214331640762261,0.518981924445252,0.5681372549019608,1.69908510720302,9.879702909716265,10.777414922306116,3.0109334809728576,3.0109334809728576,0.10869594102684699,3.0109334809728576,1.625,1.4338235294117647,0.19117647058823528,9.879702909716265,10.777414922306116,193.097503873813,193.097503873813,0.17647058823529413,nan,nan
Dipole fitting (grid),-10,20,deep_plus_two_surface,case_weighted_within_scenario,67,1,0.5167667689907689,0.5174810430711074,0.5175729059582641,0.5144278606965175,1.7540958504734907,6.92073308304086,9.35429983403006,3.333333133117853,3.333333133117853,0.030225461886332423,3.333333133117853,1.955223880597015,1.9104477611940298,0.04477611940298507,6.92073308304086,56.3012754804698,223.69945012240453,223.69945012240453,0.04477611940298507,nan,nan
Dipole fitting (grid),-10,20,surface_only,case_weighted_within_scenario,136,1,0.5189480772972899,0.5194516227169401,0.5194517631399711,nan,1.697833536831003,7.732554996083074,9.26269255676649,nan,nan,0.0009537739424964868,nan,1.4044117647058822,1.3970588235294117,0.007352941176470588,7.732554996083074,9.26269255676649,nan,nan,nan,1.0,nan
Dipole fitting (grid),-5,-10,deep_only,case_weighted_within_scenario,30,1,0.8165,0.8166378277652071,nan,0.8166666666666667,1.070311938058506,nan,nan,0.0,0.0,0.6333333333333333,0.0,1.2666666666666666,0.6333333333333333,0.6333333333333333,nan,nan,85.8106743473017,85.8106743473017,0.6333333333333333,nan,nan
Dipole fitting (grid),-5,-10,deep_plus_surface,case_weighted_within_scenario,136,1,0.5100000868328001,0.51891692022137,0.520223744248216,0.5,1.7632750065110494,6.837387565846374,10.325492480117205,nan,nan,0.0,nan,1.1470588235294117,1.1470588235294117,0.0,6.837387565846374,10.325492480117205,234.02911185627732,234.02911185627732,0.0,nan,nan
Dipole fitting (grid),-5,-10,deep_plus_two_surface,case_weighted_within_scenario,67,1,0.5082307468066426,0.5114268345873411,0.5117914147218718,0.5,1.8296515318101034,6.888802044287389,11.941583321654726,nan,nan,0.0,nan,1.5522388059701493,1.5522388059701493,0.0,6.888802044287389,127.95745643675615,234.02911185627735,234.02911185627735,0.0,nan,nan
Dipole fitting (grid),-5,-10,surface_only,case_weighted_within_scenario,136,1,0.5216782432385813,0.521820587059078,0.5218205061991666,nan,1.667270097764659,5.78656464121723,10.674724693273678,nan,nan,0.0,nan,1.125,1.125,0.0,5.78656464121723,10.674724693273678,nan,nan,nan,1.0,nan
Dipole fitting (grid),-5,-5,deep_only,case_weighted_within_scenario,30,1,0.9833333333333333,0.9833266782022272,nan,0.9822222222222222,0.32834229990426944,nan,nan,0.3333333133117853,0.3333333133117853,1.0,0.3333333133117853,1.6333333333333333,0.6333333333333333,1.0,nan,nan,0.3333333133117853,0.3333333133117853,1.0,nan,nan
Dipole fitting (grid),-5,-5,deep_plus_surface,case_weighted_within_scenario,136,1,0.5111910723128112,0.5180298130199185,0.5190469540092745,0.5036764705882353,1.7494486440778563,8.411374671406808,11.343581117018132,0.0,0.0,0.004713488899714421,0.0,1.286764705882353,1.2794117647058822,0.007352941176470588,8.411374671406808,11.343581117018132,232.30830956321645,232.30830956321645,0.007352941176470588,nan,nan
Dipole fitting (grid),-5,-5,deep_plus_two_surface,case_weighted_within_scenario,67,1,0.5115271444769918,0.5161077204747803,0.5166056740948546,0.5,1.7637680788769146,5.239578385800211,10.459781217742407,nan,nan,0.0,nan,1.8059701492537314,1.8059701492537314,0.0,5.239578385800211,77.1968948411857,234.02911185627735,234.02911185627735,0.0,nan,nan
Dipole fitting (grid),-5,-5,surface_only,case_weighted_within_scenario,136,1,0.520488673617288,0.5206507981975139,0.5206506678517359,nan,1.6712623496851275,7.252181666005298,8.862197950890819,nan,nan,0.0,nan,1.3014705882352942,1.3014705882352942,0.0,7.252181666005298,8.862197950890819,nan,nan,nan,1.0,nan
Dipole fitting (grid),-5,0,deep_only,case_weighted_within_scenario,30,1,1.0,1.0,nan,1.0,0.09698205944916288,nan,nan,0.0,0.0,1.0,0.0,1.4666666666666666,0.4666666666666667,1.0,nan,nan,0.0,0.0,1.0,nan,nan
Dipole fitting (grid),-5,0,deep_plus_surface,case_weighted_within_scenario,136,1,0.5181093967140156,0.5218044237202658,0.5220788913468324,0.5129901960784314,1.7150834405466504,7.120027792967674,8.946870444511966,7.4933095799755565,7.4933095799755565,0.06543044607592312,7.4933095799755565,1.4411764705882353,1.3602941176470589,0.08088235294117647,7.120027792967674,8.946870444511966,220.55681115279415,220.55681115279415,0.058823529411764705,nan,nan
Dipole fitting (grid),-5,0,deep_plus_two_surface,case_weighted_within_scenario,67,1,0.5155465695555078,0.5185256991524344,0.5188518216730185,0.5064676616915423,1.7494088187213752,4.736878573896864,8.522486760455973,10.786893227624043,10.786893227624043,0.0413432139319698,10.786893227624043,2.1044776119402986,2.0597014925373136,0.04477611940298507,4.736878573896864,45.5459625224565,227.19242194115495,227.19242194115495,0.029850746268656716,nan,nan
Dipole fitting (grid),-5,0,surface_only,case_weighted_within_scenario,136,1,0.5206233750795521,0.5209008402364681,0.520900648422411,nan,1.6614602568781107,7.065030532476398,8.526835277420119,nan,nan,0.0,nan,1.3970588235294117,1.3970588235294117,0.0,7.065030532476398,8.526835277420119,nan,nan,nan,1.0,nan
Dipole fitting (grid),-5,5,deep_only,case_weighted_within_scenario,30,1,1.0,1.0,nan,1.0,0.03166054306180084,nan,nan,0.0,0.0,1.0,0.0,1.5666666666666667,0.5666666666666667,1.0,nan,nan,0.0,0.0,1.0,nan,nan
Dipole fitting (grid),-5,5,deep_plus_surface,case_weighted_within_scenario,136,1,0.5435004470790785,0.5241593069566434,0.5214511069529566,0.564950980392157,1.6644830995393378,9.253878877483183,9.917598988326239,4.373166114078798,4.373166114078798,0.12055865504793954,4.373166114078798,1.6544117647058822,1.4852941176470589,0.16911764705882354,9.253878877483183,9.917598988326239,198.11285192984928,198.11285192984928,0.15441176470588236,nan,nan
Dipole fitting (grid),-5,5,deep_plus_two_surface,case_weighted_within_scenario,67,1,0.51699575037755,0.517549137951817,0.5176631125324812,0.5144278606965175,1.727372024821632,5.20816593608109,8.02065478024413,3.333333133117851,3.333333133117851,0.03549983028711465,3.333333133117851,2.1641791044776117,2.1194029850746268,0.04477611940298507,5.20816593608109,45.12652086735406,223.69945012240453,223.69945012240453,0.04477611940298507,nan,nan
Dipole fitting (grid),-5,5,surface_only,case_weighted_within_scenario,136,1,0.5212248396811204,0.5215981938580654,0.5215979093208011,nan,1.664600309195309,6.440923604780676,8.90554373667899,nan,nan,0.0,nan,1.4411764705882353,1.4411764705882353,0.0,6.440923604780676,8.90554373667899,nan,nan,nan,1.0,nan
Dipole fitting (grid),-5,10,deep_only,case_weighted_within_scenario,30,1,1.0,1.0,nan,1.0,0.01223780293190568,nan,nan,0.0,0.0,1.0,0.0,2.7333333333333334,1.7333333333333334,1.0,nan,nan,0.0,0.0,1.0,nan,nan
Dipole fitting (grid),-5,10,deep_plus_surface,case_weighted_within_scenario,136,1,0.5499871729422832,0.5228071056770351,0.5196865972093622,0.5786764705882353,1.6799227838467918,9.252018581484057,10.529071839175648,3.0368429738265745,3.0368429738265745,0.13853708530012798,3.0368429738265745,1.7941176470588236,1.5661764705882353,0.22794117647058823,9.252018581484057,10.529071839175648,182.99327832904245,182.99327832904245,0.22058823529411764,nan,nan
Dipole fitting (grid),-5,10,deep_plus_two_surface,case_weighted_within_scenario,67,1,0.5117295022034793,0.5172220378067742,0.5177600576199152,0.4990049751243782,1.765190541171599,5.247826698780825,8.229302356821059,9.999999794126442,9.999999794126442,0.028083833801267274,9.999999794126442,2.08955223880597,2.0597014925373136,0.029850746268656716,5.247826698780825,45.30091287165717,227.34167567531762,227.34167567531762,0.029850746268656716,nan,nan
Dipole fitting (grid),-5,10,surface_only,case_weighted_within_scenario,136,1,0.5198311890497446,0.5203376917712267,0.5203378621809618,nan,1.6881957649701596,6.259700002290056,8.968849765633294,nan,nan,0.001298839390718085,nan,1.4705882352941178,1.463235294117647,0.007352941176470588,6.259700002290056,8.968849765633294,nan,nan,nan,0.9926470588235294,nan
Dipole fitting (grid),-5,15,deep_only,case_weighted_within_scenario,30,1,1.0,1.0,nan,1.0,0.0041804937203826446,nan,nan,0.0,0.0,1.0,0.0,2.433333333333333,1.4333333333333333,1.0,nan,nan,0.0,0.0,1.0,nan,nan
Dipole fitting (grid),-5,15,deep_plus_surface,case_weighted_within_scenario,136,1,0.538622803139919,0.5212182495421489,0.5190011870528557,0.5568627450980392,1.7130666039082891,9.798455852349948,12.273455738063051,4.0236892326658635,4.0236892326658635,0.1022097062423658,4.0236892326658635,1.625,1.4485294117647058,0.17647058823529413,9.798455852349948,12.273455738063051,199.9071836360638,199.9071836360638,0.14705882352941177,nan,nan
Dipole fitting (grid),-5,15,deep_plus_two_surface,case_weighted_within_scenario,67,1,0.5161199062281517,0.5168320924973623,0.5169051959586607,0.5144278606965175,1.756944678212835,6.837475062026903,9.27939040324132,3.333333133117851,3.333333133117851,0.03217431302879315,3.333333133117851,2.1940298507462686,2.1492537313432836,0.04477611940298507,6.837475062026903,32.7607045849018,223.69945012240453,223.69945012240453,0.04477611940298507,nan,nan
Dipole fitting (grid),-5,15,surface_only,case_weighted_within_scenario,136,1,0.5198516572037062,0.5203103593816492,0.5203100378349241,nan,1.7022630030322403,5.996103681316577,8.67418257061488,nan,nan,0.0,nan,1.411764705882353,1.411764705882353,0.0,5.996103681316577,8.67418257061488,nan,nan,nan,1.0,nan
Dipole fitting (grid),-5,20,deep_only,case_weighted_within_scenario,30,1,1.0,1.0,nan,1.0,0.001193901551744822,nan,nan,0.0,0.0,1.0,0.0,2.6666666666666665,1.6666666666666667,1.0,nan,nan,0.0,0.0,1.0,nan,nan
Dipole fitting (grid),-5,20,deep_plus_surface,case_weighted_within_scenario,136,1,0.5475145211082858,0.5217611154420743,0.5186405156049164,0.5752450980392156,1.6888257263778628,9.46484419126712,10.594721574728409,3.0442852069218045,3.0442852069218045,0.12801002529350353,3.0442852069218045,1.6176470588235294,1.4044117647058822,0.21323529411764705,9.46484419126712,10.594721574728409,188.0086264051396,188.0086264051396,0.19852941176470587,nan,nan
Dipole fitting (grid),-5,20,deep_plus_two_surface,case_weighted_within_scenario,67,1,0.5140653933807054,0.5172670586240565,0.5176123740516644,0.5064676616915423,1.7706792062427525,6.191447606144343,9.498046368492952,6.666666266235704,6.666666266235704,0.03108377761162175,6.666666266235704,2.044776119402985,2.0,0.04477611940298507,6.191447606144343,49.71256556033494,223.84870384478296,223.84870384478296,0.04477611940298507,nan,nan
Dipole fitting (grid),-5,20,surface_only,case_weighted_within_scenario,136,1,0.5193328444950721,0.5198751736396071,0.5198753405323929,nan,1.7018109260191654,6.782878276646096,10.159876018485106,nan,nan,0.0020533293995097894,nan,1.4191176470588236,1.411764705882353,0.007352941176470588,6.782878276646096,10.159876018485106,nan,nan,nan,0.9926470588235294,nan
Dipole fitting (grid),0,-10,deep_only,case_weighted_within_scenario,30,1,0.95,0.9499911264918585,nan,0.9466666666666667,0.4832205535057809,nan,nan,1.2761423674512116,1.2761423674512116,1.0,1.2761423674512116,1.2666666666666666,0.26666666666666666,1.0,nan,nan,15.935274103730276,15.935274103730276,0.9333333333333333,nan,nan
Dipole fitting (grid),0,-10,deep_plus_surface,case_weighted_within_scenario,136,1,0.5114077524285892,0.5214923643337306,0.5229663575900405,0.5,1.7223873343714424,3.979415784094967,8.537256940366339,nan,nan,0.0,nan,1.2058823529411764,1.2058823529411764,0.0,3.979415784094967,8.537256940366339,234.02911185627732,234.02911185627732,0.0,nan,nan
Dipole fitting (grid),0,-10,deep_plus_two_surface,case_weighted_within_scenario,67,1,0.5101569938976719,0.5142510293053115,0.514695568905328,0.5,1.7926125085786897,4.72790552671597,9.852749553115922,nan,nan,0.0,nan,1.8208955223880596,1.8208955223880596,0.0,4.72790552671597,80.1169825138083,234.02911185627735,234.02911185627735,0.0,nan,nan
Dipole fitting (grid),0,-10,surface_only,case_weighted_within_scenario,136,1,0.5210005962418227,0.5211615125977439,0.5211614149781181,nan,1.6553003095959056,3.8708186042947026,8.520455686825924,nan,nan,0.0,nan,1.2058823529411764,1.2058823529411764,0.0,3.8708186042947026,8.520455686825924,nan,nan,nan,1.0,nan
Dipole fitting (grid),0,-5,deep_only,case_weighted_within_scenario,30,1,1.0,1.0,nan,1.0,0.17403269135120647,nan,nan,0.0,0.0,1.0,0.0,1.5333333333333334,0.5333333333333333,1.0,nan,nan,0.0,0.0,1.0,nan,nan
Dipole fitting (grid),0,-5,deep_plus_surface,case_weighted_within_scenario,136,1,0.5151217275055192,0.5220962161189355,0.5231125544790967,0.5071078431372549,1.7135487017484128,4.523978261216918,8.784659956413176,4.714045042367268,4.714045042367268,0.014110664857739227,4.714045042367268,1.2794117647058822,1.2573529411764706,0.022058823529411766,4.523978261216918,8.784659956413176,230.58750727015558,230.58750727015558,0.014705882352941176,nan,nan
Dipole fitting (grid),0,-5,deep_plus_two_surface,case_weighted_within_scenario,67,1,0.5143784686848939,0.51708343768566,0.5172777684170612,0.5074626865671642,1.7348914156446649,4.430367998412103,8.94678578578927,0.0,0.0,0.011665901803825419,0.0,1.955223880597015,1.9402985074626866,0.014925373134328358,4.430367998412103,59.33835132395824,230.53614003752693,230.53614003752693,0.014925373134328358,nan,nan
Dipole fitting (grid),0,-5,surface_only,case_weighted_within_scenario,136,1,0.521965517627194,0.5221505450236963,0.5221504100074947,nan,1.6478501936414995,4.994804888483146,8.07724035202823,nan,nan,0.0,nan,1.3308823529411764,1.3308823529411764,0.0,4.994804888483146,8.07724035202823,nan,nan,nan,1.0,nan
Dipole fitting (grid),0,0,deep_only,case_weighted_within_scenario,30,1,1.0,1.0,nan,1.0,0.0882447350830586,nan,nan,0.0,0.0,1.0,0.0,1.4333333333333333,0.43333333333333335,1.0,nan,nan,0.0,0.0,1.0,nan,nan
Dipole fitting (grid),0,0,deep_plus_surface,case_weighted_within_scenario,136,1,0.5260173081247409,0.523178971240959,0.5230664882007193,0.5284313725490196,1.6897431812106463,6.08470356458493,8.573700334841138,4.368867100548113,4.368867100548113,0.06653316901088475,4.368867100548113,1.5073529411764706,1.4191176470588236,0.08823529411764706,6.08470356458493,8.573700334841138,218.61542062607776,218.61542062607776,0.0661764705882353,nan,nan
Dipole fitting (grid),0,0,deep_plus_two_surface,case_weighted_within_scenario,67,1,0.5152182469083668,0.5184004134532391,0.5187552434966066,0.5074626865671642,1.745025978760041,5.495410461993472,8.641921583009658,0.0,0.0,0.010547970903946923,0.0,2.208955223880597,2.1940298507462686,0.014925373134328358,5.495410461993472,32.18983698469434,230.53614003752693,230.53614003752693,0.014925373134328358,nan,nan
Dipole fitting (grid),0,0,surface_only,case_weighted_within_scenario,136,1,0.5225624129654894,0.5228248284434808,0.5228246500167743,nan,1.6551011292309237,4.7307849137505515,8.42677666610972,nan,nan,0.0,nan,1.3529411764705883,1.3529411764705883,0.0,4.7307849137505515,8.42677666610972,nan,nan,nan,1.0,nan
Dipole fitting (grid),0,5,deep_only,case_weighted_within_scenario,30,1,1.0,1.0,nan,1.0,0.03234616583276313,nan,nan,0.0,0.0,1.0,0.0,1.6,0.6,1.0,nan,nan,0.0,0.0,1.0,nan,nan
Dipole fitting (grid),0,5,deep_plus_surface,case_weighted_within_scenario,136,1,0.5477047146863764,0.5248035207752442,0.5223677981101571,0.5727941176470589,1.628861202133274,6.034259268107367,8.909688583383563,1.4844406576658546,1.4844406576658546,0.12027864465356425,1.4844406576658546,1.5661764705882353,1.3970588235294117,0.16911764705882354,6.034259268107367,8.909688583383563,196.31852022944022,196.31852022944022,0.16176470588235295,nan,nan
Dipole fitting (grid),0,5,deep_plus_two_surface,case_weighted_within_scenario,67,1,0.5184557266786348,0.5195092015976625,0.5196668964419817,0.5139303482587065,1.7197259103617708,5.280611140732185,8.283423549504668,4.999999699676777,4.999999699676777,0.044229917218059384,4.999999699676777,2.1940298507462686,2.1343283582089554,0.05970149253731343,5.280611140732185,52.08482575828146,220.35573202603254,220.35573202603254,0.05970149253731343,nan,nan
Dipole fitting (grid),0,5,surface_only,case_weighted_within_scenario,136,1,0.5217073086950248,0.5221075770018762,0.5221077795320058,nan,1.6625404680923987,5.796557885553464,8.681233757723202,nan,nan,0.0015644665397431326,nan,1.4926470588235294,1.4852941176470589,0.007352941176470588,5.796557885553464,8.681233757723202,nan,nan,nan,0.9926470588235294,nan
Dipole fitting (grid),0,10,deep_only,case_weighted_within_scenario,30,1,1.0,1.0,nan,1.0,0.019917800178273312,nan,nan,0.0,0.0,1.0,0.0,2.466666666666667,1.4666666666666666,1.0,nan,nan,0.0,0.0,1.0,nan,nan
Dipole fitting (grid),0,10,deep_plus_surface,case_weighted_within_scenario,136,1,0.5529548895776365,0.5252868421631258,0.5219252086371631,0.5818627450980391,1.6584297662964802,6.775198553473574,8.932697876709062,3.722604155990703,3.722604155990703,0.14522619648137874,3.722604155990703,1.7794117647058822,1.5294117647058822,0.25,6.775198553473574,8.932697876709062,182.91974893330521,182.91974893330521,0.22058823529411764,nan,nan
Dipole fitting (grid),0,10,deep_plus_two_surface,case_weighted_within_scenario,67,1,0.517885635802236,0.5187469183903467,0.5189214344895832,0.5144278606965175,1.718015952199853,5.667719581216315,8.484596796790989,3.333333133117851,3.333333133117851,0.03126024207512531,3.333333133117851,2.2388059701492535,2.1940298507462686,0.04477611940298507,5.667719581216315,42.14795725343074,223.69945012240453,223.69945012240453,0.04477611940298507,nan,nan
Dipole fitting (grid),0,10,surface_only,case_weighted_within_scenario,136,1,0.5218888805025022,0.5223934876379143,0.5223936685432944,nan,1.6600744549051794,5.744302262823449,8.675213488064196,nan,nan,0.0019575555296472043,nan,1.5441176470588236,1.536764705882353,0.007352941176470588,5.744302262823449,8.675213488064196,nan,nan,nan,0.9926470588235294,nan
Dipole fitting (grid),0,15,deep_only,case_weighted_within_scenario,30,1,1.0,1.0,nan,1.0,0.003648844996819045,nan,nan,0.0,0.0,1.0,0.0,2.6666666666666665,1.6666666666666667,1.0,nan,nan,0.0,0.0,1.0,nan,nan
Dipole fitting (grid),0,15,deep_plus_surface,case_weighted_within_scenario,136,1,0.5408833155957768,0.5219325645680387,0.5199037609987689,0.5605392156862745,1.7016397318151089,9.420880695140859,11.838730591882442,4.028427123719731,4.028427123719731,0.11061673011765982,4.028427123719731,1.6838235294117647,1.5,0.18382352941176472,9.420880695140859,11.838730591882442,199.83365422291013,199.83365422291013,0.14705882352941177,nan,nan
Dipole fitting (grid),0,15,deep_plus_two_surface,case_weighted_within_scenario,67,1,0.5174674877326482,0.518324693487519,0.5184494198842887,0.5144278606965175,1.7379097450483618,5.926694658704758,9.136991371361194,3.333333133117851,3.333333133117851,0.03162010097581088,3.333333133117851,2.208955223880597,2.1641791044776117,0.04477611940298507,5.926694658704758,29.27658425060741,223.69945012240453,223.69945012240453,0.04477611940298507,nan,nan
Dipole fitting (grid),0,15,surface_only,case_weighted_within_scenario,136,1,0.5204375902988689,0.5209022827989372,0.5209029230809624,nan,1.6812361721467257,6.367601562464745,9.186741807997185,nan,nan,0.0037076635489232436,nan,1.5,1.4852941176470589,0.014705882352941176,6.367601562464745,9.186741807997185,nan,nan,nan,0.9852941176470589,nan
Dipole fitting (grid),0,20,deep_only,case_weighted_within_scenario,30,1,1.0,1.0,nan,1.0,0.0010297927137260172,nan,nan,0.0,0.0,1.0,0.0,2.6666666666666665,1.6666666666666667,1.0,nan,nan,0.0,0.0,1.0,nan,nan
Dipole fitting (grid),0,20,deep_plus_surface,case_weighted_within_scenario,136,1,0.5406738699349272,0.5219161269791762,0.5196961875831244,0.5607843137254903,1.6963895480358397,8.900446801624886,10.723419887851904,3.4344336229392174,3.4344336229392174,0.10612505406699994,3.4344336229392174,1.588235294117647,1.411764705882353,0.17647058823529413,8.900446801624886,10.723419887851904,198.18638134300295,198.18638134300295,0.15441176470588236,nan,nan
Dipole fitting (grid),0,20,deep_plus_two_surface,case_weighted_within_scenario,67,1,0.518498873067496,0.520114295251287,0.5203135304462677,0.5139303482587065,1.7373120065796992,5.658895469840754,8.487350311358092,4.999999699676776,4.999999699676776,0.04851232783375046,4.999999699676776,2.1791044776119404,2.1194029850746268,0.05970149253731343,5.658895469840754,48.88288969253766,220.35573202603254,220.35573202603254,0.05970149253731343,nan,nan
Dipole fitting (grid),0,20,surface_only,case_weighted_within_scenario,136,1,0.519576022768647,0.520063481220729,0.5200641128863249,nan,1.6997971756392398,7.131349444373021,10.139534222681073,nan,nan,0.003872428663261876,nan,1.411764705882353,1.3970588235294117,0.014705882352941176,7.131349444373021,10.139534222681073,nan,nan,nan,0.9852941176470589,nan
Dipole fitting (grid),5,-10,deep_only,case_weighted_within_scenario,30,1,1.0,1.0,nan,1.0,0.11238832457238819,nan,nan,0.0,0.0,1.0,0.0,1.2666666666666666,0.26666666666666666,1.0,nan,nan,0.0,0.0,1.0,nan,nan
Dipole fitting (grid),5,-10,deep_plus_surface,case_weighted_within_scenario,136,1,0.5256602953231388,0.5192494508772921,0.5185324289556432,0.5311274509803922,1.7308665139913875,6.208421975326859,9.136926115814404,6.4764517968257715,6.4764517968257715,0.08807164993543264,6.4764517968257715,1.4705882352941178,1.3455882352941178,0.125,6.208421975326859,9.136926115814404,211.95279970703425,211.95279970703425,0.09558823529411764,nan,nan
Dipole fitting (grid),5,-10,deep_plus_two_surface,case_weighted_within_scenario,67,1,0.5116799384952233,0.5165700281568693,0.5171001130401128,0.49950248756218907,1.7810577648325552,5.64253627298667,9.62278476855953,20.000000377798674,20.000000377798674,0.014864259165303515,20.000000377798674,2.1194029850746268,2.1044776119402986,0.014925373134328358,5.64253627298667,49.81496275441944,234.02911185627735,234.02911185627735,0.0,nan,nan
Dipole fitting (grid),5,-10,surface_only,case_weighted_within_scenario,136,1,0.5221119931431051,0.5223399265777424,0.5223402546338045,nan,1.6517448244066457,4.32971365473646,8.481499817854598,nan,nan,0.003814471529511339,nan,1.286764705882353,1.2794117647058822,0.007352941176470588,4.32971365473646,8.481499817854598,nan,nan,nan,0.9926470588235294,nan
Dipole fitting (grid),5,-5,deep_only,case_weighted_within_scenario,30,1,1.0,1.0,nan,1.0,0.08608623260174628,nan,nan,0.0,0.0,1.0,0.0,1.2,0.2,1.0,nan,nan,0.0,0.0,1.0,nan,nan
Dipole fitting (grid),5,-5,deep_plus_surface,case_weighted_within_scenario,136,1,0.5375053222631162,0.5251439934808665,0.5239158025940346,0.5497549019607844,1.650171441808526,5.892139179873783,8.666846536111644,4.2208110956208955,4.2208110956208955,0.09742394578249403,4.2208110956208955,1.5147058823529411,1.3602941176470589,0.15441176470588236,5.892139179873783,8.666846536111644,201.7015153449228,201.7015153449228,0.13970588235294118,nan,nan
Dipole fitting (grid),5,-5,deep_plus_two_surface,case_weighted_within_scenario,67,1,0.518519431340631,0.5195660737501474,0.5197350660774428,0.5149253731343284,1.7258254013275744,4.94924801466305,9.044547756974977,0.0,0.0,0.02578440209258755,0.0,2.2388059701492535,2.208955223880597,0.029850746268656716,4.94924801466305,42.62433344343802,227.04316821877654,227.04316821877654,0.029850746268656716,nan,nan
Dipole fitting (grid),5,-5,surface_only,case_weighted_within_scenario,136,1,0.5208447877498505,0.5211067861005293,0.5211066232564301,nan,1.656903095759433,3.855305776328397,8.217494529308967,nan,nan,0.0,nan,1.286764705882353,1.286764705882353,0.0,3.855305776328397,8.217494529308967,nan,nan,nan,1.0,nan
Dipole fitting (grid),5,0,deep_only,case_weighted_within_scenario,30,1,1.0,1.0,nan,1.0,0.06102077928291171,nan,nan,0.0,0.0,1.0,0.0,1.4666666666666666,0.4666666666666667,1.0,nan,nan,0.0,0.0,1.0,nan,nan
Dipole fitting (grid),5,0,deep_plus_surface,case_weighted_within_scenario,136,1,0.5455351709107181,0.5272320042960599,0.5252624745115969,0.5634803921568627,1.642644973669924,5.049883475776573,8.397152503792464,4.650096911809749,4.650096911809749,0.12852385398141206,4.650096911809749,1.6764705882352942,1.463235294117647,0.21323529411764705,5.049883475776573,8.397152503792464,194.8183061584239,194.8183061584239,0.16911764705882354,nan,nan
Dipole fitting (grid),5,0,deep_plus_two_surface,case_weighted_within_scenario,67,1,0.5210632715578966,0.5200417771194004,0.5199978300401084,0.5223880597014925,1.6997106658056509,4.742559338918865,8.098812160576212,0.0,0.0,0.03317564511212214,0.0,2.1791044776119404,2.1343283582089554,0.04477611940298507,4.742559338918865,38.44765838835696,223.55019640002615,223.55019640002615,0.04477611940298507,nan,nan
Dipole fitting (grid),5,0,surface_only,case_weighted_within_scenario,136,1,0.5240876856298455,0.5244577406720395,0.5244575276530244,nan,1.6244765204562752,4.367291298118719,8.174728203916075,nan,nan,0.0,nan,1.411764705882353,1.411764705882353,0.0,4.367291298118719,8.174728203916075,nan,nan,nan,1.0,nan
Dipole fitting (grid),5,5,deep_only,case_weighted_within_scenario,30,1,1.0,1.0,nan,1.0,0.029436058722071317,nan,nan,0.0,0.0,1.0,0.0,1.6,0.6,1.0,nan,nan,0.0,0.0,1.0,nan,nan
Dipole fitting (grid),5,5,deep_plus_surface,case_weighted_within_scenario,136,1,0.5591011580197597,0.5268118796049233,0.5230756942112748,0.5936274509803922,1.6240301692388661,5.985526305883859,8.43893038072993,2.7184236259616315,2.7184236259616315,0.1410115201693141,2.7184236259616315,1.7794117647058822,1.5294117647058822,0.25,5.985526305883859,8.43893038072993,181.0518878081315,181.0518878081315,0.22794117647058823,nan,nan
Dipole fitting (grid),5,5,deep_plus_two_surface,case_weighted_within_scenario,67,1,0.5211516196091243,0.5201192439846986,0.5200829536729497,0.5218905472636817,1.7115809797879842,4.30128912889815,8.091797449271258,2.499999849838388,2.4999998498383884,0.03405528703137538,2.4999998498383884,2.298507462686567,2.2388059701492535,0.05970149253731343,4.30128912889815,18.20839361674914,220.2064783036541,220.2064783036541,0.05970149253731343,nan,nan
Dipole fitting (grid),5,5,surface_only,case_weighted_within_scenario,136,1,0.5233931140460562,0.5238339260226911,0.5238336497732679,nan,1.6235080952033987,4.528803553029275,8.336709620045678,nan,nan,0.0,nan,1.5,1.5,0.0,4.528803553029275,8.336709620045678,nan,nan,nan,1.0,nan
Dipole fitting (grid),5,10,deep_only,case_weighted_within_scenario,30,1,1.0,1.0,nan,1.0,0.011533636745824973,nan,nan,0.0,0.0,1.0,0.0,2.7666666666666666,1.7666666666666666,1.0,nan,nan,0.0,0.0,1.0,nan,nan
Dipole fitting (grid),5,10,deep_plus_surface,case_weighted_within_scenario,136,1,0.5536503163664271,0.526524775641221,0.5234917742213057,0.5830882352941177,1.6244868591591621,7.284900760783556,10.282340392687438,2.354630015531315,2.354630015531315,0.12112068123727723,2.354630015531315,1.7647058823529411,1.5514705882352942,0.21323529411764705,7.284900760783556,10.282340392687438,187.86156757883225,187.86156757883225,0.19852941176470587,nan,nan
Dipole fitting (grid),5,10,deep_plus_two_surface,case_weighted_within_scenario,67,1,0.518545329750639,0.5197872398661162,0.5199568369279869,0.5144278606965175,1.7086630426078304,4.575155116259763,8.488020439877726,3.333333133117851,3.333333133117851,0.03207877852428921,3.333333133117851,2.1940298507462686,2.1492537313432836,0.04477611940298507,4.575155116259763,45.51715485152542,223.69945012240453,223.69945012240453,0.04477611940298507,nan,nan
Dipole fitting (grid),5,10,surface_only,case_weighted_within_scenario,136,1,0.5235994499082519,0.5241134648050196,0.5241131593479639,nan,1.6371321757917334,4.752539003943116,8.05359002598116,nan,nan,0.0,nan,1.536764705882353,1.536764705882353,0.0,4.752539003943116,8.05359002598116,nan,nan,nan,1.0,nan
Dipole fitting (grid),5,15,deep_only,case_weighted_within_scenario,30,1,1.0,1.0,nan,1.0,0.0033767476338564554,nan,nan,0.0,0.0,1.0,0.0,2.6333333333333333,1.6333333333333333,1.0,nan,nan,0.0,0.0,1.0,nan,nan
Dipole fitting (grid),5,15,deep_plus_surface,case_weighted_within_scenario,136,1,0.5515627377018217,0.5257799141404874,0.5226620039755779,0.5791666666666666,1.6467199063411735,7.474474443542938,9.96575563378105,2.4137930129160843,2.4137930129160843,0.13798758292038749,2.4137930129160843,1.7352941176470589,1.5220588235294117,0.21323529411764705,7.474474443542938,9.96575563378105,184.64055122056058,184.64055122056058,0.21323529411764705,nan,nan
Dipole fitting (grid),5,15,deep_plus_two_surface,case_weighted_within_scenario,67,1,0.5185439432776171,0.5197331841403995,0.5198693904262114,0.5144278606965175,1.7228283567521705,4.440422896299247,7.781310431319494,3.333333133117851,3.333333133117851,0.0315076906588619,3.333333133117851,2.2238805970149254,2.1791044776119404,0.04477611940298507,4.440422896299247,31.419140430941948,223.69945012240453,223.69945012240453,0.04477611940298507,nan,nan
Dipole fitting (grid),5,15,surface_only,case_weighted_within_scenario,136,1,0.5230402335886133,0.5235573675232574,0.5235580170029605,nan,1.654412979861451,5.213098845541338,8.35304277295171,nan,nan,0.0036208189444441705,nan,1.5294117647058822,1.5147058823529411,0.014705882352941176,5.213098845541338,8.35304277295171,nan,nan,nan,0.9926470588235294,nan
Dipole fitting (grid),5,20,deep_only,case_weighted_within_scenario,30,1,1.0,1.0,nan,1.0,0.0010953588377959392,nan,nan,0.0,0.0,1.0,0.0,2.6,1.6,1.0,nan,nan,0.0,0.0,1.0,nan,nan
Dipole fitting (grid),5,20,deep_plus_surface,case_weighted_within_scenario,136,1,0.544089176058471,0.5216401869332588,0.519064589830292,0.5686274509803922,1.6911676381882772,9.16109415545516,10.08240434653903,2.6011002124830505,2.6011002124830505,0.09462685567629273,2.6011002124830505,1.6911764705882353,1.5147058823529411,0.17647058823529413,9.16109415545516,10.08240434653903,198.0393225166956,198.0393225166956,0.15441176470588236,nan,nan
Dipole fitting (grid),5,20,deep_plus_two_surface,case_weighted_within_scenario,67,1,0.520123346240896,0.5192345236856614,0.5191903178540617,0.5223880597014925,1.7204858917295478,5.506734257588375,8.299831210673231,0.0,0.0,0.03457098787013798,0.0,2.1791044776119404,2.1343283582089554,0.04477611940298507,5.506734257588375,45.35986236144406,223.55019640002615,223.55019640002615,0.04477611940298507,nan,nan
Dipole fitting (grid),5,20,surface_only,case_weighted_within_scenario,136,1,0.5210245111784103,0.5215472536858689,0.52154740233967,nan,1.67675813644316,6.76302731006192,8.946930776145946,nan,nan,0.002189335034774606,nan,1.5,1.4926470588235294,0.007352941176470588,6.76302731006192,8.946930776145946,nan,nan,nan,0.9926470588235294,nan
Dipole fitting (grid),10,-10,deep_only,case_weighted_within_scenario,30,1,1.0,1.0,nan,1.0,0.03635129642406594,nan,nan,0.0,0.0,1.0,0.0,1.0666666666666667,0.06666666666666667,1.0,nan,nan,0.0,0.0,1.0,nan,nan
Dipole fitting (grid),10,-10,deep_plus_surface,case_weighted_within_scenario,136,1,0.5467133532968714,0.5233928676782748,0.5201728838693775,0.5693627450980392,1.6758909685700836,7.485511243988694,9.968513043881309,6.130496120405856,6.130496120405856,0.14307207698494295,6.130496120405856,1.6911764705882353,1.4191176470588236,0.27205882352941174,7.485511243988694,9.968513043881309,183.14033719179412,183.14033719179412,0.22058823529411764,nan,nan
Dipole fitting (grid),10,-10,deep_plus_two_surface,case_weighted_within_scenario,67,1,0.5139595997642636,0.5161873060604227,0.5164653692877209,0.5049751243781095,1.7855872630099834,7.710333305033914,10.441474277862426,12.071067742517203,12.071067742517203,0.056538212520730435,12.071067742517203,2.4328358208955225,2.343283582089552,0.08955223880597014,7.710333305033914,40.4756345495898,220.50498576556313,220.50498576556313,0.05970149253731343,nan,nan
Dipole fitting (grid),10,-10,surface_only,case_weighted_within_scenario,136,1,0.5211230493074113,0.5214595813627022,0.5214593744938095,nan,1.6745349230088231,4.737563700178551,8.85342376980353,nan,nan,0.0,nan,1.3308823529411764,1.3308823529411764,0.0,4.737563700178551,8.85342376980353,nan,nan,nan,1.0,nan
Dipole fitting (grid),10,-5,deep_only,case_weighted_within_scenario,30,1,1.0,1.0,nan,1.0,0.034185925828423565,nan,nan,0.0,0.0,1.0,0.0,1.1333333333333333,0.13333333333333333,1.0,nan,nan,0.0,0.0,1.0,nan,nan
Dipole fitting (grid),10,-5,deep_plus_surface,case_weighted_within_scenario,136,1,0.5676916985887601,0.526932036575199,0.5217275902331941,0.6102941176470589,1.6183414319876126,6.194328687053647,8.700059197385087,3.979812160933646,3.979812160933646,0.16841899231858234,3.979812160933646,1.7352941176470589,1.3970588235294117,0.3382352941176471,6.194328687053647,8.700059197385087,165.85878484538733,165.85878484538733,0.29411764705882354,nan,nan
Dipole fitting (grid),10,-5,deep_plus_two_surface,case_weighted_within_scenario,67,1,0.5201193544601065,0.5183452102091175,0.5182537885004139,0.5203980099502488,1.7398239146575496,6.063508337471056,9.807016853337853,6.897753238309899,6.897753238309899,0.061703419842067966,6.897753238309899,2.417910447761194,2.3134328358208953,0.1044776119402985,6.063508337471056,26.54000901773632,216.86276023085068,216.86276023085068,0.07462686567164178,nan,nan
Dipole fitting (grid),10,-5,surface_only,case_weighted_within_scenario,136,1,0.5211636421406015,0.52151165556037,0.5215114320416349,nan,1.663268181580634,4.5970661460910325,9.0592403247165,nan,nan,0.0,nan,1.3161764705882353,1.3161764705882353,0.0,4.5970661460910325,9.0592403247165,nan,nan,nan,1.0,nan
Dipole fitting (grid),10,0,deep_only,case_weighted_within_scenario,30,1,1.0,1.0,nan,1.0,0.030028529264534864,nan,nan,0.0,0.0,1.0,0.0,1.3666666666666667,0.36666666666666664,1.0,nan,nan,0.0,0.0,1.0,nan,nan
Dipole fitting (grid),10,0,deep_plus_surface,case_weighted_within_scenario,136,1,0.5745726543076788,0.530436195686898,0.524516209067362,0.6220588235294118,1.5936183112773454,6.945632567579656,8.665524783350637,4.05033605421033,4.05033605421033,0.17301119635543374,4.05033605421033,1.8897058823529411,1.5514705882352942,0.3382352941176471,6.945632567579656,8.665524783350637,170.58001524668094,170.58001524668094,0.27205882352941174,nan,nan
Dipole fitting (grid),10,0,deep_plus_two_surface,case_weighted_within_scenario,67,1,0.521349452528514,0.5198185975105822,0.5197677855700906,0.5208955223880598,1.710995014599326,5.184202259407423,8.991760602439133,5.69035578589245,5.69035578589245,0.05787575061526323,5.69035578589245,2.283582089552239,2.1940298507462686,0.08955223880597014,5.184202259407423,22.426826348936935,216.86276021906642,216.86276021906642,0.07462686567164178,nan,nan
Dipole fitting (grid),10,0,surface_only,case_weighted_within_scenario,136,1,0.5237315134837652,0.5241295764388046,0.5241293201178251,nan,1.6283227422809896,4.097630758377445,7.920374083437811,nan,nan,0.0,nan,1.3970588235294117,1.3970588235294117,0.0,4.097630758377445,7.920374083437811,nan,nan,nan,1.0,nan
Dipole fitting (grid),10,5,deep_only,case_weighted_within_scenario,30,1,1.0,1.0,nan,1.0,0.0191571906260841,nan,nan,0.0,0.0,1.0,0.0,1.7,0.7,1.0,nan,nan,0.0,0.0,1.0,nan,nan
Dipole fitting (grid),10,5,deep_plus_surface,case_weighted_within_scenario,136,1,0.5760340990081426,0.5291569804108922,0.5239042524760796,0.6254901960784314,1.5968403008013528,7.070086845636759,8.51476500601858,3.741128614039289,3.741128614039289,0.17714724377765093,3.741128614039289,1.8529411764705883,1.5,0.35294117647058826,7.070086845636759,8.51476500601858,165.56466719064468,165.56466719064468,0.29411764705882354,nan,nan
Dipole fitting (grid),10,5,deep_plus_two_surface,case_weighted_within_scenario,67,1,0.5239780231413189,0.5204058580910081,0.5201433455773964,0.5293532338308458,1.7036314021960952,5.176717206197131,8.925121279172032,1.999999879870711,1.999999879870711,0.037856356806442705,1.999999879870711,2.3134328358208953,2.2388059701492535,0.07462686567164178,5.176717206197131,19.004404439340927,216.71350648490372,216.71350648490372,0.07462686567164178,nan,nan
Dipole fitting (grid),10,5,surface_only,case_weighted_within_scenario,136,1,0.5237106095525174,0.5241946544365473,0.5241948188051979,nan,1.6272419189174576,4.597813937240805,8.362207804379553,nan,nan,0.0008579256933622793,nan,1.4485294117647058,1.4411764705882353,0.007352941176470588,4.597813937240805,8.362207804379553,nan,nan,nan,1.0,nan
Dipole fitting (grid),10,10,deep_only,case_weighted_within_scenario,30,1,1.0,1.0,nan,1.0,0.010706427822825139,nan,nan,0.0,0.0,1.0,0.0,2.8666666666666667,1.8666666666666667,1.0,nan,nan,0.0,0.0,1.0,nan,nan
Dipole fitting (grid),10,10,deep_plus_surface,case_weighted_within_scenario,136,1,0.5726459696343412,0.529565892271963,0.5245317552529063,0.6193627450980392,1.5772755179847053,4.875910362518109,7.987270841763381,2.6333038804988957,2.6333038804988957,0.1562700540690382,2.6333038804988957,1.7720588235294117,1.4705882352941178,0.3014705882352941,4.875910362518109,7.987270841763381,170.65354466512358,170.65354466512358,0.27205882352941174,nan,nan
Dipole fitting (grid),10,10,deep_plus_two_surface,case_weighted_within_scenario,67,1,0.5285843281265107,0.5207607007873869,0.5200652720943508,0.5437810945273632,1.6811845189793544,4.377358021107927,8.485836574958515,2.4999998498383884,2.4999998498383884,0.06362664319426105,2.4999998498383884,2.298507462686567,2.1791044776119404,0.11940298507462686,4.377358021107927,25.31742428251962,206.3838447510309,206.3838447510309,0.11940298507462686,nan,nan
Dipole fitting (grid),10,10,surface_only,case_weighted_within_scenario,136,1,0.5235582501870458,0.5240622288468176,0.5240623889298174,nan,1.6318584206925284,4.5010332201913155,7.908435837330624,nan,nan,0.0012857326721221302,nan,1.4852941176470589,1.4779411764705883,0.007352941176470588,4.5010332201913155,7.908435837330624,nan,nan,nan,0.9926470588235294,nan
Dipole fitting (grid),10,15,deep_only,case_weighted_within_scenario,30,1,1.0,1.0,nan,1.0,0.003346162880146121,nan,nan,0.0,0.0,1.0,0.0,2.6,1.6,1.0,nan,nan,0.0,0.0,1.0,nan,nan
Dipole fitting (grid),10,15,deep_plus_surface,case_weighted_within_scenario,136,1,0.5666340282394826,0.5284370597697078,0.5234264004936032,0.6095588235294118,1.597903692443495,5.734765913166541,8.6987222042227,1.285648675331142,1.285648675331142,0.12762177398138175,1.285648675331142,1.7205882352941178,1.4779411764705883,0.2426470588235294,5.734765913166541,8.6987222042227,182.40504306445143,182.40504306445143,0.22058823529411764,nan,nan
Dipole fitting (grid),10,15,deep_plus_two_surface,case_weighted_within_scenario,67,1,0.5165908934038386,0.5202028757369174,0.5206059145074589,0.5069651741293533,1.7087660397765456,5.845415457402981,8.715466554811654,5.000000274274246,5.000000274274246,0.02527088086643544,5.000000274274246,2.2686567164179103,2.2388059701492535,0.029850746268656716,5.845415457402981,35.618588381852334,227.19242195830714,227.19242195830714,0.029850746268656716,nan,nan
Dipole fitting (grid),10,15,surface_only,case_weighted_within_scenario,136,1,0.5231165973702856,0.5237040066376665,0.5237046309809489,nan,1.6432281287142028,4.913083605439452,7.984507502373,nan,nan,0.0023560983316689792,nan,1.5588235294117647,1.5441176470588236,0.014705882352941176,4.913083605439452,7.984507502373,nan,nan,nan,0.9852941176470589,nan
Dipole fitting (grid),10,20,deep_only,case_weighted_within_scenario,30,1,1.0,1.0,nan,1.0,0.0011321288668472078,nan,nan,0.0,0.0,1.0,0.0,2.6333333333333333,1.6333333333333333,1.0,nan,nan,0.0,0.0,1.0,nan,nan
Dipole fitting (grid),10,20,deep_plus_surface,case_weighted_within_scenario,136,1,0.5507247485113349,0.5242530957601734,0.521179205675631,0.5791666666666667,1.6602437052206318,8.042169895973526,10.708794348145378,2.8422898262237823,2.8422898262237823,0.11899735725160883,2.8422898262237823,1.75,1.536764705882353,0.21323529411764705,8.042169895973526,10.708794348145378,189.58236986608765,189.58236986608765,0.19117647058823528,nan,nan
Dipole fitting (grid),10,20,deep_plus_two_surface,case_weighted_within_scenario,67,1,0.520244329761749,0.5191979268457674,0.5190930879447369,0.5213930348258707,1.7127840849991327,5.106543295907273,8.2075943381617,3.999999759741422,3.999999759741422,0.046337844687499186,3.999999759741422,2.208955223880597,2.1343283582089554,0.07462686567164178,5.106543295907273,41.91229844534314,216.86276020728212,216.86276020728212,0.07462686567164178,nan,nan
Dipole fitting (grid),10,20,surface_only,case_weighted_within_scenario,136,1,0.5231467288794596,0.5236653481996254,0.5236655068490456,nan,1.6419911474027398,5.165468158139432,8.328615375479485,nan,nan,0.0007904877771180769,nan,1.4705882352941178,1.463235294117647,0.007352941176470588,5.165468158139432,8.328615375479485,nan,nan,nan,1.0,nan
Dipole fitting (grid),15,-10,deep_only,case_weighted_within_scenario,30,1,1.0,1.0,nan,1.0,0.010784227483137242,nan,nan,0.0,0.0,1.0,0.0,1.0,0.0,1.0,nan,nan,0.0,0.0,1.0,nan,nan
Dipole fitting (grid),15,-10,deep_plus_surface,case_weighted_within_scenario,136,1,0.5738573892440051,0.5265453478220526,0.5193560913129133,0.6259803921568627,1.642612266947823,7.921979771014774,10.471118966153984,3.066596554529948,3.066596554529948,0.16800610178377007,3.066596554529948,1.7647058823529411,1.4264705882352942,0.3382352941176471,7.921979771014774,10.471118966153984,165.63819661224832,165.63819661224832,0.29411764705882354,nan,nan
Dipole fitting (grid),15,-10,deep_plus_two_surface,case_weighted_within_scenario,67,1,0.5145898603667088,0.5141585496541369,0.5141531374112559,0.5114427860696518,1.809845126019043,8.746360289373387,11.382792210815287,9.151186660879343,9.151186660879343,0.07443717242950795,9.151186660879343,2.4029850746268657,2.2686567164179103,0.13432835820895522,8.746360289373387,47.93666558544339,206.98085969200108,206.98085969200108,0.11940298507462686,nan,nan
Dipole fitting (grid),15,-10,surface_only,case_weighted_within_scenario,136,1,0.5185267532342882,0.5189595758730018,0.5189592803128995,nan,1.6940825349511461,6.080770109501129,9.434231221078477,nan,nan,0.0,nan,1.375,1.375,0.0,6.080770109501129,9.434231221078477,nan,nan,nan,1.0,nan
Dipole fitting (grid),15,-5,deep_only,case_weighted_within_scenario,30,1,1.0,1.0,nan,1.0,0.011278519982577178,nan,nan,0.0,0.0,1.0,0.0,1.1333333333333333,0.13333333333333333,1.0,nan,nan,0.0,0.0,1.0,nan,nan
Dipole fitting (grid),15,-5,deep_plus_surface,case_weighted_within_scenario,136,1,0.5816719322604474,0.5280698733268688,0.5203722541885334,0.6404411764705882,1.6214447156514353,6.627519999548508,9.68580024217225,3.5313662485601665,3.5313662485601665,0.18549100244487426,3.5313662485601665,1.8014705882352942,1.4264705882352942,0.375,6.627519999548508,9.68580024217225,157.03418514113855,157.03418514113855,0.33088235294117646,nan,nan
Dipole fitting (grid),15,-5,deep_plus_two_surface,case_weighted_within_scenario,67,1,0.5235512178412792,0.5167846193497638,0.5161776058165297,0.5358208955223881,1.7380021360175453,6.867890624595353,10.20444176098337,4.267767117712178,4.267767117712178,0.0756356812659169,4.267767117712178,2.343283582089552,2.2238805970149254,0.11940298507462686,6.867890624595353,36.92977550370504,209.87681659871777,209.87681659871777,0.1044776119402985,nan,nan
Dipole fitting (grid),15,-5,surface_only,case_weighted_within_scenario,136,1,0.5210802401981999,0.5214594652442468,0.5214591718029638,nan,1.6674944176624302,4.282345099655201,8.622190089544302,nan,nan,0.0,nan,1.338235294117647,1.338235294117647,0.0,4.282345099655201,8.622190089544302,nan,nan,nan,1.0,nan
Dipole fitting (grid),15,0,deep_only,case_weighted_within_scenario,30,1,1.0,1.0,nan,1.0,0.01172187181466191,nan,nan,0.0,0.0,1.0,0.0,1.3333333333333333,0.3333333333333333,1.0,nan,nan,0.0,0.0,1.0,nan,nan
Dipole fitting (grid),15,0,deep_plus_surface,case_weighted_within_scenario,136,1,0.5880595352378892,0.5295565028767962,0.5222431247782126,0.6507352941176471,1.5893464344910053,5.735935051704691,9.241183106467368,3.2880734661229583,3.2880734661229583,0.2014057975736931,3.2880734661229583,1.8676470588235294,1.4485294117647058,0.41911764705882354,5.735935051704691,9.241183106467368,145.28268673864963,145.28268673864963,0.38235294117647056,nan,nan
Dipole fitting (grid),15,0,deep_plus_two_surface,case_weighted_within_scenario,67,1,0.5255515472228873,0.5194701749445583,0.5189420232386012,0.5348258706467661,1.7152449688547176,5.956921832422041,9.54878075218466,6.236068026973003,6.236068026973003,0.08454886176728144,6.236068026973003,2.462686567164179,2.3134328358208953,0.14925373134328357,5.956921832422041,39.70285507960011,203.18938042312595,203.18938042312595,0.13432835820895522,nan,nan
Dipole fitting (grid),15,0,surface_only,case_weighted_within_scenario,136,1,0.5218424899324152,0.5222904274223688,0.5222901220947445,nan,1.6561862049238953,4.666863105468033,8.955535952150617,nan,nan,0.0,nan,1.3455882352941178,1.3455882352941178,0.0,4.666863105468033,8.955535952150617,nan,nan,nan,1.0,nan
Dipole fitting (grid),15,5,deep_only,case_weighted_within_scenario,30,1,1.0,1.0,nan,1.0,0.01005252142692358,nan,nan,0.0,0.0,1.0,0.0,2.5,1.5,1.0,nan,nan,0.0,0.0,1.0,nan,nan
Dipole fitting (grid),15,5,deep_plus_surface,case_weighted_within_scenario,136,1,0.5810354278726555,0.5296758136087628,0.5229706354397086,0.6357843137254902,1.5912301936429565,5.855186036285789,8.77978547522126,3.4053528174346837,3.4053528174346837,0.18625094755307578,3.4053528174346837,1.838235294117647,1.4411764705882353,0.39705882352941174,5.855186036285789,8.77978547522126,152.1658959108931,152.1658959108931,0.35294117647058826,nan,nan
Dipole fitting (grid),15,5,deep_plus_two_surface,case_weighted_within_scenario,67,1,0.5243901547210454,0.5207774933966627,0.5205379095855953,0.528358208955224,1.6982646950818179,5.103427646974674,8.930007966546723,5.331501287888775,5.331501287888775,0.06031146730379954,5.331501287888775,2.328358208955224,2.2238805970149254,0.1044776119402985,5.103427646974674,35.80751290860411,213.36978841210026,213.36978841210026,0.08955223880597014,nan,nan
Dipole fitting (grid),15,5,surface_only,case_weighted_within_scenario,136,1,0.523196280215244,0.5236924843730256,0.5236926405689696,nan,1.6333225972187118,4.19625667322801,8.429188778920784,nan,nan,0.003415754171124087,nan,1.338235294117647,1.3308823529411764,0.007352941176470588,4.19625667322801,8.429188778920784,nan,nan,nan,0.9926470588235294,nan
Dipole fitting (grid),15,10,deep_only,case_weighted_within_scenario,30,1,1.0,1.0,nan,1.0,0.00615797279221626,nan,nan,0.0,0.0,1.0,0.0,2.8666666666666667,1.8666666666666667,1.0,nan,nan,0.0,0.0,1.0,nan,nan
Dipole fitting (grid),15,10,deep_plus_surface,case_weighted_within_scenario,136,1,0.5857768719171612,0.5319115201077144,0.525030121631396,0.6443627450980393,1.5638784267604258,5.070859445234653,7.811378453523523,2.642884094802163,2.642884094802163,0.18354876549242377,2.642884094802163,1.8161764705882353,1.4411764705882353,0.375,5.070859445234653,7.811378453523523,153.66610997397595,153.66610997397595,0.34558823529411764,nan,nan
Dipole fitting (grid),15,10,deep_plus_two_surface,case_weighted_within_scenario,67,1,0.520578310469948,0.5190291170389612,0.5189684426284962,0.5213930348258707,1.7109773187133428,4.750886483321639,8.628650029431999,3.999999917650578,3.999999917650578,0.03990572841350294,3.999999917650578,2.253731343283582,2.1791044776119404,0.07462686567164178,4.750886483321639,22.08539401909441,216.8627602190664,216.8627602190664,0.07462686567164178,nan,nan
Dipole fitting (grid),15,10,surface_only,case_weighted_within_scenario,136,1,0.5223359374191561,0.5229082338886885,0.5229079216271638,nan,1.643214267318875,4.632385849962532,8.494201625261004,nan,nan,0.0,nan,1.4264705882352942,1.4264705882352942,0.0,4.632385849962532,8.494201625261004,nan,nan,nan,1.0,nan
Dipole fitting (grid),15,15,deep_only,case_weighted_within_scenario,30,1,1.0,1.0,nan,1.0,0.0024358899783206356,nan,nan,0.0,0.0,1.0,0.0,2.7666666666666666,1.7666666666666666,1.0,nan,nan,0.0,0.0,1.0,nan,nan
Dipole fitting (grid),15,15,deep_plus_surface,case_weighted_within_scenario,136,1,0.5648082396846712,0.5276271705090468,0.5235416656522531,0.6044117647058824,1.6095822730580038,5.642037380751014,9.001360424569983,3.4021574627632973,3.4021574627632973,0.14258537576394137,3.4021574627632973,1.7573529411764706,1.4779411764705883,0.27941176470588236,5.642037380751014,9.001360424569983,177.53675383472253,177.53675383472253,0.2426470588235294,nan,nan
Dipole fitting (grid),15,15,deep_plus_two_surface,case_weighted_within_scenario,67,1,0.5295490151693905,0.5218536339594743,0.5212050491682281,0.5442786069651742,1.6681263264724813,5.351764796560587,8.953215808015125,1.4285714555570481,1.4285714555570481,0.059094396477864505,1.4285714555570481,2.343283582089552,2.2388059701492535,0.1044776119402985,5.351764796560587,32.46860793246043,209.7275628591872,209.7275628591872,0.1044776119402985,nan,nan
Dipole fitting (grid),15,15,surface_only,case_weighted_within_scenario,136,1,0.5236929770457361,0.5243041563823998,0.5243052998282862,nan,1.6364442599903832,4.716400094926535,8.093592067318005,nan,nan,0.005725874812660981,nan,1.4926470588235294,1.4705882352941178,0.022058823529411766,4.716400094926535,8.093592067318005,nan,nan,nan,0.9852941176470589,nan
Dipole fitting (grid),15,20,deep_only,case_weighted_within_scenario,30,1,1.0,1.0,nan,1.0,0.0010947684243727473,nan,nan,0.0,0.0,1.0,0.0,2.5,1.5,1.0,nan,nan,0.0,0.0,1.0,nan,nan
Dipole fitting (grid),15,20,deep_plus_surface,case_weighted_within_scenario,136,1,0.5649609853097967,0.5280593258843032,0.5238784038285889,0.6056372549019609,1.6086819311945613,6.02196653380788,9.031341049118609,1.7122064951197349,1.7122064951197349,0.1183819366790696,1.7122064951197349,1.7352941176470589,1.4926470588235294,0.2426470588235294,6.02196653380788,9.031341049118609,180.83129958608697,180.83129958608697,0.22794117647058823,nan,nan
Dipole fitting (grid),15,20,deep_plus_two_surface,case_weighted_within_scenario,67,1,0.5242173488104547,0.5210871376970716,0.5208461501655304,0.5293532338308458,1.6889346793749878,4.523452476289179,8.466542647922749,1.9999998798707117,1.9999998798707117,0.048991732165557134,1.9999998798707117,2.2238805970149254,2.1492537313432836,0.07462686567164178,4.523452476289179,38.765992243074855,216.71350648490372,216.71350648490372,0.07462686567164178,nan,nan
Dipole fitting (grid),15,20,surface_only,case_weighted_within_scenario,136,1,0.5222720479285906,0.5228119997731684,0.5228126717612573,nan,1.651029244179267,5.519851121492384,8.547854567831727,nan,nan,0.004535094474347056,nan,1.5735294117647058,1.5588235294117647,0.014705882352941176,5.519851121492384,8.547854567831727,nan,nan,nan,0.9852941176470589,nan
Dipole fitting (grid),20,-10,deep_only,case_weighted_within_scenario,30,1,1.0,1.0,nan,1.0,0.0048204793339295384,nan,nan,0.0,0.0,1.0,0.0,1.8333333333333333,0.8333333333333334,1.0,nan,nan,0.0,0.0,1.0,nan,nan
Dipole fitting (grid),20,-10,deep_plus_surface,case_weighted_within_scenario,136,1,0.5623892440951825,0.5241367766251493,0.5187113198077644,0.6014705882352942,1.6719499101118405,8.339197320314106,10.875337210182552,5.999853314468091,5.999853314468091,0.16017499051726786,5.999853314468091,1.8088235294117647,1.4411764705882353,0.36764705882352944,8.339197320314106,10.875337210182552,167.6531165457964,167.6531165457964,0.2867647058823529,nan,nan
Dipole fitting (grid),20,-10,deep_plus_two_surface,case_weighted_within_scenario,67,1,0.5151652897681098,0.5145736826232092,0.5145758186220636,0.5124378109452736,1.7884763716068852,8.632990921794523,11.99044720740421,9.754895965924772,9.754895965924772,0.06715572297918286,9.754895965924772,2.298507462686567,2.1940298507462686,0.1044776119402985,8.632990921794523,35.18851664833126,213.66829587937715,213.66829587937715,0.08955223880597014,nan,nan
Dipole fitting (grid),20,-10,surface_only,case_weighted_within_scenario,136,1,0.52063868875379,0.5210741148194743,0.5210737982272334,nan,1.6780729127573561,5.4309116044374335,9.224316337042822,nan,nan,0.0,nan,1.3455882352941178,1.3455882352941178,0.0,5.4309116044374335,9.224316337042822,nan,nan,nan,1.0,nan
Dipole fitting (grid),20,-5,deep_only,case_weighted_within_scenario,30,1,1.0,1.0,nan,1.0,0.004498575071539306,nan,nan,0.0,0.0,1.0,0.0,2.3,1.3,1.0,nan,nan,0.0,0.0,1.0,nan,nan
Dipole fitting (grid),20,-5,deep_plus_surface,case_weighted_within_scenario,136,1,0.5644777239184049,0.5245455230687743,0.519112078036259,0.6053921568627452,1.648602127444602,7.681137690136789,10.627734699238854,4.890680025272493,4.890680025272493,0.17998802847458717,4.890680025272493,1.7647058823529411,1.3970588235294117,0.36764705882352944,7.681137690136789,10.627734699238854,162.6377684786657,162.6377684786657,0.3088235294117647,nan,nan
Dipole fitting (grid),20,-5,deep_plus_two_surface,case_weighted_within_scenario,67,1,0.5179844657448859,0.515492820671536,0.5153051951596397,0.5189054726368159,1.7746392176256525,8.188308129121792,11.083194265737346,9.8863496460059,9.8863496460059,0.08668389336394551,9.8863496460059,2.417910447761194,2.2686567164179103,0.14925373134328357,8.188308129121792,44.35870435387764,210.17532406062674,210.17532406062674,0.1044776119402985,nan,nan
Dipole fitting (grid),20,-5,surface_only,case_weighted_within_scenario,136,1,0.5203347304750241,0.5208132612089029,0.5208134018502283,nan,1.6806406489027879,5.416533721229255,9.109276046910999,nan,nan,0.0015948113493523448,nan,1.3529411764705883,1.3455882352941178,0.007352941176470588,5.416533721229255,9.109276046910999,nan,nan,nan,0.9926470588235294,nan
Dipole fitting (grid),20,0,deep_only,case_weighted_within_scenario,30,1,1.0,1.0,nan,1.0,0.004921430820822037,nan,nan,0.0,0.0,1.0,0.0,2.9,1.9,1.0,nan,nan,0.0,0.0,1.0,nan,nan
Dipole fitting (grid),20,0,deep_plus_surface,case_weighted_within_scenario,136,1,0.5670886884614847,0.5261657323178832,0.5207436506252078,0.6107843137254901,1.6441640630351575,7.191398880194491,9.334694609436516,3.9429511168709324,3.9429511168709324,0.14648148455372853,3.9429511168709324,1.7647058823529411,1.4411764705882353,0.3235294117647059,7.191398880194491,9.334694609436516,172.4478763681771,172.4478763681771,0.2647058823529412,nan,nan
Dipole fitting (grid),20,0,deep_plus_two_surface,case_weighted_within_scenario,67,1,0.5192301331045409,0.5176287035404791,0.5175086356838008,0.5179104477611941,1.7625847176338598,6.62005737105452,10.64388270003167,8.87523485665031,8.87523485665031,0.10915882097866889,8.87523485665031,2.4328358208955225,2.253731343283582,0.1791044776119403,6.62005737105452,33.982637985012566,200.14416981759936,200.14416981759936,0.14925373134328357,nan,nan
Dipole fitting (grid),20,0,surface_only,case_weighted_within_scenario,136,1,0.5200887235877166,0.5206355375997958,0.5206356817492747,nan,1.6751002148938063,4.8404972457646425,8.761359074649265,nan,nan,0.0005282328142270647,nan,1.3161764705882353,1.3088235294117647,0.007352941176470588,4.8404972457646425,8.761359074649265,nan,nan,nan,1.0,nan
Dipole fitting (grid),20,5,deep_only,case_weighted_within_scenario,30,1,1.0,1.0,nan,1.0,0.004040827190777333,nan,nan,0.0,0.0,1.0,0.0,2.8666666666666667,1.8666666666666667,1.0,nan,nan,0.0,0.0,1.0,nan,nan
Dipole fitting (grid),20,5,deep_plus_surface,case_weighted_within_scenario,136,1,0.583988316529697,0.5287695464955,0.5214228001574016,0.6428921568627451,1.5956892160880078,6.247282985825132,9.085363811023957,3.9453818265564813,3.9453818265564813,0.1998871755788403,3.9453818265564813,1.8161764705882353,1.3970588235294117,0.41911764705882354,6.247282985825132,9.085363811023957,150.37156420519509,150.37156420519509,0.3602941176470588,nan,nan
Dipole fitting (grid),20,5,deep_plus_two_surface,case_weighted_within_scenario,67,1,0.53100450304573,0.5206541192175819,0.5197652164419259,0.5487562189054727,1.680597623461827,4.861782179861995,9.048627557645103,5.295866939233541,5.295866939233541,0.11875594371251891,5.295866939233541,2.388059701492537,2.1791044776119404,0.208955223880597,4.861782179861995,35.91196896643701,189.51600061644967,189.51600061644967,0.19402985074626866,nan,nan
Dipole fitting (grid),20,5,surface_only,case_weighted_within_scenario,136,1,0.5231665360069,0.523647552698161,0.5236472419120847,nan,1.6366568347661448,4.422870790149193,8.507094136990773,nan,nan,0.0,nan,1.338235294117647,1.338235294117647,0.0,4.422870790149193,8.507094136990773,nan,nan,nan,1.0,nan
Dipole fitting (grid),20,10,deep_only,case_weighted_within_scenario,30,1,1.0,1.0,nan,1.0,0.002879320762286215,nan,nan,0.0,0.0,1.0,0.0,2.8666666666666667,1.8666666666666667,1.0,nan,nan,0.0,0.0,1.0,nan,nan
Dipole fitting (grid),20,10,deep_plus_surface,case_weighted_within_scenario,136,1,0.5814007850616139,0.5304641550589749,0.5236806772521422,0.6365196078431372,1.5823591298227324,5.734959964806841,8.39870812553481,3.0350409222401447,3.0350409222401447,0.18192759426041574,3.0350409222401447,1.8088235294117647,1.4338235294117647,0.375,5.734959964806841,8.39870812553481,153.81316879131683,153.81316879131683,0.34558823529411764,nan,nan
Dipole fitting (grid),20,10,deep_plus_two_surface,case_weighted_within_scenario,67,1,0.523684590620173,0.5199125008018658,0.5196764029872388,0.527860696517413,1.696888125868625,4.409897129330027,8.924831096103157,5.00000004071259,5.00000004071259,0.06702699313088556,5.00000004071259,2.3134328358208953,2.1940298507462686,0.11940298507462686,4.409897129330027,25.723658018504214,206.68235223650845,206.68235223650845,0.11940298507462686,nan,nan
Dipole fitting (grid),20,10,surface_only,case_weighted_within_scenario,136,1,0.5246256791732974,0.5251039892872047,0.5251036864217523,nan,1.6128707245284997,4.125676272260022,8.220833580742138,nan,nan,0.0,nan,1.4411764705882353,1.4411764705882353,0.0,4.125676272260022,8.220833580742138,nan,nan,nan,1.0,nan
Dipole fitting (grid),20,15,deep_only,case_weighted_within_scenario,30,1,1.0,1.0,nan,1.0,0.0017131201948985234,nan,nan,0.0,0.0,1.0,0.0,2.933333333333333,1.9333333333333333,1.0,nan,nan,0.0,0.0,1.0,nan,nan
Dipole fitting (grid),20,15,deep_plus_surface,case_weighted_within_scenario,136,1,0.581354900788128,0.5297962289680695,0.5234913143059939,0.6372549019607843,1.5751717671468128,5.668790723884041,8.137775774279685,3.199684493478383,3.1996844934783826,0.17042275190546122,3.1996844934783826,1.8529411764705883,1.5,0.35294117647058826,5.668790723884041,8.137775774279685,160.40226032255654,160.40226032255654,0.3161764705882353,nan,nan
Dipole fitting (grid),20,15,deep_plus_two_surface,case_weighted_within_scenario,67,1,0.5259394579312918,0.5199517492817274,0.5195055110997189,0.53681592039801,1.685473045020104,4.43185612084429,8.342113703034329,1.6666666981498894,1.6666666981498894,0.053565467003046804,1.6666666981498894,2.283582089552239,2.1940298507462686,0.08955223880597014,4.43185612084429,21.81596433904884,213.22053467793762,213.22053467793762,0.08955223880597014,nan,nan
Dipole fitting (grid),20,15,surface_only,case_weighted_within_scenario,136,1,0.5236726766862421,0.5242132163234825,0.5242134023645093,nan,1.6313835151424627,4.381962533685845,8.5932378430609,nan,nan,0.0036888427967229076,nan,1.4558823529411764,1.4485294117647058,0.007352941176470588,4.381962533685845,8.5932378430609,nan,nan,nan,0.9926470588235294,nan
Dipole fitting (grid),20,20,deep_only,case_weighted_within_scenario,30,1,1.0,1.0,nan,1.0,0.0008501674122771662,nan,nan,0.0,0.0,1.0,0.0,2.8,1.8,1.0,nan,nan,0.0,0.0,1.0,nan,nan
Dipole fitting (grid),20,20,deep_plus_surface,case_weighted_within_scenario,136,1,0.5711354418510256,0.5300977453856859,0.5250658061964593,0.6147058823529411,1.5821514496064406,5.279674297216509,8.273727566974426,4.181894181732978,4.181894181732978,0.16869454155061273,4.181894181732978,1.8161764705882353,1.4926470588235294,0.3235294117647059,5.279674297216509,8.273727566974426,172.44787636604917,172.44787636604917,0.2647058823529412,nan,nan
Dipole fitting (grid),20,20,deep_plus_two_surface,case_weighted_within_scenario,67,1,0.5288235009465843,0.5208277856331216,0.5201978987329652,0.5442786069651742,1.6815455560651624,5.224252158825015,8.359744159152424,1.4285713427647935,1.4285713427647935,0.05930463366396508,1.4285713427647935,2.328358208955224,2.2238805970149254,0.1044776119402985,5.224252158825015,31.93714078422518,209.7275628474029,209.7275628474029,0.1044776119402985,nan,nan
Dipole fitting (grid),20,20,surface_only,case_weighted_within_scenario,136,1,0.5242431053756826,0.5247880220760832,0.5247881855746535,nan,1.6244316111850707,4.761019165335888,8.32696498182493,nan,nan,0.0008729870841822498,nan,1.4926470588235294,1.4852941176470589,0.007352941176470588,4.761019165335888,8.32696498182493,nan,nan,nan,1.0,nan
LCMV,-10,-10,deep_only,case_weighted_within_scenario,30,1,0.9513333333333335,0.9908869071387373,nan,0.8155555555555556,1.9445304048125005,nan,nan,19.54505265199725,9.13581896754282,0.0,nan,674.9,660.3,14.6,nan,nan,234.02911185627732,234.02911185627732,0.0,nan,nan
LCMV,-10,-10,deep_plus_surface,case_weighted_within_scenario,136,1,0.7994086784689731,0.6692953526045423,0.6516031071190244,0.5294117647058824,1.9641525681885985,60.56570020845794,64.0302611470449,23.109766804925243,19.02838055071853,0.0,nan,1427.5808823529412,1411.610294117647,15.970588235294118,60.56570020845794,64.0302611470449,234.02911185627732,234.02911185627732,0.0,nan,nan
LCMV,-10,-10,deep_plus_two_surface,case_weighted_within_scenario,67,1,0.7826355450843614,0.6433249502211483,0.6349771882788374,0.5124378109452736,1.9660479188477873,42.701580681833015,49.16173699034726,23.47873345573566,21.11828842927611,0.0,nan,1498.4776119402984,1482.4776119402984,16.0,42.701580681833015,49.16173699034726,234.02911185627735,234.02911185627735,0.0,nan,nan
LCMV,-10,-10,surface_only,case_weighted_within_scenario,136,1,0.5349727370477361,0.6469370868775783,0.6480243993813337,nan,1.9610336111918372,61.25850770973966,65.74009985174189,nan,nan,0.0,nan,1384.4044117647059,1368.4411764705883,15.963235294117647,61.25850770973966,65.74009985174189,nan,nan,nan,1.0,nan
LCMV,-10,-5,deep_only,case_weighted_within_scenario,30,1,0.979,0.9963840454323615,nan,0.9266666666666666,1.914108265247481,nan,nan,16.224637123869663,5.747546874632284,0.0,nan,438.7,427.3333333333333,11.366666666666667,nan,nan,234.02911185627732,234.02911185627732,0.0,nan,nan
LCMV,-10,-5,deep_plus_surface,case_weighted_within_scenario,136,1,0.810653323607144,0.6904135952693813,0.6736902542257137,0.5377450980392158,1.9619497971709108,58.833950520428154,59.02016315051937,22.617807474434343,17.132257011448296,0.0,nan,1056.4117647058824,1040.5441176470588,15.867647058823529,58.833950520428154,59.02016315051937,234.02911185627732,234.02911185627732,0.0,nan,nan
LCMV,-10,-5,deep_plus_two_surface,case_weighted_within_scenario,67,1,0.7909749368453174,0.6587067032906927,0.6507885483592862,0.5273631840796019,1.964170996130555,41.78534746247756,45.58482898146885,23.113297825662418,18.207408330530697,0.0,nan,1163.4328358208954,1147.4626865671642,15.970149253731343,41.78534746247756,45.58482898146885,234.02911185627735,234.02911185627735,0.0,nan,nan
LCMV,-10,-5,surface_only,case_weighted_within_scenario,136,1,0.5625290114951379,0.67521207402434,0.6763362555753775,nan,1.9605568845544794,59.01440403792395,57.792180819947305,nan,nan,0.0,nan,1092.4485294117646,1076.5441176470588,15.904411764705882,59.01440403792395,57.792180819947305,nan,nan,nan,1.0,nan
LCMV,-10,0,deep_only,case_weighted_within_scenario,30,1,0.9973333333333334,0.9992856825946138,nan,0.9533333333333333,1.8631528199145755,nan,nan,12.38976483815136,4.471404553478268,0.0,nan,341.6333333333333,334.3,7.333333333333333,nan,nan,234.02911185627732,234.02911185627732,0.0,nan,nan
LCMV,-10,0,deep_plus_surface,case_weighted_within_scenario,136,1,0.8160382678455834,0.6965568845173075,0.679751861070613,0.580392156862745,1.9614820916792464,57.17259450032079,57.998134462624336,22.079025384043863,16.02414392960282,0.0,nan,729.5955882352941,714.0294117647059,15.566176470588236,57.17259450032079,57.998134462624336,234.02911185627732,234.02911185627732,0.0,nan,nan
LCMV,-10,0,deep_plus_two_surface,case_weighted_within_scenario,67,1,0.8010964753064179,0.6719417176057985,0.6642351054278457,0.5631840796019901,1.9616573687674153,41.18901087013028,44.83994980401591,22.600749326725314,17.218026767609413,0.0,nan,846.5074626865671,830.7611940298508,15.746268656716419,41.18901087013028,44.83994980401591,234.02911185627735,234.02911185627735,0.0,nan,nan
LCMV,-10,0,surface_only,case_weighted_within_scenario,136,1,0.5681550314859664,0.6815730135594673,0.6826854100965254,nan,1.962600718976836,57.494459282468796,54.6834685949883,nan,nan,0.0,nan,776.375,760.6323529411765,15.742647058823529,57.494459282468796,54.6834685949883,nan,nan,nan,1.0,nan
LCMV,-10,5,deep_only,case_weighted_within_scenario,30,1,1.0,0.9999778162296464,nan,0.9911111111111112,1.7619908526837402,nan,nan,7.0131793252961625,1.3333333585199114,0.0,nan,292.53333333333336,288.93333333333334,3.6,nan,nan,234.02911185627732,234.02911185627732,0.0,nan,nan
LCMV,-10,5,deep_plus_surface,case_weighted_within_scenario,136,1,0.8222154584415544,0.6984191215412643,0.6815585560904808,0.6480392156862745,1.9598015290632205,56.643366032814846,56.77505927238085,20.782243864503556,14.229065897381888,0.0,nan,551.5735294117648,536.7941176470588,14.779411764705882,56.643366032814846,56.77505927238085,234.02911185627732,234.02911185627732,0.0,nan,nan
LCMV,-10,5,deep_plus_two_surface,case_weighted_within_scenario,67,1,0.8062724422477765,0.6849640919679155,0.6775254449108542,0.6069651741293534,1.956937261926254,40.98782709166016,47.692234649203066,21.701615383749353,14.482216928800383,0.0,nan,594.179104477612,578.8358208955224,15.343283582089553,40.98782709166016,47.692234649203066,234.02911185627735,234.02911185627735,0.0,nan,nan
LCMV,-10,5,surface_only,case_weighted_within_scenario,136,1,0.5668614004612254,0.6809016397334996,0.6819848501859144,nan,1.9690376568327257,56.531276265946026,55.19581898677302,nan,nan,0.0,nan,586.5367647058823,570.8088235294117,15.727941176470589,56.531276265946026,55.19581898677302,nan,nan,nan,1.0,nan
LCMV,-10,10,deep_only,case_weighted_within_scenario,30,1,1.0,1.0,nan,1.0,1.5875235757960156,nan,nan,3.4322422747186137,0.0,0.0,nan,264.93333333333334,262.8,2.1333333333333333,nan,nan,234.02911185627732,234.02911185627732,0.0,nan,nan
LCMV,-10,10,deep_plus_surface,case_weighted_within_scenario,136,1,0.8393515071276677,0.7028616670703938,0.6854624221606397,0.777450980392157,1.9534236539462289,56.369259719415744,55.68164106316537,18.79438175174873,10.214527935649421,0.0,nan,432.9632352941176,419.625,13.338235294117647,56.369259719415744,55.68164106316537,234.02911185627732,234.02911185627732,0.0,nan,nan
LCMV,-10,10,deep_plus_two_surface,case_weighted_within_scenario,67,1,0.8182888393394928,0.6919059972371574,0.6843405017630688,0.7233830845771144,1.951028779703395,40.7656696605039,44.86027852787574,20.148508990105626,12.116416113796591,0.0,nan,465.2089552238806,450.910447761194,14.298507462686567,40.7656696605039,44.86027852787574,234.02911185627735,234.02911185627735,0.0,nan,nan
LCMV,-10,10,surface_only,case_weighted_within_scenario,136,1,0.5710680758342286,0.6861454945104843,0.6872380872303098,nan,1.9761721746198684,56.370351336562884,55.745796466603,nan,nan,0.0,nan,468.8602941176471,453.2867647058824,15.573529411764707,56.370351336562884,55.745796466603,nan,nan,nan,1.0,nan
LCMV,-10,15,deep_only,case_weighted_within_scenario,30,1,1.0,1.0,nan,1.0,1.2746709969285166,nan,nan,0.8122547466187789,0.0,0.0,nan,270.8,269.56666666666666,1.2333333333333334,nan,nan,234.02911185627732,234.02911185627732,0.0,nan,nan
LCMV,-10,15,deep_plus_surface,case_weighted_within_scenario,136,1,0.8581769393514243,0.7044197231039278,0.6864528224664804,0.877450980392157,1.934319109673621,56.079608185660106,55.890022355380516,16.095287839460223,6.592307795854488,0.10171703626392979,0.7142857277785241,360.33088235294116,349.02941176470586,11.301470588235293,56.079608185660106,55.890022355380516,211.17540869063842,210.30552681338813,0.10294117647058823,nan,nan
LCMV,-10,15,deep_plus_two_surface,case_weighted_within_scenario,67,1,0.8259222235738513,0.6921554158995614,0.6842410938258018,0.8348258706467663,1.9384912079609764,40.711878343645324,46.520094463881506,17.878671897639645,8.700079714362472,0.06249274092715976,1.9999998798707108,373.35820895522386,360.85074626865674,12.507462686567164,40.711878343645324,46.520094463881506,217.69444423586864,217.07383687453878,0.07462686567164178,nan,nan
LCMV,-10,15,surface_only,case_weighted_within_scenario,136,1,0.5729829430130018,0.686743078419242,0.6878260764709945,nan,1.9816328883628078,55.99732105686544,54.615281212740925,nan,nan,0.0,nan,405.43382352941177,389.6764705882353,15.757352941176471,55.99732105686544,54.615281212740925,nan,nan,nan,1.0,nan
LCMV,-10,20,deep_only,case_weighted_within_scenario,30,1,1.0,1.0,nan,1.0,0.9125222707355181,nan,nan,0.0,0.0,0.5,0.0,294.8,293.8,1.0,nan,nan,117.01455592813866,117.01455592813866,0.5,nan,nan
LCMV,-10,20,deep_plus_surface,case_weighted_within_scenario,136,1,0.8724428069080536,0.7043802356847315,0.6858391756923278,0.9426470588235293,1.8961065014964418,55.91178781176886,53.254883348029864,12.339069620852868,4.4852401579028545,0.8639339880188472,2.9423613979793894,307.8970588235294,299.8382352941176,8.058823529411764,55.91178781176886,53.254883348029864,40.96826251798927,34.33107963971617,0.8676470588235294,nan,nan
LCMV,-10,20,deep_plus_two_surface,case_weighted_within_scenario,67,1,0.8387090962287558,0.69531361175337,0.6871592801958697,0.9233830845771145,1.9118697473610886,40.54894180256524,45.073719688607156,14.423061500884407,5.881627947896621,0.8135822707155292,4.714200912554879,319.55223880597015,310.089552238806,9.462686567164178,40.54894180256524,45.073719688607156,56.22565924645715,48.75403867564054,0.8059701492537313,nan,nan
LCMV,-10,20,surface_only,case_weighted_within_scenario,136,1,0.5725626465425832,0.6860423523426112,0.6871146095660996,nan,1.984817667877266,56.05983239648505,51.07973979579136,nan,nan,0.15885961440139773,nan,380.3014705882353,364.6470588235294,15.654411764705882,56.05983239648505,51.07973979579136,nan,nan,nan,0.5955882352941176,nan
LCMV,-5,-10,deep_only,case_weighted_within_scenario,30,1,0.9863333333333332,0.9977461289320734,nan,0.8933333333333333,1.935283352127004,nan,nan,18.88366419872477,7.930870159031565,0.0,nan,837.8333333333334,823.4,14.433333333333334,nan,nan,234.02911185627732,234.02911185627732,0.0,nan,nan
LCMV,-5,-10,deep_plus_surface,case_weighted_within_scenario,136,1,0.8099575238438143,0.6779076620902881,0.6605956455873387,0.5245098039215687,1.959321663196928,61.68775039605439,66.67298104653406,23.424485750862786,20.00102227331549,0.0,nan,1471.5661764705883,1455.5808823529412,15.985294117647058,61.68775039605439,66.67298104653406,234.02911185627732,234.02911185627732,0.0,nan,nan
LCMV,-5,-10,deep_plus_two_surface,case_weighted_within_scenario,67,1,0.7975025910909554,0.6636015006722691,0.6559033562023949,0.5164179104477611,1.959353301838075,42.529750203730906,47.253419222806855,23.552279117590302,20.43879670539935,0.0,nan,1624.1641791044776,1608.1641791044776,16.0,42.529750203730906,47.253419222806855,234.02911185627735,234.02911185627735,0.0,nan,nan
LCMV,-5,-10,surface_only,case_weighted_within_scenario,136,1,0.5580371517273661,0.6630449207715632,0.6640281578949461,nan,1.9571474760731462,61.66010891536139,63.433257750921015,nan,nan,0.0,nan,1532.0294117647059,1516.0514705882354,15.977941176470589,61.66010891536139,63.433257750921015,nan,nan,nan,1.0,nan
LCMV,-5,-5,deep_only,case_weighted_within_scenario,30,1,0.9986666666666667,0.9995962553795643,nan,0.9444444444444444,1.8959996320528913,nan,nan,15.088891081351399,5.414213549830808,0.0,nan,500.03333333333336,489.1,10.933333333333334,nan,nan,234.02911185627732,234.02911185627732,0.0,nan,nan
LCMV,-5,-5,deep_plus_surface,case_weighted_within_scenario,136,1,0.8231743904495046,0.6859764761258643,0.668244307057528,0.6,1.9578994893615824,59.86229114589483,58.01340577757672,22.854161031222628,16.697206712151953,0.0,nan,1255.110294117647,1239.1544117647059,15.955882352941176,59.86229114589483,58.01340577757672,234.02911185627732,234.02911185627732,0.0,nan,nan
LCMV,-5,-5,deep_plus_two_surface,case_weighted_within_scenario,67,1,0.8023039131598587,0.6672509997444176,0.659354955613213,0.5671641791044775,1.9594388548497685,42.266413314952715,48.726340852609134,23.069186436157484,17.582667760775877,0.0,nan,1460.2537313432836,1444.2835820895523,15.970149253731343,42.266413314952715,48.726340852609134,234.02911185627735,234.02911185627735,0.0,nan,nan
LCMV,-5,-5,surface_only,case_weighted_within_scenario,136,1,0.5601269260027013,0.6665690523154192,0.6675944625371268,nan,1.9582101851582692,59.70211059834236,59.87315629380021,nan,nan,0.0,nan,1316.0294117647059,1300.0882352941176,15.941176470588236,59.70211059834236,59.87315629380021,nan,nan,nan,1.0,nan
LCMV,-5,0,deep_only,case_weighted_within_scenario,30,1,0.999,0.9998402768534541,nan,0.9711111111111111,1.851030461282931,nan,nan,11.838410338866886,3.4714045609065276,0.0,nan,408.7,401.3,7.4,nan,nan,234.02911185627732,234.02911185627732,0.0,nan,nan
LCMV,-5,0,deep_plus_surface,case_weighted_within_scenario,136,1,0.8297866277323654,0.6860313641727139,0.6679586121751221,0.6348039215686275,1.9576909736309773,58.24321593778506,54.4857756553942,21.807391591938774,15.145247363661994,0.0,nan,996.7426470588235,981.1985294117648,15.544117647058824,58.24321593778506,54.4857756553942,234.02911185627732,234.02911185627732,0.0,nan,nan
LCMV,-5,0,deep_plus_two_surface,case_weighted_within_scenario,67,1,0.8085392241606028,0.6756527703021509,0.6678408444960016,0.6338308457711443,1.957326792579492,41.49732513037992,46.61005789886129,22.45015755195243,16.80290858829223,0.0,nan,1087.0,1071.0597014925372,15.940298507462687,41.49732513037992,46.61005789886129,234.02911185627735,234.02911185627735,0.0,nan,nan
LCMV,-5,0,surface_only,case_weighted_within_scenario,136,1,0.5656317310167129,0.673759528961786,0.6748389223996779,nan,1.96078002116547,58.447366947483545,52.081271655996886,nan,nan,0.0,nan,1045.9117647058824,1030.0073529411766,15.904411764705882,58.447366947483545,52.081271655996886,nan,nan,nan,1.0,nan
LCMV,-5,5,deep_only,case_weighted_within_scenario,30,1,1.0,0.9999866897377878,nan,0.9933333333333334,1.7572822560476509,nan,nan,6.468613919874978,1.0000000188899336,0.0,nan,331.23333333333335,327.8666666666667,3.3666666666666667,nan,nan,234.02911185627732,234.02911185627732,0.0,nan,nan
LCMV,-5,5,deep_plus_surface,case_weighted_within_scenario,136,1,0.8372368459705088,0.6990905411189958,0.6814377600503317,0.6941176470588236,1.9568246305012935,57.0034703711641,56.0009518959748,20.86032713469806,12.324032140048953,0.0,nan,702.2573529411765,687.4044117647059,14.852941176470589,57.0034703711641,56.0009518959748,234.02911185627732,234.02911185627732,0.0,nan,nan
LCMV,-5,5,deep_plus_two_surface,case_weighted_within_scenario,67,1,0.8119190174549817,0.6842247646104039,0.6765208662756466,0.6527363184079601,1.9543035891831717,40.71092892492159,44.443953150453424,21.558400401878192,13.92796444521436,0.0,nan,815.3880597014926,800.0,15.388059701492537,40.71092892492159,44.443953150453424,234.02911185627735,234.02911185627735,0.0,nan,nan
LCMV,-5,5,surface_only,case_weighted_within_scenario,136,1,0.5687397535879749,0.681644819144348,0.6827498606942546,nan,1.9687141206487941,57.1588447875095,51.8113540804637,nan,nan,0.0,nan,783.3382352941177,767.6176470588235,15.720588235294118,57.1588447875095,51.8113540804637,nan,nan,nan,1.0,nan
LCMV,-5,10,deep_only,case_weighted_within_scenario,30,1,1.0,1.0,nan,1.0,1.598300613451824,nan,nan,3.816857379995462,0.0,0.0,nan,287.0,284.8666666666667,2.1333333333333333,nan,nan,234.02911185627732,234.02911185627732,0.0,nan,nan
LCMV,-5,10,deep_plus_surface,case_weighted_within_scenario,136,1,0.8488454289027489,0.7013154748635823,0.6834947592985197,0.7911764705882353,1.9513364211279267,56.553096753412035,57.052722687475345,18.701874871696614,9.87497802369353,0.0,nan,534.9411764705883,521.4779411764706,13.463235294117647,56.553096753412035,57.052722687475345,234.02911185627732,234.02911185627732,0.0,nan,nan
LCMV,-5,10,deep_plus_two_surface,case_weighted_within_scenario,67,1,0.8213816572370394,0.6956820539715011,0.6881375376663204,0.7283582089552239,1.9511061723008594,40.47005656434615,43.669541289752246,20.410605374897067,10.996721243592276,0.0,nan,587.044776119403,572.2835820895523,14.761194029850746,40.47005656434615,43.669541289752246,234.02911185627735,234.02911185627735,0.0,nan,nan
LCMV,-5,10,surface_only,case_weighted_within_scenario,136,1,0.5647275460968897,0.6795109843700265,0.6805965310914552,nan,1.9756298707350064,56.48658421301351,51.536246424637554,nan,nan,0.0,nan,582.4264705882352,566.7794117647059,15.647058823529411,56.48658421301351,51.536246424637554,nan,nan,nan,1.0,nan
LCMV,-5,15,deep_only,case_weighted_within_scenario,30,1,1.0,1.0,nan,1.0,1.2908617130868578,nan,nan,0.6390448007436416,0.0,0.0,nan,273.6666666666667,272.46666666666664,1.2,nan,nan,234.02911185627732,234.02911185627732,0.0,nan,nan
LCMV,-5,15,deep_plus_surface,case_weighted_within_scenario,136,1,0.8616963373988329,0.7041792879943493,0.6860560264366284,0.8818627450980392,1.9333100717597547,56.11720465132292,56.38226800268998,15.963118695787182,7.631530627130299,0.13864357670272745,1.5789473151371813,409.7720588235294,398.49264705882354,11.279411764705882,56.11720465132292,56.38226800268998,203.1458083215206,202.0691623964357,0.13970588235294118,nan,nan
LCMV,-5,15,deep_plus_two_surface,case_weighted_within_scenario,67,1,0.8308940252168824,0.6935687583061338,0.6855696458625609,0.8626865671641791,1.9362805494058415,40.46167532364771,43.599371563046354,17.64833977750034,7.069005353862024,0.10899062324027747,1.2500000236124171,452.8059701492537,440.3731343283582,12.432835820895523,40.46167532364771,43.599371563046354,207.78363686122668,206.83160596530323,0.11940298507462686,nan,nan
LCMV,-5,15,surface_only,case_weighted_within_scenario,136,1,0.5729277056450751,0.6860128624422769,0.6870954901382953,nan,1.981525503733683,56.11361147560518,52.50462643595898,nan,nan,0.0014688711015708698,nan,491.15441176470586,475.4264705882353,15.727941176470589,56.11361147560518,52.50462643595898,nan,nan,nan,0.9926470588235294,nan
LCMV,-5,20,deep_only,case_weighted_within_scenario,30,1,1.0,1.0,nan,1.0,0.9030995667944967,nan,nan,0.0,0.0,0.5333333333333333,0.0,298.7,297.7,1.0,nan,nan,109.21358553292943,109.21358553292943,0.5333333333333333,nan,nan
LCMV,-5,20,deep_plus_surface,case_weighted_within_scenario,136,1,0.8752420837524466,0.7091759460973674,0.6909664188639119,0.9431372549019607,1.8980029620363212,55.8554838088391,56.14983768392632,12.674655142125513,4.6123471779892755,0.8168092670766591,3.071410216403697,331.8529411764706,323.3529411764706,8.5,55.8554838088391,56.14983768392632,46.36212974844874,39.93514624963553,0.8455882352941176,nan,nan
LCMV,-5,20,deep_plus_two_surface,case_weighted_within_scenario,67,1,0.8391790162935738,0.6976862700630684,0.6896110907645594,0.9194029850746269,1.910330482464432,40.27898051542651,42.67901652748993,14.258341095314641,5.644943401140878,0.7916805429264343,4.287901122971038,334.23880597014926,324.94029850746267,9.298507462686567,40.27898051542651,42.67901652748993,49.68578654745818,42.43655900601147,0.835820895522388,nan,nan
LCMV,-5,20,surface_only,case_weighted_within_scenario,136,1,0.5778762655579719,0.6926391830745987,0.693741093947273,nan,1.9844988783472406,56.0937489818907,52.7962844855401,nan,nan,0.17456606756539159,nan,422.5220588235294,406.90441176470586,15.617647058823529,56.0937489818907,52.7962844855401,nan,nan,nan,0.6029411764705882,nan
LCMV,0,-10,deep_only,case_weighted_within_scenario,30,1,0.999,0.9997737255423931,nan,0.9666666666666667,1.9105957726625744,nan,nan,17.746372976766615,3.828427147630545,0.0,nan,777.3,763.2,14.1,nan,nan,234.02911185627732,234.02911185627732,0.0,nan,nan
LCMV,0,-10,deep_plus_surface,case_weighted_within_scenario,136,1,0.8224334149384616,0.6875161807857623,0.6703576425042244,0.6034313725490196,1.9543113563327215,61.94662211888396,57.39275162618474,23.174022907316303,16.23613398903073,0.0,nan,1461.75,1445.7573529411766,15.992647058823529,61.94662211888396,57.39275162618474,234.02911185627732,234.02911185627732,0.0,nan,nan
LCMV,0,-10,deep_plus_two_surface,case_weighted_within_scenario,67,1,0.8091532826635343,0.6792356469076279,0.6718834133296759,0.6049751243781095,1.953980085921023,42.57671738874111,47.204355428952795,23.37248409747821,18.710085298469917,0.0,nan,1596.2835820895523,1580.2835820895523,16.0,42.57671738874111,47.204355428952795,234.02911185627735,234.02911185627735,0.0,nan,nan
LCMV,0,-10,surface_only,case_weighted_within_scenario,136,1,0.5671786135127743,0.667459041553263,0.6682929793332953,nan,1.9539462155771077,61.35877435245299,55.913972700382814,nan,nan,0.0,nan,1474.3455882352941,1458.3455882352941,16.0,61.35877435245299,55.913972700382814,nan,nan,nan,1.0,nan
LCMV,0,-5,deep_only,case_weighted_within_scenario,30,1,0.9983333333333333,0.9998047828208882,nan,0.9777777777777779,1.8869194091578378,nan,nan,14.798378327507054,2.4714045156984006,0.0,nan,605.0,594.0666666666667,10.933333333333334,nan,nan,234.02911185627732,234.02911185627732,0.0,nan,nan
LCMV,0,-5,deep_plus_surface,case_weighted_within_scenario,136,1,0.8303660738176384,0.690325750637646,0.672776973700919,0.6127450980392157,1.954753644865404,60.346791159312474,56.03413160685302,22.975370150446512,15.982220570605959,0.0,nan,1339.764705882353,1323.7720588235295,15.992647058823529,60.346791159312474,56.03413160685302,234.02911185627732,234.02911185627732,0.0,nan,nan
LCMV,0,-5,deep_plus_two_surface,case_weighted_within_scenario,67,1,0.805892998791526,0.677090476912996,0.6697596846504024,0.5781094527363185,1.953035415600937,41.89257420019027,44.972610141792764,23.27859214087844,18.693272049782202,0.0,nan,1494.910447761194,1478.910447761194,16.0,41.89257420019027,44.972610141792764,234.02911185627735,234.02911185627735,0.0,nan,nan
LCMV,0,-5,surface_only,case_weighted_within_scenario,136,1,0.5734728922586068,0.6767958065238858,0.677727639334266,nan,1.9558615801857178,59.59024407702906,53.721865051095676,nan,nan,0.0,nan,1347.2941176470588,1331.2941176470588,16.0,59.59024407702906,53.721865051095676,nan,nan,nan,1.0,nan
LCMV,0,0,deep_only,case_weighted_within_scenario,30,1,0.9996666666666667,0.9999600692133636,nan,0.9911111111111112,1.8309284837786715,nan,nan,9.846560549058099,1.3333333585199114,0.0,nan,512.6,506.3,6.3,nan,nan,234.02911185627732,234.02911185627732,0.0,nan,nan
LCMV,0,0,deep_plus_surface,case_weighted_within_scenario,136,1,0.8440262897355401,0.694600713934106,0.6764111884087036,0.6803921568627452,1.9536561215543808,58.54374934364627,51.65735428311963,22.173092832335584,15.113191398921417,0.0,nan,1140.7205882352941,1124.9632352941176,15.757352941176471,58.54374934364627,51.65735428311963,234.02911185627732,234.02911185627732,0.0,nan,nan
LCMV,0,0,deep_plus_two_surface,case_weighted_within_scenario,67,1,0.8139285284590766,0.6790098376508584,0.6710763835696196,0.5900497512437811,1.9519997020561963,40.97154766318594,43.570830897309555,23.042630836825218,16.037741208614722,0.0,nan,1292.7462686567164,1276.7462686567164,16.0,40.97154766318594,43.570830897309555,234.02911185627735,234.02911185627735,0.0,nan,nan
LCMV,0,0,surface_only,case_weighted_within_scenario,136,1,0.5712604757104349,0.6743431601827263,0.6753715966730234,nan,1.9617444181837906,59.40727817363547,52.29744902439857,nan,nan,0.0,nan,1266.6176470588234,1250.625,15.992647058823529,59.40727817363547,52.29744902439857,nan,nan,nan,1.0,nan
LCMV,0,5,deep_only,case_weighted_within_scenario,30,1,1.0,0.9999955632459293,nan,1.0,1.7420776278984391,nan,nan,6.786009535484545,0.0,0.0,nan,384.23333333333335,380.73333333333335,3.5,nan,nan,234.02911185627732,234.02911185627732,0.0,nan,nan
LCMV,0,5,deep_plus_surface,case_weighted_within_scenario,136,1,0.8512519590314087,0.6981860125579241,0.680073525378326,0.7299019607843138,1.9533942112397957,57.841020056281714,51.63422322065903,20.748067777573837,11.73309069266204,0.0,nan,933.9264705882352,918.7720588235294,15.154411764705882,57.841020056281714,51.63422322065903,234.02911185627732,234.02911185627732,0.0,nan,nan
LCMV,0,5,deep_plus_two_surface,case_weighted_within_scenario,67,1,0.8259170292369523,0.6924525950103668,0.684724550584874,0.7064676616915424,1.9502004999499307,40.587145696167916,44.94356692333376,21.536733233049073,13.769460906442978,0.0,nan,1005.6268656716418,989.8955223880597,15.73134328358209,40.587145696167916,44.94356692333376,234.02911185627735,234.02911185627735,0.0,nan,nan
LCMV,0,5,surface_only,case_weighted_within_scenario,136,1,0.5692344962750333,0.6778283008984625,0.678911195958086,nan,1.968903299321928,57.88148568080087,49.102121001956945,nan,nan,0.0,nan,1022.6985294117648,1006.7279411764706,15.970588235294118,57.88148568080087,49.102121001956945,nan,nan,nan,1.0,nan
LCMV,0,10,deep_only,case_weighted_within_scenario,30,1,1.0,1.0,nan,1.0,1.5506113588814197,nan,nan,3.2574215616558506,0.0,0.0,nan,327.23333333333335,325.1333333333333,2.1,nan,nan,234.02911185627732,234.02911185627732,0.0,nan,nan
LCMV,0,10,deep_plus_surface,case_weighted_within_scenario,136,1,0.8615053599894336,0.7010146305485796,0.6828179301058372,0.8127450980392157,1.947922367820939,56.81182564325577,53.8494425907143,18.86684197971142,9.338658131290817,0.0,nan,688.9117647058823,675.2720588235294,13.639705882352942,56.81182564325577,53.8494425907143,234.02911185627732,234.02911185627732,0.0,nan,nan
LCMV,0,10,deep_plus_two_surface,case_weighted_within_scenario,67,1,0.8282720338729115,0.6898354205664419,0.6817978449596576,0.7691542288557214,1.9456641806260224,40.278928835161985,42.174665252343,20.35629913216118,10.977499703060682,0.0,nan,750.6865671641791,735.7462686567164,14.940298507462687,40.278928835161985,42.174665252343,234.02911185627735,234.02911185627735,0.0,nan,nan
LCMV,0,10,surface_only,case_weighted_within_scenario,136,1,0.5646725816369572,0.676779225062365,0.6778647822180702,nan,1.9762581811522835,57.091370614990275,49.124097149770066,nan,nan,0.0,nan,811.3602941176471,795.5514705882352,15.808823529411764,57.091370614990275,49.124097149770066,nan,nan,nan,1.0,nan
LCMV,0,15,deep_only,case_weighted_within_scenario,30,1,1.0,1.0,nan,1.0,1.2888914513473193,nan,nan,1.3095232590278774,0.0,0.0,nan,300.1333333333333,298.73333333333335,1.4,nan,nan,234.02911185627732,234.02911185627732,0.0,nan,nan
LCMV,0,15,deep_plus_surface,case_weighted_within_scenario,136,1,0.8702731534807188,0.7053262038039932,0.686972083071029,0.9049019607843137,1.9302957434657904,56.26315117826921,53.11408612721518,15.915557831242843,5.890405890033192,0.13970588235294118,1.052631598831509,517.6911764705883,506.3897058823529,11.301470588235293,56.26315117826921,53.11408612721518,203.10914659615605,201.8055016357831,0.13970588235294118,nan,nan
LCMV,0,15,deep_plus_two_surface,case_weighted_within_scenario,67,1,0.8353111517860115,0.6948261270525132,0.6867480916077976,0.8835820895522388,1.9325965940510568,40.08965349662765,42.44314384338503,17.448741181991892,7.343292209639341,0.11575375422194642,1.2500000236124165,546.1492537313433,533.5820895522388,12.567164179104477,40.08965349662765,42.44314384338503,207.75327439741585,206.68235223114056,0.11940298507462686,nan,nan
LCMV,0,15,surface_only,case_weighted_within_scenario,136,1,0.5715141420120443,0.6852373089259733,0.6863297629979712,nan,1.9814936032373538,56.39562130118772,51.99589659769081,nan,nan,0.0,nan,629.7647058823529,613.9632352941177,15.801470588235293,56.39562130118772,51.99589659769081,nan,nan,nan,1.0,nan
LCMV,0,20,deep_only,case_weighted_within_scenario,30,1,1.0,1.0,nan,1.0,0.8914250967363249,nan,nan,0.0,0.0,0.43333333333333335,0.0,298.06666666666666,297.06666666666666,1.0,nan,nan,132.61649671855716,132.61649671855716,0.43333333333333335,nan,nan
LCMV,0,20,deep_plus_surface,case_weighted_within_scenario,136,1,0.8778056986643973,0.7059910416524832,0.6874690294560848,0.9450980392156862,1.8932616961649231,55.8641972536298,54.33143210945494,12.221344085525224,3.9988805941006187,0.8546217322317871,3.3378155253112114,369.8235294117647,361.6985294117647,8.125,55.8641972536298,54.33143210945494,47.53051489855793,40.76097996131828,0.8382352941176471,nan,nan
LCMV,0,20,deep_plus_two_surface,case_weighted_within_scenario,67,1,0.8405783892702089,0.696908151276958,0.6887560566684316,0.9253731343283581,1.9083183265800694,40.07101148290895,43.120457776766116,14.618753267283257,5.285594011628718,0.8297066988681743,4.8753126930518444,398.95522388059703,389.04477611940297,9.91044776119403,40.07101148290895,43.120457776766116,56.43968601187348,48.40333443126968,0.8059701492537313,nan,nan
LCMV,0,20,surface_only,case_weighted_within_scenario,136,1,0.571111465392354,0.6851120839702114,0.6862032126391419,nan,1.9848644710137837,56.004206796865155,51.760115473746794,nan,nan,0.19213933034872427,nan,498.4117647058824,482.83088235294116,15.580882352941176,56.004206796865155,51.760115473746794,nan,nan,nan,0.5955882352941176,nan
LCMV,5,-10,deep_only,case_weighted_within_scenario,30,1,1.0,0.9999511957052221,nan,0.9866666666666667,1.8806306507047337,nan,nan,15.424632192294437,1.138071189145797,0.0,nan,615.6666666666666,603.6666666666666,12.0,nan,nan,234.02911185627732,234.02911185627732,0.0,nan,nan
LCMV,5,-10,deep_plus_surface,case_weighted_within_scenario,136,1,0.8413278925774639,0.6962458597050458,0.6786860383997119,0.719607843137255,1.9516121210917106,60.86473040203675,52.63572564219697,22.755453160733445,14.039516306729146,0.0,nan,1196.8235294117646,1180.8308823529412,15.992647058823529,60.86473040203675,52.63572564219697,234.02911185627732,234.02911185627732,0.0,nan,nan
LCMV,5,-10,deep_plus_two_surface,case_weighted_within_scenario,67,1,0.820042876225746,0.6887079580372529,0.6814590570395007,0.7174129353233831,1.9463646180522285,41.73792645089592,43.92410255998538,22.87015678207275,14.669519778309308,0.0,nan,1224.597014925373,1208.597014925373,16.0,41.73792645089592,43.92410255998538,234.02911185627735,234.02911185627735,0.0,nan,nan
LCMV,5,-10,surface_only,case_weighted_within_scenario,136,1,0.5741360155953029,0.675008281725569,0.6757392435014732,nan,1.9571041787047099,60.29731268987116,49.325485880484834,nan,nan,0.0,nan,1256.1029411764705,1240.1029411764705,16.0,60.29731268987116,49.325485880484834,nan,nan,nan,1.0,nan
LCMV,5,-5,deep_only,case_weighted_within_scenario,30,1,1.0,0.9999955632459293,nan,1.0,1.8460028599527418,nan,nan,12.541453373468054,0.0,0.0,nan,540.1333333333333,530.7333333333333,9.4,nan,nan,234.02911185627732,234.02911185627732,0.0,nan,nan
LCMV,5,-5,deep_plus_surface,case_weighted_within_scenario,136,1,0.8447623043374963,0.6935682804865292,0.675386056063518,0.7284313725490196,1.9505442774444461,59.688916045332384,55.674204945383714,22.31965773764644,12.713141055274287,0.0,nan,1137.5808823529412,1121.6617647058824,15.919117647058824,59.688916045332384,55.674204945383714,234.02911185627732,234.02911185627732,0.0,nan,nan
LCMV,5,-5,deep_plus_two_surface,case_weighted_within_scenario,67,1,0.8216048975414034,0.6872123593580227,0.6797034283110395,0.7064676616915422,1.9462574066313183,41.1468012256611,43.34220617857729,22.7445974716207,15.33622355222615,0.0,nan,1284.2388059701493,1268.2388059701493,16.0,41.1468012256611,43.34220617857729,234.02911185627735,234.02911185627735,0.0,nan,nan
LCMV,5,-5,surface_only,case_weighted_within_scenario,136,1,0.5689807496703052,0.6702337907866914,0.6710953001399298,nan,1.9587816910917957,59.60707437094291,50.51289879515149,nan,nan,0.0,nan,1195.2205882352941,1179.2205882352941,16.0,59.60707437094291,50.51289879515149,nan,nan,nan,1.0,nan
LCMV,5,0,deep_only,case_weighted_within_scenario,30,1,1.0,1.0,nan,1.0,1.7926315256389869,nan,nan,7.966761003454687,0.0,0.0,nan,500.3666666666667,495.5,4.866666666666666,nan,nan,234.02911185627732,234.02911185627732,0.0,nan,nan
LCMV,5,0,deep_plus_surface,case_weighted_within_scenario,136,1,0.8551871522246561,0.6896085196613131,0.6705854495762305,0.7843137254901961,1.9510420623611233,58.91979740597982,51.13804303259958,21.569050591603823,11.234232975049025,0.0,nan,1141.7794117647059,1125.9705882352941,15.808823529411764,58.91979740597982,51.13804303259958,234.02911185627732,234.02911185627732,0.0,nan,nan
LCMV,5,0,deep_plus_two_surface,case_weighted_within_scenario,67,1,0.8282472524849851,0.6848838072541367,0.6768790035296568,0.7243781094527364,1.9460260145543402,40.600673841302594,41.65619473678743,22.496137068246146,14.581333497511862,0.0,nan,1270.044776119403,1254.0597014925372,15.985074626865671,40.600673841302594,41.65619473678743,234.02911185627735,234.02911185627735,0.0,nan,nan
LCMV,5,0,surface_only,case_weighted_within_scenario,136,1,0.5732045075157797,0.6734005043977865,0.6743262244364815,nan,1.962230967040163,58.01788946457106,47.23504623450701,nan,nan,0.0,nan,1229.4779411764705,1213.485294117647,15.992647058823529,58.01788946457106,47.23504623450701,nan,nan,nan,1.0,nan
LCMV,5,5,deep_only,case_weighted_within_scenario,30,1,1.0,1.0,nan,1.0,1.715519173154622,nan,nan,5.434428507271218,0.0,0.0,nan,480.76666666666665,477.7,3.066666666666667,nan,nan,234.02911185627732,234.02911185627732,0.0,nan,nan
LCMV,5,5,deep_plus_surface,case_weighted_within_scenario,136,1,0.8628067183376402,0.6910789332212336,0.6718382135259748,0.7955882352941177,1.948699065652893,57.98316658192535,52.60340370409412,20.279619116880173,10.383965445270416,0.0,nan,978.6911764705883,963.625,15.066176470588236,57.98316658192535,52.60340370409412,234.02911185627732,234.02911185627732,0.0,nan,nan
LCMV,5,5,deep_plus_two_surface,case_weighted_within_scenario,67,1,0.8300668075380083,0.6885013276205557,0.6804168463196275,0.7592039800995025,1.9436379016765046,39.54667309673361,40.65956006563521,21.69716808242394,11.536396344904928,0.0,nan,1065.1940298507463,1049.3880597014925,15.805970149253731,39.54667309673361,40.65956006563521,234.02911185627735,234.02911185627735,0.0,nan,nan
LCMV,5,5,surface_only,case_weighted_within_scenario,136,1,0.5697416029562417,0.6727979108353006,0.6738078841801806,nan,1.969108922273378,58.22122432527631,45.78842597419982,nan,nan,0.0,nan,1199.639705882353,1183.6691176470588,15.970588235294118,58.22122432527631,45.78842597419982,nan,nan,nan,1.0,nan
LCMV,5,10,deep_only,case_weighted_within_scenario,30,1,1.0,1.0,nan,1.0,1.5180579293919492,nan,nan,2.402137849132305,0.0,0.0,nan,396.8,394.96666666666664,1.8333333333333333,nan,nan,234.02911185627732,234.02911185627732,0.0,nan,nan
LCMV,5,10,deep_plus_surface,case_weighted_within_scenario,136,1,0.8739972345084337,0.7034961551409725,0.684829852769901,0.8789215686274511,1.942068111747418,57.08379598488767,52.5300256696201,18.184371531582883,7.900588828340574,0.0,nan,815.6911764705883,802.1617647058823,13.529411764705882,57.08379598488767,52.5300256696201,234.02911185627732,234.02911185627732,0.0,nan,nan
LCMV,5,10,deep_plus_two_surface,case_weighted_within_scenario,67,1,0.8364187743886955,0.6903530360710148,0.682099931836021,0.8338308457711443,1.9386726340273435,39.6073773340893,41.38042743685793,20.13050640521918,10.1829941280419,0.0,nan,851.3134328358209,836.179104477612,15.134328358208956,39.6073773340893,41.38042743685793,234.02911185627735,234.02911185627735,0.0,nan,nan
LCMV,5,10,surface_only,case_weighted_within_scenario,136,1,0.5658355291051019,0.674874374234236,0.6759297244075922,nan,1.9762684949926013,57.5103152663681,49.2039362497159,nan,nan,0.0,nan,1072.125,1056.1764705882354,15.948529411764707,57.5103152663681,49.2039362497159,nan,nan,nan,1.0,nan
LCMV,5,15,deep_only,case_weighted_within_scenario,30,1,1.0,1.0,nan,1.0,1.2770824122798383,nan,nan,0.4436313773249321,0.0,0.0,nan,345.8,344.6666666666667,1.1333333333333333,nan,nan,234.02911185627732,234.02911185627732,0.0,nan,nan
LCMV,5,15,deep_plus_surface,case_weighted_within_scenario,136,1,0.8760511776453448,0.7042668565931431,0.685725304095673,0.9235294117647058,1.9241010345637568,56.49390128538169,54.66585775724423,15.477092441699924,5.316930284235965,0.1680050911662827,2.354005804959209,613.0588235294117,601.8014705882352,11.257352941176471,56.49390128538169,54.66585775724423,198.41681978685565,196.89413987765874,0.16176470588235295,nan,nan
LCMV,5,15,deep_plus_two_surface,case_weighted_within_scenario,67,1,0.8394035039628696,0.6914164620434783,0.6831042971914321,0.8875621890547265,1.9261997120787233,39.11406504169713,42.20852459791246,17.507103113674066,6.9051571385991934,0.09449233922524017,0.0,604.1343283582089,591.1940298507462,12.940298507462687,39.11406504169713,50.79750611694373,211.2262638159412,210.08789323703797,0.1044776119402985,nan,nan
LCMV,5,15,surface_only,case_weighted_within_scenario,136,1,0.5730336043514344,0.6844210142079213,0.6855137651327459,nan,1.981792564696888,56.818151217521994,49.541541275243326,nan,nan,0.0,nan,870.8970588235294,855.0294117647059,15.867647058823529,56.818151217521994,49.541541275243326,nan,nan,nan,1.0,nan
LCMV,5,20,deep_only,case_weighted_within_scenario,30,1,1.0,1.0,nan,1.0,0.8781316613293135,nan,nan,0.0,0.0,0.5333333333333333,0.0,314.6333333333333,313.6333333333333,1.0,nan,nan,109.21358553292943,109.21358553292943,0.5333333333333333,nan,nan
LCMV,5,20,deep_plus_surface,case_weighted_within_scenario,136,1,0.8813752117716085,0.7088215136875057,0.6903967640273957,0.9519607843137257,1.891150352522198,55.76163629982677,55.54702522469188,12.181346640460006,3.846596203736159,0.8413366193588347,2.697324330305703,434.2647058823529,426.0367647058824,8.227941176470589,55.76163629982677,55.54702522469188,44.396962130067095,37.62610868026273,0.8529411764705882,nan,nan
LCMV,5,20,deep_plus_two_surface,case_weighted_within_scenario,67,1,0.8436149706375243,0.6960574045108874,0.6877976550942831,0.9343283582089552,1.901400308018857,39.377973993903765,43.124454428152326,14.001143804155326,5.2271511111422315,0.8427677921360521,2.933265963398979,451.5074626865672,442.1044776119403,9.402985074626866,39.377973993903765,45.97377767334822,49.079951624476166,41.62846744310748,0.835820895522388,nan,nan
LCMV,5,20,surface_only,case_weighted_within_scenario,136,1,0.5723619510384583,0.6856157318085996,0.6867104037604577,nan,1.9844563671146644,56.386562566060775,50.10310092002077,nan,nan,0.232821232840944,nan,657.3235294117648,641.4852941176471,15.838235294117647,56.386562566060775,50.10310092002077,nan,nan,nan,0.5367647058823529,nan
LCMV,10,-10,deep_only,case_weighted_within_scenario,30,1,1.0,1.0,nan,1.0,1.8194119197414997,nan,nan,9.332636998242497,0.0,0.0,nan,539.3,532.9666666666667,6.333333333333333,nan,nan,234.02911185627732,234.02911185627732,0.0,nan,nan
LCMV,10,-10,deep_plus_surface,case_weighted_within_scenario,136,1,0.8641962224108057,0.6956863541354183,0.6771093070630698,0.8676470588235294,1.944711983999052,60.07846249870569,51.89366397742443,21.338388571878696,9.002373399501513,0.0,nan,935.0808823529412,919.3161764705883,15.764705882352942,60.07846249870569,51.89366397742443,234.02911185627732,234.02911185627732,0.0,nan,nan
LCMV,10,-10,deep_plus_two_surface,case_weighted_within_scenario,67,1,0.8295015451152545,0.6907103204791403,0.6829687765286285,0.8069651741293532,1.9402702221732715,40.18024411035095,42.463571033094944,22.003286410851633,11.094669564677993,0.0,nan,963.6567164179105,947.7014925373135,15.955223880597014,40.18024411035095,48.181945386025774,234.02911185627735,234.02911185627735,0.0,nan,nan
LCMV,10,-10,surface_only,case_weighted_within_scenario,136,1,0.5847896775338784,0.6840473042104691,0.6847771905904722,nan,1.9623770714783224,58.14273643028259,48.69965704579604,nan,nan,0.0,nan,1093.3014705882354,1077.3014705882354,16.0,58.14273643028259,48.69965704579604,nan,nan,nan,1.0,nan
LCMV,10,-5,deep_only,case_weighted_within_scenario,30,1,1.0,1.0,nan,1.0,1.7799241999685491,nan,nan,7.330625391421807,0.0,0.0,nan,475.93333333333334,470.93333333333334,5.0,nan,nan,234.02911185627732,234.02911185627732,0.0,nan,nan
LCMV,10,-5,deep_plus_surface,case_weighted_within_scenario,136,1,0.8666553234638497,0.6987503466661777,0.6801800107027343,0.8563725490196079,1.9449914882674255,59.7711445946945,52.40945557653957,21.476651330099564,9.157491024913877,0.0,nan,956.3602941176471,940.5661764705883,15.794117647058824,59.7711445946945,52.40945557653957,234.02911185627732,234.02911185627732,0.0,nan,nan
LCMV,10,-5,deep_plus_two_surface,case_weighted_within_scenario,67,1,0.8337773460268021,0.6900140878223564,0.6820595332322461,0.8109452736318408,1.9378843118352942,39.376244585067475,40.957503191589645,21.864692556952402,10.074638987429209,0.0,nan,1006.6119402985074,990.6716417910447,15.940298507462687,39.376244585067475,46.720834793520616,234.02911185627735,234.02911185627735,0.0,nan,nan
LCMV,10,-5,surface_only,case_weighted_within_scenario,136,1,0.5750554079514241,0.6748201733696411,0.6756079291332499,nan,1.9641759048401226,58.41300001024503,49.86053314487636,nan,nan,0.0,nan,1130.1029411764705,1114.1029411764705,16.0,58.41300001024503,49.86053314487636,nan,nan,nan,1.0,nan
LCMV,10,0,deep_only,case_weighted_within_scenario,30,1,1.0,1.0,nan,1.0,1.7412631518384118,nan,nan,5.391068600390011,0.0,0.0,nan,582.4333333333333,579.0,3.433333333333333,nan,nan,234.02911185627732,234.02911185627732,0.0,nan,nan
LCMV,10,0,deep_plus_surface,case_weighted_within_scenario,136,1,0.8659787963726866,0.685148356473405,0.6653615475989607,0.8764705882352941,1.944911539141891,58.95687421597607,50.204247663625765,20.72342607994229,9.102707394178227,0.0,nan,944.9926470588235,929.5441176470588,15.448529411764707,58.95687421597607,50.204247663625765,234.02911185627732,234.02911185627732,0.0,nan,nan
LCMV,10,0,deep_plus_two_surface,case_weighted_within_scenario,67,1,0.8352090693687593,0.6930206041794953,0.685016782644314,0.8417910447761194,1.9367757861138812,38.622395128854464,39.479498153238545,21.48177494901503,9.707257245637436,0.0,nan,951.1044776119403,935.223880597015,15.880597014925373,38.622395128854464,45.28694930855313,234.02911185627735,234.02911185627735,0.0,nan,nan
LCMV,10,0,surface_only,case_weighted_within_scenario,136,1,0.5714412156046657,0.6693504764908513,0.6701830978973897,nan,1.9672772897040587,58.07399349387459,47.30127902271741,nan,nan,0.0,nan,1220.1470588235295,1204.1470588235295,16.0,58.07399349387459,47.30127902271741,nan,nan,nan,1.0,nan
LCMV,10,5,deep_only,case_weighted_within_scenario,30,1,1.0,1.0,nan,1.0,1.635112574078555,nan,nan,2.7023678328672935,0.0,0.0,nan,541.9666666666667,540.0666666666667,1.9,nan,nan,234.02911185627732,234.02911185627732,0.0,nan,nan
LCMV,10,5,deep_plus_surface,case_weighted_within_scenario,136,1,0.873480814807271,0.6941107745604462,0.6748256539710006,0.8980392156862746,1.9396970620285818,58.442881820219476,52.45313402724134,18.993244883177,7.131479850080389,0.0,nan,883.4632352941177,868.9632352941177,14.5,58.442881820219476,52.45313402724134,234.02911185627732,234.02911185627732,0.0,nan,nan
LCMV,10,5,deep_plus_two_surface,case_weighted_within_scenario,67,1,0.8408842116977959,0.6938078489335334,0.685625112188507,0.8995024875621891,1.9363253118677115,38.716030604174506,40.69174133564928,20.551982629400296,8.057307922396792,0.0,nan,897.8059701492538,882.1940298507462,15.611940298507463,38.716030604174506,46.463006127309825,234.02911185627735,234.02911185627735,0.0,nan,nan
LCMV,10,5,surface_only,case_weighted_within_scenario,136,1,0.5669541908336372,0.6657209554900086,0.6666530945848548,nan,1.9725015383200182,58.22351929854173,49.63522642645305,nan,nan,0.0,nan,1242.0955882352941,1226.1176470588234,15.977941176470589,58.22351929854173,49.63522642645305,nan,nan,nan,1.0,nan
LCMV,10,10,deep_only,case_weighted_within_scenario,30,1,1.0,1.0,nan,1.0,1.4675669382853092,nan,nan,1.0531234649778882,0.0,0.0,nan,455.53333333333336,454.2,1.3333333333333333,nan,nan,234.02911185627732,234.02911185627732,0.0,nan,nan
LCMV,10,10,deep_plus_surface,case_weighted_within_scenario,136,1,0.8777281663965276,0.6955385135786171,0.6762164235181213,0.9367647058823529,1.93307339269424,57.32368808109725,51.714416835088414,17.524849849469106,4.93572722509473,0.0,nan,813.4264705882352,800.1323529411765,13.294117647058824,57.32368808109725,51.714416835088414,234.02911185627732,234.02911185627732,0.0,nan,nan
LCMV,10,10,deep_plus_two_surface,case_weighted_within_scenario,67,1,0.8400965763747414,0.6880115640597118,0.6795597374244162,0.9164179104477613,1.9285247878672045,37.89186460553409,41.29233878313647,19.31379191160256,7.340814302209084,0.0,nan,751.5223880597015,736.5970149253732,14.925373134328359,37.89186460553409,49.92234354760547,234.02911185627735,234.02911185627735,0.0,nan,nan
LCMV,10,10,surface_only,case_weighted_within_scenario,136,1,0.569100063516782,0.6713680233781212,0.6724023659215472,nan,1.9775077483172059,57.924196646447115,43.93701371447679,nan,nan,0.0,nan,1266.75,1250.7794117647059,15.970588235294118,57.924196646447115,43.93701371447679,nan,nan,nan,1.0,nan
LCMV,10,15,deep_only,case_weighted_within_scenario,30,1,1.0,1.0,nan,1.0,1.2089299497577504,nan,nan,0.0,0.0,0.0,nan,416.8666666666667,415.8666666666667,1.0,nan,nan,234.02911185627732,234.02911185627732,0.0,nan,nan
LCMV,10,15,deep_plus_surface,case_weighted_within_scenario,136,1,0.8814157059486983,0.7015847283769646,0.6825190638774628,0.9568627450980391,1.9148793929135537,56.29426811297885,54.06905807838234,14.732809018112855,3.950528527036414,0.27205882352941174,0.0,658.6470588235294,647.8161764705883,10.830882352941176,56.29426811297885,54.06905807838234,174.24446886976784,171.30791928350638,0.27205882352941174,nan,nan
LCMV,10,15,deep_plus_two_surface,case_weighted_within_scenario,67,1,0.8401452954197843,0.6866925133190528,0.6781456549525741,0.9373134328358208,1.9166690317924358,38.450042345787594,41.55810611514951,16.641275286541248,5.41788493718613,0.1831387783178227,1.3323467998713028,629.4328358208955,616.9104477611941,12.522388059701493,38.450042345787594,53.04891242805266,194.57852029037122,192.47378040912326,0.1791044776119403,nan,nan
LCMV,10,15,surface_only,case_weighted_within_scenario,136,1,0.5733203993659002,0.6789853825545481,0.6800623451368565,nan,1.9817686347088692,57.373858572197484,48.98220236521412,nan,nan,0.0,nan,1085.764705882353,1069.860294117647,15.904411764705882,57.373858572197484,48.98220236521412,nan,nan,nan,1.0,nan
LCMV,10,20,deep_only,case_weighted_within_scenario,30,1,1.0,1.0,nan,1.0,0.8388728522962192,nan,nan,0.0,0.0,0.5333333333333333,0.0,352.26666666666665,351.26666666666665,1.0,nan,nan,109.21358553292943,109.21358553292943,0.5333333333333333,nan,nan
LCMV,10,20,deep_plus_surface,case_weighted_within_scenario,136,1,0.8840151642653622,0.7055467543904681,0.6868832268684262,0.9647058823529413,1.8794162348494603,55.975220563500976,54.6811285914592,11.63342512162871,3.2148050867013493,0.905242953284481,1.8934442305499555,497.55882352941177,489.3382352941176,8.220588235294118,55.975220563500976,54.6811285914592,37.510307166194195,30.050677920298853,0.8823529411764706,nan,nan
LCMV,10,20,deep_plus_two_surface,case_weighted_within_scenario,67,1,0.8453912481522162,0.6964609983520376,0.6881707732760726,0.9592039800995025,1.8941342156518062,38.39383419515692,41.45419631282917,13.714504240347416,3.716342538056195,0.8769112489586537,2.1677546440564313,490.05970149253733,480.2835820895522,9.776119402985074,38.39383419515692,50.076953725222374,39.32017009648759,30.728379663443132,0.8805970149253731,nan,nan
LCMV,10,20,surface_only,case_weighted_within_scenario,136,1,0.5737815412464544,0.6841767521170449,0.6852731071862737,nan,1.9847876212055962,56.95543633771127,47.94516551432641,nan,nan,0.23087599518262844,nan,873.625,857.7205882352941,15.904411764705882,56.95543633771127,47.94516551432641,nan,nan,nan,0.6029411764705882,nan
LCMV,15,-10,deep_only,case_weighted_within_scenario,30,1,1.0,1.0,nan,1.0,1.7102827378061642,nan,nan,4.018302475713462,0.0,0.0,nan,596.2666666666667,593.5333333333333,2.7333333333333334,nan,nan,234.02911185627732,234.02911185627732,0.0,nan,nan
LCMV,15,-10,deep_plus_surface,case_weighted_within_scenario,136,1,0.8736412820912351,0.6995043460092663,0.6807326535801882,0.9475490196078432,1.932839003455525,59.10522907613976,51.68346994888121,18.98704323987281,4.559723554763961,0.07930618409910582,1.2856487351019117,661.125,646.6764705882352,14.448529411764707,59.10522907613976,51.68346994888121,218.25107007151126,216.9250752204196,0.07352941176470588,nan,nan
LCMV,15,-10,deep_plus_two_surface,case_weighted_within_scenario,67,1,0.8383506869121452,0.6884742631652612,0.6801359244132913,0.9492537313432836,1.924429349553681,37.54544194138263,39.26726946861293,19.828333246747288,4.948556402282816,0.04256246564332965,0.0,556.0895522388059,541.1044776119403,14.985074626865671,37.54544194138263,59.61552165836892,224.4667698527338,223.69945013955675,0.04477611940298507,nan,nan
LCMV,15,-10,surface_only,case_weighted_within_scenario,136,1,0.5834431275414412,0.684584113912492,0.6853027225279329,nan,1.968874605368229,57.18449620030431,47.97590165188681,nan,nan,0.0,nan,1090.0661764705883,1074.0661764705883,16.0,57.18449620030431,47.97590165188681,nan,nan,nan,1.0,nan
LCMV,15,-5,deep_only,case_weighted_within_scenario,30,1,1.0,1.0,nan,1.0,1.6878633258921667,nan,nan,3.160919469562195,0.0,0.0,nan,595.4666666666667,593.1,2.3666666666666667,nan,nan,234.02911185627732,234.02911185627732,0.0,nan,nan
LCMV,15,-5,deep_plus_surface,case_weighted_within_scenario,136,1,0.8728841801278776,0.692686767468975,0.6733844353040978,0.9416666666666667,1.9330462502993555,59.31786655960906,49.92906876252177,18.846172355530445,4.315657455794822,0.08561768392741455,1.6666667281206522,700.0882352941177,685.7720588235294,14.316176470588236,59.31786655960906,49.92906876252177,215.15924085992515,213.73451575397073,0.08823529411764706,nan,nan
LCMV,15,-5,deep_plus_two_surface,case_weighted_within_scenario,67,1,0.841119175725949,0.6940518443571271,0.6858926422055891,0.9164179104477612,1.9237727295643132,37.8104106555057,42.04024143555014,19.817892797560877,5.673501278311236,0.0170418709817594,7.071068015862037,631.9701492537314,617.0746268656717,14.895522388059701,37.8104106555057,56.367769078887996,230.83132850543475,230.68539377705753,0.014925373134328358,nan,nan
LCMV,15,-5,surface_only,case_weighted_within_scenario,136,1,0.5781900568925432,0.6775713371101141,0.6783032440973269,nan,1.9704338726138517,57.07795519093088,49.14076416287986,nan,nan,0.0,nan,1155.9117647058824,1139.9117647058824,16.0,57.07795519093088,49.14076416287986,nan,nan,nan,1.0,nan
LCMV,15,0,deep_only,case_weighted_within_scenario,30,1,1.0,1.0,nan,1.0,1.6356759727495094,nan,nan,1.9970095092337876,0.0,0.0,nan,551.8666666666667,550.0,1.8666666666666667,nan,nan,234.02911185627732,234.02911185627732,0.0,nan,nan
LCMV,15,0,deep_plus_surface,case_weighted_within_scenario,136,1,0.8765454050619355,0.6958584422329918,0.6766873576919229,0.9588235294117645,1.930040914658604,58.4306427193027,50.6848427008365,18.09695670363587,3.7512001728682045,0.07118360797626429,1.4142136086121029,718.5735294117648,704.7573529411765,13.816176470588236,58.4306427193027,50.6848427008365,219.79367177841192,218.61542062607776,0.0661764705882353,nan,nan
LCMV,15,0,deep_plus_two_surface,case_weighted_within_scenario,67,1,0.8421073456725219,0.6940778651038093,0.6858848281919429,0.927363184079602,1.9210768748887543,37.50317921570204,40.64449273016963,19.59881991847936,5.04266336776765,0.03655172769150482,0.0,584.5970149253732,569.820895522388,14.776119402985074,37.50317921570204,55.076180724655295,224.4949888471254,223.69945013955675,0.04477611940298507,nan,nan
LCMV,15,0,surface_only,case_weighted_within_scenario,136,1,0.5764520653813393,0.6751822117467077,0.675985201662729,nan,1.9723984908578467,56.69853882418288,48.41666142128524,nan,nan,0.0,nan,1221.1838235294117,1205.1838235294117,16.0,56.69853882418288,48.41666142128524,nan,nan,nan,1.0,nan
LCMV,15,5,deep_only,case_weighted_within_scenario,30,1,1.0,1.0,nan,1.0,1.5416850626869296,nan,nan,0.5229667329912505,0.0,0.0,nan,571.9,570.6333333333333,1.2666666666666666,nan,nan,234.02911185627732,234.02911185627732,0.0,nan,nan
LCMV,15,5,deep_plus_surface,case_weighted_within_scenario,136,1,0.8792969383321987,0.695614373201442,0.6762125356855454,0.9617647058823531,1.928655173754284,58.24851044003907,49.88787704713037,17.53537333421925,3.4877502871709805,0.09474106454024629,1.0878565798509052,737.1617647058823,723.5808823529412,13.580882352941176,58.24851044003907,49.88787704713037,214.95943987007095,213.48347063429787,0.08823529411764706,nan,nan
LCMV,15,5,deep_plus_two_surface,case_weighted_within_scenario,67,1,0.8420573505566384,0.6914388784049226,0.6831181470099785,0.9621890547263682,1.9191378683092875,36.72244541632075,39.688835161990134,18.623506240435567,3.997887224683653,0.04477611940298507,0.0,615.0,600.7462686567164,14.253731343283581,36.72244541632075,57.092442030135246,224.31230220049906,223.69945013955675,0.04477611940298507,nan,nan
LCMV,15,5,surface_only,case_weighted_within_scenario,136,1,0.5792843311175851,0.6782353034195435,0.6790992093798539,nan,1.9757562016418035,57.66369185819322,45.488647949669016,nan,nan,0.005322610450806003,nan,1245.3823529411766,1229.3823529411766,16.0,57.66369185819322,45.488647949669016,nan,nan,nan,0.9926470588235294,nan
LCMV,15,10,deep_only,case_weighted_within_scenario,30,1,1.0,1.0,nan,1.0,1.413449148769163,nan,nan,0.10192680981887817,0.0,0.0,nan,492.1333333333333,491.1,1.0333333333333334,nan,nan,234.02911185627732,234.02911185627732,0.0,nan,nan
LCMV,15,10,deep_plus_surface,case_weighted_within_scenario,136,1,0.8814096343059878,0.6933778258077917,0.6737439662234316,0.9700980392156863,1.9154152525596924,57.80613888264667,49.62889889350381,15.510062332991334,2.76883235880509,0.13606094924157777,0.0,614.2573529411765,602.4558823529412,11.801470588235293,57.80613888264667,49.62889889350381,203.61238213646496,201.64582716129215,0.13970588235294118,nan,nan
LCMV,15,10,deep_plus_two_surface,case_weighted_within_scenario,67,1,0.8448374568022322,0.6920923710764283,0.6837182415179566,0.9701492537313433,1.9149568623900364,37.066356954649414,39.03064038626685,17.647526893406837,2.5927806923562926,0.09757051774646422,0.0,618.8059701492538,605.1641791044776,13.64179104477612,37.066356954649414,56.49319007014839,211.5403343930018,210.00046243203624,0.1044776119402985,nan,nan
LCMV,15,10,surface_only,case_weighted_within_scenario,136,1,0.5694677016667492,0.6662572435944341,0.6671899600983389,nan,1.9796290537562617,58.66275640967897,47.83739699426016,nan,nan,0.0035715321900403256,nan,1313.0441176470588,1297.0441176470588,16.0,58.66275640967897,47.83739699426016,nan,nan,nan,0.9926470588235294,nan
LCMV,15,15,deep_only,case_weighted_within_scenario,30,1,1.0,1.0,nan,1.0,1.1701024364053039,nan,nan,0.0,0.0,0.0,nan,491.7,490.7,1.0,nan,nan,234.02911185627732,234.02911185627732,0.0,nan,nan
LCMV,15,15,deep_plus_surface,case_weighted_within_scenario,136,1,0.8834571485070526,0.696787621129914,0.6773670024019663,0.9828431372549019,1.8943141917307036,57.01749696671727,52.07454836344142,13.002452568859507,1.420125614084002,0.4479168187380503,0.3957727227313157,585.75,575.9191176470588,9.830882352941176,57.01749696671727,52.07454836344142,136.06243422573093,131.03201939632828,0.4411764705882353,nan,nan
LCMV,15,15,deep_plus_two_surface,case_weighted_within_scenario,67,1,0.8455441891880149,0.6932827184400564,0.6849220861358173,0.9791044776119402,1.898077563761863,36.88980661078967,40.24396050657301,14.883598093908942,2.1619822562867066,0.4515653698942974,0.4419417355644302,542.4626865671642,531.1492537313433,11.313432835820896,36.88980661078967,54.70553896550617,131.64805827231868,126.10731584721495,0.4626865671641791,nan,nan
LCMV,15,15,surface_only,case_weighted_within_scenario,136,1,0.572769248692262,0.6745702458522724,0.6756131181879181,nan,1.983023607996255,58.081608225859334,46.83352578540136,nan,nan,0.017557833546682448,nan,1308.1764705882354,1292.1764705882354,16.0,58.081608225859334,46.83352578540136,nan,nan,nan,0.9705882352941176,nan
LCMV,15,20,deep_only,case_weighted_within_scenario,30,1,1.0,1.0,nan,1.0,0.8297293241848667,nan,nan,0.0,0.0,0.43333333333333335,0.0,424.3666666666667,423.3666666666667,1.0,nan,nan,132.61649671855716,132.61649671855716,0.43333333333333335,nan,nan
LCMV,15,20,deep_plus_surface,case_weighted_within_scenario,136,1,0.8837372097435975,0.7013179660694974,0.6821387683000065,0.9828431372549019,1.8589479366867863,55.953952691850645,54.95027332119559,10.410917859472185,1.5671844217580175,0.9545328188838236,0.7502616030336443,484.54411764705884,477.0220588235294,7.522058823529412,55.953952691850645,54.95027332119559,21.749806642937454,13.33129848463183,0.9485294117647058,nan,nan
LCMV,15,20,deep_plus_two_surface,case_weighted_within_scenario,67,1,0.8449135187113505,0.6923051944614734,0.6838975387677699,0.9820895522388059,1.8741013410103862,37.534178041881496,42.2950625962198,12.37931758255577,1.8987088273607304,0.9161036110006647,0.7812500147577606,459.82089552238807,450.8955223880597,8.925373134328359,37.534178041881496,53.741871507268016,22.10253848555002,12.377624283611956,0.9552238805970149,nan,nan
LCMV,15,20,surface_only,case_weighted_within_scenario,136,1,0.5747308433508864,0.681180181584861,0.6822615241359403,nan,1.984987192166804,57.4172643406957,47.887592425616305,nan,nan,0.237094365098342,nan,1137.8823529411766,1121.8970588235295,15.985294117647058,57.4172643406957,47.887592425616305,nan,nan,nan,0.5588235294117647,nan
LCMV,20,-10,deep_only,case_weighted_within_scenario,30,1,1.0,1.0,nan,1.0,1.4922764282418894,nan,nan,0.31689818521156154,0.0,0.0,nan,484.93333333333334,483.8333333333333,1.1,nan,nan,234.02911185627732,234.02911185627732,0.0,nan,nan
LCMV,20,-10,deep_plus_surface,case_weighted_within_scenario,136,1,0.8796720492612478,0.7021841890076148,0.6832715906908978,0.9901960784313727,1.9002709994306135,58.40104723647781,47.521130485670966,14.364852413756871,1.3287550106112016,0.2952904971231439,0.5888325728164532,441.29411764705884,430.6102941176471,10.683823529411764,58.40104723647781,47.521130485670966,169.44691662083926,165.3440789543447,0.29411764705882354,nan,nan
LCMV,20,-10,deep_plus_two_surface,case_weighted_within_scenario,67,1,0.8417441157978456,0.6913217940399128,0.682940394864124,0.9791044776119404,1.896002755378884,35.412032046814225,40.66232078222743,16.11055734095645,2.0117475721577485,0.3648313933445236,1.875738911655814,373.6119402985075,361.65671641791045,11.955223880597014,35.412032046814225,69.52303586790653,155.97191338517456,150.34704194579817,0.3582089552238806,nan,nan
LCMV,20,-10,surface_only,case_weighted_within_scenario,136,1,0.5820076850426544,0.6810631242666634,0.6817876836844685,nan,1.975319448323647,56.57852933813186,48.1565716844973,nan,nan,0.03572649304026858,nan,1088.7941176470588,1072.7941176470588,16.0,56.57852933813186,48.1565716844973,nan,nan,nan,0.9338235294117647,nan
LCMV,20,-5,deep_only,case_weighted_within_scenario,30,1,1.0,1.0,nan,1.0,1.4774532801380398,nan,nan,0.2998533499113506,0.0,0.0,nan,571.9333333333333,570.8666666666667,1.0666666666666667,nan,nan,234.02911185627732,234.02911185627732,0.0,nan,nan
LCMV,20,-5,deep_plus_surface,case_weighted_within_scenario,136,1,0.8778473463894169,0.6970112514446557,0.67793305547836,0.9808823529411765,1.9025001173220437,58.54014020290611,47.212060411939795,14.645901030510382,1.359211873285103,0.3101661925559032,0.23255814392789156,450.6764705882353,439.70588235294116,10.970588235294118,58.54014020290611,47.212060411939795,164.77041827895107,160.285658369913,0.3161764705882353,nan,nan
LCMV,20,-5,deep_plus_two_surface,case_weighted_within_scenario,67,1,0.8414798916968532,0.6910793107086772,0.682684139198107,0.9800995024875621,1.8966217941199612,35.63716532476841,40.836801019184826,16.113466847637905,2.276990020248827,0.355518395959529,1.788306376785945,409.65671641791045,397.7761194029851,11.880597014925373,35.63716532476841,63.90453962659885,152.69651455810012,147.00332386657834,0.373134328358209,nan,nan
LCMV,20,-5,surface_only,case_weighted_within_scenario,136,1,0.584157831013848,0.6832878832483235,0.6840027472297275,nan,1.9762247932685701,57.09301088307857,48.722160819064065,nan,nan,0.0192484206528203,nan,1138.7573529411766,1122.7573529411766,16.0,57.09301088307857,48.722160819064065,nan,nan,nan,0.9485294117647058,nan
LCMV,20,0,deep_only,case_weighted_within_scenario,30,1,1.0,1.0,nan,1.0,1.4573962188284806,nan,nan,0.0,0.0,0.0,nan,597.3666666666667,596.3666666666667,1.0,nan,nan,234.02911185627732,234.02911185627732,0.0,nan,nan
LCMV,20,0,deep_plus_surface,case_weighted_within_scenario,136,1,0.878954722231942,0.6974758226511854,0.6782884802780639,0.9872549019607842,1.90090561158675,58.404326543573625,49.69498099145159,14.098312171707363,1.2299942646063753,0.2861524802361978,0.35355338845154416,473.1617647058824,462.45588235294116,10.705882352941176,58.404326543573625,49.69498099145159,171.10053137340074,166.99135184270182,0.2867647058823529,nan,nan
LCMV,20,0,deep_plus_two_surface,case_weighted_within_scenario,67,1,0.8406184356508365,0.6868136831500175,0.6782704940348947,0.9840796019900498,1.894632889667606,35.967569874642116,39.76924252407911,15.653814191534257,1.7750630180566134,0.4072502237956931,1.177510147838158,404.44776119402985,392.8059701492537,11.64179104477612,35.967569874642116,60.06504976774162,139.53954067602524,132.88218285204613,0.43283582089552236,nan,nan
LCMV,20,0,surface_only,case_weighted_within_scenario,136,1,0.5854814479121002,0.6852531395166424,0.686004318573245,nan,1.977167260274824,57.31519461848273,46.46662476744067,nan,nan,0.01706490940167185,nan,1207.7941176470588,1191.7941176470588,16.0,57.31519461848273,46.46662476744067,nan,nan,nan,0.9558823529411765,nan
LCMV,20,5,deep_only,case_weighted_within_scenario,30,1,1.0,1.0,nan,1.0,1.3468156049743736,nan,nan,0.0,0.0,0.0,nan,557.0666666666667,556.0666666666667,1.0,nan,nan,234.02911185627732,234.02911185627732,0.0,nan,nan
LCMV,20,5,deep_plus_surface,case_weighted_within_scenario,136,1,0.8787379453049055,0.692522655437976,0.6729743700153313,0.9882352941176471,1.8948870817992154,58.984962790235066,49.56641207487563,13.65639139485242,0.9611079326415137,0.2945267784899479,0.5888325920736674,504.5735294117647,494.3897058823529,10.183823529411764,58.984962790235066,49.56641207487563,169.35244193362357,165.2705495469965,0.29411764705882354,nan,nan
LCMV,20,5,deep_plus_two_surface,case_weighted_within_scenario,67,1,0.8455311547755746,0.6963110936212723,0.6880605446142193,0.9880597014925373,1.8915465065925934,35.51553592003217,38.77693616642131,15.062658022726659,1.2302448960861216,0.4149855384741362,0.45619792058263764,434.34328358208955,423.1194029850746,11.223880597014926,35.51553592003217,56.26220563118454,135.96367575797606,129.60028767774963,0.44776119402985076,nan,nan
LCMV,20,5,surface_only,case_weighted_within_scenario,136,1,0.5847904005708691,0.6820059775986982,0.6827886984746891,nan,1.9788305638299803,57.15689134665591,45.611309051118205,nan,nan,0.0324959507670956,nan,1230.875,1214.875,16.0,57.15689134665591,45.611309051118205,nan,nan,nan,0.9411764705882353,nan
LCMV,20,10,deep_only,case_weighted_within_scenario,30,1,1.0,1.0,nan,1.0,1.2259955063462853,nan,nan,0.0,0.0,0.0,nan,510.93333333333334,509.93333333333334,1.0,nan,nan,234.02911185627732,234.02911185627732,0.0,nan,nan
LCMV,20,10,deep_plus_surface,case_weighted_within_scenario,136,1,0.8814415126815435,0.6959534954424949,0.6765356836455141,0.9906862745098041,1.8870292570713725,57.75572679581206,49.675503288591436,12.391146405472586,0.7405196875142555,0.3568126923014803,0.2040816438479284,484.91911764705884,475.6029411764706,9.316176470588236,57.75572679581206,49.675503288591436,154.54701502988866,149.88731519839416,0.3602941176470588,nan,nan
LCMV,20,10,deep_plus_two_surface,case_weighted_within_scenario,67,1,0.8448192550945562,0.6922787214976335,0.6839134453263571,0.9880597014925373,1.8840778830563245,35.380391089746986,39.353470824969136,13.842569120241015,1.2388899842373908,0.47838123776246466,1.3286518609008968,390.02985074626866,379.55223880597015,10.477611940298507,35.380391089746986,59.692716902867005,125.23510900081338,118.76104183751387,0.4925373134328358,nan,nan
LCMV,20,10,surface_only,case_weighted_within_scenario,136,1,0.5822257246124698,0.6786515150911094,0.6795284786765299,nan,1.9812266311256275,57.632652112082326,47.57546928211079,nan,nan,0.022825494176015426,nan,1310.5,1294.5,16.0,57.632652112082326,47.57546928211079,nan,nan,nan,0.9411764705882353,nan
LCMV,20,15,deep_only,case_weighted_within_scenario,30,1,1.0,1.0,nan,1.0,1.0151741852602079,nan,nan,0.0,0.0,0.0,nan,620.6333333333333,619.6333333333333,1.0,nan,nan,234.02911185627732,234.02911185627732,0.0,nan,nan
LCMV,20,15,deep_plus_surface,case_weighted_within_scenario,136,1,0.8827488511334555,0.6950007875522762,0.675494223332755,0.9955882352941174,1.8655502054958055,57.163452946423526,50.69806178403004,10.43251461129841,0.5630039827706986,0.7038860977650689,0.35564724464545633,451.63235294117646,443.7352941176471,7.897058823529412,57.163452946423526,50.69806178403004,77.71450537052226,70.83439600669207,0.6985294117647058,nan,nan
LCMV,20,15,deep_plus_two_surface,case_weighted_within_scenario,67,1,0.8460215106497164,0.6942762942868269,0.6859512291909281,0.9940298507462686,1.8695851712897467,35.87777789515685,38.74264692364142,12.169514720812083,0.9051484941707203,0.8623877397022396,0.6380711745912848,389.8805970149254,380.43283582089555,9.447761194029852,35.87777789515685,50.401540352455505,41.51027754385076,31.797076734820173,0.8656716417910447,nan,nan
LCMV,20,15,surface_only,case_weighted_within_scenario,136,1,0.5734610519074854,0.6707416597309881,0.6716793788714772,nan,1.9834897341332682,57.42089481821369,46.986770019189144,nan,nan,0.05665372045056373,nan,1316.0441176470588,1300.0441176470588,16.0,57.42089481821369,46.986770019189144,nan,nan,nan,0.875,nan
LCMV,20,20,deep_only,case_weighted_within_scenario,30,1,1.0,1.0,nan,1.0,0.7423482639672356,nan,nan,0.0,0.0,0.6,0.0,501.8666666666667,500.8666666666667,1.0,nan,nan,93.61164474251092,93.61164474251092,0.6,nan,nan
LCMV,20,20,deep_plus_surface,case_weighted_within_scenario,136,1,0.8828304779447798,0.6936122188484868,0.673885163698223,0.9955882352941177,1.8296455382550403,56.19544268336449,52.517306632533035,8.489508754737843,0.6060765129288009,0.9886039539509417,0.07407407547332838,402.22058823529414,396.0147058823529,6.205882352941177,56.19544268336449,52.517306632533035,10.137440447852578,2.2533493928359922,0.9926470588235294,nan,nan
LCMV,20,20,deep_plus_two_surface,case_weighted_within_scenario,67,1,0.8462166652032956,0.6936006785754797,0.685204812577136,0.9930348258706467,1.8455381177432983,36.2761777802576,40.55208512741515,10.070767545833695,0.8443065931535388,0.9702858976810609,0.42215329964363485,356.04477611940297,348.5820895522388,7.462686567164179,36.2761777802576,57.87838602850729,16.361587167394745,7.4080969310107205,0.9701492537313433,nan,nan
LCMV,20,20,surface_only,case_weighted_within_scenario,136,1,0.5683596586881776,0.6686866383275629,0.6697128135642808,nan,1.9848943896777285,58.34174602379318,47.567612931888945,nan,nan,0.23071584098496467,nan,1358.5367647058824,1342.5441176470588,15.992647058823529,58.34174602379318,47.567612931888945,nan,nan,nan,0.5588235294117647,nan
MNE,-10,-10,deep_only,case_weighted_within_scenario,30,1,0.33966666666666673,0.7721726784684324,nan,0.66,1.9857024603926012,nan,nan,23.712838744190332,19.545107863741443,0.19087262076465128,17.41834030616497,153.76666666666668,137.76666666666668,16.0,nan,nan,178.3268600735555,173.62134873004166,0.26666666666666666,nan,nan
MNE,-10,-10,deep_plus_surface,case_weighted_within_scenario,136,1,0.5669553140314207,0.7095863209918986,0.7279436340966443,0.5073529411764707,1.9527121666861205,79.89827802789821,79.90877668301009,24.709605463631817,25.981153932704192,0.24179759923706706,24.339067454228474,711.0220588235294,695.0367647058823,15.985294117647058,79.89827802789821,79.90877668301009,196.95723929830947,195.23124739892705,0.17647058823529413,nan,nan
MNE,-10,-10,deep_plus_two_surface,case_weighted_within_scenario,67,1,0.6826515116744818,0.6579694164384375,0.6659271971217366,0.4995024875621892,1.9530134416375535,53.400655160455166,58.33972449187014,24.974648162583765,26.751236306141703,0.2535422321447964,27.356617467522852,831.1492537313433,815.1492537313433,16.0,53.400655160455166,58.33972449187014,224.62993454441542,223.99795761861785,0.04477611940298507,nan,nan
MNE,-10,-10,surface_only,case_weighted_within_scenario,136,1,0.6161712516632638,0.737937710690396,0.7377946388601051,nan,1.9407931420935416,79.38827437241548,76.18661364716752,nan,nan,0.24630729714932553,nan,816.3823529411765,800.3897058823529,15.992647058823529,79.38827437241548,76.18661364716752,nan,nan,nan,0.03676470588235294,nan
MNE,-10,-5,deep_only,case_weighted_within_scenario,30,1,0.4796666666666667,0.8643151870091842,nan,0.7066666666666668,1.979628478686178,nan,nan,22.91250801474032,16.83555438233443,0.22617164577545706,13.87498470233914,141.33333333333334,125.33333333333333,16.0,nan,nan,149.60779947351358,142.9948173844824,0.4,nan,nan
MNE,-10,-5,deep_plus_surface,case_weighted_within_scenario,136,1,0.6104268282471458,0.7708605524062963,0.7840189829942531,0.5083333333333334,1.9381212263838796,77.15512943822284,82.96146271656653,24.527784800617503,25.206083725126167,0.20099922236513848,25.444506548972683,246.85294117647058,230.85294117647058,16.0,77.15512943822284,82.96146271656653,214.04677039155226,212.39163198641145,0.09558823529411764,nan,nan
MNE,-10,-5,deep_plus_two_surface,case_weighted_within_scenario,67,1,0.7048107692539523,0.6955052015599161,0.6997227250133402,0.5303482587064677,1.938438756912896,52.56666124599829,57.14689055411238,24.614145612967246,24.84873469308332,0.21369298809825119,24.502761776477346,322.910447761194,306.910447761194,16.0,52.56666124599829,57.14689055411238,208.92996689935734,207.19193634919097,0.11940298507462686,nan,nan
MNE,-10,-5,surface_only,case_weighted_within_scenario,136,1,0.6744231473731512,0.7976975579781647,0.7976674637453516,nan,1.923160024076786,76.98309954925541,81.50398372937647,nan,nan,0.20422649850608643,nan,283.4117647058824,267.44117647058823,15.970588235294118,76.98309954925541,81.50398372937647,nan,nan,nan,0.11029411764705882,nan
MNE,-10,0,deep_only,case_weighted_within_scenario,30,1,0.647,0.9202981498735524,nan,0.8444444444444446,1.97100104112312,nan,nan,21.53188414948823,11.703662352432202,0.2729953599906161,10.565591114804837,106.1,90.1,16.0,nan,nan,148.99770346080555,142.22220497801734,0.4,nan,nan
MNE,-10,0,deep_plus_surface,case_weighted_within_scenario,136,1,0.6577026063620223,0.8428696312092585,0.8544258584597919,0.5416666666666666,1.917635276392042,72.52699637818712,76.05122810702748,24.42283521031132,24.42209630364693,0.18851114603864588,23.28014909152398,177.61029411764707,161.625,15.985294117647058,72.52699637818712,76.05122810702748,206.24923601246897,204.25094782868314,0.1323529411764706,nan,nan
MNE,-10,0,deep_plus_two_surface,case_weighted_within_scenario,67,1,0.7435034356952159,0.7508090735707172,0.7531293604148072,0.5432835820895521,1.9183105769801885,51.05982807836987,54.54069411618237,24.479115343964615,25.242592680976383,0.19146433241802285,24.045505460208858,178.07462686567163,162.07462686567163,16.0,51.05982807836987,54.54069411618237,205.8068915715008,204.2877645542541,0.13432835820895522,nan,nan
MNE,-10,0,surface_only,case_weighted_within_scenario,136,1,0.7473640386804741,0.8570959844581243,0.8571108591400772,nan,1.8989715132637963,71.87873990568687,75.05868376985883,nan,nan,0.1871130139820475,nan,183.56617647058823,167.63970588235293,15.926470588235293,71.87873990568687,75.05868376985883,nan,nan,nan,0.16911764705882354,nan
MNE,-10,5,deep_only,case_weighted_within_scenario,30,1,0.8773333333333333,0.9747726163538756,nan,0.8844444444444446,1.9542938151241487,nan,nan,18.984868231433385,10.608343627215852,0.4544572804331537,9.803605779513266,188.13333333333333,173.16666666666666,14.966666666666667,nan,nan,133.26476421122604,126.95359746260414,0.4666666666666667,nan,nan
MNE,-10,5,deep_plus_surface,case_weighted_within_scenario,136,1,0.7016511670449503,0.892530144942019,0.9040387297524228,0.5299019607843138,1.8874002043177436,61.32434776481814,57.37139993570015,24.240256749130946,23.98880846207153,0.208405705965937,23.315141884003474,184.0,168.24264705882354,15.757352941176471,61.32434776481814,57.37139993570015,202.80336708275573,200.77054081674868,0.14705882352941177,nan,nan
MNE,-10,5,deep_plus_two_surface,case_weighted_within_scenario,67,1,0.780281305496111,0.8108359739243497,0.8137206102514307,0.5691542288557213,1.8878997644236135,46.52749823332855,53.62498577011411,24.306891167451464,23.76221169294897,0.20000873150611242,23.53492580830769,160.52238805970148,144.67164179104478,15.850746268656716,46.52749823332855,56.31758466692252,215.18825281204874,213.51904214521448,0.08955223880597014,nan,nan
MNE,-10,5,surface_only,case_weighted_within_scenario,136,1,0.8113655256707603,0.9049956848511463,0.9050394700500005,nan,1.8625167023253368,60.85567024149858,58.962361529551906,nan,nan,0.19567176406056438,nan,183.9485294117647,168.3235294117647,15.625,60.85567024149858,58.962361529551906,nan,nan,nan,0.25,nan
MNE,-10,10,deep_only,case_weighted_within_scenario,30,1,0.9520000000000002,0.990505346288655,nan,0.888888888888889,1.9324346509231967,nan,nan,15.39157831181081,9.998867930619872,0.7632842973787992,9.754850956017567,498.6666666666667,487.1666666666667,11.5,nan,nan,116.36509526763209,111.79093580364541,0.5333333333333333,nan,nan
MNE,-10,10,deep_plus_surface,case_weighted_within_scenario,136,1,0.7420658174632552,0.91917710944407,0.9300632017589254,0.5637254901960783,1.8472271864849608,40.44995426414535,38.98388172601777,23.928715551451347,23.376165489825933,0.24095169203464972,23.115235625735476,253.35294117647058,238.61764705882354,14.735294117647058,40.44995426414535,38.98388172601777,197.77160720163576,195.51052775836294,0.16911764705882354,nan,nan
MNE,-10,10,deep_plus_two_surface,case_weighted_within_scenario,67,1,0.8170248584591306,0.8569019660475073,0.8604924726793981,0.6069651741293534,1.8485857771725287,34.23166602803783,43.86448107323378,24.127817612548597,21.785533181772927,0.2268549530802239,21.583855248266726,240.22388059701493,224.7462686567164,15.477611940298507,34.23166602803783,46.70275914462249,208.9290836130825,206.5330984905615,0.11940298507462686,nan,nan
MNE,-10,10,surface_only,case_weighted_within_scenario,136,1,0.844541419703293,0.9300921245044173,0.9301451712423447,nan,1.8137206885958657,39.8634947042616,34.36215950437384,nan,nan,0.2214532644930614,nan,239.36764705882354,224.61764705882354,14.75,39.8634947042616,34.36215950437384,nan,nan,nan,0.3161764705882353,nan
MNE,-10,15,deep_only,case_weighted_within_scenario,30,1,0.977333333333333,0.9948223079994674,nan,0.8844444444444446,1.9133923803426873,nan,nan,13.808681196294453,10.470272444443333,0.8501712366305407,10.470272444443333,647.4666666666667,638.2666666666667,9.2,nan,nan,130.44475310439125,126.81552627983162,0.4666666666666667,nan,nan
MNE,-10,15,deep_plus_surface,case_weighted_within_scenario,136,1,0.7772888954864231,0.9252158129562866,0.9364994673632512,0.6009803921568627,1.815061277624724,24.895024960253963,16.455096335848104,22.97860914137675,23.20563963449312,0.26327420986148625,22.92701792716801,298.8529411764706,286.30882352941177,12.544117647058824,24.895024960253963,16.455096335848104,200.06247982642714,198.921675478279,0.15441176470588236,nan,nan
MNE,-10,15,deep_plus_two_surface,case_weighted_within_scenario,67,1,0.839301540820455,0.8708839398483691,0.874627754441407,0.6308457711442786,1.8161483541334922,23.204928786346844,28.082444154541832,23.33038027494189,21.604072311478017,0.2493743880867301,21.581035430719588,319.1641791044776,305.4925373134328,13.671641791044776,23.204928786346844,68.04224535040098,202.03323342219196,199.69640859259124,0.14925373134328357,nan,nan
MNE,-10,15,surface_only,case_weighted_within_scenario,136,1,0.8506715143021966,0.938462352189533,0.9385060702254094,nan,1.7780605884745058,24.84986921642176,15.405416070398493,nan,nan,0.23835362309367797,nan,285.9632352941176,273.88235294117646,12.080882352941176,24.84986921642176,15.405416070398493,nan,nan,nan,0.2867647058823529,nan
MNE,-10,20,deep_only,case_weighted_within_scenario,30,1,0.9760000000000001,0.9952926039309643,nan,0.8844444444444446,1.9001669215782166,nan,nan,13.696117001334787,9.559588843217456,0.8794969411962196,9.559588843217456,616.1666666666666,607.2,8.966666666666667,nan,nan,122.96089853337915,118.68122257131057,0.5,nan,nan
MNE,-10,20,deep_plus_surface,case_weighted_within_scenario,136,1,0.7961580324882446,0.9311249496941603,0.9420386452729412,0.6137254901960785,1.8054629006278997,22.001980399288097,14.538032031596188,22.4747142551889,21.779467911465,0.26689593868885536,21.822540441623104,301.30882352941177,290.84558823529414,10.463235294117647,22.001980399288097,14.538032031596188,187.21936342532533,185.44937478853475,0.21323529411764705,nan,nan
MNE,-10,20,deep_plus_two_surface,case_weighted_within_scenario,67,1,0.8460831376506023,0.8756875447777048,0.8796231879073543,0.618905472636816,1.8054981679999063,21.13236268280791,16.77799076042105,22.8755752025989,22.185080747071133,0.24913029305448983,21.8513392388573,319.97014925373134,308.3731343283582,11.597014925373134,21.13236268280791,81.62907168455726,204.84699727408872,203.52312193670764,0.13432835820895522,nan,nan
MNE,-10,20,surface_only,case_weighted_within_scenario,136,1,0.8528507853649385,0.9404870518479574,0.9405360962556115,nan,1.7603911471998819,21.582399637897552,14.644256912476727,nan,nan,0.2514811895930047,nan,296.83088235294116,287.3897058823529,9.441176470588236,21.582399637897552,14.644256912476727,nan,nan,nan,0.27941176470588236,nan
MNE,-5,-10,deep_only,case_weighted_within_scenario,30,1,0.436,0.8182883002795154,nan,0.7644444444444446,1.9797981758568044,nan,nan,22.67141486358828,17.19241807038703,0.28575868394619724,13.968097000216153,262.1333333333333,246.13333333333333,16.0,nan,nan,170.91976213040465,165.89906774087817,0.3,nan,nan
MNE,-5,-10,deep_plus_surface,case_weighted_within_scenario,136,1,0.5704888773231581,0.7520541070563037,0.7820322673958056,0.5186274509803921,1.9377542643719323,77.85501743766066,68.4064653884195,24.734434161518752,27.339715410897423,0.2441705058181697,25.301255332546983,1324.0294117647059,1308.1029411764705,15.926470588235293,77.85501743766066,68.4064653884195,212.3666714123733,211.58750093859302,0.10294117647058823,nan,nan
MNE,-5,-10,deep_plus_two_surface,case_weighted_within_scenario,67,1,0.6877426035579584,0.6792564622685289,0.6926104053455389,0.5223880597014926,1.9381599969361671,52.54054715078069,56.10295977346314,24.698969973070366,27.435381552092707,0.24170660004211225,24.866980916889734,1667.44776119403,1651.4626865671642,15.985074626865671,52.54054715078069,56.10295977346314,215.16661539553817,215.1740968481003,0.08955223880597014,nan,nan
MNE,-5,-10,surface_only,case_weighted_within_scenario,136,1,0.675900426194233,0.7804278363961366,0.7801615706990059,nan,1.9200825496417697,77.83484779336084,65.4386981281802,nan,nan,0.23098796390786205,nan,1389.75,1373.7867647058824,15.963235294117647,77.83484779336084,65.4386981281802,nan,nan,nan,0.15441176470588236,nan
MNE,-5,-5,deep_only,case_weighted_within_scenario,30,1,0.5790000000000002,0.9007941789786591,nan,0.8111111111111113,1.9724876764372357,nan,nan,21.764620713743778,12.100774952606896,0.28955338355995897,9.574027279413826,154.3,138.3,16.0,nan,nan,120.59331065103375,113.40699987561261,0.5333333333333333,nan,nan
MNE,-5,-5,deep_plus_surface,case_weighted_within_scenario,136,1,0.6209996733959822,0.8041623470062035,0.8252503002032144,0.5558823529411764,1.9188575920198891,73.37485745289565,68.89285586839841,24.466909445391185,25.555743866373305,0.23664536557411586,24.1555056316619,598.1323529411765,582.1911764705883,15.941176470588236,73.37485745289565,68.89285586839841,207.594638034852,206.07474105216147,0.125,nan,nan
MNE,-5,-5,deep_plus_two_surface,case_weighted_within_scenario,67,1,0.722195481894912,0.7338252416768309,0.7422033029901894,0.5552238805970149,1.9190059965449886,50.66190261071523,50.6807312148087,24.63481345977854,27.506862599624906,0.2524731923126892,25.22516856302448,715.7611940298508,699.7611940298508,16.0,50.66190261071523,50.6807312148087,202.47486474205166,201.5489017801578,0.14925373134328357,nan,nan
MNE,-5,-5,surface_only,case_weighted_within_scenario,136,1,0.732079966602883,0.8362704127359626,0.8361632616835069,nan,1.8970908235716442,72.34532559946234,61.90434457026239,nan,nan,0.2301195147098745,nan,672.1838235294117,656.2279411764706,15.955882352941176,72.34532559946234,61.90434457026239,nan,nan,nan,0.14705882352941177,nan
MNE,-5,0,deep_only,case_weighted_within_scenario,30,1,0.7666666666666667,0.955095612050224,nan,0.8711111111111112,1.9623591279280161,nan,nan,20.587255603051812,11.29163969787161,0.32955861385092056,9.438146985931168,127.23333333333333,111.23333333333333,16.0,nan,nan,127.16415847009105,120.20138195795093,0.5,nan,nan
MNE,-5,0,deep_plus_surface,case_weighted_within_scenario,136,1,0.6660835743545549,0.858111772729636,0.8730286617341064,0.5455882352941177,1.8971963569964785,66.02042153340312,60.46389035758811,24.25203231281924,24.96699403937623,0.22012359698169046,24.28360381925426,260.24264705882354,244.38970588235293,15.852941176470589,66.02042153340312,60.46389035758811,204.32248028336858,202.57551168737035,0.13970588235294118,nan,nan
MNE,-5,0,deep_plus_two_surface,case_weighted_within_scenario,67,1,0.7564457649000635,0.7844139506249581,0.7890958514769287,0.591044776119403,1.8960511959299275,46.837293119724606,52.54781821005533,24.164173296326567,23.492345820241475,0.2198930081691626,21.33995802355323,281.4776119402985,265.6119402985075,15.865671641791044,46.837293119724606,52.54781821005533,202.45580213996237,200.355246463005,0.14925373134328357,nan,nan
MNE,-5,0,surface_only,case_weighted_within_scenario,136,1,0.776594233581518,0.8765755085765062,0.8765668367652069,nan,1.8721936407071977,64.31186335458511,61.13965788831459,nan,nan,0.20789864631982646,nan,285.125,269.2720588235294,15.852941176470589,64.31186335458511,61.13965788831459,nan,nan,nan,0.2647058823529412,nan
MNE,-5,5,deep_only,case_weighted_within_scenario,30,1,0.8943333333333333,0.9791694396379609,nan,0.8955555555555557,1.9494673235867512,nan,nan,18.7109303149852,9.820235192513845,0.43127635955532473,9.104813704088077,116.83333333333333,101.83333333333333,15.0,nan,nan,125.68935447547683,118.72997742112447,0.5,nan,nan
MNE,-5,5,deep_plus_surface,case_weighted_within_scenario,136,1,0.7075388512272403,0.896492730504566,0.9081103024445217,0.5877450980392157,1.8703154779314157,56.784357703067734,57.834553561132005,23.96807791447433,23.159855252271708,0.21556149266785263,22.974096792762623,209.8308823529412,194.26470588235293,15.566176470588236,56.784357703067734,57.834553561132005,198.08468134192591,195.80890443120958,0.16911764705882354,nan,nan
MNE,-5,5,deep_plus_two_surface,case_weighted_within_scenario,67,1,0.7918829773864022,0.8292622691129825,0.8327436230802596,0.6019900497512438,1.8689912280153826,42.474136111813266,45.84539821904023,24.080131590409408,23.999351657743915,0.2056192267431313,21.36215077918253,196.2089552238806,180.46268656716418,15.746268656716419,42.474136111813266,45.84539821904023,208.7451875867664,207.24080853752082,0.11940298507462686,nan,nan
MNE,-5,5,surface_only,case_weighted_within_scenario,136,1,0.8240334368552974,0.9150391092347219,0.9150659611309154,nan,1.8376384339349539,54.62539160336355,48.29312263836428,nan,nan,0.20239861046920637,nan,211.0441176470588,195.60294117647058,15.441176470588236,54.62539160336355,48.29312263836428,nan,nan,nan,0.3235294117647059,nan
MNE,-5,10,deep_only,case_weighted_within_scenario,30,1,0.9646666666666666,0.9917875682150937,nan,0.8911111111111113,1.9303872577317163,nan,nan,15.586930033352951,10.714289457352136,0.7104398735030611,10.714289457352136,313.6666666666667,301.8,11.866666666666667,nan,nan,138.13059884791167,134.28316340003556,0.43333333333333335,nan,nan
MNE,-5,10,deep_plus_surface,case_weighted_within_scenario,136,1,0.7503161584208083,0.9210742243055499,0.9312911955484234,0.5838235294117647,1.837284193383694,40.89543277415129,32.321754159990014,23.64654493159017,22.445416374977622,0.23308991956425146,22.157152313155546,229.48529411764707,214.77205882352942,14.713235294117647,40.89543277415129,32.321754159990014,193.161716116865,190.7581570125893,0.19117647058823528,nan,nan
MNE,-5,10,deep_plus_two_surface,case_weighted_within_scenario,67,1,0.8181816151945042,0.8630106520797372,0.8667524327127464,0.6149253731343284,1.835731166509509,33.35049080929561,43.39378680986328,23.931533257283757,21.581460453692284,0.21336185168175129,22.849662362560604,206.044776119403,190.83582089552237,15.208955223880597,33.35049080929561,49.08439352766667,208.50978268653824,206.5330984851936,0.11940298507462686,nan,nan
MNE,-5,10,surface_only,case_weighted_within_scenario,136,1,0.846170488613497,0.9333175261571082,0.9333628656182876,nan,1.8008863337344139,39.96562286263359,32.79268191567211,nan,nan,0.21114623669065805,nan,228.875,214.55882352941177,14.316176470588236,39.96562286263359,32.79268191567211,nan,nan,nan,0.33088235294117646,nan
MNE,-5,15,deep_only,case_weighted_within_scenario,30,1,0.9749999999999999,0.9952260526199034,nan,0.8844444444444446,1.9119002157930016,nan,nan,14.127256707531194,9.998867930619872,0.8694124208454572,9.998867930619872,658.8666666666667,649.1666666666666,9.7,nan,nan,123.19775287241747,119.01455591094054,0.5,nan,nan
MNE,-5,15,deep_plus_surface,case_weighted_within_scenario,136,1,0.7838757683171123,0.9295271372308581,0.9393815186282823,0.6132352941176471,1.8098268683736327,26.476840753405607,18.264506112342186,22.914662116999807,22.022838843210863,0.2433741319744609,22.432588511578786,267.3235294117647,254.21323529411765,13.110294117647058,26.476840753405607,18.264506112342186,193.7682366537408,192.11199570493383,0.18382352941176472,nan,nan
MNE,-5,15,deep_plus_two_surface,case_weighted_within_scenario,67,1,0.8451367995585268,0.8762288089023553,0.8793837016408075,0.6447761194029851,1.8108036374053071,23.882926625628535,31.51367253404639,23.209538894060532,20.759078195471123,0.23778207153127034,20.446932553042995,269.43283582089555,255.28358208955223,14.149253731343284,23.882926625628535,58.71723901016698,198.92490787540208,196.50194423038192,0.16417910447761194,nan,nan
MNE,-5,15,surface_only,case_weighted_within_scenario,136,1,0.8575685057207667,0.9429777867162352,0.9430304780595373,nan,1.7695354098670866,26.0605727579525,18.55180793744138,nan,nan,0.22652210253086832,nan,254.2941176470588,241.56617647058823,12.727941176470589,26.0605727579525,18.55180793744138,nan,nan,nan,0.34558823529411764,nan
MNE,-5,20,deep_only,case_weighted_within_scenario,30,1,0.9743333333333334,0.9946803318692046,nan,0.8911111111111113,1.9026836990115492,nan,nan,13.7023157033285,9.665534617308086,0.83620782138827,9.665534617308086,561.3,552.2333333333333,9.066666666666666,nan,nan,122.9623605024897,118.68122259762876,0.5,nan,nan
MNE,-5,20,deep_plus_surface,case_weighted_within_scenario,136,1,0.7971747694454644,0.9326810223049474,0.9430914783276362,0.6191176470588236,1.7981749136424896,21.47509201577069,15.419919064252477,22.486334087959616,22.051728546994262,0.25420463057939174,22.051728546994262,273.3014705882353,262.65441176470586,10.647058823529411,21.47509201577069,15.419919064252477,193.66303343232244,192.1855251064765,0.18382352941176472,nan,nan
MNE,-5,20,deep_plus_two_surface,case_weighted_within_scenario,67,1,0.8489949841741607,0.8784753146849554,0.8822219408852655,0.6248756218905474,1.8000804145813947,20.661401408093283,20.053740178665073,22.964444887514166,21.376127913470796,0.24163236207244632,21.59246965242563,280.8059701492537,268.7910447761194,12.014925373134329,20.661401408093283,74.34599866402938,211.51952548934906,209.7275628591872,0.1044776119402985,nan,nan
MNE,-5,20,surface_only,case_weighted_within_scenario,136,1,0.8569550390854985,0.9436856107674951,0.943735068473597,nan,1.7546146719187674,21.103745395938994,15.589690239845735,nan,nan,0.2370292834887176,nan,270.0220588235294,260.0147058823529,10.007352941176471,21.103745395938994,15.589690239845735,nan,nan,nan,0.3161764705882353,nan
MNE,0,-10,deep_only,case_weighted_within_scenario,30,1,0.5736666666666667,0.8523936288211545,nan,0.8444444444444447,1.9740201903429553,nan,nan,21.47154512017,13.943883744514842,0.4627879291518692,9.917987811482393,759.0333333333333,743.0333333333333,16.0,nan,nan,113.63003134330309,107.24324894067482,0.5666666666666667,nan,nan
MNE,0,-10,deep_plus_surface,case_weighted_within_scenario,136,1,0.5738537751053072,0.7790082842994852,0.8147632643762267,0.5504901960784314,1.917373947443819,75.09388516517966,59.03007782982556,24.62816054367407,25.429265565097936,0.2108514592370334,23.337476983907504,1451.1985294117646,1435.3455882352941,15.852941176470589,75.09388516517966,59.03007782982556,203.0148662960845,201.27689008865542,0.14705882352941177,nan,nan
MNE,0,-10,deep_plus_two_surface,case_weighted_within_scenario,67,1,0.6991490479946645,0.7049860065072814,0.7213266263451522,0.5691542288557215,1.917815862172126,51.140709327272575,52.214816136995424,24.577680374661767,26.230426806351534,0.19105860092993351,23.778594491053184,1678.8955223880596,1662.9850746268658,15.91044776119403,51.140709327272575,52.214816136995424,202.50771255545527,201.20721725429567,0.14925373134328357,nan,nan
MNE,0,-10,surface_only,case_weighted_within_scenario,136,1,0.7265556930254273,0.8191603639809666,0.8188560214759505,nan,1.893525796878897,74.44134423654268,66.38428104492323,nan,nan,0.19300218620909818,nan,1446.375,1430.5955882352941,15.779411764705882,74.44134423654268,66.38428104492323,nan,nan,nan,0.35294117647058826,nan
MNE,0,-5,deep_only,case_weighted_within_scenario,30,1,0.7196666666666668,0.9398908558498601,nan,0.8844444444444446,1.964797320862974,nan,nan,20.818088297347593,9.909551624466042,0.4492162700983956,7.7227255627205444,237.86666666666667,221.86666666666667,16.0,nan,nan,112.91842724570547,104.26610789071394,0.5666666666666667,nan,nan
MNE,0,-5,deep_plus_surface,case_weighted_within_scenario,136,1,0.6335213051551607,0.8359223098910054,0.8641443733833176,0.592156862745098,1.8949481683347007,66.50047591129983,45.27264414138775,24.25847519537593,25.319064004531157,0.25260901540935593,23.720321540437713,1008.8235294117648,993.0514705882352,15.772058823529411,66.50047591129983,45.27264414138775,202.7969113580777,201.37545060839835,0.14705882352941177,nan,nan
MNE,0,-5,deep_plus_two_surface,case_weighted_within_scenario,67,1,0.7322112191755002,0.7594012693146468,0.7727359786274463,0.580099502487562,1.8958079709094542,47.67233575961171,41.99270928149212,24.46524667211376,24.794479550627628,0.2418124504923468,23.042037451358453,1239.8805970149253,1224.089552238806,15.791044776119403,47.67233575961171,41.99270928149212,205.90258673960017,203.87677615048005,0.13432835820895522,nan,nan
MNE,0,-5,surface_only,case_weighted_within_scenario,136,1,0.7775088598114736,0.8671885410326545,0.8670393574062095,nan,1.8671715246971945,65.99917939145905,47.60299476399201,nan,nan,0.23683222350360977,nan,1088.1838235294117,1072.5220588235295,15.661764705882353,65.99917939145905,47.60299476399201,nan,nan,nan,0.25735294117647056,nan
MNE,0,0,deep_only,case_weighted_within_scenario,30,1,0.8283333333333334,0.968512356360087,nan,0.8800000000000002,1.9544167197048166,nan,nan,19.878388771234494,10.486901871949248,0.44314631235141816,10.486901871949248,183.6,167.66666666666666,15.933333333333334,nan,nan,140.76677885938852,133.94983007473547,0.43333333333333335,nan,nan
MNE,0,0,deep_plus_surface,case_weighted_within_scenario,136,1,0.679281615434399,0.8776608231803266,0.8974505034181989,0.6014705882352942,1.8699017320061675,55.36770683362757,44.479652349513465,23.860569242368285,24.98845897949069,0.2500885222125173,23.690723593334617,429.4485294117647,413.94117647058823,15.507352941176471,55.36770683362757,44.479652349513465,202.7732360619538,201.3049377517642,0.14705882352941177,nan,nan
MNE,0,0,deep_plus_two_surface,case_weighted_within_scenario,67,1,0.7731622504557001,0.8124494918442788,0.8206613144767836,0.5990049751243781,1.8683592854027253,40.14895464090081,40.50231061088896,24.10346340487052,23.5826971079931,0.2489756784283286,21.558261789488228,505.3134328358209,489.56716417910445,15.746268656716419,40.14895464090081,40.50231061088896,196.20405161004143,194.58465666162118,0.1791044776119403,nan,nan
MNE,0,0,surface_only,case_weighted_within_scenario,136,1,0.811021029523919,0.8998684876179582,0.8998365157131742,nan,1.8362819357703581,53.50491734361129,43.81270582432602,nan,nan,0.23816026199672471,nan,479.25735294117646,463.8897058823529,15.367647058823529,53.50491734361129,43.81270582432602,nan,nan,nan,0.2647058823529412,nan
MNE,0,5,deep_only,case_weighted_within_scenario,30,1,0.9253333333333333,0.98586450153068,nan,0.8933333333333333,1.9408720817986245,nan,nan,18.275619475089584,9.40602155267232,0.5447659902831352,9.40602155267232,177.83333333333334,163.03333333333333,14.8,nan,nan,117.94168168271874,110.88025217844293,0.5333333333333333,nan,nan
MNE,0,5,deep_plus_surface,case_weighted_within_scenario,136,1,0.7243031840048495,0.9083569627762279,0.921718428326498,0.6161764705882353,1.8418720366575498,45.73981732026133,36.84103984081383,23.5597826470861,23.210548695587484,0.2276045817389603,22.136318836832373,243.8308823529412,228.72058823529412,15.110294117647058,45.73981732026133,36.84103984081383,202.49000832783193,200.78117993716313,0.14705882352941177,nan,nan
MNE,0,5,deep_plus_two_surface,case_weighted_within_scenario,67,1,0.8071534926934546,0.8479566960598293,0.852233960281545,0.6258706467661692,1.8411535749483576,34.37202813279096,40.17553231577635,23.7235691119068,21.820123033607633,0.23579597022540816,20.931353241680355,253.46268656716418,238.02985074626866,15.432835820895523,34.37202813279096,40.17553231577635,205.477404641965,203.67237562478175,0.13432835820895522,nan,nan
MNE,0,5,surface_only,case_weighted_within_scenario,136,1,0.836933386264955,0.9247060386359438,0.9247324569448324,nan,1.8051212208556464,43.0816050256309,37.90328073731045,nan,nan,0.2235514319309307,nan,262.54411764705884,247.74264705882354,14.801470588235293,43.0816050256309,37.90328073731045,nan,nan,nan,0.3602941176470588,nan
MNE,0,10,deep_only,case_weighted_within_scenario,30,1,0.9703333333333334,0.9938639691201917,nan,0.9044444444444445,1.9221889328200708,nan,nan,15.986879099259149,9.242884926980325,0.7253201364277845,7.966742502953972,258.1333333333333,245.53333333333333,12.6,nan,nan,116.49520073542044,110.82306129658576,0.5333333333333333,nan,nan
MNE,0,10,deep_plus_surface,case_weighted_within_scenario,136,1,0.7658750602752984,0.9259381347377064,0.9359652107705211,0.6308823529411764,1.8185792098562001,36.416252720922756,26.924051286604186,23.03088406683449,20.95850778710998,0.22067247582658234,20.51133008079439,217.71323529411765,203.14705882352942,14.566176470588236,36.416252720922756,26.924051286604186,198.909074287819,197.12734376097004,0.16176470588235295,nan,nan
MNE,0,10,deep_plus_two_surface,case_weighted_within_scenario,67,1,0.8319857615201977,0.8724216702005922,0.8758573072497587,0.6447761194029852,1.8147236798559427,28.612052327906287,34.66710773263139,23.477347211506405,20.123638470274106,0.2149780442359849,20.025729326360253,201.28358208955223,186.37313432835822,14.91044776119403,28.612052327906287,34.66710773263139,205.25929616605492,202.8908729440648,0.13432835820895522,nan,nan
MNE,0,10,surface_only,case_weighted_within_scenario,136,1,0.8525842814160923,0.939212409883713,0.9392618291616717,nan,1.773921227761296,34.01983884008646,24.949688702891702,nan,nan,0.20641265589947616,nan,217.19117647058823,203.4485294117647,13.742647058823529,34.01983884008646,24.949688702891702,nan,nan,nan,0.4338235294117647,nan
MNE,0,15,deep_only,case_weighted_within_scenario,30,1,0.9849999999999999,0.9964284129730689,nan,0.9022222222222224,1.9050287548408849,nan,nan,14.465877725136712,9.332201265689804,0.9085598806672739,9.332201265689804,534.8666666666667,524.4,10.466666666666667,nan,nan,123.32138803174435,118.3478892460105,0.5,nan,nan
MNE,0,15,deep_plus_surface,case_weighted_within_scenario,136,1,0.7926547897110093,0.9347952097183583,0.9438045211688793,0.6372549019607844,1.7968628747349062,25.689089242704995,20.059599917350564,22.83238708550167,21.311071903675693,0.2295112142398039,21.030357742982428,223.625,210.5808823529412,13.044117647058824,25.689089242704995,20.059599917350564,197.19077825513224,195.40654147900364,0.16911764705882354,nan,nan
MNE,0,15,deep_plus_two_surface,case_weighted_within_scenario,67,1,0.8496330290262186,0.8842845779197073,0.8872987948180581,0.6666666666666667,1.7949379270097952,22.81764690073603,27.73163328303261,23.05706991382716,21.623266100259052,0.21820706461130193,21.772519825475907,222.83582089552237,208.61194029850745,14.223880597014926,22.81764690073603,58.52230172680048,208.3257965041324,206.5330984734093,0.11940298507462686,nan,nan
MNE,0,15,surface_only,case_weighted_within_scenario,136,1,0.8581181237564209,0.9446323264365333,0.9446823866026494,nan,1.7532981723819219,25.094578537861686,19.19349223292139,nan,nan,0.21235093651579712,nan,216.5735294117647,204.47058823529412,12.102941176470589,25.094578537861686,19.19349223292139,nan,nan,nan,0.3897058823529412,nan
MNE,0,20,deep_only,case_weighted_within_scenario,30,1,0.9813333333333334,0.9961222769421891,nan,0.8977777777777779,1.8979549923934103,nan,nan,13.72509102210211,9.559588843217456,0.9113757300742773,9.559588843217456,641.3,632.1333333333333,9.166666666666666,nan,nan,123.00802716487594,118.68122257131057,0.5,nan,nan
MNE,0,20,deep_plus_surface,case_weighted_within_scenario,136,1,0.80616046949162,0.9340228127993675,0.9433689885268232,0.6264705882352941,1.7877160890409574,21.092465055352978,16.570171242529188,22.388377005369893,21.823707050043108,0.24509507708005102,21.823707050043108,246.11764705882354,234.90441176470588,11.213235294117647,21.092465055352978,16.570171242529188,195.13627281174064,193.68573917749282,0.17647058823529413,nan,nan
MNE,0,20,deep_plus_two_surface,case_weighted_within_scenario,67,1,0.8601508420197035,0.8844985596128851,0.8876594376946844,0.6507462686567165,1.7874474687434017,19.867361219283776,18.427206669130907,22.811488366700395,21.66295263052388,0.23620438193079554,20.949977468239616,259.32835820895525,246.83582089552237,12.492537313432836,19.867361219283776,76.35010657015533,198.654247303537,196.20343676847293,0.16417910447761194,nan,nan
MNE,0,20,surface_only,case_weighted_within_scenario,136,1,0.8589497955642421,0.9455255180570499,0.9455767263595967,nan,1.7440792398940206,20.748533367027058,15.675861054586967,nan,nan,0.22247006546949075,nan,237.56617647058823,227.60294117647058,9.963235294117647,20.748533367027058,15.675861054586967,nan,nan,nan,0.35294117647058826,nan
MNE,5,-10,deep_only,case_weighted_within_scenario,30,1,0.6650000000000001,0.8545765118239497,nan,0.8933333333333334,1.9710717036841643,nan,nan,20.702444707028665,11.318896236493874,0.5339136303605682,7.977369605076823,1945.2333333333333,1929.2333333333333,16.0,nan,nan,106.29361872347167,98.61983804341811,0.6,nan,nan
MNE,5,-10,deep_plus_surface,case_weighted_within_scenario,136,1,0.5857354821685897,0.8097042411873219,0.846850750678953,0.5769607843137255,1.890483960756166,67.79899218382604,51.53232582616599,24.319452667209195,25.682361933054104,0.1780405355382469,23.7172196175831,1046.014705882353,1030.3529411764705,15.661764705882353,67.79899218382604,51.53232582616599,210.68371479888322,209.5389690559362,0.11029411764705882,nan,nan
MNE,5,-10,deep_plus_two_surface,case_weighted_within_scenario,67,1,0.7122055368821752,0.7359938052083984,0.7528508624303117,0.565174129353234,1.8898388644326292,47.68033228171396,47.362756686813086,24.237031108947637,22.83092749627035,0.15753632511059093,20.559625319102956,1029.3283582089553,1013.7313432835821,15.597014925373134,47.68033228171396,47.362756686813086,202.55149406019234,200.8468868567633,0.14925373134328357,nan,nan
MNE,5,-10,surface_only,case_weighted_within_scenario,136,1,0.765195853412582,0.8543757479072428,0.8541149853452953,nan,1.8588547459351148,64.98403005432452,51.36526385778115,nan,nan,0.16470081463387243,nan,980.1544117647059,964.7573529411765,15.397058823529411,64.98403005432452,51.36526385778115,nan,nan,nan,0.5073529411764706,nan
MNE,5,-5,deep_only,case_weighted_within_scenario,30,1,0.8703333333333334,0.9772926926660456,nan,0.9066666666666667,1.9551648769600607,nan,nan,19.757321965547472,8.259270194774166,0.7031826154975583,7.01525321974579,783.8666666666667,768.0666666666667,15.8,nan,nan,83.95167535386067,74.01347154517372,0.7,nan,nan
MNE,5,-5,deep_plus_surface,case_weighted_within_scenario,136,1,0.6377965537893,0.8555198848318893,0.8878108585930444,0.5941176470588235,1.8648883928343647,58.338014100684894,34.521516097762124,23.83239444849881,24.24559672158537,0.22694767019194426,22.779249186040197,1080.3823529411766,1064.9926470588234,15.389705882352942,58.338014100684894,34.521516097762124,207.30820727883116,205.70564067475584,0.125,nan,nan
MNE,5,-5,deep_plus_two_surface,case_weighted_within_scenario,67,1,0.7432118500065358,0.7803856362259298,0.7961592922444704,0.6228855721393035,1.8661382883373279,42.375138580150285,40.34292468501618,23.85365543720734,20.86841765071405,0.2079712323930137,19.121978282409227,1148.1791044776119,1132.7014925373135,15.477611940298507,42.375138580150285,40.34292468501618,199.43104921353915,196.98493950064642,0.16417910447761194,nan,nan
MNE,5,-5,surface_only,case_weighted_within_scenario,136,1,0.8086649883508465,0.8920490745130545,0.891899849362419,nan,1.8307940796849804,56.27970141729411,34.04646900477258,nan,nan,0.19854884962917713,nan,1052.8529411764705,1037.6764705882354,15.176470588235293,56.27970141729411,34.04646900477258,nan,nan,nan,0.4264705882352941,nan
MNE,5,0,deep_only,case_weighted_within_scenario,30,1,0.9239999999999999,0.9877368117485248,nan,0.9066666666666667,1.94037478042569,nan,nan,18.646306620912288,8.16200465406058,0.72664190330322,7.749982037514825,346.8666666666667,331.6333333333333,15.233333333333333,nan,nan,104.21359656097658,95.35700074155321,0.6,nan,nan
MNE,5,0,deep_plus_surface,case_weighted_within_scenario,136,1,0.6987470080785487,0.8932815119336185,0.9169274390192349,0.65,1.8382626431370481,44.62206659945368,28.08933947075009,23.551407609174863,23.21086095171923,0.2616267605730737,22.089654450413974,678.4191176470588,663.3014705882352,15.117647058823529,44.62206659945368,28.08933947075009,199.41251651087836,197.6384353048239,0.16176470588235295,nan,nan
MNE,5,0,deep_plus_two_surface,case_weighted_within_scenario,67,1,0.7878970356534815,0.8324534938385961,0.8438535054932617,0.6149253731343284,1.8360316215723675,32.910745627717006,35.01574920377223,23.775693346392522,23.238914707592933,0.24456443917694223,20.33315475537495,713.9850746268656,698.7910447761194,15.194029850746269,32.910745627717006,40.95644659638433,192.9319616306871,190.86069546297014,0.19402985074626866,nan,nan
MNE,5,0,surface_only,case_weighted_within_scenario,136,1,0.8400844962275734,0.9206854000549821,0.9206422427885089,nan,1.7958545541473658,42.740403771680256,23.26599275086421,nan,nan,0.22812067525093982,nan,654.2647058823529,639.8676470588235,14.397058823529411,42.740403771680256,23.26599275086421,nan,nan,nan,0.3602941176470588,nan
MNE,5,5,deep_only,case_weighted_within_scenario,30,1,0.9556666666666666,0.9920493367052664,nan,0.8933333333333333,1.927903450517481,nan,nan,17.375178795208885,10.15356853103439,0.7491560616904385,9.210759462252783,305.43333333333334,291.3666666666667,14.066666666666666,nan,nan,124.33250397345093,118.9573650158102,0.5,nan,nan
MNE,5,5,deep_plus_surface,case_weighted_within_scenario,136,1,0.7517003928272377,0.916000066098424,0.9310220577839174,0.667156862745098,1.8100581750648794,34.33099404160486,26.814613257574432,22.931749889413943,22.04346561892625,0.2614440541688919,21.17273814439025,331.05882352941177,316.44117647058823,14.617647058823529,34.33099404160486,26.814613257574432,192.88739941584183,190.5092486594183,0.19117647058823528,nan,nan
MNE,5,5,deep_plus_two_surface,case_weighted_within_scenario,67,1,0.8292950691392079,0.8720954524415355,0.87808466893786,0.6348258706467662,1.8068395683833447,25.99849931620513,31.768462923475305,23.297503453606282,21.56743507467275,0.2597774440511574,20.73993929053282,347.92537313432837,333.1641791044776,14.761194029850746,25.99849931620513,40.82490989061569,192.65187544856278,189.99997683028818,0.19402985074626866,nan,nan
MNE,5,5,surface_only,case_weighted_within_scenario,136,1,0.8512471973754272,0.9348703155901206,0.9348884591471431,nan,1.7630067894160073,31.484792137545448,25.741277967088347,nan,nan,0.22993948294467456,nan,315.65441176470586,302.06617647058823,13.588235294117647,31.484792137545448,25.741277967088347,nan,nan,nan,0.375,nan
MNE,5,10,deep_only,case_weighted_within_scenario,30,1,0.9833333333333333,0.9960069213363503,nan,0.9022222222222224,1.9103594157210126,nan,nan,16.368091204613677,9.877426127182853,0.8233530783043171,8.966742487650475,358.43333333333334,345.2,13.233333333333333,nan,nan,116.58746060766097,111.45760250466351,0.5333333333333333,nan,nan
MNE,5,10,deep_plus_surface,case_weighted_within_scenario,136,1,0.7949772644544727,0.9332091759734595,0.9424410301115717,0.6745098039215687,1.7899094930568613,28.162037938204698,22.77407617411552,22.624589786485657,21.664488627394785,0.23600722948410635,21.329969844616638,234.1691176470588,220.19117647058823,13.977941176470589,28.162037938204698,22.77407617411552,195.78492402399698,193.8327979985112,0.17647058823529413,nan,nan
MNE,5,10,deep_plus_two_surface,case_weighted_within_scenario,67,1,0.8453663503824974,0.8822654169768037,0.8856712772450628,0.6527363184079603,1.7856710649777237,23.123673040803208,26.635590975930302,23.03564234423941,20.763918184839454,0.2314402508034736,20.33846308829177,234.83582089552237,220.22388059701493,14.611940298507463,23.123673040803208,54.49442213896199,195.47331987129124,193.07079534644302,0.1791044776119403,nan,nan
MNE,5,10,surface_only,case_weighted_within_scenario,136,1,0.8590542124768125,0.9444851614030076,0.944531884047156,nan,1.7409187000982689,26.2304315225947,21.43569025261435,nan,nan,0.21722014757340724,nan,231.64705882352942,218.875,12.772058823529411,26.2304315225947,21.43569025261435,nan,nan,nan,0.4411764705882353,nan
MNE,5,15,deep_only,case_weighted_within_scenario,30,1,0.9869999999999999,0.9970451217888991,nan,0.9177777777777778,1.895927594956256,nan,nan,15.15786879489958,8.470272487959624,0.8851835934277432,7.892922200045533,462.5,450.93333333333334,11.566666666666666,nan,nan,123.6564583793278,117.59190621605276,0.5,nan,nan
MNE,5,15,deep_plus_surface,case_weighted_within_scenario,136,1,0.8159177252572083,0.9394332545898294,0.9474811849371563,0.6632352941176471,1.7776782372801423,23.34833748512933,18.082735482414567,22.36535042758804,21.09271566320637,0.22536188492913625,21.01326295130604,205.6985294117647,192.8014705882353,12.897058823529411,23.34833748512933,18.082735482414567,200.25733850681826,198.70108723088455,0.15441176470588236,nan,nan
MNE,5,15,deep_plus_two_surface,case_weighted_within_scenario,67,1,0.8541592868491572,0.8887252713163164,0.8914619231523514,0.6686567164179105,1.774147870534209,20.514198710463823,23.65826769205723,22.66324132590349,20.25942152847539,0.2079941270837171,19.558216584570538,197.0,183.38805970149255,13.611940298507463,20.514198710463823,61.336627840872765,211.44261014522755,209.5783091250245,0.1044776119402985,nan,nan
MNE,5,15,surface_only,case_weighted_within_scenario,136,1,0.860669910163854,0.9475534148388007,0.9476070407366781,nan,1.7301317988798535,22.253693576887017,17.931738354418314,nan,nan,0.20471197827112483,nan,203.21323529411765,191.90441176470588,11.308823529411764,22.253693576887017,17.931738354418314,nan,nan,nan,0.4632352941176471,nan
MNE,5,20,deep_only,case_weighted_within_scenario,30,1,0.9843333333333332,0.9963662984160789,nan,0.8933333333333334,1.889987840603852,nan,nan,14.09062589889466,9.998867930619872,0.9171942342994301,9.998867930619872,589.1,579.3,9.8,nan,nan,123.17016827218436,119.01455591094054,0.5,nan,nan
MNE,5,20,deep_plus_surface,case_weighted_within_scenario,136,1,0.825717176910062,0.938186416688457,0.9459428192003718,0.6568627450980393,1.776887779528724,20.582756063684403,16.394363797643845,21.87557455015051,21.398956295683686,0.23120627652934753,21.631476720148292,212.97794117647058,201.56617647058823,11.411764705882353,20.582756063684403,16.394363797643845,201.67794623154725,200.27483071189354,0.14705882352941177,nan,nan
MNE,5,20,deep_plus_two_surface,case_weighted_within_scenario,67,1,0.8661622192650824,0.89218696869113,0.8948736748126204,0.6686567164179105,1.773703020768141,19.291337616529052,17.767112866212084,22.236319632565564,20.020214634826917,0.21862141585340414,20.020214634826917,213.4179104477612,200.6865671641791,12.73134328358209,19.291337616529052,72.63956037115402,201.4774262306251,199.39790111353008,0.14925373134328357,nan,nan
MNE,5,20,surface_only,case_weighted_within_scenario,136,1,0.8618406562151961,0.948161690060167,0.9482136611288032,nan,1.7282855276977132,20.138395995491663,17.770592197885943,nan,nan,0.20943640486482618,nan,207.76470588235293,198.19117647058823,9.573529411764707,20.138395995491663,17.770592197885943,nan,nan,nan,0.4117647058823529,nan
MNE,10,-10,deep_only,case_weighted_within_scenario,30,1,0.7030000000000001,0.8640578552730823,nan,0.8955555555555557,1.9692453232376683,nan,nan,20.388592614837346,9.30007582706326,0.4932615038722334,8.310702922603411,1833.6,1817.6,16.0,nan,nan,105.75135880129395,96.60101766807917,0.6,nan,nan
MNE,10,-10,deep_plus_surface,case_weighted_within_scenario,136,1,0.6172147493399226,0.8494813131211201,0.8828070488143022,0.6,1.855845336953434,52.86169661580987,34.891907844472975,23.84134269002741,23.725111522105806,0.1751349477401637,23.279347467480026,796.2426470588235,780.8235294117648,15.419117647058824,52.86169661580987,34.891907844472975,210.47040878721748,209.02590100879414,0.11029411764705882,nan,nan
MNE,10,-10,deep_plus_two_surface,case_weighted_within_scenario,67,1,0.740163735373012,0.7834162107174407,0.7983048603710878,0.6079601990049751,1.8516752982514846,38.25301949339186,42.06656300408684,23.827697316785166,20.266057260011667,0.16150858893872655,19.712883349424516,713.3134328358209,697.776119402985,15.537313432835822,38.25301949339186,47.7967883429582,208.7607704678928,206.83160595247048,0.11940298507462686,nan,nan
MNE,10,-10,surface_only,case_weighted_within_scenario,136,1,0.79653005453915,0.8879238681503575,0.8877376265914749,nan,1.8171567372981634,49.75282354170821,31.61582844577603,nan,nan,0.1563780926509465,nan,760.5955882352941,745.7867647058823,14.808823529411764,49.75282354170821,31.61582844577603,nan,nan,nan,0.5294117647058824,nan
MNE,10,-5,deep_only,case_weighted_within_scenario,30,1,0.9359999999999999,0.987492790274635,nan,0.9111111111111112,1.9515508062527749,nan,nan,19.550192504984476,7.19988818598678,0.8272991175375652,7.061816989412724,1843.2333333333333,1827.2333333333333,16.0,nan,nan,83.77762901193738,72.68013810220732,0.7,nan,nan
MNE,10,-5,deep_plus_surface,case_weighted_within_scenario,136,1,0.6529641758394836,0.8746602290552358,0.9055259420253343,0.621078431372549,1.8345431956348195,46.127103801213735,26.297275935357607,23.493737447437184,22.781177014236988,0.19712330305790365,21.39682506163029,760.2941176470588,745.25,15.044117647058824,46.127103801213735,26.297275935357607,204.19892145347166,202.30710859207966,0.13970588235294118,nan,nan
MNE,10,-5,deep_plus_two_surface,case_weighted_within_scenario,67,1,0.7565274963928574,0.8051533807399275,0.8204029884015126,0.582089552238806,1.8337142195399645,33.69356726764464,35.366934736822074,23.838543985069332,20.7963121306196,0.17932566247969997,19.86910761505245,734.8805970149253,719.776119402985,15.104477611940299,33.69356726764464,41.297148979193864,208.6606418598339,207.16534746068433,0.11940298507462686,nan,nan
MNE,10,-5,surface_only,case_weighted_within_scenario,136,1,0.8231457452359986,0.9084134063145993,0.9082869009204613,nan,1.7913437085069286,43.08159655170489,25.31844773850616,nan,nan,0.16728537917072614,nan,669.9705882352941,655.7205882352941,14.25,43.08159655170489,25.31844773850616,nan,nan,nan,0.5147058823529411,nan
MNE,10,0,deep_only,case_weighted_within_scenario,30,1,0.9853333333333333,0.9977638759483561,nan,0.9177777777777778,1.9264907022998405,nan,nan,18.15623480938986,8.687922168274845,0.9554825999152257,6.972500642733384,997.2,982.1666666666666,15.033333333333333,nan,nan,89.76303275987979,81.3917921997604,0.6666666666666666,nan,nan
MNE,10,0,deep_plus_surface,case_weighted_within_scenario,136,1,0.7104733433038815,0.9033009324975294,0.9278760065237156,0.6573529411764706,1.8059634846994645,35.31270445187173,16.61021211922854,22.921230400568092,22.200398741693935,0.22045537578031046,21.069954457871304,611.0514705882352,596.4558823529412,14.595588235294118,35.31270445187173,16.61021211922854,200.8879553452279,199.4454982815294,0.15441176470588236,nan,nan
MNE,10,0,deep_plus_two_surface,case_weighted_within_scenario,67,1,0.7943946518987263,0.8460273908905533,0.858421193691167,0.625870646766169,1.8057682362087693,27.43882217947341,25.54619526682624,23.210662614981974,19.968884548875128,0.21091632552375209,19.180050238458158,657.1940298507462,642.6417910447761,14.552238805970148,27.43882217947341,50.439677844671145,195.95803644466963,193.00897241699946,0.1791044776119403,nan,nan
MNE,10,0,surface_only,case_weighted_within_scenario,136,1,0.8499566634305147,0.9304395798746022,0.9303915353732021,nan,1.7581920745635449,32.96084921280195,16.31854938314986,nan,nan,0.19279596786852493,nan,574.1470588235294,560.5441176470588,13.602941176470589,32.96084921280195,16.31854938314986,nan,nan,nan,0.4632352941176471,nan
MNE,10,5,deep_only,case_weighted_within_scenario,30,1,0.9846666666666667,0.9972625227383645,nan,0.908888888888889,1.9097089694853173,nan,nan,17.250358546884378,9.267950468697011,0.9210248924532815,9.267950468697011,538.6666666666666,524.5,14.166666666666666,nan,nan,109.98907038132636,103.41261521146495,0.5666666666666667,nan,nan
MNE,10,5,deep_plus_surface,case_weighted_within_scenario,136,1,0.773245054496926,0.9234245974727027,0.9397333203765834,0.6926470588235294,1.7772277068751028,25.559272702762996,15.867974034190912,22.393488823507898,22.13701654372738,0.25256758073115804,21.385191792454656,367.0735294117647,353.1985294117647,13.875,25.559272702762996,15.867974034190912,194.3200228397235,192.7280941443648,0.18382352941176472,nan,nan
MNE,10,5,deep_plus_two_surface,case_weighted_within_scenario,67,1,0.83929198768048,0.8755909621923363,0.8828695601302282,0.6477611940298508,1.776297888542747,21.442514560660374,17.545814356002893,22.901271078262177,19.445068816516326,0.23909547921020732,18.79843531543982,410.910447761194,396.7014925373134,14.208955223880597,21.442514560660374,59.550036259041214,182.85717940388523,179.30998470947895,0.23880597014925373,nan,nan
MNE,10,5,surface_only,case_weighted_within_scenario,136,1,0.8623571598994825,0.9428930009831026,0.9429096377176087,nan,1.7242770519202733,24.491381971845083,14.149654163943277,nan,nan,0.22262780646080274,nan,367.1985294117647,354.6764705882353,12.522058823529411,24.491381971845083,14.149654163943277,nan,nan,nan,0.40441176470588236,nan
MNE,10,10,deep_only,case_weighted_within_scenario,30,1,0.9863333333333331,0.997510980966325,nan,0.9222222222222223,1.894827334158884,nan,nan,16.385069665272813,7.219195565726588,0.9232298279038247,7.219195565726588,497.73333333333335,484.5,13.233333333333333,nan,nan,94.89485549216397,86.81067436619163,0.6333333333333333,nan,nan
MNE,10,10,deep_plus_surface,case_weighted_within_scenario,136,1,0.822652568973335,0.9371738475374446,0.9464993422546027,0.6916666666666667,1.7600761664366658,22.490066150942965,15.746143056654216,21.944953236840206,20.71686323331694,0.2548155621678686,20.16814791247974,265.79411764705884,252.59558823529412,13.198529411764707,22.490066150942965,15.746143056654216,192.6116151976811,190.53825224927473,0.19117647058823528,nan,nan
MNE,10,10,deep_plus_two_surface,case_weighted_within_scenario,67,1,0.8615545363109044,0.8925719421166538,0.8963961773355881,0.6597014925373135,1.757015277409077,19.696268391636355,18.312216117352897,22.50470372153229,20.724657696127068,0.25730986768553565,20.052710958279807,290.13432835820896,276.4029850746269,13.73134328358209,19.696268391636355,53.728422880459895,198.65893950166037,196.71302089293974,0.16417910447761194,nan,nan
MNE,10,10,surface_only,case_weighted_within_scenario,136,1,0.864246007946269,0.9476329189796632,0.9476841237532393,nan,1.7055642750498459,21.3880853976393,15.351930560818781,nan,nan,0.22823688986537838,nan,259.6397058823529,248.24264705882354,11.397058823529411,21.3880853976393,15.351930560818781,nan,nan,nan,0.40441176470588236,nan
MNE,10,15,deep_only,case_weighted_within_scenario,30,1,0.9926666666666666,0.998180930831004,nan,0.9155555555555556,1.883746696500758,nan,nan,15.757397317928701,8.162004638134656,0.9078707634818776,8.162004638134656,449.23333333333335,436.7,12.533333333333333,nan,nan,109.07013645605197,102.41261515661012,0.5666666666666667,nan,nan
MNE,10,15,deep_plus_surface,case_weighted_within_scenario,136,1,0.8449147952685091,0.9440290207719673,0.9505485564851323,0.7039215686274511,1.7549047776827862,20.62056188322891,16.481555014196218,21.69757285222713,20.993148471956502,0.23401083398281122,20.993148471956502,212.6691176470588,200.03676470588235,12.632352941176471,20.62056188322891,16.481555014196218,197.06560749689947,195.4065414679092,0.16911764705882354,nan,nan
MNE,10,15,deep_plus_two_surface,case_weighted_within_scenario,67,1,0.8679247630962396,0.8959761721375044,0.8984263490836747,0.6487562189054727,1.7521058241224305,18.874657376434083,18.46683284974022,22.162309465019607,20.396766057956604,0.23383996709632254,19.98899727135507,212.92537313432837,199.67164179104478,13.253731343283581,18.874657376434083,66.72704456762166,188.7146413456702,185.93559795225949,0.208955223880597,nan,nan
MNE,10,15,surface_only,case_weighted_within_scenario,136,1,0.8635371281725623,0.9489836326285345,0.9490531260040119,nan,1.7009092313997196,20.02147286749758,15.648321843985752,nan,nan,0.2175947430623541,nan,213.63970588235293,203.24264705882354,10.397058823529411,20.02147286749758,15.648321843985752,nan,nan,nan,0.4264705882352941,nan
MNE,10,20,deep_only,case_weighted_within_scenario,30,1,0.9930000000000001,0.9981410000443677,nan,0.9066666666666667,1.877557018477514,nan,nan,14.960284495487917,9.486901863276135,0.9278996012691368,9.486901863276135,507.06666666666666,495.6666666666667,11.4,nan,nan,137.95004530861925,132.94983005818713,0.43333333333333335,nan,nan
MNE,10,20,deep_plus_surface,case_weighted_within_scenario,136,1,0.8451753806215048,0.9426159281224917,0.9490106751026168,0.6843137254901961,1.757563212371928,19.58709441918409,16.878741306803402,21.835471396007712,20.494360997209508,0.21955794891173522,20.72688141392774,192.34558823529412,180.51470588235293,11.830882352941176,19.58709441918409,16.878741306803402,201.6114968985719,200.42188951549548,0.14705882352941177,nan,nan
MNE,10,20,deep_plus_two_surface,case_weighted_within_scenario,67,1,0.874420497053206,0.8981363584746518,0.9002889984888286,0.674626865671642,1.7543570253782856,18.4489445783045,18.669244744233463,22.025367081586705,20.209954835037536,0.21094421816566916,20.209954835037536,187.16417910447763,174.59701492537314,12.567164179104477,18.4489445783045,70.09846674113948,198.24985443868277,196.0541830171581,0.16417910447761194,nan,nan
MNE,10,20,surface_only,case_weighted_within_scenario,136,1,0.8642485273734343,0.950586320348508,0.9506446671082434,nan,1.7048869112358014,19.227176598284547,16.871479850678224,nan,nan,0.20114831902598374,nan,190.6985294117647,181.21323529411765,9.485294117647058,19.227176598284547,16.871479850678224,nan,nan,nan,0.49264705882352944,nan
MNE,15,-10,deep_only,case_weighted_within_scenario,30,1,0.7979999999999998,0.9251608323350636,nan,0.9000000000000001,1.9613593377162026,nan,nan,20.496070736808704,8.554719907069636,0.5245682169314775,8.221386555451353,1305.5,1289.5,16.0,nan,nan,113.0076402404563,103.0792818575051,0.5666666666666667,nan,nan
MNE,15,-10,deep_plus_surface,case_weighted_within_scenario,136,1,0.6814639893681824,0.8833000206968219,0.9071582991448031,0.6245098039215686,1.8191280578886075,37.79014865749163,22.19773404253392,23.289310116800074,20.890266601054517,0.1829795475024198,20.79585759490069,601.4632352941177,586.4485294117648,15.014705882352942,37.79014865749163,22.19773404253392,201.016148080122,198.84814609047524,0.15441176470588236,nan,nan
MNE,15,-10,deep_plus_two_surface,case_weighted_within_scenario,67,1,0.7781478649136192,0.8213862798514934,0.8322822164721367,0.6159203980099502,1.8126198236947264,26.938393068127166,30.345490479377954,23.51833229396707,17.537871436360906,0.17661113648958343,18.088638878907464,568.044776119403,552.8507462686567,15.194029850746269,26.938393068127166,69.86619313459724,205.58958260158553,203.4878878560985,0.13432835820895522,nan,nan
MNE,15,-10,surface_only,case_weighted_within_scenario,136,1,0.8154440551449964,0.9124618505868857,0.9123566172885899,nan,1.7704747708086523,35.08277483393743,21.700938828251704,nan,nan,0.16483287536520394,nan,552.8676470588235,538.9852941176471,13.882352941176471,35.08277483393743,21.700938828251704,nan,nan,nan,0.5,nan
MNE,15,-5,deep_only,case_weighted_within_scenario,30,1,0.9429999999999998,0.9890145969208928,nan,0.92,1.9485571128730186,nan,nan,19.730182453308633,7.5059650326567064,0.7889872236734844,6.760609102799166,2083.5333333333333,2067.5666666666666,15.966666666666667,nan,nan,91.09881361939087,80.4217265897466,0.6666666666666666,nan,nan
MNE,15,-5,deep_plus_surface,case_weighted_within_scenario,136,1,0.6997999412024978,0.8987363427569752,0.9223789503144879,0.6352941176470589,1.8025823339180027,33.45844609661277,20.457266478182355,22.833742481264068,21.33747866220156,0.18648006638683962,20.91823047710446,527.0955882352941,512.4485294117648,14.647058823529411,33.45844609661277,20.457266478182355,205.4977201477102,204.07146672062171,0.1323529411764706,nan,nan
MNE,15,-5,deep_plus_two_surface,case_weighted_within_scenario,67,1,0.7882634331977036,0.8297578175209966,0.8404910466963685,0.6378109452736318,1.8007661422010226,25.712005471333445,24.803621742159354,23.169636208003368,18.557386241508354,0.1705189893155448,18.069420505737792,518.1492537313433,503.25373134328356,14.895522388059701,25.712005471333445,62.276843852150634,211.79821930316686,210.3864006986643,0.1044776119402985,nan,nan
MNE,15,-5,surface_only,case_weighted_within_scenario,136,1,0.834725963193562,0.9250468810514164,0.924965617827282,nan,1.7525345046692298,31.348820948641855,19.32677086086116,nan,nan,0.16269180584212056,nan,479.97058823529414,466.5,13.470588235294118,31.348820948641855,19.32677086086116,nan,nan,nan,0.5220588235294118,nan
MNE,15,0,deep_only,case_weighted_within_scenario,30,1,0.9939999999999999,0.9989884200718754,nan,0.9311111111111111,1.9238067593799675,nan,nan,18.5006431072891,5.926423823581294,0.9603351164476105,5.926423823581294,1705.7666666666667,1690.3333333333333,15.433333333333334,nan,nan,75.38121224278594,63.74109653218217,0.7333333333333333,nan,nan
MNE,15,0,deep_plus_surface,case_weighted_within_scenario,136,1,0.7364580933761369,0.9121168027949815,0.9328456491778409,0.667156862745098,1.780014637906301,27.09947019062778,15.548075986497121,22.55879871768055,21.278029391228657,0.19645780025401582,20.941399429254062,451.9632352941176,437.625,14.338235294117647,27.09947019062778,15.548075986497121,203.88657533813716,202.31303189430275,0.13970588235294118,nan,nan
MNE,15,0,deep_plus_two_surface,case_weighted_within_scenario,67,1,0.8077385988210504,0.851835432318644,0.862243110600915,0.6487562189054725,1.7788916152565162,21.9950580889595,18.836202113516457,22.845704420030643,18.768700785878572,0.17769142870264562,18.203969870348768,438.2238805970149,423.8955223880597,14.328358208955224,21.9950580889595,63.80188474633217,205.2431383818545,203.48788783894634,0.13432835820895522,nan,nan
MNE,15,0,surface_only,case_weighted_within_scenario,136,1,0.8513885721402176,0.9368658996490042,0.9368261079439185,nan,1.7255819627876448,25.48387169377622,16.83214571174557,nan,nan,0.17010185982064008,nan,420.4852941176471,407.56617647058823,12.919117647058824,25.48387169377622,16.83214571174557,nan,nan,nan,0.5220588235294118,nan
MNE,15,5,deep_only,case_weighted_within_scenario,30,1,0.997,0.9993655441678867,nan,0.9333333333333333,1.8954605355825784,nan,nan,17.664850706600998,5.514401220734205,0.9805719330742169,5.514401220734205,741.9333333333333,727.0666666666667,14.866666666666667,nan,nan,67.60641284890772,56.273459488591214,0.7666666666666667,nan,nan
MNE,15,5,deep_plus_surface,case_weighted_within_scenario,136,1,0.7843486304212144,0.9271239643290838,0.9432141254663567,0.6867647058823529,1.7522744210355892,20.685173049717495,12.352187490618364,22.040127881662475,21.14557656562401,0.2193533249391777,20.51147648528635,329.8235294117647,316.25,13.573529411764707,20.685173049717495,12.352187490618364,205.26531956281062,203.92440789516706,0.1323529411764706,nan,nan
MNE,15,5,deep_plus_two_surface,case_weighted_within_scenario,67,1,0.842236647316649,0.8769110682694237,0.8843748302326175,0.6676616915422886,1.7533767694876137,18.271876521423124,14.098110202106641,22.53815218740938,19.050446528330404,0.20692610692132926,19.122076519060823,350.92537313432837,336.97014925373134,13.955223880597014,18.271876521423124,60.05384189103783,208.3788528264776,206.98085967484892,0.11940298507462686,nan,nan
MNE,15,5,surface_only,case_weighted_within_scenario,136,1,0.8620531029201031,0.944208825499786,0.9442109651309911,nan,1.6959485187914891,19.830346382417687,13.231548933336027,nan,nan,0.18771187897030395,nan,309.54411764705884,297.65441176470586,11.889705882352942,19.830346382417687,13.231548933336027,nan,nan,nan,0.4632352941176471,nan
MNE,15,10,deep_only,case_weighted_within_scenario,30,1,0.9953333333333333,0.9990283508585119,nan,0.9111111111111112,1.8806151741250168,nan,nan,16.73553191606129,8.463212556877245,0.9699993851412094,8.463212556877245,547.7666666666667,534.0,13.766666666666667,nan,nan,102.47019267792386,95.27831146463743,0.6,nan,nan
MNE,15,10,deep_plus_surface,case_weighted_within_scenario,136,1,0.8305299827204625,0.9408087743309075,0.951186074179892,0.7053921568627453,1.7346635385837432,19.087776280354323,12.886375882361937,21.63236703518953,21.34176323053617,0.247886001245155,20.6154791794016,280.25735294117646,267.20588235294116,13.051470588235293,19.087776280354323,12.886375882361937,200.3188222691155,199.086575539454,0.15441176470588236,nan,nan
MNE,15,10,deep_plus_two_surface,case_weighted_within_scenario,67,1,0.8678397192533196,0.893571492578844,0.8980841472414217,0.672636815920398,1.736548056003399,17.636866653729697,13.014520836519345,21.9648836864378,19.546567956564854,0.23873824736203836,19.272053610726967,312.5074626865672,299.1044776119403,13.402985074626866,17.636866653729697,69.09284990123408,192.24454889421403,189.72707725625082,0.19402985074626866,nan,nan
MNE,15,10,surface_only,case_weighted_within_scenario,136,1,0.8692504893954597,0.9511800704057632,0.9512276030159205,nan,1.6762728936534628,18.55557811048799,12.49119716817199,nan,nan,0.2198579585304504,nan,282.3970588235294,271.74264705882354,10.654411764705882,18.55557811048799,12.49119716817199,nan,nan,nan,0.4264705882352941,nan
MNE,15,15,deep_only,case_weighted_within_scenario,30,1,0.9953333333333333,0.9986024224677226,nan,0.9155555555555556,1.872424275618606,nan,nan,16.208852906355265,8.162004638134656,0.933525723713027,8.162004638134656,484.96666666666664,471.8666666666667,13.1,nan,nan,109.17456636289195,102.41261515661012,0.5666666666666667,nan,nan
MNE,15,15,deep_plus_surface,case_weighted_within_scenario,136,1,0.86252450473597,0.942949464402182,0.9492079730676091,0.715686274509804,1.7322480648480052,19.1741254505567,13.798909409468944,21.4514946652197,21.184078231518953,0.25209067659599177,20.902576227018972,243.65441176470588,231.33823529411765,12.316176470588236,19.1741254505567,13.798909409468944,193.87369723533394,192.28951142669382,0.18382352941176472,nan,nan
MNE,15,15,deep_plus_two_surface,case_weighted_within_scenario,67,1,0.8813584869171975,0.9001165133033366,0.9025696766234288,0.6766169154228856,1.7308291193649987,18.088380618052255,14.567544112058961,21.84498426818605,18.925950053280232,0.2504176546631726,18.089300573786076,258.64179104477614,245.62686567164178,13.014925373134329,18.088380618052255,63.70073092046606,192.1273084798439,189.516000598249,0.19402985074626866,nan,nan
MNE,15,15,surface_only,case_weighted_within_scenario,136,1,0.8666579286771817,0.9506811413435556,0.9507555387946648,nan,1.6716616451298216,18.545054745259016,14.195846788060207,nan,nan,0.22497421978130325,nan,237.7941176470588,227.85294117647058,9.941176470588236,18.545054745259016,14.195846788060207,nan,nan,nan,0.3602941176470588,nan
MNE,15,20,deep_only,case_weighted_within_scenario,30,1,0.9943333333333332,0.9986734105328541,nan,0.9155555555555556,1.8686187306772257,nan,nan,15.678897785097906,8.162004638134656,0.9312467348415897,8.162004638134656,467.3,454.9,12.4,nan,nan,108.95520478958815,102.41261515661012,0.5666666666666667,nan,nan
MNE,15,20,deep_plus_surface,case_weighted_within_scenario,136,1,0.8683618339863369,0.9473317561461168,0.9527961150046413,0.7117647058823531,1.7392848641329224,18.978900724060363,16.680426487135005,21.48267604778191,20.9643193307624,0.23994808686020258,20.9643193307624,207.23529411764707,195.23529411764707,12.0,18.978900724060363,16.680426487135005,195.2752876651849,193.68573917220385,0.17647058823529413,nan,nan
MNE,15,20,deep_plus_two_surface,case_weighted_within_scenario,67,1,0.8795431894715383,0.9000279925448228,0.9020350911041226,0.6696517412935323,1.7373810499365732,17.927422580542324,16.515042639625914,22.011806309902035,20.022064484879284,0.23180344822294205,19.829203631410262,199.34328358208955,186.73134328358208,12.611940298507463,17.927422580542324,71.70517960504495,201.49617517321622,199.39790112531438,0.14925373134328357,nan,nan
MNE,15,20,surface_only,case_weighted_within_scenario,136,1,0.8680288361168934,0.9533678231406464,0.9534384798090606,nan,1.6830107808519819,18.73906816582106,15.842587835055594,nan,nan,0.21543273240077382,nan,202.59558823529412,193.52941176470588,9.066176470588236,18.73906816582106,15.842587835055594,nan,nan,nan,0.41911764705882354,nan
MNE,20,-10,deep_only,case_weighted_within_scenario,30,1,0.9176666666666666,0.9830072319091353,nan,0.908888888888889,1.9456969621793736,nan,nan,20.850948639171026,7.348586502801764,0.738480030242059,7.015253189489979,1558.2,1542.2,16.0,nan,nan,84.98284257110231,73.20873363284645,0.7,nan,nan
MNE,20,-10,deep_plus_surface,case_weighted_within_scenario,136,1,0.7673909455655606,0.909710130588789,0.9235971553537002,0.6284313725490196,1.7901587850455105,27.187828033714567,18.62153233566982,22.752756656655173,21.145459092660516,0.20428638929677148,20.966650323042664,513.1911764705883,498.625,14.566176470588236,27.187828033714567,18.62153233566982,199.36227243028983,197.2008731963126,0.16176470588235295,nan,nan
MNE,20,-10,deep_plus_two_surface,case_weighted_within_scenario,67,1,0.8172073601250841,0.8401376383413401,0.8458973109508819,0.6149253731343285,1.7850676186811418,21.125586829987263,18.790097613730143,23.185219223909314,20.0296948152499,0.19806734414090052,20.0296948152499,507.65671641791045,492.76119402985074,14.895522388059701,21.125586829987263,89.46559482770088,208.46343698810807,206.83160595247048,0.11940298507462686,nan,nan
MNE,20,-10,surface_only,case_weighted_within_scenario,136,1,0.8207900772907037,0.9256036488816717,0.9255722734238385,nan,1.7391158886823193,25.193527091937977,17.95870784385082,nan,nan,0.17752765762403375,nan,479.74264705882354,467.52941176470586,12.213235294117647,25.193527091937977,17.95870784385082,nan,nan,nan,0.4632352941176471,nan
MNE,20,-5,deep_only,case_weighted_within_scenario,30,1,0.9526666666666667,0.9914459381516482,nan,0.9177777777777778,1.9406301065035927,nan,nan,20.22372258739263,8.06668599617152,0.8170834498676132,8.06668599617152,1745.7666666666667,1729.7666666666667,16.0,nan,nan,98.56009036231532,88.14400773201668,0.6333333333333333,nan,nan
MNE,20,-5,deep_plus_surface,case_weighted_within_scenario,136,1,0.7684228280934713,0.9140481065281607,0.928945162693457,0.6431372549019608,1.7773136353361987,24.91399178464341,17.276989338353648,22.57121820745672,20.762291143216057,0.1882304467320288,20.289951422212,429.99264705882354,415.58088235294116,14.411764705882353,24.91399178464341,17.276989338353648,199.31225719202547,197.45191830778475,0.16176470588235295,nan,nan
MNE,20,-5,deep_plus_two_surface,case_weighted_within_scenario,67,1,0.820857115474001,0.84888394865032,0.85523526873327,0.6288557213930349,1.7759943864743237,20.122781930025514,19.684414634202515,22.85708427263508,17.482716423549768,0.18200575100082877,17.482716423549768,409.25373134328356,394.46268656716416,14.791044776119403,20.122781930025514,90.06625551309278,205.3068441829871,203.4878878560985,0.13432835820895522,nan,nan
MNE,20,-5,surface_only,case_weighted_within_scenario,136,1,0.8332827675084686,0.9312753913062928,0.9312409171286619,nan,1.7257593420987112,23.73655726636026,17.658046188166207,nan,nan,0.16825493348902817,nan,418.7352941176471,406.5147058823529,12.220588235294118,23.73655726636026,17.658046188166207,nan,nan,nan,0.5073529411764706,nan
MNE,20,0,deep_only,case_weighted_within_scenario,30,1,0.9913333333333333,0.9980877589955188,nan,0.92,1.9268020112051765,nan,nan,19.578334658614818,7.232013650991505,0.9007270593337297,7.232013650991505,1524.3,1508.3333333333333,15.966666666666667,nan,nan,98.19890397327609,87.4773410670866,0.6333333333333333,nan,nan
MNE,20,0,deep_plus_surface,case_weighted_within_scenario,136,1,0.7775533232423186,0.9229861583512717,0.9379690018958066,0.6544117647058824,1.7627534146290391,22.355420831101686,16.472969537152395,22.410575082068945,20.581310581802825,0.18886875867314784,20.28573962800555,374.41911764705884,360.4852941176471,13.933823529411764,22.355420831101686,16.472969537152395,197.51246518977948,195.5105277895183,0.16911764705882354,nan,nan
MNE,20,0,deep_plus_two_surface,case_weighted_within_scenario,67,1,0.830519303661212,0.8616084677123241,0.868321551467221,0.6407960199004975,1.7620540410640115,18.86490244897232,18.50159156996203,22.699312246702082,18.182329745853213,0.17369258694010256,18.200170817102364,349.910447761194,335.4925373134328,14.417910447761194,18.86490244897232,73.18767880678828,205.31060153137193,203.3386341337201,0.13432835820895522,nan,nan
MNE,20,0,surface_only,case_weighted_within_scenario,136,1,0.8479712010565814,0.9395628740535571,0.9395455230555091,nan,1.7055915982172198,21.49371315337121,16.284246386643584,nan,nan,0.1654131938077424,nan,360.77941176470586,348.94117647058823,11.838235294117647,21.49371315337121,16.284246386643584,nan,nan,nan,0.5294117647058824,nan
MNE,20,5,deep_only,case_weighted_within_scenario,30,1,0.997,0.9992590620701896,nan,0.9133333333333334,1.8988283321161419,nan,nan,18.454030694522302,6.367893857840797,0.9683703084088522,6.367893857840797,787.7,772.2333333333333,15.466666666666667,nan,nan,89.94488723697286,79.00970398297068,0.6666666666666666,nan,nan
MNE,20,5,deep_plus_surface,case_weighted_within_scenario,136,1,0.8088435286676924,0.9319042968383631,0.9445813983167062,0.6833333333333333,1.7412045870431494,18.969274727808468,13.964193072170506,22.098222081350645,20.28431967004,0.1964262173663892,20.1257857447155,319.5735294117647,305.8529411764706,13.720588235294118,18.969274727808468,13.964193072170506,203.63882479613915,202.14269185080616,0.13970588235294118,nan,nan
MNE,20,5,deep_plus_two_surface,case_weighted_within_scenario,67,1,0.8503402084441712,0.8755264640590718,0.8813872719559519,0.6736318407960199,1.7432101414228178,17.30243637197974,14.195139114349942,22.35396424504668,18.20568298710146,0.18175488140483798,18.35493672126414,316.1641791044776,302.3134328358209,13.850746268656716,17.30243637197974,73.25501238830061,205.2646403860358,203.4878878560985,0.13432835820895522,nan,nan
MNE,20,5,surface_only,case_weighted_within_scenario,136,1,0.857364954083691,0.9443298674783566,0.9443352635639999,nan,1.6832256360537872,18.44079082184057,14.756440571871167,nan,nan,0.16778179313037486,nan,300.94117647058823,289.74264705882354,11.198529411764707,18.44079082184057,14.756440571871167,nan,nan,nan,0.5294117647058824,nan
MNE,20,10,deep_only,case_weighted_within_scenario,30,1,0.997,0.9995962553795644,nan,0.9422222222222222,1.868753252536913,nan,nan,17.175765090096416,5.376330080104067,0.9880605302159522,5.376330080104067,545.5666666666667,531.0666666666667,14.5,nan,nan,59.995197425055146,48.80582245698856,0.8,nan,nan
MNE,20,10,deep_plus_surface,case_weighted_within_scenario,136,1,0.8365247915906908,0.9390192795413128,0.9491346335677775,0.7117647058823531,1.7212129752391623,17.758812384013975,11.793503030240693,21.455590720678543,20.589411377730542,0.215075833320254,20.485425083379628,281.54411764705884,268.56617647058823,12.977941176470589,17.758812384013975,11.793503030240693,198.80137590349048,197.12734376677554,0.16176470588235295,nan,nan
MNE,20,10,deep_plus_two_surface,case_weighted_within_scenario,67,1,0.8660818051777703,0.8893353093704571,0.8940054555964593,0.6716417910447762,1.7261569059213646,16.45009152039683,13.506315554813028,22.049722767529005,18.139725357909498,0.20488627793234768,17.76501043981776,307.910447761194,294.4179104477612,13.492537313432836,16.45009152039683,66.16847586561049,205.21670363152595,203.40045705137942,0.13432835820895522,nan,nan
MNE,20,10,surface_only,case_weighted_within_scenario,136,1,0.8678265061624229,0.951762094317013,0.9517941286699918,nan,1.6580111051954234,17.425364783962202,12.308100206192778,nan,nan,0.1870309466585202,nan,272.55882352941177,261.9852941176471,10.573529411764707,17.425364783962202,12.308100206192778,nan,nan,nan,0.47794117647058826,nan
MNE,20,15,deep_only,case_weighted_within_scenario,30,1,0.9960000000000001,0.9992945561027553,nan,0.9222222222222223,1.8615338053322292,nan,nan,16.58495012897702,6.975178629430778,0.9712820145101649,6.975178629430778,484.3666666666667,470.76666666666665,13.6,nan,nan,87.97631216620768,79.34303732260065,0.6666666666666666,nan,nan
MNE,20,15,deep_plus_surface,case_weighted_within_scenario,136,1,0.8646248749716269,0.9459987362887867,0.9532264082654904,0.7176470588235294,1.713658221087685,18.096609323523573,12.541867979337482,21.136140325664087,20.28197076677942,0.24607987340257226,20.050627791270987,263.18382352941177,250.8235294117647,12.360294117647058,18.096609323523573,12.541867979337482,197.07978800893747,195.4369983665229,0.16911764705882354,nan,nan
MNE,20,15,deep_plus_two_surface,case_weighted_within_scenario,67,1,0.8819757027219697,0.8999200893866792,0.9030275280904312,0.6756218905472636,1.7186429984449503,17.20730179574209,12.942780810983235,21.814825211460565,19.275243684005407,0.2395897547327125,19.113966537461458,303.95522388059703,291.0,12.955223880597014,17.20730179574209,65.73951658299377,198.5021152221618,196.50194423574985,0.16417910447761194,nan,nan
MNE,20,15,surface_only,case_weighted_within_scenario,136,1,0.8720794884278148,0.9537086282595661,0.9537700212243656,nan,1.650601124865327,17.757725259599063,12.812399810123853,nan,nan,0.21678791663170394,nan,265.44117647058823,255.78676470588235,9.654411764705882,17.757725259599063,12.812399810123853,nan,nan,nan,0.4411764705882353,nan
MNE,20,20,deep_only,case_weighted_within_scenario,30,1,0.9953333333333333,0.9988908114823195,nan,0.908888888888889,1.86198085852119,nan,nan,16.18298931407082,9.072688239360534,0.9363737684718231,9.072688239360534,457.3333333333333,444.2,13.133333333333333,nan,nan,116.40923749909925,110.54691886513113,0.5333333333333333,nan,nan
MNE,20,20,deep_plus_surface,case_weighted_within_scenario,136,1,0.8793760587075236,0.9478539447952682,0.9531297934676568,0.7240196078431372,1.7199735072759115,18.657955885457707,14.398691441130655,21.237957003280673,20.280126674785652,0.25347270549078904,20.280126674785652,237.14705882352942,225.21323529411765,11.933823529411764,18.657955885457707,14.398691441130655,187.52046655436317,185.30231595164952,0.21323529411764705,nan,nan
MNE,20,20,deep_plus_two_surface,case_weighted_within_scenario,67,1,0.8882905406620848,0.9059629641028453,0.9081141394518171,0.6805970149253732,1.7191223459314726,17.706156497114982,14.053447118745963,21.74056830484962,18.391159178636983,0.24924388329081182,18.391159161484822,249.28358208955223,236.67164179104478,12.611940298507463,17.706156497114982,66.58494914561912,195.24422752167104,193.00897241699943,0.1791044776119403,nan,nan
MNE,20,20,surface_only,case_weighted_within_scenario,136,1,0.8697838683299207,0.9529336227256825,0.953011789582875,nan,1.6588153609263723,18.22535812291344,14.064695883504559,nan,nan,0.22814334330706876,nan,233.3235294117647,224.5735294117647,8.75,18.22535812291344,14.064695883504559,nan,nan,nan,0.3897058823529412,nan
OASTER-ERP-v3,-10,-10,deep_only,case_weighted_within_scenario,30,1,0.9746666666666665,0.9918030968543413,nan,0.8933333333333333,1.9329420161228346,nan,nan,19.295311296309357,9.873796182917621,0.20024842463275153,9.873796182917621,130.73333333333332,117.66666666666667,13.066666666666666,nan,nan,203.8252302680121,203.8252302680121,0.13333333333333333,nan,nan
OASTER-ERP-v3,-10,-10,deep_plus_surface,case_weighted_within_scenario,136,1,0.9384530841288938,0.9243704058868283,0.9214729569142196,0.5730392156862746,1.5821290147161546,44.63547175399177,45.188795759423314,23.6321880884456,22.89678547542492,0.05271170641635942,22.89678547542492,23.279411764705884,8.117647058823529,15.161764705882353,44.63547175399177,45.188795759423314,232.30830956321645,232.30830956321645,0.007352941176470588,nan,nan
OASTER-ERP-v3,-10,-10,deep_plus_two_surface,case_weighted_within_scenario,67,1,0.8635416997266894,0.7782726264226714,0.773081470563532,0.536318407960199,1.7140211410901256,36.76224471657554,36.83140981406307,24.202172069038372,23.86138739629806,0.06057693780560873,23.86138739629806,22.34328358208955,7.477611940298507,14.865671641791044,36.76224471657554,98.6396447825183,234.02911185627735,234.02911185627735,0.0,nan,nan
OASTER-ERP-v3,-10,-10,surface_only,case_weighted_within_scenario,136,1,0.8851242240545941,0.9329648225390748,0.9336270494973217,nan,1.4273216554870047,42.47091854515491,43.94453995905081,nan,nan,0.06437204917562013,nan,22.330882352941178,7.485294117647059,14.845588235294118,42.47091854515491,43.94453995905081,nan,nan,nan,0.9779411764705882,nan
OASTER-ERP-v3,-10,-5,deep_only,case_weighted_within_scenario,30,1,0.9979999999999999,0.9991170859399264,nan,0.9688888888888889,1.0753323893891857,nan,nan,4.5125103270025,2.999999989703528,0.8570294682369892,2.999999989703528,223.5,220.66666666666666,2.8333333333333335,nan,nan,39.6715186026698,39.6715186026698,0.8333333333333334,nan,nan
OASTER-ERP-v3,-10,-5,deep_plus_surface,case_weighted_within_scenario,136,1,0.9562899775194396,0.9553668190974323,0.9538256592459208,0.5637254901960784,1.3082656051120214,33.78968130299638,33.587503387371896,23.29801238077757,20.47199189752871,0.0720824482698458,20.47199189752871,25.522058823529413,10.566176470588236,14.955882352941176,33.78968130299638,33.587503387371896,230.66103668330925,230.66103668330925,0.014705882352941176,nan,nan
OASTER-ERP-v3,-10,-5,deep_plus_two_surface,case_weighted_within_scenario,67,1,0.8846309221461955,0.8342767913240652,0.8304674892125158,0.5671641791044776,1.5373397749292483,20.63607220421538,23.24350988167602,23.359948408638974,18.319357463349064,0.06908419109795738,18.319357463349064,24.492537313432837,9.492537313432836,15.0,20.63607220421538,95.60274638041976,230.53614003752693,230.53614003752693,0.014925373134328358,nan,nan
OASTER-ERP-v3,-10,-5,surface_only,case_weighted_within_scenario,136,1,0.9224591878701043,0.9616971370452155,0.962249139560061,nan,1.1644015031176385,36.2427048232657,34.81384501275534,nan,nan,0.059597823013761014,nan,25.345588235294116,10.213235294117647,15.132352941176471,36.2427048232657,34.81384501275534,nan,nan,nan,0.9852941176470589,nan
OASTER-ERP-v3,-10,0,deep_only,case_weighted_within_scenario,30,1,1.0,1.0,nan,1.0,0.554426257605585,nan,nan,0.0,0.0,1.0,0.0,309.6333333333333,308.6333333333333,1.0,nan,nan,0.0,0.0,1.0,nan,nan
OASTER-ERP-v3,-10,0,deep_plus_surface,case_weighted_within_scenario,136,1,0.9566124668496343,0.9648140520195675,0.9638704435690012,0.6519607843137254,1.2327049472122185,23.212002878198604,22.84008104079163,22.13372155848283,17.67407996932646,0.1298449579120303,17.67407996932646,24.514705882352942,10.551470588235293,13.963235294117647,23.212002878198604,22.84008104079163,220.5568111580831,220.5568111580831,0.058823529411764705,nan,nan
OASTER-ERP-v3,-10,0,deep_plus_two_surface,case_weighted_within_scenario,67,1,0.9006223339702908,0.8608972658228536,0.8578133829349655,0.5691542288557214,1.4040204276622676,11.042191017154822,11.723212266470354,22.609412234970986,22.06556486247636,0.16825027970082357,22.06556486247636,23.671641791044777,10.253731343283581,13.417910447761194,11.042191017154822,78.08318229327841,210.32457773691655,210.32457773691655,0.1044776119402985,nan,nan
OASTER-ERP-v3,-10,0,surface_only,case_weighted_within_scenario,136,1,0.9265589651069719,0.9671589706839839,0.9677197025368574,nan,1.0337570915832224,22.452978746264733,22.55055719367887,nan,nan,0.08701400012799783,nan,25.61764705882353,10.838235294117647,14.779411764705882,22.452978746264733,22.55055719367887,nan,nan,nan,0.9558823529411765,nan
OASTER-ERP-v3,-10,5,deep_only,case_weighted_within_scenario,30,1,1.0,1.0,nan,1.0,0.39272606103846824,nan,nan,0.0,0.0,1.0,0.0,276.56666666666666,275.56666666666666,1.0,nan,nan,0.0,0.0,1.0,nan,nan
OASTER-ERP-v3,-10,5,deep_plus_surface,case_weighted_within_scenario,136,1,0.9650822517879154,0.9707157483339598,0.9698175483095772,0.6960784313725491,1.1340108354747822,13.711372672493955,14.81220440301784,19.058746317518708,16.357813801496363,0.31489750770451425,16.357813801496363,20.580882352941178,9.529411764705882,11.051470588235293,13.711372672493955,14.81220440301784,191.37670157810766,191.37670157810766,0.18382352941176472,nan,nan
OASTER-ERP-v3,-10,5,deep_plus_two_surface,case_weighted_within_scenario,67,1,0.9090157237370915,0.8819847953194746,0.8792252561840966,0.674626865671642,1.2644247552245633,8.169441134092821,8.972168271544394,20.976081141172816,16.44922543100674,0.30448105137506404,16.44922543100674,20.611940298507463,9.283582089552239,11.328358208955224,8.169441134092821,86.2305220394378,203.3386341337201,203.3386341337201,0.13432835820895522,nan,nan
OASTER-ERP-v3,-10,5,surface_only,case_weighted_within_scenario,136,1,0.9263085545574354,0.9716501248447383,0.9722048614195409,nan,0.9949405525231664,10.302283078395362,11.203297929978211,nan,nan,0.16863108145027983,nan,25.272058823529413,11.889705882352942,13.382352941176471,10.302283078395362,11.203297929978211,nan,nan,nan,0.8602941176470589,nan
OASTER-ERP-v3,-10,10,deep_only,case_weighted_within_scenario,30,1,1.0,1.0,nan,1.0,0.34454096415248403,nan,nan,0.0,0.0,1.0,0.0,470.1666666666667,469.1666666666667,1.0,nan,nan,0.0,0.0,1.0,nan,nan
OASTER-ERP-v3,-10,10,deep_plus_surface,case_weighted_within_scenario,136,1,0.961891103768929,0.9693948435027793,0.9682777546047034,0.8009803921568628,1.112300514902376,15.506973663810243,18.5458179144458,15.00097814894098,12.70287206062228,0.4701812233253531,12.70287206062228,16.926470588235293,9.397058823529411,7.529411764705882,15.506973663810243,18.5458179144458,142.28225861403348,142.28225861403348,0.39705882352941174,nan,nan
OASTER-ERP-v3,-10,10,deep_plus_two_surface,case_weighted_within_scenario,67,1,0.9149274150916238,0.8886966062203817,0.8860382051808937,0.7800995024875622,1.1499058369901336,4.394466306372365,6.394083041973315,14.418580657304048,12.445568641915374,0.5270297560433381,12.445568641915374,18.044776119402986,10.761194029850746,7.2835820895522385,4.394466306372365,74.34483791191482,140.91290259228438,140.91290259228438,0.40298507462686567,nan,nan
OASTER-ERP-v3,-10,10,surface_only,case_weighted_within_scenario,136,1,0.9271692119062989,0.9717454154303988,0.9722799458544102,nan,0.9449423911715149,8.633278102665187,10.859231599357184,nan,nan,0.16280455475912436,nan,23.08823529411765,9.904411764705882,13.183823529411764,8.633278102665187,10.859231599357184,nan,nan,nan,0.8382352941176471,nan
OASTER-ERP-v3,-10,15,deep_only,case_weighted_within_scenario,30,1,1.0,1.0,nan,1.0,0.3305504266211864,nan,nan,0.0,0.0,1.0,0.0,469.6333333333333,468.6333333333333,1.0,nan,nan,0.0,0.0,1.0,nan,nan
OASTER-ERP-v3,-10,15,deep_plus_surface,case_weighted_within_scenario,136,1,0.9622854918793539,0.9701651834109536,0.9689257702838394,0.873529411764706,0.9719420857658053,10.374598740315532,12.947521644779789,9.52071869191608,7.921885370503353,0.625782971590217,7.921885370503353,14.330882352941176,9.897058823529411,4.4338235294117645,10.374598740315532,12.947521644779789,87.36364403704334,87.36364403704334,0.6323529411764706,nan,nan
OASTER-ERP-v3,-10,15,deep_plus_two_surface,case_weighted_within_scenario,67,1,0.9205155103746859,0.8974839623879108,0.8949861027384192,0.845771144278607,1.0768335982644894,4.165490070308173,6.647543028207349,11.48597511023662,9.458087241216585,0.710964150486531,9.458087241216585,14.343283582089553,11.08955223880597,3.253731343283582,4.165490070308173,81.31014771802137,96.39979134172087,96.39979134172087,0.5970149253731343,nan,nan
OASTER-ERP-v3,-10,15,surface_only,case_weighted_within_scenario,136,1,0.9212858234292781,0.9707339381277615,0.9712545524219977,nan,0.9160400887314267,5.923966645621164,8.895266599322852,nan,nan,0.16279262193436345,nan,22.889705882352942,10.294117647058824,12.595588235294118,5.923966645621164,8.895266599322852,nan,nan,nan,0.8014705882352942,nan
OASTER-ERP-v3,-10,20,deep_only,case_weighted_within_scenario,30,1,1.0,1.0,nan,1.0,0.3319924115948502,nan,nan,0.0,0.0,1.0,0.0,491.53333333333336,490.53333333333336,1.0,nan,nan,0.0,0.0,1.0,nan,nan
OASTER-ERP-v3,-10,20,deep_plus_surface,case_weighted_within_scenario,136,1,0.9627681668421803,0.9699725799543962,0.9685123852754813,0.9411764705882353,0.8817289160033938,7.854074855577126,9.149464479746353,6.293758978288918,4.536747691187934,0.6963337890432252,4.536747691187934,13.544117647058824,10.573529411764707,2.9705882352941178,7.854074855577126,9.149464479746353,54.37428280517783,54.37428280517783,0.7720588235294118,nan,nan
OASTER-ERP-v3,-10,20,deep_plus_two_surface,case_weighted_within_scenario,67,1,0.9127443754263566,0.8888587189301266,0.8860370514979985,0.9084577114427861,1.0091188945692198,3.5436562405832737,6.645791762607255,8.5516942846207,7.497014760362408,0.7412838795518292,7.497014760362408,12.805970149253731,10.507462686567164,2.298507462686567,3.5436562405832737,74.52140970101622,74.6956917241007,74.6956917241007,0.6865671641791045,nan,nan
OASTER-ERP-v3,-10,20,surface_only,case_weighted_within_scenario,136,1,0.9225596720157633,0.9697547487155445,0.9702515151819017,nan,0.9262451752690203,5.957838539450446,9.113567431572163,nan,nan,0.15253965362219787,nan,22.25,10.154411764705882,12.095588235294118,5.957838539450446,9.113567431572163,nan,nan,nan,0.7941176470588235,nan
OASTER-ERP-v3,-5,-10,deep_only,case_weighted_within_scenario,30,1,0.9818333333333332,0.9946914237543811,nan,0.9044444444444445,1.8302025258910188,nan,nan,16.543186098734214,7.6930228636796425,0.3016102521244736,7.6930228636796425,44.733333333333334,34.333333333333336,10.4,nan,nan,187.88995611164543,187.88995611164543,0.2,nan,nan
OASTER-ERP-v3,-5,-10,deep_plus_surface,case_weighted_within_scenario,136,1,0.9526757291971781,0.9481126374652356,0.9461404866102932,0.5990196078431372,1.4340800087907812,37.54476083469584,38.51729927901441,23.267001592378687,21.786471853543063,0.058966870248725274,21.786471853543063,22.272058823529413,7.235294117647059,15.036764705882353,37.54476083469584,38.51729927901441,230.66103667750377,230.66103667750377,0.014705882352941176,nan,nan
OASTER-ERP-v3,-5,-10,deep_plus_two_surface,case_weighted_within_scenario,67,1,0.8801147107606122,0.8352806329800517,0.8314917199994699,0.6079601990049751,1.5571042267144075,23.618183931294126,27.655506532744948,23.505037720558107,18.677371631487937,0.04486667108170615,18.677371631487937,25.328358208955223,9.940298507462687,15.388059701492537,23.618183931294126,86.17936475882131,234.02911185627735,234.02911185627735,0.0,nan,nan
OASTER-ERP-v3,-5,-10,surface_only,case_weighted_within_scenario,136,1,0.9052104073356663,0.9528096378603474,0.9533737024261628,nan,1.2063685392281764,36.51371078841265,38.16273198260865,nan,nan,0.043534479199172096,nan,23.330882352941178,8.463235294117647,14.867647058823529,36.51371078841265,38.16273198260865,nan,nan,nan,1.0,nan
OASTER-ERP-v3,-5,-5,deep_only,case_weighted_within_scenario,30,1,0.9983333333333334,0.9996761169528373,nan,0.9755555555555556,0.9816708180033751,nan,nan,2.428558962673608,2.2761423417543103,0.9364222225641943,2.2761423417543103,247.1,245.2,1.9,nan,nan,16.601940782990233,16.601940782990233,0.9333333333333333,nan,nan
OASTER-ERP-v3,-5,-5,deep_plus_surface,case_weighted_within_scenario,136,1,0.9618698428609126,0.9637428407563048,0.9625443459603384,0.657843137254902,1.271344780100238,31.333772182240036,32.6616930805263,22.789573969801033,18.594039960966466,0.07052918756379573,18.594039960966466,24.647058823529413,10.110294117647058,14.536764705882353,31.333772182240036,32.6616930805263,232.30830956321645,232.30830956321645,0.007352941176470588,nan,nan
OASTER-ERP-v3,-5,-5,deep_plus_two_surface,case_weighted_within_scenario,67,1,0.8958616190065523,0.8461702401974874,0.8426186536982107,0.5621890547263683,1.4410246704369096,18.580638385543185,22.311086193347645,23.833755482015405,21.356382658745254,0.05945920647862049,21.356382658745254,24.28358208955224,8.91044776119403,15.373134328358208,18.580638385543185,110.79026109725858,234.02911185627735,234.02911185627735,0.0,nan,nan
OASTER-ERP-v3,-5,-5,surface_only,case_weighted_within_scenario,136,1,0.9306785455951768,0.9689263706021156,0.9693929012601923,nan,0.9997423730827303,28.12069689213452,31.28103014153735,nan,nan,0.04456367817703718,nan,26.551470588235293,11.360294117647058,15.191176470588236,28.12069689213452,31.28103014153735,nan,nan,nan,1.0,nan
OASTER-ERP-v3,-5,0,deep_only,case_weighted_within_scenario,30,1,1.0,1.0,nan,1.0,0.5189706714680641,nan,nan,0.0,0.0,1.0,0.0,330.23333333333335,329.23333333333335,1.0,nan,nan,0.0,0.0,1.0,nan,nan
OASTER-ERP-v3,-5,0,deep_plus_surface,case_weighted_within_scenario,136,1,0.9633690841945612,0.9681115824755347,0.9671076348883154,0.6990196078431372,1.1408899429010617,18.288810670695852,19.6951564557543,21.622971324032193,17.089287008113022,0.1396199725370489,17.089287008113022,23.11764705882353,9.352941176470589,13.764705882352942,18.288810670695852,19.6951564557543,217.1152065693169,217.1152065693169,0.07352941176470588,nan,nan
OASTER-ERP-v3,-5,0,deep_plus_two_surface,case_weighted_within_scenario,67,1,0.904944833748684,0.8715555180863397,0.8684496258583919,0.6646766169154229,1.3029594484945595,13.045867785824212,13.39276873313332,22.187755623831453,20.122964369728475,0.09643490934034958,20.122964369728475,24.71641791044776,10.238805970149254,14.477611940298507,13.045867785824212,72.66820419905261,223.69945012240453,223.69945012240453,0.04477611940298507,nan,nan
OASTER-ERP-v3,-5,0,surface_only,case_weighted_within_scenario,136,1,0.9341049684055468,0.973362233486974,0.9738527259797983,nan,0.9472813137111582,16.102894872492556,18.069716360974933,nan,nan,0.0857478529728543,nan,24.727941176470587,10.007352941176471,14.720588235294118,16.102894872492556,18.069716360974933,nan,nan,nan,0.9485294117647058,nan
OASTER-ERP-v3,-5,5,deep_only,case_weighted_within_scenario,30,1,1.0,1.0,nan,1.0,0.3820377875081873,nan,nan,0.0,0.0,1.0,0.0,346.46666666666664,345.46666666666664,1.0,nan,nan,0.0,0.0,1.0,nan,nan
OASTER-ERP-v3,-5,5,deep_plus_surface,case_weighted_within_scenario,136,1,0.96123123182257,0.9687710867547165,0.9677133584647697,0.7245098039215686,1.1177115544974237,14.953122639518005,16.846145426263384,18.912154313544338,14.903707934737554,0.26892656818172683,14.903707934737554,22.38235294117647,10.794117647058824,11.588235294117647,14.953122639518005,16.846145426263384,189.87648752134683,189.87648752134683,0.19117647058823528,nan,nan
OASTER-ERP-v3,-5,5,deep_plus_two_surface,case_weighted_within_scenario,67,1,0.9081512177366721,0.881825654826886,0.879013019489402,0.7014925373134329,1.2278376067985362,4.136750566660861,7.827560097269555,20.892038249251492,17.66742573908408,0.2737256624478694,17.66742573908408,20.44776119402985,8.985074626865671,11.462686567164178,4.136750566660861,78.72655393218244,199.69640858722337,199.69640858722337,0.14925373134328357,nan,nan
OASTER-ERP-v3,-5,5,surface_only,case_weighted_within_scenario,136,1,0.9356454698091627,0.9730439584165881,0.9735010066457669,nan,0.8787304808290374,7.819029946932107,9.71118235869106,nan,nan,0.11708368179855855,nan,24.96323529411765,10.845588235294118,14.117647058823529,7.819029946932107,9.71118235869106,nan,nan,nan,0.9044117647058824,nan
OASTER-ERP-v3,-5,10,deep_only,case_weighted_within_scenario,30,1,1.0,1.0,nan,1.0,0.3325750747041574,nan,nan,0.0,0.0,1.0,0.0,398.76666666666665,397.76666666666665,1.0,nan,nan,0.0,0.0,1.0,nan,nan
OASTER-ERP-v3,-5,10,deep_plus_surface,case_weighted_within_scenario,136,1,0.9638735904134267,0.9689457126947741,0.967628530887558,0.8274509803921569,1.030038983053241,10.943469502802074,12.905956096831043,12.861853546360118,9.724555253329987,0.46199026293136924,9.724555253329987,16.955882352941178,9.279411764705882,7.676470588235294,10.943469502802074,12.905956096831043,129.94252489360937,129.94252489360937,0.4485294117647059,nan,nan
OASTER-ERP-v3,-5,10,deep_plus_two_surface,case_weighted_within_scenario,67,1,0.9157870164172426,0.887350931175666,0.884572159579611,0.8059701492537313,1.2296316048997014,4.112302434207422,6.633520065577335,16.425666460584356,13.818508316259342,0.5664985057332587,13.818508316259342,18.895522388059703,12.029850746268657,6.865671641791045,4.112302434207422,67.72487308397434,152.28734035491811,152.28734035491811,0.3582089552238806,nan,nan
OASTER-ERP-v3,-5,10,surface_only,case_weighted_within_scenario,136,1,0.9301750445625746,0.9735415080509523,0.97407936710708,nan,0.9447404803409081,7.824908073260295,10.640400412125537,nan,nan,0.17659940881420333,nan,22.308823529411764,9.691176470588236,12.617647058823529,7.824908073260295,10.640400412125537,nan,nan,nan,0.8088235294117647,nan
OASTER-ERP-v3,-5,15,deep_only,case_weighted_within_scenario,30,1,1.0,1.0,nan,1.0,0.3279404400813508,nan,nan,0.0,0.0,1.0,0.0,397.0,396.0,1.0,nan,nan,0.0,0.0,1.0,nan,nan
OASTER-ERP-v3,-5,15,deep_plus_surface,case_weighted_within_scenario,136,1,0.9661342541960418,0.9707224665230062,0.9693819843900765,0.884313725490196,0.9356183146635739,9.763896528644906,11.546705552540653,8.396250638182085,6.682521211777251,0.6194506765559535,6.682521211777251,14.360294117647058,9.735294117647058,4.625,9.763896528644906,11.546705552540653,80.2598466374664,80.2598466374664,0.6617647058823529,nan,nan
OASTER-ERP-v3,-5,15,deep_plus_two_surface,case_weighted_within_scenario,67,1,0.9198820484604242,0.9031644331217562,0.9007942189275997,0.890547263681592,1.0672552668657045,3.069818667210461,6.07210677773601,8.740116327699198,7.570959221464513,0.6960253034277056,7.570959221464513,14.074626865671641,10.477611940298507,3.5970149253731343,3.069818667210461,70.71663060597908,82.12939659839388,82.12939659839388,0.6567164179104478,nan,nan
OASTER-ERP-v3,-5,15,surface_only,case_weighted_within_scenario,136,1,0.9321380567193646,0.9721654447966976,0.9726300320965,nan,0.8745679910635206,5.756359361573609,7.986302699555749,nan,nan,0.15657451593258467,nan,23.71323529411765,10.683823529411764,13.029411764705882,5.756359361573609,7.986302699555749,nan,nan,nan,0.8308823529411765,nan
OASTER-ERP-v3,-5,20,deep_only,case_weighted_within_scenario,30,1,1.0,1.0,nan,1.0,0.32525931585851026,nan,nan,0.0,0.0,1.0,0.0,500.53333333333336,499.53333333333336,1.0,nan,nan,0.0,0.0,1.0,nan,nan
OASTER-ERP-v3,-5,20,deep_plus_surface,case_weighted_within_scenario,136,1,0.9630395680967572,0.9691298632026859,0.96753033141359,0.9558823529411765,0.8552593381684304,7.879967024616693,9.809743406278848,4.377114224834968,3.2311829483841956,0.6868969880543645,3.2311829483841956,12.227941176470589,9.580882352941176,2.6470588235294117,7.879967024616693,9.809743406278848,43.75535141690337,43.75535141690337,0.8161764705882353,nan,nan
OASTER-ERP-v3,-5,20,deep_plus_two_surface,case_weighted_within_scenario,67,1,0.9169937308494247,0.8947894164002826,0.8921755498554572,0.8995024875621891,0.9517767486029561,3.285591655511466,6.796189690517848,7.2118289432561795,6.653907125075449,0.745814987030529,6.653907125075449,14.029850746268657,11.791044776119403,2.2388059701492535,3.285591655511466,64.45230426988967,61.171565639802836,61.171565639802836,0.746268656716418,nan,nan
OASTER-ERP-v3,-5,20,surface_only,case_weighted_within_scenario,136,1,0.9249326941195501,0.970227165077781,0.9707203381722429,nan,0.8825214695274372,4.444606527080329,6.947958935726512,nan,nan,0.16135305347055356,nan,22.485294117647058,10.727941176470589,11.757352941176471,4.444606527080329,6.947958935726512,nan,nan,nan,0.7647058823529411,nan
OASTER-ERP-v3,0,-10,deep_only,case_weighted_within_scenario,30,1,0.9953333333333332,0.9981676205687919,nan,0.9844444444444445,1.4114053797273225,nan,nan,8.784469394700078,2.138071187425506,0.6192799985970099,2.138071187425506,66.83333333333333,60.5,6.333333333333333,nan,nan,102.07928179066194,102.07928179066194,0.5666666666666667,nan,nan
OASTER-ERP-v3,0,-10,deep_plus_surface,case_weighted_within_scenario,136,1,0.9669077583594065,0.969441101303512,0.9682727237972432,0.7073529411764707,1.2050381498161642,20.806362841116393,26.097903107569874,22.262876863178032,16.114943138066266,0.06339525721701239,16.114943138066266,25.110294117647058,9.992647058823529,15.117647058823529,20.806362841116393,26.097903107569874,230.58750727015558,230.58750727015558,0.014705882352941176,nan,nan
OASTER-ERP-v3,0,-10,deep_plus_two_surface,case_weighted_within_scenario,67,1,0.9125771612680799,0.8849663952680433,0.882405906889717,0.6955223880597016,1.3882644613169237,14.085718668037595,16.169346933351925,22.187502202782365,17.179595620470906,0.050801669385320276,17.179595620470906,23.34328358208955,8.373134328358208,14.970149253731343,14.085718668037595,113.71849540630362,230.53614003752693,230.53614003752693,0.014925373134328358,nan,nan
OASTER-ERP-v3,0,-10,surface_only,case_weighted_within_scenario,136,1,0.9314354818134132,0.9707185267371395,0.9711960870107044,nan,0.9487495854796405,17.957182536503918,19.889543820152824,nan,nan,0.04809542478414586,nan,25.154411764705884,9.867647058823529,15.286764705882353,17.957182536503918,19.889543820152824,nan,nan,nan,0.9926470588235294,nan
OASTER-ERP-v3,0,-5,deep_only,case_weighted_within_scenario,30,1,0.9976666666666667,0.9991614534806337,nan,0.9888888888888889,0.816489647932587,nan,nan,1.5802892348316968,0.9999999925717409,0.9364266151139875,0.9999999925717409,237.16666666666666,235.23333333333332,1.9333333333333333,nan,nan,15.935274103730276,15.935274103730276,0.9333333333333333,nan,nan
OASTER-ERP-v3,0,-5,deep_plus_surface,case_weighted_within_scenario,136,1,0.9672269460010199,0.9745000282473256,0.9737007670210218,0.7215686274509805,1.114722072204538,19.617772740385902,19.337468259969597,21.432522942484685,15.59496235761023,0.08865731479049706,15.59496235761023,24.823529411764707,10.161764705882353,14.661764705882353,19.617772740385902,19.337468259969597,225.4986297983212,225.4986297983212,0.03676470588235294,nan,nan
OASTER-ERP-v3,0,-5,deep_plus_two_surface,case_weighted_within_scenario,67,1,0.9099142576682572,0.8914271932323956,0.8890046039347856,0.6716417910447762,1.3041981117482933,9.865148989767537,14.175813841247612,23.23839297713164,19.953362310915775,0.05721150173671765,19.953362310915775,27.01492537313433,11.850746268656716,15.164179104477611,9.865148989767537,79.80366399498783,230.68539377705753,230.68539377705753,0.014925373134328358,nan,nan
OASTER-ERP-v3,0,-5,surface_only,case_weighted_within_scenario,136,1,0.9328885688632248,0.9721824986294886,0.9726907016424479,nan,0.9010608788804102,13.333477716337056,15.821987278789114,nan,nan,0.04210852175484695,nan,24.551470588235293,9.632352941176471,14.919117647058824,13.333477716337056,15.821987278789114,nan,nan,nan,1.0,nan
OASTER-ERP-v3,0,0,deep_only,case_weighted_within_scenario,30,1,1.0,1.0,nan,1.0,0.4950248000746017,nan,nan,0.0,0.0,1.0,0.0,304.53333333333336,303.53333333333336,1.0,nan,nan,0.0,0.0,1.0,nan,nan
OASTER-ERP-v3,0,0,deep_plus_surface,case_weighted_within_scenario,136,1,0.9679068554205071,0.9775070773625759,0.9771164715678495,0.7622549019607844,1.0605837487463858,13.165939601561517,14.388485954979254,21.224837101100693,15.587808245401629,0.12679225572026312,15.587808245401629,25.080882352941178,11.301470588235293,13.779411764705882,13.165939601561517,14.388485954979254,223.77782751106582,223.77782751106582,0.04411764705882353,nan,nan
OASTER-ERP-v3,0,0,deep_plus_two_surface,case_weighted_within_scenario,67,1,0.907960247417268,0.9011604276701706,0.8989354174493912,0.6925373134328358,1.2280407312067587,7.222696537892252,9.285216853960195,22.270773004354695,18.59732633328103,0.0729491053269491,18.59732633328103,24.791044776119403,10.074626865671641,14.716417910447761,7.222696537892252,76.37294670539815,230.53614003752693,230.53614003752693,0.014925373134328358,nan,nan
OASTER-ERP-v3,0,0,surface_only,case_weighted_within_scenario,136,1,0.937607773088899,0.9752894808262434,0.975751357052084,nan,0.8609547303723192,10.089050966833007,10.46389949669843,nan,nan,0.062228971214560606,nan,24.99264705882353,10.272058823529411,14.720588235294118,10.089050966833007,10.46389949669843,nan,nan,nan,0.9779411764705882,nan
OASTER-ERP-v3,0,5,deep_only,case_weighted_within_scenario,30,1,1.0,1.0,nan,1.0,0.39204545559425547,nan,nan,0.0,0.0,1.0,0.0,415.96666666666664,414.96666666666664,1.0,nan,nan,0.0,0.0,1.0,nan,nan
OASTER-ERP-v3,0,5,deep_plus_surface,case_weighted_within_scenario,136,1,0.9675723143089208,0.9751483898006446,0.9743627843544108,0.7519607843137256,1.0503631743279496,10.9839584810161,13.475185530403492,18.915034154154462,14.713152705361276,0.22839513282790733,14.713152705361276,21.698529411764707,9.625,12.073529411764707,10.9839584810161,13.475185530403492,193.24456270276482,193.24456270276482,0.17647058823529413,nan,nan
OASTER-ERP-v3,0,5,deep_plus_two_surface,case_weighted_within_scenario,67,1,0.9207874921837172,0.8921294208620338,0.8895801305802173,0.7383084577114428,1.20492695742408,4.802211799384808,7.53836711149566,18.879176445393075,14.549627403807623,0.3290085210206157,14.549627403807623,20.16417910447761,9.64179104477612,10.522388059701493,4.802211799384808,92.0498390311903,195.7556755724013,195.7556755724013,0.16417910447761194,nan,nan
OASTER-ERP-v3,0,5,surface_only,case_weighted_within_scenario,136,1,0.940577979338225,0.9778870232104884,0.978331255962523,nan,0.8531881356768567,6.433698451047554,9.680008363164431,nan,nan,0.07710513731833861,nan,24.38235294117647,9.852941176470589,14.529411764705882,6.433698451047554,9.680008363164431,nan,nan,nan,0.9558823529411765,nan
OASTER-ERP-v3,0,10,deep_only,case_weighted_within_scenario,30,1,1.0,1.0,nan,1.0,0.33780200839770486,nan,nan,0.0,0.0,1.0,0.0,464.73333333333335,463.73333333333335,1.0,nan,nan,0.0,0.0,1.0,nan,nan
OASTER-ERP-v3,0,10,deep_plus_surface,case_weighted_within_scenario,136,1,0.9651069001331666,0.9717801579791261,0.9707870947944218,0.8441176470588236,1.0215997286714629,10.529346159821259,14.043988437564291,13.581265836676362,10.06732121409963,0.4615320099376956,10.06732121409963,17.308823529411764,9.485294117647058,7.823529411764706,10.529346159821259,14.043988437564291,135.10493177543646,135.10493177543646,0.4264705882352941,nan,nan
OASTER-ERP-v3,0,10,deep_plus_two_surface,case_weighted_within_scenario,67,1,0.9184150825755534,0.894917882654105,0.8923932936296515,0.8298507462686568,1.2004681364126057,3.467485516951177,7.364212875702368,15.431798891046668,12.449831429005416,0.519475022398434,12.449831429005416,17.34328358208955,10.402985074626866,6.940298507462686,3.467485516951177,71.64231855676094,158.37776170960493,158.37776170960493,0.3283582089552239,nan,nan
OASTER-ERP-v3,0,10,surface_only,case_weighted_within_scenario,136,1,0.9336136486658877,0.9758710487765971,0.9763790958787553,nan,0.8910365407206368,5.006172801403032,7.387640080534201,nan,nan,0.1587724737351586,nan,23.639705882352942,10.661764705882353,12.977941176470589,5.006172801403032,7.387640080534201,nan,nan,nan,0.8235294117647058,nan
OASTER-ERP-v3,0,15,deep_only,case_weighted_within_scenario,30,1,1.0,1.0,nan,1.0,0.3356640776473821,nan,nan,0.0,0.0,1.0,0.0,460.1333333333333,459.1333333333333,1.0,nan,nan,0.0,0.0,1.0,nan,nan
OASTER-ERP-v3,0,15,deep_plus_surface,case_weighted_within_scenario,136,1,0.96262913065223,0.9692014022910936,0.9677768500503099,0.8833333333333335,0.9354149479765115,7.894107257518867,10.924978415363633,8.752592041731129,7.529254770307554,0.6183923778366875,7.529254770307554,14.727941176470589,10.257352941176471,4.470588235294118,7.894107257518867,10.924978415363633,80.48043486796091,80.48043486796091,0.6617647058823529,nan,nan
OASTER-ERP-v3,0,15,deep_plus_two_surface,case_weighted_within_scenario,67,1,0.9183598988465512,0.8920709259571085,0.889329206029263,0.9213930348258706,1.037223120833931,3.174896440944753,6.708988876481311,8.862516467249577,6.5015386524678025,0.7295669540714241,6.5015386524678025,14.985074626865671,11.522388059701493,3.462686567164179,3.174896440944753,64.38722903553403,78.78567846771756,78.78567846771756,0.6716417910447762,nan,nan
OASTER-ERP-v3,0,15,surface_only,case_weighted_within_scenario,136,1,0.9278846870579109,0.9708397843140498,0.9713588091184169,nan,0.8903788580679209,4.888674756385236,7.285578870705067,nan,nan,0.11871888548988696,nan,23.551470588235293,10.220588235294118,13.330882352941176,4.888674756385236,7.285578870705067,nan,nan,nan,0.8529411764705882,nan
OASTER-ERP-v3,0,20,deep_only,case_weighted_within_scenario,30,1,1.0,1.0,nan,1.0,0.3280222288321694,nan,nan,0.0,0.0,1.0,0.0,475.1,474.1,1.0,nan,nan,0.0,0.0,1.0,nan,nan
OASTER-ERP-v3,0,20,deep_plus_surface,case_weighted_within_scenario,136,1,0.9621518495600114,0.9667283301255756,0.964940151571101,0.9578431372549021,0.8469591008830484,7.65783901797148,10.505256388029116,4.542618239951967,3.7780850384062292,0.7095784513524932,3.7780850384062292,13.397058823529411,11.095588235294118,2.301470588235294,7.65783901797148,10.505256388029116,38.592944535076306,38.592944535076306,0.8382352941176471,nan,nan
OASTER-ERP-v3,0,20,deep_plus_two_surface,case_weighted_within_scenario,67,1,0.9155593306649479,0.8969368258199054,0.8944285907754361,0.9184079601990051,0.9797319595607693,3.8492421388981914,7.8124725421254455,7.677455205932832,6.874497309666148,0.7256230870129552,6.874497309666148,11.880597014925373,9.492537313432836,2.388059701492537,3.8492421388981914,71.96345981031777,71.50122739724416,71.50122739724416,0.7014925373134329,nan,nan
OASTER-ERP-v3,0,20,surface_only,case_weighted_within_scenario,136,1,0.9244159568481796,0.969306187403387,0.9697907272144031,nan,0.9139476518445497,5.647105052923871,8.819327876401324,nan,nan,0.16294323566502286,nan,20.647058823529413,9.477941176470589,11.169117647058824,5.647105052923871,8.819327876401324,nan,nan,nan,0.7426470588235294,nan
OASTER-ERP-v3,5,-10,deep_only,case_weighted_within_scenario,30,1,1.0,1.0,nan,1.0,0.5289062093670196,nan,nan,0.0,0.0,1.0,0.0,105.43333333333334,104.43333333333334,1.0,nan,nan,0.0,0.0,1.0,nan,nan
OASTER-ERP-v3,5,-10,deep_plus_surface,case_weighted_within_scenario,136,1,0.9661425955439514,0.9728096534891582,0.971809996664123,0.7769607843137255,1.1209480699621746,13.882794064994467,16.761932925419845,18.917695472880947,14.554056462986036,0.2738473265280555,14.554056462986036,22.86764705882353,11.154411764705882,11.713235294117647,13.882794064994467,16.761932925419845,193.17103330386658,193.17103330386658,0.17647058823529413,nan,nan
OASTER-ERP-v3,5,-10,deep_plus_two_surface,case_weighted_within_scenario,67,1,0.9137727183429439,0.8970635580365863,0.8947833170023445,0.7233830845771144,1.2672580249911922,8.18669099784101,10.297360867514294,20.014917689213355,12.938136390999462,0.26040108729482486,12.938136390999462,23.46268656716418,11.298507462686567,12.164179104477611,8.18669099784101,73.74367831208887,202.8908729440648,202.8908729440648,0.13432835820895522,nan,nan
OASTER-ERP-v3,5,-10,surface_only,case_weighted_within_scenario,136,1,0.9331152282854243,0.9752152775911145,0.9757056204593239,nan,0.9050960039716955,7.952136657018978,9.718006631404156,nan,nan,0.07198868614975679,nan,25.691176470588236,11.360294117647058,14.330882352941176,7.952136657018978,9.718006631404156,nan,nan,nan,0.9558823529411765,nan
OASTER-ERP-v3,5,-5,deep_only,case_weighted_within_scenario,30,1,1.0,1.0,nan,1.0,0.4960904550406399,nan,nan,0.0,0.0,1.0,0.0,218.96666666666667,217.96666666666667,1.0,nan,nan,0.0,0.0,1.0,nan,nan
OASTER-ERP-v3,5,-5,deep_plus_surface,case_weighted_within_scenario,136,1,0.9741383066202874,0.981265003600357,0.9807092045842092,0.8431372549019608,1.0428560066224954,10.114193970409133,11.924701806313243,17.70994619048279,10.63062893585798,0.28558212442145703,10.63062893585798,21.66176470588235,10.169117647058824,11.492647058823529,10.114193970409133,11.924701806313243,188.15568524202487,188.15568524202487,0.19852941176470587,nan,nan
OASTER-ERP-v3,5,-5,deep_plus_two_surface,case_weighted_within_scenario,67,1,0.9150479386234425,0.9112820716745095,0.9092938708503098,0.7860696517412937,1.2037631620502962,6.36473801527091,8.925075130132925,20.13110987022176,14.839847250692227,0.23833268632438195,14.839847250692227,22.26865671641791,9.940298507462687,12.328358208955224,6.36473801527091,79.48007171593937,199.6964085990076,199.6964085990076,0.14925373134328357,nan,nan
OASTER-ERP-v3,5,-5,surface_only,case_weighted_within_scenario,136,1,0.9441655027681425,0.9805664039068961,0.9810243684426856,nan,0.8398973959721313,5.107735770980808,7.052283463220707,nan,nan,0.05654356210438253,nan,25.889705882352942,11.125,14.764705882352942,5.107735770980808,7.052283463220707,nan,nan,nan,0.9779411764705882,nan
OASTER-ERP-v3,5,0,deep_only,case_weighted_within_scenario,30,1,1.0,1.0,nan,1.0,0.41294346260132103,nan,nan,0.0,0.0,1.0,0.0,307.26666666666665,306.26666666666665,1.0,nan,nan,0.0,0.0,1.0,nan,nan
OASTER-ERP-v3,5,0,deep_plus_surface,case_weighted_within_scenario,136,1,0.9725654798032117,0.9798666605755085,0.9793105602360913,0.803921568627451,0.9845510361140051,7.7035359945604185,10.636665174788678,17.344213317375267,12.059645940869096,0.288458457847357,12.059645940869096,21.441176470588236,10.389705882352942,11.051470588235293,7.7035359945604185,10.636665174788678,186.50841235366772,186.50841235366772,0.20588235294117646,nan,nan
OASTER-ERP-v3,5,0,deep_plus_two_surface,case_weighted_within_scenario,67,1,0.9279449282433664,0.9206380810359134,0.9189071067616238,0.808955223880597,1.1074831826311704,3.8529778956100857,7.760312475872608,19.12763835321069,14.201647925908135,0.24967176404035601,14.201647925908135,23.08955223880597,11.477611940298507,11.611940298507463,3.8529778956100857,92.18896896109825,199.5471548476928,199.5471548476928,0.14925373134328357,nan,nan
OASTER-ERP-v3,5,0,surface_only,case_weighted_within_scenario,136,1,0.9454935739308384,0.9829450585316695,0.9833440174519886,nan,0.7888717565858226,4.888973179888043,7.641292671980486,nan,nan,0.04216390741487464,nan,25.75735294117647,10.911764705882353,14.845588235294118,4.888973179888043,7.641292671980486,nan,nan,nan,0.9926470588235294,nan
OASTER-ERP-v3,5,5,deep_only,case_weighted_within_scenario,30,1,1.0,1.0,nan,1.0,0.3658316508257902,nan,nan,0.0,0.0,1.0,0.0,439.23333333333335,438.23333333333335,1.0,nan,nan,0.0,0.0,1.0,nan,nan
OASTER-ERP-v3,5,5,deep_plus_surface,case_weighted_within_scenario,136,1,0.9666677329141197,0.9734360720398866,0.9724820183757658,0.8186274509803922,0.9720365674154244,9.680378437920423,11.930530788242427,15.537187530233254,11.627740954999897,0.33173820351022953,11.627740954999897,19.96323529411765,9.955882352941176,10.007352941176471,9.680378437920423,11.930530788242427,160.84343679780105,160.84343679780105,0.3161764705882353,nan,nan
OASTER-ERP-v3,5,5,deep_plus_two_surface,case_weighted_within_scenario,67,1,0.9259568867364951,0.9202270751602246,0.9184628668753316,0.8417910447761194,1.1144545159518147,4.154486055333583,7.14954614106617,16.926817281236204,10.800511623260386,0.29384414865624325,10.800511623260386,21.104477611940297,10.373134328358208,10.73134328358209,4.154486055333583,78.26105181299803,182.53005694359604,182.53005694359604,0.22388059701492538,nan,nan
OASTER-ERP-v3,5,5,surface_only,case_weighted_within_scenario,136,1,0.9490112371600877,0.982742891402899,0.9831522078084892,nan,0.7515868626829529,3.4681198752252285,6.5375355868824485,nan,nan,0.05242982735473229,nan,25.441176470588236,10.566176470588236,14.875,3.4681198752252285,6.5375355868824485,nan,nan,nan,0.9779411764705882,nan
OASTER-ERP-v3,5,10,deep_only,case_weighted_within_scenario,30,1,1.0,1.0,nan,1.0,0.33601438497435726,nan,nan,0.0,0.0,1.0,0.0,446.06666666666666,445.06666666666666,1.0,nan,nan,0.0,0.0,1.0,nan,nan
OASTER-ERP-v3,5,10,deep_plus_surface,case_weighted_within_scenario,136,1,0.9688379801709539,0.9760736689997837,0.9751206342800744,0.8794117647058823,0.9102078788698603,8.948071171203813,12.125657729100835,11.488461116887251,8.932992644854266,0.5053582612177873,8.932992644854266,17.08823529411765,10.169117647058824,6.919117647058823,8.948071171203813,12.125657729100835,117.97043826643144,117.97043826643144,0.5,nan,nan
OASTER-ERP-v3,5,10,deep_plus_two_surface,case_weighted_within_scenario,67,1,0.9247049611554795,0.9079454436701851,0.9057297484389076,0.8477611940298507,1.0598952939572168,2.810496486163759,5.71653517705266,14.654307574704294,11.16950039652673,0.535246003218365,11.16950039652673,17.01492537313433,10.194029850746269,6.82089552238806,2.810496486163759,77.27719353919771,141.21141001452116,141.21141001452116,0.40298507462686567,nan,nan
OASTER-ERP-v3,5,10,surface_only,case_weighted_within_scenario,136,1,0.9393858307837738,0.9764684503318125,0.9768920900312653,nan,0.8024548459313252,4.299643164549508,7.828013744625754,nan,nan,0.11032394845242652,nan,24.433823529411764,10.411764705882353,14.022058823529411,4.299643164549508,7.828013744625754,nan,nan,nan,0.9044117647058824,nan
OASTER-ERP-v3,5,15,deep_only,case_weighted_within_scenario,30,1,1.0,1.0,nan,1.0,0.33225910370347117,nan,nan,0.0,0.0,1.0,0.0,464.7,463.7,1.0,nan,nan,0.0,0.0,1.0,nan,nan
OASTER-ERP-v3,5,15,deep_plus_surface,case_weighted_within_scenario,136,1,0.9678259190689803,0.9721217316800429,0.9708682712125485,0.9191176470588234,0.8772423393388697,8.006711878566719,10.677074849782926,7.866554284091634,6.180555650940922,0.6423350678321735,6.180555650940922,14.926470588235293,10.691176470588236,4.235294117647059,8.006711878566719,10.677074849782926,75.31802799722828,75.31802799722828,0.6838235294117647,nan,nan
OASTER-ERP-v3,5,15,deep_plus_two_surface,case_weighted_within_scenario,67,1,0.9141222345121679,0.8911919447882899,0.8884026797536215,0.8835820895522388,1.004457621312998,3.7762837301662966,6.816093504602499,9.660489548704483,7.77607613068636,0.6538666219080628,7.77607613068636,14.776119402985074,10.567164179104477,4.208955223880597,3.7762837301662966,81.42335326186885,98.69873327106615,98.69873327106615,0.582089552238806,nan,nan
OASTER-ERP-v3,5,15,surface_only,case_weighted_within_scenario,136,1,0.931674188627478,0.9743970226468252,0.9748864437939656,nan,0.8771486308789347,4.01271404790223,6.615266137250382,nan,nan,0.12244152200683622,nan,24.46323529411765,11.088235294117647,13.375,4.01271404790223,6.615266137250382,nan,nan,nan,0.8676470588235294,nan
OASTER-ERP-v3,5,20,deep_only,case_weighted_within_scenario,30,1,1.0,1.0,nan,1.0,0.32613697188091784,nan,nan,0.0,0.0,1.0,0.0,461.06666666666666,460.06666666666666,1.0,nan,nan,0.0,0.0,1.0,nan,nan
OASTER-ERP-v3,5,20,deep_plus_surface,case_weighted_within_scenario,136,1,0.964575798569998,0.9695453876126566,0.9679618891011853,0.9485294117647058,0.845868754866377,7.555456573047058,9.008071208328758,4.448779641335938,3.5746796668875565,0.7020423442300817,3.5746796668875565,12.397058823529411,9.933823529411764,2.463235294117647,7.555456573047058,9.008071208328758,43.82888084431249,43.82888084431249,0.8161764705882353,nan,nan
OASTER-ERP-v3,5,20,deep_plus_two_surface,case_weighted_within_scenario,67,1,0.9195743926910984,0.8992142397130785,0.8968052985041349,0.8955223880597015,0.9863893995316259,3.7054153237221166,6.807267721155007,8.601752066012361,8.27179406183114,0.6912318109188857,8.27179406183114,12.880597014925373,10.462686567164178,2.417910447761194,3.7054153237221166,78.02605468887991,74.84494547541554,74.84494547541554,0.6865671641791045,nan,nan
OASTER-ERP-v3,5,20,surface_only,case_weighted_within_scenario,136,1,0.928939791695103,0.9723965014566924,0.972887316028158,nan,0.8936087330945758,4.948034938556113,9.029238629914591,nan,nan,0.13481501200414764,nan,21.308823529411764,10.227941176470589,11.080882352941176,4.948034938556113,9.029238629914591,nan,nan,nan,0.7426470588235294,nan
OASTER-ERP-v3,10,-10,deep_only,case_weighted_within_scenario,30,1,1.0,1.0,nan,1.0,0.3502233780868724,nan,nan,0.0,0.0,1.0,0.0,312.06666666666666,311.06666666666666,1.0,nan,nan,0.0,0.0,1.0,nan,nan
OASTER-ERP-v3,10,-10,deep_plus_surface,case_weighted_within_scenario,136,1,0.9707910058387312,0.9794410702734261,0.9789106785055409,0.8681372549019608,0.9646859376204233,10.873645629721032,13.82812425976974,10.98448443292858,8.316840168066866,0.6098892156913287,8.316840168066866,16.169117647058822,10.735294117647058,5.4338235294117645,10.873645629721032,13.82812425976974,107.93974220505874,107.93974220505874,0.5441176470588235,nan,nan
OASTER-ERP-v3,10,-10,deep_plus_two_surface,case_weighted_within_scenario,67,1,0.9160258435024593,0.8939067501026964,0.8913742975164816,0.8,1.076532127580765,5.602405975650669,9.495795554529979,11.531993083160229,11.036413830500763,0.69284306553654,11.036413830500763,13.029850746268657,9.91044776119403,3.1194029850746268,5.602405975650669,73.16942256547327,95.95203017890505,95.95203017890505,0.5970149253731343,nan,nan
OASTER-ERP-v3,10,-10,surface_only,case_weighted_within_scenario,136,1,0.9306776981988828,0.9768913027326502,0.9773941311965816,nan,0.8665418822376725,4.412192300264032,7.774431988403127,nan,nan,0.0868636238108827,nan,25.03676470588235,11.264705882352942,13.772058823529411,4.412192300264032,7.774431988403127,nan,nan,nan,0.9117647058823529,nan
OASTER-ERP-v3,10,-5,deep_only,case_weighted_within_scenario,30,1,1.0,1.0,nan,1.0,0.30817164601230557,nan,nan,0.0,0.0,1.0,0.0,203.83333333333334,202.83333333333334,1.0,nan,nan,0.0,0.0,1.0,nan,nan
OASTER-ERP-v3,10,-5,deep_plus_surface,case_weighted_within_scenario,136,1,0.9724995623155417,0.9807908733687611,0.9802016018534504,0.8852941176470589,0.9241002830727914,8.463980050211614,12.58026953398715,10.286532716947644,7.511791794543026,0.5964819441271442,7.511791794543026,14.580882352941176,9.014705882352942,5.5661764705882355,8.463980050211614,12.58026953398715,112.0727372879006,112.0727372879006,0.5220588235294118,nan,nan
OASTER-ERP-v3,10,-5,deep_plus_two_surface,case_weighted_within_scenario,67,1,0.9179683612304516,0.8933313910149279,0.8907490711848649,0.8656716417910447,1.0891653029510895,5.389440407923119,9.847433068408764,10.509166002424278,8.754764606407527,0.6276198679791526,8.754764606407527,14.761194029850746,10.492537313432836,4.268656716417911,5.389440407923119,76.76733718419044,85.77162220171498,85.77162220171498,0.6417910447761194,nan,nan
OASTER-ERP-v3,10,-5,surface_only,case_weighted_within_scenario,136,1,0.9396294409243237,0.9803096075570484,0.9807543839003605,nan,0.8235996440906782,4.38050854298974,7.530923127787429,nan,nan,0.06286608095134909,nan,24.46323529411765,10.205882352941176,14.257352941176471,4.38050854298974,7.530923127787429,nan,nan,nan,0.9558823529411765,nan
OASTER-ERP-v3,10,0,deep_only,case_weighted_within_scenario,30,1,1.0,1.0,nan,1.0,0.28504617414335875,nan,nan,0.0,0.0,1.0,0.0,242.63333333333333,241.63333333333333,1.0,nan,nan,0.0,0.0,1.0,nan,nan
OASTER-ERP-v3,10,0,deep_plus_surface,case_weighted_within_scenario,136,1,0.9740282718618741,0.9835764540792001,0.9831221582366408,0.9235294117647058,0.8462143946900987,7.337451776579168,11.018013513056781,8.397236041259402,5.1853887892297275,0.6169989965216018,5.1853887892297275,15.058823529411764,9.698529411764707,5.360294117647059,7.337451776579168,11.018013513056781,85.1281358973176,85.1281358973176,0.6397058823529411,nan,nan
OASTER-ERP-v3,10,0,deep_plus_two_surface,case_weighted_within_scenario,67,1,0.9200021939569156,0.901970950101003,0.8996873297894591,0.8507462686567164,1.0457463835970549,5.333475170152586,8.87188560953049,10.496344081665232,8.900928736886671,0.6381260584700028,8.900928736886671,13.492537313432836,9.462686567164178,4.029850746268656,5.333475170152586,82.80410915323843,95.65352270521181,95.65352270521181,0.5970149253731343,nan,nan
OASTER-ERP-v3,10,0,surface_only,case_weighted_within_scenario,136,1,0.940628222208515,0.9820480303387685,0.9825074016797378,nan,0.8341612976588403,4.050025696176925,7.228624342058022,nan,nan,0.0668485049292778,nan,23.61764705882353,9.801470588235293,13.816176470588236,4.050025696176925,7.228624342058022,nan,nan,nan,0.9338235294117647,nan
OASTER-ERP-v3,10,5,deep_only,case_weighted_within_scenario,30,1,1.0,1.0,nan,1.0,0.29367047657383716,nan,nan,0.0,0.0,1.0,0.0,352.46666666666664,351.46666666666664,1.0,nan,nan,0.0,0.0,1.0,nan,nan
OASTER-ERP-v3,10,5,deep_plus_surface,case_weighted_within_scenario,136,1,0.9741587121088658,0.983594905352584,0.983079200946351,0.9024509803921569,0.7967044635048398,5.8350121950888525,9.696356069885852,9.077012771540224,6.095136818941685,0.5991317832281035,6.095136818941685,15.338235294117647,10.102941176470589,5.235294117647059,5.8350121950888525,9.696356069885852,96.95316372141012,96.95316372141012,0.5882352941176471,nan,nan
OASTER-ERP-v3,10,5,deep_plus_two_surface,case_weighted_within_scenario,67,1,0.9381157780585919,0.9334430904058058,0.9320150860983691,0.9054726368159205,0.8950370561053013,4.145365556456754,5.923200733071835,10.890970499830528,8.288052128452467,0.5925142835686678,8.288052128452467,18.16417910447761,12.865671641791044,5.298507462686567,4.145365556456754,43.37342494732946,105.68467697717564,105.68467697717564,0.5522388059701493,nan,nan
OASTER-ERP-v3,10,5,surface_only,case_weighted_within_scenario,136,1,0.9449428844653646,0.9814134834744209,0.9818176988623291,nan,0.7413982106549717,3.1778342202150855,6.912066428182748,nan,nan,0.045507381744867695,nan,25.654411764705884,10.764705882352942,14.889705882352942,3.1778342202150855,6.912066428182748,nan,nan,nan,0.9926470588235294,nan
OASTER-ERP-v3,10,10,deep_only,case_weighted_within_scenario,30,1,1.0,1.0,nan,1.0,0.3328985523219314,nan,nan,0.0,0.0,1.0,0.0,470.6333333333333,469.6333333333333,1.0,nan,nan,0.0,0.0,1.0,nan,nan
OASTER-ERP-v3,10,10,deep_plus_surface,case_weighted_within_scenario,136,1,0.9711967991926551,0.9798360446869033,0.9790002359924381,0.9372549019607843,0.7881414825562675,5.520101008152584,9.018546598867696,7.651155947774291,4.393519218971271,0.59798372080556,4.393519218971271,16.639705882352942,11.235294117647058,5.404411764705882,5.520101008152584,9.018546598867696,86.40776170403953,86.40776170403953,0.6323529411764706,nan,nan
OASTER-ERP-v3,10,10,deep_plus_two_surface,case_weighted_within_scenario,67,1,0.9292267041622465,0.917514739505474,0.9155450861019125,0.8766169154228856,0.9152715153910613,2.4506362419384957,6.1140592172282595,9.47263530839402,7.380263208573295,0.6441040421369774,7.380263208573295,15.044776119402986,10.417910447761194,4.626865671641791,2.4506362419384957,53.73810006717882,102.1917051241209,102.1917051241209,0.5671641791044776,nan,nan
OASTER-ERP-v3,10,10,surface_only,case_weighted_within_scenario,136,1,0.9533575905306109,0.9847566104246775,0.9851465081391559,nan,0.743343037469157,3.620712296643902,7.303064663934659,nan,nan,0.0575168138536164,nan,25.529411764705884,10.757352941176471,14.772058823529411,3.620712296643902,7.303064663934659,nan,nan,nan,0.9558823529411765,nan
OASTER-ERP-v3,10,15,deep_only,case_weighted_within_scenario,30,1,1.0,1.0,nan,1.0,0.3313888631009784,nan,nan,0.0,0.0,1.0,0.0,498.56666666666666,497.56666666666666,1.0,nan,nan,0.0,0.0,1.0,nan,nan
OASTER-ERP-v3,10,15,deep_plus_surface,case_weighted_within_scenario,136,1,0.9715805324528752,0.9770296403768952,0.9760058601069886,0.9279411764705883,0.7589339090474061,5.336947583457292,7.974314450275345,6.869992457468272,4.610788703317375,0.6403084272118694,4.610788703317375,14.955882352941176,10.772058823529411,4.1838235294117645,5.336947583457292,7.974314450275345,67.99364234341833,67.99364234341833,0.7132352941176471,nan,nan
OASTER-ERP-v3,10,15,deep_plus_two_surface,case_weighted_within_scenario,67,1,0.9286909483346337,0.9117146783004348,0.9095947568122277,0.8786069651741294,0.9244827342544996,3.2266751929706112,6.497798760728828,10.374147797970036,8.222592169437002,0.6556226411851953,8.222592169437002,16.940298507462686,13.059701492537313,3.8805970149253732,3.2266751929706112,64.22962447153965,98.69873332252264,98.69873332252264,0.582089552238806,nan,nan
OASTER-ERP-v3,10,15,surface_only,case_weighted_within_scenario,136,1,0.9512696719513171,0.9821900834320642,0.982585958418602,nan,0.7626789768726195,3.1815910319148686,5.856235227407342,nan,nan,0.09877542149665271,nan,24.00735294117647,10.794117647058824,13.213235294117647,3.1815910319148686,5.856235227407342,nan,nan,nan,0.8455882352941176,nan
OASTER-ERP-v3,10,20,deep_only,case_weighted_within_scenario,30,1,1.0,1.0,nan,1.0,0.3268541809936283,nan,nan,0.0,0.0,1.0,0.0,485.6,484.6,1.0,nan,nan,0.0,0.0,1.0,nan,nan
OASTER-ERP-v3,10,20,deep_plus_surface,case_weighted_within_scenario,136,1,0.9687987499874874,0.9726443404545404,0.9712815464944589,0.9651960784313725,0.8020506343467457,6.5123371527509715,9.918719350838261,4.2525146549876975,3.205679349531949,0.7303760177955718,3.205679349531949,13.147058823529411,10.985294117647058,2.161764705882353,6.5123371527509715,9.918719350838261,38.740003364544656,38.740003364544656,0.8382352941176471,nan,nan
OASTER-ERP-v3,10,20,deep_plus_two_surface,case_weighted_within_scenario,67,1,0.9222184511646067,0.8993944637928244,0.8967891511440315,0.927363184079602,0.9770246032647898,3.1119436224520647,6.6315459129304735,6.912426879993006,6.3920499175682695,0.6780729190601407,6.3920499175682695,14.701492537313433,12.194029850746269,2.5074626865671643,3.1119436224520647,71.11742282223781,64.51528375974335,64.51528375974335,0.7313432835820896,nan,nan
OASTER-ERP-v3,10,20,surface_only,case_weighted_within_scenario,136,1,0.9308278863812035,0.9736904334595576,0.9741299740985108,nan,0.8356060519973354,4.284877609768689,7.441910673709953,nan,nan,0.12346247246771809,nan,22.88235294117647,11.014705882352942,11.867647058823529,4.284877609768689,7.441910673709953,nan,nan,nan,0.7941176470588235,nan
OASTER-ERP-v3,15,-10,deep_only,case_weighted_within_scenario,30,1,1.0,1.0,nan,1.0,0.3293825042043547,nan,nan,0.0,0.0,1.0,0.0,423.1333333333333,422.1333333333333,1.0,nan,nan,0.0,0.0,1.0,nan,nan
OASTER-ERP-v3,15,-10,deep_plus_surface,case_weighted_within_scenario,136,1,0.9697515356383202,0.9771620651139761,0.9762580741290899,0.9465686274509802,0.7879504176439771,6.076710367907465,9.519097628782639,4.719424523256001,3.7362297299232283,0.7492736350257759,3.7362297299232283,12.529411764705882,10.257352941176471,2.2720588235294117,6.076710367907465,9.519097628782639,48.69717009410233,48.69717009410233,0.7941176470588235,nan,nan
OASTER-ERP-v3,15,-10,deep_plus_two_surface,case_weighted_within_scenario,67,1,0.9057854430673794,0.8843485397624224,0.88149200257312,0.8975124378109454,1.0148546394354356,5.7352815142586735,8.580918014773815,6.860543679867981,6.056500115204938,0.6844417758429377,6.056500115204938,14.194029850746269,11.835820895522389,2.3582089552238807,5.7352815142586735,79.24378474121522,60.276043299116004,60.276043299116004,0.746268656716418,nan,nan
OASTER-ERP-v3,15,-10,surface_only,case_weighted_within_scenario,136,1,0.9305123697275306,0.9755394919527449,0.9759977192446065,nan,0.8390347327415012,4.706666523445001,8.393728637870339,nan,nan,0.08712067205245061,nan,24.13235294117647,10.889705882352942,13.242647058823529,4.706666523445001,8.393728637870339,nan,nan,nan,0.8970588235294118,nan
OASTER-ERP-v3,15,-5,deep_only,case_weighted_within_scenario,30,1,1.0,1.0,nan,1.0,0.3230942545703332,nan,nan,0.0,0.0,1.0,0.0,385.53333333333336,384.53333333333336,1.0,nan,nan,0.0,0.0,1.0,nan,nan
OASTER-ERP-v3,15,-5,deep_plus_surface,case_weighted_within_scenario,136,1,0.9728785394014291,0.9797364665794599,0.9789654878960692,0.9612745098039217,0.8236527538893865,7.091097689776037,11.147258138127796,4.32158393775412,3.4225448172188497,0.7225133287369747,3.4225448172188497,12.558823529411764,10.169117647058824,2.389705882352941,7.091097689776037,11.147258138127796,40.313746884642434,40.313746884642434,0.8308823529411765,nan,nan
OASTER-ERP-v3,15,-5,deep_plus_two_surface,case_weighted_within_scenario,67,1,0.9204786902035409,0.8895832450255496,0.8868157537552088,0.9263681592039802,1.031799076775638,5.357969242389815,8.675629808056588,6.5560797660429495,5.92916673929157,0.7358497792282487,5.92916673929157,11.373134328358208,9.701492537313433,1.671641791044776,5.357969242389815,86.03578036192341,63.91826889170131,63.91826889170131,0.7313432835820896,nan,nan
OASTER-ERP-v3,15,-5,surface_only,case_weighted_within_scenario,136,1,0.9377451930239434,0.9792882408429933,0.9797488960530236,nan,0.8482696807686086,4.4985832651382465,8.701170796050732,nan,nan,0.08015377410574397,nan,25.330882352941178,11.654411764705882,13.676470588235293,4.4985832651382465,8.701170796050732,nan,nan,nan,0.8897058823529411,nan
OASTER-ERP-v3,15,0,deep_only,case_weighted_within_scenario,30,1,1.0,1.0,nan,1.0,0.29666486256737556,nan,nan,0.0,0.0,1.0,0.0,365.8,364.8,1.0,nan,nan,0.0,0.0,1.0,nan,nan
OASTER-ERP-v3,15,0,deep_plus_surface,case_weighted_within_scenario,136,1,0.9730140491974306,0.9819350062817215,0.9813686602889606,0.95,0.7831981112243926,5.799697144456479,9.89150825444919,4.819976240311892,3.50140350548348,0.7431954494374281,3.50140350548348,13.102941176470589,10.323529411764707,2.7794117647058822,5.799697144456479,9.89150825444919,52.065245278164824,52.065245278164824,0.7794117647058824,nan,nan
OASTER-ERP-v3,15,0,deep_plus_two_surface,case_weighted_within_scenario,67,1,0.9149886938480684,0.8907946785995183,0.8881294217001037,0.9074626865671641,1.0208175001230735,4.343128765386009,8.511961620348856,6.834252933537558,6.353166471197437,0.7149041875494203,6.353166471197437,11.402985074626866,9.746268656716419,1.6567164179104477,4.343128765386009,85.9282967759661,60.57455073850492,60.57455073850492,0.746268656716418,nan,nan
OASTER-ERP-v3,15,0,surface_only,case_weighted_within_scenario,136,1,0.9386343046732945,0.980692161780357,0.9811532449780257,nan,0.8054626969742859,4.248803951719033,7.916794799893516,nan,nan,0.0778300548925855,nan,24.801470588235293,11.441176470588236,13.360294117647058,4.248803951719033,7.916794799893516,nan,nan,nan,0.8823529411764706,nan
OASTER-ERP-v3,15,5,deep_only,case_weighted_within_scenario,30,1,1.0,1.0,nan,1.0,0.23927169768859366,nan,nan,0.0,0.0,1.0,0.0,291.23333333333335,290.23333333333335,1.0,nan,nan,0.0,0.0,1.0,nan,nan
OASTER-ERP-v3,15,5,deep_plus_surface,case_weighted_within_scenario,136,1,0.9773212355754373,0.9855346281459276,0.9851113080813566,0.9588235294117647,0.7338395757248065,5.959983427088939,8.938364767216846,4.323145681448954,3.986853383911376,0.7691702166423895,3.986853383911376,13.235294117647058,11.014705882352942,2.2205882352941178,5.959983427088939,8.938364767216846,40.01962921564434,40.01962921564434,0.8308823529411765,nan,nan
OASTER-ERP-v3,15,5,deep_plus_two_surface,case_weighted_within_scenario,67,1,0.922305162980894,0.905377989212266,0.903142814331395,0.9084577114427862,0.9553176799976242,4.6754268126453,8.935049572876425,7.683573985939861,6.8069856620159515,0.7108350418929874,6.8069856620159515,14.164179104477611,11.402985074626866,2.7611940298507465,4.6754268126453,66.04846836120203,67.26198696555323,67.26198696555323,0.7164179104477612,nan,nan
OASTER-ERP-v3,15,5,surface_only,case_weighted_within_scenario,136,1,0.9498848707742392,0.9838532854359308,0.9842962259687745,nan,0.784920477205633,3.303531587979746,6.7436991582915295,nan,nan,0.06547862948495009,nan,24.352941176470587,10.397058823529411,13.955882352941176,3.303531587979746,6.7436991582915295,nan,nan,nan,0.9117647058823529,nan
OASTER-ERP-v3,15,10,deep_only,case_weighted_within_scenario,30,1,1.0,1.0,nan,1.0,0.28779006410882607,nan,nan,0.0,0.0,1.0,0.0,383.1333333333333,382.1333333333333,1.0,nan,nan,0.0,0.0,1.0,nan,nan
OASTER-ERP-v3,15,10,deep_plus_surface,case_weighted_within_scenario,136,1,0.9759531800059503,0.984257550252727,0.9836481317801063,0.9573529411764707,0.6549604659415694,4.163072233061322,8.092156744301155,3.8152759101795994,2.7498508535307096,0.7525841128324227,2.7498508535307096,12.808823529411764,10.397058823529411,2.411764705882353,4.163072233061322,8.092156744301155,39.799040970894374,39.799040970894374,0.8308823529411765,nan,nan
OASTER-ERP-v3,15,10,deep_plus_two_surface,case_weighted_within_scenario,67,1,0.9307067613257813,0.9217700351757026,0.9199726974404725,0.9313432835820896,0.8598504743390298,3.1394762575801423,6.626125945547261,6.392051014897872,5.230047832168406,0.7202716450797837,5.230047832168406,14.208955223880597,11.567164179104477,2.6417910447761193,3.1394762575801423,71.11353986053041,56.932325202744,56.932325202744,0.7611940298507462,nan,nan
OASTER-ERP-v3,15,10,surface_only,case_weighted_within_scenario,136,1,0.9482900700714396,0.9843264258431503,0.9847240345387741,nan,0.7171648742222726,2.64797236226651,6.022569966358035,nan,nan,0.06730031256775612,nan,25.33823529411765,11.352941176470589,13.985294117647058,2.64797236226651,6.022569966358035,nan,nan,nan,0.9411764705882353,nan
OASTER-ERP-v3,15,15,deep_only,case_weighted_within_scenario,30,1,1.0,1.0,nan,1.0,0.3085203579592788,nan,nan,0.0,0.0,1.0,0.0,453.4,452.4,1.0,nan,nan,0.0,0.0,1.0,nan,nan
OASTER-ERP-v3,15,15,deep_plus_surface,case_weighted_within_scenario,136,1,0.973165561963161,0.9797541438080972,0.9787551047730614,0.9691176470588236,0.6616206816175694,3.844897056252508,7.7574942045608735,3.042895722326489,1.976450801028812,0.758594180507792,1.976450801028812,13.0,10.654411764705882,2.3455882352941178,3.844897056252508,7.7574942045608735,33.06289061070282,33.06289061070282,0.8602941176470589,nan,nan
OASTER-ERP-v3,15,15,deep_plus_two_surface,case_weighted_within_scenario,67,1,0.9249161704400877,0.9200178407958891,0.9181782993199605,0.9412935323383084,0.8170108463677108,2.0862268359744958,5.200710694064423,4.959935299953797,4.369259967318553,0.7189757901224575,4.369259967318553,12.865671641791044,10.671641791044776,2.1940298507462686,2.0862268359744958,63.26164830238711,50.0956352929895,50.0956352929895,0.7910447761194029,nan,nan
OASTER-ERP-v3,15,15,surface_only,case_weighted_within_scenario,136,1,0.9494148850269051,0.9831969468915529,0.9835951763421238,nan,0.7371107676007254,3.1487349917640493,6.38803658362135,nan,nan,0.06209575230535602,nan,25.102941176470587,10.772058823529411,14.330882352941176,3.1487349917640493,6.38803658362135,nan,nan,nan,0.9485294117647058,nan
OASTER-ERP-v3,15,20,deep_only,case_weighted_within_scenario,30,1,1.0,1.0,nan,1.0,0.33232579570971976,nan,nan,0.0,0.0,1.0,0.0,460.3,459.3,1.0,nan,nan,0.0,0.0,1.0,nan,nan
OASTER-ERP-v3,15,20,deep_plus_surface,case_weighted_within_scenario,136,1,0.9704999916812127,0.9745282473491147,0.9732137613141753,0.9789215686274509,0.7065653527641313,5.471858675136214,7.86468647175451,2.781367362974161,2.309532340400414,0.765739566587132,2.309532340400414,11.838235294117647,10.397058823529411,1.4411764705882353,5.471858675136214,7.86468647175451,27.97401314731838,27.97401314731838,0.8823529411764706,nan,nan
OASTER-ERP-v3,15,20,deep_plus_two_surface,case_weighted_within_scenario,67,1,0.9245491721990625,0.9091356216907277,0.9070302572129054,0.9084577114427861,0.8830015330130951,2.5370233757260334,5.770497262219457,6.788296608497917,5.5819767478718845,0.7502849531765781,5.5819767478718845,14.238805970149254,12.164179104477611,2.074626865671642,2.5370233757260334,63.686862159219224,64.3660300255807,64.3660300255807,0.7313432835820896,nan,nan
OASTER-ERP-v3,15,20,surface_only,case_weighted_within_scenario,136,1,0.9465061039762801,0.9806216373873883,0.9810177755508623,nan,0.7868099790652663,3.2649739585579276,6.424781911307994,nan,nan,0.13812982425175113,nan,22.720588235294116,10.772058823529411,11.948529411764707,3.2649739585579276,6.424781911307994,nan,nan,nan,0.7867647058823529,nan
OASTER-ERP-v3,20,-10,deep_only,case_weighted_within_scenario,30,1,1.0,1.0,nan,1.0,0.3409918356096877,nan,nan,0.0,0.0,1.0,0.0,491.43333333333334,490.43333333333334,1.0,nan,nan,0.0,0.0,1.0,nan,nan
OASTER-ERP-v3,20,-10,deep_plus_surface,case_weighted_within_scenario,136,1,0.9658335527150828,0.9720155045248582,0.9707208540568489,0.9803921568627452,0.7736801868791537,5.154554496094214,8.397753712527168,2.10909771648428,1.7709014833103232,0.786406916831784,1.7709014833103232,11.580882352941176,10.404411764705882,1.1764705882352942,5.154554496094214,8.397753712527168,17.722728815845795,17.722728815845795,0.9264705882352942,nan,nan
OASTER-ERP-v3,20,-10,deep_plus_two_surface,case_weighted_within_scenario,67,1,0.9121097757902724,0.8883161306134653,0.8857193244916938,0.8945273631840797,0.9813570006214527,4.418171378592948,8.215702176316725,6.166850282739438,5.9943985459809035,0.7214805714219884,5.9943985459809035,14.134328358208956,12.26865671641791,1.8656716417910448,4.418171378592948,89.10408773331756,63.02274647703792,63.02274647703792,0.7313432835820896,nan,nan
OASTER-ERP-v3,20,-10,surface_only,case_weighted_within_scenario,136,1,0.9277069630206459,0.9729034420351205,0.9733903643151891,nan,0.8600908088484839,4.369475440083905,7.992103589012843,nan,nan,0.10052051009219351,nan,23.816176470588236,11.455882352941176,12.360294117647058,4.369475440083905,7.992103589012843,nan,nan,nan,0.8308823529411765,nan
OASTER-ERP-v3,20,-5,deep_only,case_weighted_within_scenario,30,1,1.0,1.0,nan,1.0,0.31779404990388777,nan,nan,0.0,0.0,1.0,0.0,440.1333333333333,439.1333333333333,1.0,nan,nan,0.0,0.0,1.0,nan,nan
OASTER-ERP-v3,20,-5,deep_plus_surface,case_weighted_within_scenario,136,1,0.970441815809312,0.9778579558191302,0.976921214903018,0.9627450980392157,0.771923240368057,6.375723567352374,10.624101143877677,2.5887130496197712,2.3609440842816762,0.781435341893295,2.3609440842816762,11.919117647058824,10.595588235294118,1.3235294117647058,6.375723567352374,10.624101143877677,23.179253321776656,23.179253321776656,0.9044117647058824,nan,nan
OASTER-ERP-v3,20,-5,deep_plus_two_surface,case_weighted_within_scenario,67,1,0.9067522754128947,0.889999431722618,0.8874150742361926,0.8716417910447761,1.0201772482701366,5.193625469895939,9.297098628283923,7.3076207388109715,6.773220944566418,0.672037807169526,6.773220944566418,12.313432835820896,10.298507462686567,2.014925373134328,5.193625469895939,79.7354908340729,63.7690151585871,63.7690151585871,0.7313432835820896,nan,nan
OASTER-ERP-v3,20,-5,surface_only,case_weighted_within_scenario,136,1,0.9295992949636875,0.9749578780854496,0.975395405222181,nan,0.8614016281570626,4.347841050888161,8.248926192912363,nan,nan,0.11327415941391493,nan,22.933823529411764,11.338235294117647,11.595588235294118,4.347841050888161,8.248926192912363,nan,nan,nan,0.8014705882352942,nan
OASTER-ERP-v3,20,0,deep_only,case_weighted_within_scenario,30,1,1.0,1.0,nan,1.0,0.31889464669505774,nan,nan,0.0,0.0,1.0,0.0,435.1666666666667,434.1666666666667,1.0,nan,nan,0.0,0.0,1.0,nan,nan
OASTER-ERP-v3,20,0,deep_plus_surface,case_weighted_within_scenario,136,1,0.9707268971617938,0.9787710072848045,0.9779016314251879,0.9642156862745097,0.7599834221817569,5.744431876104105,8.951124632772833,2.7053784621085035,2.5037595400203307,0.8249411037139582,2.5037595400203307,12.985294117647058,11.794117647058824,1.1911764705882353,5.744431876104105,8.951124632772833,22.885135709283833,22.885135709283833,0.9044117647058824,nan,nan
OASTER-ERP-v3,20,0,deep_plus_two_surface,case_weighted_within_scenario,67,1,0.9093520543673682,0.8815454653203639,0.8785930184278966,0.9353233830845772,0.9774943687881318,5.420008681368204,9.280023080617365,4.530290568492615,3.9636342078543287,0.7248860297442913,3.9636342078543287,12.194029850746269,10.746268656716419,1.4477611940298507,5.420008681368204,83.0782313353117,46.15490230710385,46.15490230710385,0.8059701492537313,nan,nan
OASTER-ERP-v3,20,0,surface_only,case_weighted_within_scenario,136,1,0.9339681930123012,0.9763604388421655,0.9768123835405256,nan,0.8348898731189501,4.187161639543253,7.180055412921222,nan,nan,0.10100724388580401,nan,22.91176470588235,11.852941176470589,11.058823529411764,4.187161639543253,7.180055412921222,nan,nan,nan,0.7867647058823529,nan
OASTER-ERP-v3,20,5,deep_only,case_weighted_within_scenario,30,1,1.0,1.0,nan,1.0,0.29426423725586204,nan,nan,0.0,0.0,1.0,0.0,392.6666666666667,391.6666666666667,1.0,nan,nan,0.0,0.0,1.0,nan,nan
OASTER-ERP-v3,20,5,deep_plus_surface,case_weighted_within_scenario,136,1,0.9736708272956333,0.9818340389843548,0.9812005879141975,0.9666666666666667,0.7135692489210349,4.940726901362374,8.645482635346923,2.7427712888332856,2.1875533597669636,0.7848262935640465,2.1875533597669636,11.794117647058824,10.242647058823529,1.5514705882352942,4.940726901362374,8.645482635346923,27.753424927918296,27.753424927918296,0.8823529411764706,nan,nan
OASTER-ERP-v3,20,5,deep_plus_two_surface,case_weighted_within_scenario,67,1,0.9229215944639033,0.899699144977272,0.8972172746458049,0.9402985074626866,0.882183633901605,4.55674799361478,8.392286462093756,4.335301037138316,4.622026719148766,0.744578007623087,4.622026719148766,14.029850746268657,12.373134328358208,1.6567164179104477,4.55674799361478,65.64342126360303,39.16895868138731,39.16895868138731,0.835820895522388,nan,nan
OASTER-ERP-v3,20,5,surface_only,case_weighted_within_scenario,136,1,0.9402406831716433,0.9807892729181309,0.9812505323334832,nan,0.820097037038474,3.786308799758747,6.918447166442053,nan,nan,0.11376077034017058,nan,22.88235294117647,11.051470588235293,11.830882352941176,3.786308799758747,6.918447166442053,nan,nan,nan,0.8235294117647058,nan
OASTER-ERP-v3,20,10,deep_only,case_weighted_within_scenario,30,1,1.0,1.0,nan,1.0,0.22709348327134132,nan,nan,0.0,0.0,1.0,0.0,274.76666666666665,273.76666666666665,1.0,nan,nan,0.0,0.0,1.0,nan,nan
OASTER-ERP-v3,20,10,deep_plus_surface,case_weighted_within_scenario,136,1,0.9736909353487837,0.9839477738454204,0.9833459583426473,0.9691176470588236,0.6958045952338149,4.590985532821475,9.768369536355678,2.717323083778343,2.3253657851360012,0.7873864322270049,2.3253657851360012,13.088235294117647,11.529411764705882,1.5588235294117647,4.590985532821475,9.768369536355678,24.532408583902065,24.532408583902065,0.8970588235294118,nan,nan
OASTER-ERP-v3,20,10,deep_plus_two_surface,case_weighted_within_scenario,67,1,0.9188664357570063,0.8999741799530442,0.8976225224801403,0.8855721393034827,0.9312174487083046,4.80147708092512,8.39409422366381,6.972888717978967,6.725911449303857,0.7531899114213169,6.725911449303857,12.73134328358209,11.08955223880597,1.6417910447761195,4.80147708092512,58.909396678726544,56.78307148036559,56.78307148036559,0.7611940298507462,nan,nan
OASTER-ERP-v3,20,10,surface_only,case_weighted_within_scenario,136,1,0.9478288177593113,0.9833135440829708,0.9837123459041542,nan,0.7606067282239858,3.0344226217520087,6.707976777438325,nan,nan,0.10503744547106335,nan,22.625,10.625,12.0,3.0344226217520087,6.707976777438325,nan,nan,nan,0.8382352941176471,nan
OASTER-ERP-v3,20,15,deep_only,case_weighted_within_scenario,30,1,1.0,1.0,nan,1.0,0.2538397597644962,nan,nan,0.0,0.0,1.0,0.0,339.6333333333333,338.6333333333333,1.0,nan,nan,0.0,0.0,1.0,nan,nan
OASTER-ERP-v3,20,15,deep_plus_surface,case_weighted_within_scenario,136,1,0.9744075092705875,0.9819998494658686,0.9812143401555526,0.9789215686274509,0.648169194824856,4.168505228891905,7.148916604235588,1.8572557225968758,1.739290030412923,0.7740466911022089,1.739290030412923,12.345588235294118,10.852941176470589,1.4926470588235294,4.168505228891905,7.148916604235588,16.001926520140454,16.001926520140454,0.9338235294117647,nan,nan
OASTER-ERP-v3,20,15,deep_plus_two_surface,case_weighted_within_scenario,67,1,0.9286240968247866,0.9232449194090921,0.9215252800612993,0.9303482587064676,0.8041487546856526,4.011847058565847,6.988731457332415,6.025050102678764,6.123271889654568,0.7704774291015098,6.123271889654568,13.507462686567164,12.059701492537313,1.4477611940298507,4.011847058565847,51.04134257951576,49.64787413227064,49.64787413227064,0.7910447761194029,nan,nan
OASTER-ERP-v3,20,15,surface_only,case_weighted_within_scenario,136,1,0.94895789414336,0.9834034523852978,0.9837722019279637,nan,0.7317043515041141,2.86289084196412,6.354161257536848,nan,nan,0.06964115470118211,nan,24.389705882352942,11.323529411764707,13.066176470588236,2.86289084196412,6.354161257536848,nan,nan,nan,0.9117647058823529,nan
OASTER-ERP-v3,20,20,deep_only,case_weighted_within_scenario,30,1,1.0,1.0,nan,1.0,0.2928892345940459,nan,nan,0.0,0.0,1.0,0.0,429.7,428.7,1.0,nan,nan,0.0,0.0,1.0,nan,nan
OASTER-ERP-v3,20,20,deep_plus_surface,case_weighted_within_scenario,136,1,0.9737516962108965,0.9819131592104627,0.9810915391045841,0.9818627450980392,0.6405284943770946,3.714714587254608,6.448103370830212,1.5601021278945817,1.105339250622543,0.7831723442906207,1.105339250622543,12.992647058823529,11.529411764705882,1.463235294117647,3.714714587254608,6.448103370830212,15.854867685899672,15.854867685899672,0.9338235294117647,nan,nan
OASTER-ERP-v3,20,20,deep_plus_two_surface,case_weighted_within_scenario,67,1,0.9304979572749624,0.922155727113127,0.9203736613351631,0.9333333333333335,0.8260449760999649,3.4583984980513804,5.550168059594493,5.994902813841642,5.573980055735792,0.712332654456709,5.573980055735792,13.522388059701493,11.0,2.5223880597014925,3.4583984980513804,77.16297133915181,53.439353423665814,53.439353423665814,0.7761194029850746,nan,nan
OASTER-ERP-v3,20,20,surface_only,case_weighted_within_scenario,136,1,0.9467372312517587,0.9823785331710492,0.9827244279402236,nan,0.7253735158441709,2.7331726063945236,6.379162316956302,nan,nan,0.08973961919707152,nan,22.669117647058822,10.808823529411764,11.860294117647058,2.7331726063945236,6.379162316956302,nan,nan,nan,0.8823529411764706,nan
RAP-MUSIC,-10,-10,deep_only,case_weighted_within_scenario,30,1,0.6833333333333333,0.6832845290385554,nan,0.6788888888888888,1.4741920242815802,nan,nan,2.666666635743662,2.6666666357436624,0.5,2.6666666357436624,1.2333333333333334,0.7333333333333333,0.5,nan,nan,118.34788924601048,118.34788924601048,0.5,nan,nan
RAP-MUSIC,-10,-10,deep_plus_surface,case_weighted_within_scenario,136,1,0.508297377645584,0.5157189255579915,0.5168320809381429,0.5,1.8126157860258783,10.88109072932368,13.199634065025705,nan,nan,0.0,nan,1.213235294117647,1.213235294117647,0.0,10.88109072932368,13.199634065025705,234.02911185627732,234.02911185627732,0.0,nan,nan
RAP-MUSIC,-10,-10,deep_plus_two_surface,case_weighted_within_scenario,67,1,0.5078161759632785,0.5105724048291009,0.5109140479181967,0.5,1.8395236745713495,8.582467552372744,17.651036933094623,nan,nan,0.0,nan,1.5522388059701493,1.5522388059701493,0.0,8.582467552372744,150.06150069205722,234.02911185627735,234.02911185627735,0.0,nan,nan
RAP-MUSIC,-10,-10,surface_only,case_weighted_within_scenario,136,1,0.5181797735785831,0.5182857181550057,0.5182856069502714,nan,1.7353843663906527,9.36027453661689,10.455353142239192,nan,nan,0.0,nan,1.2279411764705883,1.2279411764705883,0.0,9.36027453661689,10.455353142239192,nan,nan,nan,1.0,nan
RAP-MUSIC,-10,-5,deep_only,case_weighted_within_scenario,30,1,0.9666666666666667,0.9666622299125959,nan,0.9655555555555556,0.41481427145270167,nan,nan,0.34482756549495014,0.34482756549495014,0.9666666666666667,0.34482756549495014,1.5666666666666667,0.6,0.9666666666666667,nan,nan,8.13430370852103,8.13430370852103,0.9666666666666667,nan,nan
RAP-MUSIC,-10,-5,deep_plus_surface,case_weighted_within_scenario,136,1,0.5119149107663525,0.5193342521569578,0.5204202034919823,0.5036764705882353,1.7541078032377362,9.0009512370094,10.341783808998692,0.0,0.0,0.004248012079170619,0.0,1.3676470588235294,1.3602941176470589,0.007352941176470588,9.0009512370094,10.341783808998692,232.30830956321645,232.30830956321645,0.007352941176470588,nan,nan
RAP-MUSIC,-10,-5,deep_plus_two_surface,case_weighted_within_scenario,67,1,0.5100243261698586,0.514578306263826,0.5150283824643096,0.5,1.79944648651333,6.428135697356717,11.402555539443776,nan,nan,0.0,nan,1.8208955223880596,1.8208955223880596,0.0,6.428135697356717,87.82659726014782,234.02911185627735,234.02911185627735,0.0,nan,nan
RAP-MUSIC,-10,-5,surface_only,case_weighted_within_scenario,136,1,0.5204912962230933,0.5206786688087014,0.5206785426743245,nan,1.6796324366671558,7.113574926093978,8.482140533674055,nan,nan,0.0,nan,1.2647058823529411,1.2647058823529411,0.0,7.113574926093978,8.482140533674055,nan,nan,nan,1.0,nan
RAP-MUSIC,-10,0,deep_only,case_weighted_within_scenario,30,1,1.0,1.0,nan,1.0,0.11952006658992627,nan,nan,0.0,0.0,1.0,0.0,1.7,0.7,1.0,nan,nan,0.0,0.0,1.0,nan,nan
RAP-MUSIC,-10,0,deep_plus_surface,case_weighted_within_scenario,136,1,0.5219325948618203,0.5219594280996117,0.5221046626878613,0.5220588235294118,1.7231573505920796,8.080590827247802,9.310846299407231,0.0,0.0,0.02974456130581537,0.0,1.5735294117647058,1.5294117647058822,0.04411764705882353,8.080590827247802,9.310846299407231,223.70429809791216,223.70429809791216,0.04411764705882353,nan,nan
RAP-MUSIC,-10,0,deep_plus_two_surface,case_weighted_within_scenario,67,1,0.5118544490569656,0.5169800284865057,0.5175054240625152,0.5,1.7722750281474622,6.736617802569472,9.828775240740622,nan,nan,0.0,nan,2.1343283582089554,2.1343283582089554,0.0,6.736617802569472,49.9840594106875,234.02911185627735,234.02911185627735,0.0,nan,nan
RAP-MUSIC,-10,0,surface_only,case_weighted_within_scenario,136,1,0.5236995587102712,0.5239356150701765,0.5239354542633611,nan,1.6525758492667828,6.511754772366679,9.293076720321043,nan,nan,0.0,nan,1.4558823529411764,1.4558823529411764,0.0,6.511754772366679,9.293076720321043,nan,nan,nan,1.0,nan
RAP-MUSIC,-10,5,deep_only,case_weighted_within_scenario,30,1,1.0,1.0,nan,1.0,0.07042712229826237,nan,nan,0.0,0.0,1.0,0.0,1.5666666666666667,0.5666666666666667,1.0,nan,nan,0.0,0.0,1.0,nan,nan
RAP-MUSIC,-10,5,deep_plus_surface,case_weighted_within_scenario,136,1,0.5464618629821674,0.5267604372319241,0.5239442817947854,0.5691176470588236,1.6819622051353615,9.279765259420738,9.989830812838107,1.3636363176184747,1.3636363176184747,0.11124511782200222,1.3636363176184747,1.9558823529411764,1.7941176470588236,0.16176470588235295,9.279765259420738,9.989830812838107,196.39204963678839,196.39204963678839,0.16176470588235295,nan,nan
RAP-MUSIC,-10,5,deep_plus_two_surface,case_weighted_within_scenario,67,1,0.5214785539633493,0.520460616643338,0.5204831753446834,0.5218905472636817,1.7318365746056987,5.581414202061985,8.962273239834909,7.5000001416745015,7.5000001416745015,0.05195693744480514,7.5000001416745015,2.3582089552238807,2.298507462686567,0.05970149253731343,5.581414202061985,39.195132158461504,223.55019640002615,223.55019640002615,0.04477611940298507,nan,nan
RAP-MUSIC,-10,5,surface_only,case_weighted_within_scenario,136,1,0.5259170731134427,0.5263646325069282,0.5263643767008496,nan,1.6580529375505975,8.046703425282432,8.983952618754506,nan,nan,0.0,nan,1.838235294117647,1.838235294117647,0.0,8.046703425282432,8.983952618754506,nan,nan,nan,1.0,nan
RAP-MUSIC,-10,10,deep_only,case_weighted_within_scenario,30,1,1.0,1.0,nan,1.0,0.034317338223681874,nan,nan,0.0,0.0,1.0,0.0,2.433333333333333,1.4333333333333333,1.0,nan,nan,0.0,0.0,1.0,nan,nan
RAP-MUSIC,-10,10,deep_plus_surface,case_weighted_within_scenario,136,1,0.5722696342070623,0.5329495991666202,0.5275294954104423,0.6169117647058824,1.6144892760882361,7.600457049965695,9.008901474828944,0.8571428282173269,0.8571428282173269,0.16508851554711362,0.8571428282173269,2.088235294117647,1.8308823529411764,0.25735294117647056,7.600457049965695,9.008901474828944,174.02161982699718,174.02161982699718,0.25735294117647056,nan,nan
RAP-MUSIC,-10,10,deep_plus_two_surface,case_weighted_within_scenario,67,1,0.5297467692485117,0.5229301520860491,0.5223275006288368,0.5447761194029851,1.6884837774001105,4.983898113635506,7.699269169558491,0.0,0.0,0.06647791246620866,0.0,2.3582089552238807,2.2686567164179103,0.08955223880597014,4.983898113635506,41.47984270488967,213.07128094377492,213.07128094377492,0.08955223880597014,nan,nan
RAP-MUSIC,-10,10,surface_only,case_weighted_within_scenario,136,1,0.5258806187009263,0.5264340329570762,0.5264337377059005,nan,1.667987496210027,6.5931188582487135,9.446619270481017,nan,nan,0.0,nan,1.8235294117647058,1.8235294117647058,0.0,6.5931188582487135,9.446619270481017,nan,nan,nan,1.0,nan
RAP-MUSIC,-10,15,deep_only,case_weighted_within_scenario,30,1,1.0,1.0,nan,1.0,0.004439582986536384,nan,nan,0.0,0.0,1.0,0.0,2.5,1.5,1.0,nan,nan,0.0,0.0,1.0,nan,nan
RAP-MUSIC,-10,15,deep_plus_surface,case_weighted_within_scenario,136,1,0.5660924331469992,0.5302788728135633,0.5261506722257057,0.6061274509803922,1.616554354352039,8.106273427768619,9.066747848156798,0.6451612770404156,0.6451612770404156,0.1471928250186006,0.6451612770404156,2.1029411764705883,1.875,0.22794117647058823,8.106273427768619,9.066747848156798,180.83129959189245,180.83129959189245,0.22794117647058823,nan,nan
RAP-MUSIC,-10,15,deep_plus_two_surface,case_weighted_within_scenario,67,1,0.524987387980109,0.522426838110625,0.5222118363216388,0.5298507462686567,1.7033201956585071,5.227121573687464,8.856401589808295,0.0,0.0,0.040377485565479404,0.0,2.253731343283582,2.1940298507462686,0.05970149253731343,5.227121573687464,55.907415675339145,220.05722458127573,220.05722458127573,0.05970149253731343,nan,nan
RAP-MUSIC,-10,15,surface_only,case_weighted_within_scenario,136,1,0.526382205377315,0.5269168635795677,0.5269165707994241,nan,1.6511436765337104,6.053302783759964,8.842089099611515,nan,nan,0.0,nan,1.75,1.75,0.0,6.053302783759964,8.842089099611515,nan,nan,nan,1.0,nan
RAP-MUSIC,-10,20,deep_only,case_weighted_within_scenario,30,1,1.0,1.0,nan,1.0,0.0013534857052043445,nan,nan,0.0,0.0,1.0,0.0,2.533333333333333,1.5333333333333334,1.0,nan,nan,0.0,0.0,1.0,nan,nan
RAP-MUSIC,-10,20,deep_plus_surface,case_weighted_within_scenario,136,1,0.5776098326867485,0.5330055082707812,0.527214541901329,0.6284313725490196,1.5807204917351731,7.5022882041585675,9.331714632497707,0.39283711678471106,0.39283711678471106,0.15944179941458828,0.39283711678471106,2.0661764705882355,1.8014705882352942,0.2647058823529412,7.5022882041585675,9.331714632497707,173.80103159914714,173.80103159914714,0.25735294117647056,nan,nan
RAP-MUSIC,-10,20,deep_plus_two_surface,case_weighted_within_scenario,67,1,0.524206250256894,0.5217880246620454,0.5215174488884649,0.5298507462686567,1.7029411719365606,4.134117450674714,7.920352366905195,0.0,0.0,0.03867790060311176,0.0,2.1641791044776117,2.1044776119402986,0.05970149253731343,4.134117450674714,55.16695882737102,220.05722458127573,220.05722458127573,0.05970149253731343,nan,nan
RAP-MUSIC,-10,20,surface_only,case_weighted_within_scenario,136,1,0.5273557998532086,0.5279011912580218,0.5279009011611349,nan,1.6510225889942665,6.587837406718088,9.618903739471612,nan,nan,0.0,nan,1.8676470588235294,1.8676470588235294,0.0,6.587837406718088,9.618903739471612,nan,nan,nan,1.0,nan
RAP-MUSIC,-5,-10,deep_only,case_weighted_within_scenario,30,1,0.8331666666666667,0.8333044944318736,nan,0.8333333333333334,1.0145398381186852,nan,nan,0.0,0.0,0.6666666666666666,0.0,1.2666666666666666,0.6,0.6666666666666666,nan,nan,78.00970395209244,78.00970395209244,0.6666666666666666,nan,nan
RAP-MUSIC,-5,-10,deep_plus_surface,case_weighted_within_scenario,136,1,0.5106159448597618,0.5200186077862136,0.5214393970530766,0.5,1.751966031524697,5.873351421551169,9.250786095593613,nan,nan,0.0,nan,1.1764705882352942,1.1764705882352942,0.0,5.873351421551169,9.250786095593613,234.02911185627732,234.02911185627732,0.0,nan,nan
RAP-MUSIC,-5,-10,deep_plus_two_surface,case_weighted_within_scenario,67,1,0.5080299685960363,0.5111043586428393,0.5114559751354609,0.5,1.8308556265067943,6.616269141238323,12.014055941321953,nan,nan,0.0,nan,1.5671641791044777,1.5671641791044777,0.0,6.616269141238323,127.9920702252539,234.02911185627735,234.02911185627735,0.0,nan,nan
RAP-MUSIC,-5,-10,surface_only,case_weighted_within_scenario,136,1,0.5241037388169084,0.5242320081711814,0.5242319299486436,nan,1.6560615989534948,4.456059109245624,8.135264455189192,nan,nan,0.0,nan,1.2279411764705883,1.2279411764705883,0.0,4.456059109245624,8.135264455189192,nan,nan,nan,1.0,nan
RAP-MUSIC,-5,-5,deep_only,case_weighted_within_scenario,30,1,0.9833333333333333,0.983331114956298,nan,0.9822222222222222,0.3424150100924537,nan,nan,0.3333333133117853,0.3333333133117853,1.0,0.3333333133117853,1.5333333333333334,0.5333333333333333,1.0,nan,nan,0.3333333133117853,0.3333333133117853,1.0,nan,nan
RAP-MUSIC,-5,-5,deep_plus_surface,case_weighted_within_scenario,136,1,0.5123527174819794,0.5201052204010183,0.5213132241131664,0.5036764705882353,1.7420022689578216,8.250794506520158,11.082953757323594,0.0,0.0,0.004713488899714421,0.0,1.3676470588235294,1.3602941176470589,0.007352941176470588,8.250794506520158,11.082953757323594,232.30830956321645,232.30830956321645,0.007352941176470588,nan,nan
RAP-MUSIC,-5,-5,deep_plus_two_surface,case_weighted_within_scenario,67,1,0.5115341318295997,0.5161870393405471,0.5166822396773941,0.5,1.7580363672754875,4.099042272748838,9.579605876803228,nan,nan,0.0,nan,1.8507462686567164,1.8507462686567164,0.0,4.099042272748838,76.57945840798955,234.02911185627735,234.02911185627735,0.0,nan,nan
RAP-MUSIC,-5,-5,surface_only,case_weighted_within_scenario,136,1,0.5242602799032076,0.524454553424304,0.5244544291808296,nan,1.6543629212321267,5.34354837040917,8.655677765427129,nan,nan,0.0,nan,1.3897058823529411,1.3897058823529411,0.0,5.34354837040917,8.655677765427129,nan,nan,nan,1.0,nan
RAP-MUSIC,-5,0,deep_only,case_weighted_within_scenario,30,1,1.0,1.0,nan,1.0,0.09935716644855679,nan,nan,0.0,0.0,1.0,0.0,1.4333333333333333,0.43333333333333335,1.0,nan,nan,0.0,0.0,1.0,nan,nan
RAP-MUSIC,-5,0,deep_plus_surface,case_weighted_within_scenario,136,1,0.5325001991590916,0.5258123222433707,0.5249951547820493,0.5394607843137256,1.6825571539276392,6.042195523445219,8.47873857060078,3.2189514028641497,3.2189514028641497,0.08362223170764849,3.2189514028641497,1.6838235294117647,1.5735294117647058,0.11029411764705882,6.042195523445219,8.47873857060078,211.80574087279342,211.80574087279342,0.09558823529411764,nan,nan
RAP-MUSIC,-5,0,deep_plus_two_surface,case_weighted_within_scenario,67,1,0.513184278146939,0.5184483838595633,0.5190256295661818,0.49950248756218907,1.7517473215530572,4.599085704723024,8.342847824016745,9.999999399353554,9.999999399353554,0.012486118194659735,9.999999399353554,2.1940298507462686,2.1791044776119404,0.014925373134328358,4.599085704723024,42.027364843757134,230.68539375990537,230.68539375990537,0.014925373134328358,nan,nan
RAP-MUSIC,-5,0,surface_only,case_weighted_within_scenario,136,1,0.5247303375726079,0.5250538447196087,0.5250536596556886,nan,1.638783433854047,6.04622807041452,7.772026926627866,nan,nan,0.0,nan,1.5588235294117647,1.5588235294117647,0.0,6.04622807041452,7.772026926627866,nan,nan,nan,1.0,nan
RAP-MUSIC,-5,5,deep_only,case_weighted_within_scenario,30,1,1.0,1.0,nan,1.0,0.03217093941275756,nan,nan,0.0,0.0,1.0,0.0,1.4,0.4,1.0,nan,nan,0.0,0.0,1.0,nan,nan
RAP-MUSIC,-5,5,deep_plus_surface,case_weighted_within_scenario,136,1,0.5530902832373125,0.5287022069153087,0.525756835907296,0.5799019607843138,1.6307884789009661,6.982428988418097,8.290549581436615,2.3585159262789728,1.6977744541875501,0.13098011619519945,1.6977744541875501,1.9191176470588236,1.7205882352941178,0.19852941176470587,6.982428988418097,8.290549581436615,191.355960986017,191.2296427634113,0.18382352941176472,nan,nan
RAP-MUSIC,-5,5,deep_plus_two_surface,case_weighted_within_scenario,67,1,0.5189713795435699,0.5205348183658791,0.5207649499163567,0.5139303482587065,1.7123461486459584,4.128585924642912,7.460610596568451,6.035533857769408,6.035533857769408,0.04723254291186253,6.035533857769408,2.328358208955224,2.2686567164179103,0.05970149253731343,4.128585924642912,44.658424236222146,223.69945012240453,223.69945012240453,0.04477611940298507,nan,nan
RAP-MUSIC,-5,5,surface_only,case_weighted_within_scenario,136,1,0.5278985041587267,0.5283581587483259,0.528357907654166,nan,1.625939256277223,5.706100966127807,8.082090580167538,nan,nan,0.0,nan,1.838235294117647,1.838235294117647,0.0,5.706100966127807,8.082090580167538,nan,nan,nan,1.0,nan
RAP-MUSIC,-5,10,deep_only,case_weighted_within_scenario,30,1,1.0,1.0,nan,1.0,0.013820422051579576,nan,nan,0.0,0.0,1.0,0.0,2.7,1.7,1.0,nan,nan,0.0,0.0,1.0,nan,nan
RAP-MUSIC,-5,10,deep_plus_surface,case_weighted_within_scenario,136,1,0.5777701543567437,0.5329628136879203,0.5273556132671606,0.6276960784313727,1.5869674262265818,7.522149925801711,9.603613909676865,1.2380582290913513,1.2380582290913513,0.1738251563454488,1.2380582290913513,2.25,1.963235294117647,0.2867647058823529,7.522149925801711,9.603613909676865,170.50648583352728,170.50648583352728,0.27205882352941174,nan,nan
RAP-MUSIC,-5,10,deep_plus_two_surface,case_weighted_within_scenario,67,1,0.5220169019045952,0.5216575372077576,0.5216969783059688,0.5223880597014925,1.7052544057589236,4.71588949150012,8.010193352393323,0.0,0.0,0.038662993740616464,0.0,2.343283582089552,2.298507462686567,0.04477611940298507,4.71588949150012,34.99752690509589,223.55019640002615,223.55019640002615,0.04477611940298507,nan,nan
RAP-MUSIC,-5,10,surface_only,case_weighted_within_scenario,136,1,0.5268679537629785,0.5274432543877864,0.5274439501341542,nan,1.640814981787851,5.786593856222747,8.56967975094827,nan,nan,0.010597482610313853,nan,1.911764705882353,1.8970588235294117,0.014705882352941176,5.786593856222747,8.56967975094827,nan,nan,nan,0.9852941176470589,nan
RAP-MUSIC,-5,15,deep_only,case_weighted_within_scenario,30,1,1.0,1.0,nan,1.0,0.004312452118140543,nan,nan,0.0,0.0,1.0,0.0,2.2666666666666666,1.2666666666666666,1.0,nan,nan,0.0,0.0,1.0,nan,nan
RAP-MUSIC,-5,15,deep_plus_surface,case_weighted_within_scenario,136,1,0.5714115113780478,0.5311218665247542,0.5257390142409478,0.6171568627450981,1.621528654276743,7.754966775033472,9.845769903287026,0.7100628350926156,0.7100628350926156,0.1445891594813602,0.7100628350926156,2.1691176470588234,1.9191176470588236,0.25,7.754966775033472,9.845769903287026,177.31616559842254,177.31616559842254,0.2426470588235294,nan,nan
RAP-MUSIC,-5,15,deep_plus_two_surface,case_weighted_within_scenario,67,1,0.5271503126936921,0.5225039549351813,0.522094517819286,0.53681592039801,1.7084863666988634,5.011640527377092,8.11195552368484,1.6666665665589253,1.6666665665589255,0.05838545108865723,1.6666665665589255,2.417910447761194,2.328358208955224,0.08955223880597014,5.011640527377092,45.20283193649855,213.22053466615333,213.22053466615333,0.08955223880597014,nan,nan
RAP-MUSIC,-5,15,surface_only,case_weighted_within_scenario,136,1,0.5283916775866558,0.5289389534648792,0.5289391377117625,nan,1.637871214189831,5.291490745939898,8.272038032802234,nan,nan,0.003447584918816662,nan,1.8455882352941178,1.838235294117647,0.007352941176470588,5.291490745939898,8.272038032802234,nan,nan,nan,0.9926470588235294,nan
RAP-MUSIC,-5,20,deep_only,case_weighted_within_scenario,30,1,1.0,1.0,nan,1.0,0.0011857289750256757,nan,nan,0.0,0.0,1.0,0.0,2.6666666666666665,1.6666666666666667,1.0,nan,nan,0.0,0.0,1.0,nan,nan
RAP-MUSIC,-5,20,deep_plus_surface,case_weighted_within_scenario,136,1,0.5689468455374631,0.5294649018529043,0.5245232923239967,0.6132352941176471,1.6164893189710998,7.084312303258776,8.825442887137978,0.8823529578440586,0.8823529578440586,0.16066615732327816,0.8823529578440586,2.0588235294117645,1.8088235294117647,0.25,7.084312303258776,8.825442887137978,175.74242213166903,175.74242213166903,0.25,nan,nan
RAP-MUSIC,-5,20,deep_plus_two_surface,case_weighted_within_scenario,67,1,0.5296662726519131,0.5229366799442476,0.5223120058440097,0.5447761194029851,1.698272308239735,3.906868166712859,7.375575623658644,0.0,0.0,0.058431503053408516,0.0,2.1940298507462686,2.1044776119402986,0.08955223880597014,3.906868166712859,61.50179323144818,213.0712809437749,213.0712809437749,0.08955223880597014,nan,nan
RAP-MUSIC,-5,20,surface_only,case_weighted_within_scenario,136,1,0.5268712328130187,0.5274389177621766,0.5274386248860862,nan,1.6560533176678836,6.1317149110681815,9.098492801110256,nan,nan,0.0,nan,1.838235294117647,1.838235294117647,0.0,6.1317149110681815,9.098492801110256,nan,nan,nan,1.0,nan
RAP-MUSIC,0,-10,deep_only,case_weighted_within_scenario,30,1,0.9833333333333333,0.983331114956298,nan,0.9822222222222223,0.3638354333148864,nan,nan,0.47140451793539223,0.47140451793539223,1.0,0.47140451793539223,1.2666666666666666,0.26666666666666666,1.0,nan,nan,7.800970395209245,7.800970395209245,0.9666666666666667,nan,nan
RAP-MUSIC,0,-10,deep_plus_surface,case_weighted_within_scenario,136,1,0.5141931481800341,0.5233772068150833,0.5248810073087588,0.5034313725490196,1.7078029960832746,3.442030293453586,8.872522603536535,5.0000000944496685,5.0000000944496685,0.013226177209086774,5.0000000944496685,1.25,1.2352941176470589,0.014705882352941176,3.442030293453586,8.872522603536535,230.66103668330925,230.66103668330925,0.014705882352941176,nan,nan
RAP-MUSIC,0,-10,deep_plus_two_surface,case_weighted_within_scenario,67,1,0.5120599650539667,0.5167513449761328,0.5172768958447687,0.5,1.7807300405120259,4.246163132114587,9.457665971760918,nan,nan,0.0,nan,1.955223880597015,1.955223880597015,0.0,4.246163132114587,73.14210584945961,234.02911185627735,234.02911185627735,0.0,nan,nan
RAP-MUSIC,0,-10,surface_only,case_weighted_within_scenario,136,1,0.5224135238345197,0.5225925001454579,0.522592406888448,nan,1.6545009287329624,3.906609135181434,8.79917752161684,nan,nan,0.0,nan,1.286764705882353,1.286764705882353,0.0,3.906609135181434,8.79917752161684,nan,nan,nan,1.0,nan
RAP-MUSIC,0,-5,deep_only,case_weighted_within_scenario,30,1,1.0,1.0,nan,1.0,0.1725849755633379,nan,nan,0.0,0.0,1.0,0.0,1.5333333333333334,0.5333333333333333,1.0,nan,nan,0.0,0.0,1.0,nan,nan
RAP-MUSIC,0,-5,deep_plus_surface,case_weighted_within_scenario,136,1,0.5166531885835345,0.5249655654936422,0.5262585088191053,0.5068627450980392,1.702197303757356,5.21821168776734,8.81949850090773,6.0355336316138395,6.0355336316138395,0.018934428704159977,6.0355336316138395,1.463235294117647,1.4338235294117647,0.029411764705882353,5.21821168776734,8.81949850090773,228.9402343844429,228.9402343844429,0.022058823529411766,nan,nan
RAP-MUSIC,0,-5,deep_plus_two_surface,case_weighted_within_scenario,67,1,0.5136031124095363,0.5188365601367552,0.5194228312508072,0.5,1.7386521915121929,4.691386320037684,9.508183215445243,nan,nan,0.0,nan,2.1791044776119404,2.1791044776119404,0.0,4.691386320037684,56.42300412546986,234.02911185627735,234.02911185627735,0.0,nan,nan
RAP-MUSIC,0,-5,surface_only,case_weighted_within_scenario,136,1,0.5246224913529542,0.5248609055116455,0.5248607759488029,nan,1.6475147448472958,4.94451904252655,8.510940955690433,nan,nan,0.0,nan,1.463235294117647,1.463235294117647,0.0,4.94451904252655,8.510940955690433,nan,nan,nan,1.0,nan
RAP-MUSIC,0,0,deep_only,case_weighted_within_scenario,30,1,1.0,1.0,nan,1.0,0.09118157278243572,nan,nan,0.0,0.0,1.0,0.0,1.4666666666666666,0.4666666666666667,1.0,nan,nan,0.0,0.0,1.0,nan,nan
RAP-MUSIC,0,0,deep_plus_surface,case_weighted_within_scenario,136,1,0.5367207082510526,0.5269419307393652,0.5260414225105381,0.5468137254901961,1.6661356144831774,5.258115735439394,7.929066988676226,2.596596124394603,2.596596124394603,0.08840389094667848,2.596596124394603,1.7426470588235294,1.6176470588235294,0.125,5.258115735439394,7.929066988676226,206.71686339515358,206.71686339515358,0.11764705882352941,nan,nan
RAP-MUSIC,0,0,deep_plus_two_surface,case_weighted_within_scenario,67,1,0.5156011170743929,0.5220743350253435,0.5227655575086515,0.5,1.7258261215564825,4.866199969960281,8.483104518918587,nan,nan,0.0,nan,2.417910447761194,2.417910447761194,0.0,4.866199969960281,35.41397106666292,234.02911185627735,234.02911185627735,0.0,nan,nan
RAP-MUSIC,0,0,surface_only,case_weighted_within_scenario,136,1,0.52923083841785,0.5295027303266591,0.5295025694263416,nan,1.6125038095056399,3.587547350856727,7.8499322130046965,nan,nan,0.0,nan,1.588235294117647,1.588235294117647,0.0,3.587547350856727,7.8499322130046965,nan,nan,nan,1.0,nan
RAP-MUSIC,0,5,deep_only,case_weighted_within_scenario,30,1,1.0,1.0,nan,1.0,0.035540053628262694,nan,nan,0.0,0.0,1.0,0.0,1.5333333333333334,0.5333333333333333,1.0,nan,nan,0.0,0.0,1.0,nan,nan
RAP-MUSIC,0,5,deep_plus_surface,case_weighted_within_scenario,136,1,0.5592346659892636,0.5302145912836901,0.527044097352879,0.5904411764705884,1.6057736824914088,5.546737950754221,8.094453909408177,2.469952881357185,2.469952881357185,0.15138855338190102,2.469952881357185,1.9558823529411764,1.7279411764705883,0.22794117647058823,5.546737950754221,8.094453909408177,187.7145087583304,187.7145087583304,0.19852941176470587,nan,nan
RAP-MUSIC,0,5,deep_plus_two_surface,case_weighted_within_scenario,67,1,0.5222455779506331,0.5217618507528868,0.5217295582131761,0.5223880597014925,1.6918290131074765,4.485469096000801,8.055633109568376,0.0,0.0,0.03907649366400596,0.0,2.3582089552238807,2.3134328358208953,0.04477611940298507,4.485469096000801,41.78301799713689,223.55019640002615,223.55019640002615,0.04477611940298507,nan,nan
RAP-MUSIC,0,5,surface_only,case_weighted_within_scenario,136,1,0.528197187652257,0.5286733788501474,0.5286731227505196,nan,1.625215968454043,5.12725240978252,8.290169295333033,nan,nan,0.0,nan,1.8676470588235294,1.8676470588235294,0.0,5.12725240978252,8.290169295333033,nan,nan,nan,1.0,nan
RAP-MUSIC,0,10,deep_only,case_weighted_within_scenario,30,1,1.0,1.0,nan,1.0,0.01784072693079496,nan,nan,0.0,0.0,1.0,0.0,2.433333333333333,1.4333333333333333,1.0,nan,nan,0.0,0.0,1.0,nan,nan
RAP-MUSIC,0,10,deep_plus_surface,case_weighted_within_scenario,136,1,0.5774807350349964,0.5323294800398969,0.5269041476628805,0.6269607843137255,1.5858482210688571,5.80573249384785,8.450206809977786,1.7652888861283613,1.7652888861283613,0.18890322662803594,1.7652888861283613,2.125,1.8161764705882353,0.3088235294117647,5.80573249384785,8.450206809977786,163.91739429067658,163.91739429067658,0.3014705882352941,nan,nan
RAP-MUSIC,0,10,deep_plus_two_surface,case_weighted_within_scenario,67,1,0.530236504427801,0.5232421371565859,0.5226179445853699,0.5447761194029851,1.656405372969577,3.7368828342213387,7.760064466338406,0.0,0.0,0.06427607774494691,0.0,2.4328358208955225,2.343283582089552,0.08955223880597014,3.7368828342213387,41.53156407677706,213.07128094377492,213.07128094377492,0.08955223880597014,nan,nan
RAP-MUSIC,0,10,surface_only,case_weighted_within_scenario,136,1,0.5294937666271051,0.5300172196753434,0.5300174311777814,nan,1.6154567856427513,5.318953597025283,8.02531454704844,nan,nan,0.002078015322868236,nan,1.9191176470588236,1.911764705882353,0.007352941176470588,5.318953597025283,8.02531454704844,nan,nan,nan,0.9926470588235294,nan
RAP-MUSIC,0,15,deep_only,case_weighted_within_scenario,30,1,1.0,1.0,nan,1.0,0.003968845952465969,nan,nan,0.0,0.0,1.0,0.0,2.533333333333333,1.5333333333333334,1.0,nan,nan,0.0,0.0,1.0,nan,nan
RAP-MUSIC,0,15,deep_plus_surface,case_weighted_within_scenario,136,1,0.5694593386887565,0.5300521147071786,0.5254571856608734,0.6132352941176471,1.6111038274846299,6.593543416097653,8.213084690384063,1.004180487707302,1.004180487707302,0.14842728281239884,1.004180487707302,2.2279411764705883,1.9779411764705883,0.25,6.593543416097653,8.213084690384063,177.3896950115762,177.3896950115762,0.2426470588235294,nan,nan
RAP-MUSIC,0,15,deep_plus_two_surface,case_weighted_within_scenario,67,1,0.5266039375437274,0.5214791356281951,0.5209982042444993,0.5373134328358209,1.6941395618897863,4.5469087603274,7.704136267635225,0.0,0.0,0.04621018003381397,0.0,2.388059701492537,2.3134328358208953,0.07462686567164178,4.5469087603274,41.48398337041763,216.5642527625253,216.5642527625253,0.07462686567164178,nan,nan
RAP-MUSIC,0,15,surface_only,case_weighted_within_scenario,136,1,0.5295274059499263,0.5300427412494965,0.5300424665849519,nan,1.6200388708650948,5.148331473102629,8.474377747673522,nan,nan,0.0,nan,1.875,1.875,0.0,5.148331473102629,8.474377747673522,nan,nan,nan,1.0,nan
RAP-MUSIC,0,20,deep_only,case_weighted_within_scenario,30,1,1.0,1.0,nan,1.0,0.0010349370863500787,nan,nan,0.0,0.0,1.0,0.0,2.7333333333333334,1.7333333333333334,1.0,nan,nan,0.0,0.0,1.0,nan,nan
RAP-MUSIC,0,20,deep_plus_surface,case_weighted_within_scenario,136,1,0.5669587732543484,0.5324118250755083,0.527848354064631,0.6061274509803922,1.6012071434512212,7.542128812561344,9.793809326305066,0.6451612770404158,0.6451612770404158,0.1379202678145884,0.6451612770404158,2.1470588235294117,1.9191176470588236,0.22794117647058823,7.542128812561344,9.793809326305066,180.83129959189245,180.83129959189245,0.22794117647058823,nan,nan
RAP-MUSIC,0,20,deep_plus_two_surface,case_weighted_within_scenario,67,1,0.5303046303591472,0.5231429323535512,0.5225796455445062,0.5447761194029851,1.6873492737821831,4.064172912657321,7.7593633620206,0.0,0.0,0.05737470785299705,0.0,2.283582089552239,2.1940298507462686,0.08955223880597014,4.064172912657321,55.0396093160444,213.0712809437749,213.0712809437749,0.08955223880597014,nan,nan
RAP-MUSIC,0,20,surface_only,case_weighted_within_scenario,136,1,0.5277640656292114,0.5282984925629242,0.5282991881087707,nan,1.656340011041495,5.686230025090524,8.908311426554004,nan,nan,0.00551434312692977,nan,1.8823529411764706,1.8676470588235294,0.014705882352941176,5.686230025090524,8.908311426554004,nan,nan,nan,0.9926470588235294,nan
RAP-MUSIC,5,-10,deep_only,case_weighted_within_scenario,30,1,1.0,1.0,nan,1.0,0.11267628490993108,nan,nan,0.0,0.0,1.0,0.0,1.2666666666666666,0.26666666666666666,1.0,nan,nan,0.0,0.0,1.0,nan,nan
RAP-MUSIC,5,-10,deep_plus_surface,case_weighted_within_scenario,136,1,0.530423450467459,0.5247341643028962,0.5243341224236071,0.5355392156862746,1.6948764435854955,6.213172003982127,10.120145358852174,4.575802290923116,4.575802290923116,0.07819304702357525,4.575802290923116,1.6102941176470589,1.5,0.11029411764705882,6.213172003982127,10.120145358852174,211.87927028278614,211.87927028278614,0.09558823529411764,nan,nan
RAP-MUSIC,5,-10,deep_plus_two_surface,case_weighted_within_scenario,67,1,0.513281030873793,0.5184077140359266,0.5189821478074066,0.49950248756218907,1.7623089148831124,6.026313556087526,9.745760588012308,20.000000377798674,20.000000377798674,0.014864259165303515,20.000000377798674,2.2238805970149254,2.208955223880597,0.014925373134328358,6.026313556087526,46.56840034847373,234.02911185627735,234.02911185627735,0.0,nan,nan
RAP-MUSIC,5,-10,surface_only,case_weighted_within_scenario,136,1,0.524255797928969,0.5244981680694807,0.5244980359221292,nan,1.6362789478455844,3.679676130160207,8.612933657450409,nan,nan,0.0,nan,1.411764705882353,1.411764705882353,0.0,3.679676130160207,8.612933657450409,nan,nan,nan,1.0,nan
RAP-MUSIC,5,-5,deep_only,case_weighted_within_scenario,30,1,1.0,1.0,nan,1.0,0.08683041946871342,nan,nan,0.0,0.0,1.0,0.0,1.1333333333333333,0.13333333333333333,1.0,nan,nan,0.0,0.0,1.0,nan,nan
RAP-MUSIC,5,-5,deep_plus_surface,case_weighted_within_scenario,136,1,0.5476961475405975,0.5279374914419325,0.5258537939846014,0.5678921568627451,1.6309247042153445,4.483835034628001,8.544160766000248,3.4232003273516454,3.4232003273516454,0.13819952073645675,3.4232003273516454,1.6985294117647058,1.5,0.19852941176470587,4.483835034628001,8.544160766000248,193.0975038933574,193.0975038933574,0.17647058823529413,nan,nan
RAP-MUSIC,5,-5,deep_plus_two_surface,case_weighted_within_scenario,67,1,0.5173556067910239,0.5203405764480747,0.5207706340605123,0.5074626865671642,1.7280615173626035,4.781327616598873,9.071289279516028,0.0,0.0,0.014925373134328358,0.0,2.3582089552238807,2.343283582089552,0.014925373134328358,4.781327616598873,39.28950425251382,230.53614003752693,230.53614003752693,0.014925373134328358,nan,nan
RAP-MUSIC,5,-5,surface_only,case_weighted_within_scenario,136,1,0.5283352730016451,0.5286101462170031,0.5286099937717471,nan,1.6178263759638891,3.7042651641062654,8.067680263736701,nan,nan,0.0,nan,1.536764705882353,1.536764705882353,0.0,3.7042651641062654,8.067680263736701,nan,nan,nan,1.0,nan
RAP-MUSIC,5,0,deep_only,case_weighted_within_scenario,30,1,1.0,1.0,nan,1.0,0.0645015646467289,nan,nan,0.0,0.0,1.0,0.0,1.4,0.4,1.0,nan,nan,0.0,0.0,1.0,nan,nan
RAP-MUSIC,5,0,deep_plus_surface,case_weighted_within_scenario,136,1,0.5576298373492032,0.530344467355117,0.5274722694629874,0.5862745098039215,1.6209026431378661,4.731544065313008,8.589805960433353,2.9419417430782264,2.9419417430782264,0.15890522034847834,2.9419417430782264,1.875,1.6397058823529411,0.23529411764705882,4.731544065313008,8.589805960433353,182.84621953705147,182.84621953705147,0.22058823529411764,nan,nan
RAP-MUSIC,5,0,deep_plus_two_surface,case_weighted_within_scenario,67,1,0.5279190730960461,0.523175915820404,0.522643374463682,0.5373134328358209,1.6621213587993988,4.366588916591343,7.926958568870332,0.0,0.0,0.05563484156814459,0.0,2.4477611940298507,2.373134328358209,0.07462686567164178,4.366588916591343,38.29888960747725,216.5642527625253,216.5642527625253,0.07462686567164178,nan,nan
RAP-MUSIC,5,0,surface_only,case_weighted_within_scenario,136,1,0.5287194522533789,0.5290889843030012,0.5290887928668715,nan,1.6050384294394953,3.999214177634524,7.969072626144066,nan,nan,0.0,nan,1.6691176470588236,1.6691176470588236,0.0,3.999214177634524,7.969072626144066,nan,nan,nan,1.0,nan
RAP-MUSIC,5,5,deep_only,case_weighted_within_scenario,30,1,1.0,1.0,nan,1.0,0.029374407696136046,nan,nan,0.0,0.0,1.0,0.0,1.6,0.6,1.0,nan,nan,0.0,0.0,1.0,nan,nan
RAP-MUSIC,5,5,deep_plus_surface,case_weighted_within_scenario,136,1,0.5800629999089295,0.5336359395090805,0.528409755978421,0.6311274509803922,1.5767058958779163,5.936951488020522,8.360531770310889,1.421567592941114,1.421567592941114,0.17584412531564228,1.421567592941114,2.1176470588235294,1.8161764705882353,0.3014705882352941,5.936951488020522,8.360531770310889,167.1384106632037,167.1384106632037,0.2867647058823529,nan,nan
RAP-MUSIC,5,5,deep_plus_two_surface,case_weighted_within_scenario,67,1,0.52776280424898,0.5227209751333741,0.52235516857307,0.53681592039801,1.6717424190265913,3.828645075830788,7.59931434830876,2.357022521183634,2.357022521183634,0.06369599486980142,2.357022521183634,2.5074626865671643,2.417910447761194,0.08955223880597014,3.828645075830788,27.87660964752983,216.5642527625253,216.5642527625253,0.07462686567164178,nan,nan
RAP-MUSIC,5,5,surface_only,case_weighted_within_scenario,136,1,0.5292917675062704,0.5297679806649387,0.5297677248468486,nan,1.6067031791272492,4.574544364864081,8.03680422191594,nan,nan,0.0,nan,1.8602941176470589,1.8602941176470589,0.0,4.574544364864081,8.03680422191594,nan,nan,nan,1.0,nan
RAP-MUSIC,5,10,deep_only,case_weighted_within_scenario,30,1,1.0,1.0,nan,1.0,0.013331234793535129,nan,nan,0.0,0.0,1.0,0.0,2.6666666666666665,1.6666666666666667,1.0,nan,nan,0.0,0.0,1.0,nan,nan
RAP-MUSIC,5,10,deep_plus_surface,case_weighted_within_scenario,136,1,0.5817432234685763,0.5337822776760839,0.5279931264626951,0.6350490196078432,1.564728922855275,5.698045715200983,8.81394430917306,1.647493395933166,1.2770897339466925,0.16961202908104,1.2770897339466925,2.1691176470588234,1.8602941176470589,0.3088235294117647,5.698045715200983,8.81394430917306,165.52927417155644,165.41760836169288,0.29411764705882354,nan,nan
RAP-MUSIC,5,10,deep_plus_two_surface,case_weighted_within_scenario,67,1,0.5270064697292414,0.5221420806858337,0.521743445237885,0.5373134328358209,1.6646802352992913,3.9051140787564886,7.999018459966984,0.0,0.0,0.0634416573725153,0.0,2.4776119402985075,2.4029850746268657,0.07462686567164178,3.9051140787564886,38.361269811710166,216.5642527625253,216.5642527625253,0.07462686567164178,nan,nan
RAP-MUSIC,5,10,surface_only,case_weighted_within_scenario,136,1,0.5299160423124413,0.5304819916349716,0.5304817127811348,nan,1.6044210076413876,4.686922639557637,8.106901171648738,nan,nan,0.0,nan,1.8970588235294117,1.8970588235294117,0.0,4.686922639557637,8.106901171648738,nan,nan,nan,1.0,nan
RAP-MUSIC,5,15,deep_only,case_weighted_within_scenario,30,1,1.0,1.0,nan,1.0,0.0033804923796739795,nan,nan,0.0,0.0,1.0,0.0,2.7,1.7,1.0,nan,nan,0.0,0.0,1.0,nan,nan
RAP-MUSIC,5,15,deep_plus_surface,case_weighted_within_scenario,136,1,0.5713027019696315,0.5306492840605602,0.5255223815908857,0.6169117647058824,1.600417493859167,5.713670762913405,8.901059727072774,1.3942052164896979,0.9754895407373977,0.15611554845385983,0.9754895407373977,2.0588235294117645,1.7941176470588236,0.2647058823529412,5.713670762913405,8.901059727072774,175.77665041757592,175.6688927069044,0.25,nan,nan
RAP-MUSIC,5,15,deep_plus_two_surface,case_weighted_within_scenario,67,1,0.5256829838844209,0.5235146381637289,0.5233501187229763,0.5298507462686567,1.6796153918827244,3.478952159221488,7.612325881052064,0.0,0.0,0.038194589159006316,0.0,2.462686567164179,2.4029850746268657,0.05970149253731343,3.478952159221488,41.40587602660808,220.05722458127573,220.05722458127573,0.05970149253731343,nan,nan
RAP-MUSIC,5,15,surface_only,case_weighted_within_scenario,136,1,0.5279131699792465,0.528552549703035,0.5285522649939506,nan,1.6289446795103666,5.434645069638318,8.733203733844267,nan,nan,0.0,nan,1.9191176470588236,1.9191176470588236,0.0,5.434645069638318,8.733203733844267,nan,nan,nan,1.0,nan
RAP-MUSIC,5,20,deep_only,case_weighted_within_scenario,30,1,1.0,1.0,nan,1.0,0.001165038489739523,nan,nan,0.0,0.0,1.0,0.0,2.5,1.5,1.0,nan,nan,0.0,0.0,1.0,nan,nan
RAP-MUSIC,5,20,deep_plus_surface,case_weighted_within_scenario,136,1,0.5735366481877454,0.5318268288169082,0.5265040224196957,0.621078431372549,1.5973840595053732,6.243095940923332,8.90714038265301,0.2941176293927516,0.2941176293927516,0.15240451884180017,0.2941176293927516,2.1838235294117645,1.9338235294117647,0.25,6.243095940923332,8.90714038265301,175.5953632995562,175.5953632995562,0.25,nan,nan
RAP-MUSIC,5,20,deep_plus_two_surface,case_weighted_within_scenario,67,1,0.5248622879435428,0.5229521927907924,0.5228126058202769,0.5298507462686567,1.6898606286965052,4.125185616678798,7.801311305371818,0.0,0.0,0.04258196748751156,0.0,2.3134328358208953,2.253731343283582,0.05970149253731343,4.125185616678798,51.69625768092065,220.05722458127573,220.05722458127573,0.05970149253731343,nan,nan
RAP-MUSIC,5,20,surface_only,case_weighted_within_scenario,136,1,0.5296855193974788,0.5301663798395791,0.5301661026652906,nan,1.61970264655987,5.332958052482004,8.456938908017667,nan,nan,0.0,nan,1.9264705882352942,1.9264705882352942,0.0,5.332958052482004,8.456938908017667,nan,nan,nan,1.0,nan
RAP-MUSIC,10,-10,deep_only,case_weighted_within_scenario,30,1,1.0,1.0,nan,1.0,0.03635129642406594,nan,nan,0.0,0.0,1.0,0.0,1.0666666666666667,0.06666666666666667,1.0,nan,nan,0.0,0.0,1.0,nan,nan
RAP-MUSIC,10,-10,deep_plus_surface,case_weighted_within_scenario,136,1,0.5804030649933317,0.5315815833914287,0.5250905744689612,0.6335784313725491,1.5799434558599894,6.167439650892118,9.657698463210913,2.9648450026955087,2.9648450026955087,0.19578006272111872,2.9648450026955087,1.963235294117647,1.6176470588235294,0.34558823529411764,6.167439650892118,9.657698463210913,165.4176083812373,165.4176083812373,0.29411764705882354,nan,nan
RAP-MUSIC,10,-10,deep_plus_two_surface,case_weighted_within_scenario,67,1,0.5370427157433938,0.5219189574964808,0.5206942233317733,0.5661691542288558,1.661201753781179,5.682649067608557,9.967227462716194,1.8181819179179077,1.8181819179179077,0.10803861441905246,1.8181819179179077,2.5522388059701493,2.388059701492537,0.16417910447761194,5.682649067608557,40.065092530508004,195.90492932908404,195.90492932908404,0.16417910447761194,nan,nan
RAP-MUSIC,10,-10,surface_only,case_weighted_within_scenario,136,1,0.5242344959714134,0.5245813342046342,0.5245811376736457,nan,1.652838369845379,4.750246033367586,8.621234592237139,nan,nan,0.0,nan,1.6102941176470589,1.6102941176470589,0.0,4.750246033367586,8.621234592237139,nan,nan,nan,1.0,nan
RAP-MUSIC,10,-5,deep_only,case_weighted_within_scenario,30,1,1.0,1.0,nan,1.0,0.03405368240390481,nan,nan,0.0,0.0,1.0,0.0,1.1333333333333333,0.13333333333333333,1.0,nan,nan,0.0,0.0,1.0,nan,nan
RAP-MUSIC,10,-5,deep_plus_surface,case_weighted_within_scenario,136,1,0.6010307216819837,0.5374054031221758,0.5296270611331406,0.6715686274509804,1.5257173547131286,5.9418149082662595,8.630104128244833,1.3995994307085995,1.3995994307085995,0.22434800351117057,1.3995994307085995,2.0661764705882355,1.6838235294117647,0.38235294117647056,5.9418149082662595,8.630104128244833,149.85685832789136,149.85685832789136,0.3602941176470588,nan,nan
RAP-MUSIC,10,-5,deep_plus_two_surface,case_weighted_within_scenario,67,1,0.5383162777156644,0.5236594407522079,0.5224247768039494,0.5656716417910449,1.642861886385439,5.77879591968218,9.501721789186027,3.535534031374304,3.535534031374304,0.11785432681694911,3.535534031374304,2.611940298507463,2.4328358208955225,0.1791044776119403,5.77879591968218,32.95980731858363,202.5923654875237,202.5923654875237,0.13432835820895522,nan,nan
RAP-MUSIC,10,-5,surface_only,case_weighted_within_scenario,136,1,0.5271093140112926,0.5274842006866107,0.5274839942556194,nan,1.6333721770349587,4.343371210027084,8.56230577558491,nan,nan,0.0,nan,1.6691176470588236,1.6691176470588236,0.0,4.343371210027084,8.56230577558491,nan,nan,nan,1.0,nan
RAP-MUSIC,10,0,deep_only,case_weighted_within_scenario,30,1,1.0,1.0,nan,1.0,0.027249811704771358,nan,nan,0.0,0.0,1.0,0.0,1.2333333333333334,0.23333333333333334,1.0,nan,nan,0.0,0.0,1.0,nan,nan
RAP-MUSIC,10,0,deep_plus_surface,case_weighted_within_scenario,136,1,0.6048533434175857,0.5386903945493863,0.5299632484153138,0.6774509803921568,1.5150664197701427,5.733553602303771,8.494870570912322,2.757462680620817,2.757462680620817,0.2532069884636776,2.757462680620817,2.176470588235294,1.7352941176470589,0.4411764705882353,5.733553602303771,8.494870570912322,143.1207079735053,143.1207079735053,0.3897058823529412,nan,nan
RAP-MUSIC,10,0,deep_plus_two_surface,case_weighted_within_scenario,67,1,0.538806600016958,0.5247874212982433,0.5234226819914598,0.5661691542288558,1.6378864537626039,4.556263452242372,8.376707579712143,4.922012435211038,4.922012435211038,0.09916273158470225,4.922012435211038,2.5671641791044775,2.4029850746268657,0.16417910447761194,4.556263452242372,31.952331907114484,202.5923654875237,202.5923654875237,0.13432835820895522,nan,nan
RAP-MUSIC,10,0,surface_only,case_weighted_within_scenario,136,1,0.5290726076483603,0.5295146583540273,0.529514888186736,nan,1.6083256947768312,4.641355766462572,8.711467868061193,nan,nan,0.000741870220096132,nan,1.7426470588235294,1.7352941176470589,0.007352941176470588,4.641355766462572,8.711467868061193,nan,nan,nan,1.0,nan
RAP-MUSIC,10,5,deep_only,case_weighted_within_scenario,30,1,1.0,1.0,nan,1.0,0.019585182878872853,nan,nan,0.0,0.0,1.0,0.0,1.7333333333333334,0.7333333333333333,1.0,nan,nan,0.0,0.0,1.0,nan,nan
RAP-MUSIC,10,5,deep_plus_surface,case_weighted_within_scenario,136,1,0.6115292033044494,0.5379599857172608,0.5286125523802034,0.6931372549019608,1.512750478412718,5.076611392354082,8.150707965108518,1.3737734374666835,1.3737734374666835,0.2425287558659333,1.3737734374666835,2.2058823529411766,1.7647058823529411,0.4411764705882353,5.076611392354082,8.150707965108518,136.23749879545636,136.23749879545636,0.41911764705882354,nan,nan
RAP-MUSIC,10,5,deep_plus_two_surface,case_weighted_within_scenario,67,1,0.5481944364993241,0.5249595864537963,0.522817772073317,0.5970149253731343,1.5929500480901126,4.091642602280349,8.216706541341988,0.0,0.0,0.1372480089197075,0.0,2.5522388059701493,2.3582089552238807,0.19402985074626866,4.091642602280349,21.698044172084405,188.62047821252204,188.62047821252204,0.19402985074626866,nan,nan
RAP-MUSIC,10,5,surface_only,case_weighted_within_scenario,136,1,0.5289476866785275,0.5294921698365348,0.529492363349759,nan,1.6039025690868634,4.377054368492862,8.246289115071997,nan,nan,0.0006489387912169791,nan,1.7720588235294117,1.7647058823529411,0.007352941176470588,4.377054368492862,8.246289115071997,nan,nan,nan,1.0,nan
RAP-MUSIC,10,10,deep_only,case_weighted_within_scenario,30,1,1.0,1.0,nan,1.0,0.011426907168048605,nan,nan,0.0,0.0,1.0,0.0,2.7666666666666666,1.7666666666666666,1.0,nan,nan,0.0,0.0,1.0,nan,nan
RAP-MUSIC,10,10,deep_plus_surface,case_weighted_within_scenario,136,1,0.5999164374067029,0.53559057022374,0.5276009315592297,0.6718137254901961,1.5235882689230829,5.102688369506861,8.374761734566649,0.8655320437212692,0.8655320437212692,0.22072787897431145,0.8655320437212692,2.1838235294117645,1.8088235294117647,0.375,5.102688369506861,8.374761734566649,148.20958542527873,148.20958542527873,0.36764705882352944,nan,nan
RAP-MUSIC,10,10,deep_plus_two_surface,case_weighted_within_scenario,67,1,0.5482133020235653,0.5254105536544468,0.5233513110535499,0.5965174129353235,1.5975722298632027,3.938071031902064,7.942130168526452,0.7142856713823967,0.7142856713823967,0.12827128917958397,0.7142856713823967,2.5671641791044775,2.3582089552238807,0.208955223880597,3.938071031902064,31.563158106052672,185.2767601161501,185.2767601161501,0.208955223880597,nan,nan
RAP-MUSIC,10,10,surface_only,case_weighted_within_scenario,136,1,0.5306293177698256,0.5311853542517682,0.5311860607187011,nan,1.5966526325532404,4.413002186408672,8.22011419647813,nan,nan,0.004583456062624328,nan,1.875,1.8602941176470589,0.014705882352941176,4.413002186408672,8.22011419647813,nan,nan,nan,0.9852941176470589,nan
RAP-MUSIC,10,15,deep_only,case_weighted_within_scenario,30,1,1.0,1.0,nan,1.0,0.003373320031763093,nan,nan,0.0,0.0,1.0,0.0,2.566666666666667,1.5666666666666667,1.0,nan,nan,0.0,0.0,1.0,nan,nan
RAP-MUSIC,10,15,deep_plus_surface,case_weighted_within_scenario,136,1,0.5819221029582209,0.5341577144804674,0.5282861977111267,0.6355392156862746,1.5683889159681503,5.5294412725536,8.780723941008812,0.6190291136173752,0.6190291136173752,0.1554545024181116,0.6190291136173752,2.1911764705882355,1.9044117647058822,0.2867647058823529,5.5294412725536,8.780723941008812,168.71215412731274,168.71215412731274,0.27941176470588236,nan,nan
RAP-MUSIC,10,15,deep_plus_two_surface,case_weighted_within_scenario,67,1,0.5305157645056507,0.5232865082207065,0.522659285067479,0.5447761194029851,1.6626686948381135,3.5410611019317413,7.658698715605412,0.0,0.0,0.05414130194652115,0.0,2.4776119402985075,2.388059701492537,0.08955223880597014,3.5410611019317413,41.44532754257137,213.0712809437749,213.0712809437749,0.08955223880597014,nan,nan
RAP-MUSIC,10,15,surface_only,case_weighted_within_scenario,136,1,0.5308928980234146,0.5314749751450896,0.5314751906142368,nan,1.607168306427366,4.827133409901855,8.226569162098404,nan,nan,0.0014630679045170361,nan,1.875,1.8676470588235294,0.007352941176470588,4.827133409901855,8.226569162098404,nan,nan,nan,0.9926470588235294,nan
RAP-MUSIC,10,20,deep_only,case_weighted_within_scenario,30,1,1.0,1.0,nan,1.0,0.0011353626897475635,nan,nan,0.0,0.0,1.0,0.0,2.6,1.6,1.0,nan,nan,0.0,0.0,1.0,nan,nan
RAP-MUSIC,10,20,deep_plus_surface,case_weighted_within_scenario,136,1,0.5686534519843995,0.532197987566794,0.5276566664081542,0.6093137254901961,1.6035080048115185,6.031515172600917,9.12057305364629,1.2982980706561842,1.2982980706561842,0.13837792836830543,1.2982980706561842,2.0808823529411766,1.8308823529411764,0.25,6.031515172600917,9.12057305364629,177.46322440731342,177.46322440731342,0.2426470588235294,nan,nan
RAP-MUSIC,10,20,deep_plus_two_surface,case_weighted_within_scenario,67,1,0.5347144047832396,0.5230295923599103,0.5219346126177509,0.5597014925373134,1.645286289498506,3.6289068895008945,7.447405941995833,0.0,0.0,0.07332733439317667,0.0,2.3582089552238807,2.2388059701492535,0.11940298507462686,3.6289068895008945,54.79283702856211,206.0853373062741,206.0853373062741,0.11940298507462686,nan,nan
RAP-MUSIC,10,20,surface_only,case_weighted_within_scenario,136,1,0.5279226802294197,0.5284846309153947,0.5284843472739152,nan,1.6179102887377275,4.8676945497950825,8.361405259517689,nan,nan,0.0,nan,1.838235294117647,1.838235294117647,0.0,4.8676945497950825,8.361405259517689,nan,nan,nan,1.0,nan
RAP-MUSIC,15,-10,deep_only,case_weighted_within_scenario,30,1,1.0,1.0,nan,1.0,0.010784227483137242,nan,nan,0.0,0.0,1.0,0.0,1.0,0.0,1.0,nan,nan,0.0,0.0,1.0,nan,nan
RAP-MUSIC,15,-10,deep_plus_surface,case_weighted_within_scenario,136,1,0.6205655144235508,0.5354886129347133,0.5246172139881613,0.714950980392157,1.5188882391482534,6.143105979579404,10.08750999624231,1.581455875885378,1.581455875885378,0.27277511001200777,1.581455875885378,2.213235294117647,1.7205882352941178,0.49264705882352944,6.143105979579404,10.08750999624231,124.26541216563398,124.26541216563398,0.47058823529411764,nan,nan
RAP-MUSIC,15,-10,deep_plus_two_surface,case_weighted_within_scenario,67,1,0.5626540848790658,0.5217940591631809,0.5180122015932143,0.6487562189054726,1.621447316357193,6.395156065357092,10.335850572173126,0.47619050231183296,0.47619050231183296,0.18406516925803354,0.47619050231183296,2.611940298507463,2.298507462686567,0.31343283582089554,6.395156065357092,40.384199102873694,160.8259574020494,160.8259574020494,0.31343283582089554,nan,nan
RAP-MUSIC,15,-10,surface_only,case_weighted_within_scenario,136,1,0.5258494515451735,0.5263561486658095,0.5263558700155713,nan,1.6572265554979373,5.063695611389782,9.112568164814133,nan,nan,0.0,nan,1.7205882352941178,1.7205882352941178,0.0,5.063695611389782,9.112568164814133,nan,nan,nan,1.0,nan
RAP-MUSIC,15,-5,deep_only,case_weighted_within_scenario,30,1,1.0,1.0,nan,1.0,0.01087526833525945,nan,nan,0.0,0.0,1.0,0.0,1.0666666666666667,0.06666666666666667,1.0,nan,nan,0.0,0.0,1.0,nan,nan
RAP-MUSIC,15,-5,deep_plus_surface,case_weighted_within_scenario,136,1,0.6191593681514247,0.5363092580300828,0.5255527569948015,0.7110294117647059,1.515897923147626,6.061291605327518,9.219596791078775,2.3495550143824953,2.3495550143824953,0.27636835128967846,2.3495550143824953,2.301470588235294,1.8088235294117647,0.49264705882352944,6.061291605327518,9.219596791078775,130.92803309312742,130.92803309312742,0.4411764705882353,nan,nan
RAP-MUSIC,15,-5,deep_plus_two_surface,case_weighted_within_scenario,67,1,0.5639205955201817,0.5237281667347189,0.5201000191534325,0.6487562189054726,1.5840863329536043,5.219644411484241,9.105492630112213,0.47619048518568247,0.47619048518568247,0.19383559369679437,0.47619048518568247,2.582089552238806,2.2686567164179103,0.31343283582089554,5.219644411484241,29.247906292156852,160.82595739668147,160.82595739668147,0.31343283582089554,nan,nan
RAP-MUSIC,15,-5,surface_only,case_weighted_within_scenario,136,1,0.5254990569143265,0.525993248046617,0.5259929771632421,nan,1.6452448785782974,4.631067388602705,8.636044152135419,nan,nan,0.0,nan,1.7573529411764706,1.7573529411764706,0.0,4.631067388602705,8.636044152135419,nan,nan,nan,1.0,nan
RAP-MUSIC,15,0,deep_only,case_weighted_within_scenario,30,1,1.0,1.0,nan,1.0,0.01139563088515382,nan,nan,0.0,0.0,1.0,0.0,1.2666666666666666,0.26666666666666666,1.0,nan,nan,0.0,0.0,1.0,nan,nan
RAP-MUSIC,15,0,deep_plus_surface,case_weighted_within_scenario,136,1,0.6328645883447908,0.5392023692326637,0.527156447691574,0.7375,1.4702409136832841,5.204584141154371,8.78742931064868,1.3856894250748255,1.3856894250748255,0.28871270379925823,1.3856894250748255,2.286764705882353,1.7647058823529411,0.5220588235294118,5.204584141154371,8.78742931064868,123.89776510038213,123.89776510038213,0.47058823529411764,nan,nan
RAP-MUSIC,15,0,deep_plus_two_surface,case_weighted_within_scenario,67,1,0.560023857552225,0.5250599698692833,0.521821024660444,0.6338308457711443,1.5787585845159933,5.308531949980477,9.0829307808897,1.2892051475153565,1.2892051475153565,0.1834228099973662,1.2892051475153565,2.611940298507463,2.328358208955224,0.2835820895522388,5.308531949980477,35.94217628242853,171.15561911877003,171.15561911877003,0.26865671641791045,nan,nan
RAP-MUSIC,15,0,surface_only,case_weighted_within_scenario,136,1,0.5298157855052585,0.5303097620703016,0.5303099546834273,nan,1.6135199492672303,4.601652378532159,8.578674444569204,nan,nan,0.0006102751912120693,nan,1.7720588235294117,1.7647058823529411,0.007352941176470588,4.601652378532159,8.578674444569204,nan,nan,nan,1.0,nan
RAP-MUSIC,15,5,deep_only,case_weighted_within_scenario,30,1,1.0,1.0,nan,1.0,0.010698212814901364,nan,nan,0.0,0.0,1.0,0.0,2.1666666666666665,1.1666666666666667,1.0,nan,nan,0.0,0.0,1.0,nan,nan
RAP-MUSIC,15,5,deep_plus_surface,case_weighted_within_scenario,136,1,0.6382586725304839,0.5429631713182524,0.5306710626654098,0.745343137254902,1.4358442347278697,5.1441109134178795,8.599765841034335,0.956342425287521,0.7384000993698652,0.29668197056310097,0.7384000993698652,2.301470588235294,1.7720588235294117,0.5294117647058824,5.1441109134178795,8.599765841034335,117.20186404975269,117.08808533548687,0.5,nan,nan
RAP-MUSIC,15,5,deep_plus_two_surface,case_weighted_within_scenario,67,1,0.5703512552893937,0.5263952406597542,0.5223898968778509,0.664179104477612,1.5365716081025482,4.365932262417868,8.384684901968557,0.0,0.0,0.20409617487983558,0.0,2.5970149253731343,2.2686567164179103,0.3283582089552239,4.365932262417868,42.06295758171614,157.18373184376838,157.18373184376838,0.3283582089552239,nan,nan
RAP-MUSIC,15,5,surface_only,case_weighted_within_scenario,136,1,0.5317208053298073,0.5321771382353679,0.5321773285188562,nan,1.592438002544605,4.463373799005243,8.144543668813185,nan,nan,0.000647921817142828,nan,1.7720588235294117,1.7647058823529411,0.007352941176470588,4.463373799005243,8.144543668813185,nan,nan,nan,1.0,nan
RAP-MUSIC,15,10,deep_only,case_weighted_within_scenario,30,1,1.0,1.0,nan,1.0,0.007079845852861473,nan,nan,0.0,0.0,1.0,0.0,2.8333333333333335,1.8333333333333333,1.0,nan,nan,0.0,0.0,1.0,nan,nan
RAP-MUSIC,15,10,deep_plus_surface,case_weighted_within_scenario,136,1,0.6274611910863769,0.5417135962914159,0.5310745908245188,0.7230392156862745,1.4510499978996507,4.7604180846853374,7.830029480566979,1.0076184347972228,1.0076184347972228,0.2667854054947798,1.0076184347972228,2.2794117647058822,1.7941176470588236,0.4852941176470588,4.7604180846853374,7.830029480566979,125.83915563819295,125.83915563819295,0.4632352941176471,nan,nan
RAP-MUSIC,15,10,deep_plus_two_surface,case_weighted_within_scenario,67,1,0.5669267338717549,0.5252350994339016,0.5214190891578743,0.6562189054726368,1.5469103783072302,3.991419417249164,7.943908630978283,1.0163945020418697,1.0163945020418697,0.20810561379720113,1.0163945020418697,2.611940298507463,2.283582089552239,0.3283582089552239,3.991419417249164,34.939156777282655,160.6767036625188,160.6767036625188,0.31343283582089554,nan,nan
RAP-MUSIC,15,10,surface_only,case_weighted_within_scenario,136,1,0.5308704273297619,0.5313691069297943,0.5313697814500328,nan,1.5995983953579918,4.2266674370374036,8.223607461058872,nan,nan,0.0040979909126935615,nan,1.7941176470588236,1.7794117647058822,0.014705882352941176,4.2266674370374036,8.223607461058872,nan,nan,nan,0.9926470588235294,nan
RAP-MUSIC,15,15,deep_only,case_weighted_within_scenario,30,1,1.0,1.0,nan,1.0,0.0024865233962953594,nan,nan,0.0,0.0,1.0,0.0,2.6666666666666665,1.6666666666666667,1.0,nan,nan,0.0,0.0,1.0,nan,nan
RAP-MUSIC,15,15,deep_plus_surface,case_weighted_within_scenario,136,1,0.5891020693133037,0.5345569267658583,0.528011892701497,0.6497549019607843,1.5518001793213538,5.008538435826718,8.388738993429676,1.07298381192499,1.07298381192499,0.17303335132812095,1.07298381192499,2.1323529411764706,1.8014705882352942,0.33088235294117646,5.008538435826718,8.388738993429676,160.1816720809676,160.1816720809676,0.3161764705882353,nan,nan
RAP-MUSIC,15,15,deep_plus_two_surface,case_weighted_within_scenario,67,1,0.5502459195462597,0.5248415120976332,0.5224277729354954,0.6044776119402985,1.5759534204256702,3.4068088602445146,7.543872939754873,0.0,0.0,0.14250945114100605,0.0,2.537313432835821,2.328358208955224,0.208955223880597,3.4068088602445146,31.2065098414811,185.12750639377163,185.12750639377163,0.208955223880597,nan,nan
RAP-MUSIC,15,15,surface_only,case_weighted_within_scenario,136,1,0.5307968948956534,0.5313655488019317,0.5313657636647358,nan,1.600945298426513,4.3938460366202134,8.207717550296097,nan,nan,0.001465552041740686,nan,1.8823529411764706,1.875,0.007352941176470588,4.3938460366202134,8.207717550296097,nan,nan,nan,0.9926470588235294,nan
RAP-MUSIC,15,20,deep_only,case_weighted_within_scenario,30,1,1.0,1.0,nan,1.0,0.0010825071884413575,nan,nan,0.0,0.0,1.0,0.0,2.533333333333333,1.5333333333333334,1.0,nan,nan,0.0,0.0,1.0,nan,nan
RAP-MUSIC,15,20,deep_plus_surface,case_weighted_within_scenario,136,1,0.5843596645724538,0.5355470842382649,0.5295442283346413,0.6384803921568628,1.5580269760016425,5.52921200286045,8.78982324474343,1.2591193867241466,1.2591193867241466,0.17184033871300125,1.2591193867241466,2.2205882352941178,1.9044117647058822,0.3161764705882353,5.52921200286045,8.78982324474343,162.04953317711383,162.04953317711383,0.3088235294117647,nan,nan
RAP-MUSIC,15,20,deep_plus_two_surface,case_weighted_within_scenario,67,1,0.5352377528689484,0.5234402426002076,0.5223333906874985,0.5597014925373134,1.632198251556899,3.499702447081447,7.627412676475051,0.0,0.0,0.08058431587533928,0.0,2.373134328358209,2.253731343283582,0.11940298507462686,3.499702447081447,54.935230415538214,206.0853373062741,206.0853373062741,0.11940298507462686,nan,nan
RAP-MUSIC,15,20,surface_only,case_weighted_within_scenario,136,1,0.5304985561569829,0.5310628950442636,0.5310631108499388,nan,1.6014500379359575,4.445274090233608,8.20185408752956,nan,nan,0.001153823411628731,nan,1.8970588235294117,1.8897058823529411,0.007352941176470588,4.445274090233608,8.20185408752956,nan,nan,nan,0.9926470588235294,nan
RAP-MUSIC,20,-10,deep_only,case_weighted_within_scenario,30,1,1.0,1.0,nan,1.0,0.006220720182102383,nan,nan,0.0,0.0,1.0,0.0,1.7333333333333334,0.7333333333333333,1.0,nan,nan,0.0,0.0,1.0,nan,nan
RAP-MUSIC,20,-10,deep_plus_surface,case_weighted_within_scenario,136,1,0.6303117458097004,0.5379784697241609,0.5257315311265764,0.7348039215686275,1.488317329247135,5.367668061606617,9.182315622952489,0.5226499627314829,0.5226499627314829,0.268749382404807,0.5226499627314829,2.235294117647059,1.75,0.4852941176470588,5.367668061606617,9.182315622952489,122.25049221466944,122.25049221466944,0.47794117647058826,nan,nan
RAP-MUSIC,20,-10,deep_plus_two_surface,case_weighted_within_scenario,67,1,0.5641528077069023,0.5206375341951862,0.5167126655366238,0.6562189054726368,1.6090821651173088,6.575696209944073,10.413626732387915,1.363636389395364,1.363636389395364,0.20633753299344956,1.363636389395364,2.5970149253731343,2.2686567164179103,0.3283582089552239,6.575696209944073,37.113983165091135,160.6767036625188,160.6767036625188,0.31343283582089554,nan,nan
RAP-MUSIC,20,-10,surface_only,case_weighted_within_scenario,136,1,0.5255973162796126,0.5261066945299718,0.5261068597846074,nan,1.6589697104600372,5.083451872725876,9.018884663223034,nan,nan,0.0006402942508070855,nan,1.7352941176470589,1.7279411764705883,0.007352941176470588,5.083451872725876,9.018884663223034,nan,nan,nan,1.0,nan
RAP-MUSIC,20,-5,deep_only,case_weighted_within_scenario,30,1,1.0,1.0,nan,1.0,0.004650857640193673,nan,nan,0.0,0.0,1.0,0.0,2.1,1.1,1.0,nan,nan,0.0,0.0,1.0,nan,nan
RAP-MUSIC,20,-5,deep_plus_surface,case_weighted_within_scenario,136,1,0.6301311027361514,0.5372011916763754,0.5254391974964396,0.7345588235294118,1.4887306745931788,6.097728796115134,10.073173195153894,0.5570225297824466,0.5570225297824466,0.27789678301146675,0.5570225297824466,2.2794117647058822,1.786764705882353,0.49264705882352944,6.097728796115134,10.073173195153894,122.32402163891754,122.32402163891754,0.47794117647058826,nan,nan
RAP-MUSIC,20,-5,deep_plus_two_surface,case_weighted_within_scenario,67,1,0.5615976810594805,0.5206238584942066,0.5168987824463415,0.6487562189054726,1.614989259058595,6.778118659813717,10.463808257395497,1.0647942659228649,1.0647942659228649,0.20752033092101013,1.0647942659228649,2.671641791044776,2.3582089552238807,0.31343283582089554,6.778118659813717,27.147786137909073,164.1696754812692,164.1696754812692,0.29850746268656714,nan,nan
RAP-MUSIC,20,-5,surface_only,case_weighted_within_scenario,136,1,0.5250824818404486,0.525691053709663,0.5256907494348175,nan,1.6577102198108775,4.9920892318708,9.183093041918513,nan,nan,0.0,nan,1.6911764705882353,1.6911764705882353,0.0,4.9920892318708,9.183093041918513,nan,nan,nan,1.0,nan
RAP-MUSIC,20,0,deep_only,case_weighted_within_scenario,30,1,1.0,1.0,nan,1.0,0.005025702029702505,nan,nan,0.0,0.0,1.0,0.0,2.6666666666666665,1.6666666666666667,1.0,nan,nan,0.0,0.0,1.0,nan,nan
RAP-MUSIC,20,0,deep_plus_surface,case_weighted_within_scenario,136,1,0.628276924885678,0.536903511578973,0.5254372670834141,0.7303921568627452,1.4673620960523923,4.832567657760228,8.895978902972606,1.2173407217191532,1.2173407217191532,0.2908594143167413,1.2173407217191532,2.1691176470588234,1.6691176470588236,0.5,4.832567657760228,8.895978902972606,123.9712945077303,123.9712945077303,0.47058823529411764,nan,nan
RAP-MUSIC,20,0,deep_plus_two_surface,case_weighted_within_scenario,67,1,0.5627845324488508,0.522267053315664,0.5185689070071184,0.6492537313432836,1.5853539346172856,5.673797607650226,9.569892864857994,0.0,0.0,0.1953397524697644,0.0,2.5671641791044775,2.2686567164179103,0.29850746268656714,5.673797607650226,39.7211312368397,164.16967548126922,164.16967548126922,0.29850746268656714,nan,nan
RAP-MUSIC,20,0,surface_only,case_weighted_within_scenario,136,1,0.5266232302458521,0.5271539173873291,0.5271536169186649,nan,1.6353279694875,4.545937388762836,8.666557344278779,nan,nan,0.0,nan,1.7426470588235294,1.7426470588235294,0.0,4.545937388762836,8.666557344278779,nan,nan,nan,1.0,nan
RAP-MUSIC,20,5,deep_only,case_weighted_within_scenario,30,1,1.0,1.0,nan,1.0,0.004120291455467847,nan,nan,0.0,0.0,1.0,0.0,2.8333333333333335,1.8333333333333333,1.0,nan,nan,0.0,0.0,1.0,nan,nan
RAP-MUSIC,20,5,deep_plus_surface,case_weighted_within_scenario,136,1,0.6361597613824697,0.5388665865513346,0.5264173556118098,0.7448529411764707,1.4650239850790134,5.2796866233314175,8.64891788295377,1.3705715537888765,1.2900833707399912,0.2978885545650593,1.2900833707399912,2.235294117647059,1.6911764705882353,0.5441176470588235,5.2796866233314175,8.64891788295377,117.20481797034726,117.16161475444602,0.5,nan,nan
RAP-MUSIC,20,5,deep_plus_two_surface,case_weighted_within_scenario,67,1,0.5629413556861034,0.5258304935883785,0.5224589297396487,0.6417910447761194,1.5615406813596047,4.798308893213813,8.693753227024075,0.0,0.0,0.1759512100747867,0.0,2.626865671641791,2.343283582089552,0.2835820895522388,4.798308893213813,32.2362533823192,167.66264730001961,167.66264730001961,0.2835820895522388,nan,nan
RAP-MUSIC,20,5,surface_only,case_weighted_within_scenario,136,1,0.5294299050347633,0.5299569106241601,0.5299570887349321,nan,1.6049813594107174,4.311518063360978,8.463685832609706,nan,nan,0.0007445238259239662,nan,1.7794117647058822,1.7720588235294117,0.007352941176470588,4.311518063360978,8.463685832609706,nan,nan,nan,1.0,nan
RAP-MUSIC,20,10,deep_only,case_weighted_within_scenario,30,1,1.0,1.0,nan,1.0,0.0029048303276181563,nan,nan,0.0,0.0,1.0,0.0,2.8,1.8,1.0,nan,nan,0.0,0.0,1.0,nan,nan
RAP-MUSIC,20,10,deep_plus_surface,case_weighted_within_scenario,136,1,0.6302687428276262,0.5411981951008341,0.5293077447321342,0.7311274509803922,1.4519443292408283,5.147410842613398,8.29182666335746,0.7363808555744527,0.4978566105057251,0.2722012327886782,0.4978566105057251,2.198529411764706,1.713235294117647,0.4852941176470588,5.147410842613398,8.29182666335746,125.80609735909609,125.69209680079118,0.4632352941176471,nan,nan
RAP-MUSIC,20,10,deep_plus_two_surface,case_weighted_within_scenario,67,1,0.5653680532199394,0.5259869651124718,0.5223970969564956,0.6492537313432836,1.5550006304554884,4.319452194846285,8.639844670163265,0.0,0.0,0.18427186780513308,0.0,2.582089552238806,2.283582089552239,0.29850746268656714,4.319452194846285,38.91601488919353,164.16967548126922,164.16967548126922,0.29850746268656714,nan,nan
RAP-MUSIC,20,10,surface_only,case_weighted_within_scenario,136,1,0.5301877543614301,0.5307506992843034,0.5307504150836618,nan,1.595061502640285,4.3024085878842815,8.309240412487684,nan,nan,0.0,nan,1.8088235294117647,1.8088235294117647,0.0,4.3024085878842815,8.309240412487684,nan,nan,nan,1.0,nan
RAP-MUSIC,20,15,deep_only,case_weighted_within_scenario,30,1,1.0,1.0,nan,1.0,0.0017198457564327925,nan,nan,0.0,0.0,1.0,0.0,2.9,1.9,1.0,nan,nan,0.0,0.0,1.0,nan,nan
RAP-MUSIC,20,15,deep_plus_surface,case_weighted_within_scenario,136,1,0.6096709867555032,0.5376617790186407,0.5286801256770959,0.6904411764705882,1.5007193759293476,5.269364499190141,8.313863533958317,0.8455057546207636,0.8455057546207636,0.22789999516066312,0.8455057546207636,2.198529411764706,1.7941176470588236,0.40441176470588236,5.269364499190141,8.313863533958317,144.62092203026614,144.62092203026614,0.38235294117647056,nan,nan
RAP-MUSIC,20,15,deep_plus_two_surface,case_weighted_within_scenario,67,1,0.5546596603064461,0.52442189818224,0.5217031721127073,0.618905472636816,1.579641836284646,4.067651697544862,7.976307646488507,1.7647059156881182,1.7647059156881182,0.16675471748090823,1.7647059156881182,2.611940298507463,2.3582089552238807,0.2537313432835821,4.067651697544862,31.59376480273511,178.14156275627084,178.14156275627084,0.23880597014925373,nan,nan
RAP-MUSIC,20,15,surface_only,case_weighted_within_scenario,136,1,0.5320172683665452,0.5325682178551996,0.5325689014193936,nan,1.5944670277478181,4.234545665230176,7.988900764895925,nan,nan,0.004080219313215054,nan,1.875,1.8602941176470589,0.014705882352941176,4.234545665230176,7.988900764895925,nan,nan,nan,0.9926470588235294,nan
RAP-MUSIC,20,20,deep_only,case_weighted_within_scenario,30,1,1.0,1.0,nan,1.0,0.0008653926165567988,nan,nan,0.0,0.0,1.0,0.0,2.7666666666666666,1.7666666666666666,1.0,nan,nan,0.0,0.0,1.0,nan,nan
RAP-MUSIC,20,20,deep_plus_surface,case_weighted_within_scenario,136,1,0.593485927261387,0.5365156706609762,0.5293760336174872,0.657107843137255,1.5290371930990452,4.6102419830691055,7.963580249442888,1.0273248927134675,1.0273248927134675,0.17298732821140395,1.0273248927134675,2.161764705882353,1.8161764705882353,0.34558823529411764,4.6102419830691055,7.963580249442888,158.46086977629577,158.46086977629577,0.3235294117647059,nan,nan
RAP-MUSIC,20,20,deep_plus_two_surface,case_weighted_within_scenario,67,1,0.5433939630755676,0.5250830324797893,0.5234051223312824,0.582089552238806,1.6142103978468456,3.652208074619015,7.48524395328794,0.0,0.0,0.09626373427015199,0.0,2.611940298507463,2.4477611940298507,0.16417910447761194,3.652208074619015,31.154006271510713,195.60642185002288,195.60642185002288,0.16417910447761194,nan,nan
RAP-MUSIC,20,20,surface_only,case_weighted_within_scenario,136,1,0.5321182840243164,0.5326880272490735,0.5326882488762434,nan,1.578064889972633,3.9665021067179262,7.619693977104608,nan,nan,0.0015837982374855436,nan,1.8676470588235294,1.8602941176470589,0.007352941176470588,3.9665021067179262,7.619693977104608,nan,nan,nan,0.9926470588235294,nan
dSPM,-10,-10,deep_only,case_weighted_within_scenario,30,1,0.6526666666666667,0.8585296597009628,nan,0.8666666666666668,1.984666287983027,nan,nan,23.08377636848055,10.580776722672903,0.7701384863500376,9.644923705170887,7514.0,7498.0,16.0,nan,nan,72.25050167081362,61.09493050105918,0.7666666666666667,nan,nan
dSPM,-10,-10,deep_plus_surface,case_weighted_within_scenario,136,1,0.6144989258239398,0.7986975442009756,0.8217493074513693,0.513235294117647,1.9508624306582605,72.93273458089462,25.799084264098223,24.01307295181038,23.06254344248464,0.5205535167149509,21.08952642827766,7254.683823529412,7238.683823529412,16.0,72.93273458089462,25.799084264098223,184.40900301472251,181.55240998922298,0.23529411764705882,nan,nan
dSPM,-10,-10,deep_plus_two_surface,case_weighted_within_scenario,67,1,0.7192538812049188,0.7159135920747242,0.7245095569016516,0.5044776119402986,1.9505168759149545,50.51358856382167,34.2828261040419,24.260689570774712,23.708689553349334,0.5358141608621713,24.758770607168525,7428.358208955224,7412.358208955224,16.0,50.51358856382167,34.2828261040419,196.28252085141912,193.9869862829933,0.1791044776119403,nan,nan
dSPM,-10,-10,surface_only,case_weighted_within_scenario,136,1,0.7353622031698428,0.8374092856278995,0.8373264235582767,nan,1.939026723248529,72.67917290514497,25.016286759632955,nan,nan,0.5138773906837384,nan,7209.25,7193.25,16.0,72.67917290514497,25.016286759632955,nan,nan,nan,0.0,nan
dSPM,-10,-5,deep_only,case_weighted_within_scenario,30,1,0.8676666666666666,0.9514219796796666,nan,0.9066666666666667,1.9798487055933154,nan,nan,22.416977104992572,6.986274390811506,0.8833627211236373,7.319607742429789,7514.0,7498.0,16.0,nan,nan,64.76050388462203,49.805822308322604,0.8,nan,nan
dSPM,-10,-5,deep_plus_surface,case_weighted_within_scenario,136,1,0.6460946618555612,0.8420123052398241,0.8646342904755021,0.5529411764705883,1.9334501930621755,69.51505394881147,15.170717595165717,23.989759899735347,21.696823338583954,0.4368152908672014,22.16243302465536,6370.808823529412,6354.808823529412,16.0,69.51505394881147,15.170717595165717,192.1026294553337,189.07583117007732,0.19852941176470587,nan,nan
dSPM,-10,-5,deep_plus_two_surface,case_weighted_within_scenario,67,1,0.7534006464026894,0.7716085108331701,0.7806876061396509,0.5522388059701492,1.9325108606722279,49.05115622794767,26.332746716680617,24.08188371390667,21.2480278209033,0.4502639774850121,22.227343569932504,6812.388059701492,6796.388059701492,16.0,49.05115622794767,26.332746716680617,186.70709969442748,183.77134418686506,0.22388059701492538,nan,nan
dSPM,-10,-5,surface_only,case_weighted_within_scenario,136,1,0.7888886479863523,0.8790090509547825,0.8789593928125098,nan,1.9180880136614704,68.58064687493699,14.963539851056526,nan,nan,0.41825677047670295,nan,6193.014705882353,6177.014705882353,16.0,68.58064687493699,14.963539851056526,nan,nan,nan,0.0,nan
dSPM,-10,0,deep_only,case_weighted_within_scenario,30,1,0.9933333333333334,0.9982829761746304,nan,0.9422222222222224,1.9718305942428025,nan,nan,21.106320063953774,5.633164874857465,0.9511135941918911,5.495093690271714,7514.0,7498.0,16.0,nan,nan,63.85132951948567,49.61056017959658,0.8,nan,nan
dSPM,-10,0,deep_plus_surface,case_weighted_within_scenario,136,1,0.6989340815596772,0.8965952534909576,0.9183325567568498,0.6107843137254902,1.9077673184032156,52.621549233546105,12.726033020107412,23.892355365843294,20.61680913078863,0.352333351891359,20.462098413239044,3941.573529411765,3925.573529411765,16.0,52.621549233546105,12.726033020107412,181.2666077314146,177.6320513377957,0.25,nan,nan
dSPM,-10,0,deep_plus_two_surface,case_weighted_within_scenario,67,1,0.794243843122043,0.819343212382061,0.8265764412322623,0.6527363184079602,1.9064932144609414,42.595259398001915,19.421062696578243,23.86839977045566,20.12537338643377,0.3572153866507449,19.299794794566722,4643.9701492537315,4627.9701492537315,16.0,42.595259398001915,22.624167907917034,171.15320863010197,167.0084178837401,0.29850746268656714,nan,nan
dSPM,-10,0,surface_only,case_weighted_within_scenario,136,1,0.8293353229747705,0.913675445125579,0.9136442811523476,nan,1.8864890575874314,51.09322676989227,12.8394453899432,nan,nan,0.33164127834385165,nan,3640.125,3624.1470588235293,15.977941176470589,51.09322676989227,12.8394453899432,nan,nan,nan,0.007352941176470588,nan
dSPM,-10,5,deep_only,case_weighted_within_scenario,30,1,0.9973333333333333,0.9989839833178047,nan,0.9466666666666668,1.9548492560670383,nan,nan,19.00541250325202,4.828427025341646,0.9400573292453751,5.161760338653432,6793.766666666666,6777.766666666666,16.0,nan,nan,62.05100727580516,48.80582233008076,0.8,nan,nan
dSPM,-10,5,deep_plus_surface,case_weighted_within_scenario,136,1,0.7291641877827859,0.909525143236673,0.929663755558589,0.5970588235294118,1.8723887734318112,31.25617432622194,12.219842616377733,23.762513249391873,21.536667419745314,0.2945466016709537,22.66084279002873,1582.0294117647059,1566.0808823529412,15.948529411764707,31.25617432622194,12.219842616377733,188.80384237400983,185.42967262700154,0.21323529411764705,nan,nan
dSPM,-10,5,deep_plus_two_surface,case_weighted_within_scenario,67,1,0.8167921790232529,0.8475951514477694,0.8546425474585907,0.6358208955223881,1.8700775252141746,26.148243792647502,13.190117447040352,23.85105636484611,21.14603480715562,0.2843784695000453,21.211122933415744,1537.5223880597016,1521.5373134328358,15.985074626865671,26.148243792647502,49.44726578288524,199.37991179648625,196.20343676847295,0.16417910447761194,nan,nan
dSPM,-10,5,surface_only,case_weighted_within_scenario,136,1,0.846032635394782,0.9320758247793415,0.932078330163528,nan,1.8418051243383429,29.49967191788966,12.272095282884997,nan,nan,0.27623674598655,nan,1338.0441176470588,1322.1691176470588,15.875,29.49967191788966,12.272095282884997,nan,nan,nan,0.1323529411764706,nan
dSPM,-10,10,deep_only,case_weighted_within_scenario,30,1,0.9956666666666665,0.9986645370247129,nan,0.928888888888889,1.9304888718342983,nan,nan,14.770434637158337,4.828427025341646,0.9368628178413988,4.828427025341646,1558.2333333333333,1546.6666666666667,11.566666666666666,nan,nan,58.240212592357004,48.80582233008076,0.8,nan,nan
dSPM,-10,10,deep_plus_surface,case_weighted_within_scenario,136,1,0.7734739295369482,0.9218832519957265,0.9362725042244003,0.6279411764705882,1.8306929527558442,22.29811479948006,12.239885649367977,23.50447628061721,21.108493007542968,0.2629897667896421,21.663838048854203,484.9485294117647,469.66911764705884,15.279411764705882,22.29811479948006,12.239885649367977,193.0144257839144,190.31766399607477,0.19117647058823528,nan,nan
dSPM,-10,10,deep_plus_two_surface,case_weighted_within_scenario,67,1,0.8388859737378129,0.8662228942872006,0.8716345136742895,0.6398009950248756,1.8290598856800595,20.77720887862654,13.052799144940138,23.722016382333997,20.63658096485199,0.24428464120778573,20.573143254667045,551.7164179104477,535.9850746268656,15.73134328358209,20.77720887862654,62.525107960911164,199.35590743172762,196.20343678562512,0.16417910447761194,nan,nan
dSPM,-10,10,surface_only,case_weighted_within_scenario,136,1,0.8492682362401226,0.934820209304741,0.9348383907913528,nan,1.7914418737251954,21.689792604673627,12.246242669843,nan,nan,0.2488815770243983,nan,462.6617647058824,447.6029411764706,15.058823529411764,21.689792604673627,12.246242669843,nan,nan,nan,0.23529411764705882,nan
dSPM,-10,15,deep_only,case_weighted_within_scenario,30,1,0.9916666666666667,0.9983184702071967,nan,0.9111111111111113,1.9093640091979902,nan,nan,13.615150025476566,6.437902692904591,0.9247029957208255,6.437902692904591,861.7666666666667,852.5333333333333,9.233333333333333,nan,nan,72.07165632328923,65.0744297471228,0.7333333333333333,nan,nan
dSPM,-10,15,deep_plus_surface,case_weighted_within_scenario,136,1,0.7990494734512567,0.9244339927731495,0.9369189758732626,0.6269607843137255,1.8029125728595428,21.62279485451812,13.317903551904681,22.472908197653275,21.415125817570836,0.26462143255537723,21.415125817570836,408.90441176470586,395.69117647058823,13.213235294117647,21.62279485451812,13.317903551904681,195.38547429946254,193.9063274137928,0.17647058823529413,nan,nan
dSPM,-10,15,deep_plus_two_surface,case_weighted_within_scenario,67,1,0.8465634592988708,0.8692385800900295,0.87337140507129,0.6567164179104478,1.8039088928422373,20.526008883023884,14.44381852997756,22.92461807568685,20.18911240034585,0.24743118497225638,19.97803574234404,469.6865671641791,455.5820895522388,14.104477611940299,20.526008883023884,66.88209753327304,189.15491801317592,185.9355979873757,0.208955223880597,nan,nan
dSPM,-10,15,surface_only,case_weighted_within_scenario,136,1,0.8520344691286451,0.9404749110855194,0.9405032704481421,nan,1.7581528698867441,21.346969420429847,12.512623739736572,nan,nan,0.24879520609565292,nan,403.16911764705884,390.2352941176471,12.933823529411764,21.346969420429847,12.512623739736572,nan,nan,nan,0.25,nan
dSPM,-10,20,deep_only,case_weighted_within_scenario,30,1,0.9893333333333334,0.9979635298815385,nan,0.9066666666666667,1.9000395152651344,nan,nan,13.506627386903604,6.575973884328146,0.8887680747854417,6.575973884328146,735.6666666666666,726.7333333333333,8.933333333333334,nan,nan,79.43838100370704,72.54206682902029,0.7,nan,nan
dSPM,-10,20,deep_plus_surface,case_weighted_within_scenario,136,1,0.8099182093347856,0.9296659279929337,0.9402838034478791,0.6279411764705882,1.7950170077825482,22.235406578080134,14.295731150026446,22.069691643267134,21.38192818309031,0.2795211063504735,21.38192818309031,403.86764705882354,392.8235294117647,11.044117647058824,22.235406578080134,14.295731150026446,187.25220854313105,185.5964335863312,0.21323529411764705,nan,nan
dSPM,-10,20,deep_plus_two_surface,case_weighted_within_scenario,67,1,0.8462106339264289,0.8688418100519494,0.872838483778892,0.6179104477611941,1.7980634228061292,21.020943527982325,16.687472207502335,22.54200193635941,20.557654626844208,0.25898557837513375,20.557654626844208,460.5223880597015,448.2089552238806,12.313432835820896,21.020943527982325,65.34604824827285,188.7067955452043,186.02302877413072,0.208955223880597,nan,nan
dSPM,-10,20,surface_only,case_weighted_within_scenario,136,1,0.8488438864935618,0.9392544100257623,0.9392904590923635,nan,1.7485260977606445,21.733659367094248,13.795995089233738,nan,nan,0.25982575275403397,nan,390.9852941176471,381.125,9.860294117647058,21.733659367094248,13.795995089233738,nan,nan,nan,0.22794117647058823,nan
dSPM,-5,-10,deep_only,case_weighted_within_scenario,30,1,0.9509999999999998,0.9880651315497583,nan,0.9444444444444445,1.9766520656894044,nan,nan,21.987604277758138,3.1868260235319377,0.9088174951370017,2.8534927102201526,7514.0,7498.0,16.0,nan,nan,43.55156607353048,25.06957786710615,0.9,nan,nan
dSPM,-5,-10,deep_plus_surface,case_weighted_within_scenario,136,1,0.6696669282557209,0.8545730407961768,0.875486519046874,0.542156862745098,1.9352373968724976,67.97806997749801,18.98716396798183,23.90753065614187,20.318239305720645,0.47646133552833825,20.897607229072698,6226.566176470588,6210.566176470588,16.0,67.97806997749801,18.98716396798183,178.32646333867402,174.55766975056437,0.2647058823529412,nan,nan
dSPM,-5,-10,deep_plus_two_surface,case_weighted_within_scenario,67,1,0.7560501558275535,0.766567208947492,0.7729694890186126,0.5900497512437811,1.933224914878516,48.52194945501112,29.241548161455835,23.90459973457191,19.61704975491935,0.47725025233141205,20.483369410706597,6599.731343283582,6583.731343283582,16.0,48.52194945501112,29.241548161455835,183.64769909455,179.6959229883972,0.23880597014925373,nan,nan
dSPM,-5,-10,surface_only,case_weighted_within_scenario,136,1,0.7547167292181934,0.8560391574854229,0.8560020647050156,nan,1.9191644120866793,67.29982388602996,18.06914022593945,nan,nan,0.44841554510250825,nan,6120.85294117647,6104.85294117647,16.0,67.29982388602996,18.06914022593945,nan,nan,nan,0.0,nan
dSPM,-5,-5,deep_only,case_weighted_within_scenario,30,1,0.9903333333333333,0.9971249833621723,nan,0.9622222222222223,1.9706629799962712,nan,nan,21.271214498604824,3.9915638234430304,0.9673384033564605,3.552284726952494,7514.0,7498.0,16.0,nan,nan,49.64206941043575,33.20388158995708,0.8666666666666667,nan,nan
dSPM,-5,-5,deep_plus_surface,case_weighted_within_scenario,136,1,0.7018162386551228,0.8720368932261993,0.89130496692021,0.6088235294117648,1.9167359798297718,61.78213359427882,15.345989376125297,23.747409546009095,20.67315939580404,0.41004596034360835,20.034625267418992,5325.095588235294,5309.095588235294,16.0,61.78213359427882,15.345989376125297,171.84691047156412,167.4681016998793,0.29411764705882354,nan,nan
dSPM,-5,-5,deep_plus_two_surface,case_weighted_within_scenario,67,1,0.7836874901903713,0.803415195180444,0.8102538066495909,0.6009950248756218,1.9151419687595022,44.90506079080879,22.55696897277721,23.88544297962185,20.032188732887985,0.4161170063381462,19.31354851753785,5397.313432835821,5381.313432835821,16.0,44.90506079080879,25.71326961282945,171.06878090739022,167.10879936854755,0.29850746268656714,nan,nan
dSPM,-5,-5,surface_only,case_weighted_within_scenario,136,1,0.810532923320602,0.9032766611772586,0.9032659394278124,nan,1.8960852730457862,58.69167032852411,16.181433552033166,nan,nan,0.3833276754140619,nan,4907.72794117647,4891.72794117647,16.0,58.69167032852411,16.181433552033166,nan,nan,nan,0.0,nan
dSPM,-5,0,deep_only,case_weighted_within_scenario,30,1,0.9993333333333332,0.9997426682638981,nan,0.968888888888889,1.9628032245948952,nan,nan,20.27242335750284,4.828427063648144,0.9794878306889762,4.690355872723202,7513.5,7497.5,16.0,nan,nan,55.951727699486916,41.47625647741474,0.8333333333333334,nan,nan
dSPM,-5,0,deep_plus_surface,case_weighted_within_scenario,136,1,0.7277233392426763,0.8990972343914598,0.9166080622302746,0.5980392156862746,1.8904350881323901,44.90153184631698,13.297794058313052,23.691304193156906,21.003897333527142,0.34642858865323434,21.16995318323953,2893.6470588235293,2877.6911764705883,15.955882352941176,44.90153184631698,13.297794058313052,182.63441907396557,178.86173652979474,0.2426470588235294,nan,nan
dSPM,-5,0,deep_plus_two_surface,case_weighted_within_scenario,67,1,0.814253482615932,0.8406011584335736,0.8466303898635265,0.6398009950248758,1.8877588741744018,35.890356871062714,17.669406504081675,23.650238106983537,19.672904640309525,0.34586743091696065,19.47670315047593,3138.6716417910447,3122.6716417910447,16.0,35.890356871062714,27.35715450492626,167.6600116619074,163.36327081106083,0.31343283582089554,nan,nan
dSPM,-5,0,surface_only,case_weighted_within_scenario,136,1,0.8291629151563629,0.9179437844431282,0.917940620810381,nan,1.8646643826319973,42.33616160902534,13.707033311010097,nan,nan,0.3171984083485961,nan,2502.404411764706,2486.485294117647,15.919117647058824,42.33616160902534,13.707033311010097,nan,nan,nan,0.03676470588235294,nan
dSPM,-5,5,deep_only,case_weighted_within_scenario,30,1,0.9989999999999999,0.9994853365277964,nan,0.9555555555555556,1.9523911190309822,nan,nan,18.751504929401616,4.828427025341646,0.9590032809184521,4.828427025341646,6916.266666666666,6900.466666666666,15.8,nan,nan,61.7516873267081,48.80582233008076,0.8,nan,nan
dSPM,-5,5,deep_plus_surface,case_weighted_within_scenario,136,1,0.7768529789744045,0.9177411886656162,0.9316629794706337,0.6715686274509804,1.8568288111401015,27.513277582532,12.741681989307049,23.40081905960604,19.56111960001155,0.2950360754633805,19.993170359848268,999.3529411764706,983.5441176470588,15.808823529411764,27.513277582532,12.741681989307049,179.3299815636781,175.52525877253467,0.25735294117647056,nan,nan
dSPM,-5,5,deep_plus_two_surface,case_weighted_within_scenario,67,1,0.8449791716906326,0.8697637452581164,0.8753180892673877,0.6507462686567164,1.8543162223367489,24.336346175146243,14.33900283114077,23.512358387360567,20.57855958468111,0.2913562275182232,19.651301470097724,1162.6567164179105,1146.7164179104477,15.940298507462687,24.336346175146243,40.5706576401123,180.18506707148492,176.76140746703817,0.2537313432835821,nan,nan
dSPM,-5,5,surface_only,case_weighted_within_scenario,136,1,0.8505898836378669,0.9365906084634288,0.9366105525048303,nan,1.8228127107120438,25.679744958605088,12.738260724131987,nan,nan,0.27782007569045797,nan,852.3088235294117,836.5367647058823,15.772058823529411,25.679744958605088,12.738260724131987,nan,nan,nan,0.1323529411764706,nan
dSPM,-5,10,deep_only,case_weighted_within_scenario,30,1,0.9976666666666667,0.9991880740050578,nan,0.9422222222222223,1.9321336828823579,nan,nan,15.849504414328461,4.828427025341646,0.9502462477579616,4.828427025341646,2144.266666666667,2131.0,13.266666666666667,nan,nan,59.1981212201412,48.80582233008076,0.8,nan,nan
dSPM,-5,10,deep_plus_surface,case_weighted_within_scenario,136,1,0.8026252552552355,0.9256953549994072,0.9376115585006543,0.6583333333333333,1.820547301756515,21.296584608938876,12.261268479772834,23.191485374065646,20.536804091935217,0.2663764320838514,21.00775397392338,444.3014705882353,428.9779411764706,15.323529411764707,21.296584608938876,12.261268479772834,189.93908838416777,187.09664763780313,0.20588235294117646,nan,nan
dSPM,-5,10,deep_plus_two_surface,case_weighted_within_scenario,67,1,0.849144939083232,0.8760104415399569,0.8813297211145485,0.6487562189054727,1.817906763268428,19.82667088118936,12.396862844232249,23.581619724179937,22.98018066560665,0.24622079358819418,22.619338069204037,501.34328358208955,485.65671641791045,15.686567164179104,19.82667088118936,62.016023070809524,198.9565829147024,196.50194422501406,0.16417910447761194,nan,nan
dSPM,-5,10,surface_only,case_weighted_within_scenario,136,1,0.8518593086810019,0.9376581033524488,0.937669208753359,nan,1.7790650401101487,20.725707097203077,12.161104660574884,nan,nan,0.2475056595266081,nan,420.11764705882354,405.31617647058823,14.801470588235293,20.725707097203077,12.161104660574884,nan,nan,nan,0.2426470588235294,nan
dSPM,-5,15,deep_only,case_weighted_within_scenario,30,1,0.9973333333333333,0.9988331336794001,nan,0.92,1.9105748023730023,nan,nan,13.890519565378815,5.9664981881692505,0.943253023488648,5.9664981881692505,947.5333333333333,937.7333333333333,9.8,nan,nan,64.82212550774656,57.273459351913566,0.7666666666666667,nan,nan
dSPM,-5,15,deep_plus_surface,case_weighted_within_scenario,136,1,0.8098042199755149,0.9264441843033163,0.9376395075526313,0.6519607843137255,1.7952725368542501,20.924228588489928,12.43583539170772,22.57839885917363,21.483687758077334,0.2510987723263389,21.483687758077334,402.6764705882353,388.8235294117647,13.852941176470589,20.924228588489928,12.43583539170772,193.88443074854146,192.11199570493383,0.18382352941176472,nan,nan
dSPM,-5,15,deep_plus_two_surface,case_weighted_within_scenario,67,1,0.8518989588037027,0.8732069128559279,0.8775283362856059,0.6527363184079604,1.794258227135093,19.561585949260152,12.867438360275328,22.82605096815928,19.39320158931106,0.23225361175566164,19.39320158931106,443.32835820895525,428.9850746268657,14.343283582089553,19.561585949260152,68.98308685926092,192.26507350230244,189.51600057572895,0.19402985074626866,nan,nan
dSPM,-5,15,surface_only,case_weighted_within_scenario,136,1,0.8551647274785315,0.9413552083348165,0.941377466573855,nan,1.7481978646146692,20.564122346558023,12.253432577042783,nan,nan,0.2337697681162524,nan,389.04411764705884,375.77941176470586,13.264705882352942,20.564122346558023,12.253432577042783,nan,nan,nan,0.2867647058823529,nan
dSPM,-5,20,deep_only,case_weighted_within_scenario,30,1,0.9903333333333334,0.9982696659124185,nan,0.9088888888888891,1.899186961744603,nan,nan,13.45824109732273,6.2998315014810355,0.9220278296969311,6.2998315014810355,784.2,775.2666666666667,8.933333333333334,nan,nan,64.59880549960161,57.606792665225356,0.7666666666666667,nan,nan
dSPM,-5,20,deep_plus_surface,case_weighted_within_scenario,136,1,0.8085494100649074,0.9286621798491422,0.9398213245388003,0.6421568627450981,1.7873971966475195,21.503717122567473,13.003456449162076,22.110743105532872,21.710978441595724,0.2614566844030936,21.710978441595724,396.41911764705884,385.13235294117646,11.286764705882353,21.503717122567473,13.003456449162076,190.30093166738018,188.59686171991385,0.19852941176470587,nan,nan
dSPM,-5,20,deep_plus_two_surface,case_weighted_within_scenario,67,1,0.845413928258624,0.8713637081936263,0.8757531996142518,0.6338308457711443,1.7897468025442862,20.148438347890423,14.484464090751421,22.69226172093369,20.27950579540471,0.24138393059225502,20.27950579540471,440.95522388059703,428.4029850746269,12.552238805970148,20.148438347890423,60.35946511638371,195.3038461768741,192.71046494972254,0.1791044776119403,nan,nan
dSPM,-5,20,surface_only,case_weighted_within_scenario,136,1,0.8535138471225063,0.9413819073414492,0.9414104309024225,nan,1.7379892623474282,20.990189553292385,12.722376154693913,nan,nan,0.24102843415102543,nan,382.27941176470586,371.84558823529414,10.433823529411764,20.990189553292385,12.722376154693913,nan,nan,nan,0.27941176470588236,nan
dSPM,0,-10,deep_only,case_weighted_within_scenario,30,1,0.997,0.9995341408225741,nan,0.9666666666666668,1.9661901599055682,nan,nan,20.719133640914475,3.9428090358522567,0.9903112496678317,3.9428090358522567,7513.966666666666,7497.966666666666,16.0,nan,nan,34.96053711186553,18.601940804098625,0.9333333333333333,nan,nan
dSPM,0,-10,deep_plus_surface,case_weighted_within_scenario,136,1,0.7390692725414637,0.8802115885556152,0.8933205317344526,0.6044117647058824,1.9113905419287998,58.95115765048632,15.669206621227552,23.814283221712785,19.724457573321306,0.44506266311876497,19.35772406226434,5069.838235294118,5053.838235294118,16.0,58.95115765048632,15.669206621227552,175.09201965917998,170.52138584924683,0.27941176470588236,nan,nan
dSPM,0,-10,deep_plus_two_surface,case_weighted_within_scenario,67,1,0.8024739322361296,0.8048664912812631,0.8088247724071538,0.6079601990049751,1.9089248405904853,41.58661787879647,21.469282957830064,23.74661345481881,19.433001182532358,0.43475524127253645,18.914018339088596,4799.507462686567,4783.507462686567,16.0,41.58661787879647,34.15942199654334,177.30309760971627,172.9708844076625,0.26865671641791045,nan,nan
dSPM,0,-10,surface_only,case_weighted_within_scenario,136,1,0.7980914044750421,0.8958747172633436,0.8959077873987171,nan,1.8898236775196124,56.90700895386065,16.207796244250456,nan,nan,0.4125319218078029,nan,4694.566176470588,4678.573529411765,15.992647058823529,56.90700895386065,16.207796244250456,nan,nan,nan,0.007352941176470588,nan
dSPM,0,-5,deep_only,case_weighted_within_scenario,30,1,0.999,0.9999068281645148,nan,0.9911111111111112,1.9596050659380233,nan,nan,20.168361474091714,0.9999999782418537,0.9942844900712217,0.9999999782418537,7513.7,7497.7,16.0,nan,nan,20.168361474091714,0.9999999782418537,1.0,nan,nan
dSPM,0,-5,deep_plus_surface,case_weighted_within_scenario,136,1,0.7800674664439773,0.9008833874952679,0.9118952511079144,0.6568627450980392,1.8924528248537082,50.842982532340635,15.320570769053528,23.508412551964653,19.1887426863087,0.39909116615854334,18.340308223131174,3500.529411764706,3484.529411764706,16.0,50.842982532340635,15.320570769053528,157.8937725609313,152.40975410222498,0.3602941176470588,nan,nan
dSPM,0,-5,deep_plus_two_surface,case_weighted_within_scenario,67,1,0.8115327798241538,0.8234150971550057,0.828109875514707,0.6059701492537314,1.8911155096811934,36.91821709873446,19.415148728429074,23.753981070256152,18.94131731095014,0.3805711043837865,18.66584671652102,3528.2985074626868,3512.2985074626868,16.0,36.91821709873446,38.63430960554981,180.43221517839248,176.46385624355062,0.2537313432835821,nan,nan
dSPM,0,-5,surface_only,case_weighted_within_scenario,136,1,0.8131213698576278,0.9077366444886759,0.9077763782586556,nan,1.8673150570490245,48.36735954121867,16.031548711822225,nan,nan,0.35967551595535135,nan,3087.580882352941,3071.669117647059,15.911764705882353,48.36735954121867,16.031548711822225,nan,nan,nan,0.029411764705882353,nan
dSPM,0,0,deep_only,case_weighted_within_scenario,30,1,1.0,0.9998846443941611,nan,0.9888888888888889,1.9510806507810943,nan,nan,19.5872079878799,2.2189513576560236,0.991343599554827,2.2189513576560236,7491.2,7475.2,16.0,nan,nan,48.17396822080252,31.537214894148764,0.8666666666666667,nan,nan
dSPM,0,0,deep_plus_surface,case_weighted_within_scenario,136,1,0.7905738712248181,0.9142441252362767,0.9258708748736646,0.6549019607843137,1.8671928484892322,33.96253836833883,15.480295046984471,23.322858962969896,18.99976594653488,0.3450144964261644,18.63079157734486,1411.2794117647059,1395.4485294117646,15.830882352941176,33.96253836833883,15.480295046984471,165.36586307189378,160.53461789349845,0.3235294117647059,nan,nan
dSPM,0,0,deep_plus_two_surface,case_weighted_within_scenario,67,1,0.8377418942385498,0.8506078420240646,0.8544009217910791,0.6587064676616915,1.8639508871930264,27.891974196890676,17.438179079707307,23.405238005190146,17.953646424267692,0.34497487306305946,18.2205345528277,1524.7910447761194,1508.9253731343283,15.865671641791044,27.891974196890676,43.29978299332761,176.99100024278667,172.05114147660902,0.26865671641791045,nan,nan
dSPM,0,0,surface_only,case_weighted_within_scenario,136,1,0.834393164187099,0.9247290488200356,0.9247708063568766,nan,1.8371046471554355,31.617548720751596,15.505557370717671,nan,nan,0.3177490931532052,nan,1165.875,1150.0882352941176,15.786764705882353,31.617548720751596,15.505557370717671,nan,nan,nan,0.08088235294117647,nan
dSPM,0,5,deep_only,case_weighted_within_scenario,30,1,1.0,0.9998003460668173,nan,0.9777777777777779,1.9416733847927536,nan,nan,18.362225318920302,3.8284270854062914,0.9870570366306985,4.1617603987180765,6005.133333333333,5989.5,15.633333333333333,nan,nan,61.35781619131293,47.8058223901454,0.8,nan,nan
dSPM,0,5,deep_plus_surface,case_weighted_within_scenario,136,1,0.8098059494313921,0.9258448323243026,0.9370931447187837,0.6700980392156863,1.835148494991213,23.009728990761715,13.944620495549842,23.044730810330034,19.15809942030462,0.29860633899778694,19.051519299396105,580.3455882352941,564.8676470588235,15.477941176470589,23.009728990761715,13.944620495549842,177.4919789444808,173.788763695412,0.2647058823529412,nan,nan
dSPM,0,5,deep_plus_two_surface,case_weighted_within_scenario,67,1,0.8559337131981117,0.8718333885657403,0.8751944634615514,0.6606965174129354,1.8321688173386448,21.3471181413183,15.45825219370751,23.2547282899656,19.123076096677206,0.306559897218615,19.190164101117684,588.820895522388,573.1492537313433,15.671641791044776,21.3471181413183,38.294013650990934,173.73763434903776,169.00593086466606,0.2835820895522388,nan,nan
dSPM,0,5,surface_only,case_weighted_within_scenario,136,1,0.8539943011722952,0.9417480253851748,0.9417808748092454,nan,1.7972999647777521,21.92166012358842,14.28355194956294,nan,nan,0.2769105224038473,nan,458.8382352941176,443.55882352941177,15.279411764705882,21.92166012358842,14.28355194956294,nan,nan,nan,0.17647058823529413,nan
dSPM,0,10,deep_only,case_weighted_within_scenario,30,1,0.9996666666666667,0.9995696348551399,nan,0.9666666666666668,1.9271134828421053,nan,nan,16.559840295069275,4.828427025341646,0.9652116131438244,4.828427025341646,1837.1333333333334,1822.9666666666667,14.166666666666666,nan,nan,59.77473192932565,48.80582233008076,0.8,nan,nan
dSPM,0,10,deep_plus_surface,case_weighted_within_scenario,136,1,0.8350000669405586,0.9342315654020156,0.9443860534348583,0.6686274509803922,1.804274069288235,20.79098518471334,12.308212886471505,22.598701994323257,19.317422386931163,0.2742159083451936,19.38019705823193,408.81617647058823,393.84558823529414,14.970588235294118,20.79098518471334,12.308212886471505,184.99895971000947,181.8607113597223,0.22794117647058823,nan,nan
dSPM,0,10,deep_plus_two_surface,case_weighted_within_scenario,67,1,0.8675844811456356,0.8852105577544569,0.888670401128557,0.6716417910447762,1.8007233253346195,19.357066845643246,14.072402759613459,23.035967149082985,19.847279318685167,0.2643812874494015,19.662791555861787,452.1641791044776,436.7910447761194,15.373134328358208,19.357066845643246,53.46763423961296,179.80081640092988,175.87785478592912,0.2537313432835821,nan,nan
dSPM,0,10,surface_only,case_weighted_within_scenario,136,1,0.8577834776303729,0.9440024054217547,0.9440286640582272,nan,1.759160988017312,20.308294243725694,12.495725987254175,nan,nan,0.25310857590634,nan,382.1029411764706,367.7647058823529,14.338235294117647,20.308294243725694,12.495725987254175,nan,nan,nan,0.25735294117647056,nan
dSPM,0,15,deep_only,case_weighted_within_scenario,30,1,0.9959999999999999,0.9991481432184213,nan,0.9444444444444445,1.9103143243121823,nan,nan,14.162706710391891,4.828427025341646,0.9507674756395307,4.828427025341646,958.0,947.6,10.4,nan,nan,57.77079521088764,48.80582233008076,0.8,nan,nan
dSPM,0,15,deep_plus_surface,case_weighted_within_scenario,136,1,0.8291213160237774,0.9319158364597447,0.9415243786450391,0.7009803921568628,1.783045670567022,20.195943529404826,12.101350874741232,22.34093925121424,19.463957133308696,0.25035216530410975,19.390427717510544,380.5147058823529,366.7352941176471,13.779411764705882,20.195943529404826,12.101350874741232,189.3020875882046,186.8025300026049,0.20588235294117646,nan,nan
dSPM,0,15,deep_plus_two_surface,case_weighted_within_scenario,67,1,0.8673482100366227,0.8871152507386427,0.8907549769151356,0.6895522388059702,1.779962642310334,18.847772809360034,12.494322251479014,22.587512110447467,20.02962297238738,0.23539953362007154,20.395218456937485,422.3134328358209,407.65671641791045,14.656716417910447,18.847772809360034,68.70464200195023,204.97832298439297,203.0401266664432,0.13432835820895522,nan,nan
dSPM,0,15,surface_only,case_weighted_within_scenario,136,1,0.8559078526879714,0.942257636186368,0.9422814990202288,nan,1.7340978939287102,20.021041891620573,12.153609000979547,nan,nan,0.23580391482175256,nan,371.3382352941176,358.74264705882354,12.595588235294118,20.021041891620573,12.153609000979547,nan,nan,nan,0.3088235294117647,nan
dSPM,0,20,deep_only,case_weighted_within_scenario,30,1,0.9973333333333333,0.9988286969253295,nan,0.9244444444444446,1.899132773037702,nan,nan,13.620832777560766,5.495093651965216,0.9429869631813899,5.495093651965216,835.9666666666667,826.6,9.366666666666667,nan,nan,57.412409989140635,49.472488956704325,0.8,nan,nan
dSPM,0,20,deep_plus_surface,case_weighted_within_scenario,136,1,0.8153173108812207,0.9282182638382783,0.9388557976239892,0.657843137254902,1.7767459482279067,20.604139594417997,12.002718206683324,21.990716520871985,21.383881655883616,0.24574508559041638,21.383881655883616,383.6985294117647,371.7867647058824,11.911764705882353,20.604139594417997,12.002718206683324,195.146852883936,193.75926859064649,0.17647058823529413,nan,nan
dSPM,0,20,deep_plus_two_surface,case_weighted_within_scenario,67,1,0.8569624596353048,0.8780451918003145,0.8822485801738542,0.6626865671641792,1.776770270190575,19.106601263476524,13.004412889608052,22.49825750445406,20.19152720402232,0.22861691192268097,20.19152720402232,420.7014925373134,407.46268656716416,13.238805970149254,19.106601263476524,72.38418276125056,211.43031115671488,210.026070303944,0.1044776119402985,nan,nan
dSPM,0,20,surface_only,case_weighted_within_scenario,136,1,0.8543385784226492,0.941785665021865,0.9418116369048432,nan,1.7257781660636444,20.185396081528353,11.938954725856943,nan,nan,0.227214155974319,nan,368.86764705882354,358.25735294117646,10.610294117647058,20.185396081528353,11.938954725856943,nan,nan,nan,0.3235294117647059,nan
dSPM,5,-10,deep_only,case_weighted_within_scenario,30,1,0.9993333333333333,0.999871334131949,nan,0.9644444444444444,1.9528411499409535,nan,nan,20.294821286182234,3.885618192511001,0.9959078795286415,3.5522848791992154,7499.333333333333,7483.333333333333,16.0,nan,nan,49.01110568495388,33.203881652240185,0.8666666666666667,nan,nan
dSPM,5,-10,deep_plus_surface,case_weighted_within_scenario,136,1,0.8111225162618823,0.8997717340164187,0.9059829550428103,0.6637254901960784,1.8807581543749334,47.563968580818205,16.978279084231684,23.447345124264128,19.34254964257432,0.4296205957526251,19.776368979240694,3006.294117647059,2990.294117647059,16.0,47.563968580818205,16.978279084231684,174.7653536054188,170.55038939919461,0.27941176470588236,nan,nan
dSPM,5,-10,deep_plus_two_surface,case_weighted_within_scenario,67,1,0.8306302404124097,0.8244968759652668,0.826451428794467,0.6268656716417911,1.8756203126608277,32.715778227220014,19.925707305461216,23.38306641359089,18.331516209304148,0.40597908635039914,18.83195762622124,2666.9850746268658,2650.9850746268658,16.0,32.715778227220014,58.27258573247307,173.9614869639195,169.30443835014358,0.2835820895522388,nan,nan
dSPM,5,-10,surface_only,case_weighted_within_scenario,136,1,0.8062700152029931,0.90586189770606,0.9059699756769912,nan,1.8523547660769457,44.030626465855754,17.221458929331025,nan,nan,0.39432017636653816,nan,2607.7132352941176,2591.845588235294,15.867647058823529,44.030626465855754,17.221458929331025,nan,nan,nan,0.051470588235294115,nan
dSPM,5,-5,deep_only,case_weighted_within_scenario,30,1,0.999,0.9999378854430099,nan,0.9755555555555556,1.9434785888760933,nan,nan,19.50319481376203,2.7154215119357366,0.9991196113729222,3.048754863554019,7314.166666666667,7298.166666666667,16.0,nan,nan,33.880335442746436,17.26860751020341,0.9333333333333333,nan,nan
dSPM,5,-5,deep_plus_surface,case_weighted_within_scenario,136,1,0.8309842557379713,0.9127681014098223,0.9193408558670264,0.655392156862745,1.8607536146755732,36.06034721283421,16.39612097359692,23.09932324877177,18.89474938677009,0.3973321698330371,19.138024528214274,1642.0073529411766,1626.2279411764705,15.779411764705882,36.06034721283421,16.39612097359692,176.2572455591056,171.9770740718292,0.27205882352941174,nan,nan
dSPM,5,-5,deep_plus_two_surface,case_weighted_within_scenario,67,1,0.8575891968409651,0.8440700821649035,0.8444409321667964,0.6676616915422885,1.8569751264707692,28.000531376733232,18.524141930480123,23.050961310937485,16.54858340177933,0.3720434881616922,16.866740486087625,1575.3880597014925,1559.4626865671642,15.925373134328359,28.000531376733232,53.90555490337221,164.1931571778288,159.12403031076124,0.3283582089552239,nan,nan
dSPM,5,-5,surface_only,case_weighted_within_scenario,136,1,0.8285492910954061,0.9247031177481287,0.9247909405628234,nan,1.8306822919362133,34.258766511964915,16.20837833637499,nan,nan,0.35173598759224245,nan,1452.7058823529412,1437.0220588235295,15.683823529411764,34.258766511964915,16.20837833637499,nan,nan,nan,0.058823529411764705,nan
dSPM,5,0,deep_only,case_weighted_within_scenario,30,1,1.0,0.9999689427215049,nan,0.9911111111111112,1.9330319128986224,nan,nan,18.45833913342904,1.4714045608019362,0.9988415033377829,1.4714045608019362,6223.566666666667,6207.966666666666,15.6,nan,nan,25.653425020413398,8.800970438075788,0.9666666666666667,nan,nan
dSPM,5,0,deep_plus_surface,case_weighted_within_scenario,136,1,0.8562020814151274,0.9269703546526825,0.9322597399304078,0.7024509803921568,1.838750470729663,25.73720375035224,15.610299810838672,22.832509337451818,17.8550926088171,0.36057327983836274,18.481669924313223,684.7867647058823,669.3897058823529,15.397058823529411,25.73720375035224,15.610299810838672,165.1116404588088,160.00498741878485,0.3235294117647059,nan,nan
dSPM,5,0,deep_plus_two_surface,case_weighted_within_scenario,67,1,0.8683362825669729,0.8676071200865624,0.8692827068648911,0.6557213930348258,1.8340948627612699,22.613298664557608,16.943774639800974,23.031155087989177,18.003874106706718,0.3465720253276159,17.618629002680166,672.1641791044776,656.5970149253732,15.567164179104477,22.613298664557608,52.584650899222474,157.84812530235283,152.75693210891797,0.3582089552238806,nan,nan
dSPM,5,0,surface_only,case_weighted_within_scenario,136,1,0.8413235571615855,0.9339518089133774,0.9340300794744614,nan,1.8013526316279889,24.558324791049735,16.539649021514794,nan,nan,0.31831095586176467,nan,596.5808823529412,581.5882352941177,14.992647058823529,24.558324791049735,16.539649021514794,nan,nan,nan,0.08088235294117647,nan
dSPM,5,5,deep_only,case_weighted_within_scenario,30,1,1.0,0.9999334486889392,nan,0.9933333333333334,1.9230691890324594,nan,nan,17.673302259495017,1.0000000188899338,0.9948063103196394,1.0000000188899338,2652.133333333333,2637.0333333333333,15.1,nan,nan,17.673302259495017,1.0000000188899338,1.0,nan,nan
dSPM,5,5,deep_plus_surface,case_weighted_within_scenario,136,1,0.8676796366555217,0.9321754643860336,0.9374672126839312,0.7107843137254903,1.8107669221993765,22.07716946012371,15.299355458965412,22.331618084320013,18.76201167469958,0.3245024983147989,18.67943037590109,413.1617647058824,398.11764705882354,15.044117647058824,22.07716946012371,15.299355458965412,173.98186947026815,169.96215411770368,0.27941176470588236,nan,nan
dSPM,5,5,deep_plus_two_surface,case_weighted_within_scenario,67,1,0.8825056122268793,0.8879879373280473,0.8894716455376669,0.6646766169154229,1.8070247469357403,20.49909087103658,16.37370648791386,22.716092101256052,17.64437610239152,0.3232284910590446,17.64437610239152,448.95522388059703,433.8358208955224,15.119402985074627,20.49909087103658,42.362411606524425,173.34580604993715,169.00593087645035,0.2835820895522388,nan,nan
dSPM,5,5,surface_only,case_weighted_within_scenario,136,1,0.8500929401216467,0.9397110415392004,0.9397792195090995,nan,1.7691985222019395,21.308918819860402,15.026590229379428,nan,nan,0.29204214570675746,nan,381.5514705882353,367.47058823529414,14.080882352941176,21.308918819860402,15.026590229379428,nan,nan,nan,0.16176470588235295,nan
dSPM,5,10,deep_only,case_weighted_within_scenario,30,1,1.0,0.9997781622964638,nan,0.9755555555555555,1.912207430946797,nan,nan,16.836893250961207,4.1617603987180765,0.982428191277484,4.1617603987180765,1099.3333333333333,1084.9666666666667,14.366666666666667,nan,nan,60.03618055063331,48.139155703457185,0.8,nan,nan
dSPM,5,10,deep_plus_surface,case_weighted_within_scenario,136,1,0.8702056566445027,0.9403584211505157,0.9465742519005066,0.7078431372549021,1.7849147420774112,20.645334581928378,13.886063135694766,22.118617977121882,18.740248224739304,0.2905086763805329,18.843057060460648,370.0735294117647,355.625,14.448529411764707,20.645334581928378,13.886063135694766,179.99481227568242,176.8453632899471,0.25,nan,nan
dSPM,5,10,deep_plus_two_surface,case_weighted_within_scenario,67,1,0.8806631267398976,0.8900600585389788,0.8920124298249588,0.6686567164179104,1.7813497256936641,19.50460123259004,15.252389088555264,22.546253212340748,18.848997485954992,0.28976247776004527,18.884231519862997,416.14925373134326,401.2686567164179,14.880597014925373,19.50460123259004,41.37498285186536,192.43747833108083,189.3667468415663,0.19402985074626866,nan,nan
dSPM,5,10,surface_only,case_weighted_within_scenario,136,1,0.859183933302297,0.9486056665081406,0.9486561756029533,nan,1.737824207715974,20.353785974409746,14.152431634321227,nan,nan,0.26392261743132495,nan,354.83088235294116,341.7279411764706,13.102941176470589,20.353785974409746,14.152431634321227,nan,nan,nan,0.25,nan
dSPM,5,15,deep_only,case_weighted_within_scenario,30,1,0.999,0.9994808997737256,nan,0.9600000000000002,1.9036354686126988,nan,nan,15.208024466866236,4.828427025341646,0.958865500600125,4.828427025341646,866.1333333333333,854.0333333333333,12.1,nan,nan,58.60015957979098,48.80582233008076,0.8,nan,nan
dSPM,5,15,deep_plus_surface,case_weighted_within_scenario,136,1,0.8626287150781291,0.9389149409268636,0.9459822690896043,0.7102941176470587,1.768112115474452,20.093560360133907,12.314986430067604,21.834193089186687,19.543721504580876,0.26835338175786566,19.56709188962943,361.7352941176471,348.1397058823529,13.595588235294118,20.093560360133907,12.314986430067604,187.66620432419504,185.30231594319955,0.21323529411764705,nan,nan
dSPM,5,15,deep_plus_two_surface,case_weighted_within_scenario,67,1,0.8766832081267093,0.8885348567400735,0.8909560897184947,0.6756218905472636,1.764704114077321,18.843689461314703,13.553854625203257,22.1614768895688,17.838592699954603,0.2571304858808865,17.94785402008182,404.5223880597015,390.46268656716416,14.059701492537313,18.843689461314703,53.041960397932954,182.45363473424666,179.03708511947772,0.23880597014925373,nan,nan
dSPM,5,15,surface_only,case_weighted_within_scenario,136,1,0.8594035779289755,0.9457036993137826,0.9457397245753965,nan,1.7171236780581016,19.782325728085453,12.325390885838212,nan,nan,0.24340010343510812,nan,347.6764705882353,335.95588235294116,11.720588235294118,19.782325728085453,12.325390885838212,nan,nan,nan,0.27941176470588236,nan
dSPM,5,20,deep_only,case_weighted_within_scenario,30,1,0.9969999999999998,0.9991570167265629,nan,0.9422222222222223,1.8968920972761865,nan,nan,13.922220422162722,4.828427025341646,0.9466563884005944,4.828427025341646,811.1666666666666,801.2,9.966666666666667,nan,nan,57.55165642737305,48.80582233008076,0.8,nan,nan
dSPM,5,20,deep_plus_surface,case_weighted_within_scenario,136,1,0.8459974391360779,0.9332788244550079,0.941475299207854,0.7000000000000001,1.7648028350216287,19.95700617278096,12.39117468311767,21.47025520762839,20.223769250600554,0.24860500584220824,20.413900616124064,362.04411764705884,349.97058823529414,12.073529411764707,19.95700617278096,12.39117468311767,187.2472645343339,185.30231593739404,0.21323529411764705,nan,nan
dSPM,5,20,deep_plus_two_surface,case_weighted_within_scenario,67,1,0.8695293422373223,0.8884899832845384,0.8919646739166603,0.6885572139303484,1.76227076661877,18.598249145667214,12.34808884344833,22.010777057427088,19.59321433388362,0.2306140596988861,19.59321433388362,398.82089552238807,385.6119402985075,13.208955223880597,18.598249145667214,68.59551259297213,198.39813850801409,196.20343675132077,0.16417910447761194,nan,nan
dSPM,5,20,surface_only,case_weighted_within_scenario,136,1,0.8574405020493222,0.9441377568338091,0.9441635519409535,nan,1.7105896375916396,19.688001775331653,11.837398868530514,nan,nan,0.23091755881539588,nan,352.4117647058824,342.4264705882353,9.985294117647058,19.688001775331653,11.837398868530514,nan,nan,nan,0.3014705882352941,nan
dSPM,10,-10,deep_only,case_weighted_within_scenario,30,1,0.9979999999999999,0.9998757708860198,nan,0.9622222222222223,1.9329301886529535,nan,nan,19.88067359457754,5.568914144185361,0.9957464631510968,5.568914144185361,4855.833333333333,4839.833333333333,16.0,nan,nan,55.74467783502595,42.00485195141986,0.8333333333333334,nan,nan
dSPM,10,-10,deep_plus_surface,case_weighted_within_scenario,136,1,0.8679569433797604,0.9178561701759049,0.9207011977389805,0.6568627450980393,1.8450477971899535,33.50496406787009,17.48971349547256,23.030129835550184,18.575185733320456,0.4310564167702221,18.81103561332444,1502.6470588235295,1486.75,15.897058823529411,33.50496406787009,17.48971349547256,165.14417850246886,160.37263444127035,0.3235294117647059,nan,nan
dSPM,10,-10,deep_plus_two_surface,case_weighted_within_scenario,67,1,0.8730097683409246,0.8535292109028547,0.853564716727648,0.6497512437810946,1.8384533017510523,25.269913374839785,20.32636225121228,22.985361735423893,17.93653441875648,0.3850104627962,17.35569974516309,1161.044776119403,1145.134328358209,15.91044776119403,25.269913374839785,68.17026141652535,157.66377795553674,153.0808665339649,0.3582089552238806,nan,nan
dSPM,10,-10,surface_only,case_weighted_within_scenario,136,1,0.8119318549303084,0.9179478606597838,0.9181110697481504,nan,1.8116316890035966,31.48041957156147,17.354228949375305,nan,nan,0.3823883024583891,nan,1315.7058823529412,1300.2941176470588,15.411764705882353,31.48041957156147,17.354228949375305,nan,nan,nan,0.0661764705882353,nan
dSPM,10,-5,deep_only,case_weighted_within_scenario,30,1,0.9986666666666667,0.9999423221970806,nan,0.9888888888888889,1.9217894934761321,nan,nan,19.218540302313723,1.8047379025574373,0.9948461503322558,2.2761424204928296,2823.1666666666665,2807.1666666666665,16.0,nan,nan,33.60866125595288,16.935274158585123,0.9333333333333333,nan,nan
dSPM,10,-5,deep_plus_surface,case_weighted_within_scenario,136,1,0.8739407717206262,0.9212949363522079,0.9242969202772179,0.6906862745098039,1.8283674442865572,28.9994016637043,17.24772618920485,22.642474158336803,18.339096013742967,0.40912749407960797,18.178715175964594,926.2794117647059,910.875,15.404411764705882,28.9994016637043,17.24772618920485,164.92457596831943,160.44616385442404,0.3235294117647059,nan,nan
dSPM,10,-5,deep_plus_two_surface,case_weighted_within_scenario,67,1,0.8703789667778549,0.8541470665594123,0.8543592167557504,0.6487562189054727,1.8243973848641444,23.058780477809155,20.58131875345269,22.908904643495255,18.12901975157951,0.3748519168838251,18.340096408769423,759.2686567164179,743.6567164179105,15.611940298507463,23.058780477809155,71.5539260615899,163.84708321448747,159.42253781339093,0.3283582089552239,nan,nan
dSPM,10,-5,surface_only,case_weighted_within_scenario,136,1,0.8288997394481538,0.9288466499942393,0.9289930828877991,nan,1.791144735415591,27.492645646576023,16.501335150957804,nan,nan,0.356253290424017,nan,838.4264705882352,823.5441176470588,14.882352941176471,27.492645646576023,16.501335150957804,nan,nan,nan,0.08088235294117647,nan
dSPM,10,0,deep_only,case_weighted_within_scenario,30,1,0.999,0.99993788544301,nan,0.9822222222222223,1.909728180524453,nan,nan,18.083802619301814,2.276142458799327,0.9962048118854597,2.1380712924822176,1305.2,1289.9666666666667,15.233333333333333,nan,nan,25.32606870334646,9.60570831961777,0.9666666666666667,nan,nan
dSPM,10,0,deep_plus_surface,case_weighted_within_scenario,136,1,0.8915417730693915,0.9333543817634299,0.9358184901786425,0.7191176470588235,1.8074151324023422,24.59948091815438,16.40598043025338,22.19428540267255,18.506142969482333,0.37376588993367377,18.475686085124085,545.5294117647059,530.5661764705883,14.963235294117647,24.59948091815438,16.40598043025338,164.66280855853654,160.25603251093222,0.3235294117647059,nan,nan
dSPM,10,0,deep_plus_two_surface,case_weighted_within_scenario,67,1,0.8819146731964012,0.8678085869481815,0.8676309071034685,0.6676616915422886,1.805047778287525,21.37918185787706,18.469848569994642,22.475964853232316,16.0675624051616,0.35767763868522695,15.918308682783186,488.34328358208955,473.25373134328356,15.08955223880597,21.37918185787706,66.7293851266251,138.24384368413982,132.28685481910944,0.44776119402985076,nan,nan
dSPM,10,0,surface_only,case_weighted_within_scenario,136,1,0.839174112500667,0.9356215628010699,0.9357461271787407,nan,1.7684928374513258,23.00299140412298,16.43393844315536,nan,nan,0.3275378981042464,nan,427.7720588235294,413.6764705882353,14.095588235294118,23.00299140412298,16.43393844315536,nan,nan,nan,0.10294117647058823,nan
dSPM,10,5,deep_only,case_weighted_within_scenario,30,1,1.0,0.9999911264918585,nan,0.9955555555555555,1.8971095343899589,nan,nan,17.36181362891188,0.8047378695536752,1.0,0.8047378695536752,887.3333333333334,872.6666666666666,14.666666666666666,nan,nan,24.57573934136789,8.134303746827529,0.9666666666666667,nan,nan
dSPM,10,5,deep_plus_surface,case_weighted_within_scenario,136,1,0.8951791335797695,0.9372179991844796,0.9400248718976347,0.7269607843137255,1.7871343901015457,22.101242625351475,16.29707095796757,21.759624875035154,18.163759092792365,0.34726434000158485,17.945515057913454,373.34558823529414,359.13235294117646,14.213235294117647,22.101242625351475,16.29707095796757,167.38555252398348,163.44424779503552,0.3088235294117647,nan,nan
dSPM,10,5,deep_plus_two_surface,case_weighted_within_scenario,67,1,0.8880316491222625,0.8794639094271349,0.8796818615016365,0.6706467661691543,1.7841609189905583,20.56274313715197,17.526804386845324,22.10683792159181,16.691386450275473,0.34048244755409374,16.90246310009729,414.23880597014926,399.64179104477614,14.597014925373134,20.56274313715197,59.53471479136198,156.83921455536404,151.83957922745515,0.3582089552238806,nan,nan
dSPM,10,5,surface_only,case_weighted_within_scenario,136,1,0.8479864348485405,0.9420953844760566,0.9421990538306403,nan,1.7418159343113842,21.440984029626446,15.652061611567724,nan,nan,0.306733449538926,nan,354.75735294117646,341.84558823529414,12.911764705882353,21.440984029626446,15.652061611567724,nan,nan,nan,0.16911764705882354,nan
dSPM,10,10,deep_only,case_weighted_within_scenario,30,1,1.0,0.9999068281645148,nan,0.9844444444444445,1.8919256143613923,nan,nan,16.772971957063945,2.747546910615728,0.9926331039490833,2.747546910615728,833.0333333333333,818.9333333333333,14.1,nan,nan,38.35777125874433,24.73624455613595,0.9,nan,nan
dSPM,10,10,deep_plus_surface,case_weighted_within_scenario,136,1,0.8949269840984343,0.9422530576367862,0.9460768810818524,0.7294117647058823,1.7666055444578979,20.974225100361675,15.646189494036324,21.31526647657094,18.48068077770894,0.3169183822373527,18.43052175716736,345.5514705882353,332.09558823529414,13.455882352941176,20.974225100361675,15.646189494036324,171.92320696820067,168.53546946513003,0.2867647058823529,nan,nan
dSPM,10,10,deep_plus_two_surface,case_weighted_within_scenario,67,1,0.8863387317697453,0.8888400699758547,0.8899927194720815,0.6796019900497512,1.765409146446602,19.945515613886197,16.51734352964336,21.961542621147807,17.561786495024013,0.3147497997239444,17.561786495024013,389.7164179104478,375.44776119402985,14.26865671641791,19.945515613886197,52.22823086685192,173.03487049537478,169.00593086466608,0.2835820895522388,nan,nan
dSPM,10,10,surface_only,case_weighted_within_scenario,136,1,0.854351865447472,0.9451866764783982,0.9452667595650251,nan,1.7174145792321156,20.590942196197403,15.544454659967334,nan,nan,0.28172136906992634,nan,334.0367647058824,322.2720588235294,11.764705882352942,20.590942196197403,15.544454659967334,nan,nan,nan,0.20588235294117646,nan
dSPM,10,15,deep_only,case_weighted_within_scenario,30,1,1.0,0.9998092195749588,nan,0.9755555555555556,1.888347517069539,nan,nan,16.135961104473054,4.495093712029861,0.9843028270312472,4.495093712029861,796.0333333333333,782.5666666666667,13.466666666666667,nan,nan,59.3854044526121,48.47248901676897,0.8,nan,nan
dSPM,10,15,deep_plus_surface,case_weighted_within_scenario,136,1,0.8889121951049401,0.9458739934137396,0.9508531082970689,0.728921568627451,1.7530621694008657,20.183958583209783,13.540715291731923,21.04557784342629,18.422013607799,0.2858650651190336,18.441715750304336,341.30882352941177,328.52941176470586,12.779411764705882,20.183958583209783,13.540715291731923,184.27485873387116,182.061597448228,0.22794117647058823,nan,nan
dSPM,10,15,deep_plus_two_surface,case_weighted_within_scenario,67,1,0.8872188011042994,0.8942928960851818,0.8958948432001362,0.6676616915422886,1.751815301140634,19.24552489895603,14.927543547190059,21.686299674413302,18.879439399258576,0.2882451550939594,18.879439399258576,384.5970149253731,370.92537313432837,13.671641791044776,19.24552489895603,47.62927016048667,175.8927937362485,172.34964896103807,0.26865671641791045,nan,nan
dSPM,10,15,surface_only,case_weighted_within_scenario,136,1,0.8591377746700845,0.948975431804688,0.949034496530449,nan,1.7015613218808898,19.970217675740003,14.34162259698226,nan,nan,0.26166699870603066,nan,330.45588235294116,319.69117647058823,10.764705882352942,19.970217675740003,14.34162259698226,nan,nan,nan,0.25735294117647056,nan
dSPM,10,20,deep_only,case_weighted_within_scenario,30,1,0.9996666666666667,0.9995696348551399,nan,0.9600000000000002,1.8886860988840943,nan,nan,14.93614296387206,4.828427025341646,0.9661005476793192,4.828427025341646,776.1333333333333,764.4,11.733333333333333,nan,nan,58.361403038812036,48.80582233008076,0.8,nan,nan
dSPM,10,20,deep_plus_surface,case_weighted_within_scenario,136,1,0.8718805563757197,0.939955159037151,0.9461092486994682,0.7220588235294118,1.7510373358962619,19.87355080541056,12.569902061319283,21.308215629252203,19.175038351420785,0.25939284813542224,19.10150893826711,347.3970588235294,335.0147058823529,12.382352941176471,19.87355080541056,12.569902061319283,185.75221943946917,183.43445482699235,0.22058823529411764,nan,nan
dSPM,10,20,deep_plus_two_surface,case_weighted_within_scenario,67,1,0.881941837887341,0.89467897953084,0.8969692788880165,0.6925373134328359,1.748064015911845,18.68076922758243,12.941350325309687,21.620545117717757,18.815831305801783,0.2585303163790326,18.815831305801783,390.95522388059703,378.0149253731343,12.940298507462687,18.68076922758243,65.73842770583926,179.08108483600023,175.84262076263633,0.2537313432835821,nan,nan
dSPM,10,20,surface_only,case_weighted_within_scenario,136,1,0.8612050346153289,0.9479308197962306,0.9479693694689293,nan,1.6962606684430543,19.650438103890586,12.33349430090415,nan,nan,0.2398352109532158,nan,337.49264705882354,327.55882352941177,9.933823529411764,19.650438103890586,12.33349430090415,nan,nan,nan,0.29411764705882354,nan
dSPM,15,-10,deep_only,case_weighted_within_scenario,30,1,0.9993333333333333,0.9997825990505347,nan,0.94,1.9107069027373806,nan,nan,20.125922936229134,7.3164611050029515,0.9868600788019627,7.3164611050029515,821.5,805.5,16.0,nan,nan,77.22940210666955,65.74109654130227,0.7333333333333333,nan,nan
dSPM,15,-10,deep_plus_surface,case_weighted_within_scenario,136,1,0.8834800772083509,0.9187832247438067,0.9203313109313188,0.6352941176470589,1.8131093246910184,28.73679984386578,18.594023081983796,22.399330696859767,18.580683405171918,0.4249291790407104,18.55496881153411,838.6764705882352,823.4191176470588,15.257352941176471,28.73679984386578,18.594023081983796,164.74518758649626,160.44616386074605,0.3235294117647059,nan,nan
dSPM,15,-10,deep_plus_two_surface,case_weighted_within_scenario,67,1,0.8710275469402147,0.8504213814919643,0.8498654846938047,0.6318407960199004,1.8072699805201393,22.15804199463735,21.048964699336207,22.710604582961547,17.803968775506856,0.37152752173934683,17.803968791360425,600.7164179104477,585.0597014925373,15.656716417910447,22.15804199463735,78.26751169672337,160.74334043883167,155.78031226584574,0.34328358208955223,nan,nan
dSPM,15,-10,surface_only,case_weighted_within_scenario,136,1,0.8145061374365942,0.9270923812314125,0.9273217432717872,nan,1.7746852913723057,26.983211240549814,18.987011689400923,nan,nan,0.37568767455923485,nan,745.8235294117648,731.6691176470588,14.154411764705882,26.983211240549814,18.987011689400923,nan,nan,nan,0.051470588235294115,nan
dSPM,15,-5,deep_only,case_weighted_within_scenario,30,1,1.0,0.9999112649185856,nan,0.9688888888888889,1.8985390051937816,nan,nan,19.464227489914446,5.373652102247397,0.998383820527401,5.373652102247397,689.8,673.8333333333334,15.966666666666667,nan,nan,62.5615721179569,49.13915577030034,0.8,nan,nan
dSPM,15,-5,deep_plus_surface,case_weighted_within_scenario,136,1,0.8924001593958868,0.9261111365420431,0.9275599341594978,0.6833333333333333,1.799588990823812,26.24982568066532,17.809528154071995,22.029014400867034,18.328542334884403,0.4154570563066485,18.298085457317033,626.8014705882352,611.7867647058823,15.014705882352942,26.24982568066532,17.809528154071995,163.03202504550777,158.75581845318598,0.33088235294117646,nan,nan
dSPM,15,-5,deep_plus_two_surface,case_weighted_within_scenario,67,1,0.8780390446703891,0.8570570004290251,0.8564348987563044,0.6796019900497512,1.795488294924458,21.57774511880256,20.834822749076263,22.384510078669607,16.358196603216047,0.3702750112108608,16.358196603216047,523.955223880597,508.56716417910445,15.388059701492537,21.57774511880256,81.29290473470047,160.60274696017206,155.929565971072,0.34328358208955223,nan,nan
dSPM,15,-5,surface_only,case_weighted_within_scenario,136,1,0.8279611226424257,0.9346011659480706,0.9348079791721405,nan,1.7590744129283113,24.89705081576745,17.156680730813726,nan,nan,0.364911268218436,nan,562.9632352941177,549.1397058823529,13.823529411764707,24.89705081576745,17.156680730813726,nan,nan,nan,0.10294117647058823,nan
dSPM,15,0,deep_only,case_weighted_within_scenario,30,1,1.0,0.9999600692133636,nan,0.9888888888888889,1.885230233126981,nan,nan,18.369697380796,1.9428091236364544,0.9972685956435785,1.9428091236364544,610.8,595.3666666666667,15.433333333333334,nan,nan,32.83080379552556,16.60194084527334,0.9333333333333333,nan,nan
dSPM,15,0,deep_plus_surface,case_weighted_within_scenario,136,1,0.8967502202541631,0.9347479364047074,0.936694461036414,0.7029411764705882,1.7840017886004538,24.419509786900765,17.34612037507783,21.77059112993381,18.774296440201468,0.3970086233380515,18.774296440201468,459.125,444.56617647058823,14.558823529411764,24.419509786900765,17.34612037507783,167.48046298461668,163.74070960894946,0.3088235294117647,nan,nan
dSPM,15,0,deep_plus_two_surface,case_weighted_within_scenario,67,1,0.8828230832577644,0.8656716855627195,0.8651950563438693,0.6855721393034826,1.7808133008995353,21.122242674347834,18.85517145229656,22.21174807337985,17.322527339832764,0.36312365930838036,17.322527339832764,466.86567164179104,451.86567164179104,15.0,21.122242674347834,73.45154439062006,160.46321024493216,155.92956597107198,0.34328358208955223,nan,nan
dSPM,15,0,surface_only,case_weighted_within_scenario,136,1,0.83671739315398,0.9391098616348245,0.9392921045915347,nan,1.7401865169752122,23.045915676604885,16.596741367314518,nan,nan,0.34562664385180936,nan,415.65441176470586,402.70588235294116,12.948529411764707,23.045915676604885,16.596741367314518,nan,nan,nan,0.11764705882352941,nan
dSPM,15,5,deep_only,case_weighted_within_scenario,30,1,1.0,0.9999733794755756,nan,0.9911111111111112,1.8739948979797456,nan,nan,17.567139833812686,1.4714045344837434,0.9989484447546289,1.4714045344837434,591.3333333333334,576.5,14.833333333333334,nan,nan,24.775225106269797,8.800970411757596,0.9666666666666667,nan,nan
dSPM,15,5,deep_plus_surface,case_weighted_within_scenario,136,1,0.9011383882958264,0.9369770083399536,0.9390349365059762,0.7259803921568627,1.767250430168932,22.772299328743237,15.725730330193933,21.38968021096738,18.34649176398044,0.3683337184501055,18.316034876977717,371.0220588235294,357.0882352941176,13.933823529411764,22.772299328743237,15.725730330193933,172.0562824182178,168.5354694513911,0.2867647058823529,nan,nan
dSPM,15,5,deep_plus_two_surface,case_weighted_within_scenario,67,1,0.8885778714735737,0.8784330986950795,0.878398012130771,0.699502487562189,1.76554195299224,20.632974170693863,17.841828319279443,21.82717869304152,15.635824224493795,0.34835577964040954,16.1308428494544,414.25373134328356,399.8955223880597,14.35820895522388,20.632974170693863,69.46864229826403,153.74702863547938,148.79436862297703,0.373134328358209,nan,nan
dSPM,15,5,surface_only,case_weighted_within_scenario,136,1,0.8453006365773658,0.9428511034290769,0.9429967869838466,nan,1.7219245669198118,21.87086659801742,15.677997012014446,nan,nan,0.32078130762598567,nan,358.69117647058823,346.68382352941177,12.007352941176471,21.87086659801742,15.677997012014446,nan,nan,nan,0.14705882352941177,nan
dSPM,15,10,deep_only,case_weighted_within_scenario,30,1,1.0,0.9999733794755756,nan,0.9933333333333334,1.8689052024079327,nan,nan,17.00904092636318,1.000000054854849,0.9987914855184087,1.000000054854849,661.5666666666667,647.1,14.466666666666667,nan,nan,17.00904092636318,1.000000054854849,1.0,nan,nan
dSPM,15,10,deep_plus_surface,case_weighted_within_scenario,136,1,0.9019095356739749,0.9423800450690908,0.9450983656689603,0.7308823529411765,1.7526935746973147,21.52998901152587,15.823996493427638,20.99460569660432,17.8700928266213,0.3384927159742742,17.601689777162182,339.6029411764706,326.41911764705884,13.183823529411764,21.52998901152587,15.823996493427638,167.0996718179782,163.40351945531407,0.3088235294117647,nan,nan
dSPM,15,10,deep_plus_two_surface,case_weighted_within_scenario,67,1,0.889837015136803,0.8818764351410686,0.8820387367456825,0.6865671641791045,1.7533100618408317,20.24377990329397,17.373174249741517,21.451519423330996,16.498567066209585,0.3320471774093796,16.214625093096515,385.8955223880597,372.2686567164179,13.626865671641792,20.24377990329397,65.87823490792118,160.02587251910595,155.33255102368548,0.34328358208955223,nan,nan
dSPM,15,10,surface_only,case_weighted_within_scenario,136,1,0.852219685480755,0.9477173804116662,0.9478375291584991,nan,1.704376826716466,21.127985290064498,16.175640653870257,nan,nan,0.29995496432097324,nan,330.5882352941176,319.69117647058823,10.897058823529411,21.127985290064498,16.175640653870257,nan,nan,nan,0.22058823529411764,nan
dSPM,15,15,deep_only,case_weighted_within_scenario,30,1,1.0,0.9999423221970806,nan,0.9866666666666667,1.8692623413902347,nan,nan,16.679605591025506,2.5522847373028594,0.9946578533030981,2.5522847373028594,704.7,690.5333333333333,14.166666666666666,nan,nan,45.54296926924962,31.87054826009694,0.8666666666666667,nan,nan
dSPM,15,15,deep_plus_surface,case_weighted_within_scenario,136,1,0.8976800144896773,0.9418409566324215,0.9453908709612859,0.728921568627451,1.7422863230586467,20.678686312525805,15.0987429310456,20.868998530918137,18.352146636212524,0.31212111161320655,18.352146636212524,331.8602941176471,319.3897058823529,12.470588235294118,20.678686312525805,15.0987429310456,168.40378206582886,164.94680606431191,0.3014705882352941,nan,nan
dSPM,15,15,deep_plus_two_surface,case_weighted_within_scenario,67,1,0.8905021834940015,0.8921475527056556,0.8930295485458342,0.6766169154228856,1.7435044987245314,19.819539395110823,16.66531567588996,21.433101532995845,18.024929433029435,0.31100165450364536,18.024929433029435,372.34328358208955,359.05970149253733,13.283582089552239,19.819539395110823,52.35190907864012,179.0628160124974,175.8426207797885,0.2537313432835821,nan,nan
dSPM,15,15,surface_only,case_weighted_within_scenario,136,1,0.8549198011154158,0.9457735548904994,0.9458628994823823,nan,1.6908499457407435,20.480017569141552,15.566491272087282,nan,nan,0.2783113677568552,nan,323.8897058823529,313.54411764705884,10.345588235294118,20.480017569141552,15.566491272087282,nan,nan,nan,0.21323529411764705,nan
dSPM,15,20,deep_only,case_weighted_within_scenario,30,1,1.0,0.9998447136075247,nan,0.9800000000000001,1.8753906237550766,nan,nan,15.994021562492795,3.8284270854062914,0.9822527991822495,3.8284270854062914,730.5,717.3666666666667,13.133333333333333,nan,nan,59.23837587116326,47.8058223901454,0.8,nan,nan
dSPM,15,20,deep_plus_surface,case_weighted_within_scenario,136,1,0.8916557686329639,0.9463406125090894,0.9510174466516595,0.7377450980392157,1.7400804644800525,20.101737201811655,13.747050137762436,20.825234998580683,18.57333487234743,0.28549424945579815,18.57333487234743,333.16911764705884,320.9779411764706,12.191176470588236,20.101737201811655,13.747050137762436,179.54479037947985,176.8453632983971,0.25,nan,nan
dSPM,15,20,deep_plus_two_surface,case_weighted_within_scenario,67,1,0.8879341624901415,0.8955027345170693,0.8970215210675163,0.6825870646766169,1.7387439665095819,19.249954251184715,15.396258901470764,21.46194421440986,18.212561266408557,0.28660287577326987,18.42363791009664,383.8059701492537,370.7313432835821,13.074626865671641,19.249954251184715,48.02802799920309,182.20858118422333,179.18633885900832,0.23880597014925373,nan,nan
dSPM,15,20,surface_only,case_weighted_within_scenario,136,1,0.8615199552177011,0.9509255630924734,0.9509882730990222,nan,1.6878327098074384,19.950356814599573,13.753027115102782,nan,nan,0.2609820011754192,nan,326.2647058823529,316.9632352941176,9.301470588235293,19.950356814599573,13.753027115102782,nan,nan,nan,0.25735294117647056,nan
dSPM,20,-10,deep_only,case_weighted_within_scenario,30,1,0.9969999999999999,0.9996361861662008,nan,0.92,1.8871146012879898,nan,nan,20.416861511115247,7.031882566153761,0.9854450374464279,7.031882566153761,478.0,462.0,16.0,nan,nan,91.32232533750405,80.00970397554242,0.6666666666666666,nan,nan
dSPM,20,-10,deep_plus_surface,case_weighted_within_scenario,136,1,0.8828314518716702,0.919854009367772,0.9210418650722112,0.6205882352941177,1.7934973465218857,27.536153057165997,20.430151077623677,21.994620936544123,19.25255413026785,0.4333946830035199,19.25255413026785,576.4926470588235,561.8235294117648,14.669117647058824,27.536153057165997,20.430151077623677,175.4297782684289,172.19766227116838,0.27205882352941174,nan,nan
dSPM,20,-10,deep_plus_two_surface,case_weighted_within_scenario,67,1,0.8643709756721814,0.8424574853385252,0.8416962320639014,0.6218905472636818,1.7912506343651913,22.248011188854868,23.084960186408715,22.458614559540834,18.929947850644837,0.3771459050828041,19.036334113754247,527.8507462686567,512.8358208955224,15.014925373134329,22.248011188854868,79.75652332159729,179.52969551349662,176.14112824811386,0.2537313432835821,nan,nan
dSPM,20,-10,surface_only,case_weighted_within_scenario,136,1,0.8020915387427296,0.9217492403898327,0.92201186716176,nan,1.7550959670324107,25.75562924895978,19.947546828007148,nan,nan,0.37714965332599776,nan,513.4411764705883,501.4485294117647,11.992647058823529,25.75562924895978,19.947546828007148,nan,nan,nan,0.04411764705882353,nan
dSPM,20,-5,deep_only,case_weighted_within_scenario,30,1,0.999,0.9998358400993833,nan,0.9488888888888888,1.8790449750312652,nan,nan,19.83322343787795,6.422406936663168,0.9919468199870896,6.422406936663168,517.2666666666667,501.26666666666665,16.0,nan,nan,77.18133960625492,64.74109657504872,0.7333333333333333,nan,nan
dSPM,20,-5,deep_plus_surface,case_weighted_within_scenario,136,1,0.889056799173944,0.9232592161305961,0.9245236045823502,0.6504901960784314,1.7826773892550616,26.074652086931657,18.852634804196374,21.880496371545398,18.968386237328325,0.4222944809345001,18.968386237328325,495.9852941176471,481.25,14.735294117647058,26.074652086931657,18.852634804196374,172.22117427275415,169.0501753313393,0.2867647058823529,nan,nan
dSPM,20,-5,deep_plus_two_surface,case_weighted_within_scenario,67,1,0.8727996332966169,0.8543194450132926,0.8537058216447453,0.6398009950248756,1.7804049776501,21.489363759082007,20.849070827957437,22.053470039785644,17.55584114800118,0.36942347008146725,17.643271956561613,484.34328358208955,469.4925373134328,14.850746268656716,21.489363759082007,87.6666956278786,163.57620399603476,159.4225377898224,0.3283582089552239,nan,nan
dSPM,20,-5,surface_only,case_weighted_within_scenario,136,1,0.8161873878175098,0.9299186156289397,0.9301568698230906,nan,1.7422017150183147,24.399420268530335,18.516664890904362,nan,nan,0.369945079929706,nan,451.88235294117646,439.99264705882354,11.889705882352942,24.399420268530335,18.516664890904362,nan,nan,nan,0.051470588235294115,nan
dSPM,20,0,deep_only,case_weighted_within_scenario,30,1,0.9979999999999999,0.9998846443941612,nan,0.9688888888888889,1.8689687029439044,nan,nan,19.150362885134687,4.991564017467121,0.995971649996436,4.991564017467121,511.3666666666667,495.6333333333333,15.733333333333333,nan,nan,47.94443576511813,34.203881709436615,0.8666666666666667,nan,nan
dSPM,20,0,deep_plus_surface,case_weighted_within_scenario,136,1,0.8941805901550028,0.9322281932826354,0.9339839888264386,0.6754901960784314,1.7708806044031322,24.899984810026783,17.532271497897742,21.61511540959452,18.374008283804542,0.41168399035663544,18.343551401338733,440.86764705882354,426.70588235294116,14.161764705882353,24.899984810026783,17.532271497897742,170.59388236510583,167.2127711002424,0.29411764705882354,nan,nan
dSPM,20,0,deep_plus_two_surface,case_weighted_within_scenario,67,1,0.8796409158905661,0.8649984482940966,0.8646530382205286,0.6467661691542289,1.7689135055648768,21.14724243541962,20.56621092331542,21.95159068692423,17.24567220504884,0.3616498051565471,17.24567220504884,459.94029850746267,445.3134328358209,14.626865671641792,21.14724243541962,81.10046641176731,157.0925581764176,152.28734044172745,0.3582089552238806,nan,nan
dSPM,20,0,surface_only,case_weighted_within_scenario,136,1,0.8290087717440828,0.9368097012396583,0.9370273992401308,nan,1.726684320049732,23.360945422113105,17.62048036661675,nan,nan,0.357547487857399,nan,410.3382352941176,398.55882352941177,11.779411764705882,23.360945422113105,17.62048036661675,nan,nan,nan,0.10294117647058823,nan
dSPM,20,5,deep_only,case_weighted_within_scenario,30,1,0.9993333333333333,0.9999423221970806,nan,0.9844444444444445,1.8582641459614853,nan,nan,18.405215036178,2.471404593805697,0.9966694846923237,2.471404593805697,519.4666666666667,504.1,15.366666666666667,nan,nan,25.64495395268864,9.80097045462414,0.9666666666666667,nan,nan
dSPM,20,5,deep_plus_surface,case_weighted_within_scenario,136,1,0.9013205378931406,0.9371782408855679,0.9389574738512647,0.7053921568627451,1.7573679749562978,23.62696700869464,17.088764404062477,21.40248495695402,18.20625315765442,0.3931019087768505,18.20625315765442,393.5514705882353,379.6102941176471,13.941176470588236,23.62696700869464,17.088764404062477,165.67110452742668,162.09343673168672,0.3161764705882353,nan,nan
dSPM,20,5,deep_plus_two_surface,case_weighted_within_scenario,67,1,0.8854528652123526,0.8715155307579725,0.87118050003638,0.6945273631840797,1.756995785406854,20.838484111639037,18.775308323720378,21.710348243433476,17.04239369395339,0.36265822595269,16.89313997157498,431.56716417910445,417.4925373134328,14.074626865671641,20.838484111639037,73.39194504093632,163.23638875970124,159.57179152398507,0.3283582089552239,nan,nan
dSPM,20,5,surface_only,case_weighted_within_scenario,136,1,0.8373143139732591,0.9391565962664408,0.939345373235453,nan,1.7109753658918625,22.39843921223204,16.484804005263875,nan,nan,0.34121318206847745,nan,374.3970588235294,362.99264705882354,11.404411764705882,22.39843921223204,16.484804005263875,nan,nan,nan,0.13970588235294118,nan
dSPM,20,10,deep_only,case_weighted_within_scenario,30,1,0.9993333333333333,0.9999733794755756,nan,0.9888888888888889,1.8489858015425136,nan,nan,17.426854574500297,1.942809068874546,1.0,1.942809068874546,542.5,527.6666666666666,14.833333333333334,nan,nan,31.88554243000607,16.60194080696684,0.9333333333333333,nan,nan
dSPM,20,10,deep_plus_surface,case_weighted_within_scenario,136,1,0.9030202504643183,0.9394073926796334,0.941417849238259,0.7264705882352941,1.7457386440005227,22.528918355496042,16.917357657872426,20.931450902624054,17.99649074135668,0.3679977464008177,17.99649074135668,354.7352941176471,341.56617647058823,13.169117647058824,22.528918355496042,16.917357657872426,165.53437737494448,161.6522602817921,0.3161764705882353,nan,nan
dSPM,20,10,deep_plus_two_surface,case_weighted_within_scenario,67,1,0.888998844893183,0.8794064594969152,0.8793004972333635,0.6865671641791045,1.7469244897140992,20.53755653352459,17.444171754300044,21.492258603006672,15.358103587232108,0.3496170258944608,15.358103587232108,399.35820895522386,385.55223880597015,13.805970149253731,20.53755653352459,69.16594849507074,150.55544826286547,145.15214304754386,0.3880597014925373,nan,nan
dSPM,20,10,surface_only,case_weighted_within_scenario,136,1,0.8475527238334329,0.9459902443485073,0.9461473995992298,nan,1.6961544366660657,21.5798224578312,15.852737897044847,nan,nan,0.3183106352891046,nan,341.09558823529414,330.50735294117646,10.588235294117647,21.5798224578312,15.852737897044847,nan,nan,nan,0.17647058823529413,nan
dSPM,20,15,deep_only,case_weighted_within_scenario,30,1,1.0,0.9999733794755757,nan,0.9911111111111112,1.850104669458864,nan,nan,16.742346320579305,1.6094757391073504,0.9995476527856755,1.6094757391073504,598.5,584.3333333333334,14.166666666666666,nan,nan,31.20151610690088,16.268607493655058,0.9333333333333333,nan,nan
dSPM,20,15,deep_plus_surface,case_weighted_within_scenario,136,1,0.9036854457016117,0.9445597618165044,0.9473167576260584,0.7426470588235294,1.7368642303548687,21.352132198015163,16.007618747892813,20.615981432669344,17.792042126797952,0.3382724428855258,17.792042126797952,329.2720588235294,316.70588235294116,12.566176470588236,21.352132198015163,16.007618747892813,168.39967165588473,164.94680607856733,0.3014705882352941,nan,nan
dSPM,20,15,deep_plus_two_surface,case_weighted_within_scenario,67,1,0.8914376281294135,0.8863785474281384,0.886607493195945,0.6885572139303483,1.7394067207783812,20.194449389491933,17.195258543166755,21.355895998758818,16.908251164505486,0.33258132552645825,16.908251164505486,375.56716417910445,362.2985074626866,13.26865671641791,20.194449389491933,62.503824907100295,159.8377893358332,155.48180479752037,0.34328358208955223,nan,nan
dSPM,20,15,surface_only,case_weighted_within_scenario,136,1,0.8515866830036523,0.946338501684442,0.9464636809023946,nan,1.6868385925016394,20.996120164761958,16.20829676854682,nan,nan,0.2974531339090507,nan,321.93382352941177,312.18382352941177,9.75,20.996120164761958,16.20829676854682,nan,nan,nan,0.22058823529411764,nan
dSPM,20,20,deep_only,case_weighted_within_scenario,30,1,1.0,0.999920138426727,nan,0.9866666666666667,1.8594214869263141,nan,nan,16.57231002817527,2.414213557287085,0.9932133849495725,2.414213557287085,673.1666666666666,659.2,13.966666666666667,nan,nan,38.153705700548194,24.402911216505974,0.9,nan,nan
dSPM,20,20,deep_plus_surface,case_weighted_within_scenario,136,1,0.9003003145515912,0.9455556673299776,0.9490026557508289,0.7318627450980392,1.733819617087732,20.718757642754753,15.35255127999786,20.657132526436317,18.411931341437413,0.3116285595708336,18.411931341437413,327.52941176470586,315.5,12.029411764705882,20.718757642754753,15.35255127999786,180.8972684025448,178.56616559410244,0.2426470588235294,nan,nan
dSPM,20,20,deep_plus_two_surface,case_weighted_within_scenario,67,1,0.8925513884720425,0.8948169778350394,0.8956735230519461,0.6885572139303483,1.7342947356388039,19.7979420139138,16.12445544916855,21.250681492895556,17.16273658635935,0.31661131774623363,17.16273658635935,369.5223880597015,356.32835820895525,13.194029850746269,19.7979420139138,55.15215510417311,169.3718058021557,165.51295904591566,0.29850746268656714,nan,nan
dSPM,20,20,surface_only,case_weighted_within_scenario,136,1,0.8567410577881222,0.9465985841200117,0.9466910073502293,nan,1.6804211223255432,20.402562133057774,15.287431144510185,nan,nan,0.28095133631208946,nan,318.5147058823529,309.63235294117646,8.882352941176471,20.402562133057774,15.287431144510185,nan,nan,nan,0.2426470588235294,nan
eLORETA,-10,-10,deep_only,case_weighted_within_scenario,30,1,0.42299999999999993,0.6992013842672701,nan,0.7711111111111112,1.9859377559636833,nan,nan,23.095974023092232,12.172227697658089,0.6441590137741181,12.546362878475913,7461.366666666667,7445.366666666667,16.0,nan,nan,128.17884519842468,120.76210286095187,0.5,nan,nan
eLORETA,-10,-10,deep_plus_surface,case_weighted_within_scenario,136,1,0.5667589604449915,0.7100552672860917,0.7415423206140077,0.4965686274509804,1.950399654900411,76.10606708249648,57.094148386772545,24.03356716574097,24.307205557779874,0.40347652634293896,22.60571829925659,6672.676470588235,6656.676470588235,16.0,76.10606708249648,57.094148386772545,192.32916244277234,190.2878536914025,0.19852941176470587,nan,nan
eLORETA,-10,-10,deep_plus_two_surface,case_weighted_within_scenario,67,1,0.6872776872687159,0.6363146407923669,0.6503203749938218,0.4597014925373135,1.950182336891761,52.35221101097878,48.97737698734205,24.35613919727549,26.405449455497326,0.3883746042768548,25.565087046253186,6738.850746268657,6722.850746268657,16.0,52.35221101097878,48.97737698734205,212.14210458703903,211.28573159520244,0.1044776119402985,nan,nan
eLORETA,-10,-10,surface_only,case_weighted_within_scenario,136,1,0.6692214553238355,0.7530777347372395,0.7527201877075316,nan,1.93766880272296,75.9321507586652,53.780321727128005,nan,nan,0.39573165412772426,nan,6559.60294117647,6543.60294117647,16.0,75.9321507586652,53.780321727128005,nan,nan,nan,0.0,nan
eLORETA,-10,-5,deep_only,case_weighted_within_scenario,30,1,0.7949999999999999,0.9462842184657703,nan,0.9066666666666667,1.9790306097477617,nan,nan,22.289167065162545,8.573783049087242,0.7995135150274921,7.918875132413129,7494.5,7478.5,16.0,nan,nan,71.43917038427858,59.74486395621327,0.7666666666666667,nan,nan
eLORETA,-10,-5,deep_plus_surface,case_weighted_within_scenario,136,1,0.6172168196213192,0.8024803514433557,0.8319369348198412,0.5083333333333334,1.9321057859371402,73.47787186255982,36.31559163309567,23.907557905855608,22.43422051714651,0.41942233988430894,21.56803192054017,6183.279411764706,6167.279411764706,16.0,73.47787186255982,36.31559163309567,192.09493152312675,189.9192365928077,0.19852941176470587,nan,nan
eLORETA,-10,-5,deep_plus_two_surface,case_weighted_within_scenario,67,1,0.7214867242395631,0.7050842311368596,0.7177234145809748,0.5194029850746268,1.9318596209330594,51.254403359417054,40.16720426590063,24.019077400650716,23.104255839686715,0.3899536497577723,23.963955416017935,6425.522388059701,6409.522388059701,16.0,51.254403359417054,40.16720426590063,205.60806205207894,204.1081671339729,0.13432835820895522,nan,nan
eLORETA,-10,-5,surface_only,case_weighted_within_scenario,136,1,0.7684912290331353,0.8476645919603802,0.8475273425078634,nan,1.915482399715448,72.72697816644798,33.2575679809766,nan,nan,0.4023060017497734,nan,6027.85294117647,6011.85294117647,16.0,72.72697816644798,33.2575679809766,nan,nan,nan,0.029411764705882353,nan
eLORETA,-10,0,deep_only,case_weighted_within_scenario,30,1,0.9849999999999999,0.9972403389680111,nan,0.9355555555555556,1.9680805085122162,nan,nan,20.736993546407525,6.55228456687017,0.9688708265697381,4.276142220545884,7414.233333333334,7398.233333333334,16.0,nan,nan,34.8801286721504,21.211416348815206,0.9333333333333333,nan,nan
eLORETA,-10,0,deep_plus_surface,case_weighted_within_scenario,136,1,0.6847503229351596,0.8890735800369717,0.9127606601693247,0.5470588235294118,1.906406034914753,61.72773289464923,13.381932539830988,23.738884038998364,21.969091969385627,0.3972908260719346,21.27076440100688,4749.10294117647,4733.10294117647,16.0,61.72773289464923,13.381932539830988,198.26366924670347,195.95692980535435,0.16911764705882354,nan,nan
eLORETA,-10,0,deep_plus_two_surface,case_weighted_within_scenario,67,1,0.7769300164470425,0.7878201061993605,0.796356722524711,0.5751243781094528,1.9055470443493574,47.28851005044788,32.2069972968461,23.733609992521966,19.613964083850917,0.37762531651612213,20.520587434006547,4873.686567164179,4857.686567164179,16.0,47.28851005044788,32.2069972968461,189.8996215230728,187.067804912221,0.208955223880597,nan,nan
eLORETA,-10,0,surface_only,case_weighted_within_scenario,136,1,0.8374927280773631,0.9120217740037299,0.9120016447495999,nan,1.8842119926963539,61.237591138276684,15.680558834866176,nan,nan,0.36675548211270875,nan,4506.933823529412,4490.933823529412,16.0,61.237591138276684,15.680558834866176,nan,nan,nan,0.029411764705882353,nan
eLORETA,-10,5,deep_only,case_weighted_within_scenario,30,1,1.0,0.9999689427215049,nan,0.9866666666666667,1.9489299946435492,nan,nan,18.432855381814466,2.1380711897670888,1.0,0.6666666529417629,6497.0,6481.2,15.8,nan,nan,18.432855381814466,2.1380711897670888,1.0,nan,nan
eLORETA,-10,5,deep_plus_surface,case_weighted_within_scenario,136,1,0.746652915327827,0.9203139556439971,0.9368436768791085,0.5617647058823529,1.8720215087355372,41.65709059294416,7.189863008601362,23.529570440904777,20.33189313554165,0.36598493716043334,20.891704952116346,2447.6470588235293,2431.654411764706,15.992647058823529,41.65709059294416,7.189863008601362,182.66075227461957,179.36496731976084,0.2426470588235294,nan,nan
eLORETA,-10,5,deep_plus_two_surface,case_weighted_within_scenario,67,1,0.8242502984813989,0.8440437381654002,0.8492640115400775,0.5412935323383086,1.869799521815451,32.45987260424054,18.982099234361062,23.577093583642462,18.94044323763476,0.3491898075929288,18.947799545174444,2422.194029850746,2406.194029850746,16.0,32.45987260424054,22.191756139165783,167.60129917829576,162.684090151456,0.31343283582089554,nan,nan
eLORETA,-10,5,surface_only,case_weighted_within_scenario,136,1,0.8627708732499347,0.9376735206947567,0.9377120035714517,nan,1.841537504315075,39.83054730387794,7.147387108864069,nan,nan,0.3427178099831626,nan,2186.764705882353,2170.8382352941176,15.926470588235293,39.83054730387794,7.147387108864069,nan,nan,nan,0.051470588235294115,nan
eLORETA,-10,10,deep_only,case_weighted_within_scenario,30,1,1.0,1.0,nan,1.0,1.924521838093516,nan,nan,14.874360369416227,0.0,1.0,0.0,2969.266666666667,2957.5333333333333,11.733333333333333,nan,nan,14.874360369416227,0.0,1.0,nan,nan
eLORETA,-10,10,deep_plus_surface,case_weighted_within_scenario,136,1,0.8038919150575569,0.9303526445956846,0.9405126831846056,0.5887254901960784,1.83212304645056,26.838661066036337,7.120532845436789,23.123488707451617,20.98577583193991,0.34448562723389264,21.18854572000542,883.8897058823529,868.4558823529412,15.433823529411764,26.838661066036337,7.120532845436789,194.75711386848008,192.39349770269055,0.18382352941176472,nan,nan
eLORETA,-10,10,deep_plus_two_surface,case_weighted_within_scenario,67,1,0.8602823994492125,0.869623659523407,0.8729234686980164,0.6049751243781094,1.8298200497034218,23.818258277541222,11.930060828115726,23.278969337157058,18.45863682117509,0.31776925745741913,18.412797741144626,1026.3880597014925,1010.6268656716418,15.761194029850746,23.818258277541222,51.70899534062228,173.45414347292106,169.20244201870594,0.2835820895522388,nan,nan
eLORETA,-10,10,surface_only,case_weighted_within_scenario,136,1,0.864776960807922,0.9409047542404569,0.9409586490372388,nan,1.7944369452303626,25.85853333620717,6.822313126025317,nan,nan,0.3244975465787765,nan,822.4191176470588,807.2794117647059,15.139705882352942,25.85853333620717,6.822313126025317,nan,nan,nan,0.1323529411764706,nan
eLORETA,-10,15,deep_only,case_weighted_within_scenario,30,1,1.0,1.0,nan,1.0,1.9042755524399344,nan,nan,13.799418814349727,0.0,1.0,0.0,1332.3333333333333,1322.4666666666667,9.866666666666667,nan,nan,13.799418814349727,0.0,1.0,nan,nan
eLORETA,-10,15,deep_plus_surface,case_weighted_within_scenario,136,1,0.828569042149311,0.9308427681468383,0.9406061243518666,0.5980392156862746,1.8063118703437662,23.926649838401005,6.908355058252276,22.14746994733386,20.108778047895925,0.34470028537638087,20.255056986885567,608.7058823529412,595.1985294117648,13.507352941176471,23.926649838401005,6.908355058252276,187.9055149850039,185.5533610597114,0.21323529411764705,nan,nan
eLORETA,-10,15,deep_plus_two_surface,case_weighted_within_scenario,67,1,0.8706108262194892,0.8728961622196773,0.8757387201624546,0.6119402985074627,1.8040806911135132,22.2191004083992,12.677232326292195,22.509922946375127,19.344632438497406,0.32110404734573195,19.04360298757187,693.9104477611941,679.5074626865671,14.402985074626866,22.2191004083992,55.62610447390126,185.76419268057663,182.67931066060655,0.22388059701492538,nan,nan
eLORETA,-10,15,surface_only,case_weighted_within_scenario,136,1,0.8642843618346755,0.9429834228376012,0.9430409053469949,nan,1.7627801754242554,23.364852054275428,7.1409920722211275,nan,nan,0.32637695193687594,nan,584.4558823529412,571.2941176470588,13.161764705882353,23.364852054275428,7.1409920722211275,nan,nan,nan,0.11029411764705882,nan
eLORETA,-10,20,deep_only,case_weighted_within_scenario,30,1,1.0,1.0,nan,1.0,1.8934222465401016,nan,nan,13.688154797950498,0.0,1.0,0.0,1174.3333333333333,1164.7333333333333,9.6,nan,nan,13.688154797950498,0.0,1.0,nan,nan
eLORETA,-10,20,deep_plus_surface,case_weighted_within_scenario,136,1,0.8335431115749663,0.9336708515122979,0.9432932715089812,0.6117647058823529,1.796888588937365,24.20607320484677,6.877337082725961,21.690685618344713,20.73812512027455,0.3531000068717995,20.634138832465283,599.4485294117648,587.9632352941177,11.485294117647058,24.20607320484677,6.877337082725961,187.48049457013457,185.4798316520959,0.21323529411764705,nan,nan
eLORETA,-10,20,deep_plus_two_surface,case_weighted_within_scenario,67,1,0.8661140400775001,0.8716312652361834,0.8748079156829395,0.6000000000000002,1.7955117796983862,22.366096633704323,12.237319392397353,22.18672732083371,19.60510810600626,0.32325591371022044,19.60510810600626,668.7164179104477,655.8656716417911,12.850746268656716,22.366096633704323,65.20252356287614,185.180817646053,182.53005693822814,0.22388059701492538,nan,nan
eLORETA,-10,20,surface_only,case_weighted_within_scenario,136,1,0.8625850278004771,0.9418435766243369,0.9419002285355726,nan,1.751649756674207,23.61053596953184,6.667139193368352,nan,nan,0.3330874238089534,nan,576.625,566.4779411764706,10.147058823529411,23.61053596953184,6.667139193368352,nan,nan,nan,0.08823529411764706,nan
eLORETA,-5,-10,deep_only,case_weighted_within_scenario,30,1,0.5103333333333333,0.7316695505568126,nan,0.9022222222222223,1.9812369895701378,nan,nan,22.291604713513813,10.196162051020114,0.6502122712656813,6.773442837011719,7315.433333333333,7299.433333333333,16.0,nan,nan,64.62695218552344,52.89520828329064,0.8,nan,nan
eLORETA,-5,-10,deep_plus_surface,case_weighted_within_scenario,136,1,0.5793668803728766,0.7541575221709822,0.7904609194042981,0.5553921568627451,1.9356873031794137,75.41057499853075,46.30531997508887,24.09274898313861,25.68783798802981,0.35487764382160275,23.431646152066016,5854.411764705882,5838.411764705882,16.0,75.41057499853075,46.30531997508887,196.97849206420716,195.79245789098064,0.17647058823529413,nan,nan
eLORETA,-5,-10,deep_plus_two_surface,case_weighted_within_scenario,67,1,0.7014845329787796,0.6735809847763236,0.6890169235682096,0.5343283582089553,1.9343214926651087,51.90514054577991,42.53800110960563,24.08148808343859,26.46180226353917,0.33120946095272275,23.52313960020558,5940.3432835820895,5924.3432835820895,16.0,51.90514054577991,42.53800110960563,208.85988463656315,208.40290861886842,0.11940298507462686,nan,nan
eLORETA,-5,-10,surface_only,case_weighted_within_scenario,136,1,0.7078667580947244,0.7891263332375792,0.788784182614297,nan,1.9175779601442875,74.46978764540519,39.25434144060625,nan,nan,0.34027307525434286,nan,5700.470588235294,5684.470588235294,16.0,74.46978764540519,39.25434144060625,nan,nan,nan,0.014705882352941176,nan
eLORETA,-5,-5,deep_only,case_weighted_within_scenario,30,1,0.9353333333333332,0.9828652557788722,nan,0.9466666666666668,1.9729002570379361,nan,nan,21.493908301462643,4.8856180624914805,0.9020780885757795,3.4142135010583234,7463.366666666667,7447.366666666667,16.0,nan,nan,42.54521647902382,26.874315691556298,0.9,nan,nan
eLORETA,-5,-5,deep_plus_surface,case_weighted_within_scenario,136,1,0.629774293850151,0.8234379813360023,0.8567195659292185,0.5622549019607843,1.915419635246318,69.72286500054759,28.44004830350617,23.84073573228867,22.700532916802043,0.36229941643131386,21.17098377462981,5224.375,5208.375,16.0,69.72286500054759,28.44004830350617,182.7966775978787,180.7170714626737,0.2426470588235294,nan,nan
eLORETA,-5,-5,deep_plus_two_surface,case_weighted_within_scenario,67,1,0.7335610298226198,0.7317597363929736,0.746939066651566,0.5044776119402987,1.9141526010558998,50.428170756702684,37.23268188142279,23.974588661362333,25.245656227601586,0.33339741940778794,21.612311531568505,5188.432835820896,5172.432835820896,16.0,50.428170756702684,37.23268188142279,190.00575435389013,188.51150338299334,0.208955223880597,nan,nan
eLORETA,-5,-5,surface_only,case_weighted_within_scenario,136,1,0.7864284240739335,0.8633585244363396,0.863179772434649,nan,1.8925896598490368,68.58492758910803,27.842853847693718,nan,nan,0.3409720945801072,nan,4945.507352941177,4929.507352941177,16.0,68.58492758910803,27.842853847693718,nan,nan,nan,0.08088235294117647,nan
eLORETA,-5,0,deep_only,case_weighted_within_scenario,30,1,1.0,0.9998668973778784,nan,0.9955555555555555,1.9610237100320946,nan,nan,20.297076432496688,0.8047378758340121,0.9968162497160917,0.0,7406.366666666667,7390.366666666667,16.0,nan,nan,20.297076432496688,0.8047378758340121,1.0,nan,nan
eLORETA,-5,0,deep_plus_surface,case_weighted_within_scenario,136,1,0.6817451823440555,0.8816857126228868,0.9091910238122715,0.5558823529411764,1.887484298339859,56.709907712250754,10.488713198727043,23.701281597549144,22.06001662193709,0.35476325980022083,22.372967939275775,3879.375,3863.375,16.0,56.709907712250754,10.488713198727043,195.25511401218577,192.67451643933578,0.18382352941176472,nan,nan
eLORETA,-5,0,deep_plus_two_surface,case_weighted_within_scenario,67,1,0.7753799493713113,0.8040462743686175,0.8164346703143296,0.565174129353234,1.8855450831229617,41.76297648094009,24.778802508799142,23.621316476987875,20.00409022013066,0.325902189503528,20.06769944546815,3647.5671641791046,3631.5671641791046,16.0,41.76297648094009,27.90194145428389,180.3262653897795,177.1632464458355,0.2537313432835821,nan,nan
eLORETA,-5,0,surface_only,case_weighted_within_scenario,136,1,0.8332748177824426,0.9094471019932988,0.9093900883109625,nan,1.8593887342936395,55.20044986494147,10.683833758814998,nan,nan,0.32121718172412367,nan,3600.830882352941,3584.8529411764707,15.977941176470589,55.20044986494147,10.683833758814998,nan,nan,nan,0.10294117647058823,nan
eLORETA,-5,5,deep_only,case_weighted_within_scenario,30,1,1.0,0.9999955632459293,nan,0.9977777777777778,1.9459604837832987,nan,nan,18.54193001618098,0.3333333396299779,1.0,0.0,6387.566666666667,6371.766666666666,15.8,nan,nan,18.54193001618098,0.3333333396299779,1.0,nan,nan
eLORETA,-5,5,deep_plus_surface,case_weighted_within_scenario,136,1,0.7505106970099543,0.9179552267398057,0.9363900388585141,0.6151960784313725,1.853739828573328,37.31775941237373,7.412633349135812,23.39172344634516,20.657030693131862,0.3360494089172587,21.154636885225933,1839.4191176470588,1823.4632352941176,15.955882352941176,37.31775941237373,7.412633349135812,193.4268764603919,190.7157679495979,0.19117647058823528,nan,nan
eLORETA,-5,5,deep_plus_two_surface,case_weighted_within_scenario,67,1,0.8262549129030653,0.8593185602180943,0.8668851314039809,0.5840796019900498,1.8514655662643527,29.024452553196234,14.455446554525281,23.428633592837098,19.683338708100187,0.31258147310501694,19.548704140426143,1993.044776119403,1977.044776119403,16.0,29.024452553196234,37.39597875023073,183.21743777477514,180.1170952856722,0.23880597014925373,nan,nan
eLORETA,-5,5,surface_only,case_weighted_within_scenario,136,1,0.8648401210656651,0.9392559931597045,0.9392824101926022,nan,1.8179852462933208,34.99010746247633,7.569101614994753,nan,nan,0.3108209436706635,nan,1615.5588235294117,1599.6691176470588,15.889705882352942,34.99010746247633,7.569101614994753,nan,nan,nan,0.1323529411764706,nan
eLORETA,-5,10,deep_only,case_weighted_within_scenario,30,1,1.0,1.0,nan,1.0,1.9231705444105556,nan,nan,15.660362582140767,0.0,1.0,0.0,2702.5,2689.6,12.9,nan,nan,15.660362582140767,0.0,1.0,nan,nan
eLORETA,-5,10,deep_plus_surface,case_weighted_within_scenario,136,1,0.8061988183792324,0.9325749823500312,0.9445487977817317,0.6161764705882353,1.8188129241746822,24.755336023949354,7.29630921917543,23.06225418272666,20.49907165207319,0.3295334157872421,20.582720672041113,718.3823529411765,702.9117647058823,15.470588235294118,24.755336023949354,7.29630921917543,185.36265569887019,182.2283584138797,0.22794117647058823,nan,nan
eLORETA,-5,10,deep_plus_two_surface,case_weighted_within_scenario,67,1,0.8598224680319545,0.8793526809785862,0.8836895605253664,0.6059701492537314,1.815576304068609,22.289961430516698,8.521859415829093,23.318380712211503,20.428054582939428,0.298792504313424,21.11648978668331,897.5373134328358,881.6865671641791,15.850746268656716,22.289961430516698,62.37433761056302,192.55742868630438,189.72707722836287,0.19402985074626866,nan,nan
eLORETA,-5,10,surface_only,case_weighted_within_scenario,136,1,0.8686800244303137,0.9451026570778133,0.9451425269002596,nan,1.7772397980652594,23.570087960301343,6.9565285747022285,nan,nan,0.30552110174896163,nan,652.3529411764706,637.3823529411765,14.970588235294118,23.570087960301343,6.9565285747022285,nan,nan,nan,0.13970588235294118,nan
eLORETA,-5,15,deep_only,case_weighted_within_scenario,30,1,1.0,1.0,nan,1.0,1.902824826754184,nan,nan,13.956275550053991,0.0,1.0,0.0,1286.2666666666667,1276.1333333333334,10.133333333333333,nan,nan,13.956275550053991,0.0,1.0,nan,nan
eLORETA,-5,15,deep_plus_surface,case_weighted_within_scenario,136,1,0.837491543739613,0.9344736513156127,0.943272919320106,0.6333333333333333,1.7962124235532548,22.826376373389042,6.890436240156838,22.221813652557028,20.297535833751343,0.32881191482354444,20.35796630759193,556.125,542.1617647058823,13.963235294117647,22.826376373389042,6.890436240156838,186.3825106283209,183.72857246747955,0.22058823529411764,nan,nan
eLORETA,-5,15,deep_plus_two_surface,case_weighted_within_scenario,67,1,0.8757021727582347,0.8790709991432026,0.8818182550641295,0.644776119402985,1.793384940910387,20.97407015500853,9.908677952679058,22.45237492888137,18.229167998809128,0.30437890322985056,17.779045668486248,624.9104477611941,610.2537313432836,14.656716417910447,20.97407015500853,60.08489449826076,169.73846269495453,165.63660488285814,0.29850746268656714,nan,nan
eLORETA,-5,15,surface_only,case_weighted_within_scenario,136,1,0.8686700922488586,0.9460085337023367,0.9460600460425991,nan,1.7496263861488397,22.104150652226206,6.856226002231964,nan,nan,0.3056172354172212,nan,528.4485294117648,514.9485294117648,13.5,22.104150652226206,6.856226002231964,nan,nan,nan,0.16911764705882354,nan
eLORETA,-5,20,deep_only,case_weighted_within_scenario,30,1,1.0,1.0,nan,1.0,1.892413673173866,nan,nan,13.598171597208095,0.0,1.0,0.0,1152.5333333333333,1143.0666666666666,9.466666666666667,nan,nan,13.598171597208095,0.0,1.0,nan,nan
eLORETA,-5,20,deep_plus_surface,case_weighted_within_scenario,136,1,0.835627578191689,0.9339567368974382,0.9434013943039249,0.6259803921568627,1.7900808004261985,23.401638014295465,6.922601439640944,21.805370371391135,20.716069167762754,0.3391045034716816,20.65989769759595,566.25,554.5955882352941,11.654411764705882,23.401638014295465,6.922601439640944,190.582158733666,188.7439205377712,0.19852941176470587,nan,nan
eLORETA,-5,20,deep_plus_two_surface,case_weighted_within_scenario,67,1,0.8702130459796676,0.875089975391177,0.8780824494358053,0.617910447761194,1.788954578016879,21.668298017361483,11.48627480575108,22.3326091514508,19.58871781307914,0.3139342080222767,19.61432571592353,631.1044776119403,617.8955223880597,13.208955223880597,21.668298017361483,54.66622826331588,185.55399514303477,182.38080319869758,0.22388059701492538,nan,nan
eLORETA,-5,20,surface_only,case_weighted_within_scenario,136,1,0.8654771118746609,0.9444583872185672,0.9445126671220061,nan,1.7427653328012984,22.90081126075297,6.888857100016417,nan,nan,0.3212896744682232,nan,545.5441176470588,535.0073529411765,10.536764705882353,22.90081126075297,6.888857100016417,nan,nan,nan,0.15441176470588236,nan
eLORETA,0,-10,deep_only,case_weighted_within_scenario,30,1,0.64,0.813572030702338,nan,0.9422222222222223,1.9764719617872823,nan,nan,21.437063501003703,7.714045394881318,0.7179205562459312,4.080880347912011,7104.933333333333,7088.933333333333,16.0,nan,nan,49.83207233433572,36.50371334759121,0.8666666666666667,nan,nan
eLORETA,0,-10,deep_plus_surface,case_weighted_within_scenario,136,1,0.600540612266316,0.8023180849599417,0.8398249506071944,0.5593137254901961,1.912691540603753,69.43746699820292,33.92321279052553,24.037867870439143,25.15469091057316,0.344236729607726,22.238828359077562,4876.411764705882,4860.426470588235,15.985294117647058,69.43746699820292,33.92321279052553,189.1530300199161,187.89754269640179,0.21323529411764705,nan,nan
eLORETA,0,-10,deep_plus_two_surface,case_weighted_within_scenario,67,1,0.7255881483036624,0.7247167769833297,0.7406475848629894,0.591044776119403,1.9109344841233904,48.50843648183934,37.297704233721845,23.980361805229762,24.270847107629947,0.3019084341043391,23.275550133715022,4666.477611940299,4650.507462686567,15.970149253731343,48.50843648183934,37.297704233721845,199.5131587152215,198.50454961515715,0.16417910447761194,nan,nan
eLORETA,0,-10,surface_only,case_weighted_within_scenario,136,1,0.7684853032957254,0.847957560186175,0.8477032106537362,nan,1.8886146018573546,68.2098963004473,27.256603481506303,nan,nan,0.3211104900662125,nan,4643.580882352941,4627.625,15.955882352941176,68.2098963004473,27.256603481506303,nan,nan,nan,0.0661764705882353,nan
eLORETA,0,-5,deep_only,case_weighted_within_scenario,30,1,0.9666666666666665,0.9895558809175208,nan,0.9844444444444445,1.9675243551446433,nan,nan,20.829822950798576,2.4142136158848757,0.9534222768749637,0.8047378740207802,7356.433333333333,7340.433333333333,16.0,nan,nan,27.91051396980451,9.743779476703317,0.9666666666666667,nan,nan
eLORETA,0,-5,deep_plus_surface,case_weighted_within_scenario,136,1,0.6434632734212137,0.8478509874377368,0.8820462792472256,0.6122549019607844,1.8919953003269157,61.27340673659428,18.79155852175073,23.75173488235012,22.17129844478499,0.3375406224195662,22.295164817738588,4148.492647058823,4132.5,15.992647058823529,61.27340673659428,18.79155852175073,188.97362862629112,186.2086454018772,0.21323529411764705,nan,nan
eLORETA,0,-5,deep_plus_two_surface,case_weighted_within_scenario,67,1,0.7479006811640398,0.7636400423181402,0.7797709410637631,0.5711442786069652,1.8912524579956174,44.80300183348934,30.91505687336375,23.98153371517437,22.9094698780159,0.297151622259227,21.916856202042748,3753.6716417910447,3737.686567164179,15.985074626865671,44.80300183348934,30.91505687336375,193.20817538844,190.94472567096727,0.19402985074626866,nan,nan
eLORETA,0,-5,surface_only,case_weighted_within_scenario,136,1,0.8055265166395849,0.8826488770082435,0.8824921378495948,nan,1.8637147064082975,59.05691363477537,18.418543794878662,nan,nan,0.3078220619707662,nan,3872.448529411765,3856.514705882353,15.933823529411764,59.05691363477537,18.418543794878662,nan,nan,nan,0.14705882352941177,nan
eLORETA,0,0,deep_only,case_weighted_within_scenario,30,1,1.0,0.9999911264918585,nan,0.9977777777777778,1.9547025388783905,nan,nan,20.033208493762725,0.33333333962997774,1.0,0.0,7248.1,7232.1,16.0,nan,nan,20.033208493762725,0.33333333962997774,1.0,nan,nan
eLORETA,0,0,deep_plus_surface,case_weighted_within_scenario,136,1,0.6981931281662144,0.8883829493880454,0.9162501578665202,0.6098039215686275,1.8636216442959315,49.22473083474095,8.916896599907194,23.42616602451038,22.03050566763384,0.31929189639706573,21.304173159594257,2796.1176470588234,2780.198529411765,15.919117647058824,49.22473083474095,8.916896599907194,190.3934004107475,187.96971449420263,0.20588235294117646,nan,nan
eLORETA,0,0,deep_plus_two_surface,case_weighted_within_scenario,67,1,0.7820235508913151,0.8147618852102334,0.8287797955434202,0.5990049751243781,1.8607501059353595,33.67814480531274,20.70411092787506,23.539058449458754,22.741199222508,0.2859675252868371,20.304714396245163,2503.0,2487.0298507462685,15.970149253731343,33.67814480531274,33.43993187882446,189.77024739419105,187.4707298169351,0.208955223880597,nan,nan
eLORETA,0,0,surface_only,case_weighted_within_scenario,136,1,0.8408819801780798,0.9158893772514756,0.915831468028637,nan,1.8299762334505734,47.559560734127594,8.719968522045562,nan,nan,0.2937936372377112,nan,2530.4338235294117,2514.529411764706,15.904411764705882,47.559560734127594,8.719968522045562,nan,nan,nan,0.19117647058823528,nan
eLORETA,0,5,deep_only,case_weighted_within_scenario,30,1,1.0,1.0,nan,1.0,1.9393365474805206,nan,nan,18.7234811836932,0.0,1.0,0.0,5685.433333333333,5669.5,15.933333333333334,nan,nan,18.7234811836932,0.0,1.0,nan,nan
eLORETA,0,5,deep_plus_surface,case_weighted_within_scenario,136,1,0.7547489013586731,0.9175024767758433,0.9380502922869615,0.634313725490196,1.8295372295981585,31.192563330773282,7.46957630634838,23.175837436197238,20.15270182840095,0.3075747762898479,20.0153653915218,1206.110294117647,1190.3161764705883,15.794117647058824,31.192563330773282,7.46957630634838,182.3645862542314,179.17224211579762,0.2426470588235294,nan,nan
eLORETA,0,5,deep_plus_two_surface,case_weighted_within_scenario,67,1,0.8283393838863397,0.8615604525003449,0.8701182041995222,0.618905472636816,1.8261418210818805,24.97216246145151,9.760480077293943,23.185034703067856,21.64235817458047,0.28640232084202616,21.26406938929359,1318.5671641791046,1302.641791044776,15.925373134328359,24.97216246145151,49.92799621681335,196.1364576253792,193.68618424814073,0.1791044776119403,nan,nan
eLORETA,0,5,surface_only,case_weighted_within_scenario,136,1,0.8649305708477494,0.9399927373156267,0.9399954666113502,nan,1.7884712333385644,29.42675093728416,7.486648018606971,nan,nan,0.2817318901894046,nan,1038.9117647058824,1023.3308823529412,15.580882352941176,29.42675093728416,7.486648018606971,nan,nan,nan,0.21323529411764705,nan
eLORETA,0,10,deep_only,case_weighted_within_scenario,30,1,1.0,1.0,nan,1.0,1.9180176655548644,nan,nan,16.453710900097732,0.0,1.0,0.0,2004.8,1990.9333333333334,13.866666666666667,nan,nan,16.453710900097732,0.0,1.0,nan,nan
eLORETA,0,10,deep_plus_surface,case_weighted_within_scenario,136,1,0.8097133613620852,0.9351792967480755,0.9482294311582,0.6509803921568628,1.7983018143947427,22.25270070788396,7.341478586859784,22.635334041490196,20.269634369622057,0.30899524427978103,20.174699876479593,565.4411764705883,550.2279411764706,15.213235294117647,22.25270070788396,7.341478586859784,189.8364931992374,187.09664764096414,0.20588235294117646,nan,nan
eLORETA,0,10,deep_plus_two_surface,case_weighted_within_scenario,67,1,0.8618353360869779,0.8876201465163454,0.8924586210717643,0.6288557213930348,1.7941115713339346,20.162773503018148,8.37419783746167,22.918315986773685,19.000061574999876,0.28061744206677564,19.857981587915962,684.7313432835821,669.044776119403,15.686567164179104,20.162773503018148,55.52597091602017,195.78790052153136,193.0089723773272,0.1791044776119403,nan,nan
eLORETA,0,10,surface_only,case_weighted_within_scenario,136,1,0.8727834505007053,0.9497386859566452,0.949773383608356,nan,1.7504524448153995,21.30225550401909,7.412262273902079,nan,nan,0.2827193410107794,nan,520.4485294117648,505.72058823529414,14.727941176470589,21.30225550401909,7.412262273902079,nan,nan,nan,0.22058823529411764,nan
eLORETA,0,15,deep_only,case_weighted_within_scenario,30,1,1.0,1.0,nan,1.0,1.8986456312527642,nan,nan,14.37312429473949,0.0,1.0,0.0,1134.9333333333334,1124.0333333333333,10.9,nan,nan,14.37312429473949,0.0,1.0,nan,nan
eLORETA,0,15,deep_plus_surface,case_weighted_within_scenario,136,1,0.8392004843510519,0.9375903721711895,0.9469531949315837,0.6691176470588235,1.7797482143202747,21.436916149192513,7.058185031837952,22.221218194170426,20.03309672669685,0.309590627244918,19.694453239690457,491.33088235294116,477.34558823529414,13.985294117647058,21.436916149192513,7.058185031837952,183.21483390271962,180.58108554822797,0.23529411764705882,nan,nan
eLORETA,0,15,deep_plus_two_surface,case_weighted_within_scenario,67,1,0.8802467126362938,0.8902658451140637,0.8932872363081501,0.6537313432835821,1.7756289519727144,19.485885231550988,8.356999283871605,22.21121107705905,18.560565907624664,0.28218503026514913,18.455875516746477,544.6567164179105,529.7910447761194,14.865671641791044,19.485885231550988,62.24884706235656,192.17701473545364,189.21749311381998,0.19402985074626866,nan,nan
eLORETA,0,15,surface_only,case_weighted_within_scenario,136,1,0.8708027940211113,0.948259162792362,0.9483056899353824,nan,1.7291159015303226,20.9326076229068,7.086700389594453,nan,nan,0.2893195761393251,nan,471.77941176470586,458.61764705882354,13.161764705882353,20.9326076229068,7.086700389594453,nan,nan,nan,0.19117647058823528,nan
eLORETA,0,20,deep_only,case_weighted_within_scenario,30,1,1.0,1.0,nan,1.0,1.8899390543275456,nan,nan,13.779862168085268,0.0,1.0,0.0,1092.0666666666666,1082.2333333333333,9.833333333333334,nan,nan,13.779862168085268,0.0,1.0,nan,nan
eLORETA,0,20,deep_plus_surface,case_weighted_within_scenario,136,1,0.8434323591921666,0.9355142877288867,0.9444969410121887,0.6455882352941176,1.7775041058199013,22.229247021428552,6.97285771588835,21.56002469643201,19.952261685838714,0.32131162884459985,19.936568903339186,515.4926470588235,503.5220588235294,11.970588235294118,22.229247021428552,6.97285771588835,187.4483875126632,185.37584536164218,0.21323529411764705,nan,nan
eLORETA,0,20,deep_plus_two_surface,case_weighted_within_scenario,67,1,0.8788213057943581,0.881956735796836,0.8848587623007531,0.6567164179104478,1.775041874342783,20.34653174441348,9.115048268757029,22.15035652974632,17.991013999721456,0.2975737433477906,17.996279122161887,566.4328358208955,552.8358208955224,13.597014925373134,20.34653174441348,66.18279574618755,172.9491604384384,168.61999257351778,0.2835820895522388,nan,nan
eLORETA,0,20,surface_only,case_weighted_within_scenario,136,1,0.8674682366164068,0.9457061351845849,0.9457550013615084,nan,1.726363718691171,21.630019251104653,6.803109181968972,nan,nan,0.3000434620893986,nan,494.47058823529414,483.6617647058824,10.808823529411764,21.630019251104653,6.803109181968972,nan,nan,nan,0.22058823529411764,nan
eLORETA,5,-10,deep_only,case_weighted_within_scenario,30,1,0.8623333333333334,0.9517902302675362,nan,0.9977777777777778,1.969541450198455,nan,nan,20.9047729549185,0.3333333516182831,0.8293873828923599,0.0,6910.066666666667,6894.066666666667,16.0,nan,nan,20.9047729549185,0.3333333516182831,1.0,nan,nan
eLORETA,5,-10,deep_plus_surface,case_weighted_within_scenario,136,1,0.6324846691505303,0.8503423708028829,0.8850771335252486,0.5955882352941176,1.881607898152859,57.255396099075035,19.75242909363884,23.924250538360372,23.533104902312424,0.33034396700474034,22.900729294987627,3717.470588235294,3701.529411764706,15.941176470588236,57.255396099075035,19.75242909363884,193.5688195889852,191.44619540042706,0.19117647058823528,nan,nan
eLORETA,5,-10,deep_plus_two_surface,case_weighted_within_scenario,67,1,0.7535101766462838,0.7856174971278669,0.801095482918709,0.583084577114428,1.877674083099274,39.371718748644724,29.800254068401877,23.784545593319244,22.06411716773644,0.30242233512450734,19.6057995557796,3131.791044776119,3115.791044776119,16.0,39.371718748644724,35.89663788296532,183.74255648000587,181.21553315201734,0.23880597014925373,nan,nan
eLORETA,5,-10,surface_only,case_weighted_within_scenario,136,1,0.8081925737597636,0.8901049766627238,0.8899477105927557,nan,1.8496118676219917,54.62156632646887,16.997475450885243,nan,nan,0.3079187130234291,nan,3411.8382352941176,3395.955882352941,15.882352941176471,54.62156632646887,16.997475450885243,nan,nan,nan,0.11029411764705882,nan
eLORETA,5,-5,deep_only,case_weighted_within_scenario,30,1,0.998,0.9995607613469986,nan,1.0,1.9599100849206268,nan,nan,20.290093700870425,0.0,0.998469678658537,0.0,7145.3,7129.3,16.0,nan,nan,20.290093700870425,0.0,1.0,nan,nan
eLORETA,5,-5,deep_plus_surface,case_weighted_within_scenario,136,1,0.6803867967726076,0.8737151689644214,0.9036996049876569,0.6147058823529412,1.8602005497884904,49.76382992551233,11.192384020359976,23.41850356138482,21.542032673327498,0.32215226464921026,19.803209539435375,2866.1029411764707,2850.2867647058824,15.816176470588236,49.76382992551233,11.192384020359976,182.60475895576482,180.14189455378502,0.2426470588235294,nan,nan
eLORETA,5,-5,deep_plus_two_surface,case_weighted_within_scenario,67,1,0.7775667981050083,0.8106357320305961,0.8251206312778073,0.6288557213930348,1.8569862240899693,33.76376830759495,22.821513917993933,23.36927581517506,21.64674186037415,0.28814115753755837,19.460178095469782,2527.2537313432836,2511.313432835821,15.940298507462687,33.76376830759495,41.73562716619842,196.00520083513456,193.96631772975422,0.1791044776119403,nan,nan
eLORETA,5,-5,surface_only,case_weighted_within_scenario,136,1,0.8340524605562177,0.9118638927626883,0.9117620916994116,nan,1.8256720657456724,47.98854105900235,10.828539245405004,nan,nan,0.2918610198910987,nan,2602.176470588235,2586.375,15.801470588235293,47.98854105900235,10.828539245405004,nan,nan,nan,0.16911764705882354,nan
eLORETA,5,0,deep_only,case_weighted_within_scenario,30,1,1.0,1.0,nan,1.0,1.9454807859422487,nan,nan,19.514103451240505,0.0,1.0,0.0,6572.466666666666,6556.5,15.966666666666667,nan,nan,19.514103451240505,0.0,1.0,nan,nan
eLORETA,5,0,deep_plus_surface,case_weighted_within_scenario,136,1,0.7230256362919725,0.9003711093117183,0.9253525832988279,0.6465686274509804,1.83504613022913,39.381335024333865,7.284065345683022,23.164837318913857,20.562821801040883,0.3082833920996254,19.654544617253972,1742.2720588235295,1726.5514705882354,15.720588235294118,39.381335024333865,7.284065345683022,183.967922803518,181.20880547634152,0.23529411764705882,nan,nan
eLORETA,5,0,deep_plus_two_surface,case_weighted_within_scenario,67,1,0.8059133759863083,0.8431752336583406,0.8557433314163004,0.6208955223880598,1.8300810057420231,27.939311021047054,14.112146413641302,23.25661424096877,20.348542073060393,0.27942715408788027,19.83061324145981,1715.313432835821,1699.4328358208954,15.880597014925373,27.939311021047054,56.78260239504829,186.63513991685886,183.6110481238336,0.22388059701492538,nan,nan
eLORETA,5,0,surface_only,case_weighted_within_scenario,136,1,0.8502303104770638,0.9277905577358477,0.9277491268740904,nan,1.7925661740910785,36.07727924165295,7.860761633935228,nan,nan,0.2752012356213691,nan,1492.139705882353,1476.6544117647059,15.485294117647058,36.07727924165295,7.860761633935228,nan,nan,nan,0.23529411764705882,nan
eLORETA,5,5,deep_only,case_weighted_within_scenario,30,1,1.0,1.0,nan,1.0,1.9282544519123626,nan,nan,18.589273990448227,0.0,1.0,0.0,3815.766666666667,3800.1,15.666666666666666,nan,nan,18.589273990448227,0.0,1.0,nan,nan
eLORETA,5,5,deep_plus_surface,case_weighted_within_scenario,136,1,0.780914748568941,0.9194104299637835,0.9374543415383007,0.6745098039215687,1.803342507992168,25.858291076749058,7.515340735064179,22.715630779985947,19.835361593815463,0.29816533848404303,19.49575150323404,745.4191176470588,730.1397058823529,15.279411764705882,25.858291076749058,7.515340735064179,180.62555733774613,177.15732219737382,0.25,nan,nan
eLORETA,5,5,deep_plus_two_surface,case_weighted_within_scenario,67,1,0.8427960622644793,0.8760095276236454,0.8844174909913796,0.6407960199004976,1.7976508231279222,21.5134648233224,7.4740692039440955,22.96188308868778,18.289153491462443,0.2730513679667897,17.913419609337495,881.0298507462686,865.2985074626865,15.73134328358209,21.5134648233224,61.5767659567401,186.30187605707286,182.67931067775874,0.22388059701492538,nan,nan
eLORETA,5,5,surface_only,case_weighted_within_scenario,136,1,0.8632957348451233,0.93975460507445,0.9397547355103302,nan,1.755867774356391,24.25508485030862,7.512253256062175,nan,nan,0.26794899825796265,nan,686.4705882352941,671.5882352941177,14.882352941176471,24.25508485030862,7.512253256062175,nan,nan,nan,0.25735294117647056,nan
eLORETA,5,10,deep_only,case_weighted_within_scenario,30,1,1.0,1.0,nan,1.0,1.9085762299446927,nan,nan,17.382295049003687,0.0,1.0,0.0,1244.8,1229.8666666666666,14.933333333333334,nan,nan,17.382295049003687,0.0,1.0,nan,nan
eLORETA,5,10,deep_plus_surface,case_weighted_within_scenario,136,1,0.8265254674691702,0.9362917046934915,0.9485395400396704,0.6897058823529413,1.775393356142195,20.551599115019265,7.327170159592043,22.39202553564745,19.33891889323234,0.2955719652335424,19.558823642731486,470.6397058823529,455.80882352941177,14.830882352941176,20.551599115019265,7.327170159592043,186.5839009056541,183.58151364484974,0.22058823529411764,nan,nan
eLORETA,5,10,deep_plus_two_surface,case_weighted_within_scenario,67,1,0.8670265772829852,0.8890565397664937,0.8941435320544934,0.6338308457711443,1.769446064360896,18.481388364485312,7.991403696399645,22.639935255739577,19.211008564517158,0.26935224467934527,18.915072090527858,543.0746268656717,527.6567164179105,15.417910447761194,18.481388364485312,58.596860747118534,192.56843632450907,189.51600056394471,0.19402985074626866,nan,nan
eLORETA,5,10,surface_only,case_weighted_within_scenario,136,1,0.8720575374802982,0.9503292919994097,0.9503609900582913,nan,1.7231148939772791,19.962737314248585,7.381959616200549,nan,nan,0.2638194676776334,nan,445.5882352941176,431.8235294117647,13.764705882352942,19.962737314248585,7.381959616200549,nan,nan,nan,0.2867647058823529,nan
eLORETA,5,15,deep_only,case_weighted_within_scenario,30,1,1.0,1.0,nan,1.0,1.8925314562119708,nan,nan,15.639219810420204,0.0,1.0,0.0,941.1,928.2333333333333,12.866666666666667,nan,nan,15.639219810420204,0.0,1.0,nan,nan
eLORETA,5,15,deep_plus_surface,case_weighted_within_scenario,136,1,0.853992142689232,0.9422952325822346,0.9509207445024122,0.6818627450980393,1.7597538161270774,20.400321741887556,7.325474889841935,21.97293929443446,20.323773858577056,0.30215931066395,19.93109567089032,445.0220588235294,431.1102941176471,13.911764705882353,20.400321741887556,7.325474889841935,186.34307941665332,184.03462230772757,0.22058823529411764,nan,nan
eLORETA,5,15,deep_plus_two_surface,case_weighted_within_scenario,67,1,0.87810432580068,0.8939123665336098,0.8973745262135846,0.6437810945273633,1.7546546589465983,18.306636500577866,8.167943938345205,22.181978319645097,18.665037700816658,0.2709485958344473,18.90172224801844,491.92537313432837,477.2238805970149,14.701492537313433,18.306636500577866,51.9917526388395,188.9950910791838,186.17228249650915,0.208955223880597,nan,nan
eLORETA,5,15,surface_only,case_weighted_within_scenario,136,1,0.8731273439068327,0.9505415388882843,0.9505822425380297,nan,1.7051343855501353,19.87653002259332,7.359948508037728,nan,nan,0.2707808881503646,nan,426.83088235294116,414.7279411764706,12.102941176470589,19.87653002259332,7.359948508037728,nan,nan,nan,0.25,nan
eLORETA,5,20,deep_only,case_weighted_within_scenario,30,1,1.0,1.0,nan,1.0,1.8843578354794892,nan,nan,14.144364343446398,0.0,1.0,0.0,970.5666666666667,959.9666666666667,10.6,nan,nan,14.144364343446398,0.0,1.0,nan,nan
eLORETA,5,20,deep_plus_surface,case_weighted_within_scenario,136,1,0.8537429155218372,0.9393636072435152,0.9476232950434711,0.6799019607843138,1.7602717756648067,21.057747103972083,7.302367618230035,21.538054644590925,19.820204860856204,0.30768582243833303,19.820204860856204,464.05882352941177,451.68382352941177,12.375,21.057747103972083,7.302367618230035,184.43192219404511,182.08129958757235,0.22794117647058823,nan,nan
eLORETA,5,20,deep_plus_two_surface,case_weighted_within_scenario,67,1,0.8834616068658592,0.8936562731800066,0.8966670202820091,0.6597014925373134,1.75642803106917,19.0720812136293,8.23895452635662,21.829715512880565,19.716170514673088,0.2755875282252867,19.825431834800305,509.4776119402985,495.5970149253731,13.880597014925373,19.0720812136293,68.89899679409652,191.96739404547614,189.36674685335055,0.19402985074626866,nan,nan
eLORETA,5,20,surface_only,case_weighted_within_scenario,136,1,0.8703816773174019,0.9480729553493175,0.9481115110208764,nan,1.7049214636496526,20.541363247886416,7.11953547278613,nan,nan,0.2836463960662607,nan,445.3529411764706,435.19117647058823,10.161764705882353,20.541363247886416,7.11953547278613,nan,nan,nan,0.20588235294117646,nan
eLORETA,10,-10,deep_only,case_weighted_within_scenario,30,1,0.9946666666666668,0.999298992856826,nan,1.0,1.9576120357840663,nan,nan,20.231609518924287,0.0,0.9948544367705155,0.0,6937.033333333334,6921.033333333334,16.0,nan,nan,20.231609518924287,0.0,1.0,nan,nan
eLORETA,10,-10,deep_plus_surface,case_weighted_within_scenario,136,1,0.7044468745652944,0.8902765954592642,0.9147768233364699,0.6254901960784314,1.843196844328224,43.40364459634102,11.244851454546582,23.509759841230313,22.61640575849924,0.3304579559301839,22.317790460599134,2315.389705882353,2299.580882352941,15.808823529411764,43.40364459634102,11.244851454546582,193.29964920055153,190.59916601747472,0.19117647058823528,nan,nan
eLORETA,10,-10,deep_plus_two_surface,case_weighted_within_scenario,67,1,0.8045029922446063,0.8410473197759278,0.8515113055962522,0.6298507462686568,1.8364649151919088,29.64804577298475,18.569529449430938,23.441407306970866,19.350548021678037,0.30156946160633974,19.510405990344896,2056.0298507462685,2040.089552238806,15.940298507462687,29.64804577298475,63.59093472847348,189.87836626130547,186.83112037486575,0.208955223880597,nan,nan
eLORETA,10,-10,surface_only,case_weighted_within_scenario,136,1,0.829314220222843,0.9174844981442583,0.9174204649734133,nan,1.803436323116272,40.62978953869169,8.882645670191598,nan,nan,0.295869752823013,nan,1976.4411764705883,1960.9558823529412,15.485294117647058,40.62978953869169,8.882645670191598,nan,nan,nan,0.14705882352941177,nan
eLORETA,10,-5,deep_only,case_weighted_within_scenario,30,1,1.0,1.0,nan,1.0,1.9480503373898403,nan,nan,19.82082949990396,0.0,1.0,0.0,6589.4,6573.4,16.0,nan,nan,19.82082949990396,0.0,1.0,nan,nan
eLORETA,10,-5,deep_plus_surface,case_weighted_within_scenario,136,1,0.7378339991551823,0.9016742474257631,0.9231568667767045,0.6544117647058824,1.8256228890205468,36.932921780797486,8.006757084009136,23.103207717046118,21.043118991032536,0.3200313263249612,20.35058414853883,1615.5220588235295,1600.0367647058824,15.485294117647058,36.932921780797486,8.006757084009136,186.9744096471576,184.0060274373206,0.22058823529411764,nan,nan
eLORETA,10,-5,deep_plus_two_surface,case_weighted_within_scenario,67,1,0.8136818877781794,0.8466565790234756,0.8569411579536097,0.6328358208955225,1.820536470993892,26.66285095795935,13.597673308171533,23.322944968979137,18.812882133234236,0.2909192662110335,17.21610507429721,1601.1940298507463,1585.358208955224,15.835820895522389,26.66285095795935,72.81805978378206,180.3461022050734,176.50145865852227,0.2537313432835821,nan,nan
eLORETA,10,-5,surface_only,case_weighted_within_scenario,136,1,0.8421792939422801,0.9258108154325211,0.9257732320365984,nan,1.7816624148323024,34.69534412064138,7.60774983280254,nan,nan,0.28405923550425444,nan,1388.0661764705883,1372.9411764705883,15.125,34.69534412064138,7.60774983280254,nan,nan,nan,0.19117647058823528,nan
eLORETA,10,0,deep_only,case_weighted_within_scenario,30,1,1.0,1.0,nan,1.0,1.934126997564889,nan,nan,19.34486298978279,0.0,1.0,0.0,5006.0,4990.066666666667,15.933333333333334,nan,nan,19.34486298978279,0.0,1.0,nan,nan
eLORETA,10,0,deep_plus_surface,case_weighted_within_scenario,136,1,0.7758459656799178,0.9176798755455484,0.9355421431805566,0.6813725490196079,1.8024030491589078,29.19256830140592,7.444706350262037,22.66337499920043,20.256206881770737,0.3031586726725217,19.88809884161062,955.2720588235294,940.0882352941177,15.183823529411764,29.19256830140592,7.444706350262037,183.59132294496283,180.5122984362421,0.23529411764705882,nan,nan
eLORETA,10,0,deep_plus_two_surface,case_weighted_within_scenario,67,1,0.8355622360342754,0.8625343566278897,0.8709457836387019,0.63681592039801,1.7979178875972688,23.148993557249486,8.725754378763199,22.815258779936542,17.988427452256058,0.27908586674697633,17.374853267757384,1038.3731343283582,1022.776119402985,15.597014925373134,23.148993557249486,69.25501459660283,183.12954836367194,179.81956885030522,0.23880597014925373,nan,nan
eLORETA,10,0,surface_only,case_weighted_within_scenario,136,1,0.8536938870622501,0.9347882495052058,0.934782371261037,nan,1.7554543872351838,27.101847412513703,7.521043911183476,nan,nan,0.2732534684485377,nan,837.875,823.2720588235294,14.602941176470589,27.101847412513703,7.521043911183476,nan,nan,nan,0.2426470588235294,nan
eLORETA,10,5,deep_only,case_weighted_within_scenario,30,1,1.0,1.0,nan,1.0,1.9164963013880265,nan,nan,18.7062604770629,0.0,1.0,0.0,2088.4333333333334,2072.866666666667,15.566666666666666,nan,nan,18.7062604770629,0.0,1.0,nan,nan
eLORETA,10,5,deep_plus_surface,case_weighted_within_scenario,136,1,0.8124499637368133,0.9283756573730148,0.9423081393559675,0.6843137254901961,1.7769547815753213,21.731634171269192,7.4808653627547095,22.269991679764992,19.617308472666483,0.29716221295339196,19.387274207126772,521.3088235294117,506.6102941176471,14.698529411764707,21.731634171269192,7.4808653627547095,177.1279679112728,173.97937836169214,0.2647058823529412,nan,nan
eLORETA,10,5,deep_plus_two_surface,case_weighted_within_scenario,67,1,0.863907795488113,0.8813486153362733,0.8867901725565459,0.6527363184079603,1.771537218088593,18.988007124886643,8.131677097803829,22.523321393118596,17.511209508072238,0.2709545574205083,17.279818497335807,614.0597014925373,598.8955223880597,15.164179104477611,18.988007124886643,72.19214367110229,176.50492386038968,172.56072561822802,0.26865671641791045,nan,nan
eLORETA,10,5,surface_only,case_weighted_within_scenario,136,1,0.8634837046695902,0.9432618571624971,0.9432854580448523,nan,1.7247890553675316,20.8603309623812,7.485182458391426,nan,nan,0.265158737483077,nan,489.3897058823529,476.0514705882353,13.338235294117647,20.8603309623812,7.485182458391426,nan,nan,nan,0.3014705882352941,nan
eLORETA,10,10,deep_only,case_weighted_within_scenario,30,1,1.0,1.0,nan,1.0,1.8993105465513445,nan,nan,17.853036488176272,0.0,1.0,0.0,987.5333333333333,972.3666666666667,15.166666666666666,nan,nan,17.853036488176272,0.0,1.0,nan,nan
eLORETA,10,10,deep_plus_surface,case_weighted_within_scenario,136,1,0.848059215283611,0.9372175630025822,0.9472226220518277,0.6995098039215687,1.753890982636439,19.76435674605043,7.410882942131232,21.950234495819515,19.374257822028188,0.29206243938203647,19.08132118727284,427.88235294117646,413.6102941176471,14.272058823529411,19.76435674605043,7.410882942131232,180.06610694584504,177.02287900175526,0.25,nan,nan
eLORETA,10,10,deep_plus_two_surface,case_weighted_within_scenario,67,1,0.8748394917670413,0.8922426181795529,0.8964633855426422,0.6447761194029851,1.7488764176652798,17.47025143610708,7.435143852692712,22.201216707412446,17.813623158611698,0.2679588098574278,18.28968636764514,466.1044776119403,451.3134328358209,14.791044776119403,17.47025143610708,68.31113525664082,192.40629533999206,189.51600058109685,0.19402985074626866,nan,nan
eLORETA,10,10,surface_only,case_weighted_within_scenario,136,1,0.8679754277364977,0.9468448142185028,0.9468811249376443,nan,1.6981432117084625,19.307712811737588,7.2727654898103795,nan,nan,0.2597319329867769,nan,412.63235294117646,400.24264705882354,12.389705882352942,19.307712811737588,7.2727654898103795,nan,nan,nan,0.3161764705882353,nan
eLORETA,10,15,deep_only,case_weighted_within_scenario,30,1,1.0,1.0,nan,1.0,1.884565910025153,nan,nan,16.818575685137382,0.0,1.0,0.0,843.0666666666667,828.7666666666667,14.3,nan,nan,16.818575685137382,0.0,1.0,nan,nan
eLORETA,10,15,deep_plus_surface,case_weighted_within_scenario,136,1,0.8711053866106941,0.9450346827192433,0.9527772694157295,0.7191176470588235,1.7408692255019238,19.657521841638808,7.322383699354013,21.56321362551003,18.83220904350762,0.28991989682495806,18.83220904350762,415.75735294117646,402.3235294117647,13.433823529411764,19.657521841638808,7.322383699354013,181.54677012794048,178.49263619255976,0.2426470588235294,nan,nan
eLORETA,10,15,deep_plus_two_surface,case_weighted_within_scenario,67,1,0.8844476752444035,0.8984614750928516,0.9015843358433498,0.6437810945273632,1.7358783105177171,17.471312256258038,7.7639558497930246,21.89474742960483,18.636961115788367,0.2692105794414435,18.636961115788367,444.14925373134326,429.910447761194,14.238805970149254,17.471312256258038,65.17451782158756,188.96403613522276,186.17228249650913,0.208955223880597,nan,nan
eLORETA,10,15,surface_only,case_weighted_within_scenario,136,1,0.8722814225699161,0.9510890740578847,0.9511347361454698,nan,1.6828022440773154,19.236605409846188,7.366799042396458,nan,nan,0.26117046594756593,nan,402.15441176470586,390.86764705882354,11.286764705882353,19.236605409846188,7.366799042396458,nan,nan,nan,0.27941176470588236,nan
eLORETA,10,20,deep_only,case_weighted_within_scenario,30,1,1.0,1.0,nan,1.0,1.876896124888269,nan,nan,15.262565076124528,0.0,1.0,0.0,832.0,819.7666666666667,12.233333333333333,nan,nan,15.262565076124528,0.0,1.0,nan,nan
eLORETA,10,20,deep_plus_surface,case_weighted_within_scenario,136,1,0.8680784173679404,0.9433176421160551,0.9504193254419656,0.6975490196078432,1.7414437622948518,20.09521037799755,7.2835632256289635,21.51100961733238,20.11995063566533,0.2937232161220039,19.887430214892976,426.0147058823529,413.2720588235294,12.742647058823529,20.09521037799755,7.2835632256289635,189.1055965648989,187.1821092470401,0.20588235294117646,nan,nan
eLORETA,10,20,deep_plus_two_surface,case_weighted_within_scenario,67,1,0.885105349976216,0.8970222266894755,0.8998908230419208,0.6606965174129353,1.7359594419907711,18.056212350987074,8.532397548180615,21.722405525900157,19.20446213364757,0.2675669064509107,19.20446213364757,461.1641791044776,447.3880597014925,13.776119402985074,18.056212350987074,55.651113970767994,188.772048681976,186.02302875697856,0.208955223880597,nan,nan
eLORETA,10,20,surface_only,case_weighted_within_scenario,136,1,0.8744016278792752,0.9523346556586492,0.9523795374359949,nan,1.6832465606604614,19.689297488850816,7.20470168189526,nan,nan,0.2667192667146356,nan,412.13235294117646,401.84558823529414,10.286764705882353,19.689297488850816,7.20470168189526,nan,nan,nan,0.3014705882352941,nan
eLORETA,15,-10,deep_only,case_weighted_within_scenario,30,1,1.0,1.0,nan,1.0,1.9407003270588066,nan,nan,20.235721349187255,0.0,1.0,0.0,5792.966666666666,5776.966666666666,16.0,nan,nan,20.235721349187255,0.0,1.0,nan,nan
eLORETA,15,-10,deep_plus_surface,case_weighted_within_scenario,136,1,0.8048030134737658,0.9154721083744143,0.9273700725502377,0.6411764705882353,1.8060194971734111,30.628094557581683,7.50075782053266,22.93666255733166,20.321049283500663,0.3279145685300011,20.083886386776356,1125.6470588235295,1110.2279411764705,15.419117647058824,30.628094557581683,7.50075782053266,182.1783259037639,178.68208406433467,0.2426470588235294,nan,nan
eLORETA,15,-10,deep_plus_two_surface,case_weighted_within_scenario,67,1,0.8466566559627066,0.859570224920759,0.8643648956621794,0.6258706467661693,1.7997076111839678,23.443953576183254,9.147085615871438,23.165843688365477,18.967762593693337,0.3019942949208521,18.920324189225262,1084.2238805970148,1068.4328358208954,15.791044776119403,23.443953576183254,86.34539313123467,189.75194652232324,186.47078997557028,0.208955223880597,nan,nan
eLORETA,15,-10,surface_only,case_weighted_within_scenario,136,1,0.8349755753952571,0.9303557426450714,0.9303746420883876,nan,1.7594451625467609,28.626762278146643,8.060392272202792,nan,nan,0.2963344529969318,nan,992.0514705882352,977.6911764705883,14.360294117647058,28.626762278146643,8.060392272202792,nan,nan,nan,0.18382352941176472,nan
eLORETA,15,-5,deep_only,case_weighted_within_scenario,30,1,1.0,1.0,nan,1.0,1.9314566894538767,nan,nan,19.682605224499643,0.0,1.0,0.0,4540.133333333333,4524.166666666667,15.966666666666667,nan,nan,19.682605224499643,0.0,1.0,nan,nan
eLORETA,15,-5,deep_plus_surface,case_weighted_within_scenario,136,1,0.8135747743896969,0.9219781523066173,0.9337367661625159,0.6598039215686274,1.792085785966099,26.60436147741877,7.6197368890714055,22.58053989964948,20.457767279749458,0.31818673664201474,20.184833991225084,815.6470588235294,800.5073529411765,15.139705882352942,26.60436147741877,7.6197368890714055,180.33518221462407,177.24820954463812,0.25,nan,nan
eLORETA,15,-5,deep_plus_two_surface,case_weighted_within_scenario,67,1,0.8580710713178409,0.8673888846827266,0.8716411320788223,0.6636815920398009,1.7865051580615667,21.30152833853333,8.689077078488488,22.794847367813315,19.175640320116486,0.29269006092580224,18.401770025704568,847.8358208955224,832.179104477612,15.656716417910447,21.30152833853333,75.95475910170906,189.66894079336888,187.2200086040472,0.208955223880597,nan,nan
eLORETA,15,-5,surface_only,case_weighted_within_scenario,136,1,0.8455972803799826,0.9365069985178535,0.9365321524938987,nan,1.7436118288416698,25.150137946705204,7.584176520856291,nan,nan,0.28694607298230673,nan,729.8455882352941,715.8676470588235,13.977941176470589,25.150137946705204,7.584176520856291,nan,nan,nan,0.21323529411764705,nan
eLORETA,15,0,deep_only,case_weighted_within_scenario,30,1,1.0,1.0,nan,1.0,1.9201418631927019,nan,nan,19.21853993232194,0.0,1.0,0.0,2823.133333333333,2807.1666666666665,15.966666666666667,nan,nan,19.21853993232194,0.0,1.0,nan,nan
eLORETA,15,0,deep_plus_surface,case_weighted_within_scenario,136,1,0.8320305367855892,0.929169864560177,0.9399646962546325,0.6813725490196079,1.774486799290072,22.94890970266314,7.492796589334332,22.289195569538613,20.22959995504637,0.30812498107411956,19.717055981165796,579.3676470588235,564.5514705882352,14.816176470588236,22.94890970266314,7.492796589334332,180.2281907255996,177.1573221703713,0.25,nan,nan
eLORETA,15,0,deep_plus_two_surface,case_weighted_within_scenario,67,1,0.8680005329112574,0.8764222782832537,0.8800957513506372,0.663681592039801,1.7693202830757895,19.20223689349648,7.908518441599789,22.4949344085982,17.417609275775806,0.283788386540492,17.397294922229282,633.0149253731344,617.8059701492538,15.208955223880597,19.20223689349648,82.15707150313571,186.18020572593855,182.82856442907357,0.22388059701492538,nan,nan
eLORETA,15,0,surface_only,case_weighted_within_scenario,136,1,0.8537819419836024,0.9407286081545616,0.9407656367803693,nan,1.7221355333650006,21.731447593446394,7.627469173098865,nan,nan,0.27663338349517763,nan,529.1102941176471,516.0294117647059,13.080882352941176,21.731447593446394,7.627469173098865,nan,nan,nan,0.23529411764705882,nan
eLORETA,15,5,deep_only,case_weighted_within_scenario,30,1,1.0,1.0,nan,1.0,1.905083667904351,nan,nan,18.867264491697043,0.0,1.0,0.0,1227.8666666666666,1212.2333333333333,15.633333333333333,nan,nan,18.867264491697043,0.0,1.0,nan,nan
eLORETA,15,5,deep_plus_surface,case_weighted_within_scenario,136,1,0.8478240276510762,0.9343684189823869,0.9440471431596729,0.6995098039215686,1.7549316937577668,20.218457342651433,7.507260408698203,21.856798106148997,19.122543618632335,0.29990983865989224,19.122543622904466,449.22058823529414,435.04411764705884,14.176470588235293,20.218457342651433,7.507260408698203,183.2563695285101,180.28696789561326,0.23529411764705882,nan,nan
eLORETA,15,5,deep_plus_two_surface,case_weighted_within_scenario,67,1,0.8807796114343004,0.8889562530390663,0.8921991020636414,0.6716417910447762,1.7494051829123805,17.792836988967874,7.81994744695511,22.112064203515985,18.30146241771332,0.2733638385590458,17.967720920944387,494.7014925373134,480.1044776119403,14.597014925373134,17.792836988967874,78.72132733644418,189.23613784129606,186.3567702708997,0.208955223880597,nan,nan
eLORETA,15,5,surface_only,case_weighted_within_scenario,136,1,0.8608455371011133,0.9440325334778116,0.9440738088949688,nan,1.6999476881104219,19.780604902809856,7.5904623494333165,nan,nan,0.2667363922911271,nan,430.2279411764706,418.02941176470586,12.198529411764707,19.780604902809856,7.5904623494333165,nan,nan,nan,0.27941176470588236,nan
eLORETA,15,10,deep_only,case_weighted_within_scenario,30,1,1.0,1.0,nan,1.0,1.8896955562977342,nan,nan,18.217561776950802,0.0,1.0,0.0,882.0,866.7666666666667,15.233333333333333,nan,nan,18.217561776950802,0.0,1.0,nan,nan
eLORETA,15,10,deep_plus_surface,case_weighted_within_scenario,136,1,0.8685201070134252,0.9397419811089489,0.947239301213223,0.7024509803921568,1.7372348630182723,19.479261080246744,7.556574395799614,21.5768483059565,19.065389990773397,0.29300473847539643,18.759340158170357,410.18382352941177,396.4632352941176,13.720588235294118,19.479261080246744,7.556574395799614,184.66544424965613,181.9646976646988,0.22794117647058823,nan,nan
eLORETA,15,10,deep_plus_two_surface,case_weighted_within_scenario,67,1,0.8870712488485195,0.8927170570716264,0.895483121436558,0.6597014925373136,1.7325220325780908,17.108398359905543,7.681315418201108,21.809586232582397,18.231470880092445,0.2691431437721775,18.11407117407229,441.3731343283582,427.1194029850746,14.253731343283581,17.108398359905543,78.62614713759815,182.79669228296825,179.81858781098398,0.23880597014925373,nan,nan
eLORETA,15,10,surface_only,case_weighted_within_scenario,136,1,0.8672093132106569,0.9487973783709611,0.948851161264642,nan,1.6785014864822183,19.082701506452146,7.579199571790731,nan,nan,0.2619816999667123,nan,399.1397058823529,387.8970588235294,11.242647058823529,19.082701506452146,7.579199571790731,nan,nan,nan,0.3161764705882353,nan
eLORETA,15,15,deep_only,case_weighted_within_scenario,30,1,1.0,1.0,nan,1.0,1.8782555839839195,nan,nan,17.773656592020984,0.0,1.0,0.0,792.6666666666666,777.5,15.166666666666666,nan,nan,17.773656592020984,0.0,1.0,nan,nan
eLORETA,15,15,deep_plus_surface,case_weighted_within_scenario,136,1,0.8783319461394626,0.9421192212304464,0.94879872643891,0.7102941176470587,1.7264071965878625,19.28497704137122,7.4332870721868325,21.352328078563776,19.173780176993812,0.2869870905709325,19.123621154694174,400.02941176470586,386.6985294117647,13.330882352941176,19.28497704137122,7.4332870721868325,182.96951893488753,180.21343847717063,0.23529411764705882,nan,nan
eLORETA,15,15,deep_plus_two_surface,case_weighted_within_scenario,67,1,0.8889434460411991,0.8998897496013798,0.902573807254816,0.6477611940298508,1.7218432894491034,17.02946307238294,7.347430044801423,21.70924057682219,17.904405558178624,0.26412275589402784,17.904405558178624,425.4776119402985,411.55223880597015,13.925373134328359,17.02946307238294,64.86367766860876,185.90715245195423,182.8285644172893,0.22388059701492538,nan,nan
eLORETA,15,15,surface_only,case_weighted_within_scenario,136,1,0.8696770405501835,0.9491128608376977,0.9491639879539787,nan,1.6657597100629364,18.961636260560663,7.348046748899081,nan,nan,0.25726338476996274,nan,389.75735294117646,378.9632352941176,10.794117647058824,18.961636260560663,7.348046748899081,nan,nan,nan,0.3014705882352941,nan
eLORETA,15,20,deep_only,case_weighted_within_scenario,30,1,1.0,1.0,nan,1.0,1.8717158359683002,nan,nan,16.663200529614894,0.0,1.0,0.0,775.4,761.3,14.1,nan,nan,16.663200529614894,0.0,1.0,nan,nan
eLORETA,15,20,deep_plus_surface,case_weighted_within_scenario,136,1,0.8802489861466517,0.9464077836540715,0.9527586837591113,0.717156862745098,1.7259443625302067,19.533816977775217,7.273204979635877,21.4161594224078,18.9281358045736,0.2901565208712686,18.9281358045736,405.83088235294116,392.86764705882354,12.963235294117647,19.533816977775217,7.273204979635877,181.41029032122498,178.49263619255976,0.2426470588235294,nan,nan
eLORETA,15,20,deep_plus_two_surface,case_weighted_within_scenario,67,1,0.8902632030275077,0.9009329625507427,0.9034791583757495,0.6666666666666666,1.7205602783292109,17.335407708374294,7.664815880972947,21.624577384404347,18.635625912198066,0.2633114271340334,18.635625912198066,430.13432835820896,416.53731343283584,13.597014925373134,17.335407708374294,61.72196118850834,192.2182915170378,189.66525431525955,0.19402985074626866,nan,nan
eLORETA,15,20,surface_only,case_weighted_within_scenario,136,1,0.8754721375743835,0.9542774168419069,0.9543317016763424,nan,1.665063245605704,19.13258444144358,7.308044993062543,nan,nan,0.2604342812433797,nan,392.7132352941176,382.7647058823529,9.948529411764707,19.13258444144358,7.308044993062543,nan,nan,nan,0.27941176470588236,nan
eLORETA,20,-10,deep_only,case_weighted_within_scenario,30,1,1.0,1.0,nan,1.0,1.9191396339025029,nan,nan,20.58203673383797,0.0,1.0,0.0,2401.4,2385.4,16.0,nan,nan,20.58203673383797,0.0,1.0,nan,nan
eLORETA,20,-10,deep_plus_surface,case_weighted_within_scenario,136,1,0.8576354035102831,0.9254261557997137,0.9313306488649422,0.6529411764705884,1.7807073311341775,25.249878274250673,7.531998138500629,22.51181886514476,20.16284158005681,0.3403794452756198,19.931275522987942,733.2205882352941,718.25,14.970588235294118,25.249878274250673,7.531998138500629,181.84689006688126,178.5099941256917,0.2426470588235294,nan,nan
eLORETA,20,-10,deep_plus_two_surface,case_weighted_within_scenario,67,1,0.8637520087615848,0.8599831513769977,0.8619549369028687,0.6358208955223881,1.776662426009067,20.875145714912055,8.971226692126722,22.797155398046417,19.58173939317833,0.308149369697407,19.798081149285334,723.9253731343283,708.6417910447761,15.283582089552239,20.875145714912055,86.22990368877544,189.40841103436213,186.47078999272247,0.208955223880597,nan,nan
eLORETA,20,-10,surface_only,case_weighted_within_scenario,136,1,0.829339372657852,0.9318445220131077,0.9319239058727864,nan,1.731208442001304,24.03151482624963,7.291184177125016,nan,nan,0.3018133248298644,nan,653.3676470588235,641.0955882352941,12.272058823529411,24.03151482624963,7.291184177125016,nan,nan,nan,0.1323529411764706,nan
eLORETA,20,-5,deep_only,case_weighted_within_scenario,30,1,1.0,1.0,nan,1.0,1.9124093294291982,nan,nan,19.95848462461891,0.0,1.0,0.0,1802.5666666666666,1786.5666666666666,16.0,nan,nan,19.95848462461891,0.0,1.0,nan,nan
eLORETA,20,-5,deep_plus_surface,case_weighted_within_scenario,136,1,0.8616800406211127,0.9285353026167777,0.9347122646719328,0.653921568627451,1.7704257770110754,23.123464175533297,7.618850656337482,22.37561579265936,20.135475301895248,0.326153733611678,20.135475301895248,596.8676470588235,581.8455882352941,15.022058823529411,23.123464175533297,7.618850656337482,183.4055698903793,180.21343846555968,0.23529411764705882,nan,nan
eLORETA,20,-5,deep_plus_two_surface,case_weighted_within_scenario,67,1,0.8727909010059739,0.8704380689221464,0.8724647830258555,0.6557213930348258,1.7674921997541333,19.716944425647878,7.901255672480861,22.542061899589065,19.316263363276754,0.29776257864446476,19.316263362114963,636.6119402985074,621.4029850746268,15.208955223880597,19.716944425647878,85.52723615348563,189.43428905643756,186.32153625319188,0.208955223880597,nan,nan
eLORETA,20,-5,surface_only,case_weighted_within_scenario,136,1,0.8377643420449423,0.9353445542347842,0.9354204113314568,nan,1.7202552351882205,22.451044427268645,7.358293133101355,nan,nan,0.2929995120476943,nan,566.2720588235294,553.9558823529412,12.316176470588236,22.451044427268645,7.358293133101355,nan,nan,nan,0.17647058823529413,nan
eLORETA,20,0,deep_only,case_weighted_within_scenario,30,1,1.0,1.0,nan,1.0,1.9039355180429347,nan,nan,19.51999389586033,0.0,1.0,0.0,1204.4333333333334,1188.4333333333334,16.0,nan,nan,19.51999389586033,0.0,1.0,nan,nan
eLORETA,20,0,deep_plus_surface,case_weighted_within_scenario,136,1,0.862582338489363,0.9351462031738839,0.9419582610086176,0.6764705882352942,1.7567742227495229,21.387387850227114,7.743203104946086,22.14393572378583,19.654452326501513,0.3154484647412086,19.641353391423113,502.81617647058823,488.3897058823529,14.426470588235293,21.387387850227114,7.743203104946086,178.5366484221152,174.97750218167337,0.25735294117647056,nan,nan
eLORETA,20,0,deep_plus_two_surface,case_weighted_within_scenario,67,1,0.8783726532403994,0.8800604751384162,0.882351654246719,0.6606965174129353,1.7541114627064904,18.601098572074292,7.738739697352436,22.334728855943382,17.565876806669763,0.28834712154670133,17.54556245312324,559.4477611940298,544.5074626865671,14.940298507462687,18.601098572074292,82.04304100326809,186.16007703275355,182.97781816860416,0.22388059701492538,nan,nan
eLORETA,20,0,surface_only,case_weighted_within_scenario,136,1,0.8490075627427653,0.9421645133057737,0.9422377642640243,nan,1.7036929120632522,20.861833929441197,7.662489180820533,nan,nan,0.2820431889373194,nan,485.77941176470586,473.875,11.904411764705882,20.861833929441197,7.662489180820533,nan,nan,nan,0.21323529411764705,nan
eLORETA,20,5,deep_only,case_weighted_within_scenario,30,1,1.0,1.0,nan,1.0,1.8921560961176447,nan,nan,19.10722074916419,0.0,1.0,0.0,919.0333333333333,903.1333333333333,15.9,nan,nan,19.10722074916419,0.0,1.0,nan,nan
eLORETA,20,5,deep_plus_surface,case_weighted_within_scenario,136,1,0.8718028869914188,0.9390058798614236,0.9453197055973753,0.6946078431372549,1.7411182912306282,20.214229287266413,7.676368138989794,21.775812672415803,19.124513336202902,0.3052075664774625,18.787412300577245,444.3970588235294,430.31617647058823,14.080882352941176,20.214229287266413,7.676368138989794,176.81336023340646,173.72115758844436,0.2647058823529412,nan,nan
eLORETA,20,5,deep_plus_two_surface,case_weighted_within_scenario,67,1,0.8869696667131934,0.8861352284869859,0.8881562423704963,0.6845771144278608,1.738662822229121,17.851739479107422,7.878309452506111,21.970599976394283,17.046264900319603,0.28068254976895995,17.046264900319603,496.910447761194,482.4925373134328,14.417910447761194,17.851739479107422,78.76139677309114,189.31525137121207,186.32153624782399,0.208955223880597,nan,nan
eLORETA,20,5,surface_only,case_weighted_within_scenario,136,1,0.8567848034859603,0.9446988803434085,0.9447666974779009,nan,1.6850240066238438,19.813987793017503,7.578596424100103,nan,nan,0.2728424185931259,nan,433.59558823529414,422.3235294117647,11.272058823529411,19.813987793017503,7.578596424100103,nan,nan,nan,0.27941176470588236,nan
eLORETA,20,10,deep_only,case_weighted_within_scenario,30,1,1.0,1.0,nan,1.0,1.881638244240206,nan,nan,18.548031546276672,0.0,1.0,0.0,830.5666666666667,815.1666666666666,15.4,nan,nan,18.548031546276672,0.0,1.0,nan,nan
eLORETA,20,10,deep_plus_surface,case_weighted_within_scenario,136,1,0.8800596529809476,0.9415203839361498,0.9474773163556424,0.6965686274509804,1.7274784982681357,19.5972889623194,7.568318540896488,21.42594144376049,18.85402859284475,0.29776479928882815,18.799023877718273,411.77941176470586,398.30882352941177,13.470588235294118,19.5972889623194,7.568318540896488,181.48822498023605,178.5230930665756,0.2426470588235294,nan,nan
eLORETA,20,10,deep_plus_two_surface,case_weighted_within_scenario,67,1,0.888765252909964,0.8927496448718396,0.8949376750602697,0.6706467661691542,1.7243530029730152,17.277960489691633,8.025952037248693,21.821433356759147,16.70989917505834,0.27447759443255343,16.70989917505834,450.2238805970149,436.05970149253733,14.164179104477611,17.277960489691633,75.48958183397366,182.78922683714924,179.18633887079258,0.23880597014925373,nan,nan
eLORETA,20,10,surface_only,case_weighted_within_scenario,136,1,0.8640110695891664,0.9483852206973938,0.9484517621451641,nan,1.6682032965182894,19.222985554758708,7.56492115059239,nan,nan,0.266364934564352,nan,402.55882352941177,391.99264705882354,10.566176470588236,19.222985554758708,7.56492115059239,nan,nan,nan,0.3014705882352941,nan
eLORETA,20,15,deep_only,case_weighted_within_scenario,30,1,1.0,1.0,nan,1.0,1.8734152571130314,nan,nan,18.144308316586937,0.0,1.0,0.0,784.6666666666666,769.4666666666667,15.2,nan,nan,18.144308316586937,0.0,1.0,nan,nan
eLORETA,20,15,deep_plus_surface,case_weighted_within_scenario,136,1,0.8848494628918493,0.9453133822065105,0.9512702078766935,0.7058823529411765,1.7176258173626644,19.203399916879523,7.674004286140011,21.229137289769284,18.939106698930473,0.29142103942654196,18.939106698930473,395.13235294117646,381.90441176470586,13.227941176470589,19.203399916879523,7.674004286140011,179.74424818655746,176.84536330684708,0.25,nan,nan
eLORETA,20,15,deep_plus_two_surface,case_weighted_within_scenario,67,1,0.8932658951656101,0.8982078399196275,0.9003491890907602,0.6616915422885572,1.714362437720582,16.967986378561662,7.386053407254052,21.6701117443487,18.051063535563888,0.2682119961726374,18.051063535563888,422.35820895522386,408.6119402985075,13.746268656716419,16.967986378561662,78.4234299360524,189.14593924570335,186.32153624782396,0.208955223880597,nan,nan
eLORETA,20,15,surface_only,case_weighted_within_scenario,136,1,0.8688880935807581,0.950520469635147,0.9505869527542572,nan,1.65678331051378,18.913753524803187,7.620821600803145,nan,nan,0.2597864806632193,nan,386.4117647058824,376.24264705882354,10.169117647058824,18.913753524803187,7.620821600803145,nan,nan,nan,0.29411764705882354,nan
eLORETA,20,20,deep_only,case_weighted_within_scenario,30,1,1.0,1.0,nan,1.0,1.8688885050791497,nan,nan,17.695402286423715,0.0,1.0,0.0,763.6333333333333,748.5333333333333,15.1,nan,nan,17.695402286423715,0.0,1.0,nan,nan
eLORETA,20,20,deep_plus_surface,case_weighted_within_scenario,136,1,0.886919290692061,0.9463318419050938,0.9520749156285554,0.7151960784313726,1.7155560433215145,19.196010882954692,7.58497036277812,21.189383964910455,19.102673359517016,0.28790179617339245,19.28857304923663,393.24264705882354,380.3014705882353,12.941176470588236,19.196010882954692,7.58497036277812,182.88097008110498,180.2869678929688,0.23529411764705882,nan,nan
eLORETA,20,20,deep_plus_two_surface,case_weighted_within_scenario,67,1,0.8931170802289574,0.9024220100315782,0.9047227250084091,0.664676616915423,1.7108398102464804,16.96573181716169,7.4307175531026814,21.59385708836578,17.88517718023661,0.2656714035592705,17.88517718023661,415.4776119402985,401.56716417910445,13.91044776119403,16.96573181716169,71.68996369877907,188.93498971286385,186.4707899702024,0.208955223880597,nan,nan
eLORETA,20,20,surface_only,case_weighted_within_scenario,136,1,0.8701232153143802,0.9495185121647551,0.9495820500328388,nan,1.6532642392294263,18.85863562691828,7.41356518033621,nan,nan,0.25839678764237606,nan,382.25,372.5220588235294,9.727941176470589,18.85863562691828,7.41356518033621,nan,nan,nan,0.3088235294117647,nan
sLORETA,-10,-10,deep_only,case_weighted_within_scenario,30,1,0.754,0.9535205643551179,nan,0.8155555555555557,1.9750940302915074,nan,nan,22.978381640884496,11.661132846948016,0.6733135723879795,10.688389230630436,2422.0333333333333,2406.0333333333333,16.0,nan,nan,107.10700119277894,97.89954584051745,0.6,nan,nan
sLORETA,-10,-10,deep_plus_surface,case_weighted_within_scenario,136,1,0.7210616867246524,0.7307745593167317,0.724791347656012,0.5088235294117647,1.9533881913296076,68.80088626075678,71.21195256155157,24.05143718272659,24.15496304029861,0.49672544248930495,22.88262230890316,2629.7720588235293,2613.7720588235293,16.0,68.80088626075678,71.21195256155157,190.6654899449272,188.6366941422266,0.20588235294117646,nan,nan
sLORETA,-10,-10,deep_plus_two_surface,case_weighted_within_scenario,67,1,0.7544196578291832,0.69043564104139,0.6873987095456013,0.49651741293532325,1.9547204976857886,46.971363791156904,53.20142048007457,24.335028756341735,25.32591008324932,0.4921726018655431,24.768608780673173,2770.9402985074626,2754.9402985074626,16.0,46.971363791156904,53.20142048007457,202.43913354098697,201.40297252325632,0.14925373134328357,nan,nan
sLORETA,-10,-10,surface_only,case_weighted_within_scenario,136,1,0.6133329754377549,0.7354025421671101,0.7360324276396111,nan,1.9436454889799275,68.69444620925145,67.56087323960557,nan,nan,0.4928230602694838,nan,2676.3676470588234,2660.3676470588234,16.0,68.69444620925145,67.56087323960557,nan,nan,nan,0.0,nan
sLORETA,-10,-5,deep_only,case_weighted_within_scenario,30,1,0.8823333333333332,0.9839788810506233,nan,0.9155555555555556,1.9646611892860972,nan,nan,22.181729687846303,8.240449671150765,0.8258401760625974,7.252208388528483,2378.2,2362.2,16.0,nan,nan,71.36612370634359,59.411530578276796,0.7666666666666667,nan,nan
sLORETA,-10,-5,deep_plus_surface,case_weighted_within_scenario,136,1,0.7468528161507729,0.7766746975297167,0.7708919668757102,0.5034313725490196,1.9387411143685274,65.25564424568181,57.63396637146264,23.852768056838887,21.4744101279118,0.5183626024414631,21.888894158195406,2307.919117647059,2291.919117647059,16.0,65.25564424568181,57.63396637146264,198.30444646708833,196.08566411874682,0.16911764705882354,nan,nan
sLORETA,-10,-5,deep_plus_two_surface,case_weighted_within_scenario,67,1,0.7725316685151626,0.7169236351763587,0.7127925301886187,0.5462686567164179,1.9400655685733756,45.40576457470744,49.48923570518615,23.962096017338638,21.85576424355884,0.5356461755101879,22.044684815132886,2584.268656716418,2568.268656716418,16.0,45.40576457470744,49.48923570518615,199.34805338360283,196.71302084535685,0.16417910447761194,nan,nan
sLORETA,-10,-5,surface_only,case_weighted_within_scenario,136,1,0.6591869666976379,0.7835903514488998,0.7843333682443593,nan,1.9266706778389993,65.03222334846969,52.46057526783514,nan,nan,0.4981956188978087,nan,2321.639705882353,2305.639705882353,16.0,65.03222334846969,52.46057526783514,nan,nan,nan,0.0,nan
sLORETA,-10,0,deep_only,case_weighted_within_scenario,30,1,0.9869999999999999,0.9978126802431342,nan,0.94,1.949397225732889,nan,nan,20.781945395684193,6.55228456687017,0.9687696792799773,4.276142246864077,2147.1666666666665,2131.1666666666665,16.0,nan,nan,34.931455617009945,21.211416348815206,0.9333333333333333,nan,nan
sLORETA,-10,0,deep_plus_surface,case_weighted_within_scenario,136,1,0.7804275712534473,0.8326078664243652,0.8287648352783955,0.5519607843137254,1.9188958075609786,59.82023450990042,26.387057700681485,23.68648493513189,20.573408779107613,0.4828298373814287,20.747266132851536,1739.7867647058824,1723.7867647058824,16.0,59.82023450990042,26.387057700681485,198.2624489140892,195.9390885584373,0.16911764705882354,nan,nan
sLORETA,-10,0,deep_plus_two_surface,case_weighted_within_scenario,67,1,0.7965241202354083,0.7518641769163572,0.7480578274214646,0.5771144278606966,1.9202336033662548,43.45264132199908,40.61732864100353,23.726854334603363,18.865581173626502,0.5107946037603975,20.05706972743128,2121.6567164179105,2105.6567164179105,16.0,43.45264132199908,40.61732864100353,183.49980473854288,179.6959229898915,0.23880597014925373,nan,nan
sLORETA,-10,0,surface_only,case_weighted_within_scenario,136,1,0.7162751604365801,0.8347763357552523,0.8354290058151991,nan,1.903870832920395,59.50130923962741,27.108885591682146,nan,nan,0.4542246332076395,nan,1663.4705882352941,1647.4779411764705,15.992647058823529,59.50130923962741,27.108885591682146,nan,nan,nan,0.007352941176470588,nan
sLORETA,-10,5,deep_only,case_weighted_within_scenario,30,1,1.0,0.9999645059674341,nan,0.9888888888888889,1.9216231274630287,nan,nan,18.605482238709328,1.804737850137111,1.0,0.6666666529417629,1710.6333333333334,1694.8,15.833333333333334,nan,nan,18.605482238709328,1.804737850137111,1.0,nan,nan
sLORETA,-10,5,deep_plus_surface,case_weighted_within_scenario,136,1,0.809312469123756,0.8777777177266717,0.8763704443804797,0.5700980392156862,1.8931037391288428,49.42234115961504,16.455838234226228,23.478573980613877,20.693775979286155,0.45108038407347945,20.53430588316969,1092.639705882353,1076.6470588235295,15.992647058823529,49.42234115961504,16.455838234226228,176.3995394963025,172.8063326660885,0.27205882352941174,nan,nan
sLORETA,-10,5,deep_plus_two_surface,case_weighted_within_scenario,67,1,0.822669849842077,0.7983928075031659,0.7957033030011332,0.5601990049751242,1.894646749806281,39.7426092739281,27.739343227536853,23.551179405300466,18.781656283984034,0.46999162132786665,19.6092711073136,1390.686567164179,1374.686567164179,16.0,39.7426092739281,27.739343227536853,173.91828325389542,169.43334924807485,0.2835820895522388,nan,nan
sLORETA,-10,5,surface_only,case_weighted_within_scenario,136,1,0.7703086854578374,0.8790804117453045,0.879614893487489,nan,1.872754712660891,47.951026898416615,15.588721964811691,nan,nan,0.4244764832399075,nan,1017.7794117647059,1001.8529411764706,15.926470588235293,47.951026898416615,15.588721964811691,nan,nan,nan,0.0,nan
sLORETA,-10,10,deep_only,case_weighted_within_scenario,30,1,1.0,1.0,nan,1.0,1.8886460661354492,nan,nan,15.014293994734093,0.0,1.0,0.0,1058.4666666666667,1046.4333333333334,12.033333333333333,nan,nan,15.014293994734093,0.0,1.0,nan,nan
sLORETA,-10,10,deep_plus_surface,case_weighted_within_scenario,136,1,0.8395183339762837,0.909583452977281,0.90961973415991,0.5950980392156863,1.8610830487129049,33.297879946994215,15.255047409763526,23.108907821222495,20.728108036799988,0.41937677753141706,20.977986390038517,536.4411764705883,520.9338235294117,15.507352941176471,33.297879946994215,15.255047409763526,190.04822545135607,187.02311822781047,0.20588235294117646,nan,nan
sLORETA,-10,10,deep_plus_two_surface,case_weighted_within_scenario,67,1,0.8483943738400799,0.8386741585717257,0.8369481338749202,0.6407960199004976,1.864825664638074,32.19373317706436,21.54965257856778,23.29282859550594,18.611291103667085,0.4383505714944597,18.57147967941785,772.4179104477612,756.5820895522388,15.835820895522389,32.19373317706436,21.54965257856778,170.311572648179,165.92054686332523,0.29850746268656714,nan,nan
sLORETA,-10,10,surface_only,case_weighted_within_scenario,136,1,0.806055451978655,0.9110483719440163,0.9114008200132854,nan,1.8362003417915194,32.01097632553186,15.12127998901651,nan,nan,0.39649006254954056,nan,502.55882352941177,487.31617647058823,15.242647058823529,32.01097632553186,15.12127998901651,nan,nan,nan,0.007352941176470588,nan
sLORETA,-10,15,deep_only,case_weighted_within_scenario,30,1,1.0,1.0,nan,1.0,1.8654654755577487,nan,nan,13.720207070806856,0.0,1.0,0.0,703.8666666666667,694.0333333333333,9.833333333333334,nan,nan,13.720207070806856,0.0,1.0,nan,nan
sLORETA,-10,15,deep_plus_surface,case_weighted_within_scenario,136,1,0.853200075132003,0.9209003921381129,0.9224712126584592,0.6093137254901961,1.8387097881623438,27.012893648982214,14.950163001837813,22.085321313078012,20.568638331621113,0.4116974805402015,20.497955092893676,358.72058823529414,345.0220588235294,13.698529411764707,27.012893648982214,14.950163001837813,183.20309574771585,180.7916519651183,0.23529411764705882,nan,nan
sLORETA,-10,15,deep_plus_two_surface,case_weighted_within_scenario,67,1,0.8623059721545684,0.8578014986715705,0.8567051928619954,0.6388059701492538,1.842155247905147,27.48051266474586,21.19518808576749,22.473160116521544,18.36486767444236,0.42309531332100286,18.267810732594555,473.5223880597015,459.14925373134326,14.373134328358208,27.48051266474586,27.5484395416036,172.96906906426017,168.9185000607589,0.2835820895522388,nan,nan
sLORETA,-10,15,surface_only,case_weighted_within_scenario,136,1,0.8156611498599186,0.9243173550088557,0.9245951549849999,nan,1.8107103203102581,26.400634739372983,14.42458847463839,nan,nan,0.39589240976372225,nan,349.81617647058823,336.59558823529414,13.220588235294118,26.400634739372983,14.42458847463839,nan,nan,nan,0.029411764705882353,nan
sLORETA,-10,20,deep_only,case_weighted_within_scenario,30,1,1.0,1.0,nan,1.0,1.8554245390774837,nan,nan,13.563785271724766,0.0,1.0,0.0,638.5666666666667,629.0666666666667,9.5,nan,nan,13.563785271724766,0.0,1.0,nan,nan
sLORETA,-10,20,deep_plus_surface,case_weighted_within_scenario,136,1,0.8525873812568212,0.9249794944571982,0.9274364087624094,0.623529411764706,1.8330287510551642,27.033061092273254,14.386527535742987,21.631583874052172,20.418301596497333,0.4107352934771677,20.314315308798054,335.06617647058823,323.5367647058824,11.529411764705882,27.033061092273254,14.386527535742987,179.4258900414589,177.16993783032984,0.25,nan,nan
sLORETA,-10,20,deep_plus_two_surface,case_weighted_within_scenario,67,1,0.8590957354162723,0.8626524298265897,0.8621174717914724,0.6139303482587064,1.8369385564679963,27.389686108730118,21.51170891741663,22.08566992706673,19.500153868909635,0.41188363799762945,19.424927418289943,420.1641791044776,407.35820895522386,12.805970149253731,27.389686108730118,31.02741352661934,175.5824715392011,172.34964892673375,0.26865671641791045,nan,nan
sLORETA,-10,20,surface_only,case_weighted_within_scenario,136,1,0.8152226865413535,0.9277620863349638,0.9280031001799852,nan,1.8017973077634972,26.319670197727955,14.069369457453671,nan,nan,0.39318714918098674,nan,324.7867647058824,314.375,10.411764705882353,26.319670197727955,14.069369457453671,nan,nan,nan,0.03676470588235294,nan
sLORETA,-5,-10,deep_only,case_weighted_within_scenario,30,1,0.8539999999999999,0.9761746306402235,nan,0.9066666666666667,1.9655879435358032,nan,nan,22.046602572938916,6.2404499333913375,0.7571462880947827,4.218951507636017,2608.7,2592.7,16.0,nan,nan,50.14030577997296,35.28476189068719,0.8666666666666667,nan,nan
sLORETA,-5,-10,deep_plus_surface,case_weighted_within_scenario,136,1,0.7247761122664502,0.7936412321756281,0.7970270945046374,0.5455882352941177,1.9386861350237832,68.99912388564347,55.18847637302589,24.11199988427598,23.393378984814284,0.4504261350552574,22.512862407558277,2848.625,2832.625,16.0,68.99912388564347,55.18847637302589,196.95364845214178,195.07554990735818,0.17647058823529413,nan,nan
sLORETA,-5,-10,deep_plus_two_surface,case_weighted_within_scenario,67,1,0.7735387200564563,0.7400800333715504,0.7405808352215867,0.56318407960199,1.939685939205836,47.35920042559925,50.186644671315044,24.09025839085329,24.19506270702089,0.44390741873075634,22.309219705676515,3146.283582089552,3130.283582089552,16.0,47.35920042559925,50.186644671315044,199.43367670966293,197.68435862491836,0.16417910447761194,nan,nan
sLORETA,-5,-10,surface_only,case_weighted_within_scenario,136,1,0.6904447163153309,0.798351643464189,0.7986185496255731,nan,1.9239631975253355,69.00070670335226,51.740671288858785,nan,nan,0.4317192453435582,nan,2771.0220588235293,2755.0220588235293,16.0,69.00070670335226,51.740671288858785,nan,nan,nan,0.0,nan
sLORETA,-5,-5,deep_only,case_weighted_within_scenario,30,1,0.978,0.9967966635609388,nan,0.9600000000000002,1.952788772281205,nan,nan,21.178756726134644,4.897376781179872,0.9399772914074662,1.942809018579743,2452.1666666666665,2436.1666666666665,16.0,nan,nan,35.184176076943736,19.211416448965494,0.9333333333333333,nan,nan
sLORETA,-5,-5,deep_plus_surface,case_weighted_within_scenario,136,1,0.7719627774469715,0.8258806523350853,0.825086568505486,0.5813725490196078,1.920596753749463,63.823415158394525,40.515218498292505,23.811461022926952,22.36921029331469,0.4665928885602442,20.47911546964878,2098.514705882353,2082.5220588235293,15.992647058823529,63.823415158394525,40.515218498292505,176.53006406923774,174.3947694390024,0.27205882352941174,nan,nan
sLORETA,-5,-5,deep_plus_two_surface,case_weighted_within_scenario,67,1,0.7977759600924973,0.7704962237684551,0.7690348794407447,0.5233830845771145,1.9224523862741663,44.81036809671625,42.764713872187656,23.990639945600652,22.59519853249571,0.4872305310994842,22.153023395817314,2416.1641791044776,2400.1641791044776,16.0,44.81036809671625,42.764713872187656,190.0400826799074,187.84028786577522,0.208955223880597,nan,nan
sLORETA,-5,-5,surface_only,case_weighted_within_scenario,136,1,0.730243057300426,0.8381826265122095,0.8385901318457216,nan,1.9033340303585002,62.89749569617798,33.18054523804358,nan,nan,0.4384718330543494,nan,1999.0808823529412,1983.0808823529412,16.0,62.89749569617798,33.18054523804358,nan,nan,nan,0.0,nan
sLORETA,-5,0,deep_only,case_weighted_within_scenario,30,1,1.0,0.9999068281645148,nan,0.9977777777777778,1.935847157092907,nan,nan,20.031594424796815,0.33333333962997774,0.9963227909325368,0.0,2154.9333333333334,2138.9333333333334,16.0,nan,nan,20.031594424796815,0.33333333962997774,1.0,nan,nan
sLORETA,-5,0,deep_plus_surface,case_weighted_within_scenario,136,1,0.7974292384780783,0.8625667163577032,0.8611779904719625,0.5754901960784314,1.899455879587433,54.942618903958994,20.215819795016145,23.61364200480238,20.927658895349232,0.4403458514561405,21.101786306413363,1371.610294117647,1355.639705882353,15.970588235294118,54.942618903958994,20.215819795016145,184.21071344148962,181.46834128164227,0.23529411764705882,nan,nan
sLORETA,-5,0,deep_plus_two_surface,case_weighted_within_scenario,67,1,0.8169872493995504,0.8005297076794651,0.7983663600947831,0.6029850746268657,1.8996305792182675,41.259278651328884,30.99563223313066,23.549321720035685,20.149225089665656,0.4669797205478108,19.4850820173389,1727.4925373134329,1711.4925373134329,16.0,41.259278651328884,30.99563223313066,177.12875400929158,174.33647607948416,0.26865671641791045,nan,nan
sLORETA,-5,0,surface_only,case_weighted_within_scenario,136,1,0.7601306503696544,0.8687398138119984,0.8691901362867863,nan,1.8794240533492463,53.08420701340398,22.385258859750465,nan,nan,0.40530894303555837,nan,1241.8161764705883,1225.860294117647,15.955882352941176,53.08420701340398,22.385258859750465,nan,nan,nan,0.0,nan
sLORETA,-5,5,deep_only,case_weighted_within_scenario,30,1,1.0,0.9999911264918585,nan,0.9955555555555555,1.915774783970535,nan,nan,18.45985767509103,0.666666652941763,1.0,0.3333333133117851,1651.6,1635.8666666666666,15.733333333333333,nan,nan,18.45985767509103,0.666666652941763,1.0,nan,nan
sLORETA,-5,5,deep_plus_surface,case_weighted_within_scenario,136,1,0.8266069569815315,0.89333465962602,0.8926808011441836,0.6362745098039215,1.8740057423318663,42.32766731969757,16.3478676070284,23.26292431103814,20.19747110041805,0.4143348610492034,20.336953684414357,793.8970588235294,778.0441176470588,15.852941176470589,42.32766731969757,16.3478676070284,182.5620889712436,179.15914317626513,0.2426470588235294,nan,nan
sLORETA,-5,5,deep_plus_two_surface,case_weighted_within_scenario,67,1,0.8381345575387694,0.830168323327271,0.8283902031674176,0.6079601990049751,1.8749323721800994,36.2584967499832,24.889700802887358,23.372930636813372,19.434960386816083,0.43677257251653967,19.163041820743256,1094.2388059701493,1078.2388059701493,16.0,36.2584967499832,24.889700802887358,173.75466073564655,170.26178364107653,0.2835820895522388,nan,nan
sLORETA,-5,5,surface_only,case_weighted_within_scenario,136,1,0.7965498492968834,0.900086690924989,0.9004916731753636,nan,1.848979776267265,40.09773730491038,16.244317689189312,nan,nan,0.3873143547589888,nan,706.0294117647059,690.1544117647059,15.875,40.09773730491038,16.244317689189312,nan,nan,nan,0.007352941176470588,nan
sLORETA,-5,10,deep_only,case_weighted_within_scenario,30,1,1.0,1.0,nan,1.0,1.8873537003254615,nan,nan,15.768614225980032,0.0,1.0,0.0,1029.9666666666667,1016.9333333333333,13.033333333333333,nan,nan,15.768614225980032,0.0,1.0,nan,nan
sLORETA,-5,10,deep_plus_surface,case_weighted_within_scenario,136,1,0.852000443361657,0.9156277807200388,0.915795605912991,0.6436274509803921,1.8479682085331486,30.71641329642654,15.539579179388946,22.946254988489905,19.92667651201563,0.402504745670056,19.761044620814133,442.99264705882354,427.5220588235294,15.470588235294118,30.71641329642654,15.539579179388946,179.09685875707757,175.74584700386356,0.25735294117647056,nan,nan
sLORETA,-5,10,deep_plus_two_surface,case_weighted_within_scenario,67,1,0.8559164387972804,0.8542994920109483,0.8530818075012976,0.6129353233830847,1.8490760634612384,29.431396512151544,18.549872586347444,23.276774994696417,20.274394199225952,0.4155481620556063,20.58171878749923,653.0895522388059,637.3134328358209,15.776119402985074,29.431396512151544,24.982088683957286,189.3489161443802,186.3833591319909,0.208955223880597,nan,nan
sLORETA,-5,10,surface_only,case_weighted_within_scenario,136,1,0.8156250240347857,0.9188470404567016,0.9191685611332503,nan,1.8196993464408424,29.05842593297574,15.83434273983235,nan,nan,0.37794077871409265,nan,411.97058823529414,397.15441176470586,14.816176470588236,29.05842593297574,15.83434273983235,nan,nan,nan,0.058823529411764705,nan
sLORETA,-5,15,deep_only,case_weighted_within_scenario,30,1,1.0,1.0,nan,1.0,1.86414575033448,nan,nan,13.910724635342547,0.0,1.0,0.0,688.5666666666667,678.4,10.166666666666666,nan,nan,13.910724635342547,0.0,1.0,nan,nan
sLORETA,-5,15,deep_plus_surface,case_weighted_within_scenario,136,1,0.8628626911186186,0.9244938506458718,0.925549945291807,0.6401960784313725,1.8295823936190183,26.302507142338374,15.624272830153453,22.206794879317126,20.53258942099768,0.397438853986731,20.27445781986017,340.1470588235294,326.0514705882353,14.095588235294118,26.302507142338374,15.624272830153453,183.22471906946942,180.3909541748626,0.23529411764705882,nan,nan
sLORETA,-5,15,deep_plus_two_surface,case_weighted_within_scenario,67,1,0.8698652468573785,0.8666322011860578,0.865648699221694,0.6487562189054727,1.8318594351528572,26.695286612160377,19.6504717867265,22.391994845750546,17.237999676522676,0.4175068199750321,17.580114264154375,464.07462686567163,449.4776119402985,14.597014925373134,26.695286612160377,32.4491965669982,160.11040385706085,155.18329727773852,0.34328358208955223,nan,nan
sLORETA,-5,15,surface_only,case_weighted_within_scenario,136,1,0.8247100063123739,0.929592649267686,0.9298465142475387,nan,1.7990947026683288,25.280268588962,14.853367770252605,nan,nan,0.37340982762240843,nan,322.59558823529414,309.1102941176471,13.485294117647058,25.280268588962,14.853367770252605,nan,nan,nan,0.04411764705882353,nan
sLORETA,-5,20,deep_only,case_weighted_within_scenario,30,1,1.0,1.0,nan,1.0,1.8550710908547043,nan,nan,13.524569558819886,0.0,1.0,0.0,636.3333333333334,626.8666666666667,9.466666666666667,nan,nan,13.524569558819886,0.0,1.0,nan,nan
sLORETA,-5,20,deep_plus_surface,case_weighted_within_scenario,136,1,0.8585920157424612,0.9280105153787348,0.9304457298173482,0.6333333333333334,1.82472082407387,26.292138976731767,14.60515698704029,21.84588882651833,20.817234749597134,0.4034249561479517,20.777803905039615,329.8014705882353,318.11764705882354,11.683823529411764,26.292138976731767,14.60515698704029,184.15668787446901,182.14221336250074,0.22794117647058823,nan,nan
sLORETA,-5,20,deep_plus_two_surface,case_weighted_within_scenario,67,1,0.8636207873568715,0.867212749424463,0.8667001475927009,0.635820895522388,1.8290129536156636,26.54255624041138,21.58535827371391,22.163023228060766,18.527820790352777,0.4107223155404357,18.527820790352777,410.04477611940297,396.92537313432837,13.119402985074627,26.54255624041138,31.09776515054511,172.67152455288516,168.40891594084812,0.2835820895522388,nan,nan
sLORETA,-5,20,surface_only,case_weighted_within_scenario,136,1,0.8222233070949508,0.9314936082544949,0.9317179836565412,nan,1.7929686841412995,25.621374897796603,14.228569063044166,nan,nan,0.38217026707438473,nan,319.5514705882353,308.86764705882354,10.683823529411764,25.621374897796603,14.228569063044166,nan,nan,nan,0.04411764705882353,nan
sLORETA,0,-10,deep_only,case_weighted_within_scenario,30,1,0.9416666666666667,0.9904521052398066,nan,0.9400000000000001,1.9560652313932891,nan,nan,20.907532476943636,5.218951573238783,0.8388879212727244,2.9428091060331214,2582.8333333333335,2566.8333333333335,16.0,nan,nan,35.137564442775805,20.34948782745324,0.9333333333333333,nan,nan
sLORETA,0,-10,deep_plus_surface,case_weighted_within_scenario,136,1,0.7266377041157576,0.8389607374262844,0.8488427139933615,0.5700980392156862,1.9170808112427142,67.20586896670278,39.095384083425415,24.046586192679364,23.098428938370837,0.4178554078002925,21.431306222988802,2621.080882352941,2605.0882352941176,15.992647058823529,67.20586896670278,39.095384083425415,187.57425106244065,184.65727696339317,0.22058823529411764,nan,nan
sLORETA,0,-10,deep_plus_two_surface,case_weighted_within_scenario,67,1,0.7920388726173244,0.7866371000836144,0.7905266201251789,0.6079601990049751,1.9188778065676604,46.62609808547461,45.69466473394301,24.04442031084191,23.65580293770536,0.41533577114918213,20.53733441911274,3214.4626865671644,3198.4626865671644,16.0,46.62609808547461,45.69466473394301,193.340800432955,191.41426142546808,0.19402985074626866,nan,nan
sLORETA,0,-10,surface_only,case_weighted_within_scenario,136,1,0.7606125343542272,0.855539321728865,0.8555856301880453,nan,1.8970045423059276,66.24434046859612,34.11946757591751,nan,nan,0.3866646262794217,nan,2465.0367647058824,2449.073529411765,15.963235294117647,66.24434046859612,34.11946757591751,nan,nan,nan,0.007352941176470588,nan
sLORETA,0,-5,deep_only,case_weighted_within_scenario,30,1,0.9946666666666667,0.9991481432184215,nan,0.9755555555555556,1.9413280331157783,nan,nan,20.26804725302186,2.414213605709802,0.9820753257331248,1.8047378747449432,2550.766666666667,2534.766666666667,16.0,nan,nan,27.36426472654792,9.74377949668232,0.9666666666666667,nan,nan
sLORETA,0,-5,deep_plus_surface,case_weighted_within_scenario,136,1,0.7859464041059683,0.8686049452540229,0.8730140907296906,0.638235294117647,1.8970019803006413,58.09643714090902,26.10170310481746,23.673686948732318,22.478687119151708,0.427683581141978,20.58028621224633,1704.4632352941176,1688.4632352941176,16.0,58.09643714090902,26.10170310481746,173.5629062166019,170.74258428579202,0.2867647058823529,nan,nan
sLORETA,0,-5,deep_plus_two_surface,case_weighted_within_scenario,67,1,0.8185787148978482,0.8182844392235598,0.8200883268049517,0.5980099502487564,1.9002447544066914,43.056221556283106,38.16008977072578,23.958134821065343,22.048394778696146,0.43411706783886334,21.55718438488096,2192.865671641791,2176.865671641791,16.0,43.056221556283106,38.16008977072578,180.4491489286315,176.74776936163988,0.2537313432835821,nan,nan
sLORETA,0,-5,surface_only,case_weighted_within_scenario,136,1,0.7813459543911909,0.8777857085993671,0.8779896073832839,nan,1.8742494146531123,56.725994867553965,22.755216141970134,nan,nan,0.3915629520687487,nan,1635.2058823529412,1619.264705882353,15.941176470588236,56.725994867553965,22.755216141970134,nan,nan,nan,0.007352941176470588,nan
sLORETA,0,0,deep_only,case_weighted_within_scenario,30,1,1.0,0.9999955632459293,nan,1.0,1.9237039482828786,nan,nan,19.43465047959198,0.0,1.0,0.0,1981.0333333333333,1965.0333333333333,16.0,nan,nan,19.43465047959198,0.0,1.0,nan,nan
sLORETA,0,0,deep_plus_surface,case_weighted_within_scenario,136,1,0.8188402370849007,0.8918751256845863,0.8932968651055609,0.6397058823529412,1.8741159206342155,45.99131132163426,18.12405676652566,23.32544962535489,20.7639759045483,0.4094245191255437,20.45465993023453,946.8161764705883,930.9632352941177,15.852941176470589,45.99131132163426,18.12405676652566,185.7873093352534,182.6097996513965,0.22794117647058823,nan,nan
sLORETA,0,0,deep_plus_two_surface,case_weighted_within_scenario,67,1,0.8401000104755821,0.841614445206934,0.841388146103713,0.6218905472636816,1.8757270989149561,37.15600031925874,27.56388678885016,23.517260083177472,20.72761432502587,0.4296017139712004,19.54268650443343,1246.8358208955224,1230.8805970149253,15.955223880597014,37.15600031925874,27.56388678885016,183.37552716110224,180.49106386002313,0.23880597014925373,nan,nan
sLORETA,0,0,surface_only,case_weighted_within_scenario,136,1,0.7984440263911127,0.8977161771213322,0.8980019317994774,nan,1.8482542924260699,43.612688259460185,17.98023479360109,nan,nan,0.3790630470068504,nan,875.7132352941177,859.9411764705883,15.772058823529411,43.612688259460185,17.98023479360109,nan,nan,nan,0.007352941176470588,nan
sLORETA,0,5,deep_only,case_weighted_within_scenario,30,1,1.0,1.0,nan,1.0,1.9036887521244326,nan,nan,18.19199955131001,0.0,1.0,0.0,1392.7333333333333,1377.0666666666666,15.666666666666666,nan,nan,18.19199955131001,0.0,1.0,nan,nan
sLORETA,0,5,deep_plus_surface,case_weighted_within_scenario,136,1,0.8418956871907743,0.9120326919144847,0.9127569952190285,0.653921568627451,1.8487463891501354,33.93806048914013,16.61648511456368,23.000489818409193,19.634938888486747,0.3851673006336558,19.589242711234064,527.6838235294117,512.1323529411765,15.551470588235293,33.93806048914013,16.61648511456368,182.31512146027632,179.04855367907572,0.2426470588235294,nan,nan
sLORETA,0,5,deep_plus_two_surface,case_weighted_within_scenario,67,1,0.8553138868947245,0.8564698253039441,0.8555460724979334,0.6477611940298509,1.8503697264547687,31.331157816905584,21.14489037872452,23.11396396005029,19.80554485819953,0.4085026640073404,20.110956947758172,696.820895522388,680.9850746268656,15.835820895522389,31.331157816905584,24.322266818687993,192.62875563987885,189.8763309842337,0.19402985074626866,nan,nan
sLORETA,0,5,surface_only,case_weighted_within_scenario,136,1,0.815808530451687,0.9159853671536996,0.9162829206790903,nan,1.8199845951552296,31.913254131415123,17.135894882871753,nan,nan,0.36002390090676817,nan,468.9779411764706,453.63235294117646,15.345588235294118,31.913254131415123,17.135894882871753,nan,nan,nan,0.03676470588235294,nan
sLORETA,0,10,deep_only,case_weighted_within_scenario,30,1,1.0,1.0,nan,1.0,1.8793606622428347,nan,nan,16.294515967764376,0.0,1.0,0.0,871.8333333333334,858.1,13.733333333333333,nan,nan,16.294515967764376,0.0,1.0,nan,nan
sLORETA,0,10,deep_plus_surface,case_weighted_within_scenario,136,1,0.8612152837536463,0.9235254037685079,0.9242675202705808,0.6691176470588235,1.82868342983398,27.24889388749614,16.10399412213539,22.42479781049659,19.633616963590285,0.3836775567929986,19.54323156636627,353.5367647058824,338.56617647058823,14.970588235294118,27.24889388749614,16.10399412213539,183.49794497462625,180.31742477416603,0.23529411764705882,nan,nan
sLORETA,0,10,deep_plus_two_surface,case_weighted_within_scenario,67,1,0.8676696770336281,0.8712148220142127,0.870359288786352,0.6537313432835822,1.8283558398854332,26.750510076471716,19.829016631632307,22.838964551679005,19.587422812614417,0.39765403137788663,19.756507148612922,490.07462686567163,474.6119402985075,15.462686567164178,26.750510076471716,29.420065671541785,189.34204773758475,186.32153621351964,0.208955223880597,nan,nan
sLORETA,0,10,surface_only,case_weighted_within_scenario,136,1,0.8274908801859607,0.9286625490284026,0.928942744951985,nan,1.7946727646084542,25.450933524537817,16.078170550796667,nan,nan,0.35430635660437604,nan,324.99264705882354,310.6985294117647,14.294117647058824,25.450933524537817,16.078170550796667,nan,nan,nan,0.08088235294117647,nan
sLORETA,0,15,deep_only,case_weighted_within_scenario,30,1,1.0,1.0,nan,1.0,1.857739897541127,nan,nan,14.365591435091476,0.0,1.0,0.0,604.2666666666667,593.3,10.966666666666667,nan,nan,14.365591435091476,0.0,1.0,nan,nan
sLORETA,0,15,deep_plus_surface,case_weighted_within_scenario,136,1,0.8702717144509815,0.9304219056170409,0.9316880683021297,0.6823529411764706,1.814910035653876,25.275943827507604,15.544235367323505,22.03634286239906,19.741361472573953,0.38454108993081537,19.649990836611565,312.99264705882354,299.2132352941176,13.779411764705882,25.275943827507604,15.544235367323505,180.1505791554362,177.09640842349816,0.25,nan,nan
sLORETA,0,15,deep_plus_two_surface,case_weighted_within_scenario,67,1,0.8759405009681464,0.8777720195861403,0.8770745676342764,0.6786069651741293,1.8141523060720999,25.352726249516902,18.91288698491739,22.244286613465768,18.633023279021454,0.39227047280285937,18.633023279021454,418.14925373134326,403.4179104477612,14.73134328358209,25.352726249516902,25.33426683182366,172.93115109871752,168.85667710798333,0.2835820895522388,nan,nan
sLORETA,0,15,surface_only,case_weighted_within_scenario,136,1,0.830691751810069,0.9338801953128651,0.9341254922467231,nan,1.7815229402116117,24.32012519769508,15.802938248783672,nan,nan,0.3583266212076623,nan,294.8382352941176,282.0735294117647,12.764705882352942,24.32012519769508,15.802938248783672,nan,nan,nan,0.08088235294117647,nan
sLORETA,0,20,deep_only,case_weighted_within_scenario,30,1,1.0,1.0,nan,1.0,1.8508450538359562,nan,nan,13.728566647180733,0.0,1.0,0.0,592.8666666666667,582.9666666666667,9.9,nan,nan,13.728566647180733,0.0,1.0,nan,nan
sLORETA,0,20,deep_plus_surface,case_weighted_within_scenario,136,1,0.8667420651022619,0.9301769041350768,0.9322324291798116,0.6612745098039216,1.8122647961461436,25.13804262976761,14.735892367717582,21.636586515806798,20.51731656511451,0.3890154543747384,20.370257750418137,307.91911764705884,295.77941176470586,12.139705882352942,25.13804262976761,14.735892367717582,189.0463673685001,186.9495888342012,0.20588235294117646,nan,nan
sLORETA,0,20,deep_plus_two_surface,case_weighted_within_scenario,67,1,0.8735537671099702,0.8769428695215292,0.8764501900020505,0.6686567164179104,1.8131233737610528,25.40501253721745,19.208623992782123,22.075860705456307,17.555374801708904,0.4042052810855484,17.71207452715177,400.92537313432837,387.3880597014925,13.537313432835822,25.40501253721745,28.827451807565485,163.13832003205178,158.22850791220154,0.3283582089552239,nan,nan
sLORETA,0,20,surface_only,case_weighted_within_scenario,136,1,0.8286621566635175,0.9346188122572954,0.9348310621800574,nan,1.7789799139214835,24.52593780820287,14.631122330898016,nan,nan,0.36487635772301424,nan,297.34558823529414,286.6102941176471,10.735294117647058,24.52593780820287,14.631122330898016,nan,nan,nan,0.058823529411764705,nan
sLORETA,5,-10,deep_only,case_weighted_within_scenario,30,1,0.9896666666666667,0.9987843293846221,nan,1.0,1.9460712827479385,nan,nan,20.318822683650225,0.0,0.9573751839027408,0.0,3207.5333333333333,3191.5333333333333,16.0,nan,nan,20.318822683650225,0.0,1.0,nan,nan
sLORETA,5,-10,deep_plus_surface,case_weighted_within_scenario,136,1,0.747896498988175,0.8753617462652744,0.8866049775943201,0.6470588235294118,1.889606964059811,59.28522087365478,21.175577940511108,23.84848585029825,22.36211473366932,0.38654708034104746,20.83318571132172,1997.3161764705883,1981.3308823529412,15.985294117647058,59.28522087365478,21.175577940511108,182.79039704496807,179.6930327137227,0.2426470588235294,nan,nan
sLORETA,5,-10,deep_plus_two_surface,case_weighted_within_scenario,67,1,0.806149871513573,0.8246996589072565,0.8299285927994053,0.6029850746268657,1.8907510057139518,43.256230212226974,37.396372568528044,23.760437485726406,21.037377431705348,0.4001784746379022,19.93991762526878,2426.9253731343283,2410.9253731343283,16.0,43.256230212226974,37.396372568528044,180.3138959493497,176.8704342126638,0.2537313432835821,nan,nan
sLORETA,5,-10,surface_only,case_weighted_within_scenario,136,1,0.8004137916015113,0.8918569014998141,0.8918773938166236,nan,1.8631009406357752,55.769623652091916,20.5667899184438,nan,nan,0.3583011676763539,nan,1796.5735294117646,1780.8014705882354,15.772058823529411,55.769623652091916,20.5667899184438,nan,nan,nan,0.022058823529411766,nan
sLORETA,5,-5,deep_only,case_weighted_within_scenario,30,1,1.0,0.9999600692133636,nan,0.9911111111111112,1.926296906638684,nan,nan,19.446717320222795,1.333333358519911,1.0,1.333333358519911,2308.5333333333333,2292.633333333333,15.9,nan,nan,19.446717320222795,1.333333358519911,1.0,nan,nan
sLORETA,5,-5,deep_plus_surface,case_weighted_within_scenario,136,1,0.7920756061154384,0.8943491802377506,0.9023644507122095,0.6372549019607843,1.8664796634044967,46.869311850076485,16.95072889939069,23.326769940139897,20.68573518289883,0.39086537766622864,19.979819216557416,1206.1838235294117,1190.4485294117646,15.735294117647058,46.869311850076485,16.95072889939069,179.40789792743803,175.94335245373568,0.25735294117647056,nan,nan
sLORETA,5,-5,deep_plus_two_surface,case_weighted_within_scenario,67,1,0.8399078624966737,0.85343842220581,0.8566694072089989,0.6716417910447762,1.8693975250055164,37.992891364713145,26.780972483487247,23.32975555095423,20.519040279068797,0.3972036258214906,19.011181527280243,1662.2686567164178,1646.313432835821,15.955223880597014,37.992891364713145,26.780972483487247,186.44795087561204,184.00563156371092,0.22388059701492538,nan,nan
sLORETA,5,-5,surface_only,case_weighted_within_scenario,136,1,0.8186396798796989,0.9090422925944539,0.9091428826426275,nan,1.83824137215091,44.82117006069567,14.529531381625558,nan,nan,0.3483387860355532,nan,1091.5735294117646,1075.9117647058824,15.661764705882353,44.82117006069567,14.529531381625558,nan,nan,nan,0.04411764705882353,nan
sLORETA,5,0,deep_only,case_weighted_within_scenario,30,1,1.0,1.0,nan,1.0,1.9054131642016132,nan,nan,18.505305277254386,0.0,1.0,0.0,1386.5666666666666,1370.9333333333334,15.633333333333333,nan,nan,18.505305277254386,0.0,1.0,nan,nan
sLORETA,5,0,deep_plus_surface,case_weighted_within_scenario,136,1,0.8323471236076367,0.911039005437387,0.9149279033325657,0.6794117647058823,1.8445132200642964,35.376964132518225,16.408021684658518,22.940042970362736,19.62071050612532,0.39034037038053504,18.847069890367408,623.8676470588235,608.4632352941177,15.404411764705882,35.376964132518225,16.408021684658518,176.1331589856402,172.47080768334973,0.27205882352941174,nan,nan
sLORETA,5,0,deep_plus_two_surface,case_weighted_within_scenario,67,1,0.8600653734172953,0.8710957278119239,0.8725892944537501,0.6417910447761193,1.8460622442451138,31.42290883837303,20.650968184694023,23.16578121952452,20.168368820542955,0.39995344986997944,19.532514647605343,910.0149253731344,894.3582089552239,15.656716417910447,31.42290883837303,20.650968184694023,180.13668935634453,176.94921983282643,0.2537313432835821,nan,nan
sLORETA,5,0,surface_only,case_weighted_within_scenario,136,1,0.8269552513778027,0.9202994931783105,0.9204729163135278,nan,1.8100617922876983,32.47029065144104,15.72362278226085,nan,nan,0.34806734535378775,nan,555.9191176470588,540.9338235294117,14.985294117647058,32.47029065144104,15.72362278226085,nan,nan,nan,0.058823529411764705,nan
sLORETA,5,5,deep_only,case_weighted_within_scenario,30,1,1.0,1.0,nan,1.0,1.8863184596699525,nan,nan,17.658990827851163,0.0,1.0,0.0,941.9,926.7333333333333,15.166666666666666,nan,nan,17.658990827851163,0.0,1.0,nan,nan
sLORETA,5,5,deep_plus_surface,case_weighted_within_scenario,136,1,0.8610322185837853,0.9225300746548586,0.9240199323067156,0.692156862745098,1.8218091109084975,27.97776558472649,17.546940878322076,22.397088700445494,19.663245410117757,0.3842941339957624,19.03568693208813,384.58088235294116,369.56617647058823,15.014705882352942,27.97776558472649,17.546940878322076,174.1154880836686,170.32980120249994,0.27941176470588236,nan,nan
sLORETA,5,5,deep_plus_two_surface,case_weighted_within_scenario,67,1,0.8730283247775935,0.8827070855193863,0.8829127357386053,0.6417910447761193,1.822850726583046,27.182478546319505,20.23876113101916,22.774129367229026,17.754994776881624,0.4082483870281276,18.071718042778116,535.7462686567164,520.5223880597015,15.223880597014926,27.182478546319505,20.23876113101916,173.4689530269574,169.00593087645035,0.2835820895522388,nan,nan
sLORETA,5,5,surface_only,case_weighted_within_scenario,136,1,0.8306409338337637,0.9276030309499268,0.9278263040826575,nan,1.7861312994034169,26.042030136899626,17.416849165105397,nan,nan,0.34840154834612586,nan,358.04411764705884,343.9632352941176,14.080882352941176,26.042030136899626,17.416849165105397,nan,nan,nan,0.09558823529411764,nan
sLORETA,5,10,deep_only,case_weighted_within_scenario,30,1,1.0,0.9999955632459293,nan,0.9977777777777778,1.865644032022272,nan,nan,16.721157099774413,0.3333333396299779,1.0,0.3333333396299779,616.4333333333333,602.1333333333333,14.3,nan,nan,16.721157099774413,0.3333333396299779,1.0,nan,nan
sLORETA,5,10,deep_plus_surface,case_weighted_within_scenario,136,1,0.8755530381400124,0.9314960324523455,0.9325010530965596,0.7063725490196078,1.805239936347089,24.718834291794,16.83819450871096,22.057836391135147,18.680375271740616,0.3714808686807074,18.382942159713426,304.77941176470586,290.34558823529414,14.433823529411764,24.718834291794,16.83819450871096,172.38197223050557,168.41886754324182,0.2867647058823529,nan,nan
sLORETA,5,10,deep_plus_two_surface,case_weighted_within_scenario,67,1,0.8771468746331306,0.8849415142909176,0.8846521534895295,0.663681592039801,1.8047769141365684,25.147835357628317,18.973545474809306,22.506626035325986,18.871020942929704,0.38841291347351825,18.72176722055129,409.2686567164179,394.23880597014926,15.029850746268657,25.147835357628317,22.18333004766704,176.4011536449839,172.6481564057949,0.26865671641791045,nan,nan
sLORETA,5,10,surface_only,case_weighted_within_scenario,136,1,0.8348228335102251,0.9350349282022591,0.935261994813926,nan,1.7689303102151925,23.830285388660904,17.009643828889377,nan,nan,0.34183360777313954,nan,292.80882352941177,279.75735294117646,13.051470588235293,23.830285388660904,17.009643828889377,nan,nan,nan,0.14705882352941177,nan
sLORETA,5,15,deep_only,case_weighted_within_scenario,30,1,1.0,1.0,nan,1.0,1.850683596674745,nan,nan,15.311731015667368,0.0,1.0,0.0,514.6,502.23333333333335,12.366666666666667,nan,nan,15.311731015667368,0.0,1.0,nan,nan
sLORETA,5,15,deep_plus_surface,case_weighted_within_scenario,136,1,0.88029260213806,0.9352488486494329,0.9365645912933727,0.6906862745098039,1.7969373000210158,24.530440893919064,16.1986522083053,21.758250425370505,19.930027319012638,0.37742795574716914,20.210366119565627,292.15441176470586,278.52941176470586,13.625,24.530440893919064,16.1986522083053,189.37263150947152,187.02311823626042,0.20588235294117646,nan,nan
sLORETA,5,15,deep_plus_two_surface,case_weighted_within_scenario,67,1,0.8786839527009608,0.8857573251180522,0.8853891747184257,0.6557213930348259,1.7961955333320905,24.660051593981578,18.11940776199866,22.120835986318287,18.90737945437991,0.38485210215052085,18.696302796378106,384.82089552238807,370.55223880597015,14.26865671641791,24.660051593981578,27.78700645278726,176.01051713169656,172.56072560188773,0.26865671641791045,nan,nan
sLORETA,5,15,surface_only,case_weighted_within_scenario,136,1,0.836008349155546,0.9386992185442304,0.938921074617954,nan,1.760888672901268,23.552090778094385,15.914020003910299,nan,nan,0.3402722106098082,nan,279.11764705882354,267.5735294117647,11.544117647058824,23.552090778094385,15.914020003910299,nan,nan,nan,0.125,nan
sLORETA,5,20,deep_only,case_weighted_within_scenario,30,1,1.0,1.0,nan,1.0,1.8433942640228926,nan,nan,14.060710760929874,0.0,1.0,0.0,527.1333333333333,516.6333333333333,10.5,nan,nan,14.060710760929874,0.0,1.0,nan,nan
sLORETA,5,20,deep_plus_surface,case_weighted_within_scenario,136,1,0.8776634024571233,0.9339257508155123,0.9355841010644019,0.6936274509803922,1.7994270752800599,24.6362189889155,15.191632518837036,21.29058289316545,19.778904076590692,0.38006019329671603,19.83507555057959,291.7132352941176,279.6397058823529,12.073529411764707,24.6362189889155,15.191632518837036,181.04216323268184,178.8602832208507,0.2426470588235294,nan,nan
sLORETA,5,20,deep_plus_two_surface,case_weighted_within_scenario,67,1,0.8810464555149764,0.8869687983389225,0.8866824508284884,0.6766169154228855,1.7979144863553416,24.492989085723426,17.517783177906985,21.688003592652468,18.710249586152106,0.38510902425890653,18.710249586152106,372.4179104477612,359.089552238806,13.328358208955224,24.492989085723426,27.212320282908642,175.90967994157992,172.34964893851804,0.26865671641791045,nan,nan
sLORETA,5,20,surface_only,case_weighted_within_scenario,136,1,0.8337868709589811,0.938241418682679,0.9384456660794581,nan,1.7631034988600314,24.08501341582315,16.06822210498739,nan,nan,0.3537811087067734,nan,284.3529411764706,274.3382352941176,10.014705882352942,24.08501341582315,16.06822210498739,nan,nan,nan,0.10294117647058823,nan
sLORETA,10,-10,deep_only,case_weighted_within_scenario,30,1,1.0,0.999951195705222,nan,0.9977777777777778,1.9354244781875207,nan,nan,20.028395493526737,0.33333333962997774,1.0,0.33333333962997774,3477.9666666666667,3461.9666666666667,16.0,nan,nan,20.028395493526737,0.33333333962997774,1.0,nan,nan
sLORETA,10,-10,deep_plus_surface,case_weighted_within_scenario,136,1,0.7933638027088876,0.9020752837234096,0.9108462150089218,0.6397058823529411,1.855905712473113,44.545510011875145,15.333949120383174,23.448789326879083,21.151159717060114,0.3801209316891998,20.68141058293929,1247.2720588235295,1231.4191176470588,15.852941176470589,44.545510011875145,15.333949120383174,184.0182879454638,180.70388310349867,0.23529411764705882,nan,nan
sLORETA,10,-10,deep_plus_two_surface,case_weighted_within_scenario,67,1,0.8431696044869055,0.8561669990673674,0.8595921779471472,0.6487562189054725,1.8560932660809581,35.97584385021748,23.33940911030408,23.438327622325534,18.94862347790554,0.3908484151883876,18.62165582423534,1545.3432835820895,1529.3880597014925,15.955223880597014,35.97584385021748,23.33940911030408,167.60382703940513,163.29650856969664,0.31343283582089554,nan,nan
sLORETA,10,-10,surface_only,case_weighted_within_scenario,136,1,0.8191165261047706,0.9136600119480143,0.9136994736489158,nan,1.8233064270463875,41.15102439124415,13.307456723404753,nan,nan,0.3366583856597063,nan,1078.1691176470588,1062.7794117647059,15.389705882352942,41.15102439124415,13.307456723404753,nan,nan,nan,0.04411764705882353,nan
sLORETA,10,-5,deep_only,case_weighted_within_scenario,30,1,1.0,1.0,nan,1.0,1.9131931957471973,nan,nan,19.272619049451748,0.0,1.0,0.0,1903.3333333333333,1887.3333333333333,16.0,nan,nan,19.272619049451748,0.0,1.0,nan,nan
sLORETA,10,-5,deep_plus_surface,case_weighted_within_scenario,136,1,0.8202162300718913,0.9128583269151436,0.9198517084290185,0.6676470588235295,1.835325764584419,35.25470773783018,13.497865376931301,22.98506240087591,19.972335148344193,0.3710456312504254,19.457118108291116,745.0073529411765,729.6617647058823,15.345588235294118,35.25470773783018,13.497865376931301,174.40499753770726,170.4947012622898,0.27941176470588236,nan,nan
sLORETA,10,-5,deep_plus_two_surface,case_weighted_within_scenario,67,1,0.8552554939448366,0.8711941247323218,0.8745038618421666,0.6527363184079601,1.8385845350677168,31.19664072757194,18.5656863216479,23.32870155753248,17.942889254728872,0.3783081125322963,17.838094006203793,1043.4328358208954,1027.7761194029852,15.656716417910447,31.19664072757194,21.78155834455282,170.6350283590343,165.9607202331552,0.29850746268656714,nan,nan
sLORETA,10,-5,surface_only,case_weighted_within_scenario,136,1,0.8299679153536548,0.9235662439681038,0.9236510630440319,nan,1.799323289785684,32.47320277513598,12.900482503165975,nan,nan,0.3275093793856869,nan,655.9117647058823,641.0441176470588,14.867647058823529,32.47320277513598,12.900482503165975,nan,nan,nan,0.08088235294117647,nan
sLORETA,10,0,deep_only,case_weighted_within_scenario,30,1,1.0,0.9999955632459293,nan,0.9977777777777778,1.8867413937260011,nan,nan,18.14334868808588,0.33333333962997774,1.0,0.33333333962997774,877.8,862.4333333333333,15.366666666666667,nan,nan,18.14334868808588,0.33333333962997774,1.0,nan,nan
sLORETA,10,0,deep_plus_surface,case_weighted_within_scenario,136,1,0.8514060230130828,0.924170854960889,0.9286109034186322,0.7122549019607843,1.8125154103168606,26.905085757414213,14.75867853051794,22.437235158053785,20.158491449938946,0.3649409244251326,19.567101087295846,451.3897058823529,436.36764705882354,15.022058823529411,26.905085757414213,14.75867853051794,172.61409616387633,168.82602338304955,0.2867647058823529,nan,nan
sLORETA,10,0,deep_plus_two_surface,case_weighted_within_scenario,67,1,0.8754717183287394,0.8867902124501829,0.8885086698027819,0.6537313432835821,1.8163300147626107,26.58852573260036,17.464694929078007,22.7689870477831,18.66982458880282,0.3889683067352709,18.071165287950816,688.9701492537314,673.7313432835821,15.238805970149254,26.58852573260036,23.92930438959142,173.53088634154886,169.1551845870445,0.2835820895522388,nan,nan
sLORETA,10,0,surface_only,case_weighted_within_scenario,136,1,0.8374339755055552,0.9308846157014096,0.9310185350938447,nan,1.774511599821157,25.077091018310767,14.109516909802771,nan,nan,0.3277456117085436,nan,413.56617647058823,399.47058823529414,14.095588235294118,25.077091018310767,14.109516909802771,nan,nan,nan,0.1323529411764706,nan
sLORETA,10,5,deep_only,case_weighted_within_scenario,30,1,1.0,0.9999778162296464,nan,0.9888888888888889,1.8677498807320192,nan,nan,17.576053968468365,1.3333333585199112,1.0,1.3333333585199112,591.8,576.7666666666667,15.033333333333333,nan,nan,17.576053968468365,1.3333333585199112,1.0,nan,nan
sLORETA,10,5,deep_plus_surface,case_weighted_within_scenario,136,1,0.8745382500115584,0.9303939653800883,0.932859245898247,0.7176470588235295,1.793770171118879,24.196957176980924,16.360510774318872,21.909998454042565,19.095984103865128,0.3745185988104489,18.926615276394955,338.83088235294116,324.5367647058824,14.294117647058824,24.196957176980924,16.360510774318872,175.42007451129805,172.05060348130536,0.27205882352941174,nan,nan
sLORETA,10,5,deep_plus_two_surface,case_weighted_within_scenario,67,1,0.883338080718748,0.8929098398240551,0.8935764982786943,0.6616915422885572,1.796338351440858,24.39214693130902,18.56579327976752,22.33636561158328,17.667855506966113,0.39309739388552895,17.456778841596215,472.23880597014926,457.5970149253731,14.64179104477612,24.39214693130902,18.56579327976752,160.40064606644862,155.1576894311629,0.34328358208955223,nan,nan
sLORETA,10,5,surface_only,case_weighted_within_scenario,136,1,0.8409680787799845,0.936699855935955,0.936879826065091,nan,1.7523548836011347,22.950450963944043,15.50215448543275,nan,nan,0.33383135271556624,nan,324.7352941176471,312.0735294117647,12.661764705882353,22.950450963944043,15.50215448543275,nan,nan,nan,0.16176470588235295,nan
sLORETA,10,10,deep_only,case_weighted_within_scenario,30,1,1.0,1.0,nan,1.0,1.851929877374871,nan,nan,16.878132970326643,0.0,1.0,0.0,502.0,487.53333333333336,14.466666666666667,nan,nan,16.878132970326643,0.0,1.0,nan,nan
sLORETA,10,10,deep_plus_surface,case_weighted_within_scenario,136,1,0.887613964695831,0.9358666722487872,0.9372348984146999,0.7132352941176471,1.7835358735595628,23.982828720966346,16.96472300518664,21.385701308167807,19.046921057206184,0.3777472141296505,18.60642804773201,301.125,287.625,13.5,23.982828720966346,16.96472300518664,173.60566833333215,170.3602580720862,0.27941176470588236,nan,nan
sLORETA,10,10,deep_plus_two_surface,case_weighted_within_scenario,67,1,0.8829152921509611,0.8945937736884713,0.8947853288299943,0.6696517412935323,1.784035136710483,24.167799807377616,19.607485543657955,22.076591237451943,16.906673857354935,0.39789050546692334,17.14332997112687,394.910447761194,380.74626865671644,14.164179104477611,24.167799807377616,22.807808324443318,163.69405181687284,158.82552289389238,0.3283582089552239,nan,nan
sLORETA,10,10,surface_only,case_weighted_within_scenario,136,1,0.8404000092403455,0.9395112394641288,0.9397107880469567,nan,1.742336873782257,22.85306012574121,16.642477310835844,nan,nan,0.33717127529110913,nan,289.31617647058823,277.875,11.441176470588236,22.85306012574121,16.642477310835844,nan,nan,nan,0.13970588235294118,nan
sLORETA,10,15,deep_only,case_weighted_within_scenario,30,1,1.0,1.0,nan,1.0,1.8403357762933226,nan,nan,16.05085377645417,0.0,1.0,0.0,461.56666666666666,448.1333333333333,13.433333333333334,nan,nan,16.05085377645417,0.0,1.0,nan,nan
sLORETA,10,15,deep_plus_surface,case_weighted_within_scenario,136,1,0.8913814998668098,0.9398411962685324,0.941110309691686,0.7279411764705882,1.7794972472108987,23.697037207492798,16.772343120841956,21.089611739848017,18.99078364416712,0.36831476153994996,18.87418169811918,279.125,266.3970588235294,12.727941176470589,23.697037207492798,16.772343120841956,184.5679240967317,182.0077701944796,0.22794117647058823,nan,nan
sLORETA,10,15,deep_plus_two_surface,case_weighted_within_scenario,67,1,0.8847203220152959,0.8942253054469649,0.8941218599835279,0.6606965174129353,1.7802244984500177,24.308771087596597,19.685306329612946,21.691775736108216,18.274031269678716,0.3927240354947591,18.366727172317965,369.0149253731343,355.3731343283582,13.64179104477612,24.308771087596597,26.083628882647705,172.85679629959785,169.1295767342891,0.2835820895522388,nan,nan
sLORETA,10,15,surface_only,case_weighted_within_scenario,136,1,0.8391043748800285,0.9409202152412419,0.9411316433160363,nan,1.7399407076596523,23.100624205650995,16.87186388108428,nan,nan,0.33712824953957493,nan,270.40441176470586,259.8014705882353,10.602941176470589,23.100624205650995,16.87186388108428,nan,nan,nan,0.16176470588235295,nan
sLORETA,10,20,deep_only,case_weighted_within_scenario,30,1,1.0,1.0,nan,1.0,1.834986806475668,nan,nan,14.968430408929798,0.0,1.0,0.0,456.56666666666666,444.8,11.766666666666667,nan,nan,14.968430408929798,0.0,1.0,nan,nan
sLORETA,10,20,deep_plus_surface,case_weighted_within_scenario,136,1,0.8877392877054947,0.9380924962028546,0.939603934054875,0.7127450980392157,1.7828531498582367,23.998573869427606,15.740667157199479,21.180712531125224,19.009317259729546,0.3661141560314171,19.0397741431024,276.65441176470586,264.3235294117647,12.330882352941176,23.998573869427606,15.740667157199479,182.71076084639844,180.13990906982247,0.23529411764705882,nan,nan
sLORETA,10,20,deep_plus_two_surface,case_weighted_within_scenario,67,1,0.8846473074180872,0.8929550418852956,0.8927486545142237,0.6865671641791045,1.7814133405957777,24.216697584756503,18.84574619070201,21.55330286827355,18.73028378788172,0.37753154220359436,18.73028378788172,351.8358208955224,338.6119402985075,13.223880597014926,24.216697584756503,25.269130240420672,172.5721682227235,169.0059308592982,0.2835820895522388,nan,nan
sLORETA,10,20,surface_only,case_weighted_within_scenario,136,1,0.8389864603447421,0.9422886447974487,0.9424914110051856,nan,1.7438451419262682,23.216718810254832,16.220868184872376,nan,nan,0.33395980804024505,nan,266.9852941176471,257.08088235294116,9.904411764705882,23.216718810254832,16.220868184872376,nan,nan,nan,0.16911764705882354,nan
sLORETA,15,-10,deep_only,case_weighted_within_scenario,30,1,1.0,0.9999866897377878,nan,0.9933333333333334,1.919052610677714,nan,nan,20.200326628921655,0.33333333962997774,1.0,0.33333333962997774,2417.8,2401.8,16.0,nan,nan,20.200326628921655,0.33333333962997774,1.0,nan,nan
sLORETA,15,-10,deep_plus_surface,case_weighted_within_scenario,136,1,0.8417095760669956,0.9173158798996551,0.9224543454860895,0.6558823529411765,1.821967470543628,32.00290992503321,13.06037961102671,22.87122899149441,19.859104186236635,0.37801711726104337,19.2346732175166,768.0441176470588,752.6838235294117,15.360294117647058,32.00290992503321,13.06037961102671,171.17098682717898,167.26796256137018,0.29411764705882354,nan,nan
sLORETA,15,-10,deep_plus_two_surface,case_weighted_within_scenario,67,1,0.8614061767309898,0.8697628152800989,0.8715997865311503,0.6447761194029851,1.8231927864923334,28.18489450333556,17.210018249005806,23.15407047360221,18.980713288596082,0.38874060249879894,19.031522731859532,903.6567164179105,887.8955223880597,15.761194029850746,28.18489450333556,30.15444174794739,180.15953628864463,176.47486973846642,0.2537313432835821,nan,nan
sLORETA,15,-10,surface_only,case_weighted_within_scenario,136,1,0.8229428838657095,0.925760566154259,0.9258620576563705,nan,1.7834168914178679,30.054558505815308,13.46190015196338,nan,nan,0.3365151991040598,nan,686.6838235294117,672.3455882352941,14.338235294117647,30.054558505815308,13.46190015196338,nan,nan,nan,0.0661764705882353,nan
sLORETA,15,-5,deep_only,case_weighted_within_scenario,30,1,1.0,1.0,nan,1.0,1.901117914616782,nan,nan,19.46245693330821,0.0,1.0,0.0,1363.9,1347.9666666666667,15.933333333333334,nan,nan,19.46245693330821,0.0,1.0,nan,nan
sLORETA,15,-5,deep_plus_surface,case_weighted_within_scenario,136,1,0.8556397966777763,0.9246521794748868,0.9290258486711996,0.6784313725490196,1.80560457137879,26.798249067471737,13.053012373929567,22.44988321607759,19.81861626313183,0.3671934447978934,19.620572024617722,544.7647058823529,529.6764705882352,15.088235294117647,26.798249067471737,13.053012373929567,175.6145202702914,171.90354466080348,0.27205882352941174,nan,nan
sLORETA,15,-5,deep_plus_two_surface,case_weighted_within_scenario,67,1,0.8707459909053245,0.8776850308643724,0.8791440758341315,0.682587064676617,1.809679619971142,25.585600731137173,15.670658447227495,22.83988421611382,19.103800406985137,0.3713592753507707,18.892723749795223,692.7014925373135,677.1940298507462,15.507462686567164,25.585600731137173,35.22514681221704,179.86984167359054,176.20295117650898,0.2537313432835821,nan,nan
sLORETA,15,-5,surface_only,case_weighted_within_scenario,136,1,0.833349709146746,0.932710830739229,0.9328225142186614,nan,1.7653378281840328,25.408041605694905,12.825826878048185,nan,nan,0.32597060962904095,nan,502.33088235294116,488.5514705882353,13.779411764705882,25.408041605694905,12.825826878048185,nan,nan,nan,0.10294117647058823,nan
sLORETA,15,0,deep_only,case_weighted_within_scenario,30,1,1.0,1.0,nan,1.0,1.8767811572036495,nan,nan,18.42280540670403,0.0,1.0,0.0,707.6333333333333,692.0666666666667,15.566666666666666,nan,nan,18.42280540670403,0.0,1.0,nan,nan
sLORETA,15,0,deep_plus_surface,case_weighted_within_scenario,136,1,0.869182478529205,0.9304237416228109,0.9341636391297726,0.6990196078431372,1.7880372669833715,23.699549123029097,13.217872397509113,22.093735767123555,18.7971223877333,0.3575036971700667,18.857552865396148,410.6985294117647,396.0514705882353,14.647058823529411,23.699549123029097,13.217872397509113,173.91282016665141,170.25627176664082,0.27941176470588236,nan,nan
sLORETA,15,0,deep_plus_two_surface,case_weighted_within_scenario,67,1,0.8813001275008114,0.8897541957741077,0.8909666506526367,0.6805970149253732,1.791451811968231,23.336346796896883,15.09248279906356,22.51517378067195,17.91213686058119,0.3729893723703338,18.196078838453555,557.179104477612,542.2835820895523,14.895522388059701,23.336346796896883,34.698748087769275,173.40635794736647,169.1551845870445,0.2835820895522388,nan,nan
sLORETA,15,0,surface_only,case_weighted_within_scenario,136,1,0.8404243579375279,0.9380315174754896,0.9381675975038434,nan,1.7440980455044648,22.540795988649673,13.07249958671575,nan,nan,0.31813581631985954,nan,388.7132352941176,375.81617647058823,12.897058823529411,22.540795988649673,13.07249958671575,nan,nan,nan,0.16176470588235295,nan
sLORETA,15,5,deep_only,case_weighted_within_scenario,30,1,1.0,0.9999911264918585,nan,0.9955555555555555,1.8526102626512801,nan,nan,17.691129842464658,0.6666666792599557,1.0,0.6666666792599557,484.23333333333335,469.1333333333333,15.1,nan,nan,17.691129842464658,0.6666666792599557,1.0,nan,nan
sLORETA,15,5,deep_plus_surface,case_weighted_within_scenario,136,1,0.8849927553880014,0.9353170253063814,0.9379217681020318,0.728921568627451,1.7703255090403431,22.78265387235711,14.318726614417793,21.570962908842617,18.723092789406838,0.3612820264061499,18.55989558003742,343.47058823529414,329.50735294117646,13.963235294117647,22.78265387235711,14.318726614417793,175.30197878777727,171.9340015490748,0.27205882352941174,nan,nan
sLORETA,15,5,deep_plus_two_surface,case_weighted_within_scenario,67,1,0.8878171959546252,0.8972684902012273,0.8981857499132492,0.6935323383084577,1.7749554369395208,22.51732642294492,17.70403714846326,22.13073312004588,17.279555520351273,0.37642663145634997,17.244321496702508,459.2835820895522,444.9850746268657,14.298507462686567,22.51732642294492,24.161502065114426,173.1738226220294,168.85667714228768,0.2835820895522388,nan,nan
sLORETA,15,5,surface_only,case_weighted_within_scenario,136,1,0.8443957624248928,0.9410303726298237,0.9411869016642376,nan,1.7260173135663415,21.83689208714205,13.891641272689789,nan,nan,0.31831836478377024,nan,331.90441176470586,320.0367647058824,11.867647058823529,21.83689208714205,13.891641272689789,nan,nan,nan,0.16911764705882354,nan
sLORETA,15,10,deep_only,case_weighted_within_scenario,30,1,1.0,0.9999911264918585,nan,0.9955555555555555,1.8398821371524698,nan,nan,17.146235123472206,0.6666666792599555,1.0,0.6666666792599555,451.3333333333333,436.56666666666666,14.766666666666667,nan,nan,17.146235123472206,0.6666666792599555,1.0,nan,nan
sLORETA,15,10,deep_plus_surface,case_weighted_within_scenario,136,1,0.8953955691729035,0.9401018205200425,0.9418541764116242,0.7166666666666667,1.7623335956758457,22.923174800493307,16.554853568085505,21.13069623923543,18.61561080587501,0.36727658805536634,18.61561080587501,305.9485294117647,292.7647058823529,13.183823529411764,22.923174800493307,16.554853568085505,176.64735155696252,173.77140579971612,0.2647058823529412,nan,nan
sLORETA,15,10,deep_plus_two_surface,case_weighted_within_scenario,67,1,0.8896077080262886,0.8978607261299248,0.8982586971646648,0.6825870646766169,1.7671466258646031,23.0162812235997,18.21524682165821,21.61635983257759,16.358280961439316,0.3859975401305996,16.024539475105286,408.94029850746267,395.2985074626866,13.64179104477612,23.0162812235997,24.65745174806475,157.0402307502827,151.87481326903233,0.3582089552238806,nan,nan
sLORETA,15,10,surface_only,case_weighted_within_scenario,136,1,0.8457002716446903,0.9438173947833028,0.9439983966633981,nan,1.7181784902692094,22.11289687670066,15.8303611116772,nan,nan,0.32993272231245363,nan,300.59558823529414,289.9264705882353,10.669117647058824,22.11289687670066,15.8303611116772,nan,nan,nan,0.16911764705882354,nan
sLORETA,15,15,deep_only,case_weighted_within_scenario,30,1,1.0,1.0,nan,1.0,1.8328421191783828,nan,nan,16.658530283140205,0.0,1.0,0.0,443.03333333333336,428.8,14.233333333333333,nan,nan,16.658530283140205,0.0,1.0,nan,nan
sLORETA,15,15,deep_plus_surface,case_weighted_within_scenario,136,1,0.895234795975896,0.9385239756294664,0.9398526218682756,0.7269607843137256,1.7636788752998815,23.33095451497076,17.194615209552158,20.90869290739541,18.84885930202602,0.37102192746421786,18.848859296964388,284.5735294117647,272.06617647058823,12.507352941176471,23.33095451497076,17.194615209552158,178.09784586112949,175.19809042377884,0.25735294117647056,nan,nan
sLORETA,15,15,deep_plus_two_surface,case_weighted_within_scenario,67,1,0.8892319546144323,0.8978334899652007,0.8979069787321421,0.6726368159203979,1.7655333146250811,23.732079048499905,19.8648186599249,21.459548548716263,17.508766396123967,0.3978259181963442,17.508766396123967,373.8358208955224,360.4776119402985,13.35820895522388,23.732079048499905,23.06130064793016,166.41845868576425,162.01998723894957,0.31343283582089554,nan,nan
sLORETA,15,15,surface_only,case_weighted_within_scenario,136,1,0.8425574542595416,0.9430536948359086,0.9432544333745575,nan,1.7198328042111437,22.56716569212192,16.926656245736467,nan,nan,0.33110424192959403,nan,275.6985294117647,265.5367647058824,10.161764705882353,22.56716569212192,16.926656245736467,nan,nan,nan,0.15441176470588236,nan
sLORETA,15,20,deep_only,case_weighted_within_scenario,30,1,1.0,1.0,nan,1.0,1.829680159758367,nan,nan,15.94535275161507,0.0,1.0,0.0,437.73333333333335,424.5,13.233333333333333,nan,nan,15.94535275161507,0.0,1.0,nan,nan
sLORETA,15,20,deep_plus_surface,case_weighted_within_scenario,136,1,0.8939025713954003,0.9420506370999493,0.9435532954816026,0.7289215686274509,1.7694361822927063,23.754927162302263,17.20492509300986,20.982071199408498,19.447859560411842,0.37071377068688277,19.447859560411842,275.2720588235294,263.0735294117647,12.198529411764707,23.754927162302263,17.20492509300986,186.05522744491253,183.36092540803318,0.22058823529411764,nan,nan
sLORETA,15,20,deep_plus_two_surface,case_weighted_within_scenario,67,1,0.885864617832321,0.895328546047868,0.8952504274248626,0.6746268656716419,1.7695848866683845,23.845567712104952,19.60217350942878,21.460304755652192,17.936856025372624,0.3862791957467433,17.936856025372624,349.6865671641791,336.7910447761194,12.895522388059701,23.845567712104952,29.203379704063792,166.36518881335272,162.16924094417575,0.31343283582089554,nan,nan
sLORETA,15,20,surface_only,case_weighted_within_scenario,136,1,0.8428062111429001,0.9448956865671175,0.9450927512983793,nan,1.7284026217713033,22.945589061350482,16.691312207125012,nan,nan,0.3355326123449449,nan,266.2279411764706,256.8970588235294,9.330882352941176,22.945589061350482,16.691312207125012,nan,nan,nan,0.14705882352941177,nan
sLORETA,20,-10,deep_only,case_weighted_within_scenario,30,1,1.0,1.0,nan,1.0,1.897947560638297,nan,nan,20.569823357381825,0.0,1.0,0.0,1314.6333333333334,1298.6333333333334,16.0,nan,nan,20.569823357381825,0.0,1.0,nan,nan
sLORETA,20,-10,deep_plus_surface,case_weighted_within_scenario,136,1,0.8657170333220026,0.9247723718610041,0.9279245775695415,0.6563725490196078,1.7987680740978804,26.95845572531656,12.831453478883315,22.506457327811415,19.68704591926575,0.3910545883698868,19.74321739986979,609.3897058823529,594.3970588235294,14.992647058823529,26.95845572531656,12.831453478883315,173.99767009152973,170.10921294613897,0.27941176470588236,nan,nan
sLORETA,20,-10,deep_plus_two_surface,case_weighted_within_scenario,67,1,0.8650251070336223,0.8683051755022801,0.8690700508749739,0.6318407960199004,1.802338215953413,24.95026994564832,18.26081138117311,22.94216135768137,19.229866827028793,0.3914734573920395,19.229866827028793,691.4477611940298,676.1940298507462,15.253731343283581,24.95026994564832,56.90588012298282,170.36590105057465,166.10997398688582,0.29850746268656714,nan,nan
sLORETA,20,-10,surface_only,case_weighted_within_scenario,136,1,0.8172849974665546,0.9299053829602065,0.930051585149088,nan,1.758141211619526,25.569310643589336,12.500829519807992,nan,nan,0.34213262286242996,nan,555.8455882352941,543.5514705882352,12.294117647058824,25.569310643589336,12.500829519807992,nan,nan,nan,0.0661764705882353,nan
sLORETA,20,-5,deep_only,case_weighted_within_scenario,30,1,1.0,1.0,nan,1.0,1.8877891474501138,nan,nan,19.930840792304732,0.0,1.0,0.0,948.3333333333334,932.3333333333334,16.0,nan,nan,19.930840792304732,0.0,1.0,nan,nan
sLORETA,20,-5,deep_plus_surface,case_weighted_within_scenario,136,1,0.8730236052818392,0.9288876746836019,0.9320417968051236,0.663235294117647,1.786201948284626,24.774143012925865,13.091505320120882,22.26079237805136,19.966938650520333,0.3730929976410334,19.87605129388961,505.2132352941176,490.3970588235294,14.816176470588236,24.774143012925865,13.091505320120882,173.9470384206622,170.2736297159234,0.27941176470588236,nan,nan
sLORETA,20,-5,deep_plus_two_surface,case_weighted_within_scenario,67,1,0.8731453196863068,0.8782737039552035,0.8790473128673194,0.6626865671641791,1.7919530329826636,23.6232482245002,15.549064481080558,22.53696438554058,19.561744411197893,0.3845973577549921,19.561744411197893,607.5522388059702,592.3134328358209,15.238805970149254,23.6232482245002,44.8971305464055,179.6914799753889,175.9918745021669,0.2537313432835821,nan,nan
sLORETA,20,-5,surface_only,case_weighted_within_scenario,136,1,0.8261778837897031,0.9340784321047724,0.9342282872954122,nan,1.7449531040904769,23.879319022495412,13.364189608509696,nan,nan,0.33186862993343813,nan,477.8529411764706,465.8014705882353,12.051470588235293,23.879319022495412,13.364189608509696,nan,nan,nan,0.08088235294117647,nan
sLORETA,20,0,deep_only,case_weighted_within_scenario,30,1,1.0,1.0,nan,1.0,1.8728470503513397,nan,nan,19.310550499748235,0.0,1.0,0.0,683.0,667.0666666666667,15.933333333333334,nan,nan,19.310550499748235,0.0,1.0,nan,nan
sLORETA,20,0,deep_plus_surface,case_weighted_within_scenario,136,1,0.8770881771229561,0.9337290295829858,0.9368933793513314,0.6774509803921569,1.773230010873976,23.368794201331642,13.019869515665201,22.00356840133752,19.480116902716478,0.36334506426665575,19.480116902716478,427.5,413.20588235294116,14.294117647058824,23.368794201331642,13.019869515665201,168.99087784231517,165.02033548539904,0.3014705882352941,nan,nan
sLORETA,20,0,deep_plus_two_surface,case_weighted_within_scenario,67,1,0.8796794798149675,0.8869969918855063,0.887879654665643,0.6626865671641791,1.7787676941336814,22.65685826425531,15.718104658695905,22.408469726577497,17.375162535191993,0.3717562352331973,17.924899962194267,532.5074626865671,517.776119402985,14.73134328358209,22.65685826425531,41.785090592735486,170.08255683844231,165.51295906306785,0.29850746268656714,nan,nan
sLORETA,20,0,surface_only,case_weighted_within_scenario,136,1,0.8359398560711722,0.9387759410832656,0.9389259036137003,nan,1.7290619337488136,22.693943057318958,13.089403841465618,nan,nan,0.3232856076619799,nan,413.95588235294116,402.1397058823529,11.816176470588236,22.693943057318958,13.089403841465618,nan,nan,nan,0.11029411764705882,nan
sLORETA,20,5,deep_only,case_weighted_within_scenario,30,1,1.0,1.0,nan,1.0,1.8502267883908174,nan,nan,18.370424235114278,0.0,1.0,0.0,513.2666666666667,497.73333333333335,15.533333333333333,nan,nan,18.370424235114278,0.0,1.0,nan,nan
sLORETA,20,5,deep_plus_surface,case_weighted_within_scenario,136,1,0.8886398046241074,0.9384861797401584,0.9410196426657229,0.7088235294117647,1.7590253791078614,22.53171490223401,13.35466987505953,21.611781780846368,18.33157908802855,0.3567162256180903,18.33157908802855,368.6102941176471,354.66911764705884,13.941176470588236,22.53171490223401,13.35466987505953,170.49662064429666,166.74113777317095,0.29411764705882354,nan,nan
sLORETA,20,5,deep_plus_two_surface,case_weighted_within_scenario,67,1,0.8872480726772831,0.8937806104709587,0.8944426144401127,0.7014925373134329,1.76472215541842,22.18493479254855,16.02611276533961,22.003338658081276,17.255998607888714,0.37072150679122534,16.867110347811487,475.7910447761194,461.6865671641791,14.104477611940299,22.18493479254855,35.548769400348974,163.64054085578377,159.36366485919584,0.3283582089552239,nan,nan
sLORETA,20,5,surface_only,case_weighted_within_scenario,136,1,0.841938496006587,0.9416894802326861,0.9418425054090882,nan,1.712800371714798,21.78417689537345,13.127521365259762,nan,nan,0.3153345321175425,nan,359.05882352941177,347.83088235294116,11.227941176470589,21.78417689537345,13.127521365259762,nan,nan,nan,0.18382352941176472,nan
sLORETA,20,10,deep_only,case_weighted_within_scenario,30,1,1.0,0.9999866897377879,nan,0.9933333333333334,1.8310163073501518,nan,nan,17.391949679060303,1.0000000188899332,1.0,1.0000000188899332,423.8666666666667,409.03333333333336,14.833333333333334,nan,nan,17.391949679060303,1.0000000188899332,1.0,nan,nan
sLORETA,20,10,deep_plus_surface,case_weighted_within_scenario,136,1,0.8960945605792303,0.9405585813041503,0.9426531618497599,0.721078431372549,1.7491582505875176,22.372192061617504,14.27784413285173,21.04612042809711,18.545593740417218,0.3589404031996047,18.545593740417218,329.06617647058823,315.97058823529414,13.095588235294118,22.372192061617504,14.27784413285173,173.39905110628078,170.03568354459628,0.27941176470588236,nan,nan
sLORETA,20,10,deep_plus_two_surface,case_weighted_within_scenario,67,1,0.8891675008596566,0.8982508572203006,0.8988330635137044,0.6845771144278607,1.7556395775121907,22.10329178971199,16.589626501413942,21.703945086658347,16.574048970352226,0.3754839552519528,16.574048970352226,430.95522388059703,417.14925373134326,13.805970149253731,22.10329178971199,32.816453766702246,163.44998203317414,158.67626914257755,0.3283582089552239,nan,nan
sLORETA,20,10,surface_only,case_weighted_within_scenario,136,1,0.847577456486996,0.9463244170284234,0.9464903056590463,nan,1.7009151249798753,21.556144380450057,13.905812888969043,nan,nan,0.31663137395604196,nan,319.1029411764706,308.6617647058824,10.441176470588236,21.556144380450057,13.905812888969043,nan,nan,nan,0.19117647058823528,nan
sLORETA,20,15,deep_only,case_weighted_within_scenario,30,1,1.0,0.9999778162296464,nan,0.9888888888888889,1.8260772711311717,nan,nan,17.034216881070325,0.6666666792599557,1.0,0.6666666792599557,415.3666666666667,400.6666666666667,14.7,nan,nan,17.034216881070325,0.6666666792599557,1.0,nan,nan
sLORETA,20,15,deep_plus_surface,case_weighted_within_scenario,136,1,0.8971099087131398,0.9428047039782432,0.9446372395530964,0.7230392156862746,1.7488673039967395,22.721653936996773,16.26188295948506,20.761976407981706,18.636246024694596,0.36621647426402965,18.636246024694596,296.90441176470586,284.30882352941177,12.595588235294118,22.721653936996773,16.26188295948506,171.7101412122416,168.82958712567813,0.2867647058823529,nan,nan
sLORETA,20,15,deep_plus_two_surface,case_weighted_within_scenario,67,1,0.8911203897973932,0.8994564870602232,0.8996974341837994,0.6746268656716419,1.7545655230817352,22.707964012174894,19.43801640384639,21.540866473407657,16.756997958345682,0.3862964010258132,16.756997958345682,391.5820895522388,378.2089552238806,13.373134328358208,22.707964012174894,25.84372074571,163.3441577846743,158.67626914257755,0.3283582089552239,nan,nan
sLORETA,20,15,surface_only,case_weighted_within_scenario,136,1,0.8473181346375799,0.945869301334986,0.9460500539784583,nan,1.701948991740727,21.915030683326876,15.87926734208733,nan,nan,0.32614356993574867,nan,291.25735294117646,281.7279411764706,9.529411764705882,21.915030683326876,15.87926734208733,nan,nan,nan,0.18382352941176472,nan
sLORETA,20,20,deep_only,case_weighted_within_scenario,30,1,1.0,1.0,nan,1.0,1.825508961383259,nan,nan,16.636040495875356,0.0,1.0,0.0,428.5,414.23333333333335,14.266666666666667,nan,nan,16.636040495875356,0.0,1.0,nan,nan
sLORETA,20,20,deep_plus_surface,case_weighted_within_scenario,136,1,0.896746032634721,0.9421675698078912,0.9436394469327342,0.7284313725490196,1.7560910196704933,23.335083438567942,17.309279920974472,20.768621816310315,18.41278173954131,0.37314147220280813,18.41278173954131,282.41911764705884,270.2867647058824,12.132352941176471,23.335083438567942,17.309279920974472,176.3299235423893,173.40375871175885,0.2647058823529412,nan,nan
sLORETA,20,20,deep_plus_two_surface,case_weighted_within_scenario,67,1,0.8903456134718153,0.9005669591450586,0.9006717120655061,0.6756218905472636,1.7575276037292533,23.44359129879315,19.389663341367076,21.357614106020563,17.964153842776327,0.39515382284905637,17.964153842776327,356.3134328358209,343.2089552238806,13.104477611940299,23.44359129879315,25.796811058230066,172.81894828852592,169.00593087645035,0.2835820895522388,nan,nan
sLORETA,20,20,surface_only,case_weighted_within_scenario,136,1,0.8443906662497617,0.9443216145626498,0.9445129719321922,nan,1.712231645997367,22.51907910757185,17.309005259508453,nan,nan,0.33602237458119566,nan,274.2279411764706,265.40441176470586,8.823529411764707,22.51907910757185,17.309005259508453,nan,nan,nan,0.16176470588235295,nan
