source_index,hemisphere,vertex,x_m,y_m,z_m,label,beta_pmbr_db
0,left,1305,-0.016951787251395827,-0.06149063143964617,0.07385308993460674,superiorparietal-lh,1.2663173330423712
1,left,1420,-0.018588779982772002,-0.06647134363365587,0.061476481489897344,lateraloccipital-lh,1.100539636623435
2,left,1763,-0.007507201583699014,-0.06023288050548406,0.07040116659609486,cuneus-lh,1.3928017312258498
3,left,2320,-0.015367233847943158,-0.06074024892700719,0.06997844450220259,cuneus-lh,1.252934518282141
4,left,2387,-0.023960849091196158,-0.06367146458213852,0.06464495957275398,lateraloccipital-lh,1.0701343472297615
5,left,2819,-0.011490810838362706,-0.05689314144546148,0.07350374536607979,superiorparietal-lh,1.3569569370011458
6,left,2845,-0.007795863645861576,-0.05844110803496956,0.07212501154259107,cuneus-lh,1.3382019232066849
7,left,2960,-0.006031010265582629,-0.06243180845960139,0.06232794020637051,cuneus-lh,1.7146556171809062
8,left,3255,-0.0038832580066343004,-0.05187526797118583,0.08336893950513201,cuneus-lh,0.9234260286253343
9,left,3260,-0.01626768807115587,-0.05235247277774016,0.08362277579639132,superiorparietal-lh,1.1570925402958805
10,left,3347,-0.017846794183142434,-0.05580352481297578,0.07594415328338769,superiorparietal-lh,1.2455454637019694
11,left,3562,-0.01682682174812763,-0.06295868380539839,0.06117543247515107,pericalcarine-lh,1.164925229719839
12,left,3915,-0.025933159939893966,-0.05231791170855568,0.08294544012504163,superiorparietal-lh,1.0428787937007944
13,left,3924,-0.012771427503910943,-0.051788419084087337,0.08219150260697228,cuneus-lh,1.15498658946408
14,left,3943,-0.022036691312008982,-0.05250954657790152,0.08136846607116953,superiorparietal-lh,1.1421289610861678
15,left,4018,-0.0035884329893449505,-0.055345896832017946,0.07368849028288713,cuneus-lh,1.0391737343752294
16,left,4107,-0.022825357497655144,-0.058002203313074374,0.06879792961694829,lateraloccipital-lh,0.9404592565278799
17,left,4272,-0.014275126928468931,-0.06458835356375324,0.05513999445284434,lingual-lh,1.3226451548247757
18,left,4450,-0.013455956117540434,-0.0408906534288362,0.1006081562220205,superiorparietal-lh,1.0988506357447383
19,left,4702,-0.021922771664339886,-0.054167648749801275,0.0754724033264348,lateraloccipital-lh,1.05033515636395
20,left,4778,-0.03201831168944687,-0.055673937316288835,0.07109499791139734,inferiorparietal-lh,0.6985486158852615
21,left,4835,-0.0033481970792324416,-0.05773085357269715,0.06695947702865854,cuneus-lh,1.2650488223365464
22,left,4854,-0.014957672661748207,-0.05874596696629246,0.06534403668699507,pericalcarine-lh,1.1884511829802662
23,left,5243,-0.008629718166883318,-0.04153633396139432,0.0984508900355132,superiorparietal-lh,0.9236212042154338
24,left,5287,-0.031680421706589385,-0.044703336114502265,0.09259356421113925,inferiorparietal-lh,1.3774533632381638
25,left,5364,-0.009199738257984029,-0.04723593179374616,0.08509122916743236,superiorparietal-lh,0.812821265871261
26,left,5446,-0.02956104424923857,-0.050215706070051436,0.07855692907974132,superiorparietal-lh,0.6429183218623743
27,left,5479,-0.008491619929110492,-0.051949612614711274,0.07639541618803161,cuneus-lh,1.2279664690557437
28,left,5843,-0.014547870201896788,-0.06243493637417527,0.05377830275012503,lingual-lh,1.209335899103143
29,left,6022,-0.014664697225394995,-0.03775846998658838,0.10430423793894579,precuneus-lh,1.0772331159081285
30,left,6062,-0.017926751831400065,-0.03944467383808582,0.09916539410509789,superiorparietal-lh,1.2107726516588502
31,left,6111,-0.02986221684368507,-0.04275216969189684,0.09558767436782636,inferiorparietal-lh,1.450720186386524
32,left,6182,-0.011295026398284808,-0.044793956586875364,0.08722177738010597,superiorparietal-lh,0.7982722455162039
33,left,6184,-0.03054233389133426,-0.046367654456496724,0.08773789207363665,inferiorparietal-lh,1.166579391469632
34,left,6199,-0.015739041547765672,-0.046720942457010584,0.08507839324725099,superiorparietal-lh,1.031842379085057
35,left,6296,-0.00810238482714065,-0.04947128922402619,0.07837558767900527,cuneus-lh,0.8629273559786759
36,left,6419,-0.02852632561006346,-0.0540715829099586,0.06992056321421178,lateraloccipital-lh,0.6258564506385352
37,left,6492,-0.010376341998428337,-0.0566867921140921,0.06467219998235788,pericalcarine-lh,1.3005078381492898
38,left,6925,-0.012989723965960542,-0.04042628743879026,0.0964174089871881,superiorparietal-lh,1.0045123521991133
39,left,6962,-0.0234059933268577,-0.04132157057149949,0.09386842464317136,superiorparietal-lh,1.3436112979241392
40,left,7158,-0.003037193670624678,-0.04949222833719749,0.07745570472955793,cuneus-lh,0.7496407885433862
41,left,7183,-0.02364710781142134,-0.04954555210500451,0.07676470478999245,superiorparietal-lh,0.8620961316517401
42,left,7433,-0.023084296491595258,-0.05709896274694587,0.06184647977527186,lateraloccipital-lh,0.7969283049631438
43,left,7466,-0.01065715211963356,-0.05751619945503017,0.05964314245987409,pericalcarine-lh,1.23835940298722
44,left,7470,-0.018101401868319895,-0.057686240035570005,0.05916415189032036,pericalcarine-lh,0.9215473385976118
45,left,7532,-0.009659256811892713,-0.05962205007709902,0.056205569720280485,lingual-lh,1.340517563992777
46,left,7638,-0.024883715949498408,-0.06274078828259637,0.04953825153143681,lateraloccipital-lh,1.1217730770194259
47,left,7736,-0.01902719510749165,-0.03529112040329886,0.10492903036169623,superiorparietal-lh,0.7804546660194226
48,left,7790,-0.013494124811205141,-0.037747992883370024,0.09856366306756241,precuneus-lh,1.0166028677059658
49,left,7929,-0.03749145404764058,-0.04460509809778197,0.08700840136013402,inferiorparietal-lh,1.0294336133971356
50,left,7981,-0.03474561809139817,-0.04608700600492291,0.08261988523251193,inferiorparietal-lh,0.8802560237125953
51,left,7988,-0.020224346541681697,-0.045921094690037814,0.0817381427216538,superiorparietal-lh,0.9755581121948281
52,left,8151,-0.011985033380865732,-0.05160256021598367,0.06977602888968323,pericalcarine-lh,1.0509573684294995
53,left,8323,-0.004351875312343082,-0.056817576222828806,0.06137547776243696,cuneus-lh,1.2890380259584606
54,left,8394,-0.02619902435333767,-0.058510225941771965,0.05666461358995551,lateraloccipital-lh,0.7843274555125901
55,left,8428,-0.0227121756606135,-0.059644841936920975,0.05543573488150975,pericalcarine-lh,0.9412017323681122
56,left,8601,-0.024786482140972114,-0.032225688593680926,0.10803130082250512,superiorparietal-lh,0.38384338910031685
57,left,8633,-0.008195066131328976,-0.03486409720979197,0.10318873970334717,precuneus-lh,0.8808799554375838
58,left,8639,-0.025381942250879433,-0.034806640232977026,0.10315121997047207,superiorparietal-lh,0.8006251500142157
59,left,8719,-0.026535640234658223,-0.03909302880013486,0.09539770019807814,superiorparietal-lh,1.4278348983489866
60,left,8769,-0.01910329158872808,-0.0403297534257695,0.09191203456739364,superiorparietal-lh,1.2010440222797767
61,left,8826,-0.03486857031334103,-0.04305846288430064,0.08757939067057403,inferiorparietal-lh,1.165075878916253
62,left,8942,-0.016113701494926757,-0.04670625258644065,0.07903817471948735,cuneus-lh,0.9439547396175717
63,left,9021,-0.03227595939456007,-0.05018407253537187,0.07229270570297933,inferiorparietal-lh,0.4358371230473906
64,left,9032,-0.020634972224794525,-0.050014754976604306,0.07135313246183453,superiorparietal-lh,0.788847422693639
65,left,9039,-0.035940124501084206,-0.05111948961259863,0.07129516213918821,inferiorparietal-lh,0.4003288409767396
66,left,9123,-0.024385309292939375,-0.05272838776630212,0.06651716242490793,lateraloccipital-lh,0.623553947251964
67,left,9130,-0.036670195807609246,-0.05312483647593558,0.06707895579035571,lateraloccipital-lh,0.6142674106900732
68,left,9319,-0.033041802639848385,-0.057839274764236295,0.056963164631954784,lateraloccipital-lh,1.574410213881695
69,left,9399,-0.009824499495700299,-0.05999066767572782,0.05107081636795381,lingual-lh,1.2174917637328009
70,left,9419,-0.019845670123499623,-0.05940783627228169,0.05042831923442502,lateraloccipital-lh,1.0554227986231204
71,left,9629,-0.022519673780847273,-0.03505656971519802,0.10005460730890292,superiorparietal-lh,1.1741153041499648
72,left,9700,-0.007358362173381509,-0.03854010333775201,0.09294259420571564,superiorparietal-lh,0.5628470952223652
73,left,9743,-0.010728912963682977,-0.03909502286665335,0.09095659404044569,superiorparietal-lh,0.6512568477909082
74,left,9831,-0.006068913839247627,-0.04189643974592122,0.08515289637469797,superiorparietal-lh,0.5252793290619917
75,left,9996,-0.013033190963191875,-0.04702889649046295,0.07494005280322369,cuneus-lh,0.8923936265790338
76,left,10034,-0.0032317687800743717,-0.04814334634876151,0.07148301198689974,cuneus-lh,0.7004994805431747
77,left,10150,-0.005019720913547328,-0.05149123993004236,0.06668865920291647,cuneus-lh,0.7893084534474014
78,left,10256,-0.02649225324208842,-0.05339907980554316,0.06197080439322609,lateraloccipital-lh,0.5391743563631154
79,left,10443,-0.030405776604577345,-0.058909528997862656,0.050529858378962865,lateraloccipital-lh,1.2998566411051926
80,left,10561,-0.012543508397567875,-0.02859669604048679,0.11117888893388146,superiorparietal-lh,0.47973268740784486
81,left,10585,-0.02248584894585608,-0.030497785656614606,0.10682068506170815,superiorparietal-lh,0.3358127894520262
82,left,10621,-0.012060589368495505,-0.033355543493611,0.102265190143988,precuneus-lh,0.6828631653011344
83,left,10649,-0.01685364091665236,-0.033535738343624125,0.10045239627106263,precuneus-lh,0.805753908924409
84,left,10767,-0.026722079863498237,-0.038852971956434196,0.09130696013776025,inferiorparietal-lh,1.3345023982718798
85,left,10795,-0.038685571914529954,-0.03928449556645046,0.09063011187299677,inferiorparietal-lh,1.0680979187111568
86,left,10849,-0.04211019915108806,-0.04090479017610306,0.08750513397474935,inferiorparietal-lh,0.9437243776859454
87,left,10857,-0.02927981868688768,-0.04071750374794958,0.0867559788496001,inferiorparietal-lh,1.1731348853994328
88,left,10870,-0.023307333904839786,-0.04036645953731692,0.08601744821768544,superiorparietal-lh,1.0918082168506116
89,left,10989,-0.02421328364071289,-0.043799415030889355,0.0805312594890514,superiorparietal-lh,0.8225430078684721
90,left,11188,-0.026886422529562224,-0.04879783489674984,0.07003240701140524,inferiorparietal-lh,0.5088493269934153
91,left,11261,-0.0074813090772064255,-0.051089462052363255,0.06551966300210307,pericalcarine-lh,0.9675540099648429
92,left,11369,-0.01695467848476529,-0.05411552286534975,0.05891450083164667,pericalcarine-lh,0.7857544384035859
93,left,11477,-0.03416671381664118,-0.05700996761657433,0.053086648938336825,lateraloccipital-lh,1.6213682457438994
94,left,11771,-0.0110472043304521,-0.033340474633833425,0.0985497102567081,precuneus-lh,0.6683792517584248
95,left,11815,-0.018623714179789395,-0.03561611751900126,0.09516141712983622,superiorparietal-lh,1.213350857925537
96,left,11837,-0.01132363521243382,-0.03563698410960886,0.09273301095995479,superiorparietal-lh,0.6008097669413398
97,left,11852,-0.02997830754456537,-0.03741580627827107,0.09256468765012313,superiorparietal-lh,1.364347555360285
98,left,12060,-0.03790270422148498,-0.04217371501881774,0.08236940212978533,inferiorparietal-lh,0.8962715872521577
99,left,12071,-0.011986852093787572,-0.041834293538129064,0.08062161557129485,cuneus-lh,0.705217895845545
100,left,12114,-0.004109007566806676,-0.042903914497311346,0.07845085226506363,cuneus-lh,0.47393077941296563
101,left,12163,-0.03585681674670506,-0.044306241876007374,0.07662949503558533,inferiorparietal-lh,0.7358188814266381
102,left,12458,-0.03781135206488387,-0.052881433209511136,0.05916390785310809,lateraloccipital-lh,1.387997515395886
103,left,12472,-0.03172190310883979,-0.053888202871300014,0.059120720682176005,lateraloccipital-lh,0.7541930621003738
104,left,12501,-0.01886244494741356,-0.05420781381196621,0.05642370059571822,lateraloccipital-lh,0.722362967696849
105,left,12824,-0.02782950802325963,-0.029587421012113698,0.10475956482717551,superiorparietal-lh,0.5256669201572176
106,left,12849,-0.02683442846211938,-0.03176868201365811,0.10042917945791939,superiorparietal-lh,1.1289480481875287
107,left,13149,-0.044373993033444574,-0.0406980368562295,0.08353241313677057,inferiorparietal-lh,0.7991713316203668
108,left,13349,-0.03808660479144455,-0.04527311503696099,0.07221607305855868,inferiorparietal-lh,0.7160455448687183
109,left,13404,-0.04137204575141165,-0.0472567689053955,0.06952730537654758,inferiorparietal-lh,0.7673942054548188
110,left,13472,-0.03252821419363998,-0.049095271398829604,0.0658579715768222,inferiorparietal-lh,0.39979581479815324
111,left,13503,-0.014625168078439218,-0.04963791858262359,0.06228059767838927,pericalcarine-lh,0.6970176455236015
112,left,13567,-0.013363341045939059,-0.0516843741750521,0.05856645039519813,pericalcarine-lh,0.7797359963362356
113,left,13627,-0.008345146232894162,-0.05325442052005121,0.05548047124744297,pericalcarine-lh,0.9227868391006507
114,left,13678,-0.007672817954946117,-0.054295718473800145,0.052530535885619685,lingual-lh,1.047130211036122
115,left,13746,-0.01758538194282371,-0.05628827444124117,0.05002284458123432,lingual-lh,0.7317626437407597
116,left,13771,-0.02763485615951892,-0.057472331630261345,0.04866426873263003,lateraloccipital-lh,1.085432967997876
117,left,13850,-0.027444647971290943,-0.058478927191965235,0.0435599178009939,lateraloccipital-lh,1.0303155555371268
118,left,13859,-0.020269078338343606,-0.059039704001095344,0.04301331118920337,lateraloccipital-lh,1.0567341059402011
119,left,13907,-0.013697995830781361,-0.025205546637183225,0.11234837763443921,superiorparietal-lh,0.40704348824010433
120,left,13930,-0.01789762342848202,-0.025311211580906205,0.11142051149470447,superiorparietal-lh,0.36198034142865876
121,left,13968,-0.01074522086328228,-0.026654898104524174,0.10686402283990912,precuneus-lh,0.462715062229016
122,left,13989,-0.02684293545496346,-0.027900023698349364,0.10685949218302206,superiorparietal-lh,0.5199978804780461
123,left,14030,-0.021685360257741516,-0.029840149291248248,0.10126439163805939,superiorparietal-lh,0.7190433001530677
124,left,14033,-0.0058025051617623755,-0.03023417002003675,0.10110491647596793,precuneus-lh,0.38502660577672826
125,left,14086,-0.006869920071369599,-0.03210167893249162,0.09611943977648535,precuneus-lh,0.45360292773074234
126,left,14158,-0.021879630738392927,-0.03440837884463724,0.09116219762951397,superiorparietal-lh,1.1577426565237572
127,left,14171,-0.042311238760112016,-0.035107459359673826,0.09165306390870985,inferiorparietal-lh,1.086039121777683
128,left,14360,-0.03162389065849413,-0.04078026906988741,0.08201228449525995,inferiorparietal-lh,0.9073639598777813
129,left,14505,-0.029354952655988906,-0.04313478343131916,0.07498297454315672,superiorparietal-lh,0.6496200878000472
130,left,14517,-0.01946421506334179,-0.043027690549471614,0.07341480370878642,cuneus-lh,0.6395168226584512
131,left,14566,-0.027372348153958264,-0.04489257869258512,0.07083245614487899,superiorparietal-lh,0.5242792220994954
132,left,14675,-0.01560512636446283,-0.04823462427879269,0.06479068801599469,pericalcarine-lh,0.6675217388814079
133,left,15077,-0.017947029387423423,-0.02284395753016899,0.11353858212695635,superiorparietal-lh,0.42203886133125645
134,left,15233,-0.01093791920107905,-0.029923434996642077,0.09843187840182027,precuneus-lh,0.548768112466029
135,left,15264,-0.022713992887154408,-0.031375367221417066,0.09714368538107808,superiorparietal-lh,1.0683444443214982
136,left,15365,-0.015211670266094376,-0.03508952246916362,0.08983691434270942,superiorparietal-lh,0.971372478130755
137,left,15404,-0.019602095660947397,-0.035574301758515045,0.08791978062093664,superiorparietal-lh,1.0470217353293814
138,left,15426,-0.031014446004557068,-0.03676333228891068,0.08699719084496611,inferiorparietal-lh,1.10042006251506
139,left,15432,-0.00444076253399104,-0.03548265444916565,0.0865682747372102,superiorparietal-lh,0.3368818801154798
140,left,15454,-0.03945163667920964,-0.03714136037384497,0.08565245756032706,inferiorparietal-lh,0.9920245079707394
141,left,15624,-0.027451775409774774,-0.041414006051077965,0.0770685563529858,superiorparietal-lh,0.7229839233535925
142,left,15645,-0.044402839653225376,-0.04136930064350684,0.07629670292907408,inferiorparietal-lh,0.7101113514003786
143,left,15651,-0.010568878312254244,-0.04145513048788839,0.07494356768397512,cuneus-lh,0.6036456417518596
144,left,15695,-0.006743911545803553,-0.04301175511688138,0.07288724894341322,cuneus-lh,0.5581401998961547
145,left,15745,-0.007945759516567253,-0.04398485756936822,0.07022698377049173,pericalcarine-lh,0.604355577907924
146,left,15782,-0.014089002676084374,-0.04452041781380646,0.06860823504218337,pericalcarine-lh,0.6262104585929056
147,left,15894,-0.04073983976254665,-0.049214396371820276,0.06016057157511461,lateraloccipital-lh,1.0559185885102556
148,left,15928,-0.007825190400626304,-0.04895692966335925,0.058316080004454075,pericalcarine-lh,0.6411289193263999
149,left,16040,-0.01255250435652095,-0.053134731049869,0.05158894579601937,lingual-lh,0.7499402753673818
150,left,16136,-0.02392294295500762,-0.0549802005092241,0.04538659185431916,lateraloccipital-lh,0.8398695128984456
151,left,16229,-0.02476876930885279,-0.021368023411080215,0.11343733573403672,superiorparietal-lh,0.7423481674412048
152,left,16434,-0.015692356231772765,-0.02972273381753753,0.09687986895095392,precuneus-lh,0.7606354328046903
153,left,16499,-0.014914566127595534,-0.03156780547770287,0.09332509630525723,precuneus-lh,0.8687503749256148
154,left,16507,-0.03980160714932648,-0.03284015256773658,0.09263727967683916,inferiorparietal-lh,1.0946117277934684
155,left,16536,-0.035170058810352636,-0.03293571455548537,0.0907698537424093,inferiorparietal-lh,1.084525982294072
156,left,16547,-0.024610227118328026,-0.03356877869728918,0.08998679588276927,superiorparietal-lh,1.0974279063773518
157,left,16624,-0.03533742457901766,-0.03517305335047846,0.08620599733524541,inferiorparietal-lh,1.009537327314754
158,left,16639,-0.009223872674820409,-0.03553189023565574,0.08534394411525988,superiorparietal-lh,0.53967042233075
159,left,16672,-0.0267427206306046,-0.036396104531257745,0.08435179840625324,superiorparietal-lh,0.9507535397160336
160,left,16711,-0.017724467648738095,-0.037034456931032786,0.0831810117945911,superiorparietal-lh,0.8352094839634985
161,left,16729,-0.014264324853953741,-0.03721864474087787,0.08232354902210226,superiorparietal-lh,0.7461091603123939
162,left,16757,-0.005454973704436063,-0.0378904808905588,0.0804775809125958,superiorparietal-lh,0.3725217514347994
163,left,16797,-0.040214938428892,-0.039710822319540914,0.0790223097186826,inferiorparietal-lh,0.7506196299309339
164,left,16821,-0.017202711711896898,-0.03925753765280164,0.07713656119441026,precuneus-lh,0.664785167997108
165,left,16954,-0.032614468042980425,-0.04338211812947268,0.07015656406167649,inferiorparietal-lh,0.5430811033607396
166,left,16984,-0.002682652514018893,-0.04326661670543609,0.0683985386591062,cuneus-lh,0.4939295120979718
167,left,17024,-0.03706488393375754,-0.045269807128069633,0.06702023321088076,inferiorparietal-lh,0.6295087790396812
168,left,17194,-0.006699869283054299,-0.04943463653200911,0.05533795347265155,lingual-lh,0.7287663580124754
169,left,17264,-0.024568108175862725,-0.052095474413987694,0.05171792746825914,lateraloccipital-lh,0.4620340741162699
170,left,17513,-0.021569988349108893,-0.022215268287804013,0.11107594090708071,superiorparietal-lh,0.46281552046930335
171,left,17524,-0.011566175461158696,-0.022547703693282205,0.10996383136955766,superiorparietal-lh,0.36070311327154536
172,left,17571,-0.029482946811367892,-0.023900633949511384,0.10755427926349477,superiorparietal-lh,0.8028808486689735
173,left,17581,-0.015860653677997567,-0.02420259381281195,0.10697000143024284,superiorparietal-lh,0.3614422457136592
174,left,17620,-0.032282356770439426,-0.02562451271167242,0.10431326991748496,superiorparietal-lh,0.6331499340756204
175,left,17628,-0.02346972101632702,-0.025956763793726995,0.10336764297617586,superiorparietal-lh,0.40334305538422355
176,left,17640,-0.02950673923696519,-0.02635794378251344,0.10218518834418132,superiorparietal-lh,0.7060393736940865
177,left,17796,-0.04623471266192528,-0.033681965350273346,0.08925964600585737,inferiorparietal-lh,0.89508405350633
178,left,17866,-0.008561724063016632,-0.033631269408792824,0.08611573592042024,superiorparietal-lh,0.4738769564721619
179,left,17970,-0.035612719792089936,-0.036642513725378884,0.08151089848366015,inferiorparietal-lh,0.8335671041344492
180,left,17981,-0.02122038355325806,-0.03683372506529925,0.08059173254384774,superiorparietal-lh,0.7754889884408893
181,left,18075,-0.03292454141711845,-0.03973877752312366,0.07565639909588065,inferiorparietal-lh,0.7055683699523392
182,left,18138,-0.039394441134118455,-0.04084889408914315,0.072438965406948,inferiorparietal-lh,0.7044390468788406
183,left,18332,-0.019189952254370906,-0.045794678136869674,0.06176960541458,pericalcarine-lh,0.4902144404398073
184,left,18336,-0.03761200570041562,-0.046255374629771806,0.06174654526920296,inferiorparietal-lh,0.6430257904875496
185,left,18343,-0.04470486192934491,-0.04684086563852656,0.06148199755556536,lateraloccipital-lh,0.8864087377821862
186,left,18476,-0.03485732571180147,-0.05127924818863874,0.052487946064851417,lateraloccipital-lh,1.3833009641187592
187,left,18567,-0.033062647468424765,-0.05324859498502253,0.04714319961091104,lateraloccipital-lh,1.346189274068547
188,left,18672,-0.011924391741871135,-0.020069135041800065,0.11192849886787756,superiorparietal-lh,0.29313435361374657
189,left,18709,-0.03254478414022159,-0.021743145022139188,0.11002646425615674,superiorparietal-lh,1.0503030503606017
190,left,18712,-0.014527320112705916,-0.021537631456915368,0.10904511211524419,superiorparietal-lh,0.28725927476908075
191,left,18792,-0.01739737087108287,-0.025014514231260943,0.10260628309297386,precuneus-lh,0.474350205712988
192,left,18859,-0.02122633218190269,-0.027211800553073814,0.09785690624448343,precuneus-lh,0.793508326914039
193,left,18862,-0.02664475838844414,-0.02751662491123868,0.09798186158063786,superiorparietal-lh,0.9217129613610092
194,left,18895,-0.03518951079748803,-0.02896237660234278,0.09512499873852483,inferiorparietal-lh,0.9206156792451102
195,left,18928,-0.009169781006234357,-0.028771421731110112,0.09271654419735571,precuneus-lh,0.6185706877095131
196,left,19082,-0.04586818981541536,-0.03466767214525117,0.08501788476459556,inferiorparietal-lh,0.8585655367825022
197,left,19310,-0.016270802988647626,-0.04072712854870268,0.0699238660865994,cuneus-lh,0.5501372351576875
198,left,19438,-0.009166925405428112,-0.04425205479962417,0.0619300890917173,pericalcarine-lh,0.5072292095004753
199,left,19594,-0.04252758757491106,-0.04899684703257298,0.05335999704970528,lateraloccipital-lh,1.4064806230724958
200,left,19797,-0.009217481762783118,-0.018216462586638543,0.11409851593329866,superiorparietal-lh,0.32149400937681455
201,left,19814,-0.02616762726244586,-0.019213716411209784,0.11335750575221169,superiorparietal-lh,0.8849201770737349
202,left,19853,-0.020225825574735515,-0.019932784725104086,0.11079721246710857,superiorparietal-lh,0.44832843056448485
203,left,19896,-0.008835023771397754,-0.02202296564208877,0.10695747670562378,precuneus-lh,0.4012005700106324
204,left,19924,-0.02052184262504934,-0.021914311104643276,0.10605770274906763,superiorparietal-lh,0.35010878445422206
205,left,20102,-0.023047649427519,-0.0281564529881277,0.09314465907206342,superiorparietal-lh,0.8928094696567626
206,left,20178,-0.015067725082931568,-0.03072814592079638,0.08776021881134514,precuneus-lh,0.8106198990145821
207,left,20309,-0.0093283732198568,-0.03422718653609351,0.07943282715128727,superiorparietal-lh,0.560084354914331
208,left,20312,-0.013289067096397676,-0.034733251446286834,0.07893590710275833,precuneus-lh,0.637126958784241
209,left,20371,-0.03744348406964582,-0.03817923729834878,0.07390451289551513,inferiorparietal-lh,0.6707260842483055
210,left,20486,-0.044298527384543616,-0.041732350143432406,0.06810206404370536,inferiorparietal-lh,0.6540954990720454
211,left,20631,-0.004581027863463155,-0.044258353949373525,0.06014574203959996,lingual-lh,0.5176794528867719
212,left,20659,-0.008262850314979158,-0.04489150819542084,0.05732348823573438,lingual-lh,0.5068666400240602
213,left,20690,-0.0420307344738071,-0.046826090483181954,0.05641904717205982,lateraloccipital-lh,1.173846350565579
214,left,20761,-0.018624468059241898,-0.0476734133731881,0.052357358362273884,lingual-lh,0.37731896455413705
215,left,20894,-0.02719268211937743,-0.0516853163784131,0.04481824876502376,lateraloccipital-lh,0.8312393399223323
216,left,20917,-0.032389387115069126,-0.05283036416094497,0.043339607714776476,lateraloccipital-lh,1.193086025003327
217,left,21005,-0.028737851668489793,-0.018975625682891146,0.11074408847938094,superiorparietal-lh,0.9531576570569801
218,left,21099,-0.013698203598119406,-0.021957687465878943,0.10488734175952362,precuneus-lh,0.27155332674217914
219,left,21110,-0.02615379135470873,-0.02225927574875548,0.10474018381656879,superiorparietal-lh,0.5865391264527946
220,left,21190,-0.011619264677566812,-0.02443674205778052,0.09866204284350324,precuneus-lh,0.5856693059589381
221,left,21192,-0.017960113964156837,-0.024752107981772856,0.0982706619204254,precuneus-lh,0.7118945217814453
222,left,21223,-0.006748764113992823,-0.024827032093594173,0.09806742371713763,precuneus-lh,0.4556728354416307
223,left,21235,-0.04244299241796258,-0.02607234479177382,0.09682589316496748,inferiorparietal-lh,0.6904406133513052
224,left,21274,-0.007364659836910035,-0.026882142779595285,0.09423859491765266,precuneus-lh,0.5382762175995905
225,left,21383,-0.040690363412978145,-0.030433204368886167,0.0871791798079694,inferiorparietal-lh,0.7610215913059325
226,left,21401,-0.025689954845445586,-0.030776500267162863,0.08565976097148902,superiorparietal-lh,0.8479939630823508
227,left,21435,-0.04634507106464659,-0.03301877945157923,0.08340362456928498,inferiorparietal-lh,0.7298002850040839
228,left,21444,-0.040004753670955844,-0.03281795899891246,0.08251137138081063,inferiorparietal-lh,0.7888939140823119
229,left,21571,-0.04915221966467417,-0.03859906619125843,0.07203837733436563,inferiorparietal-lh,0.7013432459189078
230,left,21597,-0.006870172608668389,-0.03883697061949544,0.06996966313893856,cuneus-lh,0.45650119245170834
231,left,21687,-0.009330544072832944,-0.03996648591489042,0.06607514662806592,pericalcarine-lh,0.4685501448891554
232,left,21714,-0.016692849984779032,-0.04124640366662009,0.06452127385338574,pericalcarine-lh,0.47974587123573337
233,left,21721,-0.035076229290315834,-0.041676802053875694,0.06276972658474934,inferiorparietal-lh,0.5292117913940048
234,left,21816,-0.014410726219242788,-0.043299735285911495,0.05983010288387121,pericalcarine-lh,0.45338491239663453
235,left,21949,-0.01070311026084314,-0.047186377744156835,0.0520990277519089,lingual-lh,0.5519683376157123
236,left,22013,-0.0351360537563187,-0.049283122773587054,0.04803337787513043,lateraloccipital-lh,1.3173279447584085
237,left,22140,-0.008807875452168486,-0.017675680757803996,0.10962623006501805,precuneus-lh,0.21078424994303802
238,left,22159,-0.023501333875249695,-0.01894000609631514,0.10846763431118298,superiorparietal-lh,0.5283092123069829
239,left,22183,-0.031098285979531598,-0.019281091999024537,0.10821381450896227,superiorparietal-lh,1.0618867884628358
240,left,22189,-0.01695253141487801,-0.019464382053669287,0.10666225616753242,superiorparietal-lh,0.29150260972372044
241,left,22241,-0.028705635466324094,-0.021705119990408615,0.1034842398440767,superiorparietal-lh,0.7924170982182773
242,left,22297,-0.031743501103927686,-0.023712706017760897,0.09874182539453477,superiorparietal-lh,0.5892392490902434
243,left,22673,-0.02205497580658603,-0.03449745097403184,0.07579118169960537,precuneus-lh,0.6163438855074721
244,left,22774,-0.034526475918887606,-0.03838594989640104,0.06886509677926489,inferiorparietal-lh,0.5772510776115414
245,left,22808,-0.04817348518921698,-0.03946378337302871,0.06710433881022529,lateraloccipital-lh,0.6247160930620553
246,left,22938,-0.041647918081358794,-0.04195510971086444,0.06166993821054067,inferiorparietal-lh,0.60300344783871
247,left,23099,-0.03688184067334086,-0.046154466894820265,0.05248252187256664,lateraloccipital-lh,1.0201303522525755
248,left,23190,-0.015294514036765752,-0.04959173352432955,0.04650932860774673,lingual-lh,0.6034886740227263
249,left,23245,-0.013091960438109838,-0.013049016988096435,0.11697420489534505,paracentral-lh,0.7082568249645593
250,left,23249,-0.015999330498109227,-0.013866618721358036,0.11623999367260772,postcentral-lh,0.755077505811692
251,left,23356,-0.009640964147443202,-0.019774240788960857,0.10402303133879277,precuneus-lh,0.1851681191716186
252,left,23385,-0.021828884122490958,-0.02197893856915123,0.10065077268467562,superiorparietal-lh,0.5217656881203332
253,left,23469,-0.015006293615097676,-0.024071564250018777,0.09555359899529371,precuneus-lh,0.708862263805704
254,left,23499,-0.02505051343056702,-0.02466044719943581,0.09463981507415044,superiorparietal-lh,0.7947373665365454
255,left,23525,-0.011427716356091338,-0.024741684665274218,0.09338808409917745,precuneus-lh,0.6854084515962703
256,left,23590,-0.003972084708034265,-0.02767642210303219,0.08936896277151357,precuneus-lh,0.4511781138943576
257,left,23628,-0.035832856557362756,-0.0277942825412904,0.08873092060228611,inferiorparietal-lh,0.7763170582233035
258,left,23629,-0.04975734200792453,-0.02821237471122588,0.08858483780218532,inferiorparietal-lh,0.7344019950351294
259,left,23700,-0.014396244087677701,-0.029744419201311028,0.08270501305492874,precuneus-lh,0.6966011548089003
260,left,23714,-0.028742216175962135,-0.030545691850980865,0.08219995106281656,superiorparietal-lh,0.7480735704657417
261,left,23734,-0.0337274093629619,-0.03162819904537316,0.0798844384945119,inferiorparietal-lh,0.702104800633617
262,left,23753,-0.04652379681906723,-0.03263834453407381,0.0793566153314113,inferiorparietal-lh,0.6800016128722927
263,left,23799,-0.03458127210196763,-0.0343145627747916,0.07504217902731157,inferiorparietal-lh,0.6244366324924804
264,left,23823,-0.023175837433857868,-0.03538192027066282,0.07170474182119188,precuneus-lh,0.5432970821693757
265,left,24092,-0.024591034349992217,-0.041049875678921474,0.05952575623005358,pericalcarine-lh,0.354056290217977
266,left,24263,-0.014962106678826597,-0.045429316324477984,0.05076635616571579,lingual-lh,0.40400217294557983
267,left,24267,-0.023379277642515402,-0.04587802304839392,0.05046476736386241,lateraloccipital-lh,0.26151614517328675
268,left,24275,-0.033012802689823734,-0.04550516984709263,0.04994822249355883,fusiform-lh,0.7283707431447
269,left,24422,-0.012965702200413303,-0.014106571865990035,0.11277300794032093,precuneus-lh,0.4350264826165134
270,left,24446,-0.014345298451970873,-0.016174523677131975,0.10965850393880179,superiorparietal-lh,0.3273493365231503
271,left,24523,-0.026204378487193997,-0.018333538561864645,0.10509048896982222,superiorparietal-lh,0.6151156609601186
272,left,24562,-0.0156764517885183,-0.019580756843255102,0.10247431255083055,precuneus-lh,0.31732263395906607
273,left,24635,-0.04757161094593386,-0.02288885005094785,0.09634492657188848,inferiorparietal-lh,0.2376745041561438
274,left,24764,-0.04506789776317465,-0.0260842176291154,0.08985220711145649,inferiorparietal-lh,0.6051518655389588
275,left,24776,-0.01309791115467695,-0.02587669054581773,0.08914887882300312,precuneus-lh,0.7249337017658503
276,left,24780,-0.02507051762061438,-0.02660621779142217,0.08901553081330743,superiorparietal-lh,0.8030408803707917
277,left,25017,-0.04693086423791967,-0.03427474466034253,0.07337204829693689,inferiorparietal-lh,0.6493006034328279
278,left,25103,-0.020177963904906875,-0.03615861641022364,0.06829882834603755,cuneus-lh,0.4871377844764309
279,left,25112,-0.011617330065400075,-0.03695918175553513,0.06805923288508448,cuneus-lh,0.4615934229986075
280,left,25179,-0.03924857178655423,-0.038720970502100924,0.06582189434946673,inferiorparietal-lh,0.5782545280945337
281,left,25200,-0.0035069239664570024,-0.037724674102571715,0.06451761285906615,cuneus-lh,0.3719597328591033
282,left,25208,-0.017540472077763693,-0.03867006720680295,0.06367542037366862,cuneus-lh,0.44071236056332264
283,left,25282,-0.007135554762111394,-0.039540874318356595,0.060015792292976794,lingual-lh,0.4089636425618227
284,left,25349,-0.03987502800014924,-0.042323762764898465,0.05587596570301662,lateraloccipital-lh,0.6715401215120275
285,left,25374,-0.02695879974313083,-0.04334294002552218,0.05432309914395606,fusiform-lh,0.23812265836414528
286,left,25525,-0.026815131455089652,-0.04699780354517097,0.045104598456255654,lateraloccipital-lh,0.4707106287568196
287,left,25552,-0.04118422988311402,-0.048094263318827574,0.04385619193162901,lateraloccipital-lh,1.3215457255628762
288,left,25685,-0.030412783318993112,-0.015046961560522272,0.10891881343151441,superiorparietal-lh,1.1051196255982332
289,left,25718,-0.03389160246646879,-0.016692378586645518,0.10699191037747523,superiorparietal-lh,1.1876494916470854
290,left,25749,-0.0074289267186818195,-0.0171512804539985,0.10498521747376358,precuneus-lh,0.22018106230151308
291,left,25768,-0.01981027524291425,-0.018559615553099606,0.1033021503718658,superiorparietal-lh,0.4277695579225986
292,left,25840,-0.027460514542032518,-0.020805520329210243,0.09792636234611554,superiorparietal-lh,0.504708774887845
293,left,25870,-0.03821452638184373,-0.022385823969172946,0.09507787924668536,inferiorparietal-lh,0.3821955318077133
294,left,25937,-0.05033301202493082,-0.023497764464557456,0.09307725472696093,inferiorparietal-lh,0.31261599549817837
295,left,25953,-0.04335185110496441,-0.023549810380143726,0.0920586044782687,inferiorparietal-lh,0.4192563549727367
296,left,25990,-0.04104472929446007,-0.02553968662893716,0.08999922925807155,inferiorparietal-lh,0.6338543517729338
297,left,25995,-0.04764090044465921,-0.025265024826111798,0.08979271961815358,inferiorparietal-lh,0.6036327475267697
298,left,26089,-0.007895461740796013,-0.026608164399246303,0.08543060895350649,precuneus-lh,0.6447314695896591
299,left,26260,-0.016830673857513984,-0.030603875565924313,0.07666549657455417,precuneus-lh,0.5859350166151304
300,left,26268,-0.004744600158878764,-0.03160916925037409,0.0758936787623567,precuneus-lh,0.3914795218610716
301,left,26333,-0.00608462437601015,-0.03270985375707314,0.07166633404251924,precuneus-lh,0.4055702330278294
302,left,26394,-0.044213035249229,-0.035458919093020264,0.06781464522282513,inferiorparietal-lh,0.5832010440418842
303,left,26459,-0.043851891090124745,-0.03719565993498572,0.06446097411405799,lateraloccipital-lh,0.5407677501418503
304,left,26521,-0.02174290529297109,-0.03903563746165163,0.06097954970945299,pericalcarine-lh,0.39628217616294037
305,left,26537,-0.012666959474517313,-0.03786571479614784,0.060577886029729265,pericalcarine-lh,0.3976495985518746
306,left,26551,-0.04805940982089548,-0.03918620167528507,0.0598292594981714,lateraloccipital-lh,0.49277480428253556
307,left,26632,-0.047509110432522185,-0.04205973458088462,0.0559342116695853,lateraloccipital-lh,0.9063928567665964
308,left,26685,-0.012731058991672395,-0.042862520009263036,0.05205658921708491,lingual-lh,0.3762465915127042
309,left,26897,-0.010218672454114746,-0.008463669975095223,0.11928968972721743,paracentral-lh,0.716918340754172
310,left,26937,-0.0062737619439592555,-0.01097429014316173,0.11508122507207992,paracentral-lh,0.39729055946276043
311,left,26997,-0.012174076966402231,-0.014738367992579791,0.10807711316446114,precuneus-lh,0.28258469758447047
312,left,27114,-0.030754563956847076,-0.017400623925420244,0.1017319237769673,superiorparietal-lh,0.3670914652315977
313,left,27144,-0.04175257191273325,-0.019249400978741234,0.09932963307993245,superiorparietal-lh,0.28834499395684915
314,left,27163,-0.013446556321837576,-0.020273734013459704,0.09605777445497565,precuneus-lh,0.681786359475158
315,left,27250,-0.00667401046454023,-0.02255942127792587,0.09093351870111359,precuneus-lh,0.6419439643019675
316,left,27434,-0.031273589891985566,-0.02718272967087545,0.0828142327289983,inferiorparietal-lh,0.7024061407941704
317,left,27438,-0.050209410547833414,-0.02763027223346647,0.08212668779397689,inferiorparietal-lh,0.6530173022061704
318,left,27484,-0.03906397735934147,-0.028802387607172002,0.07952583188276777,inferiorparietal-lh,0.6206949358604259
319,left,27494,-0.0036377514542804113,-0.028505527058374874,0.07947543071928853,precuneus-lh,0.49912945297064937
320,left,27518,-0.015089830568136403,-0.029179375593122035,0.07839554631611813,precuneus-lh,0.6044625893799772
321,left,27609,-0.04070127346527877,-0.03294450500184726,0.07253412711322921,inferiorparietal-lh,0.5780908599721691
322,left,27869,-0.006135872507840456,-0.038573685798962296,0.05772563979613291,lingual-lh,0.38320401248850366
323,left,27906,-0.020179364493759358,-0.03977471002236682,0.05656439865459451,pericalcarine-lh,0.3116409855234783
324,left,27948,-0.045626780859603276,-0.04173454183208754,0.0539392028080493,lateraloccipital-lh,0.9319929109422188
325,left,28031,-0.04112998858524422,-0.04371362377859428,0.04926677867586057,lateraloccipital-lh,1.0895231241297023
326,left,28158,-0.033632141116434214,-0.04737421165306159,0.040402110635848476,lateraloccipital-lh,1.0481063091304286
327,left,28229,-0.015801790906018947,-0.008840949305047427,0.11775816398208992,postcentral-lh,0.9723507307175222
328,left,28234,-0.021246014059385268,-0.008537147400055312,0.11710986247122565,postcentral-lh,1.2991605269195345
329,left,28286,-0.01225159198160093,-0.009831073742788451,0.11381385185236192,paracentral-lh,0.48174841454231243
330,left,28289,-0.017431456902785258,-0.010551477614875203,0.113359723541315,postcentral-lh,0.7218264895151298
331,left,28343,-0.016362949719666956,-0.01379338290837014,0.10725172773655038,superiorparietal-lh,0.35726943099541697
332,left,28356,-0.0369871991831119,-0.01558166536321864,0.10659212893281822,superiorparietal-lh,0.9305844898538254
333,left,28411,-0.009725015937145934,-0.01517210437820412,0.10290215548492768,precuneus-lh,0.26291180262427705
334,left,28437,-0.006496321356977256,-0.017114895064244587,0.10139605025705652,precuneus-lh,0.24988684894162277
335,left,28630,-0.015150419190987129,-0.02257446527437613,0.08955950824479089,precuneus-lh,0.7100765242006241
336,left,28702,-0.0338299765219638,-0.025094103500864266,0.08572195043706618,inferiorparietal-lh,0.6987175247808194
337,left,28828,-0.04360198052256468,-0.02780394371471782,0.08000835645609743,inferiorparietal-lh,0.5275669960720498
338,left,28900,-0.043747966749102724,-0.02869511634638491,0.0763735567900918,inferiorparietal-lh,0.5242982097743374
339,left,29076,-0.03723939398378491,-0.033211131037760966,0.06768806129004162,inferiorparietal-lh,0.5150118934385736
340,left,29118,-0.050671780212378344,-0.03489061534901099,0.06466164489701948,lateraloccipital-lh,0.6062798358077657
341,left,29151,-0.01041461431623206,-0.03526457052294654,0.061803006641969714,cuneus-lh,0.3813255542779329
342,left,29201,-0.019196306556934075,-0.03600235388927478,0.05913784391272409,pericalcarine-lh,0.3750538646381169
343,left,29366,-0.007433942626258698,-0.04149998140215895,0.05156181130150328,lingual-lh,0.3929934714622055
344,left,29434,-0.02189303707059852,-0.042282835892195,0.04902556862409381,lingual-lh,0.23217491032909732
345,left,29489,-0.042952329272332085,-0.04451609924862174,0.04527758529002846,lateraloccipital-lh,1.126499519063018
346,left,29667,-0.03307295151791739,-0.012041358189479556,0.11041940567140314,superiorparietal-lh,0.924909591477274
347,left,29737,-0.027750192977576475,-0.013892371648630792,0.10445082840043812,superiorparietal-lh,0.7261697187982472
348,left,29814,-0.011616101774235056,-0.016277024349612087,0.10059083005056922,precuneus-lh,0.3198548160902321
349,left,29841,-0.021362911385901667,-0.016251404059603132,0.09927056230930571,superiorparietal-lh,0.6310431793945489
350,left,29859,-0.016817079707612877,-0.01743531159609568,0.09853975603579783,precuneus-lh,0.6378763397306748
351,left,29951,-0.0260757796234172,-0.020489941938670563,0.09125699385920544,superiorparietal-lh,0.6896927461812906
352,left,29974,-0.0348199060332819,-0.021140777178777832,0.08970492373921946,inferiorparietal-lh,0.5486248021405682
353,left,30028,-0.005168699214310317,-0.021680351524550612,0.08728273581587258,precuneus-lh,0.6256992810385883
354,left,30040,-0.0260884082998271,-0.02318005572648588,0.08557771842278826,superiorparietal-lh,0.6818629313009419
355,left,30070,-0.015333617147664808,-0.023843059816981448,0.08440971424003729,precuneus-lh,0.6701467301088536
356,left,30099,-0.03938835443293993,-0.024615502216902597,0.08272097422839675,inferiorparietal-lh,0.568316764561766
357,left,30101,-0.04486294689645255,-0.0245860490785729,0.08332725362661808,inferiorparietal-lh,0.5428241513650123
358,left,30110,-0.006001162744113492,-0.0241864010754313,0.08237204547826169,precuneus-lh,0.5849305678851677
359,left,30151,-0.009458793410362319,-0.024575862650879236,0.08126983725237291,precuneus-lh,0.6023365630654309
360,left,30302,-0.035245913740075886,-0.03006094377515794,0.07249529844771836,inferiorparietal-lh,0.5362787733627742
361,left,30407,-0.047303667780893496,-0.032349201843899736,0.06749601449406692,inferiorparietal-lh,0.5650221114085574
362,left,30600,-0.01341008295765117,-0.037025397836182736,0.05659742506672461,lingual-lh,0.3476714962144282
363,left,30722,-0.04688892827047576,-0.04203916614390031,0.04815048236728421,fusiform-lh,0.9196584406672172
364,left,30857,-0.007476521461819534,-0.007013751071004132,0.11691435506090944,postcentral-lh,0.6614758230560955
365,left,30907,-0.008578868389666131,-0.009614638858317022,0.11014308517933984,paracentral-lh,0.3820822337694494
366,left,30911,-0.012880553848816789,-0.009465984055216044,0.11009200538772533,paracentral-lh,0.4380473345746481
367,left,30915,-0.019551640922662098,-0.010310460609595649,0.11024038885984339,postcentral-lh,0.6067170099545154
368,left,31013,-0.044040908949807354,-0.014172349511206831,0.1031506565674675,superiorparietal-lh,0.24482540536528088
369,left,31085,-0.03436072666188647,-0.014896997942082803,0.10023454903779187,superiorparietal-lh,0.3304495926278886
370,left,31109,-0.038598295169238815,-0.015982444951206255,0.09887309960975237,superiorparietal-lh,0.30490883477788966
371,left,31134,-0.007258420775462409,-0.017806291828972903,0.09701306891041678,precuneus-lh,0.32198130260193525
372,left,31146,-0.04268321781556977,-0.017568398955924436,0.09736327834186727,superiorparietal-lh,0.2709595184587897
373,left,31189,-0.00808922632291842,-0.01785567082777584,0.09337494659206819,precuneus-lh,0.6611733687774822
374,left,31220,-0.05141792591717692,-0.019912903206840974,0.09177928776587393,supramarginal-lh,0.3165452190397253
375,left,31286,-0.03989903022390697,-0.02138998488943083,0.08841649088550538,inferiorparietal-lh,0.5003093829277346
376,left,31324,-0.012063091424702148,-0.0215128578820115,0.08649035232930029,precuneus-lh,0.6722819418657681
377,left,31509,-0.05143154760072776,-0.027835482600991005,0.07652149267426225,inferiorparietal-lh,0.5870645701927639
378,left,31620,-0.04153655058965553,-0.030431551234474687,0.07029240785086638,inferiorparietal-lh,0.5298082401909777
379,left,31666,-0.006677396823988593,-0.031096906745486225,0.06764283080341656,precuneus-lh,0.37269386771385454
380,left,31669,-0.014169839367418913,-0.03097662839812162,0.06728691228461445,precuneus-lh,0.4274095906959944
381,left,31825,-0.043109115094734564,-0.036007139804133156,0.058622256604175,lateraloccipital-lh,0.493610540168475
382,left,31910,-0.037125943560364166,-0.039081993194690065,0.0528799024302236,lateraloccipital-lh,0.5210600506672913
383,left,32029,-0.03004079683676615,-0.04208215772608323,0.044290438410020894,fusiform-lh,0.4083336452190203
384,left,32037,-0.021281112774223208,-0.04291699647426073,0.04407823457277647,lingual-lh,0.2919461184222023
385,left,32041,-0.03711366218970776,-0.04247504213573916,0.04409656880264159,lateraloccipital-lh,0.9120783841499291
386,left,32090,-0.016157371815804712,-0.006204888178327501,0.11690127280002051,postcentral-lh,1.3135229336023184
387,left,32220,-0.036217754384841934,-0.010939848329431207,0.10700558396178138,superiorparietal-lh,0.39516820617263054
388,left,32228,-0.014833264038424072,-0.010790264279845488,0.10598147336149179,precuneus-lh,0.4327502487337496
389,left,32275,-0.0184449889912331,-0.012555790175954522,0.1033774547847536,superiorparietal-lh,0.5241420402783298
390,left,32286,-0.039815965838394425,-0.01245001610923914,0.10315668859965837,superiorparietal-lh,0.2912189717813286
391,left,32325,-0.03114647292893954,-0.013453230850299279,0.10198251953990863,superiorparietal-lh,0.34901601382033093
392,left,32343,-0.01393802175395123,-0.0129488289447777,0.10105244590283406,precuneus-lh,0.5021877341787995
393,left,32358,-0.007757917480077646,-0.01306654676066557,0.0998365325390775,precuneus-lh,0.2775950720714339
394,left,32479,-0.027027304963545596,-0.015908174067862803,0.09562492059907038,superiorparietal-lh,0.43044995656293833
395,left,32537,-0.01603339851749876,-0.017611574477453346,0.09280620777600627,precuneus-lh,0.7086629130803093
396,left,32586,-0.047391862887802366,-0.019786464787695367,0.08946145424459363,supramarginal-lh,0.33810093432432725
397,left,32630,-0.05102485371740798,-0.02033372974801605,0.08786505029696592,inferiorparietal-lh,0.6257635362676812
398,left,32680,-0.046592998327378496,-0.021600914226108006,0.08454222438381868,inferiorparietal-lh,0.4941067760878073
399,left,32822,-0.011245024042360104,-0.02546616763704151,0.07709620378135743,precuneus-lh,0.5440224867834453
400,left,32876,-0.03349268808598743,-0.026131586035739965,0.07568882394158519,inferiorparietal-lh,0.5509428551101676
401,left,32926,-0.019835519538685592,-0.027499353501662407,0.0727074868161979,precuneus-lh,0.5069039223180376
402,left,32947,-0.022070527755409138,-0.02834483506421583,0.0708501131694782,precuneus-lh,0.48778233353550376
403,left,33145,-0.02693990125121673,-0.03335347783474289,0.06081991507793194,precuneus-lh,0.4126139603667936
404,left,33173,-0.03671650661674434,-0.03410930886630857,0.058518336840562395,lateraloccipital-lh,0.46463424137394993
405,left,33203,-0.027027121854345727,-0.03466020385638971,0.056956512860135006,lingual-lh,0.42990160336137234
406,left,33276,-0.014613364457907053,-0.03743743023848159,0.052106661180508725,lingual-lh,0.25721170937624405
407,left,33441,-0.012234976689643108,-0.00672204840650518,0.11436326006132522,postcentral-lh,0.7389233444224671
408,left,33482,-0.019534825469692034,-0.0072372812055209075,0.1129419758868078,postcentral-lh,0.9897013009064636
409,left,33485,-0.023629701758589836,-0.007109290069376656,0.1124319276787879,postcentral-lh,1.0194130611056573
410,left,33700,-0.01307129440441767,-0.014766534494074255,0.0959214003900335,precuneus-lh,0.6794342227778087
411,left,34019,-0.01743991193269331,-0.022943856879988154,0.07934363732713479,precuneus-lh,0.588385272068092
412,left,34045,-0.04672790899006688,-0.023918945605120787,0.07842338076271924,inferiorparietal-lh,0.44404334499988335
413,left,34079,-0.00916558756236321,-0.023869888976008523,0.07645215448010746,precuneus-lh,0.5181674164836227
414,left,34088,-0.03847898155253555,-0.024347675781913363,0.07685515738539063,inferiorparietal-lh,0.5384606665501502
415,left,34152,-0.00944541325196004,-0.025794810154127195,0.07279707840038221,precuneus-lh,0.4612839652849874
416,left,34153,-0.012243801973176316,-0.026208252088448326,0.07277094049435465,precuneus-lh,0.47895496563813145
417,left,34290,-0.022099095716117678,-0.029567191456251387,0.06684532112703882,precuneus-lh,0.44371051127392225
418,left,34300,-0.05170326320412363,-0.030015454732001363,0.06629245019030713,inferiorparietal-lh,0.5113643393312736
419,left,34325,-0.020070973411158925,-0.030499328601226814,0.06342722016467556,precuneus-lh,0.4092830821477062
420,left,34338,-0.04076803033296897,-0.031192420020663036,0.06253324668548915,lateraloccipital-lh,0.46453313704148136
421,left,34433,-0.007071380113820603,-0.032997141343921566,0.05738122707569948,lingual-lh,0.2567443460311269
422,left,34464,-0.021244325600025756,-0.03474940292992672,0.05480544374700648,lingual-lh,0.2443036195485325
423,left,34481,-0.008704626281724248,-0.03501172607588891,0.05332348538544976,lingual-lh,0.24154258762498762
424,left,34529,-0.029301573074386498,-0.037205262052884824,0.05071811072646423,fusiform-lh,0.3266799713946052
425,left,34579,-0.016750420023543,-0.03934339521241277,0.045968544372015,lingual-lh,0.2715660978489967
426,left,34649,-0.004110489202827694,-0.0045055727844495515,0.1138870196305046,precentral-lh,0.7008172926766622
427,left,34706,-0.01551515505232937,-0.00699908232879275,0.11038002212002959,postcentral-lh,0.7821985321342058
428,left,34733,-0.010415095124057024,-0.008595638147218369,0.10666259732145819,paracentral-lh,0.3942229178026051
429,left,34776,-0.04027290791614307,-0.009271588584211935,0.10536923590017011,superiorparietal-lh,0.323262987321819
430,left,34886,-0.024409741934865836,-0.013090700512949232,0.09816070827872846,superiorparietal-lh,0.5199506269015112
431,left,34942,-0.0400561826950032,-0.01516643444136664,0.09454183046369749,superiorparietal-lh,0.302053292234597
432,left,35000,-0.012038797257490344,-0.015510800812355091,0.09089362736616197,precuneus-lh,0.7113957007062096
433,left,35080,-0.04407616814869563,-0.01908396912471327,0.08630405025268775,inferiorparietal-lh,0.39938325983352296
434,left,35143,-0.009604844163172787,-0.019000617148028445,0.08347363410425927,precuneus-lh,0.6275850784787126
435,left,35165,-0.02688006359786858,-0.020628766776238337,0.08191673410192929,superiorparietal-lh,0.6029253529469858
436,left,35184,-0.04788187610846173,-0.022355125756794898,0.08060123534152971,inferiorparietal-lh,0.42104070286866474
437,left,35188,-0.00888585199504708,-0.02148769109347566,0.0800210120019247,precuneus-lh,0.5739022595755062
438,left,35347,-0.04496039643983209,-0.025706420845524647,0.07223682327256262,inferiorparietal-lh,0.44673544613813426
439,left,35391,-0.009685556254355025,-0.026640490470493546,0.06921445765193099,precuneus-lh,0.41128322777870097
440,left,35411,-0.03483415384684511,-0.026991054313166386,0.06863111657012004,inferiorparietal-lh,0.4722970157485614
441,left,35473,-0.013085907380575633,-0.029244964412149962,0.06494098736681289,precuneus-lh,0.3911139265814074
442,left,35492,-0.0075172780890537735,-0.029869417930533413,0.06253168573798634,precuneus-lh,0.31623772732261685
443,left,35535,-0.049197745832405805,-0.03170606804675463,0.06073580908774061,middletemporal-lh,0.5119120001990343
444,left,35567,-0.02299392837478112,-0.032074503127706266,0.05877219577528969,precuneus-lh,0.39616682671520603
445,left,35723,-0.011921256197229946,-0.03634233305024134,0.04866537900726894,lingual-lh,0.2537490073268772
446,left,35877,-0.008298325960960706,-0.0002271923080617716,0.11690508894948136,precentral-lh,1.2965942660903698
447,left,35971,-0.020870651503737524,-0.00792942659000515,0.10589511728626791,postcentral-lh,0.7834205316184192
448,left,36064,-0.03432656182688059,-0.011504588170798268,0.10031850573763017,superiorparietal-lh,0.33639306728638096
449,left,36110,-0.011308583369905178,-0.011779671585386946,0.09723710777874807,precuneus-lh,0.6088244688605143
450,left,36148,-0.005495644838944465,-0.012009103229556187,0.09628003479578673,precuneus-lh,0.2583490647581736
451,left,36197,-0.030184025952290076,-0.0143830230455377,0.0930209831367019,superiorparietal-lh,0.40381417247904894
452,left,36237,-0.04869284988765118,-0.015019389262922785,0.09149842160662519,supramarginal-lh,0.27073447030668446
453,left,36290,-0.026328072230317988,-0.016969297166551087,0.08858264222675671,superiorparietal-lh,0.6378381488351273
454,left,36415,-0.05272921901845009,-0.021748041059564995,0.07808375330681136,inferiorparietal-lh,0.40743955713472635
455,left,36491,-0.018761536636115534,-0.02364640339162959,0.07432526899447361,precuneus-lh,0.5159469071243572
456,left,36591,-0.013741028919474,-0.026334893014179666,0.0683243378455334,precuneus-lh,0.4252124179838864
457,left,36637,-0.04135912325903395,-0.028289293153136223,0.06506946661218628,inferiorparietal-lh,0.46488233015652425
458,left,36787,-0.014226124811411682,-0.032580936177334166,0.054634982982732845,lingual-lh,0.24692737169129894
459,left,36876,-0.04209025727226269,-0.03592849356732325,0.05074826963327765,lateraloccipital-lh,0.5213661644713681
460,left,37104,-0.012387508944522015,0.0001091932545168291,0.11455857208760241,precentral-lh,1.2998811407276079
461,left,37134,-0.0071557171429698085,-0.0033552765013665463,0.11118330242775906,precentral-lh,0.6805254120291278
462,left,37142,-0.021608623055909357,-0.003965353269603889,0.11075647163169218,postcentral-lh,1.2328218911461715
463,left,37153,-0.00484137791888028,-0.0042085228689292525,0.10951149987871181,paracentral-lh,0.5310766123207824
464,left,37189,-0.018111532322268458,-0.006479131780663857,0.10695222011798271,postcentral-lh,0.8666236932674384
465,left,37274,-0.041470041213614924,-0.010923988525912927,0.09972767521861342,superiorparietal-lh,0.27816844220213516
466,left,37278,-0.020154204423487546,-0.010384200627860525,0.09943943974369562,superiorparietal-lh,0.6911026690294174
467,left,37369,-0.05204095046999391,-0.012588961684713879,0.09512390588758021,supramarginal-lh,0.183468547469008
468,left,37375,-0.04280508016016005,-0.013092928796111809,0.09445516448041134,supramarginal-lh,0.27820535238246114
469,left,37409,-0.03461251227570282,-0.014045182847313965,0.09228529521596056,superiorparietal-lh,0.3538452654912557
470,left,37465,-0.03838273223759336,-0.01479840356476295,0.09093121702533742,superiorparietal-lh,0.3521723373234708
471,left,37499,-0.04167330911950391,-0.015867867416673866,0.08890976002871255,superiorparietal-lh,0.36620435268453866
472,left,37516,-0.017407221787600735,-0.01589293093673723,0.08772068940080502,precuneus-lh,0.6724391566584407
473,left,37558,-0.03488542275941026,-0.017859756250352635,0.0846454930314979,inferiorparietal-lh,0.56519407421529
474,left,37607,-0.030656280317005086,-0.018577563313978997,0.0810088377431879,superiorparietal-lh,0.5700165011923427
475,left,37666,-0.0529768955605214,-0.022258927756652093,0.07551505220831273,inferiorparietal-lh,0.3903548780901672
476,left,37705,-0.04862685577863756,-0.022964437475617328,0.0730190420096209,inferiorparietal-lh,0.36880621135650626
477,left,37820,-0.047165584863307235,-0.02673945142731621,0.06495400659491739,inferiorparietal-lh,0.47844695755201644
478,left,38134,-0.024734304313886134,-0.03544154004937217,0.046819248258836994,lingual-lh,0.21515147622141872
479,left,38186,-0.04267688751993946,-0.03782485533152781,0.044086416226043715,fusiform-lh,0.7679642105026134
480,left,38190,-0.04796781120666342,-0.03780980905806566,0.043404885992644734,fusiform-lh,0.7806846585514154
481,left,38412,-0.023592166734446522,-0.004450721677254672,0.10857201330133424,postcentral-lh,1.1537185828747094
482,left,38454,-0.045308070563520035,-0.007541212760883275,0.1036582094889206,superiorparietal-lh,0.25364732831824965
483,left,38461,-0.012010313074562361,-0.006798752570407813,0.10302543212760612,paracentral-lh,0.4871996420015523
484,left,38530,-0.03773014003354098,-0.008846810468846951,0.09841875725536908,superiorparietal-lh,0.3241681677089529
485,left,38563,-0.027487686391765336,-0.011178703617426008,0.09648664217747883,superiorparietal-lh,0.38070518919132
486,left,38624,-0.046066841658503534,-0.012027717315222033,0.09556638323769306,supramarginal-lh,0.2336273787571182
487,left,38654,-0.0065670745351221645,-0.011599776583997318,0.09222935515982678,precuneus-lh,0.5517524252019239
488,left,38759,-0.0538113335217397,-0.015470189733641553,0.08725988704302708,supramarginal-lh,0.48329049848070443
489,left,38796,-0.01866673274073007,-0.016509056040337988,0.08359425794575026,precuneus-lh,0.6210406075815414
490,left,38805,-0.03970312676617253,-0.016603094410544146,0.08341340587655748,inferiorparietal-lh,0.5223633082121393
491,left,38916,-0.04129221523639928,-0.021134526073849132,0.07442162602487418,inferiorparietal-lh,0.46585228530950584
492,left,38954,-0.006378159840297605,-0.02105856227827141,0.07321901401091191,isthmuscingulate-lh,0.44176507263636156
493,left,38986,-0.034674424289428386,-0.02208273167217521,0.07194367854759343,inferiorparietal-lh,0.4888557866068958
494,left,39035,-0.007771381755332853,-0.024151939740576247,0.06693126068630001,isthmuscingulate-lh,0.3562429904929072
495,left,39104,-0.010419335636656642,-0.02718417051632253,0.0610499216159466,precuneus-lh,0.3128678595165983
496,left,39117,-0.016208709274849017,-0.02757504689443036,0.06098997085873178,precuneus-lh,0.3675061921941193
497,left,39157,-0.05166820277161688,-0.02895261824850952,0.06032770462908318,middletemporal-lh,0.5274286041946533
498,left,39182,-0.020072865210360672,-0.028928717547068567,0.05779940315773143,precuneus-lh,0.37000742026554595
499,left,39247,-0.037554208987034376,-0.030674457856590485,0.054216668437401,lateraloccipital-lh,0.4399715886177187
500,left,39288,-0.04731728979468792,-0.032641640725938365,0.05262219009020381,inferiortemporal-lh,0.5320852603571071
501,left,39294,-0.013472439885886887,-0.031986949380710464,0.05139990462712481,lingual-lh,0.2163686842630152
502,left,39316,-0.019542022849790966,-0.03248256980461722,0.051222580453881755,lingual-lh,0.24285866583819596
503,left,39414,-0.04092438131778684,-0.03483515978280152,0.046192291185513934,fusiform-lh,0.5419328819079156
504,left,39437,-0.035470615662324956,-0.03647753236555652,0.044200402335219977,fusiform-lh,0.49966757573593923
505,left,39530,-0.03523424459952821,-0.03933095299169896,0.0382901389258506,fusiform-lh,0.6511682455914929
506,left,39690,-0.03384136107280771,-0.002911098916545096,0.10899861333741528,postcentral-lh,0.674864164291231
507,left,39720,-0.007460159508923462,-0.004374649823098299,0.10609087967484372,paracentral-lh,0.4616619319725444
508,left,39761,-0.023106788838922514,-0.005253716972391308,0.10284434036226944,postcentral-lh,0.7423776049243562
509,left,39776,-0.006142785952508313,-0.006201516638641972,0.10151192325932484,paracentral-lh,0.3337119781111366
510,left,39873,-0.05086578577357927,-0.010839107509298403,0.09594353867628254,supramarginal-lh,0.18004035271983307
511,left,40011,-0.045697703786153954,-0.01385773133394622,0.0885017661446764,supramarginal-lh,0.34398263039794985
512,left,40104,-0.04920131229170403,-0.01595203963922444,0.08449499243171792,inferiorparietal-lh,0.39572471255826874
513,left,40278,-0.05676312507175922,-0.022362806783450137,0.0705603994101933,supramarginal-lh,0.3767676378677308
514,left,40344,-0.052827305924160135,-0.025781855971557535,0.06335068379709782,middletemporal-lh,0.4939093509644044
515,left,40447,-0.03979092110116408,-0.02758865983308297,0.058473078990407934,lateraloccipital-lh,0.4438395363522493
516,left,40454,-0.04649950660015086,-0.028098271054173018,0.0581823952375502,inferiortemporal-lh,0.4847289577197849
517,left,40492,-0.027440771899390492,-0.028380103911547803,0.05613862466034728,lingual-lh,0.38731845295821316
518,left,40523,-0.051188020216058096,-0.02907860214369837,0.05497103147598497,middletemporal-lh,0.5510336215550106
519,left,40603,-0.050476942437313994,-0.03227888408761585,0.05128986970164557,inferiortemporal-lh,0.6093519656293066
520,left,40650,-0.018766988922147863,-0.03312864967999504,0.04794674408826167,lingual-lh,0.22390413173503151
521,left,40695,-0.03311025817044202,-0.033672121207311806,0.04674875308058386,fusiform-lh,0.4034912574136618
522,left,40750,-0.023853973471135416,-0.03523586750634,0.04185728149750209,lingual-lh,0.19593601828128665
523,left,40788,-0.030529294905824823,-0.03659899282524476,0.04030741320152989,fusiform-lh,0.34444419833703815
524,left,40840,-0.04139528585154987,-0.03778384962761115,0.03809929326806796,fusiform-lh,0.7722654125474564
525,left,40986,-0.010631043037830927,-0.0022967796074802446,0.10762646846427594,precentral-lh,0.7224351684360719
526,left,41107,-0.04658592959806197,-0.006745952000710258,0.10024429931945088,superiorparietal-lh,0.22466768276689605
527,left,41111,-0.015238807168957461,-0.006657081864890805,0.09914715041228067,paracentral-lh,0.7462059672223671
528,left,41157,-0.01701225075167817,-0.008041263558721163,0.09531273857382667,precuneus-lh,0.7661209215715608
529,left,41189,-0.04018723113068061,-0.009221717733821433,0.09501307365286002,superiorparietal-lh,0.30977640327971073
530,left,41200,-0.008741292584440332,-0.008325392367354406,0.09421380830219055,precuneus-lh,0.6345469805668783
531,left,41215,-0.031242336212481833,-0.009744054989033663,0.09337030720317734,superiorparietal-lh,0.3789415898621171
532,left,41253,-0.05424394109516301,-0.010317042562498536,0.09232854836166296,supramarginal-lh,0.24935531236547248
533,left,41265,-0.04221126756330636,-0.011572894170923574,0.09079974776880276,supramarginal-lh,0.3306278927152417
534,left,41276,-0.011693879262801325,-0.010479100450666072,0.09066960599593804,precuneus-lh,0.742740302423828
535,left,41286,-0.04662159104464829,-0.011305008645292932,0.08994683939949204,supramarginal-lh,0.3141019879050133
536,left,41322,-0.028799963449258687,-0.012838863601797295,0.08619334087929201,superiorparietal-lh,0.5876134070772582
537,left,41450,-0.015032264787037564,-0.01617786555591114,0.07945287739831007,precuneus-lh,0.5709106490772374
538,left,41498,-0.009624372726255345,-0.018377636093299128,0.0751346111856887,isthmuscingulate-lh,0.4966487693224205
539,left,41604,-0.036290115569350266,-0.022897476942523386,0.06622801865262407,inferiorparietal-lh,0.4490735141472845
540,left,41665,-0.008668619344447322,-0.024506155250905704,0.06315059183610047,isthmuscingulate-lh,0.3081185339086243
541,left,41704,-0.025766944887854578,-0.02657841094097468,0.05979557261638862,precuneus-lh,0.39767633150792175
542,left,41779,-0.009042190662516993,-0.028065922383168938,0.05424529841801339,lingual-lh,0.19552212779247954
543,left,41815,-0.021128978498038697,-0.02902436948471922,0.05364172896604052,lingual-lh,0.29658023531042355
544,left,41975,-0.018561535545608965,-0.032864327378389846,0.04457470505458913,lingual-lh,0.19220607604951515
545,left,42066,-0.019048467037544467,0.004561417899679521,0.11860291582830786,precentral-lh,1.7943449992451914
546,left,42105,-0.00582011809230696,0.001699553688596036,0.11411809202507243,paracentral-lh,1.2232412741585248
547,left,42112,-0.03157716669974676,0.0014423145263578914,0.11391005529822,postcentral-lh,1.2513063184514257
548,left,42205,-0.029351879470845537,-0.0007462015504956371,0.10794142789167038,postcentral-lh,0.7947306876065986
549,left,42245,-0.013949046785949978,-0.002394389278629982,0.10446216993752887,precentral-lh,0.8343957298248184
550,left,42249,-0.02106785312408919,-0.002562912155108129,0.10494157597030579,postcentral-lh,0.9842703112035327
551,left,42289,-0.029724315885061765,-0.004610248165522699,0.10261466473991884,postcentral-lh,0.4713716844324017
552,left,42389,-0.022061125882654478,-0.0073658869442803625,0.09686692721179455,superiorparietal-lh,0.7245584597097653
553,left,42613,-0.034036249526980866,-0.012621406697396434,0.08424275571554578,superiorparietal-lh,0.5422220594517675
554,left,42626,-0.015555983407823616,-0.013047316337946317,0.08382166406854112,isthmuscingulate-lh,0.6312543563807758
555,left,42690,-0.007627590211553858,-0.014382886773276978,0.08008260926672284,isthmuscingulate-lh,0.5683641821554698
556,left,42693,-0.04458600154675529,-0.01567071832426358,0.08040461167790808,inferiorparietal-lh,0.3521071347666387
557,left,42724,-0.004869943941372189,-0.01560923451186811,0.07773792402222354,isthmuscingulate-lh,0.5057852487367414
558,left,42735,-0.0470859856136258,-0.016998229934576507,0.07707815400945331,supramarginal-lh,0.3125355755799517
559,left,42744,-0.012716588949649199,-0.016816193987526495,0.07643445657706291,precuneus-lh,0.5257685686006817
560,left,42756,-0.05291859473302705,-0.017913141870185167,0.07548677676365498,supramarginal-lh,0.344229657832524
561,left,42761,-0.04571716096975672,-0.017939214944642536,0.07455883781393435,inferiorparietal-lh,0.32316108663300824
562,left,42792,-0.057103288766083324,-0.019344408565715298,0.07220934023760223,supramarginal-lh,0.36196368667034345
563,left,42802,-0.00523809688629309,-0.018925764483607475,0.07105060232514901,isthmuscingulate-lh,0.39509881391621354
564,left,42899,-0.04370137171840401,-0.023309609167675518,0.06392194851065233,inferiorparietal-lh,0.4512527873869417
565,left,42936,-0.014735284215388543,-0.02432671323315482,0.05984759711939615,isthmuscingulate-lh,0.3262656949453747
566,left,42987,-0.017133157731222638,-0.026051954233993216,0.0566804227660382,isthmuscingulate-lh,0.3046893204757323
567,left,43182,-0.05122596866789102,-0.03218803119206756,0.04635277491254565,inferiortemporal-lh,0.5715356504650327
568,left,43247,-0.043532631819579434,-0.03417974099769766,0.04108784264540399,fusiform-lh,0.5968580355517673
569,left,43439,-0.02185013298093282,0.0009456294905413228,0.11030079098597621,postcentral-lh,1.2893270292268146
570,left,43495,-0.039356173087924134,-0.0008836371541399851,0.1073837259924189,postcentral-lh,0.5577832231333437
571,left,43611,-0.04017854462893707,-0.004242610868546938,0.09870766445559219,superiorparietal-lh,0.3475678962696229
572,left,43694,-0.04480279998747053,-0.0068944573871977995,0.09540064551854413,superiorparietal-lh,0.27393642653419087
573,left,43740,-0.016084368839634884,-0.00820109767539439,0.09166930488856703,precuneus-lh,0.7550044485572168
574,left,43794,-0.049866315632911655,-0.00935020922606417,0.08996519942513523,supramarginal-lh,0.30204355597392607
575,left,43846,-0.05059590781890519,-0.01038620489259668,0.08718670724067452,supramarginal-lh,0.4105475620751618
576,left,43848,-0.016240122219327382,-0.01042100478061317,0.08690033117012527,precuneus-lh,0.6772563841698362
577,left,43867,-0.0062425661113458784,-0.011688668000464055,0.0845852566812626,isthmuscingulate-lh,0.635038109828049
578,left,43917,-0.011655984128646744,-0.012868560443159566,0.08163029210563189,isthmuscingulate-lh,0.6047796838736822
579,left,44140,-0.051518512731141136,-0.02136365030004098,0.06617552848150864,middletemporal-lh,0.39392597875882807
580,left,44218,-0.05803555124621277,-0.02443951460396552,0.06141535741893606,middletemporal-lh,0.47157261811947976
581,left,44231,-0.008186533945266295,-0.023373229658328703,0.0594950352009648,isthmuscingulate-lh,0.2263469868754083
582,left,44371,-0.015885469827178568,-0.027418075724665276,0.051337471299035584,lingual-lh,0.2059926013352171
583,left,44452,-0.026277318829047287,-0.02848867067073461,0.04902136153198,lingual-lh,0.2911051195640569
584,left,44453,-0.036607924257069276,-0.029542523543897543,0.049974466211843406,lateraloccipital-lh,0.4277051881678945
585,left,44507,-0.028743128676743415,-0.030727356391057604,0.04513633936383913,lingual-lh,0.310789801404962
586,left,44643,-0.00871291561333421,0.00677910445752892,0.11904268299657994,paracentral-lh,1.9706594653175822
587,left,44662,-0.01380593041459812,0.0052463536282715715,0.1167457728590068,precentral-lh,1.7555604930039537
588,left,44742,-0.015003167020746763,0.0027170308914104607,0.11081841873646721,precentral-lh,1.4028355227499254
589,left,44772,-0.007184196013575131,0.0011787142956533442,0.10880943939908234,paracentral-lh,0.8670758368511889
590,left,44811,-0.02432837412670573,0.0003978286539061144,0.10644197942682201,postcentral-lh,1.035213344765835
591,left,44887,-0.016875686793758924,-0.0015566942722608076,0.10252260836407968,precentral-lh,0.9406694637535089
592,left,44895,-0.033908791621194125,-0.0017056532173611548,0.10215352252257309,postcentral-lh,0.46981059909480544
593,left,44959,-0.008824626941013528,-0.003609877870195446,0.09823405265203763,paracentral-lh,0.45488416186433644
594,left,45005,-0.029951199310817286,-0.0051982117630117695,0.0957872152120886,postcentral-lh,0.4102756722724632
595,left,45088,-0.033828364239677826,-0.006162500546726436,0.09295530040486226,superiorparietal-lh,0.39898348080039875
596,left,45151,-0.007653873418019522,-0.007468809145436088,0.08882740503287219,precuneus-lh,0.7295798576778364
597,left,45189,-0.04149830392387999,-0.009410478802187535,0.08691380449055183,supramarginal-lh,0.42869760596157347
598,left,45259,-0.006836029925617713,-0.012453072272890917,0.07998482569786866,isthmuscingulate-lh,0.5610695509367855
599,left,45270,-0.05617473965333329,-0.013697136704284171,0.08006237798143889,supramarginal-lh,0.32132713720598155
600,left,45338,-0.005145743427848277,-0.014762296833551517,0.0741661863162503,isthmuscingulate-lh,0.4507701597914979
601,left,45383,-0.008945004657935695,-0.01639980568502015,0.07180531348925531,isthmuscingulate-lh,0.44122225775386287
602,left,45387,-0.03807510042847539,-0.016869309141384906,0.07140474796206228,inferiorparietal-lh,0.476373385366195
603,left,45407,-0.051230125017455955,-0.01709167532677837,0.0711543580433186,inferiorparietal-lh,0.3247728187460339
604,left,45457,-0.007159899585230828,-0.018580460141212358,0.06757218716705049,isthmuscingulate-lh,0.3575034417998456
605,left,45531,-0.009142750505113695,-0.020477150503261165,0.0640568068507309,isthmuscingulate-lh,0.3206137476154927
606,left,45549,-0.04628411010038807,-0.021279375648928494,0.06334700259880936,bankssts-lh,0.4550342511974327
607,left,45602,-0.012384350096692674,-0.022397925753296435,0.058050437867186874,isthmuscingulate-lh,0.25624033251852374
608,left,45609,-0.05694636356306349,-0.02475232752908731,0.058083072096212704,middletemporal-lh,0.5544194648913768
609,left,45648,-0.05037419353438549,-0.02479403734027348,0.056849508234202914,middletemporal-lh,0.4999972059467457
610,left,45703,-0.0415882682628039,-0.02578124457639157,0.0527645822940266,inferiortemporal-lh,0.4508560695716537
611,left,46049,-0.026506474214608635,0.0031500368867317056,0.11256427921014037,postcentral-lh,1.2509689998998523
612,left,46167,-0.03249635282667328,-4.571035128275464e-05,0.105656624092528,postcentral-lh,0.6331884128990304
613,left,46188,-0.009400482161194353,0.000633916255063721,0.10383889359796442,paracentral-lh,0.7186636043056542
614,left,46221,-0.02594499065516884,-0.0018836785287202557,0.10077707697820908,postcentral-lh,0.6793200825664004
615,left,46285,-0.013508491875622782,-0.0033937308226810493,0.09635559400908858,paracentral-lh,0.7992099850614753
616,left,46307,-0.040272986797437196,-0.003768522758753376,0.09540059287166029,superiorparietal-lh,0.3541213843955946
617,left,46329,-0.025181443919533086,-0.005152583160597093,0.09388610258273603,superiorparietal-lh,0.692301158612526
618,left,46406,-0.04167160721010741,-0.0070756986631237365,0.0905486569537234,superiorparietal-lh,0.36680803558041875
619,left,46483,-0.011912011459399588,-0.008146769412469253,0.08575416807286658,precuneus-lh,0.6841671493553358
620,left,46534,-0.011814987675454053,-0.010260650446956884,0.08132019366353324,isthmuscingulate-lh,0.6000486270986665
621,left,46768,-0.040069841751227124,-0.01840224137700145,0.06631080714664772,inferiorparietal-lh,0.4527859907887518
622,left,46806,-0.009909890044651867,-0.020236715373265064,0.0615686227080019,isthmuscingulate-lh,0.28492365035386064
623,left,46840,-0.052038404191236974,-0.02235365072816571,0.0588491280806397,bankssts-lh,0.498187141568755
624,left,46879,-0.019635181820707746,-0.02307011442187762,0.056299731835743855,isthmuscingulate-lh,0.31266654555764384
625,left,47051,-0.01652253472986752,-0.02664602807385952,0.04709774636913894,lingual-lh,0.17040217145098724
626,left,47079,-0.022637563600520546,-0.028452033598194756,0.044424195368138936,lingual-lh,0.2072342266215815
627,left,47095,-0.05370613840242263,-0.029960840427262814,0.04484614206938496,inferiortemporal-lh,0.6010919982893896
628,left,47292,-0.009110881560955568,0.005695359712225591,0.11361472718157502,paracentral-lh,1.6008343574530284
629,left,47399,-0.028136201003359347,0.0018910963038098884,0.10608219008767202,postcentral-lh,0.8212984384064484
630,left,47404,-0.03732813123507805,0.0018928579508819296,0.1060959911321452,postcentral-lh,0.6150325581312751
631,left,47428,-0.04381235285379185,0.0020887230716042527,0.10530095517725499,postcentral-lh,0.47977145008571165
632,left,47434,-0.02293223989817041,0.0019492918500462297,0.10454582201132291,postcentral-lh,1.0586317233461575
633,left,47591,-0.037053628641340465,-0.005463940029219856,0.09187564135273443,superiorparietal-lh,0.4001968570009715
634,left,47605,-0.05577316551823652,-0.006232588127500202,0.09057474817320742,supramarginal-lh,0.28460384999115845
635,left,47619,-0.014215050027479768,-0.005802800079527206,0.08938382504999548,precuneus-lh,0.7536603800258823
636,left,47647,-0.03604222840179183,-0.006813386859961119,0.08740786039281823,superiorparietal-lh,0.5029602755143892
637,left,47717,-0.04748127119873879,-0.009763843379830354,0.08325113451813954,supramarginal-lh,0.42596294742968666
638,left,47796,-0.05098472289752671,-0.013267782602043022,0.07756011655273433,supramarginal-lh,0.28809268595696896
639,left,47802,-0.005655777584414292,-0.011673378611229523,0.07617554323512934,isthmuscingulate-lh,0.48873217669648733
640,left,47830,-0.010127583171472443,-0.012536497705103077,0.07462901327343988,isthmuscingulate-lh,0.49061369371687114
641,left,47840,-0.056524231379348686,-0.014322523238245084,0.07492270144435347,supramarginal-lh,0.3124694352116321
642,left,47937,-0.009741377925629699,-0.016395804504641277,0.06809607387646607,isthmuscingulate-lh,0.39070927384651666
643,left,48158,-0.05010220891398921,-0.025491266953000462,0.050380521156192716,middletemporal-lh,0.5106372862765709
644,left,48165,-0.011877717188050365,-0.024400955318484813,0.049620458702533135,lingual-lh,0.15987771606248574
645,left,48212,-0.04597576456082617,-0.026928578581602153,0.04815696497877346,inferiortemporal-lh,0.4822584636227658
646,left,48312,-0.023901432351258807,-0.028735837999670884,0.04160304107144154,lingual-lh,0.22350467396086965
647,left,48350,-0.03633652767274622,-0.030268089537831253,0.03919195221802446,fusiform-lh,0.4871472365020719
648,left,48358,-0.030784454345524893,-0.03049682384831349,0.03860727326977612,fusiform-lh,0.36923892334780695
649,left,48473,-0.018978614758875058,0.00703133669974289,0.11345760203036107,precentral-lh,1.7250843282986905
650,left,48532,-0.01582233531295307,0.004183120066069375,0.10732864803309979,precentral-lh,1.3397666901927132
651,left,48665,-0.02083292003369862,-0.00021698770410438252,0.09924399536800142,postcentral-lh,0.8992805525820092
652,left,48675,-0.006488124314673195,0.00014603602912370475,0.09858951271980128,paracentral-lh,0.4326126430098728
653,left,48742,-0.01692710711408897,-0.0030017741670667203,0.09291214332268452,paracentral-lh,0.8115037795976898
654,left,48791,-0.050284136266119335,-0.004783607178007,0.09053943586925438,supramarginal-lh,0.2987272628001418
655,left,48866,-0.044067172778401116,-0.007378036781565608,0.08485063609610716,supramarginal-lh,0.43469201785534517
656,left,48892,-0.015763668549448245,-0.007861430180951869,0.08310828009417455,precuneus-lh,0.6214982793871611
657,left,48919,-0.053761481211753316,-0.00975858850361046,0.08117383572615555,supramarginal-lh,0.26769538089082673
658,left,48957,-0.04712002505660294,-0.010561175012956557,0.07871236343901175,supramarginal-lh,0.3266412574357153
659,left,49009,-0.008479262164938174,-0.012689786331152184,0.07120709763484831,isthmuscingulate-lh,0.43096799353790666
660,left,49089,-0.05619860451483413,-0.016496056186442582,0.06713870150118105,supramarginal-lh,0.37326720779292744
661,left,49103,-0.006542143410030298,-0.016409273307992137,0.06493226181048568,isthmuscingulate-lh,0.3044542471384656
662,left,49163,-0.01196277391056354,-0.0189539463264972,0.05926475878340307,isthmuscingulate-lh,0.26946499823814024
663,left,49176,-0.04623819053875109,-0.02110430854252801,0.056478168336256705,bankssts-lh,0.4679932510049647
664,left,49205,-0.012368440181449267,-0.02113421838675683,0.055297511324193714,isthmuscingulate-lh,0.21056490815866077
665,left,49231,-0.023900401908654834,-0.021671524072690983,0.05447838241031757,lingual-lh,0.32578230904295746
666,left,49343,-0.02275924899939581,-0.024834837699614143,0.04809808135993755,lingual-lh,0.23938845000879613
667,left,49348,-0.0404185534531279,-0.02466938632436943,0.04829687337361559,inferiortemporal-lh,0.43484775854810204
668,left,49449,-0.041805993404618616,-0.027847153642609656,0.043095598327614865,fusiform-lh,0.4561134400894047
669,left,49486,-0.051336897749457426,-0.02964109085737664,0.04035226668647933,inferiortemporal-lh,0.6222567516341462
670,left,49651,-0.031120211979281064,0.008329721566038568,0.11091505092989948,precentral-lh,1.0473030269180055
671,left,49848,-0.03799888252559228,0.001258152334516649,0.10094538359640255,postcentral-lh,0.45517971453543205
672,left,49859,-0.032456480232128944,0.001563462156681065,0.09981690508975187,postcentral-lh,0.4683762361307512
673,left,49870,-0.027933606987718185,0.0008243252897823612,0.09929368563986345,postcentral-lh,0.7062724099873081
674,left,49907,-0.0077110502590073335,-0.0002998035372324577,0.0956764849328519,paracentral-lh,0.6660504265254079
675,left,50182,-0.05920919937717348,-0.00984258737660565,0.07883247598991996,supramarginal-lh,0.25463034572106713
676,left,50194,-0.05672447290383735,-0.01027042748185166,0.07638780885584306,supramarginal-lh,0.2597068441065873
677,left,50262,-0.05519763466509246,-0.012431639642926047,0.07258606356779457,supramarginal-lh,0.2955273597943468
678,left,50317,-0.04337637165745225,-0.01462913834680496,0.06908170540106076,inferiorparietal-lh,0.4525137053933909
679,left,50346,-0.0052450102375309945,-0.014361537302029485,0.0681616635085582,isthmuscingulate-lh,0.3519696365169307
680,left,50438,-0.05843977640718551,-0.017678004639657012,0.06333638218145965,supramarginal-lh,0.5311449322719711
681,left,50453,-0.05277849702440323,-0.017210074043858988,0.062179914040925884,bankssts-lh,0.4870424854429052
682,left,50569,-0.057859620383120314,-0.021450368125943253,0.05409296645225942,bankssts-lh,0.5626792216748799
683,left,50589,-0.05558253478631986,-0.022566016526631465,0.052793009337313276,middletemporal-lh,0.5395529099371802
684,left,50625,-0.021570738659706896,-0.023137467509701526,0.050164078936962044,lingual-lh,0.2472346473066718
685,left,50669,-0.0297298407900058,-0.023152878494696043,0.048595895117836865,lingual-lh,0.33245327151645615
686,left,50797,-0.033385087160088256,-0.027504580360739935,0.04188505347962624,fusiform-lh,0.3925436465506097
687,left,50846,-0.03993953593469111,-0.029296487584266864,0.03725660094759263,fusiform-lh,0.4417467276418904
688,left,50875,-0.03918510928044189,-0.030882039971126003,0.03432654796675827,fusiform-lh,0.4930449802167048
689,left,50995,-0.026522632387261203,0.00868594495414624,0.10947733826188256,precentral-lh,1.3662296804721692
690,left,51053,-0.011138210819819966,0.00636851617522984,0.10779902577848549,paracentral-lh,1.4044693962053605
691,left,51156,-0.03002125086766205,0.006241912507051296,0.10341991722902542,precentral-lh,0.7809185938791766
692,left,51171,-0.010743360010998149,0.004383334012885653,0.10173101947488714,paracentral-lh,1.0064747613084437
693,left,51251,-0.007727636868780545,0.003421945332261958,0.09854410289919532,paracentral-lh,0.7143511075116796
694,left,51304,-0.03219802727733606,-0.00017050634601424846,0.09553318560209492,superiorparietal-lh,0.5064543393737891
695,left,51346,-0.03432371096032475,-0.0015624341186346582,0.09176810369421876,superiorparietal-lh,0.4967197041707323
696,left,51397,-0.0073265106797724515,-0.0022133697212399182,0.0901248510232054,posteriorcingulate-lh,0.6249444343809981
697,left,51457,-0.05252195630150358,-0.004801947993224618,0.08649547966206463,supramarginal-lh,0.3133981767707037
698,left,51521,-0.038019291781485685,-0.0059505759724661385,0.08248392022001101,supramarginal-lh,0.48687852190203046
699,left,51532,-0.05825671271234725,-0.007526000683856157,0.08264327034561061,supramarginal-lh,0.23450295115455044
700,left,51601,-0.009329412348408736,-0.007904309430349005,0.07671280934124786,isthmuscingulate-lh,0.5185001058407083
701,left,51626,-0.05225020127729446,-0.010004669156517416,0.07630489616498759,supramarginal-lh,0.24444362962442226
702,left,51690,-0.05097656241487639,-0.011463848131175017,0.07245049032655104,supramarginal-lh,0.31215625030136307
703,left,51709,-0.060924623971514054,-0.011890245860629312,0.07109102802069145,supramarginal-lh,0.3564009523217724
704,left,51798,-0.04924246021528989,-0.015035514910045004,0.06555855547094402,inferiorparietal-lh,0.4430453868683285
705,left,51854,-0.0010679079281569667,-0.014456856216698944,0.06255770424117914,unknown,0.179911778917647
706,left,51880,-0.04231282036425479,-0.01684433432809255,0.06185697805038439,inferiorparietal-lh,0.4530548473061866
707,left,51892,-0.006861991830151147,-0.015918153925999743,0.06111746685483567,isthmuscingulate-lh,0.2346503496621528
708,left,51930,-0.013664354862262381,-0.01727460548251895,0.05758632063501123,isthmuscingulate-lh,0.2643754581035089
709,left,51986,-0.013876033684673935,-0.02029152060960589,0.052993402873452534,isthmuscingulate-lh,0.19925899226298488
710,left,52061,-0.01778143621831033,-0.022310831703413928,0.048091144750653486,lingual-lh,0.19032136248167342
711,left,52143,-0.03185954430534473,-0.02427038618040105,0.04490188399391726,lingual-lh,0.34968542596769364
712,left,52319,-0.01250082868950841,0.011684260137801591,0.11520435549558848,precentral-lh,1.9344946925380269
713,left,52322,-0.02162500944984571,0.011215413824444631,0.11493588685917971,precentral-lh,1.9647410384238695
714,left,52374,-0.005097222639166121,0.009934461372240515,0.110651703432716,paracentral-lh,1.557481191788185
715,left,52401,-0.017551961765809823,0.008689154526164936,0.10861717750698058,precentral-lh,1.5054078496112515
716,left,52532,-0.01728202378080979,0.005435699215569284,0.10273554135876285,precentral-lh,1.1531149640124223
717,left,52576,-0.036011990157628584,0.004098980211744472,0.10036178715580461,postcentral-lh,0.4642565380676219
718,left,52627,-0.023411442852079682,0.0029770343877012855,0.09801174389793092,postcentral-lh,0.885026649462452
719,left,52697,-0.013528715517749321,0.001402524936086088,0.09479896285330562,paracentral-lh,0.8893272203484939
720,left,52779,-0.054019904406488774,-0.002184781008235653,0.08936632735775403,supramarginal-lh,0.26983052032764016
721,left,52787,-0.013358232959723224,-0.001444722664315421,0.08975028664897461,posteriorcingulate-lh,0.7907047040116887
722,left,52809,-0.017750673887309762,-0.0026482649253912437,0.08810085803432686,precuneus-lh,0.7087284537807481
723,left,52826,-0.013544838161390713,-0.0028096920941982012,0.08734863703100053,precuneus-lh,0.723704078997024
724,left,52869,-0.046675243673649246,-0.004803689080704013,0.08455958294464608,supramarginal-lh,0.39538857490537416
725,left,52891,-0.05814331240288731,-0.0052439427649266564,0.08391410200431548,supramarginal-lh,0.20201433399198251
726,left,52914,-0.005280533568487589,-0.0049756407443573725,0.08173261881394861,isthmuscingulate-lh,0.5618871990972911
727,left,52975,-0.004915538174640629,-0.006129403505726563,0.07758913526371337,isthmuscingulate-lh,0.5016622005033197
728,left,53052,-0.002923607518591817,-0.009234679775615207,0.07143033086878536,unknown,0.3911656509797761
729,left,53121,-0.05858129123819982,-0.013782837697583091,0.0663518767748924,supramarginal-lh,0.4499229371758974
730,left,53183,-0.047085797100641785,-0.01642458204760248,0.06059548086654721,bankssts-lh,0.46809481257756147
731,left,53285,-0.05247320828375229,-0.019542644163404538,0.05284235947568121,bankssts-lh,0.48452854065655315
732,left,53418,-0.055056181479512606,-0.02308649016053248,0.046552450058294496,middletemporal-lh,0.5479202664303898
733,left,53420,-0.057815876973600584,-0.023386852937218063,0.04700711490037406,middletemporal-lh,0.5994978196265868
734,left,53590,-0.047068764733155424,-0.028883587116451167,0.035277122636601266,inferiortemporal-lh,0.5924585366451848
735,left,53646,-0.0074982123298105875,0.01199521494868265,0.1139293854925386,paracentral-lh,1.8068391875265855
736,left,53754,-0.0048451893952903766,0.008832872976294476,0.10603745159688192,paracentral-lh,1.2650974953537897
737,left,53804,-0.04102544095804274,0.006377160277025918,0.10522012713373548,postcentral-lh,0.5682840053621142
738,left,53812,-0.02083129541021439,0.008495554781206525,0.10373376490118787,precentral-lh,1.2259512389175287
739,left,53843,-0.0478587576005175,0.005331494994030763,0.10318879848115274,postcentral-lh,0.42938753864620444
740,left,53937,-0.04210896903521651,0.004006693332276446,0.09875619280436225,postcentral-lh,0.4430591544994678
741,left,53952,-0.029412324926608054,0.004274049676153896,0.09699121513759627,precentral-lh,0.7803325915008384
742,left,54200,-0.038443317729945706,-0.002358968291687422,0.0859982750576555,postcentral-lh,0.4831444127035799
743,left,54287,-0.05187660440487297,-0.00504072844201732,0.08147181608383028,supramarginal-lh,0.23725791763752302
744,left,54390,-0.007883118773837954,-0.008001468129155892,0.07300052120754427,isthmuscingulate-lh,0.4560210520195018
745,left,54405,-0.04679977575869545,-0.009258321051809019,0.07129146342803211,supramarginal-lh,0.43733247878339543
746,left,54439,-0.05422586167320105,-0.011781745444958754,0.06678907302315819,superiortemporal-lh,0.44134023658704075
747,left,54500,-0.05626834881365179,-0.015229058977805385,0.061835686464318536,bankssts-lh,0.5317746005296662
748,left,54545,-0.009894254899761078,-0.015016975509820875,0.058361022809729136,isthmuscingulate-lh,0.23153395077644087
749,left,54616,-0.016494073425221002,-0.018193660430742827,0.05134191053169386,isthmuscingulate-lh,0.213306679339912
750,left,54632,-0.027087909263973385,-0.019248012112648247,0.05047932148856704,lingual-lh,0.3211090608201684
751,left,54771,-0.02682138500430722,-0.022858592277549144,0.043353315051951405,lingual-lh,0.277052754496738
752,left,54778,-0.04705547142094144,-0.02312107660520522,0.04332522644688062,inferiortemporal-lh,0.45686445459983077
753,left,54801,-0.03794569728018264,-0.023734578790073027,0.04191747939209486,fusiform-lh,0.3947942344887508
754,left,54852,-0.05193667133342182,-0.02550623345115535,0.038149504340035,inferiortemporal-lh,0.5860900122953806
755,left,55028,-0.0227960245527682,0.011491322833921163,0.10943572306010706,precentral-lh,1.5819829314572231
756,left,55046,-0.035301785294344495,0.01049380924156684,0.10911383354110181,precentral-lh,0.907701688231435
757,left,55149,-0.004870031682058356,0.007911272698988739,0.10242696737269073,paracentral-lh,1.0622775033044713
758,left,55191,-0.021177869743462537,0.0070257157054899235,0.09903263845591583,precentral-lh,0.9757925188320036
759,left,55316,-0.04890262917340194,0.002754927665391681,0.09484440391094036,postcentral-lh,0.37207967431017297
760,left,55329,-0.03629969328852749,0.002977719263407468,0.09390652563300314,superiorparietal-lh,0.5085533282850637
761,left,55360,-0.01668695343271378,0.0015522955268424893,0.09071650113185298,paracentral-lh,0.7938300686505388
762,left,55365,-0.03629056416019556,0.0005471864289241651,0.09057678739439826,superiorparietal-lh,0.5115290580760785
763,left,55393,-0.004509038740668245,0.0012995863525479961,0.08995667400976483,posteriorcingulate-lh,0.5399034516736178
764,left,55421,-0.03693150881716755,0.00013190684815565963,0.08769652394785603,superiorparietal-lh,0.507558715479124
765,left,55430,-0.05824693048937942,-0.0009952652394696788,0.0887130503596703,supramarginal-lh,0.14458415652148698
766,left,55490,-0.049455190002780966,-0.001870054792278598,0.08434969411966728,supramarginal-lh,0.32577981644711856
767,left,55571,-0.010255058507580683,-0.003748020757201707,0.08073384488552214,isthmuscingulate-lh,0.5850685436432604
768,left,55600,-0.05874005225275239,-0.005436629147678465,0.07772742657870164,supramarginal-lh,0.2160119569425122
769,left,55704,-0.00039495469293626977,-0.009989209866453835,0.06630932818123408,unknown,0.2707537334432238
770,left,55728,-0.04953604676276697,-0.013125892792713645,0.061508895878020324,bankssts-lh,0.4774154217810033
771,left,55990,-0.05009145599997762,-0.02119973416025325,0.04494036959684361,inferiortemporal-lh,0.4803469633280586
772,left,56020,-0.020205684842388234,-0.021044111358964813,0.04332710147746177,lingual-lh,0.2015318095243363
773,left,56063,-0.056925779601031075,-0.023870938271524946,0.04028783653893654,inferiortemporal-lh,0.6253577309473379
774,left,56184,-0.013078727080679963,0.015583815374209331,0.11734033596113021,precentral-lh,2.1919869204426585
775,left,56225,-0.017538906689292238,0.014106172781055238,0.11571014416935448,precentral-lh,1.9984597100486403
776,left,56274,-0.030657610094344062,0.011735762278280035,0.11168673492143115,precentral-lh,1.3743878834124337
777,left,56371,-0.025891226212102072,0.00875204388869502,0.10288587477473879,precentral-lh,1.0710213245983211
778,left,56535,-0.04663711051276231,0.004497122004066714,0.09631969232056939,postcentral-lh,0.4440554746440452
779,left,56542,-0.008102388404968222,0.005024467850516084,0.09456586176599384,paracentral-lh,0.8501703551256509
780,left,56605,-0.042855227526133,0.0021686102288807486,0.09112772380737764,postcentral-lh,0.4169414041929394
781,left,56652,-0.009910211917284235,0.0019945134445593132,0.08783078913962271,posteriorcingulate-lh,0.7484869618950473
782,left,56713,-0.008161346780594806,-0.0003035995529603744,0.08489641274453491,posteriorcingulate-lh,0.6557806409502165
783,left,56738,-0.05628506962856314,-0.0013101306442391157,0.08378589869145034,supramarginal-lh,0.1867511361856863
784,left,56778,-0.013915702019947603,-0.001783573954887526,0.08200096867694137,precuneus-lh,0.6064406167175377
785,left,56800,-0.04100378188880072,-0.0031296949920490338,0.08040067834819907,supramarginal-lh,0.4486365313833643
786,left,56811,-0.05406828558204436,-0.004052681690824013,0.07859098383543611,supramarginal-lh,0.24136092676962356
787,left,56869,-0.048960408140853305,-0.006258246775276196,0.07428988019123801,supramarginal-lh,0.3933261512144849
788,left,56916,-0.04264867707235377,-0.00797284495847367,0.06925942954923997,supramarginal-lh,0.4621674765365563
789,left,56933,-0.05173438328282792,-0.009072360500118023,0.06790952050251636,superiortemporal-lh,0.43761260386242057
790,left,57009,-0.00255985652055268,-0.012343069794751797,0.0582062785238922,unknown,0.14673314690980943
791,left,57026,-0.012805325475827566,-0.013912622992834175,0.0566161770163691,isthmuscingulate-lh,0.24649627217217912
792,left,57038,-0.01250651989054543,-0.015969037098244224,0.054095211203593944,isthmuscingulate-lh,0.20385967090358773
793,left,57043,-0.04679458044383592,-0.015776236804666107,0.05414880975798293,bankssts-lh,0.4621254340002299
794,left,57085,-0.058716678035179076,-0.01647382340967027,0.0522452260799901,bankssts-lh,0.5488338619573486
795,left,57197,-0.014174695704277287,-0.01886717003531404,0.045993725041762495,lingual-lh,0.16198433166521375
796,left,57208,-0.041248314147065035,-0.019530025330808883,0.0456077738616112,inferiortemporal-lh,0.40537230705721133
797,left,57589,-0.04551918707406509,0.008949897947713194,0.10349672453169144,postcentral-lh,0.4839535809364546
798,left,57594,-0.03223826182486868,0.009469940397535851,0.1025988202979386,precentral-lh,0.7606833378884232
799,left,57632,-0.04038960230730812,0.007099416843086343,0.09998753866204467,postcentral-lh,0.4454837694198557
800,left,57683,-0.02570283140195862,0.0072351749073106255,0.0965791953755632,precentral-lh,0.859546156907188
801,left,57756,-0.03987579607112916,0.00448369025987693,0.09237345927830416,postcentral-lh,0.4690600075091269
802,left,57850,-0.044327459237496876,0.0011717974735431574,0.08868766513903134,postcentral-lh,0.3911147172630312
803,left,57895,-0.015137689373878289,0.0019385449710604208,0.0855641765966518,posteriorcingulate-lh,0.6743297609588703
804,left,57971,-0.007278453737375876,-0.0005298860171513917,0.08106596732056834,isthmuscingulate-lh,0.5740563391881238
805,left,58151,-0.046789726558718985,-0.00847159743961938,0.06598147760864406,superiortemporal-lh,0.4643374205254657
806,left,58187,-0.05906618620239576,-0.01093625822936213,0.060341810372943123,bankssts-lh,0.5936698745577466
807,left,58245,-0.016715699163851974,-0.013508049312287235,0.05549825003214759,isthmuscingulate-lh,0.2811191574900205
808,left,58273,-0.0532435075232321,-0.014990122351551345,0.05414998998657852,bankssts-lh,0.4850255982565679
809,left,58338,-0.0185086853625937,-0.016784404567917265,0.049641681515856496,isthmuscingulate-lh,0.22498731886144402
810,left,58348,-0.05927328122174639,-0.01818669917963544,0.04912242906371931,middletemporal-lh,0.5754844638060123
811,left,58369,-0.023197052340778092,-0.017261777084462183,0.04785504817071244,lingual-lh,0.26378738316414946
812,left,58511,-0.03545910056685412,-0.022416766965586202,0.036822216832216585,fusiform-lh,0.37488675756650064
813,left,58565,-0.05062995676917936,-0.025042666722548325,0.03303011728215936,inferiortemporal-lh,0.6382358272071742
814,left,58629,-0.02097480119390718,0.015606675040793485,0.11406492314159132,precentral-lh,1.9301686599586265
815,left,58805,-0.007593662161507326,0.008960134448995448,0.09960352950767941,paracentral-lh,1.1142356964823583
816,left,58913,-0.03026966914870773,0.006525811759235937,0.0941358268903764,precentral-lh,0.7355410622049309
817,left,58936,-0.011804686963362595,0.005042610094130471,0.09156549155773568,paracentral-lh,0.869140488769785
818,left,59068,-0.053586926268749696,0.0016501222376493919,0.08545449212532111,supramarginal-lh,0.2204657653355789
819,left,59081,-0.03877761550891474,0.001071998982252088,0.08407725701969056,postcentral-lh,0.4664011264510881
820,left,59161,-0.0439821821557499,-0.00041372794345883885,0.08105187145744876,supramarginal-lh,0.4099656340599705
821,left,59176,-0.004694436538985597,-0.0006350815262893177,0.07874343312865904,isthmuscingulate-lh,0.516034502395138
822,left,59258,-0.0015640708335121693,-0.004070725641980593,0.07146770053998716,unknown,0.38898205410259545
823,left,59307,-0.05703044738214988,-0.007543976537890747,0.06634790426405686,superiortemporal-lh,0.4984889744911199
824,left,59316,-0.04199779696486003,-0.008290900810587781,0.06538403098183387,superiortemporal-lh,0.46049997120421804
825,left,59346,-0.05983553069263792,-0.00976100450293211,0.06346580601324758,superiortemporal-lh,0.5904987351605919
826,left,59350,-0.00034786146027122823,-0.008651239409575094,0.06180769055012509,unknown,0.18497598853119263
827,left,59355,-0.053141674513879,-0.01005547972385975,0.06189674641899698,bankssts-lh,0.4983050734392055
828,left,59387,-0.04630186557159231,-0.010926548944343886,0.058708230098802015,bankssts-lh,0.4703276516741128
829,left,59405,-0.008077389678363965,-0.010879677571177564,0.05779621133350845,isthmuscingulate-lh,0.21277390778209312
830,left,59499,-0.018957793019860225,-0.013936920434034328,0.05148739996660427,isthmuscingulate-lh,0.25869869008802804
831,left,59523,-0.013449413788280816,-0.015393315816396743,0.050332817707483365,isthmuscingulate-lh,0.18308873511728613
832,left,59564,-0.02002014381346377,-0.01618818624534233,0.04700180686471289,lingual-lh,0.22623891912849053
833,left,59697,-0.04577727006264804,-0.021701610808278263,0.037354770278147084,inferiortemporal-lh,0.4336381252979345
834,left,59717,-0.02998252742859835,-0.022213651534587202,0.03561075639839566,fusiform-lh,0.32644978509083894
835,left,59761,-0.03852688140547118,-0.024033019852386754,0.03184734995067463,fusiform-lh,0.4207819552647231
836,left,59793,-0.009519968105880143,0.017715465024022617,0.1153114074033667,superiorfrontal-lh,1.9147714285907742
837,left,59882,-0.02729602299707685,0.014996995821165478,0.10899534363554252,precentral-lh,1.599587171754708
838,left,60014,-0.011503400347381192,0.00992463314324642,0.09810970507964992,paracentral-lh,1.0760122556124676
839,left,60043,-0.04373626816743022,0.007713193833886798,0.09600177233972768,postcentral-lh,0.4273523538913818
840,left,60049,-0.0340178570803481,0.007675103030837417,0.09565887124790304,postcentral-lh,0.6971347587146604
841,left,60091,-0.03814271066315505,0.007090333143739667,0.09340462586763032,postcentral-lh,0.5599262095118227
842,left,60103,-0.04833315660915583,0.006667626711302018,0.09287503869977426,postcentral-lh,0.3860069103286832
843,left,60180,-0.008045994728571919,0.003907750739770244,0.08574367094665597,posteriorcingulate-lh,0.67365535788896
844,left,60298,-0.007714162004652251,-0.00040735495985642564,0.07783552985498499,isthmuscingulate-lh,0.5246652044405883
845,left,60322,-0.008905690292452837,-0.0017175888367363642,0.07537024215480115,isthmuscingulate-lh,0.4939814559543835
846,left,60329,-0.005479618553961086,-0.002209696080039394,0.07411976308338501,unknown,0.45876299983294266
847,left,60338,-0.05358759361116993,-0.00466007722691127,0.07402316993724684,supramarginal-lh,0.3466530628389958
848,left,60345,-0.045756900328927846,-0.0030682124123619647,0.07317123816513067,supramarginal-lh,0.4407368642970647
849,left,60522,-0.01257344639485052,-0.010217803784067407,0.05691935824161495,isthmuscingulate-lh,0.26165425638276674
850,left,60626,-0.05319274589086048,-0.014131124132308773,0.051226587614941546,bankssts-lh,0.4720723792659759
851,left,60722,-0.03275769702267289,-0.016404411154625147,0.04655598634527994,fusiform-lh,0.35668744114719464
852,left,60770,-0.032912685654571915,-0.01766571637368471,0.04284055791021773,fusiform-lh,0.34073471379662496
853,left,60822,-0.03169942807188792,-0.019449569090910133,0.0386068241147888,fusiform-lh,0.32936016318431255
854,left,60888,-0.04020650143742125,-0.02282219884633867,0.033607505483421424,fusiform-lh,0.41381965213167055
855,left,60995,-0.009091994995861214,0.016289256163696586,0.11020775560961907,superiorfrontal-lh,1.3958927809935047
856,left,61022,-0.01580988630412638,0.016269321652572617,0.10901354247022912,precentral-lh,1.3708633468554976
857,left,61056,-0.018839060824378175,0.014999700198896355,0.10683772446226639,precentral-lh,1.2980057380988008
858,left,61091,-0.009238143664073864,0.014115747089438224,0.1051680913159539,superiorfrontal-lh,1.242537812473357
859,left,61272,-0.015045609046323736,0.008811501208811414,0.09419547885463103,paracentral-lh,0.9119684715723828
860,left,61356,-0.008147839584995405,0.006107923663760424,0.08771379190024137,posteriorcingulate-lh,0.7283372253514946
861,left,61358,-0.01489858195255337,0.005850913974717108,0.08777627068916964,paracentral-lh,0.7308931029840201
862,left,61374,-0.05700467676131921,0.003999829029326088,0.08716768608921902,supramarginal-lh,0.1812138061270316
863,left,61452,-0.0054628821212623375,0.002963898734326524,0.08050477841042286,posteriorcingulate-lh,0.5496794535869216
864,left,61471,-0.04921759106626079,0.0006788998424183375,0.07989765052160137,supramarginal-lh,0.3393959150831553
865,left,61480,-0.05646659037991939,0.0002787114002673948,0.07867698742789311,supramarginal-lh,0.2411982586018748
866,left,61552,-0.03841945835514828,-0.0024070724555787628,0.07105185733965097,supramarginal-lh,0.44956891853181946
867,left,61615,-0.03761464220255771,-0.005149560543655814,0.0670576361313816,superiortemporal-lh,0.45065909948962496
868,left,61617,-0.040234796611519255,-0.004899517616807575,0.06775459153059137,supramarginal-lh,0.4541113502022788
869,left,61623,-0.0012496439540473268,-0.0044085017650801524,0.06659388064281486,unknown,0.31303611070211484
870,left,61654,-0.052486205308688985,-0.007033809638242974,0.06414982308279449,superiortemporal-lh,0.485561597611527
871,left,61776,-0.051325426245841625,-0.010362090568919137,0.05606894505880898,bankssts-lh,0.4907454165883526
872,left,61781,-0.015805329812793097,-0.010326167250357513,0.05564300434669236,isthmuscingulate-lh,0.28368157681252765
873,left,61818,-0.05815136219242182,-0.011756988410047901,0.05368222738804502,bankssts-lh,0.5335797394228362
874,left,61907,-0.03104493150930835,-0.013589919479034738,0.04917425745953262,lingual-lh,0.36316922941972346
875,left,61924,-0.014302399690254562,-0.013846003611089376,0.04828710575341477,isthmuscingulate-lh,0.18526115466142015
876,left,61993,-0.053097095642148665,-0.0157837902872662,0.04524698406627279,middletemporal-lh,0.4853412343059619
877,left,62052,-0.0424690082727132,-0.017112146510322657,0.04107160080723683,inferiortemporal-lh,0.41293078047362447
878,left,62141,-0.05451088150097438,-0.020713332026183227,0.03390130626445198,inferiortemporal-lh,0.6098407870926558
879,left,62218,-0.015783453749192444,0.019216182045957483,0.11273660538979002,superiorfrontal-lh,1.5868545645438754
880,left,62221,-0.02484784868781116,0.017842468416738547,0.11210217150428625,precentral-lh,1.7989646548155693
881,left,62296,-0.032499445591114576,0.01581691006138757,0.10699882287182753,precentral-lh,1.3259607929956345
882,left,62326,-0.03600194600017405,0.01449703522637062,0.10580320984232082,precentral-lh,1.0179201907044058
883,left,62369,-0.028761649362742968,0.013949696104648773,0.10373624569583341,precentral-lh,1.224096811657963
884,left,62407,-0.03922424083142618,0.014050665990764027,0.1017921890459694,precentral-lh,0.797871704071508
885,left,62431,-0.04682866756978485,0.012110273865797412,0.10007179607519098,postcentral-lh,0.5745719775728734
886,left,62445,-0.03292342468697982,0.012071967297372916,0.09927908846665737,precentral-lh,0.7980098876500753
887,left,62510,-0.03699645048617101,0.011548329154987682,0.0962969845081795,precentral-lh,0.6514593831824391
888,left,62595,-0.04316982613664883,0.005502598143942096,0.08833781994254224,postcentral-lh,0.40615830483620985
889,left,62691,-0.039599222850963664,0.0036687655675065167,0.08222922785958264,postcentral-lh,0.44780344782438736
890,left,62953,-0.04732512184796477,-0.006508923035005658,0.06205461173967578,superiortemporal-lh,0.47350936285106343
891,left,63104,-0.046478224496153214,-0.011068007634721235,0.05170856946193265,bankssts-lh,0.45538727050956784
892,left,63204,-0.05980785295404898,-0.0144245122116216,0.04793186534908923,bankssts-lh,0.5608423095252583
893,left,63241,-0.018884172504464218,-0.014105331492655106,0.04414449232806045,lingual-lh,0.21351817060329412
894,left,63349,-0.0381010932099688,-0.01788249470318425,0.03822265449483361,fusiform-lh,0.38587633048798076
895,left,63562,-0.006272248837928599,0.015918577832070773,0.10416300745167129,paracentral-lh,1.2310589661822298
896,left,63572,-0.023356499694558826,0.015635551086991176,0.10417545755940541,precentral-lh,1.2513414124071085
897,left,63618,-0.004780272092067321,0.015271435421442684,0.10103043044416024,paracentral-lh,1.2680628264968674
898,left,63690,-0.050850876398022694,0.011254563458829737,0.09637113054863049,postcentral-lh,0.44110698504622115
899,left,63789,-0.05347075418970968,0.009489393156184982,0.09100548993473166,postcentral-lh,0.3589717278629198
900,left,63823,-0.048141125306264326,0.007298557808580331,0.08743109044118141,postcentral-lh,0.32227070536880414
901,left,63831,-0.004465991365536288,0.007416212265992809,0.0872202781677225,posteriorcingulate-lh,0.6572650693106795
902,left,63916,-0.053518474793104676,0.004329275987484167,0.081092725996861,supramarginal-lh,0.22582414282234042
903,left,63961,-0.06073570766584772,0.002629640650685603,0.07913948182789138,supramarginal-lh,0.19734567931644478
904,left,63968,-0.01083872530059153,0.0036891323732266487,0.07809195167668984,posteriorcingulate-lh,0.535131516138645
905,left,64011,-0.001575360331791982,0.0023094481527141946,0.07358300503011975,unknown,0.42757806275165244
906,left,64020,-0.05669820291261425,-0.00020530534290292939,0.07382385583894704,supramarginal-lh,0.3616516403063247
907,left,64058,-0.05109508263051277,-0.000755348971019777,0.07196066052138844,supramarginal-lh,0.42494647585572304
908,left,64096,-0.033964417329138435,-0.002140724201947686,0.07038128416931512,insula-lh,0.45022499425492835
909,left,64128,-0.044677279989139104,-0.0030345937223733264,0.06660472451899388,supramarginal-lh,0.45666147905117016
910,left,64225,-0.05250956240189208,-0.004985040546780995,0.06023526116670709,superiortemporal-lh,0.5030953452693913
911,left,64226,-0.05724810054936229,-0.006245816085827921,0.06048738051379669,bankssts-lh,0.5666269675088018
912,left,64260,-0.008144123097396337,-0.006822586812756482,0.05739430645210403,isthmuscingulate-lh,0.22630763145345753
913,left,64279,-0.011651999112012378,-0.008084083524742132,0.056967491698795225,isthmuscingulate-lh,0.2595760080629361
914,left,64312,-0.018921734833724807,-0.009802409955868594,0.05383061686406347,isthmuscingulate-lh,0.3000051768174922
915,left,64339,-0.020170189252090985,-0.009432901588698217,0.051875175094520304,unknown,0.29546427662438113
916,left,64368,-0.023876301672495808,-0.012060697685483464,0.05029799754435006,unknown,0.3109298303054569
917,left,64469,-0.05264654052138309,-0.012531558891381484,0.04732239225335656,bankssts-lh,0.46409613563887897
918,left,64480,-0.015408075706218704,-0.012387192167274467,0.04608314873086293,parahippocampal-lh,0.1933087093464674
919,left,64484,-0.02707431312315691,-0.011609745521212196,0.046516302767096576,lingual-lh,0.318073686039444
920,left,64617,-0.050568606090797025,-0.017023358269647404,0.03821168220369732,middletemporal-lh,0.43830300440727454
921,left,64704,-0.04800060437405205,-0.022060340007756626,0.028548536531699264,inferiortemporal-lh,0.6168733932736531
922,left,64714,-0.015133114257615102,0.022289723503446386,0.11467554839147985,superiorfrontal-lh,1.728069939388535
923,left,64746,-0.013299522186278945,0.020498284825111332,0.11064190302607113,superiorfrontal-lh,1.4257898084566911
924,left,64902,-0.00742113378811542,0.014101862866983655,0.09813924442719898,paracentral-lh,1.1988264777329132
925,left,65095,-0.014266483655342752,0.010890971556762226,0.09002770688461897,posteriorcingulate-lh,0.7963248758701924
926,left,65101,-0.03575794473210347,0.008894796541967214,0.08998948862822913,precentral-lh,0.6044037113963451
927,left,65133,-0.04488253944881295,0.009364084026965157,0.08909813176224853,postcentral-lh,0.4274875838296257
928,left,65222,-0.01335078935688506,0.0073199783028819465,0.08432640968747408,posteriorcingulate-lh,0.6474856655585235
929,left,65239,-0.05716642422876075,0.006389617234040311,0.08329356082504097,supramarginal-lh,0.18948152901788382
930,left,65284,-0.044311402463893125,0.003995799743039768,0.0790577055715499,supramarginal-lh,0.3983901560582895
931,left,65337,-0.0068365985992026625,0.0035770023878127144,0.07739065648080798,posteriorcingulate-lh,0.5116719737898023
932,left,65353,-0.05358796882668775,0.0026822248363875165,0.07594114213825284,supramarginal-lh,0.34892955256961056
933,left,65449,-0.05661209418403574,-0.0006922567283107464,0.07072652274159022,supramarginal-lh,0.4426961938969552
934,left,65485,-0.0494064780578259,-0.0011790294380368037,0.06716917599616057,supramarginal-lh,0.4612552973791033
935,left,65532,-0.0018339576601193743,-0.0030476683318560183,0.06297606074733483,unknown,0.2624433453869096
936,left,65543,-0.058679887299637155,-0.004057476330708408,0.0629119347893971,superiortemporal-lh,0.581734147326666
937,left,65553,-0.036259584227648176,-0.0041162248868025966,0.06236051920843054,superiortemporal-lh,0.43766121032134564
938,left,65577,-0.04112195638908568,-0.00560270575328767,0.061097660009102064,superiortemporal-lh,0.4515971658216957
939,left,65592,-0.0066719328680336105,-0.004513079033754782,0.06099846600561422,unknown,0.2761366257827198
940,left,65661,-0.05066349639394573,-0.006762887743345429,0.057474435690524336,bankssts-lh,0.49108480522275927
941,left,65683,-0.0020099438769823953,-0.006312446586091248,0.057210023091952875,unknown,0.14978987025524196
942,left,65752,-0.01692000943361589,-0.010325404200915307,0.049220947880020786,isthmuscingulate-lh,0.23012933973797497
943,left,65931,-0.02004706400762295,-0.013228863175102443,0.0428712595301762,parahippocampal-lh,0.22572267878242247
944,left,65976,-0.030702415587997856,-0.016130360044558395,0.03810585747299575,fusiform-lh,0.32199570155933804
945,left,66154,-0.01354339940666738,0.018875768989617583,0.10579498769815456,superiorfrontal-lh,1.1910862511837028
946,left,66245,-0.02211903577799692,0.015776041031407728,0.09858041855671684,precentral-lh,1.1203742022655325
947,left,66275,-0.011191239180854077,0.014824909479136693,0.09743551893570751,paracentral-lh,1.1491617266909409
948,left,66339,-0.043059451836390976,0.010336371087303637,0.09217264874767021,postcentral-lh,0.524599774800538
949,left,66342,-0.05111385894760414,0.011312851247190784,0.09238954825356506,postcentral-lh,0.4338071425689496
950,left,66404,-0.005510182399108322,0.0110406768434607,0.0891636077529073,posteriorcingulate-lh,0.7378948873659689
951,left,66473,-0.03549961988219432,0.00853469311285176,0.08573103168455368,precentral-lh,0.5352585017496041
952,left,66513,-0.005909701781974402,0.0080271759611001,0.08301981426490578,posteriorcingulate-lh,0.595559900053786
953,left,66524,-0.04226606816979032,0.007021154956312168,0.08239469169488157,postcentral-lh,0.42248023650824146
954,left,66565,-0.05559703757537615,0.005564731310402345,0.07954406278061531,supramarginal-lh,0.21089438763852614
955,left,66581,-0.04768593405190302,0.005279360451079827,0.07894013336988848,supramarginal-lh,0.36117544328758044
956,left,66655,-0.00609058337598027,0.003620052026656048,0.07469966450648455,posteriorcingulate-lh,0.470883752178273
957,left,66674,-0.05803283931920393,0.002624716628144797,0.07353694644576801,supramarginal-lh,0.3826606239726229
958,left,66682,-0.035910190904462215,0.0024585823768939943,0.07245746310041143,insula-lh,0.44370278779722705
959,left,66717,-0.001303185199994133,0.0013793438353125287,0.06998763285746644,unknown,0.3800577718188698
960,left,66720,-0.04357963252373461,0.0010530829075426455,0.07008521533832007,supramarginal-lh,0.4383145371801311
961,left,66767,-0.0027444104631177196,0.0006628222543660191,0.06681037588679373,unknown,0.3467811114261869
962,left,66976,-0.014366777719283658,-0.006558893936026454,0.053695822255674444,unknown,0.2586150147089701
963,left,67190,-0.05982219077847621,-0.012179040247048252,0.04331402814786547,middletemporal-lh,0.49341072411471365
964,left,67224,-0.034964875485513,-0.013592830368112617,0.04033291820756259,fusiform-lh,0.35523374418681974
965,left,67310,-0.027760649863372018,-0.01587917812955859,0.03470393648414143,fusiform-lh,0.3142162705299303
966,left,67331,-0.04695715596550493,-0.017359195903187973,0.03250303914736308,inferiortemporal-lh,0.46615972305604636
967,left,67431,-0.03351542866807401,0.020740636689714976,0.10858249133028475,precentral-lh,1.5094235171667132
968,left,67508,-0.011295276722810511,0.01803980310200856,0.10134798044223396,superiorfrontal-lh,1.0839432708820438
969,left,67601,-0.014531595123349622,0.014405224073814083,0.0939386166955171,paracentral-lh,0.9077877900492118
970,left,67617,-0.033354615730909906,0.013845155604789446,0.09316284632895305,precentral-lh,0.7581006266158274
971,left,67650,-0.00734209364313255,0.013494914079209198,0.09189089804087801,posteriorcingulate-lh,0.8501243388441908
972,left,67691,-0.010511548777459306,0.011192871215662452,0.08813569132020736,posteriorcingulate-lh,0.7408854371761642
973,left,67874,-0.06129828587401754,0.005775398326822295,0.07830654282046512,supramarginal-lh,0.2243076105263475
974,left,67986,-0.061398844807930446,0.0025003425861300464,0.07120319784439709,supramarginal-lh,0.5111586557255982
975,left,68075,-0.05389679482537829,0.00010894569754488735,0.06626800078803527,supramarginal-lh,0.4905405154255375
976,left,68089,-0.03338071625808872,-0.00037830470405111546,0.06581170534477271,transversetemporal-lh,0.4346734640684692
977,left,68167,-0.06063110467589267,-0.003114300177359138,0.060210390743575495,bankssts-lh,0.7030756335148598
978,left,68198,-0.046407180068120765,-0.00352387971589028,0.058628842478100816,superiortemporal-lh,0.46771426168715213
979,left,68247,-0.048726218457655554,-0.006144880706246613,0.05320421771046347,bankssts-lh,0.4702746343685863
980,left,68256,-0.016321688882387556,-0.006483401937569947,0.05144061519717183,unknown,0.25890409811332726
981,left,68275,-0.022270873058958012,-0.007197944203880029,0.05048270496236901,unknown,0.313868397653773
982,left,68279,-0.027325302288227698,-0.007388979962453156,0.050141007490961974,unknown,0.35587769750337095
983,left,68324,-0.04463069311276412,-0.008916090404588836,0.048337732526379115,bankssts-lh,0.4376931537396528
984,left,68334,-0.018819487987093427,-0.010185042664762937,0.04703170865593545,unknown,0.2374156306210743
985,left,68337,-0.02918533419410676,-0.009079227175417476,0.047643571876880335,unknown,0.3523742823688902
986,left,68419,-0.056860057300048665,-0.010401456130938489,0.045012840931215554,bankssts-lh,0.48563947159080517
987,left,68440,-0.03511684411620299,-0.010315265135560357,0.04445511133390394,fusiform-lh,0.37680843499408107
988,left,68445,-0.01567031892756223,-0.010215128589229756,0.04324161251305851,parahippocampal-lh,0.20153097808773188
989,left,68481,-0.02333935718403008,-0.011715867370974388,0.041071402096771785,parahippocampal-lh,0.258851011361116
990,left,68490,-0.04866192839980542,-0.012591757545780104,0.04088089088426199,middletemporal-lh,0.4440500115925817
991,left,68549,-0.033797814650439864,-0.01481108258059775,0.03491884354296111,fusiform-lh,0.3680452243217864
992,left,68604,-0.035915042176204934,-0.01673000630173446,0.031105743793784835,fusiform-lh,0.40633606029674524
993,left,68630,-0.05336607526893604,-0.018233348931167837,0.02873856107044651,inferiortemporal-lh,0.6850179752732485
994,left,68674,-0.020392564365214614,0.02423776232973877,0.11188733229600176,superiorfrontal-lh,1.4378409355795019
995,left,68691,-0.021527189579331963,0.022780076506383137,0.10978512559388445,superiorfrontal-lh,1.3383336196053095
996,left,68787,-0.019354752782746423,0.018576480810167377,0.10161703739658257,precentral-lh,1.0437551174031718
997,left,68816,-0.0267488825948044,0.017844616305234248,0.10027845183543402,precentral-lh,1.1910192814138156
998,left,68826,-0.03737156788212365,0.017323968645142615,0.09819878520751704,precentral-lh,0.9262977887873032
999,left,68939,-0.011944487536401678,0.013440136183355843,0.09067549037392032,posteriorcingulate-lh,0.8171325456382228
1000,left,69007,-0.049413953148974045,0.011087723843223833,0.08805545778411178,postcentral-lh,0.37211898302722907
1001,left,69042,-0.005902913507480562,0.01127088766752702,0.08569142424758436,posteriorcingulate-lh,0.6483923138825912
1002,left,69261,-0.03171671633940016,0.0032131207420103324,0.06957598284196889,insula-lh,0.44029183609644484
1003,left,69287,-0.04712146289111756,0.0024321585376926814,0.06850150962878007,supramarginal-lh,0.4428519535268519
1004,left,69356,-0.058756014181811735,0.0005998105790460109,0.06501012952867542,supramarginal-lh,0.5647514010493562
1005,left,69406,-0.03918973072015258,-0.0005875241893195729,0.061335880753468346,transversetemporal-lh,0.43806641873347546
1006,left,69459,-0.009720770104233651,-0.0020145536610893947,0.058133654281254464,unknown,0.2789258596376272
1007,left,69479,-0.041484402439725315,-0.002990113558307264,0.057044641143439226,superiortemporal-lh,0.4441154962022215
1008,left,69498,-0.05556315662915366,-0.0037316959472886574,0.0555795145346404,bankssts-lh,0.5371932070510665
1009,left,69506,-0.010065068226151452,-0.0034728435762081556,0.05428917812256451,unknown,0.22729253123407467
1010,left,69597,-0.03280141136754335,-0.007213499747811531,0.04873025346891721,unknown,0.3867325238002445
1011,left,69651,-0.021105362712723733,-0.00875084548250058,0.04410083422709901,unknown,0.25278206492800726
1012,left,69846,-0.05853462388395814,-0.014957066173198169,0.03389216741540006,middletemporal-lh,0.46073079200526235
1013,left,69876,-0.04027247138887467,-0.0159357512235753,0.030917668889565802,fusiform-lh,0.4332260265536406
1014,left,70026,-0.0072659256029991,0.022677886810498486,0.1056365797260706,superiorfrontal-lh,1.1887508785863101
1015,left,70034,-0.019833596347935557,0.02150320306038921,0.10542765615006874,superiorfrontal-lh,1.1594850993965156
1016,left,70066,-0.04299662530817377,0.01998030893733112,0.10328362993663019,precentral-lh,1.298382042513926
1017,left,70169,-0.04230452256238695,0.01763491104315989,0.09805115302637295,precentral-lh,0.8931097391215967
1018,left,70338,-0.05434680223991565,0.01353957948323152,0.09035026116681222,postcentral-lh,0.4382090240898776
1019,left,70343,-0.005086702988727796,0.01470624575048562,0.0899047819593251,posteriorcingulate-lh,0.7491917868917303
1020,left,70354,-0.03343857795377578,0.014504669487037452,0.08917660664516144,precentral-lh,0.6753894937108461
1021,left,70429,-0.045189465108055056,0.01065669635081358,0.08347960126492894,postcentral-lh,0.40421644535428425
1022,left,70466,-0.004970558719842083,0.00950189344444638,0.07994140356721738,posteriorcingulate-lh,0.5349280676368405
1023,left,70490,-0.0509336252581247,0.007945957438648767,0.0785929370645824,supramarginal-lh,0.33321013615972106
1024,left,70629,-0.05822075988681786,0.0027269772956992296,0.0671404040810758,supramarginal-lh,0.5388282768595155
1025,left,70706,-0.005961409566870473,0.0011273985978427878,0.06324920477032145,unknown,0.3241068005021528
1026,left,70758,-0.05842513621016584,-0.0008467335314000209,0.059419107328921306,superiortemporal-lh,0.6277085606533834
1027,left,70902,-0.04811304344235169,-0.005548671932436378,0.04983466503931232,bankssts-lh,0.4534765997265362
1028,left,70903,-0.05375301271113988,-0.005715333921220532,0.05090276652483444,bankssts-lh,0.4805175049111767
1029,left,71021,-0.04902480054411569,-0.0079244708878466,0.04431559577284737,middletemporal-lh,0.43553233040908246
1030,left,71058,-0.030673369979771554,-0.008691917960821244,0.04267675633225536,parahippocampal-lh,0.33962872970918834
1031,left,71063,-0.05211975720022785,-0.009630474121326458,0.0418887666281147,middletemporal-lh,0.448649963036238
1032,left,71130,-0.04103004121272923,-0.011806445219621702,0.03639343924140053,fusiform-lh,0.4159297587238884
1033,left,71149,-0.046343608761057614,-0.01245298433146565,0.03622203147461113,inferiortemporal-lh,0.4258751391068357
1034,left,71213,-0.05053933642183734,-0.014077461228563369,0.03302309397319855,inferiortemporal-lh,0.45315593486148886
1035,left,71334,-0.010471173048817185,0.02420308312891546,0.1065630386087175,superiorfrontal-lh,1.2428243975069342
1036,left,71399,-0.028788465486761176,0.02160430841611394,0.10390024179842199,precentral-lh,0.9789944366705062
1037,left,71442,-0.03408664935744567,0.021139097364020146,0.10239757810124099,precentral-lh,0.8913720828068048
1038,left,71496,-0.008471376062982008,0.02054623648865946,0.09969574397206178,superiorfrontal-lh,1.0957944550963734
1039,left,71573,-0.029765999860189768,0.01877911053317832,0.0969503003237662,precentral-lh,1.10006085515248
1040,left,71618,-0.04994980130569163,0.016932775916020187,0.09337022489549861,postcentral-lh,0.5943550742066919
1041,left,71645,-0.03749967479226896,0.017143622709382945,0.09278665785792826,precentral-lh,0.7624944668825624
1042,left,71649,-0.043658267602139623,0.018071970158386456,0.09354362057732794,precentral-lh,0.7278637142033492
1043,left,71712,-0.04542486866451634,0.014322464325810315,0.0885078836981577,postcentral-lh,0.48074738765582303
1044,left,71770,-0.03943467101013416,0.011420257015592038,0.08317903643248993,postcentral-lh,0.4839456369640635
1045,left,71774,-0.006528936160776318,0.01225571910553782,0.08296594271672858,posteriorcingulate-lh,0.5916360907194139
1046,left,71801,-0.009529596288836963,0.010460544714694368,0.07923944775170504,posteriorcingulate-lh,0.541490147206586
1047,left,71803,-0.04193991201063676,0.009080278210648883,0.07874762853258294,supramarginal-lh,0.4244806348782782
1048,left,71834,-0.002713819944041711,0.009002786499165302,0.07562390547345586,unknown,0.46344259057791193
1049,left,71845,-0.04918179714957871,0.0070337739253841375,0.07411301987027735,supramarginal-lh,0.398725974471969
1050,left,71867,-0.0407119058060905,0.005615014676113948,0.07046147937793731,supramarginal-lh,0.42881498264989715
1051,left,71909,-0.051956596714629724,0.004480847208469043,0.06801529729703598,supramarginal-lh,0.4658841033278356
1052,left,71958,-0.030890124692711032,0.0026151730747122825,0.06372946998743609,insula-lh,0.42217124430036235
1053,left,72090,-0.060685843469856116,-0.002896393374352617,0.05438277312610263,bankssts-lh,0.7569168329652708
1054,left,72139,-0.01149935998970952,-0.0033307448713376445,0.051142240734712144,unknown,0.2155302854469061
1055,left,72184,-0.05818356871590775,-0.005519041955085641,0.04883144029432437,superiortemporal-lh,0.5422282423903798
1056,left,72373,-0.05785968034493392,-0.011004374962648788,0.03645127118500749,middletemporal-lh,0.4068474241008257
1057,left,72547,-0.018620118925447692,0.02584633693388175,0.10894261737532823,superiorfrontal-lh,1.3264171022957016
1058,left,72684,-0.03647033317418238,0.02039447425861952,0.09883381269102666,precentral-lh,1.0567390767192055
1059,left,72776,-0.00825346369529898,0.018654343330328997,0.09264401296249278,superiorfrontal-lh,0.9079928650464634
1060,left,72806,-0.013131429982989353,0.017661840213341926,0.09105614647796123,superiorfrontal-lh,0.823737398604712
1061,left,72832,-0.03951412933276309,0.016378463859606666,0.08942167442279801,precentral-lh,0.6384993102126947
1062,left,72836,-0.04953612923486963,0.015908360384421404,0.08953295451026211,postcentral-lh,0.4738679207982709
1063,left,72892,-0.0349608045597125,0.014167903692054099,0.08501530729176969,precentral-lh,0.5671645032075595
1064,left,72958,-0.007083513654410531,0.010329548790532574,0.07680034975337759,posteriorcingulate-lh,0.49802039582829805
1065,left,72971,-0.04510966622024923,0.009033675695041023,0.07560623192420943,supramarginal-lh,0.4061050683052871
1066,left,72983,-0.05531200349837225,0.007900759499633184,0.07351915144683636,supramarginal-lh,0.4482258863780608
1067,left,72985,-0.0009205949514531481,0.008671063265457834,0.07274269694599442,unknown,0.42030826238110597
1068,left,73043,-0.05500349602511719,0.004836247052323399,0.06923567259540747,supramarginal-lh,0.48943636487488545
1069,left,73104,-0.036788483032172296,0.002232374862431531,0.061944334867838936,transversetemporal-lh,0.42796866842493997
1070,left,73133,-0.008564430047765121,0.00236611392835515,0.06009414826525818,unknown,0.3089729222639601
1071,left,73172,-0.05257267821041506,2.3105019710011228e-05,0.05778800570362,superiortemporal-lh,0.5031719183972589
1072,left,73193,-0.008147945821958248,0.0007475500560001217,0.055940618289384104,unknown,0.24475093586447177
1073,left,73234,-0.05201763528737128,-0.002807315700969314,0.05070441578378501,superiortemporal-lh,0.4710553187778775
1074,left,73242,-0.04326119491117195,-0.0032780622248775593,0.05109616658438814,bankssts-lh,0.438393010244114
1075,left,73275,-0.014785277856858625,-0.0032579765702914123,0.04882879269631223,unknown,0.23442885512308498
1076,left,73327,-0.024513266172789153,-0.004343624100985634,0.045394803439815244,unknown,0.30879924565780953
1077,left,73421,-0.01804447972878879,-0.007896144825745905,0.039878584939181796,parahippocampal-lh,0.229574147316275
1078,left,73423,-0.026242965948238807,-0.008146206648770849,0.03950970934958955,parahippocampal-lh,0.29118397155626086
1079,left,73618,-0.009469703197237422,0.02910632915535727,0.11117387636399474,superiorfrontal-lh,1.2318868499850466
1080,left,73630,-0.004984894623815966,0.02764886610319803,0.11022810587620635,superiorfrontal-lh,1.1280234856979947
1081,left,73703,-0.004983393992151596,0.025126169720440454,0.10256838490784731,superiorfrontal-lh,1.120755665553532
1082,left,73763,-0.004408516206849219,0.02166346721185685,0.09806008227534521,superiorfrontal-lh,1.1607954819726385
1083,left,73805,-0.0047706821199833185,0.020571679586072,0.0950857739585916,superiorfrontal-lh,1.1440550387580628
1084,left,73855,-0.03226960386821517,0.018787300214128926,0.09248014569593954,precentral-lh,0.8463642884682889
1085,left,73955,-0.011393683867875442,0.016459226871741728,0.08635716026476882,posteriorcingulate-lh,0.6768524073953276
1086,left,73974,-0.047891372739065304,0.015049115097934492,0.08515379276924502,postcentral-lh,0.39706829155192325
1087,left,74023,-0.007470856900236097,0.013927232283566392,0.08056609344895564,posteriorcingulate-lh,0.5485199133216455
1088,left,74127,-0.03518299780453128,0.007474565838491001,0.06921737095869099,insula-lh,0.43220902236158953
1089,left,74133,-0.0444987246946091,0.006923450659137349,0.06848893641063693,supramarginal-lh,0.43053522859721016
1090,left,74243,-0.04438232345113896,0.0030872799173867374,0.060868416929915604,transversetemporal-lh,0.44732434014784006
1091,left,74259,-0.032737795565248945,0.0021380251405431453,0.05871520434371465,insula-lh,0.4129360796712984
1092,left,74332,-0.057459171574837375,0.00043729296464955613,0.05486663732394217,superiortemporal-lh,0.599197421791995
1093,left,74345,-0.04704233822881469,0.00035827231132256904,0.05443418768340524,superiortemporal-lh,0.45836447076611636
1094,left,74436,-0.0077160245117350815,-0.0016106346176217225,0.0476754628277931,unknown,0.17724413960841764
1095,left,74442,-0.018983170612642767,-0.002950053960023997,0.047179350775335284,unknown,0.2683245960546563
1096,left,74461,-0.044937754148609524,-0.004025542159126743,0.04611986977359438,middletemporal-lh,0.4281843961635827
1097,left,74533,-0.021286073849712588,-0.00549664473819389,0.04120692341079854,unknown,0.25650452358332765
1098,left,74547,-0.05926016198159292,-0.006924250730090271,0.04152213659079829,middletemporal-lh,0.44729077443276094
1099,left,74630,-0.030493137954367405,-0.00931421784584507,0.03470062293952318,fusiform-lh,0.3414305065700031
1100,left,74704,-0.05107828616471156,-0.013318552895865327,0.028656874780561045,inferiortemporal-lh,0.6080371704711748
1101,left,74853,-0.014488863707563231,0.026200056559104123,0.10492969172687634,superiorfrontal-lh,1.2147295764332695
1102,left,74862,-0.04189830368352011,0.02411795726566446,0.1032047263717616,precentral-lh,1.591299300468438
1103,left,74909,-0.04363390970471442,0.022830621554802106,0.0995976601451627,precentral-lh,1.2157641385706528
1104,left,74950,-0.02608408620274503,0.0213449154118795,0.09531564818339235,precentral-lh,1.0665493577871508
1105,left,74966,-0.021745151525950898,0.021242316511192624,0.09490862845816998,precentral-lh,1.004178761187607
1106,left,75102,-0.007485188208709789,0.01789310926514106,0.08702264920808842,posteriorcingulate-lh,0.669720806656722
1107,left,75128,-0.004842870532529744,0.01699130170107667,0.08521858092749873,posteriorcingulate-lh,0.6104268715343348
1108,left,75179,-0.04211575066368674,0.014333878916960613,0.08144554108179528,postcentral-lh,0.4593046386636117
1109,left,75196,-0.045998308423318625,0.01346179287512815,0.07941367193419668,postcentral-lh,0.43348634797958285
1110,left,75198,-0.007456198102482657,0.014154170806734789,0.07827483031440116,posteriorcingulate-lh,0.5129537989603195
1111,left,75255,-0.05927800261963186,0.009792620774063988,0.07264871374231491,supramarginal-lh,0.4107758690162096
1112,left,75281,-0.0010685752086069633,0.009431737741381827,0.06928540415760463,unknown,0.3838710045350913
1113,left,75296,-0.059932658534653294,0.008336773922625456,0.06933311859907004,supramarginal-lh,0.4720517853329866
1114,left,75328,-0.03203069542913001,0.006856100095650966,0.06696445527369366,insula-lh,0.42822505939800504
1115,left,75472,-0.043364461914001354,0.0020379070779043347,0.056029412125520824,transversetemporal-lh,0.4409003951519395
1116,left,75532,-0.008735475264408286,0.0002094868405740349,0.052634663887095486,unknown,0.2134727699070212
1117,left,75719,-0.03704897304486968,-0.005555333214621502,0.03963638759457333,fusiform-lh,0.3839486411708287
1118,left,75748,-0.019853881878909095,-0.005974604455101383,0.03758163012794556,parahippocampal-lh,0.25037581898462646
1119,left,75767,-0.034265309783023896,-0.00801718370817382,0.03641196764310385,fusiform-lh,0.36572950576115243
1120,left,75856,-0.03620354425086324,-0.0101653899722436,0.03052068583621033,fusiform-lh,0.4321747463925813
1121,left,76008,-0.021252258860161848,0.028710398388735233,0.1079934457901122,superiorfrontal-lh,1.239998213775114
1122,left,76010,-0.007846419537817678,0.02872782808554268,0.10670135069635865,superiorfrontal-lh,1.2009489973752348
1123,left,76050,-0.019828531725506072,0.026164978225383807,0.10272758603326178,superiorfrontal-lh,1.0648153792363646
1124,left,76087,-0.01932362303649488,0.024202221042052354,0.09835174725006635,superiorfrontal-lh,0.935556117414489
1125,left,76129,-0.011264479911949309,0.022647415934974664,0.09454866523048529,superiorfrontal-lh,1.0918904978976791
1126,left,76136,-0.038373354228609984,0.02168108154854601,0.09552839628863494,precentral-lh,0.9268204707490177
1127,left,76141,-0.044999117954635716,0.022182578878070687,0.09559211705309997,precentral-lh,0.8863337998001309
1128,left,76220,-0.05438308189711672,0.019299135129032665,0.09132832493820571,postcentral-lh,0.5012273414172046
1129,left,76243,-0.027574320985642733,0.0202878435229367,0.08969333852010908,precentral-lh,0.8003035234124934
1130,left,76295,-0.04840869869977883,0.017867848981732572,0.086971691255518,postcentral-lh,0.48545516277857226
1131,left,76320,-0.05227798352045239,0.01696937397129864,0.08546597342440503,postcentral-lh,0.4165858821822133
1132,left,76377,-0.05466192356058883,0.01639133466698237,0.08319371621137812,postcentral-lh,0.3903197420201261
1133,left,76418,-0.0502421687392563,0.014804584039032611,0.0807182242330588,postcentral-lh,0.4020452226045544
1134,left,76463,-0.04890144597174752,0.013358953069309574,0.07660716992224939,postcentral-lh,0.4515301920643282
1135,left,76497,-0.05220998316297769,0.01120674629815168,0.07294235116476355,supramarginal-lh,0.4427622549430989
1136,left,76584,-0.048635970159048275,0.008466362964811187,0.06709874366375984,supramarginal-lh,0.4537295581337246
1137,left,76599,-0.03938687169375989,0.007831043195947874,0.0662593070863095,supramarginal-lh,0.4271842743231625
1138,left,76619,-0.05581317114593602,0.007401416269790946,0.06496368595056048,supramarginal-lh,0.507705001572996
1139,left,76643,-0.032819497244486996,0.006537222010341624,0.06260043604464875,insula-lh,0.4171969322686323
1140,left,76684,-0.04158981993204099,0.0046456473617184114,0.05855995266727677,transversetemporal-lh,0.43218276181784443
1141,left,76730,-0.038692955778558795,0.002928233503454698,0.055673368785590135,transversetemporal-lh,0.42168308306186564
1142,left,76827,-0.06062113992356916,-0.0005368539485398598,0.049787247628660714,superiortemporal-lh,0.8094704742017051
1143,left,76884,-0.010608771152202864,-0.0018804219055958702,0.04330341308470008,unknown,0.20005582651829956
1144,left,76922,-0.05192071143907414,-0.004357018914701612,0.040840494241548876,middletemporal-lh,0.4372107731500075
1145,left,77012,-0.0552830645762318,-0.007182578397233939,0.035669994028018744,middletemporal-lh,0.39130644394027475
1146,left,77078,-0.03006371740660846,-0.008551986580336202,0.03109106046289562,fusiform-lh,0.37483362462497877
1147,left,77098,-0.03388000860439531,-0.009885459531881708,0.028827151909709327,fusiform-lh,0.4382329422573509
1148,left,77103,-0.04615358920609433,-0.010262255830106417,0.029725744658476886,inferiortemporal-lh,0.4915826803939779
1149,left,77198,-0.01860781003593148,0.03150990779598434,0.11132872712702599,superiorfrontal-lh,1.398450018785234
1150,left,77217,-0.012930199872978136,0.030477786536843177,0.10821508422193675,superiorfrontal-lh,1.476400633071201
1151,left,77560,-0.036498250991020914,0.01624220690954358,0.08106667761357907,precentral-lh,0.5107865944632302
1152,left,77607,-0.05158019857024795,0.01452926310828226,0.07711999427180212,postcentral-lh,0.40415202810977446
1153,left,77614,-0.0031542890036823684,0.015031755414525762,0.07716183931066352,unknown,0.47721830919868463
1154,left,77631,-0.0011744731550213771,0.014241115071958587,0.07461573828307183,unknown,0.44068395421694473
1155,left,77637,-0.05608649606141513,0.013258613311991413,0.07445848592591293,supramarginal-lh,0.39020258691012827
1156,left,77707,-0.058169223070393725,0.010226147766685276,0.0687065568912233,supramarginal-lh,0.4469183638899887
1157,left,77728,-0.054434224821810824,0.010020087623962993,0.06835098321864558,supramarginal-lh,0.45825400578976827
1158,left,77811,-0.0029574486619883614,0.00791312939615436,0.06472415715258806,unknown,0.3398652522196419
1159,left,77839,-0.004946497005579118,0.00813914094936792,0.06170188028797535,unknown,0.31749060642569715
1160,left,77920,-0.004528829627048675,0.004523327783880884,0.05375822668250549,unknown,0.19906156744791664
1161,left,77932,-0.05323278272306808,0.003031399609526749,0.05393547770445314,superiortemporal-lh,0.49452304571228617
1162,left,77982,-0.004194383680460923,0.0023611962638143257,0.048964712984772604,unknown,0.16635467256103478
1163,left,77988,-0.04705795372908045,0.0011910576940985414,0.0502555527117408,superiortemporal-lh,0.4413092775165902
1164,left,77996,-0.055338966117225524,0.0009556661113544742,0.049559602561268054,superiortemporal-lh,0.4737407840341715
1165,left,78112,-0.03271838717018046,-0.0030162375174307542,0.04109199530368215,parahippocampal-lh,0.360074551345355
1166,left,78247,-0.04148922668314365,-0.006644793627629259,0.033267854936003184,fusiform-lh,0.4394614901970136
1167,left,78370,-0.044544954922951706,-0.010990011226213004,0.025726298513785557,inferiortemporal-lh,0.5669826403926581
1168,left,78516,-0.029974167449655427,0.029570558676563656,0.10524135955060937,superiorfrontal-lh,1.0897948905843402
1169,left,78547,-0.011204133300087685,0.028861596906269053,0.10286009566463908,superiorfrontal-lh,1.204855324823791
1170,left,78634,-0.00815678108898266,0.02539613213612371,0.09646571996004742,superiorfrontal-lh,1.0834296732044508
1171,left,78673,-0.04806361534240589,0.02382263046234345,0.09474677651671028,precentral-lh,0.7208987564477631
1172,left,78715,-0.04419563580233455,0.02192366087459696,0.09069026654516159,precentral-lh,0.710953510198977
1173,left,78717,-0.012515060417967495,0.022007429153177376,0.08981242532085239,superiorfrontal-lh,0.7850718497591184
1174,left,78722,-0.03541220182077578,0.021824948312537312,0.08968336798651462,precentral-lh,0.8000250550439236
1175,left,78796,-0.039662245517089086,0.019463273475938313,0.08581863773456752,precentral-lh,0.6138397616153173
1176,left,78836,-0.00406143863124832,0.018755689187401323,0.08190105379779247,posteriorcingulate-lh,0.5344395818188822
1177,left,78960,-0.037106933117401125,0.012137870702644774,0.06941497550619402,insula-lh,0.43489370406661304
1178,left,79015,-0.04297613993324153,0.011040287405573121,0.06773184029557236,supramarginal-lh,0.43346534706447337
1179,left,79114,-0.060473580387550914,0.008412350743961364,0.06304585791207085,supramarginal-lh,0.5766520012197005
1180,left,79163,-0.004587056333545169,0.006780557290552168,0.05765527755717841,unknown,0.258316063845422
1181,left,79173,-0.0501670377381219,0.004992345021188197,0.05735847009167491,transversetemporal-lh,0.47705364100834186
1182,left,79217,-0.058017585212993605,0.004338357798883235,0.05292561191024758,superiortemporal-lh,0.6438400010514147
1183,left,79297,-0.004176165007211867,0.0011531768165486947,0.0444485552229676,unknown,0.17215700445909715
1184,left,79436,-0.02768021474715193,-0.004270999743826413,0.036666113168471265,parahippocampal-lh,0.30731823150973486
1185,left,79442,-0.05279331106708743,-0.004050108844094007,0.0367871679147055,middletemporal-lh,0.3867421701094609
1186,left,79485,-0.02306680038022888,-0.004538480260772686,0.03373978755571085,parahippocampal-lh,0.2859282078394903
1187,left,79517,-0.05905029417614558,-0.006969480354970633,0.0321787061398581,inferiortemporal-lh,0.40018438586613164
1188,left,79598,-0.05766754387316504,-0.00962968365057593,0.028080237795337547,inferiortemporal-lh,0.6578412002147169
1189,left,79845,-0.013060399596573189,0.028373029806716348,0.09910529288309455,superiorfrontal-lh,1.066739790169126
1190,left,79860,-0.004471367977302634,0.027840141671716875,0.0987137355926776,superiorfrontal-lh,1.0988144391996089
1191,left,79949,-0.03424979578093168,0.025482343778593666,0.09523215849570531,caudalmiddlefrontal-lh,0.9494672771606709
1192,left,80049,-0.0044958508708664024,0.021834258649947588,0.08767851946555386,posteriorcingulate-lh,0.6390008974114937
1193,left,80141,-0.007011328041886894,0.019694563656423757,0.08112247511122873,posteriorcingulate-lh,0.5364394958235925
1194,left,80212,-0.04999912297587236,0.017249681587064913,0.07883909393936706,postcentral-lh,0.42858119938841044
1195,left,80243,-0.05937844895519779,0.015206271901794247,0.07553006009646804,postcentral-lh,0.4019763500294431
1196,left,80281,-0.0010739891973085857,0.014498198374899771,0.07074617759582719,unknown,0.40184045421651354
1197,left,80341,-0.040155059156933175,0.01140887901746206,0.06655048071470153,postcentral-lh,0.4296961068891353
1198,left,80423,-0.04871287494072157,0.007468629450735903,0.059815209147836085,transversetemporal-lh,0.4656444165561077
1199,left,80446,-0.03241493904853464,0.007021816358239582,0.05711987063398631,insula-lh,0.402601217809794
1200,left,80490,-0.04825075960947039,0.005276101008945036,0.05330403819263707,superiortemporal-lh,0.45180630442102737
1201,left,80499,-0.03504263335486582,0.005101564381373291,0.05263737812840642,insula-lh,0.40054004120094927
1202,left,80577,-0.04258776403066911,0.0016196651281924625,0.04622290438072267,superiortemporal-lh,0.4098901639560693
1203,left,80624,-0.035319400914094336,0.0012653179169160806,0.043117165504543274,unknown,0.3795539168027624
1204,left,80648,-0.048821963708685384,-0.0009410089796921244,0.04200296483481816,middletemporal-lh,0.4121495644744939
1205,left,80660,-0.03256036248416256,0.00014249810471563765,0.03981729943233443,unknown,0.35468690678439985
1206,left,80694,-0.020791199227016176,-0.0009317755333026071,0.039261050164993636,unknown,0.2600929447452549
1207,left,80698,-0.027588223758459905,-0.002678971850680714,0.038533240443302946,unknown,0.3082098994518737
1208,left,80875,-0.05398243288511906,-0.006929497324315215,0.02932336085386894,inferiortemporal-lh,0.46685483712936987
1209,left,80944,-0.00585838869619025,0.03537607746331968,0.11104365111294738,superiorfrontal-lh,1.4254180159655119
1210,left,80982,-0.023768510134265952,0.03433897997220096,0.10936313982513354,superiorfrontal-lh,1.2706944096668293
1211,left,81045,-0.0171090588348714,0.032193306266350336,0.10641628762180756,superiorfrontal-lh,1.2981065499447815
1212,left,81048,-0.024791023323703667,0.03221310407992851,0.10528794854338751,superiorfrontal-lh,1.1236822165274818
1213,left,81103,-0.023188665807484164,0.029346033774754855,0.10061846661644978,superiorfrontal-lh,0.949322193419166
1214,left,81113,-0.027716155784226367,0.02853197470729771,0.09996585841889544,superiorfrontal-lh,0.8649376264348918
1215,left,81177,-0.022496398043845386,0.02735801328295643,0.09537478234298667,superiorfrontal-lh,1.0457407922851134
1216,left,81187,-0.014975983144508268,0.02684865996319146,0.09497942689717313,superiorfrontal-lh,1.0251666484540811
1217,left,81243,-0.04235082956145245,0.02473293095759262,0.09127104665833305,precentral-lh,0.7536790855064167
1218,left,81250,-0.05077834684745412,0.025265369059192078,0.09168879178653187,precentral-lh,0.39842120819986765
1219,left,81365,-0.05230654281033228,0.02075369082883381,0.08437354226621245,postcentral-lh,0.434956946891412
1220,left,81425,-0.04631325306610541,0.018294187226677673,0.08068636665014542,postcentral-lh,0.4862246400302185
1221,left,81479,-0.0398638252519342,0.01867569381081296,0.07785242606208137,precentral-lh,0.555930827036473
1222,left,81505,-0.05540949983251567,0.017439605613204543,0.07809692463907827,postcentral-lh,0.3871930088915319
1223,left,81551,-0.059161059223700456,0.015322111080275995,0.07183493790076792,postcentral-lh,0.40820288542062527
1224,left,81562,-0.055735817062257456,0.014568375503959601,0.0710811610416216,supramarginal-lh,0.40916707549378833
1225,left,81619,-0.032597423480562555,0.012528981864404794,0.06591616781348675,insula-lh,0.42577488215467346
1226,left,81691,-0.056620008478868465,0.008481479964362375,0.05774172261343991,superiortemporal-lh,0.5188275979161813
1227,left,81755,-0.04258607130471779,0.0056534642215898,0.05221015270378529,transversetemporal-lh,0.42091709735222355
1228,left,81856,-0.015383548911788596,0.0010220242322707025,0.04296156740003984,unknown,0.23546360389471488
1229,left,81880,-0.06046369311891108,0.0006005897417772745,0.043092381342815636,middletemporal-lh,0.5662818352007455
1230,left,82069,-0.03570387671553128,-0.0037174718961769,0.03170828035923122,fusiform-lh,0.4328093372116977
1231,left,82122,-0.047916698198268784,-0.005915747533731346,0.029766759057783438,inferiortemporal-lh,0.45150173620380557
1232,left,82245,-0.004989049867593985,0.03375938462682148,0.10674144267728307,superiorfrontal-lh,1.1413392133363187
1233,left,82246,-0.008852356326433405,0.034332357637928766,0.10725048260028047,superiorfrontal-lh,1.5444247456184088
1234,left,82337,-0.032405992051144895,0.0284693515345627,0.09789920970923892,superiorfrontal-lh,0.9255894773818775
1235,left,82447,-0.012400011221524542,0.026165661270884443,0.09135715917859565,superiorfrontal-lh,0.9694213480139144
1236,left,82472,-0.023882553421271414,0.025390302472381332,0.09074366038159559,superiorfrontal-lh,0.9065998203809612
1237,left,82553,-0.031074588544930955,0.02368184205496327,0.0861519510929742,precentral-lh,0.7357002399626084
1238,left,82558,-0.046409148722063996,0.023333038823970174,0.0866049154149305,precentral-lh,0.6131442026611179
1239,left,82566,-0.01129562596043235,0.023890144366797764,0.08585882539208217,posteriorcingulate-lh,0.6479388873724224
1240,left,82592,-0.004243779226684161,0.022959518199479067,0.08457014547681094,posteriorcingulate-lh,0.5580653073288563
1241,left,82637,-0.05625087561977769,0.020037276542928376,0.08147469700661769,postcentral-lh,0.39363747210471606
1242,left,82664,-0.005204226093169796,0.020613955541346124,0.07832434124985482,posteriorcingulate-lh,0.4855354780037928
1243,left,82706,-0.04344700689444253,0.017838502103415088,0.07574583643883434,postcentral-lh,0.5182770344111836
1244,left,82773,-0.051225985466078414,0.014855260677131454,0.06948043048388369,supramarginal-lh,0.4411884468313953
1245,left,82791,-0.04723380089174518,0.01367683709729282,0.06751515976615086,supramarginal-lh,0.4689272479585177
1246,left,82794,-0.0011418662774806243,0.014847537054296091,0.06691329486565686,unknown,0.36624514230846056
1247,left,82845,-0.043529403934619376,0.011527868755059182,0.06274911783710015,postcentral-lh,0.4370186946141951
1248,left,82864,-0.0034876969150977543,0.011809993012572594,0.05927327708316611,unknown,0.29091149796065396
1249,left,82912,-0.0455576128328941,0.008310287216074158,0.05588457416611523,transversetemporal-lh,0.438639625445951
1250,left,83067,-0.019239773048042332,0.002700986733370793,0.042783324180228115,unknown,0.2643142773909255
1251,left,83081,-0.04856473985576187,0.0021952441845041414,0.04315193153739655,middletemporal-lh,0.40107587583175436
1252,left,83244,-0.039087460212022355,-0.0010049174573532743,0.03640197340325684,fusiform-lh,0.4039313133331679
1253,left,83330,-0.04278157036534079,-0.003454382545943716,0.03031813398002818,fusiform-lh,0.47484485926286074
1254,left,83342,-0.03097803432979468,-0.004258515450045283,0.02920712755024444,fusiform-lh,0.42158454190052685
1255,left,83446,-0.021038718291466713,0.03624134885846986,0.1096162732708513,superiorfrontal-lh,1.3183623009866994
1256,left,83606,-0.03848028208435643,0.02860470844193313,0.09571900374429368,caudalmiddlefrontal-lh,0.73494526431552
1257,left,83619,-0.02796437055147326,0.02824810957006024,0.09427086593613425,superiorfrontal-lh,1.3217391312406084
1258,left,83639,-0.0452281909873309,0.028129660776202877,0.0934105812136093,precentral-lh,0.3799221067017593
1259,left,83713,-0.02931609270538445,0.026197955707829252,0.08979137993533072,caudalmiddlefrontal-lh,0.9214539947985234
1260,left,83726,-0.007342854260331339,0.026272372903051896,0.08927067598094962,posteriorcingulate-lh,0.7070405535371602
1261,left,83826,-0.04124736165269793,0.022511641679597783,0.08217315479551002,precentral-lh,0.6230098951993446
1262,left,83892,-0.0015315058675039578,0.020556636264770837,0.07644406239080011,unknown,0.4480385607329531
1263,left,83910,-0.05327465958923237,0.018493211169562068,0.07507336274939845,postcentral-lh,0.4124334706510868
1264,left,83944,-0.04660511114326535,0.018280667462627735,0.07283782067286163,postcentral-lh,0.4846041120321319
1265,left,84055,-0.0035734039654841494,0.01416971524029519,0.06296820368156003,unknown,0.33762109453156325
1266,left,84062,-0.048153876634014,0.012560479440534442,0.0631304892862076,postcentral-lh,0.4714004491463409
1267,left,84129,-0.003339529814916189,0.010684750485688062,0.05597999059216469,unknown,0.2445718489422785
1268,left,84189,-0.05391340198405329,0.007394093398162965,0.051780749257430585,superiortemporal-lh,0.48288855250317253
1269,left,84216,-0.05603127359510911,0.006381114019330622,0.04965049115026409,superiortemporal-lh,0.48412447031916944
1270,left,84223,-0.03926056869583292,0.006022836984766133,0.0482171598894144,superiortemporal-lh,0.397847602474387
1271,left,84229,-0.05106842856388616,0.00568940879643216,0.048445545297922235,superiortemporal-lh,0.4386617791709915
1272,left,84244,-0.002169853338653789,0.006300660261341765,0.04715426608654347,unknown,0.1704092651218579
1273,left,84274,-0.05507434328256867,0.002250710421872335,0.04354391907016524,middletemporal-lh,0.4444852204478365
1274,left,84332,-0.0235887689772655,0.003153546756382174,0.04167192191226074,unknown,0.2933256130876473
1275,left,84355,-0.0076544610053493,0.002904116599921901,0.04085237345890485,unknown,0.2162597290402255
1276,left,84408,-0.034155832013410346,0.001391043882605939,0.0387811846320827,parahippocampal-lh,0.36160120882882874
1277,left,84464,-0.05978927659278276,-0.0002775762899059177,0.0358931347819303,middletemporal-lh,0.432151419344388
1278,left,84533,-0.025014944135692177,-0.0012838588734556417,0.03199006972932261,parahippocampal-lh,0.3045599874398059
1279,left,84598,-0.0363052126323284,-0.0036743566008376437,0.027576672557083893,fusiform-lh,0.5366218442989843
1280,left,84648,-0.05340294081739245,-0.004690647598520259,0.02644182860601786,inferiortemporal-lh,0.655919561649506
1281,left,84788,-0.007780331255684891,0.034133433585795424,0.10297455089560244,superiorfrontal-lh,1.3413782070301181
1282,left,84792,-0.012858849761631245,0.03460533526460098,0.1031142831245618,superiorfrontal-lh,1.3432121723992723
1283,left,84822,-0.030028032766861265,0.03212439399963998,0.10040660497463143,superiorfrontal-lh,1.3778790501518117
1284,left,84991,-0.05334089231114001,0.026370548803018496,0.08901097413860105,precentral-lh,0.23586954609742644
1285,left,85000,-0.03906615547007741,0.026394413799423682,0.08786948172873679,precentral-lh,0.8573446841946777
1286,left,85111,-0.05960841343469979,0.020376157352531017,0.07748507833585327,postcentral-lh,0.4841542537323287
1287,left,85248,-0.05510212555441871,0.016011395175905902,0.06641054161652643,postcentral-lh,0.41801770271092725
1288,left,85259,-0.051387681682254514,0.014937046465544073,0.0651051717062153,postcentral-lh,0.4498111827804013
1289,left,85321,-0.033348047416815026,0.013409122335370564,0.06179012071211493,insula-lh,0.4140685099184372
1290,left,85377,-0.05365675679380165,0.011101712091682987,0.05643133929786631,transversetemporal-lh,0.48833623848593805
1291,left,85412,-0.05479646808656057,0.010135713135980617,0.05426834040990339,superiortemporal-lh,0.49474711076730754
1292,left,85449,-0.004427874245975456,0.009525798489928301,0.05187387830738973,unknown,0.20820494385705107
1293,left,85518,-0.04607125218709432,0.006420141228338443,0.0466540881072883,superiortemporal-lh,0.40732831396424246
1294,left,85553,-0.028908050550361827,0.004326175810278014,0.04179981996953015,unknown,0.3351333458653326
1295,left,85635,-0.035561228285588324,0.0036627562797995833,0.04016855696334805,unknown,0.3675043876361334
1296,left,85671,-0.054763694413096344,0.002198443219610236,0.038650894282354076,middletemporal-lh,0.39491406413944535
1297,left,85764,-0.029231706739522682,0.0008656395693469555,0.03530092462888687,parahippocampal-lh,0.317515679436198
1298,left,85786,-0.02030781454755653,0.0003729868833649043,0.03375183890784013,parahippocampal-lh,0.27292054542694866
1299,left,85795,-0.054324711378933,-0.0004010776469256499,0.03361366194967547,inferiortemporal-lh,0.3745043936633302
1300,left,86025,-0.01795862367844811,0.036494791313468514,0.10623331172856847,superiorfrontal-lh,1.3307422923502423
1301,left,86026,-0.026912410046575238,0.0361511478716545,0.10627325296957456,superiorfrontal-lh,1.5574462546643215
1302,left,86074,-0.028359713776003534,0.03550582944429699,0.10352813208670103,superiorfrontal-lh,1.5955881117081143
1303,left,86133,-0.010715820043140837,0.033930827641953834,0.09940680099667543,superiorfrontal-lh,1.2126180744691724
1304,left,86142,-0.040925525353546384,0.03293801739822616,0.09918980055255504,caudalmiddlefrontal-lh,1.5034907674342675
1305,left,86248,-0.009778376159426656,0.028835405089687904,0.09032796348403643,posteriorcingulate-lh,0.809694027197293
1306,left,86255,-0.03317902115749429,0.02877306097042531,0.08974213429750445,caudalmiddlefrontal-lh,1.1197994235160786
1307,left,86343,-0.004399924179175457,0.024583569668903762,0.0808023730759371,posteriorcingulate-lh,0.49304682719878445
1308,left,86359,-0.04347862420984926,0.02431365395233978,0.07852261690642956,precentral-lh,0.6162180366452198
1309,left,86422,-0.04795838714660729,0.02244965921734823,0.07672229864565547,precentral-lh,0.5140111150644929
1310,left,86470,-0.0005217339007030377,0.021221386978348633,0.07304584886847752,unknown,0.4151792792744426
1311,left,86525,-0.04131280320643958,0.017270307288502523,0.06804694213393697,postcentral-lh,0.4668596095425103
1312,left,86546,-0.04481774172534815,0.016607743121988403,0.0655616357892786,postcentral-lh,0.4720076543329498
1313,left,86651,-0.03631204247383337,0.012789796544739288,0.05818744079665906,insula-lh,0.4088991421796618
1314,left,86744,-0.03574557861796067,0.010367856570265217,0.05211143287565549,insula-lh,0.393219517525723
1315,left,86872,-0.0008599403785002608,0.005979211895320529,0.041804332052155335,unknown,0.19208978970105445
1316,left,86911,-0.044774196439962444,0.004870118689094141,0.040455699166864534,middletemporal-lh,0.3830562786109532
1317,left,87056,-0.02384389083143305,0.002490959623593552,0.035199699387779365,unknown,0.27909652615705677
1318,left,87315,-0.011642636690938655,0.04016929413485315,0.10940907306387106,superiorfrontal-lh,1.4095455448212475
1319,left,87502,-0.014039590131248739,0.03311914653415843,0.09542979627401349,superiorfrontal-lh,1.0926914461832313
1320,left,87561,-0.01535232536244848,0.030549191428794212,0.09105691126712313,superiorfrontal-lh,1.0955486020734124
1321,left,87585,-0.05080267569048655,0.029316357473904327,0.09014817974010142,precentral-lh,0.1766274074305353
1322,left,87608,-0.005550587664502435,0.028982461044643425,0.08779184787345867,posteriorcingulate-lh,0.6134696002175218
1323,left,87730,-0.058739210071353645,0.023098930973873853,0.0781033546275909,postcentral-lh,0.4675227397508801
1324,left,87811,-0.060542532303817204,0.01983065620407883,0.07262994850058307,postcentral-lh,0.4316794800165548
1325,left,87822,-0.04946895903649672,0.019984624114665527,0.07101299774410852,postcentral-lh,0.46531686775777575
1326,left,87844,-0.03747565941577462,0.018649112872533496,0.06866396493166986,insula-lh,0.46803237956607063
1327,left,87868,-0.03347378935461996,0.01784358860301081,0.06651793204802475,insula-lh,0.44275039781903175
1328,left,87903,-0.048631022652148005,0.016249082754592498,0.06376086756866878,postcentral-lh,0.47230512770721494
1329,left,88293,-0.011732778077819897,0.004211830113907322,0.037057883518395264,unknown,0.2546155423774125
1330,left,88312,-0.02852161437578091,0.0038150683551714483,0.035913111170767564,unknown,0.3073595673453734
1331,left,88385,-0.06154239256255386,0.0015962608145545947,0.0329227535477603,middletemporal-lh,0.48911814696300876
1332,left,88402,-0.033670285873391395,0.0014122795373597194,0.03167006782990615,fusiform-lh,0.3830167274801054
1333,left,88406,-0.039572285997579885,0.001337851663211037,0.03201379835718453,fusiform-lh,0.45353881162067455
1334,left,88482,-0.05922296629570118,-0.0008964460117459909,0.028253015316343597,inferiortemporal-lh,0.49500662828763675
1335,left,88505,-0.03199233925148128,-0.001114430848916291,0.026143869408733415,fusiform-lh,0.5432271595424663
1336,left,88599,-0.008424135768677704,0.03934590725620153,0.10660575964211376,superiorfrontal-lh,1.722089561777471
1337,left,88657,-0.022726540238475645,0.0369469493893419,0.1020012272833598,superiorfrontal-lh,1.3454316957877759
1338,left,88778,-0.028386985570649486,0.03220461133007923,0.09345961858923423,superiorfrontal-lh,1.4304724885018762
1339,left,88796,-0.034055242728370246,0.031919353681671966,0.09318037266829628,caudalmiddlefrontal-lh,1.5310028151633197
1340,left,88877,-0.00723334995987595,0.03046922098406181,0.08749269483138941,posteriorcingulate-lh,0.6328979195521468
1341,left,88909,-0.034370495251556624,0.02878585150204783,0.0851352989969002,caudalmiddlefrontal-lh,0.8915277359173581
1342,left,88934,-0.04807257639568671,0.026971535433076524,0.08392446447094791,precentral-lh,0.6560823056153733
1343,left,88965,-0.007510204497770656,0.026513447425332633,0.07965543098495739,posteriorcingulate-lh,0.4951078274829902
1344,left,89020,-0.05600282912936296,0.0223043859734246,0.07322342041560116,postcentral-lh,0.41990697350490575
1345,left,89083,-0.000444009011085725,0.02124659573338778,0.0683987778166572,unknown,0.38194372726635484
1346,left,89089,-0.052559272871619024,0.01992179892921537,0.06854853650127188,postcentral-lh,0.43788061985923643
1347,left,89107,-0.05848661296846923,0.018614726818596456,0.06717237460490151,postcentral-lh,0.4058497803798295
1348,left,89147,-0.05225880620740767,0.017304907948638967,0.0628848364935603,postcentral-lh,0.43405294388263294
1349,left,89151,-0.056137185620141875,0.01725258036341178,0.0630591989988678,postcentral-lh,0.40834437582405714
1350,left,89170,-0.06104328935383776,0.017217356954038934,0.06266397663712753,postcentral-lh,0.38757545071507116
1351,left,89178,-0.03428506524975058,0.017204991338377593,0.06173979042859173,insula-lh,0.4207008275928746
1352,left,89228,-0.060996123373381894,0.01342314845383578,0.053827196705422624,superiortemporal-lh,0.48202061436731475
1353,left,89231,-0.050401333406091,0.0123003775340993,0.05350025636487221,transversetemporal-lh,0.4697570669420483
1354,left,89275,-0.046425322752455964,0.011205485022626326,0.05066990886060571,superiortemporal-lh,0.42247069598524567
1355,left,89290,-0.0584795074304882,0.009931747146598517,0.04896968064981878,superiortemporal-lh,0.5142002467078931
1356,left,89304,-0.0358917940210129,0.00908623513650584,0.04727550046879642,insula-lh,0.38065927107239605
1357,left,89354,-0.05464847964575293,0.00881951732269494,0.044414688248447964,superiortemporal-lh,0.41972130140261693
1358,left,89459,-0.05181856330760872,0.00528857731010295,0.038479055591913884,middletemporal-lh,0.4794314061057048
1359,left,89500,-0.004935553334024833,0.006176127980289456,0.03628906950041509,unknown,0.2628269889060034
1360,left,89515,-0.03775255415846021,0.004030365859335314,0.03571919821424603,fusiform-lh,0.37487774936360324
1361,left,89526,-0.016112320485740426,0.0047104348139918265,0.035057985402598066,unknown,0.2681478605169086
1362,left,89630,-0.045313604375467345,0.0024717775792887173,0.03143556935097197,fusiform-lh,0.37300787779960576
1363,left,89704,-0.038453317059467425,0.00038961755014448995,0.026334962327113867,fusiform-lh,0.671233056331767
1364,left,89868,-0.008401050658949095,0.03784581692160799,0.10104160914412756,superiorfrontal-lh,1.408721507679745
1365,left,89969,-0.007030115517064471,0.03454837382389513,0.0938415654104328,superiorfrontal-lh,1.1398059142324903
1366,left,90049,-0.042387121922399205,0.030182323307410414,0.08864191253512656,precentral-lh,1.3672327768761539
1367,left,90104,-0.01302482247663771,0.031332968057716126,0.08575638880973517,superiorfrontal-lh,0.6780775749881998
1368,left,90140,-0.054513609707457424,0.029100197179244242,0.08407259843006633,precentral-lh,0.20311191217894228
1369,left,90144,-0.004321215969581861,0.029642246269015928,0.08317318557854479,posteriorcingulate-lh,0.4924431583789028
1370,left,90203,-0.004783057138511256,0.026743107544204725,0.0773307710909326,unknown,0.45319173120076944
1371,left,90354,-0.0010210476851794758,0.020195701562064704,0.06448412647198384,unknown,0.3531015087379445
1372,left,90422,-0.036333816985608,0.0161726444243959,0.05763534167187359,insula-lh,0.4084581478876976
1373,left,90498,-0.04325081409674367,0.01179503830234854,0.04781700509475813,superiortemporal-lh,0.39732495118314337
1374,left,90519,-0.0025503535134415362,0.011419946398028423,0.04617960112784311,unknown,0.19815655953301572
1375,left,90539,-0.04859749501116542,0.009373761698071824,0.045102089510612973,superiortemporal-lh,0.4023293650907724
1376,left,90616,-0.02993484271192989,0.007846454703766943,0.04004786308957732,unknown,0.330538017514504
1377,left,90630,-0.01984904978221469,0.007508795038846316,0.03898755895773402,unknown,0.268313980586539
1378,left,90639,-0.03081345711446532,0.007154972385271886,0.03821875969699802,unknown,0.32794861016633764
1379,left,90676,-0.058084704607080095,0.00642996453891754,0.03831522260078048,middletemporal-lh,0.43334463272068396
1380,left,90838,-0.020717657038398833,0.003130583951996597,0.030400712503010734,parahippocampal-lh,0.2930011310281504
1381,left,90857,-0.026361994137431795,0.0027476325629925,0.029184136579184318,parahippocampal-lh,0.32354688188991093
1382,left,90880,-0.05162658735277196,0.0014385651929043823,0.028034403374327554,inferiortemporal-lh,0.32649113418080644
1383,left,90944,-0.04860325170070914,0.0007318117372479543,0.024869800485122724,inferiortemporal-lh,0.7407187761172757
1384,left,90984,-0.024351921951104662,0.041658046898215256,0.10660961266119207,superiorfrontal-lh,1.574967012361003
1385,left,91010,-0.013000948710658308,0.04005871104039643,0.10393526562413896,superiorfrontal-lh,1.5599905375616585
1386,left,91060,-0.03597156176700626,0.038283950994147886,0.1009558957558998,caudalmiddlefrontal-lh,1.6894570787323473
1387,left,91078,-0.0413878334409289,0.03696081053181631,0.09916762167371498,caudalmiddlefrontal-lh,1.6277373598204565
1388,left,91119,-0.00614766005255659,0.036514219185341035,0.09679571218200198,superiorfrontal-lh,1.2213132912593534
1389,left,91122,-0.025611423188372798,0.03601563028098789,0.09598773877652308,superiorfrontal-lh,1.4666667204589996
1390,left,91124,-0.035389217897753664,0.03596688787397864,0.09654554819292277,caudalmiddlefrontal-lh,1.6770974760940365
1391,left,91192,-0.011769415339885314,0.03468229360476973,0.09104017135466107,superiorfrontal-lh,1.1232594773826876
1392,left,91200,-0.03679930600709236,0.03293756803842367,0.091353235437374,caudalmiddlefrontal-lh,1.518461789091546
1393,left,91289,-0.05196280466404938,0.030830319089858036,0.08544639861942965,precentral-lh,1.1330847230407648
1394,left,91354,-0.050464092254959014,0.027680552768525483,0.07989449773052247,precentral-lh,0.5995086899611675
1395,left,91422,-0.04654650804338365,0.024472367039275834,0.07311442666131932,precentral-lh,0.5489696418370268
1396,left,91462,-0.06092021969645559,0.02216564897590064,0.0687763449682463,postcentral-lh,0.43010859650735533
1397,left,91600,-0.003242459022569827,0.018424019580266692,0.05836760099531999,unknown,0.30400581563009516
1398,left,91617,-0.003115137072805241,0.01634114677707612,0.054101395273408605,unknown,0.2507895055837978
1399,left,91654,-0.003940618805327538,0.014680826511744093,0.050160707346534224,unknown,0.21899067714474818
1400,left,91912,-0.03509510403997954,0.00777563631323994,0.03875187617053437,parahippocampal-lh,0.3516522793749785
1401,left,91997,-0.030216164493501244,0.0056942688898165865,0.033889236558358946,parahippocampal-lh,0.3126429774736566
1402,left,92015,-0.03828182573883667,0.005315703541109831,0.03174278542261525,fusiform-lh,0.38475963105862704
1403,left,92109,-0.03221765204592214,0.0026100533743831315,0.026230332565604163,fusiform-lh,0.5092408639765809
1404,left,92111,-0.04626554485331953,0.0019654239057611085,0.02624137794053759,inferiortemporal-lh,0.7054853497120851
1405,left,92426,-0.04671495271610823,0.03304641815895989,0.08920448687993654,precentral-lh,1.6035364091741577
1406,left,92551,-0.052574288963913814,0.026871326929652904,0.07580884870027976,precentral-lh,0.5204527569654174
1407,left,92557,-0.0007584233875715793,0.02780095054451026,0.07483978767521979,unknown,0.41411697670277275
1408,left,92643,-0.0558943292206752,0.021471844149544554,0.06599232526585208,postcentral-lh,0.4217202371348337
1409,left,92691,-0.04261524714251175,0.020528948590971843,0.06222304187539918,postcentral-lh,0.46913561573334395
1410,left,92706,-0.045711592820490775,0.019813572034248716,0.061528439067864586,postcentral-lh,0.48425827190635706
1411,left,92721,-0.0014689636642287037,0.02111055645569464,0.06121307069541177,unknown,0.3307115441455623
1412,left,92730,-0.04999674101627959,0.02010242249715889,0.06074420582382907,postcentral-lh,0.4501278815450064
1413,left,92787,-0.038802841025203386,0.01678722511663608,0.05382979792866976,insula-lh,0.4019149766601398
1414,left,92829,-0.05819956819669521,0.014197609778695637,0.04970361985352746,superiortemporal-lh,0.42050277771070055
1415,left,92853,-0.049908182445882986,0.013659240839229975,0.04776609286754535,superiortemporal-lh,0.43792976486024565
1416,left,92876,-0.05732709652663535,0.011644812440919208,0.04574719728535298,superiortemporal-lh,0.4305071440694662
1417,left,92894,-0.03899576227019101,0.011843047361455899,0.04363149603628789,insula-lh,0.3721292922179005
1418,left,92935,-0.0025083734439833374,0.011123441467103352,0.04101329066891309,unknown,0.2333702846934458
1419,left,92942,-0.04484306993891402,0.009896746028946633,0.04058492001189503,superiortemporal-lh,0.3756686061211388
1420,left,92952,-0.021311540923969124,0.010215672206384922,0.03970527914691599,unknown,0.27982965313285074
1421,left,93086,-0.05406172849226272,0.006924052948448985,0.03388410334319497,inferiortemporal-lh,0.41723745334082796
1422,left,93122,-0.02422984480771235,0.0064400974180763805,0.032905568373928565,unknown,0.2817404772763158
1423,left,93193,-0.05477658371224739,0.003932223446048044,0.028163568614304357,inferiortemporal-lh,0.3533043300659908
1424,left,93376,-0.02442293029162404,0.0394625656272249,0.0991485008894639,superiorfrontal-lh,1.448495654992805
1425,left,93381,-0.017116828240408218,0.039665053629166155,0.09854861227768408,superiorfrontal-lh,1.3055519248058902
1426,left,93460,-0.041007860191698685,0.03574430583344487,0.09274977876987726,caudalmiddlefrontal-lh,1.6068437232809754
1427,left,93558,-0.03895920368574227,0.03329044720157152,0.08554380938925972,caudalmiddlefrontal-lh,1.1974621768897404
1428,left,93570,-0.005477286696827765,0.03397456017545021,0.08540533211599456,posteriorcingulate-lh,0.5219308897656358
1429,left,93691,-0.05889345537332095,0.02446036008955599,0.07022738833579496,postcentral-lh,0.4410632668646285
1430,left,93696,-0.04761516494277227,0.024821366694011433,0.06852644784333883,precentral-lh,0.5233845017226414
1431,left,93720,-0.03846951524503926,0.023662907799987407,0.06600019266363644,insula-lh,0.49324507680870383
1432,left,93786,-0.03965490020944047,0.021890691001453598,0.06335102107207456,postcentral-lh,0.4655409570369176
1433,left,93846,-0.054077316059624105,0.019747114987622813,0.05902821216814698,postcentral-lh,0.4133360541981437
1434,left,93850,-0.058736769866325804,0.019167475974624502,0.058486104724068316,postcentral-lh,0.39187727885924556
1435,left,93922,-0.0572106418748697,0.016140562064156982,0.051839390480902234,superiortemporal-lh,0.407512179212519
1436,left,94028,-0.025176022633217294,0.012207091069252832,0.040721257890181384,unknown,0.3065448810211191
1437,left,94152,-0.059800481109212225,0.008423200012732808,0.03610205794962349,middletemporal-lh,0.409734280532032
1438,left,94187,-0.009736767528959368,0.008528382080489904,0.03345149699619465,unknown,0.3038780648787211
1439,left,94248,-0.050443592700602356,0.005859397699748383,0.030577659574574548,inferiortemporal-lh,0.3819077471998165
1440,left,94366,-0.009694834140963393,0.04500742682540665,0.1064785527691953,superiorfrontal-lh,2.0549484569221907
1441,left,94392,-0.019495005364124417,0.04330044479278483,0.1045638418353282,superiorfrontal-lh,1.5451490103186392
1442,left,94494,-0.03908078312756828,0.038354952321585686,0.09520779738638323,caudalmiddlefrontal-lh,1.6059921807209812
1443,left,94535,-0.03098840673959598,0.037288079309422434,0.09158968637808951,caudalmiddlefrontal-lh,1.4830037071326678
1444,left,94568,-0.04995986856618662,0.035658923981414944,0.08878913322228897,precentral-lh,1.6019118006279904
1445,left,94622,-0.04819114775271639,0.03374622336843547,0.08555665139590944,precentral-lh,1.4588813614945435
1446,left,94640,-0.010698957770518817,0.03354164097704532,0.08284905428711731,caudalanteriorcingulate-lh,0.5612760490960451
1447,left,94675,-0.004269708297575375,0.031793198473033454,0.07906638448953932,posteriorcingulate-lh,0.44312535995257074
1448,left,94793,-0.03334438351490763,0.02453680539791846,0.0655106981246273,insula-lh,0.4721016348283685
1449,left,94808,-0.049394251160654816,0.023726445203345884,0.0648034246790305,postcentral-lh,0.4843748643168147
1450,left,94843,-0.058104636702355335,0.022027583254437304,0.06278579374828788,postcentral-lh,0.4103378603802454
1451,left,94893,-0.05960943338633388,0.020965726719754975,0.05959783031925861,postcentral-lh,0.3967454801972067
1452,left,95176,-0.05146192157659581,0.010376502136316114,0.03772078670987093,middletemporal-lh,0.40767846349754894
1453,left,95337,-0.02172112630412967,0.006388032053674896,0.027622264000902896,parahippocampal-lh,0.30950176596144763
1454,left,95408,-0.013320893759815504,0.047117162009596036,0.10814407134174263,superiorfrontal-lh,2.1168522021167173
1455,left,95498,-0.02502615423771913,0.04381719215998245,0.10169272564361963,superiorfrontal-lh,1.4243513159522647
1456,left,95511,-0.010780562191816948,0.04312975431623975,0.1011998592346356,superiorfrontal-lh,1.5804931607411998
1457,left,95572,-0.011160249072374867,0.04165809225590279,0.09636272682277516,superiorfrontal-lh,1.3109878789647782
1458,left,95617,-0.045482001626400176,0.039233634959831676,0.09386391187902544,caudalmiddlefrontal-lh,1.5187144282644394
1459,left,95619,-0.00933071114623546,0.03930973148575721,0.09218846434892736,superiorfrontal-lh,1.171010369902661
1460,left,95664,-0.0248876598959439,0.036891054797167644,0.08881680420544268,caudalmiddlefrontal-lh,1.2327662396408154
1461,left,95700,-0.012191918051569873,0.03629148039125228,0.0859987552713682,superiorfrontal-lh,0.7207338106449149
1462,left,95771,-0.05537066322622927,0.03199288164685114,0.07991828397256368,precentral-lh,0.7341556706144917
1463,left,95876,-0.0005148209884956928,0.028556786714514316,0.07055337364532317,unknown,0.3964719016903032
1464,left,95980,-0.05176447083661006,0.023211606561436855,0.06219225083235475,postcentral-lh,0.44546024486192864
1465,left,95995,-0.03273050199582137,0.02320581223262087,0.060898095703323454,insula-lh,0.428348422231364
1466,left,96014,-0.05525830540734832,0.021626479414425283,0.05938655732009216,postcentral-lh,0.4122275184769146
1467,left,96057,-0.046480763550292216,0.020590126069705224,0.05577384497828627,precentral-lh,0.48198553712613906
1468,left,96062,-0.05135854875006174,0.02053117517804645,0.05566208968449884,postcentral-lh,0.42471515119878017
1469,left,96080,-0.054817947314731046,0.02031302881949612,0.05473553449721998,postcentral-lh,0.4073707605967805
1470,left,96107,-0.03855941870077464,0.017901838350095935,0.050299773439267864,insula-lh,0.38771670826997645
1471,left,96112,-0.05351859968445763,0.01761961855499952,0.050436285946203786,superiortemporal-lh,0.433845656332644
1472,left,96142,-0.04910684531949546,0.01766664700316814,0.04829516023481515,superiortemporal-lh,0.46551067819750863
1473,left,96385,-0.03687573460830372,0.009284951581485047,0.03308024065406481,fusiform-lh,0.3437724291697334
1474,left,96427,-0.025349691317789913,0.00856300398248123,0.030935468531050964,unknown,0.2870525020993177
1475,left,96490,-0.028062573111363214,0.006974279235045877,0.025981222116540127,parahippocampal-lh,0.340852488171455
1476,left,96631,-0.0038370471433305684,0.04488124465278191,0.10292009015225273,superiorfrontal-lh,1.8073072265099082
1477,left,96710,-0.003917852499862045,0.042861053918647,0.09765157759577066,superiorfrontal-lh,1.4301149069939314
1478,left,96793,-0.02172957313935395,0.03983208940094539,0.0918685961727869,superiorfrontal-lh,1.3505718078626625
1479,left,96834,-0.008161494664945318,0.03904809124904965,0.08897295147325825,superiorfrontal-lh,0.8584505031597855
1480,left,96854,-0.04207916007963846,0.03684812956941251,0.08700157828472506,precentral-lh,1.444239144151735
1481,left,96927,-0.04738904688165053,0.03387621330192506,0.08085498781988679,precentral-lh,1.0195149469364724
1482,left,96946,-0.04368085380612116,0.03376320137774959,0.0790538564690481,precentral-lh,0.9282476579645649
1483,left,96985,-0.007493760119347036,0.03293771198210413,0.07779133573993821,posteriorcingulate-lh,0.4617361744789904
1484,left,96987,-0.037345202721607046,0.0323757003416899,0.07655047720978912,caudalmiddlefrontal-lh,0.8026361052587048
1485,left,97002,-0.045631896412499935,0.031055357562816042,0.07635723388971584,precentral-lh,0.7468319592070926
1486,left,97040,-0.05108390776926186,0.0298714244607661,0.07303571850298932,precentral-lh,0.6172190571737958
1487,left,97043,-0.03995487386589838,0.03036078842042418,0.07278235844060468,caudalmiddlefrontal-lh,0.6744311262030442
1488,left,97095,-0.0003308458388102043,0.027873513735535052,0.06648104417490969,unknown,0.3792927416419612
1489,left,97130,-0.00033736383987405965,0.02659698073407212,0.06358407970808991,unknown,0.3616841643477948
1490,left,97142,-0.04515585433380763,0.024707155570712076,0.062441405630441,precentral-lh,0.5052238500745785
1491,left,97168,-0.046123829057117816,0.02320814794967391,0.05934927330117136,precentral-lh,0.49297784816028334
1492,left,97200,-0.0355253265697622,0.022449200439021853,0.05742763404853379,insula-lh,0.4127137895741157
1493,left,97219,-0.05760745606168742,0.02157555899321519,0.05548554234698348,postcentral-lh,0.4035400067680876
1494,left,97246,-0.0033626339012148413,0.021523313164297828,0.053416968370485006,unknown,0.2742479256129913
1495,left,97283,-0.003970310004450639,0.019632038654954213,0.04924007224210257,unknown,0.2395944155114374
1496,left,97324,-0.04512175713938963,0.017286133040235553,0.04663352481128461,superiortemporal-lh,0.40330898681490923
1497,left,97345,-0.05170307783237841,0.017069263234939257,0.045542694894844325,superiortemporal-lh,0.4893129011983406
1498,left,97347,-0.0031117022626442133,0.017452106418569986,0.044761155671875816,unknown,0.2327938685040382
1499,left,97384,-0.0451288805067909,0.014666995704693066,0.04134377684688238,superiortemporal-lh,0.3859241057317848
1500,left,97415,-0.02723382345459297,0.015899270729481385,0.03937021242471357,unknown,0.3123557153416128
1501,left,97429,-0.017878125864935195,0.014660529439582709,0.03858410659353968,unknown,0.27797955545853736
1502,left,97466,-0.056537081101893025,0.012646858694253128,0.038239863519559464,middletemporal-lh,0.49013462464305074
1503,left,97493,-0.005101949310141723,0.013064199232619846,0.0368408236745483,unknown,0.29683848100273685
1504,left,97549,-0.030086372430517427,0.010853280836997827,0.032942783486650626,unknown,0.2996209791659557
1505,left,97577,-0.01303768725056578,0.010928348936905266,0.03237594697800334,unknown,0.3144355912602735
1506,left,97603,-0.03157836476705495,0.010521867774859637,0.03146118835015763,parahippocampal-lh,0.3045895317771954
1507,left,97616,-0.023745447117431605,0.010157513117058564,0.030439175672204444,unknown,0.2880771176880551
1508,left,97808,-0.008818320875221334,0.04723564677308667,0.10391317137779214,superiorfrontal-lh,1.9012898394192523
1509,left,97828,-0.016016462298833037,0.04669726189805723,0.10316280150896112,superiorfrontal-lh,1.6201808209391662
1510,left,97852,-0.022257182077550536,0.04502281015514671,0.1009989366970786,superiorfrontal-lh,1.3842554527865463
1511,left,97935,-0.031861445757949206,0.04176244781354267,0.0948488382639342,caudalmiddlefrontal-lh,1.5644249202486393
1512,left,98002,-0.035667967581668306,0.03951000128584736,0.09044824509470743,caudalmiddlefrontal-lh,1.4863526029328609
1513,left,98124,-0.004255049309260866,0.036095870698693966,0.08149765465358684,posteriorcingulate-lh,0.43562671061287817
1514,left,98132,-0.05356671407583096,0.03487177489667421,0.08206753709601289,precentral-lh,1.1791014912065223
1515,left,98279,-0.053311062452886075,0.028939848410691835,0.06936637114120299,precentral-lh,0.5514899402734366
1516,left,98314,-0.053418004665984016,0.027540209214790813,0.06499344305381713,precentral-lh,0.4938431490710854
1517,left,98344,-0.0007980801273239282,0.026214374598851863,0.06040249515844035,unknown,0.34233698221306635
1518,left,98375,-0.002080270559616122,0.02433536437639357,0.056929020121056446,unknown,0.3124200830240955
1519,left,98409,-0.03597404873186878,0.02211719936530819,0.05372924283918081,insula-lh,0.39354427088524935
1520,left,98498,-0.036445194436020255,0.018404476236183086,0.04572930581392672,insula-lh,0.36529477839304736
1521,left,98586,-0.060993467331064574,0.015751058414316024,0.040676542076234515,middletemporal-lh,0.5462505161037597
1522,left,98676,-0.03453695066078363,0.013707655165847273,0.03549780370876788,unknown,0.3294919070806045
1523,left,98692,-0.03549346605794825,0.012495536987605077,0.03513935113236216,fusiform-lh,0.33390976656693083
1524,left,98698,-0.04892598214238139,0.012511803165432631,0.034971738162281094,middletemporal-lh,0.4338710700163706
1525,left,98709,-0.01535699886070715,0.012781129057922946,0.03471299285439983,unknown,0.29405436419858966
1526,left,98839,-0.04413373614464478,0.009482633364137636,0.02858661322164305,fusiform-lh,0.33790534237793707
1527,left,98882,-0.039147937025647325,0.008968835446587786,0.026520271734508216,fusiform-lh,0.3103354231617285
1528,left,98956,-0.05400253102182238,0.0064622748813875615,0.022051479194061127,inferiortemporal-lh,0.3334285560792144
1529,left,99081,-0.016966002990351968,0.04598905332405849,0.09931275976957217,superiorfrontal-lh,1.3999135022254205
1530,left,99400,-0.03528321725261695,0.03534047137794718,0.07933828401001371,caudalmiddlefrontal-lh,0.9509673442073464
1531,left,99442,-0.0034770952366199163,0.0341830030280079,0.07499887091043093,unknown,0.41806204450160495
1532,left,99484,-0.04582910341350214,0.03125469021723478,0.07121293628607009,precentral-lh,0.6539288082411623
1533,left,99775,-0.04418165647646311,0.016771589819277094,0.04188902815977628,superiortemporal-lh,0.38564534216888274
1534,left,99797,-0.002383926766288848,0.017745448467459873,0.040498001765425985,unknown,0.27133772996540684
1535,left,99802,-0.020941154003723744,0.017037431118889508,0.03991977473469782,unknown,0.29103226581555475
1536,left,100079,-0.05687369852231609,0.009301874259231194,0.02731996126861749,inferiortemporal-lh,0.44045429489516896
1537,left,100134,-0.048327570118088685,0.00821718408128903,0.024602988370509726,inferiortemporal-lh,0.25956006782043733
1538,left,100180,-0.05604636990900008,0.0071693028703293206,0.022878668477723803,inferiortemporal-lh,0.27899857486007057
1539,left,100343,-0.033638370688927804,0.04622114275443569,0.09804966526269739,caudalmiddlefrontal-lh,1.4823833431568194
1540,left,100395,-0.02322335789588118,0.04474175501142978,0.09503906091839141,superiorfrontal-lh,1.2372099569635107
1541,left,100408,-0.004485562060168504,0.04411782621951482,0.09327889639359743,superiorfrontal-lh,1.2113581216374876
1542,left,100443,-0.043250974371009644,0.04184140630622317,0.0912857055700933,caudalmiddlefrontal-lh,1.4980383792483087
1543,left,100501,-0.04592431711286384,0.04057556794378667,0.08789241767145496,precentral-lh,1.5013425406688898
1544,left,100548,-0.044676399389058805,0.0391315349909965,0.0849856668568863,precentral-lh,1.4111903591289252
1545,left,100585,-0.00905609423147248,0.03772206035976962,0.08172863611645158,caudalanteriorcingulate-lh,0.5050133871248785
1546,left,100596,-0.04205803608180823,0.03685132704937817,0.08049624585829293,precentral-lh,1.098228064731052
1547,left,100708,-0.000893094030738465,0.03449414016305472,0.0729670450121632,unknown,0.40242816413444793
1548,left,100797,-0.03931164040008349,0.029212245154057723,0.06320020544903608,precentral-lh,0.4995998814537857
1549,left,100801,-0.04233210309976822,0.02815362579432832,0.06270715209549475,precentral-lh,0.5048046305150606
1550,left,100925,-0.03649734003439684,0.02260270080951024,0.05017464838619375,insula-lh,0.3772518367588796
1551,left,101035,-0.038211853140844174,0.017644257240896112,0.040324592666448625,insula-lh,0.3559647246005767
1552,left,101163,-0.007905452621015607,0.015876849290799258,0.03584972923515824,unknown,0.3209582598028277
1553,left,101176,-0.05550347597630087,0.014799549641262427,0.03529389657321373,middletemporal-lh,0.5175229859724246
1554,left,101222,-0.05756667299400367,0.013689954777635741,0.032495623868001866,middletemporal-lh,0.5040041355733255
1555,left,101289,-0.023873000910260837,0.011986346360224748,0.026924329839224347,unknown,0.30421616349709196
1556,left,101345,-0.04482892676605517,0.009366813063882559,0.02410217189565383,inferiortemporal-lh,0.22014735894690785
1557,left,101360,-0.024202140155147565,0.009714109589053964,0.023383133079168356,parahippocampal-lh,0.3388641920514821
1558,left,101461,-0.01293747441795263,0.04869457571355355,0.10090683034139952,superiorfrontal-lh,1.5783177221428293
1559,left,101579,-0.03758636736800925,0.04458692741841132,0.09463645610870942,caudalmiddlefrontal-lh,1.494208919107564
1560,left,101629,-0.027894572736012018,0.04262139490268364,0.09002432085596317,caudalmiddlefrontal-lh,1.3927427254516576
1561,left,101679,-0.039900813895001795,0.04144286378942652,0.08624241019411175,caudalmiddlefrontal-lh,1.3853391168927935
1562,left,101692,-0.02436682174883182,0.04155537283664423,0.08579501778506583,caudalmiddlefrontal-lh,1.138030148141008
1563,left,101732,-0.013783888235206918,0.04006785645466439,0.08267303056460187,superiorfrontal-lh,0.6088391024546561
1564,left,101765,-0.036284389232778276,0.03921083314282743,0.08207774961358189,caudalmiddlefrontal-lh,1.1556211070989568
1565,left,101783,-0.048355192032480974,0.038540178052487745,0.08029356782543504,precentral-lh,1.2066616910848318
1566,left,101874,-0.05141769788954288,0.03485442166419257,0.07418455981426579,precentral-lh,0.7904761251512777
1567,left,101886,-0.057257646695849686,0.03388549524690384,0.07313693407183963,precentral-lh,0.7378023740840374
1568,left,101933,-0.0007816475770123743,0.03430909206032429,0.06873143687853109,unknown,0.3986294324768744
1569,left,101949,-0.03964892364179484,0.032142805672368276,0.06806266872580305,caudalmiddlefrontal-lh,0.6002510982684452
1570,left,101979,-0.04558621000349941,0.03160979778161122,0.06654230063372511,precentral-lh,0.5840310409459089
1571,left,101995,-0.0583990335616441,0.030412130654910885,0.06410378330949679,precentral-lh,0.5235325536116829
1572,left,102042,-0.05291536766718407,0.02802863155655819,0.06060763374006451,precentral-lh,0.4568032155308182
1573,left,102047,-0.05820119821604514,0.028394035153689996,0.060728494052925346,precentral-lh,0.45063581658377466
1574,left,102099,-0.052591911007464624,0.0259985705530453,0.05683798595936669,precentral-lh,0.4215969599555392
1575,left,102151,-0.05336163840191801,0.023670217954786608,0.050626596212713953,precentral-lh,0.4155169740787139
1576,left,102228,-0.055311867604916895,0.020201270550793383,0.04344023374820664,superiortemporal-lh,0.4760599593358077
1577,left,102291,-0.04781070191067347,0.018484008678121597,0.03983278300159811,superiortemporal-lh,0.42465792591209434
1578,left,102483,-0.029750200434326322,0.013093893862452395,0.026724826746569435,unknown,0.298880912115764
1579,left,102532,-0.030349544630518924,0.011898714343471353,0.025035637105245874,parahippocampal-lh,0.3103952970806409
1580,left,102793,-0.004553648324991285,0.04387268263741553,0.08792606093983016,superiorfrontal-lh,0.6410252451610641
1581,left,102822,-0.010046223527531782,0.04328721579411206,0.08668639754188116,superiorfrontal-lh,0.8205226377654204
1582,left,102958,-0.0038851996938545183,0.038722722940147156,0.07736120306492202,caudalanteriorcingulate-lh,0.41820398448888424
1583,left,102963,-0.050321671274030415,0.03761845102346262,0.07790786707318997,precentral-lh,1.037457766942939
1584,left,103068,-0.05185909924433995,0.03365592810790481,0.07008674238184076,precentral-lh,0.6677763749914799
1585,left,103084,-0.05778156511957582,0.03316714170746348,0.06849343707996029,precentral-lh,0.654239972157878
1586,left,103141,-0.03582913381862669,0.03125972407727892,0.06371931977378956,insula-lh,0.4999071875662931
1587,left,103229,-0.04923137823086626,0.027386505524816803,0.056152456939245796,precentral-lh,0.43238924016838787
1588,left,103233,-0.056846007478306204,0.02786523900330604,0.05656754332101681,precentral-lh,0.4285445912836653
1589,left,103264,-0.05012236583344771,0.026008562284262002,0.05273130082400951,precentral-lh,0.40568198039174475
1590,left,103267,-0.05409266348401443,0.025390389060916438,0.05268696429407156,precentral-lh,0.4164555733438285
1591,left,103303,-0.039359489508258336,0.022658722623573782,0.04734280185355995,insula-lh,0.3731193102572825
1592,left,103430,-0.023026220823428624,0.020046392479478467,0.039946071832206345,unknown,0.30429546764904464
1593,left,103452,-0.009192361104660221,0.01997911497789181,0.03916529544940067,unknown,0.2940129194055704
1594,left,103502,-0.030575004296259155,0.018545484096699948,0.03677233355720383,unknown,0.31716593969598944
1595,left,103607,-0.03795978810901894,0.013889604718574318,0.027664800985801454,fusiform-lh,0.3213405725177506
1596,left,103649,-0.018578245299514816,0.013456405129801606,0.02549935228238938,entorhinal-lh,0.3368505550851686
1597,left,103736,-0.0355777449492136,0.010854940179598743,0.01978221860034429,fusiform-lh,0.7921563710774321
1598,left,103769,-0.005012250296917523,0.05143736444172349,0.10140518935166191,superiorfrontal-lh,1.6210755535072434
1599,left,103793,-0.005931791108416748,0.04959533296729239,0.0974401968365154,superiorfrontal-lh,1.4416021725768613
1600,left,103838,-0.009637032510897875,0.047933463017129,0.09368795235232344,superiorfrontal-lh,1.233087338326954
1601,left,103911,-0.024106860234699146,0.04597066913258993,0.08885053389419512,superiorfrontal-lh,1.2947901467900007
1602,left,103981,-0.033280381918170704,0.042970843462914576,0.08554392648320372,caudalmiddlefrontal-lh,1.2778251477564013
1603,left,103991,-0.047516101004837316,0.042553039820136335,0.08591836885642243,precentral-lh,1.4494484637185472
1604,left,104116,-0.041910011211362064,0.03700246247951974,0.07406338317006544,caudalmiddlefrontal-lh,0.8470639983771043
1605,left,104217,-0.0005735109867560264,0.03410795830033572,0.06547242664916866,unknown,0.39250701205467736
1606,left,104223,-0.0518987344405136,0.032630540818007314,0.06524971033993429,precentral-lh,0.58199928204292
1607,left,104252,-0.0009000490091183146,0.03303962944167721,0.06228188367009053,unknown,0.38153609661456356
1608,left,104271,-0.033374479282807505,0.030747852735723863,0.06096504039508194,insula-lh,0.4525022637412861
1609,left,104299,-0.0011646562272268324,0.031205421383455674,0.05857647906177569,unknown,0.35943122541876893
1610,left,104302,-0.04368580478470654,0.03017145513677277,0.05833514895522772,precentral-lh,0.4664465055635935
1611,left,104312,-0.04696664800570182,0.029195496346627586,0.057275367745589785,precentral-lh,0.5045161509698877
1612,left,104432,-0.04762925517653167,0.023910481846761443,0.0453920630692428,superiortemporal-lh,0.44426729285124034
1613,left,104437,-0.055821696401628436,0.022535229123639207,0.04461058407216832,superiortemporal-lh,0.4582247062506301
1614,left,104441,-0.0033782887861069496,0.024176236651638327,0.04437395473849996,unknown,0.26125693218493484
1615,left,104501,-0.01213563393157414,0.02123847521585078,0.039654367741660757,unknown,0.28883268836193715
1616,left,104554,-0.004017944060165782,0.020815508503110227,0.038148841393849234,unknown,0.31572042244826687
1617,left,104560,-0.01581069382973616,0.021053534297121958,0.038845727115191284,unknown,0.2906588915963445
1618,left,104662,-0.03450087345420601,0.01614296458225581,0.030677839213344993,parahippocampal-lh,0.3144551666557686
1619,left,104867,-0.025687939070408762,0.05073223150909148,0.09793384289393472,superiorfrontal-lh,1.1014789514901269
1620,left,104924,-0.019314552641536368,0.04880890951497918,0.09517527625821123,superiorfrontal-lh,1.160520847725513
1621,left,104975,-0.03178720904307986,0.047385282061660886,0.09087735727793413,caudalmiddlefrontal-lh,1.387539326337565
1622,left,105014,-0.03791039547194911,0.04629614311604689,0.08869232550897388,caudalmiddlefrontal-lh,1.3852756032209543
1623,left,105072,-0.0065746845708034435,0.04160881290927691,0.0802125728851485,caudalanteriorcingulate-lh,0.4423035892593947
1624,left,105127,-0.007427236207826992,0.03956114645487584,0.07565816676144346,caudalanteriorcingulate-lh,0.44362161325898997
1625,left,105146,-0.055780870615386995,0.038816182889030715,0.07538468528473408,precentral-lh,0.9187549698955584
1626,left,105167,-0.03946571382781611,0.03793927750470409,0.07251265687068234,caudalmiddlefrontal-lh,0.798897614376605
1627,left,105290,-0.05756885598675367,0.032907543638935076,0.06282590505640032,precentral-lh,0.5722279503800605
1628,left,105321,-0.05216679243269425,0.032338820389086254,0.06147709080023656,precentral-lh,0.5464025639214531
1629,left,105353,-0.058026277156625915,0.03048798368829306,0.05972780758784096,precentral-lh,0.4547033918995124
1630,left,105411,-0.0012861217983171122,0.03019748035812424,0.05481894696810792,unknown,0.33435332782832583
1631,left,105446,-0.0017762965630580424,0.02882579467044006,0.0521545935595216,unknown,0.3090740490991891
1632,left,105477,-0.0036782958540292655,0.026415597538972317,0.04848175092176061,unknown,0.27856888925978
1633,left,105528,-0.05151329604231882,0.024059509736784876,0.04485293642347177,superiortemporal-lh,0.43408775208240746
1634,left,105538,-0.040289829830943785,0.02351353614712848,0.043855738948684476,insula-lh,0.36286106449880734
1635,left,105566,-0.04676300154938042,0.021724331162571615,0.04064060532584168,superiortemporal-lh,0.4151485238901984
1636,left,105586,-0.025627691865877763,0.022974895877654028,0.03893102658515467,unknown,0.31398580279157384
1637,left,105656,-0.04374849275818422,0.020369420171348948,0.037188097920784764,superiortemporal-lh,0.3825513776278019
1638,left,105686,-0.05946989237521226,0.020040482042066286,0.035141848403275944,middletemporal-lh,0.5617193754642988
1639,left,105717,-0.04674859309453803,0.017356369491518434,0.0318607419605792,superiortemporal-lh,0.4259727775466237
1640,left,105794,-0.05344274349440185,0.014813200784879684,0.026209124776152563,middletemporal-lh,0.48750355876434565
1641,left,105988,-0.009764640169768003,0.05163133936308989,0.0965165366987163,superiorfrontal-lh,1.3638776044274852
1642,left,106031,-0.023181561645873296,0.05004968782099871,0.09382000513338797,superiorfrontal-lh,1.0505708471312136
1643,left,106142,-0.008203937285531093,0.04725630981025879,0.08781690870482968,superiorfrontal-lh,0.809225114433349
1644,left,106222,-0.012065354929171454,0.042349967487206874,0.07853974469143599,caudalanteriorcingulate-lh,0.49512876534437833
1645,left,106249,-0.0373200380562097,0.04050636459364863,0.07608016492159261,caudalmiddlefrontal-lh,0.9604993143441823
1646,left,106323,-0.05771123218331905,0.03771640754325463,0.07096049657050733,precentral-lh,0.7958913528366723
1647,left,106359,-0.05789044347580739,0.03518214552733047,0.0666017008362593,precentral-lh,0.6672608226513804
1648,left,106466,-0.03516350530656131,0.030144601448833075,0.057685185105370025,insula-lh,0.42242622119847123
1649,left,106528,-0.058707441559086984,0.028562137232270128,0.05275767028091786,precentral-lh,0.4497071980655423
1650,left,106698,-0.038905197259631735,0.023043335869193507,0.03888207532978068,insula-lh,0.3477660720007969
1651,left,106724,-0.051178343699593495,0.02177448728126723,0.037245171190608016,superiortemporal-lh,0.534589021570327
1652,left,106771,-0.0320843761624149,0.02020877508338921,0.03334657169623329,unknown,0.31549722480885256
1653,left,106809,-0.05240086320253225,0.01727069234717548,0.029357060358218813,middletemporal-lh,0.5279140256995127
1654,left,106906,-0.05153513608702929,0.014590559990251046,0.023102041604086018,inferiortemporal-lh,0.4297357331101657
1655,left,106937,-0.02737058029161254,0.014297857842262866,0.021349140169220647,parahippocampal-lh,0.3303787465288098
1656,left,107116,-0.014041482639644215,0.050288517684199605,0.0928885886154404,superiorfrontal-lh,1.1541080934744399
1657,left,107273,-0.011759339936132679,0.045674924281923726,0.08255524197340659,superiorfrontal-lh,0.5688819272263953
1658,left,107290,-0.033079270874277714,0.04313803376625268,0.0788424603102115,caudalmiddlefrontal-lh,1.0507683769145122
1659,left,107369,-0.005774764604714353,0.04093143956527644,0.07272233987699239,caudalanteriorcingulate-lh,0.4243995524337666
1660,left,107394,-0.03645903658787741,0.03881224291207981,0.0695963802248103,caudalmiddlefrontal-lh,0.6873058992053248
1661,left,107420,-0.04164660043185792,0.036090458064362306,0.06518946519928925,parsopercularis-lh,0.5818088571666364
1662,left,107435,-0.04621243220529712,0.03484533027113587,0.06227421224199472,precentral-lh,0.5371575486938917
1663,left,107460,-0.041471412111984726,0.03321478000367671,0.05879487202447555,precentral-lh,0.4594011655993733
1664,left,107533,-0.03712412314446412,0.029720440502530532,0.053823755237268754,insula-lh,0.3922732478443636
1665,left,107544,-0.054988746809329685,0.02966365445026316,0.05314894652906204,precentral-lh,0.4090603719519236
1666,left,107562,-0.03917778194545147,0.029860027018140927,0.05108402507032658,insula-lh,0.37415336370692426
1667,left,107650,-0.05738756929358882,0.02481863573604057,0.041710518646912505,superiortemporal-lh,0.5268451387660769
1668,left,107695,-0.0029465598175044717,0.02473488908976368,0.03928547783095798,unknown,0.30737519765583765
1669,left,107702,-0.0176039664367856,0.024013716583463948,0.03910242640047584,unknown,0.29977566286744367
1670,left,107922,-0.03638674873253611,0.015863779119251197,0.022529472042403798,entorhinal-lh,0.2978043710069317
1671,left,107924,-0.039676461844245545,0.015441213478381998,0.022415198232123214,fusiform-lh,0.2714314646785865
1672,left,107993,-0.0468978619800136,0.014476084224296703,0.019198384097920088,inferiortemporal-lh,0.29158651741889974
1673,left,108047,-0.016611925570385586,0.05509228915005632,0.09894354171329804,superiorfrontal-lh,1.3864010402078106
1674,left,108080,-0.021915683766610614,0.05419823324741166,0.09843586523107123,superiorfrontal-lh,1.1379219566693304
1675,left,108191,-0.039687033057673314,0.05007943569946667,0.09015008864043007,caudalmiddlefrontal-lh,1.3635378369446236
1676,left,108252,-0.029573649056844425,0.0475378352649726,0.08531420396229092,caudalmiddlefrontal-lh,1.2042160929525065
1677,left,108260,-0.00508917937480261,0.04775036184247841,0.08426576674243434,superiorfrontal-lh,0.40298336008593616
1678,left,108352,-0.004557747783214975,0.0443282364171889,0.07709524209306481,caudalanteriorcingulate-lh,0.41873741193388736
1679,left,108531,-0.05335665139507821,0.03283782117735583,0.05602162214725872,precentral-lh,0.42032123773978514
1680,left,108590,-0.03845176202013603,0.029857789562796017,0.04867620870707409,insula-lh,0.3572038332192948
1681,left,108660,-0.049961522553464005,0.02518299393547743,0.04070035034642364,superiortemporal-lh,0.5175204259226093
1682,left,108832,-0.033328346069847074,0.018545980147685333,0.02661561200719828,unknown,0.31098215669492135
1683,left,108857,-0.03324182086568968,0.01878988537364877,0.026023244330396086,parahippocampal-lh,0.312245323632839
1684,left,108989,-0.04306449669542244,0.014261531348869474,0.01873938634909329,inferiortemporal-lh,0.5931997016037591
1685,left,109010,-0.030290632540296236,0.013861771169420901,0.016954890352968956,fusiform-lh,0.5517350605902618
1686,left,109119,-0.03319106561186354,0.052534868064007076,0.09343737458297727,caudalmiddlefrontal-lh,1.3912113493093825
1687,left,109290,-0.042108623620080936,0.04538438017942677,0.07856417475017469,caudalmiddlefrontal-lh,1.1844707422314567
1688,left,109330,-0.045419229660909055,0.042973778326716214,0.07437397636666959,caudalmiddlefrontal-lh,1.0081826251066375
1689,left,109369,-0.0016277926258545764,0.04203016001965393,0.07110859721615616,unknown,0.4059044505734638
1690,left,109412,-0.04653158797775738,0.03824798743112111,0.06632066485389129,parsopercularis-lh,0.6445519372168689
1691,left,109446,-0.03638081872388714,0.03632496784810557,0.06042675290846952,precentral-lh,0.4675484964074397
1692,left,109455,-0.03921633499290995,0.035522402181572224,0.05893053352224002,precentral-lh,0.4548516810067771
1693,left,109472,-0.05391981981719047,0.03448964741304228,0.05771768195271831,precentral-lh,0.475625012624225
1694,left,109572,-0.003346660200482977,0.03161818316803461,0.04785571828516372,unknown,0.33095752771932946
1695,left,109604,-0.0031948007263276103,0.029392722823464047,0.044452820889508325,unknown,0.29608655993155814
1696,left,109605,-0.03759748008037026,0.028544614128070748,0.04422684338093784,insula-lh,0.33968147733365245
1697,left,109677,-0.014934067634760875,0.027593174492972647,0.040632334698462585,medialorbitofrontal-lh,0.3128955337760172
1698,left,109707,-0.019692627283396685,0.026206879691146778,0.040320546491111234,unknown,0.31592940749055
1699,left,109804,-0.041099950322764145,0.02369997884736429,0.03391188413585359,superiortemporal-lh,0.3510939415286401
1700,left,109814,-0.031137196653621576,0.02309084722937494,0.031825890152121505,unknown,0.31803954564560033
1701,left,109984,-0.023012186769093133,0.01721569480795155,0.019909603267462255,entorhinal-lh,0.2580332316037943
1702,left,110107,-0.008260690350242616,0.05799351960106079,0.10077162479653236,superiorfrontal-lh,1.5681649662368826
1703,left,110142,-0.004576406578371847,0.055872095912127995,0.0964706921099807,superiorfrontal-lh,1.242360748165045
1704,left,110185,-0.006069319458671379,0.05313440944741456,0.09118235324574142,superiorfrontal-lh,0.9258536837886004
1705,left,110248,-0.01848944905636912,0.04983530120353458,0.08649898477303873,superiorfrontal-lh,1.0610976330059878
1706,left,110302,-0.024780984698146498,0.04820603567733099,0.08246744474334909,caudalmiddlefrontal-lh,0.906744379357826
1707,left,110318,-0.03843592348186831,0.047644453897882896,0.08229375749185214,caudalmiddlefrontal-lh,1.249122282656848
1708,left,110395,-0.0435596217273948,0.04389008555698093,0.07304818153187059,caudalmiddlefrontal-lh,0.9563642823772044
1709,left,110438,-0.04090506522604293,0.04118739127813388,0.06791686752806403,parsopercularis-lh,0.6965574781178157
1710,left,110499,-0.03270553783582293,0.037369998339928406,0.05964171229194085,insula-lh,0.4435337289143184
1711,left,110557,-0.04964019123261418,0.03440010916081156,0.05524887988925793,precentral-lh,0.33149909775991643
1712,left,110713,-0.03860128468968744,0.02852547556093329,0.041188198022503765,insula-lh,0.332759424149807
1713,left,110739,-0.021751592402079772,0.028018463329310545,0.04037631036210318,medialorbitofrontal-lh,0.3266959766707427
1714,left,110824,-0.005966076140891683,0.026168681127485556,0.03568134970414086,unknown,0.38262327626443704
1715,left,110889,-0.047297314468612836,0.023068645386159166,0.03191197548485725,superiortemporal-lh,0.4316445759572818
1716,left,110902,-0.053753537713645626,0.02359405506847466,0.0304962054524471,middletemporal-lh,0.6434267500227896
1717,left,110983,-0.04643282969492387,0.01924507513396617,0.024220339886138822,middletemporal-lh,0.39193193854040237
1718,left,111037,-0.05457059576644975,0.01819672640930877,0.020361828446505467,inferiortemporal-lh,0.5672852275518155
1719,left,111090,-0.035954801433263295,0.01683745220525292,0.016884831750152773,fusiform-lh,0.47031914672530034
1720,left,111238,-0.017339347185677596,0.05355065351509032,0.09095484267799714,superiorfrontal-lh,0.941515458557612
1721,left,111266,-0.010101086804151553,0.05237375061254078,0.08762044454380781,superiorfrontal-lh,0.8014972920535164
1722,left,111408,-0.00997965566521357,0.046836479022775074,0.07592225738176825,caudalanteriorcingulate-lh,0.4260666621613484
1723,left,111427,-0.006094924489905054,0.045399945882298204,0.0731751579858615,caudalanteriorcingulate-lh,0.41300357271557336
1724,left,111491,-0.0014822909594554843,0.042684421110363385,0.06674986973470645,unknown,0.40443849831541734
1725,left,111500,-0.05192802495589187,0.04126852329675515,0.06648055864794697,parsopercularis-lh,0.6954261252508209
1726,left,111517,-0.001524533884412141,0.0411286642289391,0.06349660838469708,unknown,0.4039101207738501
1727,left,111540,-0.04981750157924271,0.03849353507876563,0.06037758499268566,parsopercularis-lh,0.5400015637863995
1728,left,111580,-0.056922558114064874,0.03650329779458422,0.05677177671981674,precentral-lh,0.4682952155659261
1729,left,111639,-0.04682129732566152,0.03414605826966268,0.05217807705559449,precentral-lh,0.35248237421400247
1730,left,111657,-0.0020092670226525998,0.03419442553515316,0.05103751079502354,unknown,0.35706841677976603
1731,left,111699,-0.0540571737868972,0.030986618183896756,0.04451062519124754,superiortemporal-lh,0.4212070443966968
1732,left,111719,-0.006923138131777241,0.031600965082630245,0.044013232669204816,unknown,0.35243342979584175
1733,left,111864,-0.04665563328582331,0.026267674723077,0.03518889949773441,superiortemporal-lh,0.397129574763397
1734,left,112026,-0.02418062282371367,0.01987853412413112,0.02068289182540067,unknown,0.31243838496386345
1735,left,112238,-0.012274067123475563,0.05754013213366933,0.09538581454655302,superiorfrontal-lh,1.263596050440791
1736,left,112326,-0.006314176363795457,0.052579903512328816,0.0842787338441687,superiorfrontal-lh,0.42114987627094363
1737,left,112516,-0.03844804942887948,0.04539274905607579,0.07218014072678516,caudalmiddlefrontal-lh,0.8758058927995007
1738,left,112597,-0.05353951242299018,0.04038123005767125,0.061335948943122845,parsopercularis-lh,0.5959120284607987
1739,left,112645,-0.0015583910983304257,0.03884532944156856,0.0568214785254708,unknown,0.39330600787798015
1740,left,112655,-0.03304111390794474,0.0372813752345931,0.0553622625578634,insula-lh,0.3944131815409099
1741,left,112688,-0.0015526017048460609,0.0373902059146624,0.05354852959316547,unknown,0.3828314526780962
1742,left,112771,-0.049840934597675884,0.030787122903679874,0.04273138408336792,superiortemporal-lh,0.36184622562121566
1743,left,112802,-0.006543499575512276,0.03070575868506356,0.04098390903158629,unknown,0.25786874372283947
1744,left,112827,-0.024364619925965836,0.02977541243295887,0.0391709965745789,medialorbitofrontal-lh,0.33064801528520116
1745,left,112838,-0.04768606661699717,0.02889729280570307,0.03907604166993957,superiortemporal-lh,0.36882038832353253
1746,left,112847,-0.03936340783723987,0.029632793673237397,0.038526086822004285,insula-lh,0.3258401190944602
1747,left,112900,-0.011659382216366485,0.02754030357478132,0.03588841465594108,unknown,0.3353845912002483
1748,left,112933,-0.050849612565358145,0.027399336614395333,0.03434736762476555,superiortemporal-lh,0.5099556523588966
1749,left,112979,-0.04207005250791315,0.026213268407856163,0.030766461884981916,superiortemporal-lh,0.3444206918390592
1750,left,113025,-0.05211976302000453,0.02247889409984778,0.025553722163381136,middletemporal-lh,0.5507710008928572
1751,left,113038,-0.03144437657186984,0.022602374789655752,0.024158241130654394,unknown,0.34333062006148424
1752,left,113060,-0.019040506663680075,0.02147634169789176,0.023187297171072655,entorhinal-lh,0.32805589314675626
1753,left,113067,-0.03184304949209294,0.021376887645611627,0.022475312509066373,entorhinal-lh,0.34205941032643195
1754,left,113123,-0.03587595095365417,0.019517784301873377,0.018621549771345038,fusiform-lh,0.33959014365623647
1755,left,113355,-0.03619530328461569,0.054345587512446114,0.08832410950718977,caudalmiddlefrontal-lh,1.136636716605957
1756,left,113369,-0.03299608526885625,0.053901629866168616,0.0873695812457546,caudalmiddlefrontal-lh,1.178040330131729
1757,left,113403,-0.02744193758544001,0.05334672262148643,0.08591194499788982,caudalmiddlefrontal-lh,1.1421517829203165
1758,left,113496,-0.008508426140866525,0.05154288469284156,0.08143179395142064,superiorfrontal-lh,0.41626056035204784
1759,left,113511,-0.0473477207010807,0.05121091696198107,0.08129867888419692,caudalmiddlefrontal-lh,1.2661466108718147
1760,left,113542,-0.038915182305287434,0.05007420176194072,0.07959145761956087,rostralmiddlefrontal-lh,1.1880175413722986
1761,left,113552,-0.013399083611036876,0.04950313297208202,0.07852399563017243,superiorfrontal-lh,0.44669625931558143
1762,left,113594,-0.050626678566679024,0.04853706141964871,0.076723861740118,caudalmiddlefrontal-lh,1.165194918437613
1763,left,113685,-0.034393120652671805,0.04462587308363494,0.06800735732657895,rostralmiddlefrontal-lh,0.6359766246482679
1764,left,113692,-0.045518549635468024,0.04321366880929765,0.0668001886730287,parsopercularis-lh,0.7071813517121798
1765,left,113773,-0.0016452727403963973,0.041347898737772115,0.05968474691897136,unknown,0.4016472521966903
1766,left,113836,-0.03473412850952944,0.03833314329066308,0.05275975428703182,insula-lh,0.3712300071285058
1767,left,113845,-0.056312946662000596,0.03770951826378034,0.05309057963959927,precentral-lh,0.4680735751280636
1768,left,113917,-0.03896107001283674,0.03413403031497132,0.04448458756669934,insula-lh,0.3269897991763665
1769,left,113942,-0.051642970472109126,0.031431154421493884,0.04130023511500755,superiortemporal-lh,0.40761405453291677
1770,left,113955,-0.00888723147608429,0.03232431341474684,0.039819592473034376,medialorbitofrontal-lh,0.29084843175872
1771,left,113973,-0.017237321320582782,0.030434000069029476,0.03887204019021372,medialorbitofrontal-lh,0.3260363493242012
1772,left,113983,-0.027122211853590667,0.030642409781952325,0.038868857736405735,medialorbitofrontal-lh,0.32885414366909826
1773,left,114029,-0.003689072932232525,0.029232910324438956,0.03506695173909589,unknown,0.44154285223832573
1774,left,114073,-0.032385950700748185,0.02742619446950376,0.03279871013016553,medialorbitofrontal-lh,0.32447995650388956
1775,left,114076,-0.03476925827275291,0.028082810981289008,0.03299490525076579,medialorbitofrontal-lh,0.3238902251435115
1776,left,114086,-0.02896975620022118,0.026967412016442278,0.03297944060768837,unknown,0.32408435468252195
1777,left,114296,-0.05272762225690779,0.019240987880367818,0.017936354971431354,inferiortemporal-lh,0.574700234740297
1778,left,114328,-0.04151016570513702,0.019110457463524785,0.01599753429518276,inferiortemporal-lh,0.4465184530030994
1779,left,114412,-0.017290245613982697,0.058871784701835655,0.09434495463803366,superiorfrontal-lh,1.124152464499804
1780,left,114551,-0.03826295366614609,0.05399918631344601,0.08440542946710596,caudalmiddlefrontal-lh,1.1070930767829956
1781,left,114613,-0.031770579104195694,0.05076106908168326,0.0792387467625491,rostralmiddlefrontal-lh,1.0111981607512157
1782,left,114766,-0.008038721945126944,0.046934939394839406,0.0697443859679222,caudalanteriorcingulate-lh,0.3970668051344995
1783,left,114846,-0.05142846245582741,0.042944679395796256,0.06304407426906648,parsopercularis-lh,0.639220109927647
1784,left,114923,-0.045880893967449134,0.038566818751389564,0.0539044729634126,precentral-lh,0.42493349803327685
1785,left,114939,-0.05241426734959072,0.03765430810211734,0.052434909874673016,precentral-lh,0.420646089348449
1786,left,114974,-0.03608658631011095,0.03732105521746697,0.05025164168357142,insula-lh,0.35343115440319195
1787,left,115024,-0.03736362427912205,0.032770828586794004,0.04190300528270797,insula-lh,0.32059612007425087
1788,left,115067,-0.029659399121076076,0.031552134416589925,0.03861765903909811,medialorbitofrontal-lh,0.3251665964527375
1789,left,115070,-0.032115401068276365,0.03139173912289456,0.03863649020189066,medialorbitofrontal-lh,0.3208664152716341
1790,left,115086,-0.01882039345557987,0.03134162393993628,0.03792961823213151,medialorbitofrontal-lh,0.32723389475079645
1791,left,115150,-0.007951381700346793,0.029477771502535034,0.033335025299061856,unknown,0.4334696599355874
1792,left,115205,-0.031548678632087074,0.027414755966131348,0.02969245920008287,unknown,0.33531170504360697
1793,left,115342,-0.028352304135534107,0.022467820615611655,0.021882057578081378,entorhinal-lh,0.3795889469627368
1794,left,115389,-0.046446737848940586,0.02039335151928263,0.016868753959290606,inferiortemporal-lh,0.2945002714420515
1795,left,115587,-0.02413262578212346,0.05686470070356851,0.08879447076024587,rostralmiddlefrontal-lh,0.7573230386860079
1796,left,115647,-0.022550774266526633,0.054460896468851286,0.08348491155747649,rostralmiddlefrontal-lh,0.7830103507461622
1797,left,115715,-0.042881914922210274,0.04929098502699747,0.07487427089958408,rostralmiddlefrontal-lh,1.0908358111059426
1798,left,115728,-0.007417323744766212,0.04979525082315037,0.07399148254027493,caudalanteriorcingulate-lh,0.38700761796714284
1799,left,115763,-0.033153382974937036,0.04913750893984063,0.07315213663840192,rostralmiddlefrontal-lh,0.7214085884801533
1800,left,115793,-0.04970019663160479,0.047973382584955246,0.07136807659959218,rostralmiddlefrontal-lh,0.9410774599407097
1801,left,115865,-0.057691546297598546,0.04433667022281179,0.062391941768925874,parsopercularis-lh,0.7042145724295952
1802,left,115869,-0.044282051396655135,0.04356636980742165,0.06189026315463265,parsopercularis-lh,0.5672352443074637
1803,left,115938,-0.04351210917546968,0.04049650965501607,0.05561350363649855,parsopercularis-lh,0.4399427191713207
1804,left,115943,-0.05570609248975557,0.040884856455459334,0.0560062158664079,precentral-lh,0.5539381066354013
1805,left,115991,-0.048765887413981024,0.03921466274292808,0.05191864422394462,precentral-lh,0.4198933987014895
1806,left,116036,-0.03805043548756848,0.03609919402149858,0.047859808952974925,insula-lh,0.3404702987864682
1807,left,116132,-0.011937740875461187,0.032708240158950276,0.03744471808415742,medialorbitofrontal-lh,0.3271918613459621
1808,left,116142,-0.021093998340530707,0.03204907494430946,0.037146694436200785,medialorbitofrontal-lh,0.3330680239112054
1809,left,116166,-0.03885556100331098,0.030611768343774787,0.03627319647604976,insula-lh,0.32031130137612573
1810,left,116223,-0.03614886478874162,0.02989551081793003,0.03266041359056104,medialorbitofrontal-lh,0.3236173884181358
1811,left,116293,-0.04787895228772413,0.02708368551257557,0.02773344696039568,middletemporal-lh,0.40306313394035787
1812,left,116427,-0.04790022793248924,0.022296201727099087,0.017229732103234086,inferiortemporal-lh,0.496010897080374
1813,left,116476,-0.029006338651669808,0.020665298477735326,0.014011190083607846,fusiform-lh,0.3238419850511364
1814,left,116535,-0.004606715172022961,0.06241256807927453,0.09611278341619879,superiorfrontal-lh,0.5152985890668121
1815,left,116672,-0.030058378515041777,0.05668371761873919,0.08611368388417394,rostralmiddlefrontal-lh,1.150600492424835
1816,left,116912,-0.03854392518507254,0.045654750094626384,0.06371456115302007,parsopercularis-lh,0.567337910759109
1817,left,116974,-0.053356584105909655,0.042821076821312754,0.05820688839292222,parsopercularis-lh,0.5842111947113832
1818,left,116985,-0.040865204507956596,0.04228464457804018,0.05725041936976822,parsopercularis-lh,0.4488349555232331
1819,left,117161,-0.03795442159405791,0.033824952912175285,0.03895995460245108,insula-lh,0.31440757261561897
1820,left,117187,-0.033110155556861025,0.032852057287478906,0.037500278001835224,medialorbitofrontal-lh,0.3189811685676083
1821,left,117204,-0.035300440614822785,0.03301438732136207,0.036018392712572345,insula-lh,0.3169440645064025
1822,left,117242,-0.03832758582360558,0.03130473326024089,0.034013967098268,insula-lh,0.31955009342845864
1823,left,117255,-0.005155953089019937,0.03207700041950432,0.03328527468194126,unknown,0.4677009889757258
1824,left,117577,-0.011264266143604661,0.06215418610856506,0.09444586824239119,superiorfrontal-lh,0.9168894410089636
1825,left,117611,-0.005159145297430043,0.060270769844193356,0.0904403894038504,superiorfrontal-lh,0.4777765316743288
1826,left,117651,-0.008066091534937299,0.05914289312573051,0.08769333066054177,superiorfrontal-lh,0.5266022954868951
1827,left,117714,-0.009672123428082347,0.05696636917193243,0.08321925606237578,superiorfrontal-lh,0.4136746511913445
1828,left,117816,-0.013298089726974369,0.051993351683007075,0.07374817025504582,superiorfrontal-lh,0.3565237872734899
1829,left,117892,-0.043809610013466664,0.0489859928376717,0.06896563642101725,rostralmiddlefrontal-lh,0.8414502259239786
1830,left,117905,-0.005513962024123516,0.048825683594347455,0.06594323960542284,caudalanteriorcingulate-lh,0.38171577196136325
1831,left,117974,-0.047956215425844446,0.044562702337224536,0.05859999078375017,parsopercularis-lh,0.5527420120879843
1832,left,118002,-0.03676782406040551,0.04384503197133856,0.05687535752083774,parsopercularis-lh,0.4192109939992364
1833,left,118097,-0.00644701889654962,0.04085673444993458,0.04758105127938703,rostralanteriorcingulate-lh,0.4027799924420053
1834,left,118107,-0.005665328368552524,0.03872885024319932,0.04514441518141932,unknown,0.409187086919085
1835,left,118189,-0.037839815258483595,0.033680993185225265,0.037186660098324456,insula-lh,0.31396279039677505
1836,left,118255,-0.03704239498359921,0.031755434193612556,0.032436150630438025,insula-lh,0.32292585064566215
1837,left,118272,-0.047817308480424876,0.031232171093159636,0.03180739765222819,superiortemporal-lh,0.37003696058606195
1838,left,118305,-0.0545014208936064,0.030355476695885408,0.029289334634951376,middletemporal-lh,0.6694396520674195
1839,left,118348,-0.033937646533462436,0.029298271122409736,0.02695215759112176,insula-lh,0.35215604287031543
1840,left,118352,-0.04164818216748148,0.029158070712477956,0.02768453001965074,superiortemporal-lh,0.3353213042351144
1841,left,118387,-0.028310324859740235,0.027849895377952953,0.024685347763031724,unknown,0.38829423320490297
1842,left,118444,-0.025568966672491568,0.02559772630596952,0.01951590708292925,entorhinal-lh,0.3015253497800919
1843,left,118464,-0.03535065737960542,0.02405228700594805,0.01620350431761588,entorhinal-lh,0.47954065002700713
1844,left,118654,-0.014596561444395978,0.05972592545060157,0.08691366672962977,superiorfrontal-lh,0.6475321611595806
1845,left,118711,-0.018478119174911718,0.05760741381037815,0.08297350956160392,superiorfrontal-lh,0.7385706553656709
1846,left,118718,-0.03427605021809735,0.057485546693428896,0.08239565851164424,caudalmiddlefrontal-lh,1.0700755838980918
1847,left,118754,-0.005050743039671478,0.05666937095229975,0.08004081105788136,superiorfrontal-lh,0.42805424594423624
1848,left,118774,-0.02757276510939115,0.05479583845530983,0.07825113480739057,rostralmiddlefrontal-lh,0.5739312889696983
1849,left,118785,-0.010234962479562551,0.05497728090918219,0.07744479503941389,superiorfrontal-lh,0.35935112062175834
1850,left,118860,-0.04690625281667116,0.051392297555329716,0.07074743449809648,rostralmiddlefrontal-lh,0.9653499023495166
1851,left,118891,-0.03817266368005572,0.050189896670087886,0.06834124522106397,rostralmiddlefrontal-lh,0.7020777605338666
1852,left,119225,-0.03618331115523112,0.03361537542893259,0.03590380998200829,insula-lh,0.31576069824262226
1853,left,119230,-0.050379765318655054,0.03319591770551076,0.034040752847990366,superiortemporal-lh,0.4275443008030946
1854,left,119401,-0.04590298197600276,0.026270546029724937,0.02001843906641432,inferiortemporal-lh,0.33697448361602433
1855,left,119475,-0.0324552332044084,0.022813410005192342,0.011127668824695748,fusiform-lh,0.3586306510120601
1856,left,119604,-0.026298076419693818,0.06012092148905426,0.08618577520908657,rostralmiddlefrontal-lh,1.2041767642975367
1857,left,119726,-0.04223435132476451,0.05456491118481886,0.07591849457074895,rostralmiddlefrontal-lh,1.1178646585864151
1858,left,119790,-0.037593687725408866,0.05289838619774985,0.07199691628978447,rostralmiddlefrontal-lh,0.7773685840825661
1859,left,119800,-0.004916144596791856,0.05312538262811545,0.07097174559956572,caudalanteriorcingulate-lh,0.3545728633595843
1860,left,119873,-0.0026060636292310722,0.04983074323961548,0.06318818162723563,unknown,0.38036882670171934
1861,left,119887,-0.04723221611820898,0.04833364710482435,0.06310012633216044,parsopercularis-lh,0.6639451415299638
1862,left,119946,-0.03272882680770438,0.04571166804346875,0.05688135315451236,insula-lh,0.39831218883673897
1863,left,119966,-0.04991111791768888,0.044018954618518055,0.05490031426018393,parsopercularis-lh,0.5343674678203297
1864,left,120017,-0.00466766639832737,0.04343453062957614,0.05050095481854038,rostralanteriorcingulate-lh,0.4026439955928561
1865,left,120054,-0.048957012787231254,0.040869743633700995,0.047193650672930104,parsopercularis-lh,0.4407697966027067
1866,left,120105,-0.03661005312101053,0.03729223790681617,0.038909456444299356,insula-lh,0.31265089825437964
1867,left,120142,-0.03385994693215197,0.03609899975608512,0.03603356742231166,insula-lh,0.3200596425388512
1868,left,120176,-0.022257255042604285,0.03510267243734089,0.03473589457765987,medialorbitofrontal-lh,0.2939971271764631
1869,left,120303,-0.03429072803977991,0.031776565544950355,0.026004305556402242,medialorbitofrontal-lh,0.3656284262394714
1870,left,120397,-0.030413050215982843,0.026724402889363296,0.01570626675740654,fusiform-lh,0.3127459316401139
1871,left,120534,-0.024845070860117863,0.0635798518059936,0.09084369864293258,rostralmiddlefrontal-lh,1.4712645333566576
1872,left,120717,-0.02697944859515444,0.05389587512102206,0.07145516430662513,rostralmiddlefrontal-lh,0.43386740947599695
1873,left,120761,-0.010850199115007024,0.05434604105281145,0.06930796295100741,caudalanteriorcingulate-lh,0.3011771742859752
1874,left,120860,-0.05425996940901566,0.04816231680642416,0.059558576927507156,parsopercularis-lh,0.6901505033602635
1875,left,120899,-0.03006196977873638,0.04627252207149617,0.0551717462996269,insula-lh,0.3759095745951127
1876,left,120963,-0.04134814487523913,0.043443201647791155,0.04925244881641634,parsopercularis-lh,0.3767432146795949
1877,left,120977,-0.04591723029641998,0.043095245566925816,0.04806818511690228,parsopercularis-lh,0.4251491370320048
1878,left,121027,-0.03809115377792285,0.039139104832718735,0.04162633691159423,insula-lh,0.3172855978065377
1879,left,121052,-0.05032881310109346,0.03800468085453855,0.03867163419432223,superiortemporal-lh,0.4817052118369357
1880,left,121071,-0.03577390369943289,0.03656865809124499,0.03692576709510795,insula-lh,0.3145271164298131
1881,left,121075,-0.010137135309385393,0.037523885528603404,0.035332538162805203,medialorbitofrontal-lh,0.4491577710700986
1882,left,121078,-0.029325053500800127,0.03661834781248688,0.03511112939094592,insula-lh,0.3357726849779149
1883,left,121080,-0.0313532328165036,0.03689761358128199,0.03574993969935633,insula-lh,0.32903617257206896
1884,left,121098,-0.04856625497470391,0.03627794811804835,0.03520165227888138,superiortemporal-lh,0.3813443106189496
1885,left,121114,-0.02385593671224395,0.036116049883616,0.03457481849546959,medialorbitofrontal-lh,0.3098140507593588
1886,left,121207,-0.03985965602884635,0.032477648822746286,0.02609153007731854,superiortemporal-lh,0.34660326030856226
1887,left,121340,-0.03984694035637429,0.026225169471725623,0.015023475402090217,inferiortemporal-lh,0.3505302277135575
1888,left,121366,-0.03917109746508108,0.025323512516749514,0.013156282120791474,inferiortemporal-lh,0.30496368254947126
1889,left,121469,-0.013300329283381804,0.06444928727141593,0.0895668215678361,superiorfrontal-lh,0.5346186453591173
1890,left,121528,-0.022090079382988254,0.06133394944655289,0.08415274178589269,rostralmiddlefrontal-lh,0.8100680889066393
1891,left,121563,-0.02832155123549942,0.06002894713080831,0.08122852493489566,rostralmiddlefrontal-lh,0.6688203365271068
1892,left,121783,-0.035315541497930446,0.05116637167325978,0.06382683028626882,rostralmiddlefrontal-lh,0.4961676586509202
1893,left,121788,-0.0415470677228876,0.05093718127925413,0.06301591573253496,parsopercularis-lh,0.596849708379279
1894,left,121821,-0.0020995155848277337,0.04985010109424701,0.05892611270413641,unknown,0.38660165092296883
1895,left,121866,-0.002658716325277301,0.04836652186717674,0.05552089618215148,unknown,0.39656438265635596
1896,left,121895,-0.0023604306632358,0.0466124736825001,0.05247357695561315,unknown,0.40412973016505205
1897,left,121899,-0.030962326385897455,0.04598971675740281,0.051716406312635896,insula-lh,0.35705321139904794
1898,left,121998,-0.006705559297496942,0.04054643622710524,0.041056374175823425,medialorbitofrontal-lh,0.43136412769989446
1899,left,122069,-0.01284695223908841,0.03755738238716999,0.034411355020823244,medialorbitofrontal-lh,0.43189612411201894
1900,left,122096,-0.026349348124343877,0.03655045937014799,0.03360861512034473,insula-lh,0.3219801574997111
1901,left,122276,-0.03390223434150371,0.02873252822294275,0.016650806914363058,temporalpole-lh,0.4193267244565713
1902,left,122418,-0.011003834009155484,0.06703671976560724,0.09211948919190618,superiorfrontal-lh,0.5795665774599956
1903,left,122526,-0.009171050065025084,0.062019333487176045,0.08133011087205894,superiorfrontal-lh,0.4158672954268181
1904,left,122582,-0.00949642257410165,0.0594044972861993,0.07663665221840152,superiorfrontal-lh,0.32934942684983903
1905,left,122614,-0.006077472803548966,0.05828214279327622,0.07472922058543606,superiorfrontal-lh,0.340863256002079
1906,left,122643,-0.01172950742091013,0.05815546013234038,0.07269572355268905,superiorfrontal-lh,0.27420392332713994
1907,left,122711,-0.04079973155120483,0.054763327488504224,0.06963775639753696,rostralmiddlefrontal-lh,0.8023550715146213
1908,left,122717,-0.046979240411979664,0.05488417887320694,0.06956423230306047,rostralmiddlefrontal-lh,0.9580025255599752
1909,left,122774,-0.052472178071841735,0.05195753038630145,0.06401913477850998,parsopercularis-lh,0.7783186570404436
1910,left,122863,-0.049850270839680785,0.04820531936590551,0.055554343693704544,parsopercularis-lh,0.5977691896556072
1911,left,122906,-0.04509551746029923,0.047630515543000435,0.05316479137960333,parsopercularis-lh,0.4819785433988126
1912,left,122920,-0.039471035445558245,0.04675480064667399,0.05190294557204044,parsopercularis-lh,0.3886499243928711
1913,left,122971,-0.05149693268729984,0.04536987821238782,0.04987006075115678,parsopercularis-lh,0.6064237975520941
1914,left,123017,-0.03703003079562315,0.04308558155843348,0.044169347602256756,insula-lh,0.3271280651927569
1915,left,123171,-0.053259629997507316,0.03638532761628184,0.030078680689414123,middletemporal-lh,0.5641064503474615
1916,left,123198,-0.04570099405381717,0.035043544102856275,0.02814907610237455,superiortemporal-lh,0.33196198925725573
1917,left,123226,-0.03666453312283577,0.033279338336189776,0.024658148623338316,medialorbitofrontal-lh,0.37209628550663165
1918,left,123249,-0.04657516385699654,0.032027397002899,0.022668534012335775,middletemporal-lh,0.3400890924373668
1919,left,123298,-0.030882585373435124,0.030503198199604342,0.01797182845157375,entorhinal-lh,0.3466037485553939
1920,left,123302,-0.039715753029463334,0.030552324931617802,0.018164981137621296,temporalpole-lh,0.4134291170424405
1921,left,123347,-0.04564933923403094,0.028622848931927136,0.014083351133149237,inferiortemporal-lh,0.3207733332621236
1922,left,123367,-0.047723216388257016,0.02784029356489978,0.012975047074987634,inferiortemporal-lh,0.6031959693322687
1923,left,123392,-0.034029463518567823,0.026898804202528725,0.011216574091143905,fusiform-lh,0.30838181288238586
1924,left,123534,-0.006020897551561155,0.06483240793654728,0.08587476518983242,superiorfrontal-lh,0.5429859258630606
1925,left,123620,-0.02436514453440608,0.06259647717917384,0.08155592193206251,rostralmiddlefrontal-lh,0.7345004532534786
1926,left,123710,-0.03722757270517327,0.059938479660215316,0.07596413195293607,rostralmiddlefrontal-lh,0.7187318251116639
1927,left,123719,-0.02641722954051547,0.05929881690562658,0.07500357015910444,rostralmiddlefrontal-lh,0.4531725542284046
1928,left,123739,-0.041095431771779184,0.05847403744306873,0.07449743715175552,rostralmiddlefrontal-lh,1.006021440666317
1929,left,123761,-0.031847996367148905,0.058241785494567405,0.0726267635688305,rostralmiddlefrontal-lh,0.4728772490272807
1930,left,123810,-0.005589752324228106,0.05468565209477383,0.0660268305373356,caudalanteriorcingulate-lh,0.32823261949375193
1931,left,123874,-0.04453702491240386,0.0512197121769913,0.059373061854130785,parsopercularis-lh,0.571884560520081
1932,left,123976,-0.0322217744254434,0.04598631810950332,0.04871838108658471,insula-lh,0.34431830263716573
1933,left,124008,-0.04789434376486404,0.045097397829889765,0.046053461840020384,parsopercularis-lh,0.4998288238912668
1934,left,124014,-0.0339561855244335,0.044744675933505756,0.045454627011520685,insula-lh,0.3317294205725091
1935,left,124102,-0.01542101892312189,0.03992270331883055,0.03535705451656109,medialorbitofrontal-lh,0.4284733736748554
1936,left,124143,-0.050046582097251734,0.038953302150184624,0.03377041139586948,superiortemporal-lh,0.4229444913525786
1937,left,124223,-0.051936134057282125,0.035216233165027803,0.025931301631759177,middletemporal-lh,0.5940024575234197
1938,left,124245,-0.029252319318481816,0.033493968547052666,0.021661691532254935,temporalpole-lh,0.3465715627796824
1939,left,124302,-0.049208360224744535,0.03117833193098779,0.017708998210197318,inferiortemporal-lh,0.6067137886654769
1940,left,124432,-0.005893637181614269,0.06951102263040833,0.09420550431383809,superiorfrontal-lh,0.5795737264829992
1941,left,124456,-0.004270069204417521,0.0687125527716528,0.09023722401016507,superiorfrontal-lh,0.47521493318778296
1942,left,124481,-0.024207597333211,0.06634321298406506,0.08793606457535161,rostralmiddlefrontal-lh,1.5299456927486235
1943,left,124563,-0.017666645806042536,0.06393581216712077,0.08188938543404617,superiorfrontal-lh,0.5837109565609468
1944,left,124759,-0.03483390369074409,0.056947619072657205,0.06728851131161825,rostralmiddlefrontal-lh,0.4584367374662045
1945,left,124878,-0.03745150970721765,0.05046348825961004,0.05471176875092035,parsopercularis-lh,0.39692305619315926
1946,left,125000,-0.03131220256650961,0.04300926286127599,0.03901874027405923,insula-lh,0.33539673152340826
1947,left,125053,-0.0186772302683541,0.04186677767179953,0.035925647181906724,lateralorbitofrontal-lh,0.4427273471806217
1948,left,125429,-0.020245586913690237,0.0675175903003977,0.08670827359996307,rostralmiddlefrontal-lh,1.6251566542331697
1949,left,125437,-0.030587842736956576,0.06606236238748779,0.08557568846339207,rostralmiddlefrontal-lh,1.3588522718707383
1950,left,125502,-0.03140814886474214,0.06398571756109496,0.07911490324374049,rostralmiddlefrontal-lh,1.065091970657592
1951,left,125714,-0.039374083314600114,0.05543034753623963,0.0627769362166212,parsopercularis-lh,0.5285775442243844
1952,left,125722,-0.04716747008346425,0.054521081617889544,0.0622650549310093,parsopercularis-lh,0.723418462343544
1953,left,125902,-0.007382248383978935,0.04590206714007322,0.04262625922321193,rostralanteriorcingulate-lh,0.42470062499242633
1954,left,125952,-0.027989197513534594,0.0432127559164959,0.037198918788466304,insula-lh,0.36684186947990255
1955,left,125958,-0.008087948575575588,0.04342755738862532,0.036465775812527565,medialorbitofrontal-lh,0.5226988538484271
1956,left,126035,-0.022143344654412988,0.04128698165769944,0.031739840193499826,lateralorbitofrontal-lh,0.372609297799264
1957,left,126054,-0.04653834333475066,0.039549021812031016,0.030832694795502824,superiortemporal-lh,0.32894431126122337
1958,left,126107,-0.047610209487729,0.03804216207198932,0.026688739442248706,superiortemporal-lh,0.32742072624331436
1959,left,126566,-0.04082189411787154,0.060103158324737296,0.06923660630939513,rostralmiddlefrontal-lh,0.7234292014179896
1960,left,126587,-0.007972720439334198,0.05843990546620241,0.06568913540856214,caudalanteriorcingulate-lh,0.2690500798472555
1961,left,126666,-0.006796667173642596,0.056510088292969926,0.06134230416958928,caudalanteriorcingulate-lh,0.31424505866897673
1962,left,126710,-0.033712476622801926,0.05340544589545505,0.05619014909314662,parsopercularis-lh,0.36690825928081017
1963,left,126751,-0.04664950340359541,0.05125775197275757,0.05164121236002256,parsopercularis-lh,0.5512579594374725
1964,left,126801,-0.008359030010046804,0.04892849109353972,0.045594884381749835,rostralanteriorcingulate-lh,0.402725442216315
1965,left,126807,-0.044529217942036604,0.047666891271162054,0.04539902634765859,parsopercularis-lh,0.43272663440259
1966,left,126852,-0.03429167918788772,0.045142115987001435,0.03992355180232475,insula-lh,0.3235812707943025
1967,left,126909,-0.009316429602706313,0.04263476650738056,0.033465273797116356,medialorbitofrontal-lh,0.48161836887634574
1968,left,126941,-0.01979016558015374,0.041398259443116536,0.03153742699189381,lateralorbitofrontal-lh,0.40151076259802676
1969,left,126973,-0.02548613107043116,0.04081328129023368,0.030101854614825015,lateralorbitofrontal-lh,0.3340314560006956
1970,left,127072,-0.042639232913546446,0.03619034963622274,0.02065880784115118,middletemporal-lh,0.38277426813222293
1971,left,127098,-0.03529448838384329,0.03486659687594992,0.01780451268785512,temporalpole-lh,0.35088484836926587
1972,left,127102,-0.02504438705538709,0.03413964953305945,0.01693953972034545,entorhinal-lh,0.2365737497812737
1973,left,127136,-0.03142487198751845,0.033964591064461994,0.015187837780960356,fusiform-lh,0.260095649426699
1974,left,127256,-0.013969942158453362,0.06810017532438468,0.08293653276404585,superiorfrontal-lh,0.41403004619158584
1975,left,127350,-0.02544455735765324,0.06335250305058741,0.07537244651043148,rostralmiddlefrontal-lh,0.45605258306202534
1976,left,127384,-0.006453736105676398,0.06323309077430149,0.073976297816322,superiorfrontal-lh,0.31440778676504194
1977,left,127434,-0.0400514449097065,0.06207723020130236,0.07170249213264637,rostralmiddlefrontal-lh,0.7085877363393488
1978,left,127446,-0.030317372621058138,0.061641650673879306,0.06994553539382173,rostralmiddlefrontal-lh,0.35065315712589934
1979,left,127602,-0.048646202337808156,0.0546825590648098,0.05712718232377782,parsopercularis-lh,0.6850572024865529
1980,left,127762,-0.03384314015260972,0.04800659751902646,0.04286895561063493,insula-lh,0.333126642520683
1981,left,127861,-0.026469722970202118,0.04337993151514849,0.033025461697039064,lateralorbitofrontal-lh,0.3037758333098235
1982,left,127867,-0.011254406443267678,0.04309641893032411,0.03209470248118987,medialorbitofrontal-lh,0.4595953594523882
1983,left,127905,-0.027605999430810654,0.04163898194825333,0.029113921781530175,lateralorbitofrontal-lh,0.3185594218091269
1984,left,127933,-0.020998871368389568,0.040608123919336464,0.02735620761802291,lateralorbitofrontal-lh,0.3352571566052549
1985,left,127969,-0.043007103926333175,0.03818328839837121,0.023128855890884984,superiortemporal-lh,0.3636066421255344
1986,left,127984,-0.032284498302095746,0.037418821248266704,0.020653222030809906,temporalpole-lh,0.31217341682108357
1987,left,128132,-0.008541547210356812,0.07082852619984592,0.0873615007206272,superiorfrontal-lh,0.5970451683042969
1988,left,128136,-0.012972366431187087,0.07111205173999346,0.08834456202402995,superiorfrontal-lh,0.5240321717200065
1989,left,128226,-0.009973077799027749,0.06698851873205774,0.07791474002409118,superiorfrontal-lh,0.36136960823475894
1990,left,128244,-0.021672252266950198,0.06528082937790697,0.07586682898075373,rostralmiddlefrontal-lh,0.4114043480391077
1991,left,128272,-0.035455867044542136,0.06407783372140279,0.07396717926793298,rostralmiddlefrontal-lh,0.5095004291453902
1992,left,128348,-0.03557777148926197,0.06292004294387374,0.07061757723827666,rostralmiddlefrontal-lh,0.4612951014908834
1993,left,128358,-0.006732555442038638,0.0626795734363832,0.06935304465170383,superiorfrontal-lh,0.2575268178861552
1994,left,128399,-0.05035724084025508,0.059104445887895096,0.065954477801841,parsopercularis-lh,0.9429983224835222
1995,left,128465,-0.04268742407062914,0.05853275240800446,0.0613371700976838,parsopercularis-lh,0.6238082056010519
1996,left,128479,-0.0032704159326012268,0.05736688950349972,0.057790420977011044,unknown,0.3324726038103259
1997,left,128519,-0.030558668895322487,0.05496174534493989,0.055604720264671066,parstriangularis-lh,0.3372990629444093
1998,left,128529,-0.05262479679090044,0.054405635628386295,0.054611686832875976,parsopercularis-lh,0.770740509482195
1999,left,128575,-0.04201073116560029,0.05325519103880012,0.05181835041250234,parsopercularis-lh,0.4503531477850021
2000,left,128655,-0.04985701969221745,0.05087341544821125,0.04830525621497214,parsopercularis-lh,0.6513421889288056
2001,left,128667,-0.042614350957918434,0.050834086826942515,0.04748850501744779,parsopercularis-lh,0.4249536817673294
2002,left,128677,-0.006480535263286029,0.05188058261085782,0.047620135825439155,rostralanteriorcingulate-lh,0.39299850530180436
2003,left,128824,-0.05024064992337429,0.04372590254727546,0.03271645981984561,superiortemporal-lh,0.41969009934653667
2004,left,128926,-0.03876664335096225,0.038862681795890086,0.021111177204303177,temporalpole-lh,0.3626286999513543
2005,left,129013,-0.043338388583112515,0.034628484750037936,0.01458775035466692,inferiortemporal-lh,0.3838647871163889
2006,left,129077,-0.005526253237216106,0.07121244000992276,0.08480719669323437,superiorfrontal-lh,0.585460528500897
2007,left,129126,-0.02346933973054974,0.06887025798393673,0.08164422344955174,rostralmiddlefrontal-lh,1.152804415483333
2008,left,129130,-0.006318217194103514,0.06902289663342065,0.08068458440923201,superiorfrontal-lh,0.47153945630092853
2009,left,129192,-0.02896944432807067,0.0661590668370966,0.07544098231961421,rostralmiddlefrontal-lh,0.5151812931092444
2010,left,129315,-0.01195486023531096,0.062043897971009246,0.066661392941601,caudalanteriorcingulate-lh,0.20464526993110382
2011,left,129334,-0.03943049537374698,0.06102622863970332,0.06393440212412108,rostralmiddlefrontal-lh,0.5178590924390265
2012,left,129478,-0.03924355895195421,0.0557858190600167,0.054499764452342385,parsopercularis-lh,0.4243113192541594
2013,left,129495,-0.03073790035620341,0.05453999998300356,0.05228104172647851,insula-lh,0.34832555004070687
2014,left,129609,-0.03364070699454492,0.05144702253161633,0.04596107131615413,insula-lh,0.34583986392462407
2015,left,129649,-0.00834100780851628,0.04793144249966566,0.037377084224305954,rostralanteriorcingulate-lh,0.43921815325056496
2016,left,129669,-0.01224453965601162,0.046759187612383346,0.03554302600742955,lateralorbitofrontal-lh,0.45495870141916744
2017,left,129867,-0.03675864950773988,0.037398772409265854,0.0173551024370037,temporalpole-lh,0.3185355515991346
2018,left,129899,-0.004496278479112527,0.0750996667492688,0.08909030397467735,superiorfrontal-lh,0.651912700997628
2019,left,129955,-0.02529422363822688,0.0719082858149647,0.08514492250900563,rostralmiddlefrontal-lh,1.450528087259546
2020,left,130158,-0.02615596975066831,0.06553073635659329,0.07014112355593148,rostralmiddlefrontal-lh,0.27366478323413845
2021,left,130304,-0.05006633674036087,0.05822751230644645,0.05852088952458579,parsopercularis-lh,0.8076453777799769
2022,left,130359,-0.003039168726283749,0.057102808476584985,0.05326434468172678,unknown,0.35534254934080584
2023,left,130407,-0.0499623024105936,0.05450504088562745,0.04990499579563799,parsopercularis-lh,0.7125029133763809
2024,left,130425,-0.0036132918193120846,0.05511122605258119,0.04922410858656128,unknown,0.3816059559357302
2025,left,130431,-0.03386663982725715,0.05419680593522999,0.04873398360710092,insula-lh,0.35547042550816416
2026,left,130491,-0.02700966295025482,0.04900463486629511,0.03852202331917629,lateralorbitofrontal-lh,0.4405316150313889
2027,left,130509,-0.01712689262786439,0.04878255608449156,0.0363918032986887,lateralorbitofrontal-lh,0.46264195231288585
2028,left,130553,-0.04224624870098343,0.04644983477331038,0.03454678510669903,lateralorbitofrontal-lh,0.3138999495680523
2029,left,130560,-0.021264516855904844,0.04734799349872436,0.033816555073085744,lateralorbitofrontal-lh,0.4606209996722942
2030,left,130668,-0.04524582573734018,0.04246680558983815,0.024596223208080283,superiortemporal-lh,0.3461155217865067
2031,left,130723,-0.026845777721051536,0.04116568440661264,0.017719524372496222,temporalpole-lh,0.24044348451368813
2032,left,130780,-0.017882173368666977,0.07452835429139526,0.08688806270617754,superiorfrontal-lh,0.9778144879746554
2033,left,130818,-0.013449945439347319,0.07247321549020719,0.08350385316996156,superiorfrontal-lh,0.49680128910137483
2034,left,130865,-0.019603900963127918,0.07073227893690194,0.08087542455860156,superiorfrontal-lh,0.6565457030988214
2035,left,131139,-0.04464548351168599,0.059532157881805894,0.05769920635792792,parsopercularis-lh,0.6609352169021283
2036,left,131174,-0.05459918879118097,0.05876389259489004,0.05665877318907041,parsopercularis-lh,0.8732350007555054
2037,left,131362,-0.027708438905109625,0.04884711823399124,0.03459685372292387,lateralorbitofrontal-lh,0.30274259886494176
2038,left,131498,-0.04836996900598867,0.04473573757660684,0.025546648159991234,superiortemporal-lh,0.32509895531862504
2039,left,131716,-0.03304433671653997,0.06971923714256258,0.07720538103776647,rostralmiddlefrontal-lh,0.9000081505859115
2040,left,131760,-0.030100337224732106,0.06928471258711122,0.07432215992011018,rostralmiddlefrontal-lh,0.4955773030179898
2041,left,131788,-0.012859034612018011,0.06790069747540803,0.07186116485240088,superiorfrontal-lh,0.27956882394269505
2042,left,131835,-0.01015074504374045,0.06642087965910765,0.06847882109994799,superiorfrontal-lh,0.22892564208061522
2043,left,131881,-0.04356029189393737,0.06423803767991552,0.06605915843110276,rostralmiddlefrontal-lh,0.8834259906805649
2044,left,131915,-0.005076352902580003,0.06308053840966535,0.06129875012040759,caudalanteriorcingulate-lh,0.2533490002951636
2045,left,132014,-0.04674292886034563,0.057672059930748074,0.05237426451066821,parstriangularis-lh,0.667771443466652
2046,left,132073,-0.02790452011518555,0.05263680001321981,0.0400061027764131,lateralorbitofrontal-lh,0.4282035336434422
2047,left,132078,-0.009977802542239208,0.0526362393923171,0.04004596083769879,rostralanteriorcingulate-lh,0.38810110894549754
2048,left,132094,-0.04451952714186291,0.051200355437559505,0.03857554637299053,parsorbitalis-lh,0.3810380684201339
2049,left,132218,-0.0167167328478136,0.048232184371982165,0.03147281968054321,lateralorbitofrontal-lh,0.49672624372594354
2050,left,132264,-0.020861172913669384,0.04743244891514378,0.02851297620683248,lateralorbitofrontal-lh,0.3639008826014872
2051,left,132383,-0.03828441852518186,0.03848687301118307,0.01165203492862137,temporalpole-lh,0.25899238463216845
2052,left,132421,-0.008960376413246419,0.07504262232296302,0.08354967839105665,superiorfrontal-lh,0.5964745115920772
2053,left,132540,-0.03809721485128198,0.06923323264958875,0.07419410008560617,rostralmiddlefrontal-lh,0.5406682832059697
2054,left,132542,-0.0060609266952754825,0.07075356770696145,0.07345559648347337,superiorfrontal-lh,0.3250003685275923
2055,left,132620,-0.04289492861993516,0.06703929560693635,0.06801181965792118,rostralmiddlefrontal-lh,0.9043953273390283
2056,left,132652,-0.032478297387722184,0.06585829962089035,0.06656966553882299,rostralmiddlefrontal-lh,0.28872118817799614
2057,left,132686,-0.0380293202647704,0.06474968371694557,0.06330962312700708,rostralmiddlefrontal-lh,0.4350368493690976
2058,left,132791,-0.03677245162202806,0.059106776868513594,0.05335182886699636,parstriangularis-lh,0.39328831967907774
2059,left,132863,-0.02940562936591328,0.0543239630215127,0.042555420134178165,lateralorbitofrontal-lh,0.3902907302054656
2060,left,133011,-0.00833920030901938,0.05105473016855114,0.033187315658436294,medialorbitofrontal-lh,0.38932255577030456
2061,left,133064,-0.024757311067858487,0.048277850214204,0.031081777988824624,lateralorbitofrontal-lh,0.3576688919953349
2062,left,133083,-0.028284397636793746,0.04813436123636962,0.0295754293769842,lateralorbitofrontal-lh,0.2905862677515419
2063,left,133085,-0.04105941727739423,0.049098880969002015,0.029824746975475935,lateralorbitofrontal-lh,0.2355578740648085
2064,left,133119,-0.027121298719968483,0.04761254928080329,0.026785036833738823,lateralorbitofrontal-lh,0.28728730112508377
2065,left,133175,-0.0410519942304295,0.042345649020213594,0.017087372567099225,temporalpole-lh,0.29605501809262996
2066,left,133331,-0.0219034476689587,0.07213627075562885,0.07672319548543416,rostralmiddlefrontal-lh,0.4938886097833897
2067,left,133389,-0.021588428273559272,0.06873966670805656,0.07002703407470073,rostralmiddlefrontal-lh,0.24667965762011254
2068,left,133533,-0.0118802244349022,0.06531669000207432,0.06107615790531253,caudalanteriorcingulate-lh,0.19244454137461353
2069,left,133577,-0.0073555892829333825,0.062968998821497,0.05681947221484675,caudalanteriorcingulate-lh,0.2773059414525942
2070,left,133671,-0.053031538164100674,0.05958426109968737,0.05043235652738339,parstriangularis-lh,0.8043119255860264
2071,left,133679,-0.04280567502646782,0.05892784003378293,0.049638458486864406,parstriangularis-lh,0.5226925859136468
2072,left,133719,-0.009572357046955521,0.0553330214468646,0.04212845344248993,rostralanteriorcingulate-lh,0.3736564431877438
2073,left,133783,-0.037633057766047355,0.05351575907464992,0.03916918566420492,lateralorbitofrontal-lh,0.3145090898765579
2074,left,133815,-0.03601159675824011,0.05263134030361409,0.03600542059168699,lateralorbitofrontal-lh,0.2810524918153223
2075,left,133889,-0.03354278745870563,0.051266867991192455,0.033682400221775155,lateralorbitofrontal-lh,0.23188769748614405
2076,left,134034,-0.03882347932603225,0.042258578446189826,0.014586859974128518,temporalpole-lh,0.25895406670644283
2077,left,134067,-0.022388140627908407,0.07687829142475443,0.0833115565200123,rostralmiddlefrontal-lh,1.0524818916899845
2078,left,134109,-0.018016438174250086,0.07466785264072463,0.07988637268847767,superiorfrontal-lh,0.526107134123975
2079,left,134114,-0.00633602593018185,0.07476026894601033,0.07805625448345191,superiorfrontal-lh,0.4735344054744704
2080,left,134115,-0.012797406859779703,0.07441445915503872,0.07790009130741533,superiorfrontal-lh,0.5260832272039487
2081,left,134309,-0.004925457501505082,0.06812848296323065,0.06488873830064346,rostralanteriorcingulate-lh,0.21529799116789908
2082,left,134604,-0.030793778061712126,0.05702909453855114,0.044049614908896986,lateralorbitofrontal-lh,0.3839665622031063
2083,left,134607,-0.04720824608093464,0.056808302209044495,0.04312490745862231,parstriangularis-lh,0.6558647948673484
2084,left,134730,-0.009498778339237152,0.05407633124806582,0.03559569297085071,medialorbitofrontal-lh,0.34658834992041293
2085,left,134733,-0.023354464091229304,0.053720861391936076,0.03562704758418368,lateralorbitofrontal-lh,0.4735601288170571
2086,left,134745,-0.039294439701849905,0.0533091254135621,0.0356900877536504,lateralorbitofrontal-lh,0.29085002667589643
2087,left,134829,-0.010680319440232474,0.05126790134299543,0.03055482321241599,medialorbitofrontal-lh,0.33746655826383926
2088,left,134874,-0.033889893852408634,0.05025632710112567,0.02867253567529031,lateralorbitofrontal-lh,0.21662440963944646
2089,left,134920,-0.040515006102824984,0.045844761134776146,0.019959978751082373,temporalpole-lh,0.25191418859069226
2090,left,134965,-0.006869215372083518,0.0783778943552774,0.08328490137106291,superiorfrontal-lh,0.7351159821282346
2091,left,135004,-0.026089792486281554,0.07632083351936346,0.07991592263498626,rostralmiddlefrontal-lh,0.9244136199792571
2092,left,135120,-0.02914177520084416,0.06989175385055771,0.06803880551334873,rostralmiddlefrontal-lh,0.2532572689991206
2093,left,135127,-0.015225102932333794,0.06998374171780268,0.06631518598597988,superiorfrontal-lh,0.22721177205206344
2094,left,135272,-0.04275105164088206,0.06575298470299351,0.06018303233920281,rostralmiddlefrontal-lh,0.7811024110966753
2095,left,135281,-0.03379941546346439,0.06616803546103878,0.059591429568475546,rostralmiddlefrontal-lh,0.27211901603061195
2096,left,135316,-0.04804040507882405,0.06493537738476482,0.05759437278641358,rostralmiddlefrontal-lh,0.8954618781709662
2097,left,135364,-0.006854447368467671,0.0631188841444487,0.05183188764087987,rostralanteriorcingulate-lh,0.31582072229955566
2098,left,135368,-0.033271632793932804,0.06151832023011665,0.05148236219308272,parstriangularis-lh,0.3798763817792362
2099,left,135410,-0.031052669134156947,0.06088191372125777,0.04800244990958692,parstriangularis-lh,0.3865956471318527
2100,left,135448,-0.049763027373264386,0.05932193344685539,0.04594666445380129,parstriangularis-lh,0.7220283928351997
2101,left,135470,-0.00905445126412791,0.05953313044474262,0.044696045098628005,rostralanteriorcingulate-lh,0.35730164279071674
2102,left,135530,-0.0378532035753084,0.05717711768190317,0.04240247104344485,parstriangularis-lh,0.35490306731180316
2103,left,135558,-0.04359853861284123,0.05598054411969104,0.03924646512731857,parstriangularis-lh,0.39844185102296703
2104,left,135617,-0.042581372228077966,0.05378415950967601,0.03468522063518623,parsorbitalis-lh,0.22002026354566506
2105,left,135673,-0.028269125261327143,0.05362761252685093,0.032431995421943645,lateralorbitofrontal-lh,0.2753960817509439
2106,left,135895,-0.03364024863334244,0.07377054428694345,0.07316378936357013,rostralmiddlefrontal-lh,0.4640350634603769
2107,left,135966,-0.03465986854395033,0.07017338290763832,0.06558606576821116,rostralmiddlefrontal-lh,0.3112794145850688
2108,left,136155,-0.04778173559944733,0.06382270572343031,0.05221443400444336,parstriangularis-lh,0.7907557138785116
2109,left,136211,-0.0063385495567436605,0.062264609085461886,0.04722067625429342,rostralanteriorcingulate-lh,0.34226952522749476
2110,left,136334,-0.01183275555249511,0.05818740124602048,0.03971073613872631,rostralanteriorcingulate-lh,0.3510510932577067
2111,left,136404,-0.013146257690581217,0.054768404496808046,0.03361176472002952,medialorbitofrontal-lh,0.33900646951007884
2112,left,136642,-0.022083742480754266,0.07397265692405258,0.07162046886628531,rostralmiddlefrontal-lh,0.3441198671293301
2113,left,136712,-0.02527129716976432,0.07000135905327885,0.0632248748180233,rostralmiddlefrontal-lh,0.15134061280333075
2114,left,136731,-0.011277165385195074,0.07032726500480098,0.062432937618125205,rostralanteriorcingulate-lh,0.19460393492417444
2115,left,136740,-0.04179526591208805,0.06955183790916906,0.0617976303738258,rostralmiddlefrontal-lh,0.8426430429146404
2116,left,136861,-0.053321118715203425,0.06373792538296104,0.051372983573785,parstriangularis-lh,0.8306525311044196
2117,left,136901,-0.04005043305174226,0.06123118037740462,0.047517449731255365,parstriangularis-lh,0.4692311984110556
2118,left,137157,-0.016522569105543165,0.05482696308920537,0.031110639431286728,lateralorbitofrontal-lh,0.42079313015420844
2119,left,137164,-0.036041501141690524,0.055073960056710544,0.03047790062630308,lateralorbitofrontal-lh,0.18656640977848155
2120,left,137172,-0.018046282193169352,0.05440526985751651,0.0297750149974947,lateralorbitofrontal-lh,0.4432190620072232
2121,left,137176,-0.022111004606369708,0.05398595724889453,0.030316963123041073,lateralorbitofrontal-lh,0.3623684276890302
2122,left,137197,-0.03095978995528835,0.05335342009180258,0.028438230929276512,lateralorbitofrontal-lh,0.2290029622319385
2123,left,137276,-0.023185762321498157,0.07802975588527565,0.07657612991414536,rostralmiddlefrontal-lh,0.5075868131779357
2124,left,137296,-0.0168271827488229,0.0766498914346571,0.07437239703298418,superiorfrontal-lh,0.5369916014088292
2125,left,137338,-0.011313339205650245,0.07400847615355449,0.06807739484650363,superiorfrontal-lh,0.37282315635971397
2126,left,137477,-0.009796881229664673,0.06837626312549394,0.055903622176651506,rostralanteriorcingulate-lh,0.2427014104408227
2127,left,137486,-0.04139536895178851,0.0661186899824557,0.054272278327169125,rostralmiddlefrontal-lh,0.6668898765183656
2128,left,137598,-0.03796993767742066,0.06111895127365098,0.04397114825528098,parstriangularis-lh,0.408595477935879
2129,left,137657,-0.046018075195099435,0.059860190842299085,0.04006862358480873,parstriangularis-lh,0.6881240334731543
2130,left,137724,-0.03514446734249626,0.05846972138538317,0.0362675028667013,lateralorbitofrontal-lh,0.1728050649212155
2131,left,137800,-0.044223276958378376,0.05586576575473219,0.03308533236104212,parsorbitalis-lh,0.34346274908901026
2132,left,137833,-0.008008421342042498,0.055819490520246054,0.03050287887683215,medialorbitofrontal-lh,0.17721232135623077
2133,left,137917,-0.010077941564358506,0.08087889010445516,0.07984084610966291,superiorfrontal-lh,0.7855743205433158
2134,left,137983,-0.008044034259883974,0.07603461123600887,0.0709848397741579,superiorfrontal-lh,0.5523897755666299
2135,left,138130,-0.04660032614247147,0.06941437850170859,0.057796418106390156,rostralmiddlefrontal-lh,0.9458167412585754
2136,left,138230,-0.04702743114811258,0.06350451814557079,0.044781524051508106,parstriangularis-lh,0.6945981779375896
2137,left,138322,-0.030791886364441152,0.06008490755827735,0.039224810849858946,lateralorbitofrontal-lh,0.45150179967671905
2138,left,138423,-0.02710642171057263,0.05935614788749845,0.03462149222928262,lateralorbitofrontal-lh,0.29579915436804693
2139,left,138592,-0.00826358966705888,0.07949676555863426,0.07551296647309325,superiorfrontal-lh,0.6408115850424991
2140,left,138617,-0.02549077719126509,0.07915988496458405,0.07444397582274101,rostralmiddlefrontal-lh,0.4569519177287028
2141,left,138709,-0.022089482478429213,0.07398275571118526,0.06478468402203882,rostralmiddlefrontal-lh,0.21741446812977597
2142,left,138719,-0.03161570499254574,0.07408173861595631,0.06483163841481707,rostralmiddlefrontal-lh,0.23079962434589124
2143,left,138751,-0.03573652943980312,0.07259781145862548,0.06223360869242513,rostralmiddlefrontal-lh,0.3940979343479958
2144,left,138768,-0.006334228673174116,0.07254089794215396,0.06018556773979151,rostralanteriorcingulate-lh,0.1994820549729261
2145,left,138772,-0.017359094391591032,0.07220238382692835,0.06013543836767324,superiorfrontal-lh,0.16141748640892034
2146,left,138989,-0.006766301976687601,0.06168752344202799,0.03909451624448683,rostralanteriorcingulate-lh,0.3337124351993764
2147,left,139078,-0.009439923940272396,0.06015610695804545,0.03449058186288407,medialorbitofrontal-lh,0.2659546939351641
2148,left,139082,-0.021668883403545232,0.05907172394287949,0.03372637024381747,lateralorbitofrontal-lh,0.4396555334414709
2149,left,139341,-0.03731026721071083,0.07678558244960565,0.06716519518278066,rostralmiddlefrontal-lh,0.5287649123574671
2150,left,139478,-0.0387332867246408,0.07220329314622045,0.058316232204643645,rostralmiddlefrontal-lh,0.7205597419659945
2151,left,139590,-0.006793965489563458,0.06885392133566778,0.051445012205313584,rostralanteriorcingulate-lh,0.2855902428916369
2152,left,139614,-0.04545577495122091,0.06799350906073759,0.04922863389517855,parstriangularis-lh,0.7474788773849409
2153,left,139645,-0.007800899069898752,0.06594170449528783,0.043230195137427097,rostralanteriorcingulate-lh,0.3345182032872462
2154,left,139686,-0.025050210119059134,0.0634326233444749,0.03979043335862859,lateralorbitofrontal-lh,0.4133022475002649
2155,left,139705,-0.013460519432500694,0.06320462990322383,0.039347228026947186,medialorbitofrontal-lh,0.34109429668881136
2156,left,139740,-0.04912917022984154,0.06218426525448957,0.03754153823994916,parstriangularis-lh,0.8636200673783215
2157,left,139805,-0.04796284255765759,0.059681781211540746,0.033396408980411664,parstriangularis-lh,0.888822993995393
2158,left,139995,-0.010891364487410125,0.0807910687863906,0.07290865004621591,superiorfrontal-lh,0.6813126162194209
2159,left,140051,-0.027894991859069317,0.07837674326779508,0.06782473165954095,rostralmiddlefrontal-lh,0.29025569069953866
2160,left,140070,-0.01815078678197075,0.07785920552788964,0.0671859839039002,rostralmiddlefrontal-lh,0.3990254767862516
2161,left,140208,-0.02839010779844914,0.07326242110906071,0.05872595179883961,rostralmiddlefrontal-lh,0.16951470296848886
2162,left,140302,-0.049385678386667665,0.07090989999717642,0.053750689101112324,rostralmiddlefrontal-lh,0.9434533635713944
2163,left,140458,-0.03585613517486733,0.06474874991362066,0.03974706644472894,lateralorbitofrontal-lh,0.3618135049292449
2164,left,140555,-0.040488503049502515,0.061952488525065186,0.036523044219867115,parsorbitalis-lh,0.35154360383599753
2165,left,140693,-0.010703979511423966,0.058620100706271897,0.02835516482134714,medialorbitofrontal-lh,0.17618612134850764
2166,left,140728,-0.019606414955868248,0.08383494032169986,0.07639385367756336,rostralmiddlefrontal-lh,0.7463897782736677
2167,left,140788,-0.01838087616378193,0.08071248555427198,0.0721857265080352,rostralmiddlefrontal-lh,0.6080756780470018
2168,left,140922,-0.03241540362602652,0.07735840376549934,0.06411537959069757,rostralmiddlefrontal-lh,0.2482213513557309
2169,left,140926,-0.014781135673230366,0.07714333141552981,0.06302438496581458,superiorfrontal-lh,0.3035308570541371
2170,left,141031,-0.011140920165869456,0.07390046820969946,0.05689599067614597,rostralanteriorcingulate-lh,0.20474655849916004
2171,left,141095,-0.01685046724663799,0.07254018888604151,0.054129079024506054,superiorfrontal-lh,0.2792462167024344
2172,left,141106,-0.04318786035646706,0.07223817643294957,0.05496734190097871,rostralmiddlefrontal-lh,0.8510077082287903
2173,left,141152,-0.03886962800052031,0.07082288504852814,0.0513436092896731,rostralmiddlefrontal-lh,0.634822823918239
2174,left,141171,-0.046310316570936115,0.07089031073181298,0.05014738053852445,rostralmiddlefrontal-lh,0.8210572841768163
2175,left,141177,-0.010502643073642603,0.0714553307558998,0.05035039558467279,rostralanteriorcingulate-lh,0.3016761450328813
2176,left,141234,-0.008886144376130159,0.06866407908090043,0.04654194397536669,rostralanteriorcingulate-lh,0.32369241601767623
2177,left,141297,-0.010028271715008375,0.0666237138459926,0.04195451411532379,rostralanteriorcingulate-lh,0.33669012669087206
2178,left,141315,-0.04420578763144229,0.06568772314348488,0.04066101117932644,parstriangularis-lh,0.7256923228368515
2179,left,141530,-0.005686171291166997,0.05944871116149952,0.026609795713510305,medialorbitofrontal-lh,0.2720080369757999
2180,left,141567,-0.01458701871916552,0.08438396099462928,0.07429086252503098,superiorfrontal-lh,0.7658259682736195
2181,left,141574,-0.005527176434884297,0.083921494837973,0.0740159141863437,superiorfrontal-lh,0.6015606182034503
2182,left,141630,-0.03133329842916216,0.08147366581913137,0.06975661006191547,rostralmiddlefrontal-lh,0.5531775880336604
2183,left,141633,-0.0077067962085948325,0.08079158033960751,0.06865742598264025,superiorfrontal-lh,0.5258472703965937
2184,left,141681,-0.008742688436924731,0.07967931136255794,0.0653094961968407,superiorfrontal-lh,0.5177766733881509
2185,left,141715,-0.026335720632332946,0.07864951878340277,0.06402634397800569,rostralmiddlefrontal-lh,0.22810041768048972
2186,left,141753,-0.04307291722212541,0.07661985355228074,0.06025088773901423,rostralmiddlefrontal-lh,0.9714853829712149
2187,left,142007,-0.039440664209004904,0.06850872740960601,0.044835635702171354,rostralmiddlefrontal-lh,0.5527966741311153
2188,left,142115,-0.05229926647851725,0.06626084597280463,0.0391732441809413,parstriangularis-lh,0.9039295200973978
2189,left,142162,-0.031144834364859077,0.06545625324287933,0.0355062745076637,lateralorbitofrontal-lh,0.18771177566020184
2190,left,142216,-0.04184198644958325,0.06204047962548856,0.03173416727835492,parsorbitalis-lh,0.3324429936459707
2191,left,142218,-0.04677359897320646,0.06327960444807883,0.03201010448952243,parstriangularis-lh,0.8760772158173962
2192,left,142238,-0.014310442656694886,0.062453132928759716,0.030376220205490405,lateralorbitofrontal-lh,0.24893021187459138
2193,left,142418,-0.0239365792402471,0.08119905633683745,0.06746607933183307,rostralmiddlefrontal-lh,0.41365470233601187
2194,left,142598,-0.005339225107126885,0.07609313301215594,0.05348640695537297,rostralanteriorcingulate-lh,0.2270020599981256
2195,left,142657,-0.03090640676431578,0.07228953006245153,0.05045710360436085,rostralmiddlefrontal-lh,0.46531609254125045
2196,left,142983,-0.008838920763666847,0.06380567422326403,0.029928894768876967,medialorbitofrontal-lh,0.210610130740441
2197,left,143253,-0.03631434143695747,0.07815835876399013,0.058940588595074096,rostralmiddlefrontal-lh,0.6971202886186202
2198,left,143261,-0.033322137451176743,0.07724803248090491,0.05806085517371512,rostralmiddlefrontal-lh,0.5362265326744635
2199,left,143298,-0.03690598702760017,0.0764960706349162,0.05506103656222112,rostralmiddlefrontal-lh,0.6749636858250389
2200,left,143415,-0.018392083355762458,0.0735028171749014,0.04835363057169726,medialorbitofrontal-lh,0.3723466107952982
2201,left,143470,-0.0124083237788796,0.07251852667443702,0.04500102637365633,rostralanteriorcingulate-lh,0.3443576778746304
2202,left,143482,-0.005903160369727602,0.07190634645241223,0.04325900672410344,rostralanteriorcingulate-lh,0.3183254597001289
2203,left,143514,-0.04837455668335045,0.0699940883791767,0.043251186910152145,parstriangularis-lh,0.8029181279671606
2204,left,143521,-0.015361582515511445,0.0699185025045525,0.04147091723365857,medialorbitofrontal-lh,0.35933510775306404
2205,left,143619,-0.012638107395877788,0.06644427767562039,0.0339178846688231,medialorbitofrontal-lh,0.3003969346893113
2206,left,143635,-0.02356468666569242,0.06556837297509895,0.03340410378163157,lateralorbitofrontal-lh,0.26496760578336576
2207,left,143894,-0.021458453074068393,0.08082995307400657,0.06258392915263522,rostralmiddlefrontal-lh,0.30575000224889454
2208,left,143970,-0.024664661921548058,0.07829087845793091,0.05641034703140841,rostralmiddlefrontal-lh,0.3505604594256087
2209,left,144034,-0.02759223078827399,0.07556708584364735,0.05135078638209631,rostralmiddlefrontal-lh,0.4472622688597272
2210,left,144163,-0.01111297953484574,0.06931091795298654,0.03796420174100047,medialorbitofrontal-lh,0.3338979888179683
2211,left,144218,-0.045337432833892556,0.06757176084608618,0.035053599681638105,parstriangularis-lh,0.8806468541664929
2212,left,144227,-0.03863224033089547,0.06762274799801377,0.03413618375734444,parsorbitalis-lh,0.3031434506743242
2213,left,144394,-0.00823385704991018,0.08693136152037279,0.07052695768791487,superiorfrontal-lh,0.6374179527929321
2214,left,144447,-0.016252509559418225,0.08407671360589561,0.0653650908616313,rostralmiddlefrontal-lh,0.553525424681606
2215,left,144475,-0.03639365948855943,0.08270008253321245,0.06403037514642718,rostralmiddlefrontal-lh,0.6286924653993402
2216,left,144560,-0.015255777353760883,0.0796476446732839,0.056215149679911654,superiorfrontal-lh,0.2282600054400306
2217,left,144686,-0.005723151414306389,0.07516172503713242,0.04666993479673289,rostralanteriorcingulate-lh,0.29265363944316897
2218,left,144770,-0.026230652659642,0.06990044084532158,0.03808716062007269,lateralorbitofrontal-lh,0.3935562007305337
2219,left,144857,-0.018432594820674744,0.06739166751720002,0.03164798827518221,lateralorbitofrontal-lh,0.37016966254759237
2220,left,144978,-0.01694309898680533,0.08766797822387584,0.0706593118055419,rostralmiddlefrontal-lh,0.7412435319297919
2221,left,145017,-0.026436661388852575,0.08563805955809221,0.06836905990042891,rostralmiddlefrontal-lh,0.462141619157179
2222,left,145111,-0.028489805878731324,0.08223567112100351,0.059903978754749114,rostralmiddlefrontal-lh,0.3613869362875472
2223,left,145138,-0.010299875167564301,0.08174269363992018,0.05829636377472494,superiorfrontal-lh,0.2927556088529476
2224,left,145245,-0.034130707010882104,0.07720977483409741,0.051247623805023665,rostralmiddlefrontal-lh,0.5643376912609216
2225,left,145282,-0.03905755773410771,0.07629525951505982,0.048537292265679655,rostralmiddlefrontal-lh,0.6563723212213549
2226,left,145336,-0.042164788952453534,0.07440840568651672,0.0462925854188197,rostralmiddlefrontal-lh,0.6918654693210989
2227,left,145396,-0.04355175553003378,0.0719197798610436,0.04021968720556647,rostralmiddlefrontal-lh,0.7753019589592156
2228,left,145436,-0.04127290266982272,0.07070915138299673,0.03628376600482235,parsorbitalis-lh,0.6367794872384527
2229,left,145599,-0.009409241541438915,0.06627701961004645,0.027463931921126707,medialorbitofrontal-lh,0.22116764269063227
2230,left,145753,-0.026703640038588064,0.08421184090819664,0.0612857565789122,rostralmiddlefrontal-lh,0.3830231312287525
2231,left,145909,-0.041850634837550346,0.07878610974922408,0.05171015852345479,rostralmiddlefrontal-lh,0.8196064959689443
2232,left,146108,-0.03541245382953885,0.07153524894944376,0.03666584143273453,parsorbitalis-lh,0.24920618902795297
2233,left,146274,-0.00616162527115083,0.06745755732611527,0.02711014611885379,medialorbitofrontal-lh,0.20207001826612583
2234,left,146344,-0.013054606027804614,0.0886420900260442,0.06780542377047846,superiorfrontal-lh,0.6859694897933233
2235,left,146351,-0.006638120050846989,0.08836163041197477,0.06716261502841966,superiorfrontal-lh,0.5897827422828197
2236,left,146398,-0.008776799323794559,0.0858052055243012,0.06232119651401335,superiorfrontal-lh,0.46425231751533463
2237,left,146592,-0.014441257732783928,0.07957268244419108,0.04981024110109329,superiorfrontal-lh,0.35011665746194554
2238,left,146630,-0.023071155030720665,0.0787757063454434,0.04730059956010414,rostralmiddlefrontal-lh,0.4308646644206569
2239,left,146663,-0.043840412999364385,0.0772261250134155,0.046475668384893226,rostralmiddlefrontal-lh,0.7573036709964215
2240,left,146790,-0.012548365822697551,0.07328518837422714,0.03654134989802543,medialorbitofrontal-lh,0.35374856581203473
2241,left,147022,-0.01408058914717063,0.08660875652306448,0.06210892521113531,superiorfrontal-lh,0.5182081695389913
2242,left,147085,-0.03659115436481757,0.08465163757003512,0.058122069126146,rostralmiddlefrontal-lh,0.7256396344647515
2243,left,147098,-0.008314046637807448,0.08413764708996328,0.05638938680576885,superiorfrontal-lh,0.29152938714761206
2244,left,147145,-0.022300706707408406,0.08163623366357119,0.05319541590984677,rostralmiddlefrontal-lh,0.4317253039508913
2245,left,147163,-0.007741561484617713,0.08234593444837726,0.05151628577356866,superiorfrontal-lh,0.2549988387136422
2246,left,147274,-0.03374241596417282,0.07723724032249815,0.04417639775730656,rostralmiddlefrontal-lh,0.5049147316268005
2247,left,147292,-0.03956353902228998,0.07620267320705419,0.04069664015980158,rostralmiddlefrontal-lh,0.5597322350312092
2248,left,147298,-0.015955110424405467,0.07597274935505485,0.040745071098819814,medialorbitofrontal-lh,0.37815773151172555
2249,left,147330,-0.00805662773496651,0.07495280510533481,0.03894176095328304,medialorbitofrontal-lh,0.33851618551193796
2250,left,147372,-0.03148338195722154,0.0738370076995612,0.037127656478424795,lateralorbitofrontal-lh,0.4501601641976293
2251,left,147377,-0.047161890010335786,0.07407222812641692,0.03633342424456025,rostralmiddlefrontal-lh,0.9735881076022891
2252,left,147449,-0.00978266407282832,0.0719247593002522,0.03196734359040881,medialorbitofrontal-lh,0.31565195085109954
2253,left,147633,-0.02104785002310256,0.08558762219844011,0.05896731645643458,rostralmiddlefrontal-lh,0.3641054437074799
2254,left,147708,-0.03614691140161909,0.08266493840332197,0.05194305727056915,rostralmiddlefrontal-lh,0.6366146922157727
2255,left,147774,-0.030495376750754533,0.07997735077862665,0.0470836355246302,rostralmiddlefrontal-lh,0.49494448258609824
2256,left,148611,-0.005379297650791474,0.07067514626052582,0.024231818428175803,medialorbitofrontal-lh,0.21494107378339888
2257,left,148683,-0.01917819558411184,0.0900898658917731,0.06055896753025251,superiorfrontal-lh,0.5341885623206658
2258,left,148690,-0.007387410326285093,0.08918356477303323,0.060298183181111215,superiorfrontal-lh,0.4592213363170666
2259,left,148765,-0.02807273742103777,0.08684086895461797,0.054430328267854024,rostralmiddlefrontal-lh,0.48054500657005217
2260,left,148858,-0.014051383063133959,0.0813411112775734,0.044183549436167535,superiorfrontal-lh,0.37958721585212235
2261,left,148927,-0.04568733364096146,0.0794013674249137,0.04106521304932395,rostralmiddlefrontal-lh,0.7775224731574386
2262,left,149008,-0.0265409541772864,0.07684022338386529,0.03622307427247348,lateralorbitofrontal-lh,0.38134932960252316
2263,left,149100,-0.005373985222450684,0.07476142147563666,0.03096836028961929,medialorbitofrontal-lh,0.3222097459227069
2264,left,149175,-0.008500939370825555,0.0925744987386646,0.06417039032316574,superiorfrontal-lh,0.6038024364997598
2265,left,149341,-0.01243162499043338,0.08502441270864092,0.049336478416944475,superiorfrontal-lh,0.33854938261528816
2266,left,149392,-0.02840228619714268,0.08195684265023694,0.04469783298842537,rostralmiddlefrontal-lh,0.4716887675781605
2267,left,149401,-0.038182077948713845,0.08213400209586022,0.04517926684300416,rostralmiddlefrontal-lh,0.6122157192996481
2268,left,149513,-0.00858305322882392,0.07997696323775237,0.04028181465798569,medialorbitofrontal-lh,0.34659325384757944
2269,left,149533,-0.026868727954371553,0.08043649705007595,0.038869987565859854,rostralmiddlefrontal-lh,0.4249922917704396
2270,left,149541,-0.010471996762645215,0.07937014661860736,0.03831776472793081,medialorbitofrontal-lh,0.3659948910222321
2271,left,149570,-0.04113280488298113,0.07795379761150084,0.03579056201252482,parsorbitalis-lh,0.6493471910441576
2272,left,149633,-0.01772495357127636,0.07539580652006096,0.031634926759146684,lateralorbitofrontal-lh,0.37194476084632255
2273,left,149659,-0.008525042668240558,0.07520628392143129,0.028618802978756304,medialorbitofrontal-lh,0.33984820077169586
2274,left,149721,-0.014907991162453624,0.09365861094005787,0.0630109059672624,superiorfrontal-lh,0.6483412963261292
2275,left,149817,-0.02114019452376203,0.08999972199635452,0.05661141061433639,superiorfrontal-lh,0.499799271717172
2276,left,149852,-0.010771034332985362,0.08829642799368684,0.053526730213391945,superiorfrontal-lh,0.30168609853033973
2277,left,149950,-0.04204827870538844,0.0833214572396588,0.04526551820802352,rostralmiddlefrontal-lh,0.7073191343386968
2278,left,149986,-0.02151261577201218,0.08240063373630947,0.04226826414980656,rostralmiddlefrontal-lh,0.42621875970401013
2279,left,150098,-0.019632059900142662,0.07835925954678089,0.03532396759232377,lateralorbitofrontal-lh,0.38140514601386477
2280,left,150106,-0.03723464732280791,0.07808995195402495,0.03413908013453888,parsorbitalis-lh,0.362524713060067
2281,left,150116,-0.011469303882576954,0.07840799809733755,0.0333985938626231,medialorbitofrontal-lh,0.38218607379418096
2282,left,150258,-0.012764685662704342,0.09183026688727429,0.05817444887419267,superiorfrontal-lh,0.4585131332023978
2283,left,150369,-0.021768926860055132,0.08582869446792821,0.047116925973497946,rostralmiddlefrontal-lh,0.44908818309886744
2284,left,150508,-0.03868983378587217,0.08210410590051868,0.03919835720328618,rostralmiddlefrontal-lh,0.5854146797375135
2285,left,150752,-0.015126880212133332,0.09036807815358655,0.053822326254846835,superiorfrontal-lh,0.3305617076573538
2286,left,150801,-0.03364585121620961,0.08777246177852199,0.048071439377332645,rostralmiddlefrontal-lh,0.5422864613865204
2287,left,150890,-0.008552486696250123,0.08485292872765203,0.04383634454989302,medialorbitofrontal-lh,0.33261213885854113
2288,left,151000,-0.03416525072685569,0.08079522533632057,0.03612387534072774,lateralorbitofrontal-lh,0.41657476622833695
2289,left,151131,-0.007112474877476434,0.0923715395148214,0.055809241365185495,superiorfrontal-lh,0.4138514564371292
2290,left,151182,-0.024210323976612783,0.09022124274403961,0.05092034207049444,rostralmiddlefrontal-lh,0.4658024095380445
2291,left,151439,-0.005290081400130146,0.08172981741767234,0.03387578133628965,medialorbitofrontal-lh,0.37420673066587756
2292,left,151609,-0.007891097051738112,0.09052791055422092,0.04902516758214165,superiorfrontal-lh,0.31915777172811827
2293,left,151714,-0.03106723634210637,0.0876008004601051,0.042872229007318775,rostralmiddlefrontal-lh,0.4932522024391049
2294,left,151745,-0.019965211010401312,0.08603051917389484,0.040987326251231915,rostralmiddlefrontal-lh,0.4291007338098754
2295,left,151752,-0.035581308495653594,0.08653765652279545,0.041325363761002265,rostralmiddlefrontal-lh,0.5404312440472445
2296,left,151756,-0.007394487766077637,0.08610212706396267,0.040940194974470684,medialorbitofrontal-lh,0.34295108072500513
2297,left,151785,-0.02998089993014433,0.08483602785038208,0.03811573583310059,rostralmiddlefrontal-lh,0.4497586968223317
2298,left,151852,-0.027033390381679505,0.08262654802107999,0.033703471379703996,lateralorbitofrontal-lh,0.38279015686939477
2299,left,151998,-0.015907374502073943,0.09211159331039946,0.05041417082079962,superiorfrontal-lh,0.39653388115774196
2300,left,152026,-0.020930204394064577,0.09201653226875729,0.048203544017411795,rostralmiddlefrontal-lh,0.4553591039129341
2301,left,152101,-0.005825679689467386,0.08954577369319028,0.04404456713142664,superiorfrontal-lh,0.30997860202630834
2302,left,152331,-0.015431446817287479,0.08242122002339648,0.029766497559566275,lateralorbitofrontal-lh,0.43372594445202955
2303,left,152353,-0.0040446291416905075,0.08063140223867063,0.026547087752709683,medialorbitofrontal-lh,0.40754662811272707
2304,left,152415,-0.02113306774981532,0.09435953673448086,0.053104771694069484,superiorfrontal-lh,0.46164423179948355
2305,left,152486,-0.011024846570552124,0.09206406012352113,0.046106571764260106,superiorfrontal-lh,0.3721861713911248
2306,left,152623,-0.022341357392197957,0.08755200054603202,0.03696530182804347,rostralmiddlefrontal-lh,0.4227259399016502
2307,left,152660,-0.010563614426116969,0.08609136705922743,0.03630362261026862,medialorbitofrontal-lh,0.4053244781187985
2308,left,152836,-0.011193019040349875,0.09485734710095962,0.05010320212364799,superiorfrontal-lh,0.39023485787564327
2309,left,153007,-0.015207455773070738,0.08692566245120795,0.03650555440539249,rostralmiddlefrontal-lh,0.4210977280327156
2310,left,153411,-0.009516585114354215,0.08567312342190335,0.02893069101795018,medialorbitofrontal-lh,0.381419331030158
2311,left,153474,-0.015553752036527464,0.0939149366397825,0.04418253049793548,rostralmiddlefrontal-lh,0.43692118204463043
2312,left,153483,-0.02101189111056673,0.0930762719783305,0.04293325000486306,rostralmiddlefrontal-lh,0.4525549719038213
2313,left,153601,-0.010563058816218674,0.08815133390716987,0.032768997382391925,rostralmiddlefrontal-lh,0.42515709175403243
2314,left,153609,-0.019287995633883843,0.08805180590369643,0.0324970182497976,rostralmiddlefrontal-lh,0.41482707593586066
2315,left,153729,-0.01194847093266409,0.09302101932206389,0.039970330432080814,frontalpole-lh,0.4291279148160524
2316,left,153795,-0.005799559412331181,0.08992700206075478,0.03328242850533575,frontalpole-lh,0.38374239258094905
2317,left,153976,-0.026352554759807776,0.09018582246016638,0.033383356778755285,rostralmiddlefrontal-lh,0.46360098526683924
2318,left,154079,-0.008661194224178836,0.09466195993329281,0.0392459460096056,frontalpole-lh,0.4327822210706807
2319,left,154103,-0.017401090921323713,0.09272397460703592,0.03957090502305145,rostralmiddlefrontal-lh,0.44988777205410363
2320,left,154239,-0.009794735986879338,0.09429445918232053,0.03602086463746172,frontalpole-lh,0.45401629582778674
2321,left,154396,-0.016545346665781707,-0.04270769540568399,0.09345648858992067,superiorparietal-lh,1.094848124496406
2322,left,154462,-0.05993686808613616,-0.01835711753575492,0.04272290900966701,middletemporal-lh,0.5179696290142858
2323,left,154478,-0.02855116278734035,-0.006010395873250356,0.042812700803887,unknown,0.32822925845768064
2324,left,154493,-0.03384451644056172,-0.003409082025558955,0.04421122387298199,unknown,0.37890698960519975
2325,left,154498,-0.029942851728062696,-0.0028983984340676585,0.045512366316066595,unknown,0.3591790158821774
2326,left,154552,-0.041011279414718486,-0.006360085567221832,0.026518618741328305,fusiform-lh,0.5749341542204046
2327,left,154609,-0.03134333044501275,0.011095026495707365,0.038901952786737234,unknown,0.3298721353303407
2328,left,154710,-0.035250225169120575,0.01610548937832959,0.031971185134532384,unknown,0.3214987683708068
2329,left,154803,-0.027952587005636142,0.016055277202332352,0.024740479818667033,unknown,0.31044188962537844
2330,left,154841,-0.02744428411815116,0.02532883160246095,0.03464346542558278,unknown,0.31716240059331435
2331,left,154844,-0.027305443511874555,0.023573738169855155,0.03776918389708576,unknown,0.315701243889252
2332,left,154881,-0.018352856286079296,0.0180213310281388,0.028081632343028993,unknown,0.36762762585638487
2333,left,154944,-0.023569796424715506,0.027792803599654376,0.022337302103333855,unknown,0.3262138319627436
2334,left,155066,-0.02875889779662375,0.025782717032124626,0.02835413064707816,unknown,0.3411801536848455
2335,left,155087,-0.009564175028932632,0.029509125810568537,0.03579885589684441,unknown,0.3752611964607731
2336,left,155192,-0.033090968498408924,0.04032527928579058,0.015700022681219266,temporalpole-lh,0.24522533096179772
2337,right,1924,0.01235319123322019,-0.05111014692319869,0.08807736830514173,superiorparietal-rh,0.9218127657193566
2338,right,1953,0.018728493265409454,-0.05150364430917054,0.08550951197647998,superiorparietal-rh,1.0208714179139324
2339,right,2031,0.013476003759204902,-0.05532007696095542,0.07899547439151794,superiorparietal-rh,1.2970449711564696
2340,right,2061,0.021942374967300282,-0.05717177197968698,0.07608125294876333,superiorparietal-rh,1.168863182327358
2341,right,2104,0.017563043117861856,-0.06009249069730094,0.07118630403272974,lateraloccipital-rh,1.2507677377337774
2342,right,2132,0.013079587849972785,-0.060791624469702016,0.06933783898790408,lateraloccipital-rh,1.0861683785404752
2343,right,2620,0.010964035434611788,-0.05139515835526602,0.08510741877428533,superiorparietal-rh,1.0248970913050413
2344,right,2699,0.017968188563063786,-0.054918931617776084,0.07824320568751669,superiorparietal-rh,1.1175090846975149
2345,right,2772,0.0070160926057785174,-0.058526829429267915,0.07122395626974068,superiorparietal-rh,1.095589671653349
2346,right,2944,0.007638456568659217,-0.062302633788437034,0.06170310143694846,pericalcarine-rh,0.9454074260473726
2347,right,2979,0.014735900665686483,-0.06381572457180874,0.05820908181594419,pericalcarine-rh,0.8182217053979965
2348,right,3286,0.005867237823850943,-0.04880545905349343,0.0886133749972176,superiorparietal-rh,0.5794935088721656
2349,right,3364,0.004440703388378507,-0.05144304977725825,0.08307082657429944,cuneus-rh,0.7664141613187667
2350,right,3487,0.008434044314858363,-0.0558891069774137,0.07480363177946114,superiorparietal-rh,1.1923270096144305
2351,right,3517,0.015771847099190286,-0.0563826347252626,0.0726171253714939,superiorparietal-rh,1.1988060525884692
2352,right,3618,0.002036664974870939,-0.05952798556091214,0.06550822351440333,cuneus-rh,1.144463559474316
2353,right,3647,0.00814363080245125,-0.060713059032735536,0.06471719116177238,cuneus-rh,0.9782472552607374
2354,right,3659,0.013903840041329716,-0.060305847170430416,0.0634314223521952,lateraloccipital-rh,0.9686052096276929
2355,right,3832,0.019451575122865494,-0.06621193358879625,0.05239698576487346,lateraloccipital-rh,0.792855557747624
2356,right,3963,0.008153591519930014,-0.04194315571810449,0.10194893891651145,superiorparietal-rh,0.6087358090285531
2357,right,4017,0.0055505046177211585,-0.04391994169566697,0.0959116077820368,precuneus-rh,0.554180745159357
2358,right,4028,0.01838654557818585,-0.04512721752294732,0.09333530353254027,superiorparietal-rh,0.604599499308743
2359,right,4367,0.022558675873273756,-0.05755018880246146,0.06759611594816758,lateraloccipital-rh,1.1374124081841828
2360,right,4441,0.01956065005322041,-0.060184483296209776,0.06347988748864869,lateraloccipital-rh,1.0937224141747022
2361,right,4506,0.028474712674391858,-0.06111901197802368,0.059178474510465824,lateraloccipital-rh,1.1405181673126832
2362,right,4986,0.011737101375057308,-0.050950181752740256,0.08026617707221362,superiorparietal-rh,1.0290083434195845
2363,right,5217,0.010507570443780137,-0.05712170967658155,0.06535017671496435,cuneus-rh,0.9483708113701418
2364,right,5314,0.021827005686252905,-0.06068316519452942,0.058486162194448486,lateraloccipital-rh,1.0374480026886197
2365,right,5388,0.0239083769858645,-0.06265795014981687,0.054837188719400284,lateraloccipital-rh,1.0087467871198832
2366,right,5542,0.00718368962685372,-0.037243221230975496,0.10612650470254137,superiorparietal-rh,0.48941005361466966
2367,right,5620,0.01714673654793083,-0.04051947738269818,0.09859385119152346,superiorparietal-rh,0.5930002575193111
2368,right,5676,0.02791010312174551,-0.04353886841286847,0.09319833419032206,superiorparietal-rh,0.9112536555787627
2369,right,5730,0.015620356517412557,-0.045813362171706964,0.08846047791675238,superiorparietal-rh,0.5932748675665344
2370,right,5776,0.029468856058208773,-0.046618417341618076,0.08537593992788364,inferiorparietal-rh,0.9261044853431494
2371,right,5804,0.02265647443923685,-0.04721207701746685,0.08373394485158704,superiorparietal-rh,0.870540414095946
2372,right,5882,0.021397580632238684,-0.05068714475022741,0.07772787051887245,superiorparietal-rh,0.7022465238070883
2373,right,5948,0.005781036652122045,-0.052843387098773634,0.07479595840421119,cuneus-rh,0.9839276476944459
2374,right,6282,0.005097539323401368,-0.061581567303087406,0.054838029152874355,pericalcarine-rh,1.223988007317174
2375,right,6381,0.017288853299154857,-0.06569221409001731,0.04754662448962358,lateraloccipital-rh,1.2718155625699283
2376,right,6535,0.01215274906546505,-0.03922232408841031,0.10033801214541369,superiorparietal-rh,0.5563647027220361
2377,right,6543,0.008359627537253002,-0.039799300923105435,0.09974226472185396,precuneus-rh,0.549684375139806
2378,right,6661,0.011970595259469297,-0.043570954019170854,0.0892256098967592,superiorparietal-rh,0.4175195574192036
2379,right,6890,0.024710126071799753,-0.052156407007177344,0.07216483429462606,superiorparietal-rh,0.7276898925543404
2380,right,6963,0.0032524458571914134,-0.055224287625855434,0.06835858274769138,cuneus-rh,0.9115655701496431
2381,right,7072,0.009337990841279627,-0.05813077240066215,0.06044420198918369,pericalcarine-rh,0.9326802906339635
2382,right,7259,0.008444553756217625,-0.06279363727046709,0.05001561685798705,lingual-rh,1.2959549843558982
2383,right,7302,0.024752205112875562,-0.06360466596942979,0.04677099823940903,lateraloccipital-rh,0.9431718859727709
2384,right,7416,0.0207795003721512,-0.03625353510960963,0.10336411105906203,superiorparietal-rh,0.3162084335657208
2385,right,7471,0.02503206198333705,-0.03868456126029156,0.09813077616267918,superiorparietal-rh,0.682274413938647
2386,right,7485,0.013140919301577713,-0.03916972967364338,0.09712681799138884,superiorparietal-rh,0.46830276026405226
2387,right,7578,0.018672485011052002,-0.04289834020622389,0.08988253611664655,superiorparietal-rh,0.6354592796644263
2388,right,7666,0.006368733964785257,-0.04571708663826417,0.08380853344416847,superiorparietal-rh,0.4703009626667106
2389,right,7675,0.013151791233072032,-0.04636572599304681,0.08293280685318767,superiorparietal-rh,0.6397631707483118
2390,right,7723,0.00576922192883767,-0.0474368557068493,0.07909638227857743,cuneus-rh,0.5821863955418618
2391,right,7730,0.03156302625364179,-0.04786999234866568,0.0775593016238987,inferiorparietal-rh,0.34055762955515506
2392,right,7813,0.012259508006403711,-0.052291511986864395,0.07127458058177806,superiorparietal-rh,0.9800398563815645
2393,right,7854,0.01872487625473425,-0.05243535711205924,0.06898025425315252,superiorparietal-rh,0.9331133950683734
2394,right,7964,0.027073417623918333,-0.05572793830403168,0.06241590727892044,lateraloccipital-rh,1.0688779077554016
2395,right,7999,0.002184141622592947,-0.057603713492811515,0.059747953238826465,cuneus-rh,1.1625258660682583
2396,right,8174,0.01950837787350713,-0.061163017384857146,0.05116606381211285,pericalcarine-rh,0.9019229679283695
2397,right,8375,0.009715914760426075,-0.034069448930088564,0.10446968358408693,superiorparietal-rh,0.42597809026654126
2398,right,8397,0.02703833813597047,-0.034851932581129355,0.10299548743805623,superiorparietal-rh,0.19816592002041344
2399,right,8408,0.006078605269929453,-0.035398933174698236,0.10298178008444234,precuneus-rh,0.4822982065243849
2400,right,8431,0.016135599681148,-0.036120022679663286,0.10091796669561572,superiorparietal-rh,0.5128116298846425
2401,right,8483,0.0033897406206595264,-0.03874736372702359,0.09693594183137841,precuneus-rh,0.5108297931630138
2402,right,8517,0.01921790311554874,-0.03947080752377216,0.09322475152169529,superiorparietal-rh,0.7202276226493597
2403,right,8574,0.022194026370383205,-0.04129882664329933,0.08831292062542548,superiorparietal-rh,0.898233593713395
2404,right,8625,0.00846708845358859,-0.04386865158414213,0.08495191657510467,superiorparietal-rh,0.39780610314563736
2405,right,8749,0.013718412273085963,-0.047951272136659034,0.07676164166030519,cuneus-rh,0.7474609858101022
2406,right,8797,0.03281013914091307,-0.048414613065929216,0.07321128588030676,inferiorparietal-rh,0.4903530616696392
2407,right,9305,0.01386567713011367,-0.030434542520260833,0.11058892724309796,superiorparietal-rh,0.19320218395198405
2408,right,9434,0.009285192466265255,-0.0373132302509188,0.09657788553939381,precuneus-rh,0.430935314635185
2409,right,9473,0.008936829289788376,-0.038304732418287746,0.09431001746605534,precuneus-rh,0.3643912972661886
2410,right,9524,0.026881453435251983,-0.040415681158051595,0.08906793540559708,superiorparietal-rh,0.8789237739910037
2411,right,9689,0.017541919300875945,-0.04556458406075288,0.08020578128016403,superiorparietal-rh,0.6368015569059857
2412,right,9745,0.027673842054351035,-0.04711212964790158,0.07614262271759516,inferiorparietal-rh,0.24545705587263414
2413,right,9753,0.004979093796292609,-0.04750232658571184,0.07592882288008512,cuneus-rh,0.5937710110339233
2414,right,9874,0.03142083837960337,-0.05127882435342897,0.066150019565034,inferiorparietal-rh,0.7796470220983006
2415,right,9904,0.006283057869798077,-0.052636247943099276,0.06404256745541315,cuneus-rh,0.7990366300925664
2416,right,10009,0.026577916673079585,-0.05611325579395342,0.05729485879408738,lateraloccipital-rh,1.0730340051243878
2417,right,10072,0.013645563511886474,-0.05729712777792176,0.05377052598554972,pericalcarine-rh,0.9190022644521227
2418,right,10125,0.01571119286370372,-0.05880122971954606,0.05154578077328196,pericalcarine-rh,0.9527556561369597
2419,right,10135,0.027169267786905375,-0.0593104168622888,0.05163596933051791,lateraloccipital-rh,1.0618365481389218
2420,right,10257,0.018450463144080498,-0.06250041866104335,0.044824065731368316,lingual-rh,1.194891470870399
2421,right,10284,0.023984607951616378,-0.06236583553653405,0.04221182249462981,lateraloccipital-rh,1.0028330785493322
2422,right,10385,0.0034179007854666156,-0.031929993732706344,0.10591269190628454,superiorparietal-rh,0.4734689368856868
2423,right,10438,0.019216047478950813,-0.03384562302128129,0.1012628590198125,superiorparietal-rh,0.33536534695502146
2424,right,10550,0.026825842917189438,-0.03847456944735533,0.09121598975002894,superiorparietal-rh,0.8551489635994625
2425,right,10679,0.03180820248720381,-0.04173625239466963,0.08387332764525454,inferiorparietal-rh,0.5975447903471062
2426,right,10975,0.022323282331430227,-0.05107771023921083,0.06458042006932893,superiorparietal-rh,0.7557285295729411
2427,right,11045,0.03568346063460052,-0.05334944438677469,0.060093562782142514,lateraloccipital-rh,0.7932968234397486
2428,right,11054,0.013984590335268953,-0.05414993723323182,0.06102723846802325,pericalcarine-rh,0.8301971933642557
2429,right,11065,0.031878563193838735,-0.05380922926402257,0.05917126721144627,lateraloccipital-rh,0.9071694276498352
2430,right,11241,0.03314530050052505,-0.058968512509199864,0.04885303889073125,lateraloccipital-rh,0.9974051340821816
2431,right,11313,0.011528582234489843,-0.06045446421104361,0.04521417860379795,lingual-rh,1.3677350403136466
2432,right,11334,0.030287217052024227,-0.06103005105121878,0.043803344281318185,lateraloccipital-rh,0.8633895743544763
2433,right,11416,0.01124475753794361,-0.028660080856287695,0.10995330681780466,superiorparietal-rh,0.08797571786886524
2434,right,11448,0.009203458757255279,-0.02993243197794727,0.10719925927418635,superiorparietal-rh,0.09863210039517675
2435,right,11496,0.008962821391707499,-0.033058068179385294,0.10083044206070531,precuneus-rh,0.5101185348515914
2436,right,11516,0.023734466789135697,-0.0332333857323375,0.09919134603124283,superiorparietal-rh,0.25142305515196794
2437,right,11566,0.02422882527888928,-0.0348919790353541,0.09565080955479939,superiorparietal-rh,0.5910743596582134
2438,right,11658,0.031381657001914136,-0.03814190380257551,0.08882362041987742,superiorparietal-rh,0.6860807983598418
2439,right,11669,0.013226544291434262,-0.03938233710231312,0.08751267197378895,superiorparietal-rh,0.2564446617048293
2440,right,11750,0.006858242120601607,-0.04088697674362636,0.08523606191391996,superiorparietal-rh,0.2912060746383256
2441,right,11778,0.03530400389398843,-0.04117145312920102,0.08252961480451534,inferiorparietal-rh,0.4923912059036856
2442,right,11826,0.02275893145705899,-0.04314532079275253,0.07897316540989804,superiorparietal-rh,0.3186936632205374
2443,right,11875,0.03737547451591891,-0.04399699159938904,0.07669787527801608,inferiorparietal-rh,0.49224941781903475
2444,right,11994,0.01001969964771857,-0.04824693198757797,0.0682396245818376,cuneus-rh,0.6527741064000181
2445,right,12001,0.003764285566689647,-0.04872785503369846,0.06934814919871293,cuneus-rh,0.651818411908842
2446,right,12035,0.03491184266971262,-0.049248733666311315,0.0664816533087654,inferiorparietal-rh,0.7102270379290567
2447,right,12230,0.0070670949230571024,-0.05567885557735369,0.05370724869386257,pericalcarine-rh,1.0883055440600558
2448,right,12236,0.033722946016187014,-0.056112948078571326,0.052598778184151686,lateraloccipital-rh,0.9778087286833992
2449,right,12472,0.017025982469066572,-0.02555805249729923,0.11142657120654073,superiorparietal-rh,0.34172999997432896
2450,right,12476,0.020695049690428048,-0.026593718938814365,0.11044991370560923,superiorparietal-rh,0.058214266434482874
2451,right,12511,0.02504096658879129,-0.02783932117548882,0.10854254349829925,superiorparietal-rh,0.1069955705579812
2452,right,12572,0.010874853939878089,-0.03144241934243176,0.10158572972224086,superiorparietal-rh,0.430140729453818
2453,right,12597,0.03038698759652132,-0.03328398091354938,0.09936738732123257,superiorparietal-rh,0.32572726684197617
2454,right,12641,0.00301632906357743,-0.03403687997086957,0.09630656455184322,precuneus-rh,0.39206961429946036
2455,right,12693,0.006006592625051396,-0.03557921080155249,0.09356702140502543,precuneus-rh,0.31391932279953305
2456,right,12907,0.011292750009519405,-0.0416640678063489,0.08023043154298744,precuneus-rh,0.3261132894578666
2457,right,12922,0.02942864525918309,-0.04236516405443784,0.07905296480609655,inferiorparietal-rh,0.14381655246877384
2458,right,12984,0.01017056284910048,-0.0438642094685987,0.07521404025173672,cuneus-rh,0.43596560578675064
2459,right,13003,0.017224331783883613,-0.04403311111099528,0.07464577490871702,precuneus-rh,0.40746114958626983
2460,right,13034,0.022588942553377192,-0.045148161044751556,0.07309676509713092,superiorparietal-rh,0.3374890355213353
2461,right,13107,0.027172453609136386,-0.04705433686318908,0.0684033097938606,superiorparietal-rh,0.3725697523199998
2462,right,13449,0.028398869803268088,-0.056015424075298414,0.048227982571524775,lateraloccipital-rh,0.8212896119099826
2463,right,13605,0.01643026085228097,-0.05965848492719272,0.040940267893815815,lingual-rh,1.2241024127021634
2464,right,13720,0.016537923292277722,-0.027289965779879955,0.107526238866543,superiorparietal-rh,0.08774120679111581
2465,right,13858,0.008451557065327213,-0.03335786872462003,0.0943381788274332,precuneus-rh,0.3320011341321566
2466,right,13894,0.017403758642879248,-0.03448499641786598,0.09283508882186513,precuneus-rh,0.44967969667713353
2467,right,14059,0.01832300463971483,-0.03951196142850774,0.08261987844881978,superiorparietal-rh,0.2925328195145062
2468,right,14197,0.04251169091782271,-0.043498861391430485,0.07443004205816213,inferiorparietal-rh,0.9965523645598039
2469,right,14215,0.0034277212624802367,-0.04365381612291504,0.07453186311079964,cuneus-rh,0.3875825689700598
2470,right,14442,0.03978973433605941,-0.04923677462005614,0.06175024276170535,lateraloccipital-rh,0.7267733128638277
2471,right,14450,0.01620905396340437,-0.049569203598344144,0.061642225019088566,pericalcarine-rh,0.6042661589047066
2472,right,14478,0.002220624312255271,-0.05033172902559656,0.06178272041018046,cuneus-rh,0.7540560738114483
2473,right,14568,0.015823841626223658,-0.05297961842608803,0.05420377264321728,pericalcarine-rh,0.7867103250111258
2474,right,14576,0.004726142658620588,-0.053299366758645744,0.05580836172146802,pericalcarine-rh,0.9845977871468911
2475,right,14705,0.005403913380213914,-0.056806525678946965,0.048173552988242094,lingual-rh,1.3754598998952745
2476,right,14724,0.013959093494560038,-0.05631206095260069,0.0474741498135119,lingual-rh,1.1885434317655468
2477,right,14778,0.02380028153732488,-0.05769886873130539,0.04530123912279157,lateraloccipital-rh,0.9346014864332348
2478,right,14970,0.01431694493249624,-0.02555106864916046,0.10796177206383079,superiorparietal-rh,0.15217464147950197
2479,right,14983,0.02824777103508613,-0.026509837008779288,0.10715306338843733,superiorparietal-rh,0.14708603607975373
2480,right,15000,0.0076206709631402355,-0.02696538964288882,0.10605966652329797,superiorparietal-rh,0.011971389587680568
2481,right,15013,0.011483084934278416,-0.0273622254522413,0.10496858306776907,superiorparietal-rh,0.09607163380684954
2482,right,15036,0.003684284053744377,-0.02903154802633043,0.10272414333867856,precuneus-rh,0.1960902343808866
2483,right,15065,0.014830910118834107,-0.030857933918086587,0.09798746808018922,superiorparietal-rh,0.4312482092906159
2484,right,15073,0.03837283166062359,-0.030647039619301524,0.09768670992245186,inferiorparietal-rh,0.3143888921364453
2485,right,15146,0.029740076142332737,-0.032754970887058435,0.09282333300840732,superiorparietal-rh,0.6007955578604133
2486,right,15172,0.023998805578951083,-0.03395286157248502,0.09197178429571753,superiorparietal-rh,0.706553172038164
2487,right,15207,0.00330295039644512,-0.03567134175879462,0.09105149720677717,precuneus-rh,0.27173628923250903
2488,right,15359,0.044020537646220576,-0.03910192231458326,0.08025467069767173,inferiorparietal-rh,0.6687907995239001
2489,right,15411,0.03217484214651517,-0.040750723318027385,0.07678061897525953,inferiorparietal-rh,0.1343791724235087
2490,right,15522,0.02708889384577555,-0.042349392058173924,0.07168899073610996,inferiorparietal-rh,0.0874019366857911
2491,right,15668,0.011962196832255943,-0.04697485133298236,0.06499831336346601,pericalcarine-rh,0.5203736794434026
2492,right,15728,0.027333846083862395,-0.048211575731955,0.06149081444821252,superiorparietal-rh,0.5967959044551098
2493,right,15766,0.00774384178259061,-0.05012798181686384,0.059519919382006126,cuneus-rh,0.698374317015733
2494,right,16045,0.019187810604655388,-0.056503888964169274,0.04639719869748153,lingual-rh,1.02972964895081
2495,right,16307,0.003428650674540006,-0.025818939371399258,0.10703367063385008,superiorparietal-rh,0.04607184417946501
2496,right,16340,0.01931881542821844,-0.025810459188742262,0.10539324123784805,superiorparietal-rh,0.1979607850469519
2497,right,16406,0.024896361887653765,-0.029742939438289182,0.09747162628523265,superiorparietal-rh,0.27503017258404644
2498,right,16509,0.01305479970174373,-0.03313278755757784,0.09127941226865634,precuneus-rh,0.36553405394372224
2499,right,16593,0.028811009298073956,-0.03528388378956221,0.08681982491020147,superiorparietal-rh,0.6910466847411993
2500,right,16606,0.034599332290454955,-0.035117882143900325,0.08666040806266007,inferiorparietal-rh,0.43117785934842057
2501,right,16631,0.0158338540439488,-0.036134683926356465,0.08488834287422342,superiorparietal-rh,0.1549993703855677
2502,right,16646,0.001751880491989116,-0.03625123093042937,0.08450587147711626,precuneus-rh,0.22371749720877993
2503,right,16667,0.02723931072049643,-0.03667540989675107,0.08209740964161409,superiorparietal-rh,0.46580841905736375
2504,right,16672,0.022288431364055065,-0.03655668023082957,0.08263815594367582,superiorparietal-rh,0.1717453883700315
2505,right,16688,0.012521467898071284,-0.03765184620650111,0.08221177773231952,superiorparietal-rh,0.17609508228722978
2506,right,16690,0.04548252843696634,-0.0375432347818415,0.08069558228851795,inferiorparietal-rh,0.709427771623345
2507,right,16804,0.039656279575894376,-0.04064078455157534,0.07515361905151985,inferiorparietal-rh,0.5975446489430595
2508,right,16946,0.03560123190476286,-0.042679369384392124,0.06943006248718382,inferiorparietal-rh,0.4083161988716498
2509,right,16980,0.031488850222715935,-0.044127260802118984,0.06776301890607211,inferiorparietal-rh,0.2963273428136461
2510,right,16995,0.040448698473563235,-0.04438218362786461,0.06665808956646496,lateraloccipital-rh,0.7865073432595229
2511,right,17358,0.032703560939319073,-0.053263635684730595,0.04952621480398217,lateraloccipital-rh,0.7937550310963957
2512,right,17641,0.009850481808387197,-0.02138373528648799,0.11344978853908676,superiorparietal-rh,0.13802191738927905
2513,right,17645,0.003686640439345261,-0.022036932543550453,0.11264604503407137,precuneus-rh,-0.01015759896124466
2514,right,17704,0.005860748473220564,-0.023500350382954647,0.10930900793216537,superiorparietal-rh,-0.026426973605013386
2515,right,17813,0.007288257080617129,-0.026746251768190853,0.1023380405252135,precuneus-rh,0.1316386116462301
2516,right,17882,0.010227435952305722,-0.02977338243665702,0.0969035605369794,precuneus-rh,0.4131036676127837
2517,right,17896,0.01757540729544733,-0.029667964137698937,0.0951765951566414,superiorparietal-rh,0.365952600374801
2518,right,17936,0.024418565016646618,-0.030131080398480944,0.09285312586210095,superiorparietal-rh,0.4936653558321527
2519,right,18215,0.013942722406653903,-0.03850505208913148,0.07810680233837061,precuneus-rh,0.19441519804413748
2520,right,18322,0.045248587134271157,-0.040291614053445,0.0721137228424624,inferiorparietal-rh,1.0646345093755085
2521,right,18368,0.013880695763535789,-0.04211203454651244,0.07102895359062136,cuneus-rh,0.30124406902936385
2522,right,18462,0.005048773525503321,-0.04484252017957974,0.06565626575974895,cuneus-rh,0.45305730315366527
2523,right,18521,0.03417365502326781,-0.0447636583115812,0.06277229702974366,lateraloccipital-rh,0.5358933301960379
2524,right,18642,0.009269846253124376,-0.04801583016496572,0.058496988900470906,pericalcarine-rh,0.5804839899774009
2525,right,18656,0.03419649274259644,-0.04768881072103638,0.05688067100215229,lateraloccipital-rh,0.6148985396045106
2526,right,18736,0.035715852529375085,-0.049921487547595525,0.052730667662110285,lateraloccipital-rh,0.6835961026940734
2527,right,18798,0.006628359378390446,-0.051831863775840786,0.049447092933881234,lingual-rh,1.0351641482329017
2528,right,18957,0.02677113061471798,-0.05542946124066908,0.04211331865036034,lateraloccipital-rh,0.8198476006921269
2529,right,18995,0.032225670678395775,-0.05687319754517903,0.03927476207212901,lateraloccipital-rh,0.7440270656863591
2530,right,18996,0.0226966755347664,-0.05789831711900857,0.03820140501087749,lateraloccipital-rh,1.0376185108376998
2531,right,19050,0.00842422416731134,-0.019432572871636928,0.11526415098831946,superiorparietal-rh,0.1672396346354063
2532,right,19140,0.003947582301166026,-0.023099559592675196,0.10721122470773742,precuneus-rh,0.08798919576758639
2533,right,19169,0.022993574575386717,-0.023351640194387378,0.10556743041355772,superiorparietal-rh,0.18369096472615135
2534,right,19176,0.010867525249075655,-0.023777669536701244,0.10629573040894243,superiorparietal-rh,0.08037099774615196
2535,right,19193,0.031057147417910023,-0.024198942060021905,0.10424468170677594,superiorparietal-rh,0.2277290756721687
2536,right,19210,0.023488805950373243,-0.024653241304897024,0.10301086091697773,superiorparietal-rh,0.19214087920789713
2537,right,19341,0.04208128030469794,-0.028621781096376035,0.09368042790739022,inferiorparietal-rh,0.22804223068931906
2538,right,19365,0.00245412873896953,-0.030230712004606874,0.09298564824169081,precuneus-rh,0.21795671332677558
2539,right,19442,0.002920952163525336,-0.032351102594605344,0.08873065019187547,precuneus-rh,0.20487033180071287
2540,right,19623,0.03778152909657716,-0.03525747079402124,0.07896951287422735,inferiorparietal-rh,0.30626677956846604
2541,right,19688,0.02542217318925135,-0.03768326467596231,0.07636485370160533,superiorparietal-rh,-0.02967742744548906
2542,right,19892,0.01674443551085155,-0.04387479691436183,0.06396993990947207,pericalcarine-rh,0.33535667629974736
2543,right,19986,0.002717049413498099,-0.04689619609130047,0.05969275700277168,cuneus-rh,0.5923076137733068
2544,right,20019,0.019808682867773774,-0.04635867635938386,0.05772244522536127,pericalcarine-rh,0.44799254380620146
2545,right,20073,0.007853749637453016,-0.04866770801628273,0.05448215779706718,pericalcarine-rh,0.6799899222723532
2546,right,20138,0.04124852007784049,-0.050013586428646256,0.050702637701645195,lateraloccipital-rh,0.7524514704485902
2547,right,20185,0.022490437266902613,-0.05166140848036793,0.04805752737528922,lateraloccipital-rh,0.6853360514214484
2548,right,20295,0.009483365931534761,-0.05467143080254337,0.04257975237200449,lingual-rh,1.293678578235033
2549,right,20306,0.01908616573064951,-0.054432283389205985,0.04190176664478312,lateraloccipital-rh,1.0248864992140514
2550,right,20479,0.014902924888457103,-0.02180060402481736,0.10735087035990284,superiorparietal-rh,0.29852773715491066
2551,right,20485,0.02712975874739275,-0.02197954593004788,0.10726912308907509,superiorparietal-rh,0.19623647206870745
2552,right,20505,0.01898136111807367,-0.02260809387497532,0.10595628544367929,superiorparietal-rh,0.2442159338001966
2553,right,20558,0.014078347155701602,-0.025029739836845446,0.10167626210830248,superiorparietal-rh,0.3353662744364022
2554,right,20700,0.007094846415252636,-0.02926533858228424,0.09226210026492285,precuneus-rh,0.26689805252489085
2555,right,20743,0.010178073261894531,-0.031194409595733264,0.08892010707549171,precuneus-rh,0.16971948618966698
2556,right,20755,0.028985929791251076,-0.03046862184285574,0.08837146899196066,superiorparietal-rh,0.5708562939262358
2557,right,20816,0.024877279752817946,-0.032044277709176075,0.08588987616651324,superiorparietal-rh,0.622394456364659
2558,right,20826,0.04431451509652355,-0.032553561182653123,0.08552776311878985,inferiorparietal-rh,0.5655970127270318
2559,right,20888,0.0377726021356339,-0.03355990228065511,0.08248236143345912,inferiorparietal-rh,0.5631578215223491
2560,right,21131,0.04438532843537533,-0.040092643295909836,0.06822784661267997,lateraloccipital-rh,0.9605606108051759
2561,right,21134,0.020469213486464542,-0.040048740469476526,0.06823637225986771,cuneus-rh,0.14035826747448937
2562,right,21178,0.005762334859823854,-0.04235315653868661,0.0646208348115459,pericalcarine-rh,0.3526018131673474
2563,right,21311,0.041169971735504816,-0.046352462799503516,0.05603006805798992,lateraloccipital-rh,0.6128072398574155
2564,right,21428,0.004718368613587983,-0.049949684136255834,0.05088803667244725,lingual-rh,0.893319945674012
2565,right,21449,0.009146767038731138,-0.05098704841956973,0.048678102425770725,lingual-rh,0.9540302875166445
2566,right,21464,0.03785091173516268,-0.04980413500931269,0.04649380648628226,lateraloccipital-rh,0.8756249409755613
2567,right,21628,0.015949967242331234,-0.017543448330877426,0.11510170735768546,superiorparietal-rh,0.5814129148827392
2568,right,21656,0.008380067039003826,-0.01880318517167148,0.11241051768373096,precuneus-rh,0.18800261833197127
2569,right,21698,0.011883069793739369,-0.019882111234128756,0.10941888108509723,superiorparietal-rh,0.28223443917937363
2570,right,21736,0.007833475121570437,-0.02138983649117091,0.10613146188630586,precuneus-rh,0.17690465045482334
2571,right,21803,0.010542199147117513,-0.024079304002920614,0.10084025673691555,precuneus-rh,0.32194385963302496
2572,right,21806,0.017664599088535012,-0.023740110797274814,0.09947416736471751,superiorparietal-rh,0.2592409437086255
2573,right,21867,0.04179930593589908,-0.02691778627756874,0.09415243172197801,inferiorparietal-rh,0.20716981889895172
2574,right,21912,0.03787356972683312,-0.029009609509994528,0.09192998834518747,inferiorparietal-rh,0.2292214519137368
2575,right,21999,0.04453161804607631,-0.030310798454366714,0.08742098638967913,inferiorparietal-rh,0.3512099508451391
2576,right,22032,0.0052078713374247,-0.031428261558561904,0.08621225118825837,precuneus-rh,0.17073566969175924
2577,right,22105,0.03130666399050785,-0.032098828970472185,0.08162214224859055,inferiorparietal-rh,0.12989918158706018
2578,right,22136,0.014179502392561018,-0.033421378106232705,0.07988379524641853,precuneus-rh,0.07256914026077474
2579,right,22138,0.005515773139811957,-0.034238001333945625,0.08011058431832349,precuneus-rh,0.14936677867352044
2580,right,22230,0.020123050324230826,-0.036247887737395956,0.07484887533885935,precuneus-rh,0.043972051082571725
2581,right,22232,0.033193820234689135,-0.036145979011774285,0.07398459220186768,inferiorparietal-rh,0.1947508161568099
2582,right,22285,0.005691895357703022,-0.03942758475454054,0.07053368360152244,cuneus-rh,0.22062319032002412
2583,right,22399,0.040025769229574924,-0.041829741289436534,0.06420561626021784,lateraloccipital-rh,0.7930061222059164
2584,right,22519,0.014262377292079426,-0.044980782318668935,0.05660586943829083,pericalcarine-rh,0.40323208897485247
2585,right,22628,0.015874534735177227,-0.048623925151340286,0.05080135187911068,lingual-rh,0.608052243608836
2586,right,22939,0.0033699855876643324,-0.01852107482070052,0.11033377860850946,precuneus-rh,0.15660060936380096
2587,right,22970,0.03186729046298204,-0.019212470605142362,0.10778987129050903,superiorparietal-rh,0.3675074244281027
2588,right,23047,0.031054681848972556,-0.021619587207193605,0.10156216403760425,superiorparietal-rh,0.4573685084955476
2589,right,23133,0.01967920936985071,-0.026099800859142368,0.09402932981807148,superiorparietal-rh,0.2389616688933135
2590,right,23151,0.012048919640716005,-0.026792032187084164,0.0937458341465466,precuneus-rh,0.35035603206974775
2591,right,23242,0.025446256023490647,-0.028223184364470206,0.08832637579735836,superiorparietal-rh,0.3783022366599676
2592,right,23277,0.039857363805058485,-0.02917173673707529,0.08660821233511201,inferiorparietal-rh,0.21002153803363016
2593,right,23319,0.018008164169841075,-0.02977832581565516,0.08588654701581148,precuneus-rh,0.21542119422281783
2594,right,23465,0.04747212072115728,-0.03340609035822964,0.07674830754813511,inferiorparietal-rh,0.9134254147383435
2595,right,23580,0.03814125708339352,-0.036959467010395944,0.06878803226360211,inferiorparietal-rh,0.5535666392776422
2596,right,23621,0.009807715516382197,-0.039156408503951565,0.06721359792703153,cuneus-rh,0.20993693870189964
2597,right,23647,0.0015702655081637025,-0.04039700266085372,0.06500493841570748,cuneus-rh,0.33748500150797167
2598,right,23717,0.04180265169434306,-0.0421649756045218,0.05935641840553837,lateraloccipital-rh,0.5947910785225908
2599,right,23721,0.02304837306621943,-0.04239264444709462,0.05973588621244191,pericalcarine-rh,0.3255398965701937
2600,right,23857,0.009069416613699333,-0.04582481659056463,0.052015350951187186,lingual-rh,0.5241797588123084
2601,right,23878,0.043163115333406804,-0.04640675641930922,0.050237096805315844,lateraloccipital-rh,0.7686955781344756
2602,right,23948,0.030947903840752976,-0.04834047690777531,0.04653866018989579,fusiform-rh,0.5668232015052317
2603,right,24094,0.03755645661133769,-0.05185611998918674,0.04013660364381012,lateraloccipital-rh,0.6404308010376718
2604,right,24216,0.013681434264307703,-0.015633068983288336,0.1142555029143525,precuneus-rh,0.27268896329853193
2605,right,24291,0.015329509044146815,-0.01711687445652386,0.10870000482841427,superiorparietal-rh,0.2609918388746368
2606,right,24361,0.034748310413262457,-0.019052207302620687,0.10453140937412173,superiorparietal-rh,0.4652257750516014
2607,right,24405,0.02544722441192912,-0.020811021542413058,0.10076088352604615,superiorparietal-rh,0.17349152993819905
2608,right,24563,0.03281613881204599,-0.025455271396521467,0.09094224914935717,inferiorparietal-rh,0.1962862293023064
2609,right,24709,0.0037555609206318652,-0.030613137281383266,0.0836620573547424,precuneus-rh,0.16880308836451421
2610,right,24774,0.04142602046822271,-0.0319016180979802,0.0794898375060018,inferiorparietal-rh,0.5670684555565784
2611,right,24782,0.0022746723768747247,-0.03256650661416613,0.07903025107460278,precuneus-rh,0.15962608654112004
2612,right,25053,0.010594170277294897,-0.04032151159183786,0.06295941090584434,pericalcarine-rh,0.2678255194420042
2613,right,25184,0.002544693551164346,-0.043941434528540047,0.05560933503318317,lingual-rh,0.4697533508553386
2614,right,25222,0.046176579699872176,-0.04353291636372143,0.05267328652201785,lateraloccipital-rh,0.7133138954943883
2615,right,25429,0.022442521756888063,-0.048731825398383985,0.043427839190138,lateraloccipital-rh,0.5935209256664735
2616,right,25456,0.01421307579368022,-0.0501346057656948,0.043103373127879666,lingual-rh,0.9046132222291496
2617,right,25599,0.008990249574692182,-0.012891551356239515,0.11684047948245756,paracentral-rh,0.5376511442330929
2618,right,25671,0.009919326143250938,-0.017356373025721756,0.10814672508670652,precuneus-rh,0.3294641987662616
2619,right,25723,0.030350200488522144,-0.017252142067839777,0.10619593988518257,superiorparietal-rh,0.5546028103914972
2620,right,25760,0.015330695386568982,-0.018888495702128923,0.10351340058895908,superiorparietal-rh,0.24313108905787342
2621,right,25766,0.04009500786418409,-0.0183619867943941,0.10328441982794838,superiorparietal-rh,0.27750621010136217
2622,right,25792,0.0194090930940914,-0.01994755815570155,0.10112698529454396,superiorparietal-rh,0.2089792454940875
2623,right,25849,0.009163436194827046,-0.02229339447928361,0.09859251308380554,precuneus-rh,0.34392899593800774
2624,right,25914,0.03399047934833093,-0.023935601131395583,0.09338670122504153,inferiorparietal-rh,0.2077312380549024
2625,right,25922,0.008618683717274998,-0.024560625851301525,0.09323916443763677,precuneus-rh,0.3328148107816947
2626,right,25967,0.0043009489533420275,-0.025663961450518975,0.09123445413735477,precuneus-rh,0.2781487142129984
2627,right,26004,0.0373420900371722,-0.024946936924719987,0.08990557985634219,inferiorparietal-rh,0.1602214100598377
2628,right,26016,0.0045072350645488785,-0.02615127456197843,0.08915377990532711,precuneus-rh,0.26007520804739903
2629,right,26024,0.044659793260150515,-0.025340515596209718,0.08883960817405412,inferiorparietal-rh,0.23819727094721796
2630,right,26060,0.00498034322623914,-0.027596883409501772,0.08644688982232572,precuneus-rh,0.20927240590729057
2631,right,26067,0.03481854581419889,-0.02789361530634366,0.08638163599226406,inferiorparietal-rh,0.0956306855595424
2632,right,26167,0.04858952070763308,-0.029175072852767586,0.08118943691853509,inferiorparietal-rh,0.7009074831459015
2633,right,26271,0.015433662783688117,-0.032129599582275695,0.07648934477855428,precuneus-rh,0.036237923399340705
2634,right,26287,0.039949405398481644,-0.03215350675821335,0.07574955566839778,inferiorparietal-rh,0.4456782974081165
2635,right,26324,0.0015892285050238407,-0.034125224341272825,0.07421960042090459,precuneus-rh,0.15019289977220676
2636,right,26371,0.04453627080784221,-0.03485334058275698,0.06905714616972482,inferiorparietal-rh,0.6861012665356888
2637,right,26430,0.04995246224279523,-0.03671139386744912,0.06630385580482688,middletemporal-rh,0.6248576749673145
2638,right,26513,0.044447785298613075,-0.03777032658468067,0.0633989730293811,lateraloccipital-rh,0.6203740261518487
2639,right,26614,0.008051588490128311,-0.04170326983215407,0.05796220683063488,pericalcarine-rh,0.32227494655606015
2640,right,26893,0.03321535611995065,-0.04917432434909015,0.04149482428428028,fusiform-rh,0.5700358127487958
2641,right,26912,0.02525212329897823,-0.049356970258653834,0.0403032347268671,lateraloccipital-rh,0.614047709483509
2642,right,26957,0.034879384829541345,-0.051074412381537815,0.037495215427647326,lateraloccipital-rh,0.571355145210933
2643,right,27001,0.01570662657195124,-0.011074919186558358,0.11706602688660714,precuneus-rh,0.6305068811531372
2644,right,27038,0.019426199280491555,-0.01367216252404314,0.11410544372912239,superiorparietal-rh,0.5739276961449983
2645,right,27074,0.026355117572195153,-0.01647497236983303,0.10722653123013719,superiorparietal-rh,0.7002652040203385
2646,right,27086,0.004773770779365381,-0.016618339307097985,0.10682173838082587,precuneus-rh,0.2974849023384788
2647,right,27109,0.034397639987149814,-0.01658953819428768,0.1053608978282917,superiorparietal-rh,0.4428706751715959
2648,right,27149,0.02318833868668773,-0.017612622056381616,0.10405300815464433,superiorparietal-rh,0.21408202547604632
2649,right,27153,0.007633072780532886,-0.0187225108684631,0.10296552841643136,precuneus-rh,0.27669548302775315
2650,right,27241,0.026574148313237397,-0.020655344469639684,0.09687792197768655,superiorparietal-rh,0.17074961421129004
2651,right,27310,0.020132397963394003,-0.024084450739386958,0.091718433006218,superiorparietal-rh,0.17569625087395738
2652,right,27404,0.03151905847388455,-0.025556373755614634,0.08665946789530302,inferiorparietal-rh,0.10781261940736853
2653,right,27465,0.012925859006981939,-0.026736023232852044,0.08480903679090011,precuneus-rh,0.16739006525532465
2654,right,27511,0.00841856009289043,-0.02854196383793701,0.08231430529451797,precuneus-rh,0.13379652651056306
2655,right,27579,0.0444533464615209,-0.02956001057066177,0.07900814964347451,inferiorparietal-rh,0.727633427688614
2656,right,27979,0.015886574978588284,-0.04103076036527624,0.055913479184492514,pericalcarine-rh,0.2644979414702645
2657,right,27993,0.023048503295976446,-0.04218925433748684,0.05418821677293337,pericalcarine-rh,0.30000501997474766
2658,right,28097,0.029658784598624838,-0.043867704934817925,0.04973185886087646,fusiform-rh,0.4597149573505379
2659,right,28139,0.020791985660255443,-0.045505549042694965,0.04689625084857696,lingual-rh,0.3891234491111143
2660,right,28379,0.0058436181209017505,-0.011867287418400745,0.11203704530346363,paracentral-rh,0.440515692313296
2661,right,28386,0.014225395039705505,-0.013798440551101854,0.1099381700542987,precuneus-rh,0.3938154470994608
2662,right,28439,0.010672140913208514,-0.016643029731417833,0.10437221936136884,precuneus-rh,0.2916580624335614
2663,right,28568,0.01899558465792263,-0.02021646959560131,0.09681349479545694,superiorparietal-rh,0.18002409009902612
2664,right,28604,0.008503352255851311,-0.02251887764580228,0.09317347160907764,precuneus-rh,0.3603867512610865
2665,right,28780,0.04706823751784568,-0.026754208627489024,0.08294995194773021,inferiorparietal-rh,0.3383688210042729
2666,right,28825,0.028882565512068477,-0.027411825401621747,0.08147298102740345,superiorparietal-rh,-0.036723982622005186
2667,right,28837,0.035969193159786694,-0.02798028737681618,0.08031975333682695,inferiorparietal-rh,0.022124659337472104
2668,right,28968,0.034399885113366946,-0.031756546250232776,0.07201881459360956,inferiorparietal-rh,0.28129054958799327
2669,right,29022,0.004142470070455907,-0.0339410260531723,0.06904582813497799,precuneus-rh,0.12217817431129611
2670,right,29058,0.050824121328541236,-0.03323649389239447,0.06827206367073896,inferiorparietal-rh,0.6974752522197333
2671,right,29072,0.023360053710773626,-0.033927917469577906,0.06790423053385336,precuneus-rh,0.2566820257719334
2672,right,29137,0.014766730667461698,-0.036290657110027214,0.06377669539465855,cuneus-rh,0.20456050851234311
2673,right,29256,0.01698340513595459,-0.03863301140996511,0.058463626288478454,pericalcarine-rh,0.23464039434618442
2674,right,29431,0.012571900525940765,-0.04286335451626028,0.04979904434251048,lingual-rh,0.33953267177430146
2675,right,29728,0.012545110655964194,-0.011173015081511598,0.11338984875371107,paracentral-rh,0.5505686633655451
2676,right,29783,0.01767835813236059,-0.01373137331371583,0.10803148027037379,superiorparietal-rh,0.3150337447605296
2677,right,29917,0.03644012922917052,-0.017976096941551858,0.09838429795620407,superiorparietal-rh,0.2558140726842715
2678,right,30013,0.04143427999619391,-0.021076941573026448,0.09281861159060555,inferiorparietal-rh,0.25441411071196013
2679,right,30149,0.026906293216727443,-0.024127378788006637,0.08643544383207849,superiorparietal-rh,0.12275838504302465
2680,right,30339,0.020407805463110492,-0.030009573031106986,0.07254103798825734,precuneus-rh,0.054783952010445086
2681,right,30408,0.01470456404940699,-0.033025221019399156,0.06902901647816409,precuneus-rh,0.07756121193030027
2682,right,30501,0.04745377920344636,-0.03443214639343124,0.06383027964619631,inferiorparietal-rh,0.612952530812451
2683,right,30516,0.02044320809380351,-0.03574081636967168,0.06266678889216679,precuneus-rh,0.2754488154980025
2684,right,30564,0.03939120792680555,-0.035462469804259295,0.06135721883550661,lateraloccipital-rh,0.6883161730215149
2685,right,30672,0.027725992109138523,-0.03794235012221038,0.05737471273117607,pericalcarine-rh,0.4025206594377694
2686,right,30692,0.03730020670829411,-0.038340865914711544,0.05585311490587527,lateraloccipital-rh,0.5478636656989722
2687,right,30773,0.005347282670405785,-0.042043952794443576,0.050909570547468114,lingual-rh,0.37789075856726584
2688,right,30822,0.042561207969305466,-0.04223597239867492,0.047617637925007075,lateraloccipital-rh,0.7258177705762466
2689,right,30891,0.013792956980764753,-0.044866544092175095,0.04465263938981666,lingual-rh,0.496975816763604
2690,right,30936,0.043833233838663735,-0.04487000045222929,0.04286468558988652,lateraloccipital-rh,1.073463205268748
2691,right,31004,0.016735284565506877,-0.007654014076921031,0.11861472398172583,postcentral-rh,0.8601934780333169
2692,right,31038,0.007410648725649227,-0.009802007759439978,0.11528163826587903,postcentral-rh,0.5786774839870142
2693,right,31096,0.02873521671982386,-0.010193121490767473,0.11104745089024777,postcentral-rh,0.8574474857070865
2694,right,31126,0.010046006821973893,-0.011087713390208122,0.1099751792356418,paracentral-rh,0.4501777890989114
2695,right,31166,0.041575966585486464,-0.013459478405285046,0.10454839991463963,superiorparietal-rh,0.249454703349969
2696,right,31200,0.006209570032359406,-0.015094323171825307,0.10284583344348731,precuneus-rh,0.28934120771387195
2697,right,31235,0.037055340704569756,-0.014527451455214235,0.10100726660555125,superiorparietal-rh,0.2669985659938475
2698,right,31254,0.012079828313712177,-0.016259815832752083,0.100938734246668,precuneus-rh,0.23641432071957777
2699,right,31299,0.03124815515393126,-0.01710280500225092,0.09814592121364671,superiorparietal-rh,0.21366026688645348
2700,right,31314,0.006855011842796632,-0.019169696909114155,0.09665458783340924,precuneus-rh,0.2631372605969469
2701,right,31393,0.04407948215684973,-0.019631157808677562,0.09290497166226099,inferiorparietal-rh,0.33309264291455387
2702,right,31459,0.005815739643293686,-0.02285381764567634,0.0895435054248922,precuneus-rh,0.35166922909081827
2703,right,31467,0.03952608360143042,-0.021420886029772265,0.08762227332836255,inferiorparietal-rh,0.1754840318635732
2704,right,31475,0.011960322862105225,-0.022576764502082194,0.08739557526051064,precuneus-rh,0.18768526893161763
2705,right,31491,0.020684833133499347,-0.022903478571869303,0.08712582043785567,superiorparietal-rh,0.12341073759518144
2706,right,31566,0.006549031706318832,-0.02523805509101229,0.08202119064636593,precuneus-rh,0.202177404885754
2707,right,31704,0.007243163868214315,-0.029090659005990883,0.07445654825452394,precuneus-rh,0.07027037223051226
2708,right,31813,0.03810384319910385,-0.03134702669398877,0.06878461051238763,inferiorparietal-rh,0.45128178012404835
2709,right,31823,0.0425802417842013,-0.031868813682927724,0.06744853439733726,inferiorparietal-rh,0.5747653079683495
2710,right,31842,0.007717515709884578,-0.032453227669097154,0.06594259909378528,precuneus-rh,0.15480519252477232
2711,right,31930,0.005380661210662906,-0.036540726279025396,0.06013971516563421,cuneus-rh,0.22212194445125671
2712,right,31961,0.052282443083964805,-0.035179526482810836,0.05876569609578864,middletemporal-rh,0.6571581297967974
2713,right,31989,0.047640695528196116,-0.03598150406775792,0.05789148327156809,middletemporal-rh,0.6610653674636313
2714,right,32024,0.024364796237040357,-0.03694521300826689,0.05618022980483666,pericalcarine-rh,0.2711623612569993
2715,right,32027,0.020693900659783066,-0.03685853038875979,0.057604415316965155,precuneus-rh,0.23934897055118412
2716,right,32073,0.04496677416632037,-0.03712657059067935,0.05500389105768464,middletemporal-rh,0.6943441686686772
2717,right,32240,0.018786045672502857,-0.042299062984493624,0.046139523151441715,lingual-rh,0.2719838513077204
2718,right,32275,0.03206443525490861,-0.043019020162768054,0.043375780997703645,fusiform-rh,0.5215823742967725
2719,right,32362,0.012034571982753593,-0.008531215227986028,0.11589289094671344,postcentral-rh,0.7085823885295605
2720,right,32386,0.01748645559084149,-0.008419933583853555,0.11376167920533432,postcentral-rh,0.6208689614463395
2721,right,32398,0.0029544533686983684,-0.009028050665995194,0.11403110474161002,paracentral-rh,0.5181957284150055
2722,right,32508,0.013556928118688572,-0.012540389806593912,0.10629216415072218,precuneus-rh,0.33987764870965514
2723,right,32528,0.017051525151458653,-0.0132850750403792,0.10359621347174702,superiorparietal-rh,0.25622538290513214
2724,right,32597,0.026748282712998957,-0.0152881047423984,0.09973298836919949,superiorparietal-rh,0.20061837368453575
2725,right,32635,0.005007382487320498,-0.01697622228927509,0.09827171636662864,precuneus-rh,0.2492595518185558
2726,right,32682,0.027108342523645166,-0.01806726850181363,0.09409485249060344,superiorparietal-rh,0.183938718066077
2727,right,32687,0.02108111476615738,-0.018140835284165203,0.09415277759727637,superiorparietal-rh,0.1586621199000055
2728,right,32693,0.049322700649985264,-0.018022839286512885,0.0938484353483193,inferiorparietal-rh,0.5134380744200816
2729,right,32835,0.029815354387045457,-0.021157859540376082,0.08691593055440408,inferiorparietal-rh,0.13354099937077546
2730,right,32983,0.01786107292042221,-0.026570342449596936,0.07871507786148126,precuneus-rh,-0.053357842285339685
2731,right,33003,0.004481014937960765,-0.02677873367732964,0.07737560059375126,precuneus-rh,0.16163179186535911
2732,right,33029,0.03817555277879129,-0.02645237622978285,0.07514134569536796,inferiorparietal-rh,0.1514962882476835
2733,right,33088,0.002533557574125123,-0.02831248098861634,0.0729507889438879,precuneus-rh,0.16321860717075573
2734,right,33154,0.003785923670650526,-0.030655616770463304,0.06873712179780514,precuneus-rh,0.15218204096056231
2735,right,33520,0.04083678851835102,-0.03865855894540221,0.050804366751349396,lateraloccipital-rh,0.660991243955967
2736,right,33885,0.03311517192394331,-0.009804976082479362,0.1078099389213811,postcentral-rh,0.4269019759370022
2737,right,33955,0.022799743930727874,-0.013292079752794856,0.10071723729917997,superiorparietal-rh,0.23430648266674137
2738,right,33995,0.039631627643863306,-0.014112565168229459,0.09921923873470824,superiorparietal-rh,0.31878815110265896
2739,right,34003,0.030930605906737612,-0.013890771645894962,0.09956832918579359,superiorparietal-rh,0.235004757204832
2740,right,34017,0.0067539342281050935,-0.014280987606748834,0.09914701258682342,precuneus-rh,0.26213648661265193
2741,right,34116,0.006368722112944605,-0.017599583042179776,0.0930441262818579,precuneus-rh,0.2693261132381976
2742,right,34152,0.011599512392084827,-0.018782153346618598,0.09107435072841272,precuneus-rh,0.21083612060221835
2743,right,34181,0.02282398288848851,-0.018871734524316792,0.08944362069291195,superiorparietal-rh,0.14819990771629754
2744,right,34192,0.04469512951760761,-0.01874454749634071,0.08842004261928593,inferiorparietal-rh,0.2867993640184741
2745,right,34267,0.0029585373649282814,-0.02101769271989428,0.08642360716439693,precuneus-rh,0.39432433961116303
2746,right,34322,0.0409173586257946,-0.021691623062003042,0.08342430807665357,inferiorparietal-rh,0.17356621155910879
2747,right,34331,0.0028481987169567203,-0.02291047975176279,0.08258714767270942,precuneus-rh,0.39333940178771115
2748,right,34335,0.05258410430676272,-0.02155232147405175,0.08220952556504219,inferiorparietal-rh,0.42975870135967426
2749,right,34489,0.05147371055385685,-0.026026155441009415,0.07267062737670604,inferiorparietal-rh,0.9153724931357238
2750,right,34746,0.0037100324801375207,-0.0357303323657755,0.05652133337137341,lingual-rh,0.21019429645132284
2751,right,34822,0.010919657450197146,-0.03605886222936246,0.055075359803468144,lingual-rh,0.16721302143242497
2752,right,34845,0.009642018623982914,-0.036707306837642825,0.05313809216073993,lingual-rh,0.1741981589656025
2753,right,34943,0.01683420173945411,-0.0390376055769521,0.04768140744121718,lingual-rh,0.16829718434865162
2754,right,34982,0.027684277269534693,-0.03992649503611201,0.04648131960339076,lingual-rh,0.2935092310695358
2755,right,35029,0.041876643171823255,-0.0407939339615119,0.04443041200990798,fusiform-rh,0.5866639899256237
2756,right,35099,0.02328093086868951,-0.04278012276904759,0.04082178657962347,lingual-rh,0.3349826729232486
2757,right,35110,0.03569462660613972,-0.04231343590046471,0.04012125633557166,fusiform-rh,0.6523932732022051
2758,right,35208,0.02464529475379818,-0.006552237898072404,0.11117940937483374,postcentral-rh,0.654509280266777
2759,right,35304,0.016768713644359286,-0.009525062096896249,0.10744715232379706,postcentral-rh,0.3845877497854381
2760,right,35378,0.01216609815780361,-0.012064279361522445,0.10283513603336644,paracentral-rh,0.2958078799283659
2761,right,35413,0.018912503881868357,-0.013249149190515223,0.09962293252076167,superiorparietal-rh,0.21977323577831936
2762,right,35475,0.014405846543710622,-0.01478332961692987,0.09701310421992287,precuneus-rh,0.1933358413006224
2763,right,35514,0.006713067988006489,-0.015621225504110617,0.09562343312188075,precuneus-rh,0.2463856606225829
2764,right,35518,0.0020091421418193395,-0.01537390363266283,0.09545787375948948,precuneus-rh,0.23607877425669938
2765,right,35693,0.05345485452948842,-0.01988014288435656,0.08451727058142527,inferiorparietal-rh,0.4376146992181221
2766,right,35733,0.03235764698083079,-0.02113311267544629,0.08402749971036766,inferiorparietal-rh,0.09214198581065978
2767,right,35743,0.011827449183923006,-0.021122170241268407,0.08361139179745752,precuneus-rh,0.18274408174611476
2768,right,35816,0.043492712930020716,-0.023171728184185468,0.07808189796808296,inferiorparietal-rh,0.21330516697309312
2769,right,35841,0.01216034060268443,-0.024918773449175743,0.07685600910364063,precuneus-rh,-0.01241822734688993
2770,right,35985,0.009766598853385806,-0.028216827029186282,0.06967653154614706,precuneus-rh,0.11446504071640408
2771,right,36158,0.012735610020543542,-0.03459805345079213,0.05660820162428201,pericalcarine-rh,0.15510160667832087
2772,right,36296,0.019625759561405193,-0.03683052554390623,0.05256499247629397,lingual-rh,0.1286281070841753
2773,right,36442,0.02288953698062323,-0.03990419578750795,0.04470249616649685,lingual-rh,0.19613447335052928
2774,right,36477,0.04839413434744023,-0.039755866712704604,0.04324778332118035,fusiform-rh,0.6642600481466954
2775,right,36592,0.006590447665866153,-0.0037810374283124767,0.11548698256831602,precentral-rh,0.8503177826768524
2776,right,36606,0.014998381007728679,-0.0054971889288601885,0.11437029931337517,postcentral-rh,0.7506097071070785
2777,right,36736,0.005049127671487212,-0.008282599165093473,0.107600162330218,paracentral-rh,0.4067306833155584
2778,right,36752,0.025394189285298394,-0.008914305670482736,0.10570448436928676,postcentral-rh,0.4376112651028993
2779,right,36761,0.007397410493558243,-0.009585069606552069,0.10550034844239757,paracentral-rh,0.364496590227255
2780,right,36799,0.029111522675255366,-0.009761214679600514,0.10390114127402189,postcentral-rh,0.3635712609278247
2781,right,36958,0.029699309071562274,-0.014524832866513192,0.0931540335740242,superiorparietal-rh,0.2164216820175925
2782,right,36999,0.04409672011613116,-0.01660980078161401,0.09032071556253561,inferiorparietal-rh,0.4176537401346324
2783,right,37116,0.04688253907403405,-0.018882882469112853,0.0833242115266182,inferiorparietal-rh,0.3756250358694176
2784,right,37124,0.03584934268469123,-0.01952466077752325,0.08271846561518374,inferiorparietal-rh,0.12477238021102449
2785,right,37132,0.02321721181371149,-0.019865117725208846,0.08349597085689944,superiorparietal-rh,0.10308374830704906
2786,right,37243,0.052827059509833865,-0.02281434674601749,0.07661473978585095,inferiorparietal-rh,0.8134104197672046
2787,right,37322,0.03355077147885384,-0.02541874870171536,0.07132140112090019,inferiorparietal-rh,0.2463985632057466
2788,right,37413,0.03464142150974026,-0.028146919466327764,0.06579767232646253,inferiorparietal-rh,0.36174548488212693
2789,right,37439,0.003161591546098529,-0.02931544602784125,0.0646191083037467,precuneus-rh,0.17724793236438185
2790,right,37501,0.04004195823391115,-0.029771793226456966,0.061704870333641595,inferiorparietal-rh,0.3902130768327466
2791,right,37777,0.04932910395692328,-0.03769902558610659,0.045393569084465346,lateraloccipital-rh,0.765264953333658
2792,right,37836,0.03786607499895456,-0.03916814509469099,0.04257712225916312,fusiform-rh,0.6784243595630451
2793,right,37907,0.0399049072580403,-0.04220403271153074,0.03692015533193829,fusiform-rh,0.7439186541038113
2794,right,38058,0.010161784888159095,-0.007003159092650615,0.10823597040942073,postcentral-rh,0.45903304563800384
2795,right,38069,0.02860196462807123,-0.0071104309807217495,0.10762398523739719,postcentral-rh,0.5554575473725003
2796,right,38197,0.04392486723091985,-0.01053215215804374,0.10132932335201747,superiorparietal-rh,0.3450443949097255
2797,right,38227,0.03904299072452322,-0.010735686322274837,0.09898772226556883,superiorparietal-rh,0.3232061347205012
2798,right,38308,0.03444071804954252,-0.014205958477990298,0.09298804965863341,superiorparietal-rh,0.2721828263180741
2799,right,38326,0.009242755723703035,-0.014766227574968,0.09250032428314815,precuneus-rh,0.242847265559476
2800,right,38530,0.009749820469961907,-0.019815265815279873,0.08053292752398697,precuneus-rh,0.22056551779827005
2801,right,38573,0.0359531216817617,-0.021529187843686893,0.07722117668630396,inferiorparietal-rh,0.07952752750409225
2802,right,38649,0.04452729108046598,-0.0237232817911546,0.07141342376694625,inferiorparietal-rh,0.3377082128584992
2803,right,38669,0.015781582002092547,-0.024994992148403353,0.07142303178410023,precuneus-rh,0.107403490315789
2804,right,38722,0.017698739632380237,-0.02714104875444776,0.06779707949671009,precuneus-rh,0.184467773351641
2805,right,38766,0.04797212734173847,-0.02766413082900031,0.06506474584696001,inferiorparietal-rh,0.6238478987557957
2806,right,38820,0.055792717835416825,-0.02866306285570967,0.06283150541593975,middletemporal-rh,0.6748716253886066
2807,right,38870,0.05122356005245446,-0.029324228429241598,0.06139039821265715,middletemporal-rh,0.651957578333921
2808,right,38982,0.027565115124023917,-0.03321232205556461,0.052874296432724614,lingual-rh,0.17322076033193268
2809,right,39077,0.011061166166754947,-0.036382343298269254,0.04801299664772808,lingual-rh,0.14320322380220704
2810,right,39170,0.031828260889954434,-0.03776665243852273,0.04338928123774685,fusiform-rh,0.4907793954181026
2811,right,39399,0.007509517418256669,-0.005095709930730484,0.11139565562799077,precentral-rh,0.5811648235064255
2812,right,39479,0.02114295669416477,-0.006486120274793809,0.10596204832217637,postcentral-rh,0.41901156295862957
2813,right,39509,0.031594887627739876,-0.006950374483702395,0.10442720282460052,postcentral-rh,0.43994306132997174
2814,right,39546,0.01770039050792255,-0.00827605463938584,0.10301376739873878,postcentral-rh,0.31019458650554954
2815,right,39556,0.04321251857870149,-0.00810453976559245,0.10271419337828008,superiorparietal-rh,0.3393616013510838
2816,right,39642,0.024820674823544976,-0.009812098405643949,0.0977258989378747,postcentral-rh,0.24955012372256677
2817,right,39697,0.033386688110668056,-0.011045486503162717,0.09575508094119048,postcentral-rh,0.2698106330573361
2818,right,39786,0.006050148088057006,-0.015116004940211283,0.08831378129325629,precuneus-rh,0.29463470093632654
2819,right,39820,0.039993203205647136,-0.015438142901441812,0.08700666984138797,inferiorparietal-rh,0.34861578584994773
2820,right,39835,0.04664500972228847,-0.01551156573633335,0.0863949930535392,inferiorparietal-rh,0.5249893669715985
2821,right,39951,0.009694204747094348,-0.02105272079553839,0.07832097089382309,precuneus-rh,0.18996539737591622
2822,right,39988,0.007992164282359342,-0.021977449870050347,0.07580812193536574,precuneus-rh,0.19532020955909649
2823,right,40035,0.052180723755635636,-0.022510190902473033,0.07149692506918484,inferiorparietal-rh,0.9629941848757353
2824,right,40071,0.051181968177019734,-0.024094273679015767,0.06866622748995663,inferiorparietal-rh,0.7981788284344784
2825,right,40145,0.00851035425593211,-0.027514063306543966,0.06509513955986582,precuneus-rh,0.15313634054095002
2826,right,40153,0.04200010165206382,-0.026463516509607887,0.06515850515951183,inferiorparietal-rh,0.420703106748957
2827,right,40176,0.018901767736263484,-0.027331339322718227,0.06336184691174267,precuneus-rh,0.20110615488666198
2828,right,40200,0.012617520088922909,-0.02850585039634548,0.0618922871957486,precuneus-rh,0.15993735200507986
2829,right,40295,0.0037951090209649833,-0.029816830302542837,0.05925915430099072,precuneus-rh,0.1608378817124091
2830,right,40304,0.04570736940626542,-0.029410738331542483,0.05965878721675045,inferiorparietal-rh,0.5922742363995379
2831,right,40382,0.041137489605766776,-0.032187849960722756,0.05259073795018769,lateraloccipital-rh,0.5939392752987519
2832,right,40434,0.050100402227670586,-0.03325350227795072,0.05004447274601245,inferiortemporal-rh,0.8550100801182207
2833,right,40459,0.024384266130435792,-0.033908262207916165,0.048404767348019836,lingual-rh,0.07640392261304772
2834,right,40623,0.03249210580523435,-0.03815116056867002,0.04021239595811199,fusiform-rh,0.5413793110533077
2835,right,40783,0.015862757588079122,-0.0032902397815759675,0.1115276386388162,postcentral-rh,0.6524776090816378
2836,right,40804,0.003925295790802721,-0.004645926589479146,0.111409993627352,paracentral-rh,0.5724080790673822
2837,right,40871,0.014175647477236977,-0.0059936533402660305,0.10688650953708713,postcentral-rh,0.43410693781372395
2838,right,40920,0.035658859915358436,-0.0066388854865885635,0.10386936314473001,postcentral-rh,0.40245464035774187
2839,right,41008,0.005736410826451847,-0.0075316262783310245,0.10086884953407407,paracentral-rh,0.3019761035632199
2840,right,41035,0.03203078516005264,-0.008464241001262805,0.09917888457493973,postcentral-rh,0.3036120555458507
2841,right,41062,0.011066795661974558,-0.009875589192250603,0.09881211492201006,paracentral-rh,0.2656553450680025
2842,right,41090,0.027829729621392175,-0.009964661915608835,0.0959005016073651,postcentral-rh,0.23947756165379117
2843,right,41107,0.04325955749025569,-0.010077540588066527,0.09564517270877183,superiorparietal-rh,0.39471887964358215
2844,right,41127,0.038272763871708346,-0.011394225710891309,0.09462491855880754,superiorparietal-rh,0.33324073920526925
2845,right,41133,0.014839180159594333,-0.011970280830918632,0.09304501098116225,precuneus-rh,0.1939017697969165
2846,right,41152,0.008583302465430358,-0.012771688308931689,0.0909410048772997,precuneus-rh,0.2539217608577572
2847,right,41164,0.0020359406862951075,-0.013634506083079468,0.09092787480039824,precuneus-rh,0.291777459140585
2848,right,41203,0.02468405303465394,-0.014439939226042236,0.08821370377487676,superiorparietal-rh,0.17121736784481817
2849,right,41222,0.01125185495412041,-0.015141532595313801,0.0872175051426349,precuneus-rh,0.2420153824279213
2850,right,41277,0.015218363150865276,-0.015969537877740456,0.08487596316475353,precuneus-rh,0.19515675953294218
2851,right,41300,0.026689296442035496,-0.01672020390896118,0.08261414588599206,superiorparietal-rh,0.15091457303516218
2852,right,41354,0.041872921243002514,-0.017837900582259952,0.07942190306640307,inferiorparietal-rh,0.3978286389780815
2853,right,41492,0.004263823415482837,-0.02423689569205788,0.06835254728051152,isthmuscingulate-rh,0.17288671218401916
2854,right,41731,0.02194384960283788,-0.029125392419427767,0.05852769571813678,precuneus-rh,0.1829806573790646
2855,right,41772,0.04900157623265022,-0.029179500518732724,0.05588304343953851,middletemporal-rh,0.7136082386537734
2856,right,41777,0.025818401418271023,-0.03023665522918659,0.055975874947011596,precuneus-rh,0.1744178409122259
2857,right,41817,0.015283080403136666,-0.031932283960401694,0.05299796849807067,lingual-rh,0.07353188429061099
2858,right,41823,0.04732759957979338,-0.03081155654516574,0.05284735068675306,middletemporal-rh,0.7596761580863292
2859,right,41862,0.05323739635481167,-0.03186824311689927,0.050465930272237385,middletemporal-rh,0.8917210023086467
2860,right,41916,0.0426228866570376,-0.03334042821069021,0.04834615402315596,lateraloccipital-rh,0.6081149203734514
2861,right,42092,0.007774867213234234,0.0028142439842691286,0.1205184950710146,precentral-rh,2.0116768644010348
2862,right,42156,0.004328754768746057,-0.001064828850778749,0.11525814323489676,paracentral-rh,1.000121957353325
2863,right,42189,0.03080682516090601,-0.0008630104413974741,0.1124136120977037,precentral-rh,0.7210058755694053
2864,right,42210,0.0251964635091685,-0.00036216972097552827,0.11124644402792473,precentral-rh,0.6929063521732641
2865,right,42277,0.021539559811870966,-0.0030451669551176414,0.1084662441479766,postcentral-rh,0.49398798211624034
2866,right,42288,0.03465026889887906,-0.0037155188571476334,0.10814868701163655,postcentral-rh,0.5843122967346205
2867,right,42323,0.01781607010425747,-0.004613786533834855,0.10674495691376915,postcentral-rh,0.43192005043167453
2868,right,42352,0.024019331816760154,-0.005344423644635192,0.10424002062809003,postcentral-rh,0.4582115951231912
2869,right,42415,0.020869311018124143,-0.007585511505685453,0.0995749212537223,postcentral-rh,0.2863824474933733
2870,right,42516,0.04786983586867429,-0.009783660962560592,0.0953703579257108,superiorparietal-rh,0.4433325864922316
2871,right,42786,0.0027864038003670164,-0.018753719076898524,0.07744754158704573,isthmuscingulate-rh,0.34495134362353874
2872,right,42790,0.048142575938286455,-0.017975057391396734,0.07752546149066988,inferiorparietal-rh,0.386949834224616
2873,right,42822,0.05233994698081462,-0.01874427622931354,0.07611403687635368,inferiorparietal-rh,0.4805244633857149
2874,right,42866,0.006641690242910227,-0.021935921979493386,0.07188363613349694,precuneus-rh,0.1783871083968949
2875,right,43006,0.04131029346549941,-0.024350052655512742,0.06353101888341108,inferiorparietal-rh,0.3643321704330689
2876,right,43141,0.05495588477204515,-0.026826655789550003,0.057654180340139756,middletemporal-rh,0.6904575864461545
2877,right,43155,0.02880886214282412,-0.028379147787761346,0.05657056117806798,lingual-rh,0.1911619485255969
2878,right,43184,0.008085982638511045,-0.029920152667638148,0.054405951910218874,lingual-rh,0.10401827279418695
2879,right,43223,0.021698908919699365,-0.03051256404531111,0.05166216895870704,lingual-rh,0.050460392722241565
2880,right,43273,0.0169629065170217,-0.03237885561318918,0.04898509277268823,lingual-rh,0.06399894731171665
2881,right,43401,0.026642854714222963,-0.03489586159080098,0.04255121492766466,lingual-rh,0.21687361576821806
2882,right,43407,0.01887978030377461,-0.03510041683999765,0.042428481696764206,lingual-rh,0.12143978237267891
2883,right,43544,0.009995330104405765,0.0015113728405020351,0.11581844263056962,precentral-rh,1.2740771870419263
2884,right,43702,0.03949130581526133,-0.0035513269936413207,0.10548755711372033,postcentral-rh,0.44406009154275844
2885,right,43745,0.006746763966765665,-0.005277694505168068,0.10395361825585732,paracentral-rh,0.3657890376638476
2886,right,43805,0.02644743832531348,-0.006109849924063156,0.09987199506016847,postcentral-rh,0.34825906496801956
2887,right,43979,0.028311478188847567,-0.012737983953866858,0.08694598260494318,superiorparietal-rh,0.21219760351638725
2888,right,44055,0.041669798793634576,-0.013568195900798049,0.0831302088864513,inferiorparietal-rh,0.43406784823946065
2889,right,44057,0.03585802580183059,-0.01437764859191466,0.08289474566238268,inferiorparietal-rh,0.30148082663615156
2890,right,44073,0.04977972015979585,-0.01443060551439456,0.0822280819948083,inferiorparietal-rh,0.46723615144306135
2891,right,44100,0.05297744632988965,-0.015142285575152976,0.08084458228481253,inferiorparietal-rh,0.4402557296702994
2892,right,44290,0.04753764977656973,-0.019051603609567182,0.0727243563037129,inferiorparietal-rh,0.3237366745526578
2893,right,44314,0.03907342034416707,-0.01917262858830649,0.07124729771441381,inferiorparietal-rh,0.35675114314729695
2894,right,44316,0.033019014916689744,-0.020144067140333483,0.07149573524325084,inferiorparietal-rh,0.2813722820258598
2895,right,44398,0.05362713185335347,-0.02157526847506298,0.06614318250506755,inferiorparietal-rh,0.7745346479526073
2896,right,44428,0.0067625025434352466,-0.023040800576670066,0.06596029851293168,isthmuscingulate-rh,0.13988343274270432
2897,right,44439,0.035482747732430625,-0.023187092448115086,0.06528514102482505,inferiorparietal-rh,0.3307969813296813
2898,right,44493,0.047707432152136235,-0.025729955799358897,0.05956255568185632,inferiorparietal-rh,0.5900288178275442
2899,right,44523,0.015218609152673769,-0.02752724862053194,0.05861961875347136,precuneus-rh,0.1290128865360401
2900,right,44528,0.006564609438627359,-0.027067056910370983,0.057403232551763904,precuneus-rh,0.11899421369658382
2901,right,44716,0.02869569620374322,-0.03208761628016833,0.046481432781996776,fusiform-rh,0.13776019536829542
2902,right,44827,0.043148069040458495,-0.034264109882726684,0.040684302207756456,fusiform-rh,0.3075895345877433
2903,right,44861,0.03090440097879577,-0.03649482753022003,0.037593108344975416,fusiform-rh,0.4977039510356963
2904,right,44937,0.018872424996410134,0.0035646721735190434,0.11527538295288375,precentral-rh,1.747095380327277
2905,right,45049,0.00502140352149767,-0.0017417291869644552,0.10842972152417515,paracentral-rh,0.5260109839788383
2906,right,45079,0.016708112119569633,-0.002696779887161077,0.10677727607863335,postcentral-rh,0.4598758421149767
2907,right,45093,0.026651628479644328,-0.0011577986651766315,0.10618835028863648,precentral-rh,0.6349718314020173
2908,right,45272,0.04381705832264981,-0.005961394530412818,0.09701952470582866,superiorparietal-rh,0.37174924092578615
2909,right,45277,0.03858612384659147,-0.006319990816384862,0.0970232035493529,postcentral-rh,0.33136833329207754
2910,right,45281,0.01304106042635706,-0.007258543193299475,0.09671718528945256,paracentral-rh,0.25318230627940563
2911,right,45308,0.04776393221783517,-0.0067735101032542905,0.09538921073651255,supramarginal-rh,0.4363691200196358
2912,right,45398,0.03178955048461443,-0.010301960160270221,0.08967132718139192,superiorparietal-rh,0.25636688562717896
2913,right,45404,0.010043155706204772,-0.011257387923439298,0.08845842611964613,precuneus-rh,0.2588667592831876
2914,right,45538,0.03040006392871115,-0.014573784010279884,0.0801760429338287,inferiorparietal-rh,0.2257818688979354
2915,right,45543,0.013973581081543103,-0.015126563488498255,0.08066006077212315,precuneus-rh,0.20955904915907472
2916,right,45547,0.009709962401180081,-0.015400340550713727,0.08094845322026689,isthmuscingulate-rh,0.24570316983948162
2917,right,45641,0.04055338602491896,-0.016947535784436717,0.07496694682885949,inferiorparietal-rh,0.3880384784123845
2918,right,45667,0.05596314216387617,-0.016999439822634518,0.07327357286299088,supramarginal-rh,0.6343363041349601
2919,right,45700,0.0026701121936916093,-0.01872426931634153,0.07266567839990093,isthmuscingulate-rh,0.2878681506214786
2920,right,45836,0.0487208246326451,-0.02208820550280388,0.06413207718316913,inferiorparietal-rh,0.5670128732583382
2921,right,45862,0.054054661848686965,-0.022780939651158745,0.06323205247607222,inferiorparietal-rh,0.6569866237879985
2922,right,45907,0.05443882314817118,-0.02478792191605545,0.05800783547102572,middletemporal-rh,0.6617534959184304
2923,right,46071,0.010654868417606583,-0.030255380151594295,0.04904921610706392,lingual-rh,0.06891309687182572
2924,right,46160,0.03887681332172411,-0.03187854444696511,0.04467922773429299,fusiform-rh,0.3307243523971793
2925,right,46233,0.04587004512174819,-0.03373092374029163,0.03950240317397234,lateraloccipital-rh,0.3231720832370147
2926,right,46398,0.0037866408371349477,0.002014147140325993,0.11376715963991696,paracentral-rh,1.0580535925012566
2927,right,46443,0.01052202268490469,0.0008560975716363356,0.10980891028382347,precentral-rh,0.646865589826471
2928,right,46552,0.01904663671116237,-0.0034112906001107085,0.1024292090254673,postcentral-rh,0.36188581221144983
2929,right,46568,0.014079273738987385,-0.003545069729468761,0.1012474910113844,precentral-rh,0.3333175826584033
2930,right,46752,0.011675639123341621,-0.008395256695102205,0.09155723497357648,precuneus-rh,0.24626355285795154
2931,right,46886,0.0020502443842884133,-0.014042393401566523,0.08157138456282642,isthmuscingulate-rh,0.3712086493314635
2932,right,46928,0.043250404949846784,-0.013037653393238646,0.07932463092187711,inferiorparietal-rh,0.41021421075053205
2933,right,46943,0.0062826190160651715,-0.015541253112280877,0.0781164000514958,isthmuscingulate-rh,0.28178863386825764
2934,right,47098,0.044565355746829065,-0.019486719486454054,0.06746925818819649,inferiorparietal-rh,0.4376446355709542
2935,right,47116,0.03863958405515924,-0.019576856639851908,0.06625920188877735,inferiorparietal-rh,0.3747848690994048
2936,right,47217,0.0067715249836491805,-0.023216343433375364,0.061677605627491805,isthmuscingulate-rh,0.1272510334832271
2937,right,47312,0.01828179028192184,-0.025732487017178177,0.05600428816652892,precuneus-rh,0.06930771054478282
2938,right,47528,0.05249283504923573,-0.030810216445769135,0.04340992749911554,inferiortemporal-rh,0.8685291180950552
2939,right,47551,0.03534974924465836,-0.03085085390007331,0.04200015193197664,fusiform-rh,0.2718763586512578
2940,right,47618,0.013114612043064603,0.007552279773335266,0.11965543975597775,precentral-rh,2.248172075001331
2941,right,47654,0.004115334475866364,0.00589119358780298,0.11901999078723662,paracentral-rh,2.086937768543412
2942,right,47689,0.013061862658052729,0.005104168794400421,0.114750321329285,precentral-rh,1.4804471012238904
2943,right,47765,0.020540639077256714,0.0024948026318516547,0.11065637683123826,precentral-rh,0.9343986456584424
2944,right,47847,0.01131358276327979,-0.0007830596803831335,0.10515692663088119,precentral-rh,0.43487183948648067
2945,right,47919,0.0322203347451621,-0.002737841908188752,0.10044544712052657,postcentral-rh,0.4258604207000326
2946,right,47953,0.0066240313350090126,-0.00452370884161883,0.0982895050606338,paracentral-rh,0.2819682034651493
2947,right,48017,0.029230115066873605,-0.005389878428554987,0.09472556604098335,postcentral-rh,0.2691171958039918
2948,right,48044,0.03392495279187689,-0.0058146608810203965,0.0945492993777103,postcentral-rh,0.2891829769641349
2949,right,48060,0.00670682168793138,-0.007890517496367723,0.09384701582258868,precuneus-rh,0.25126595871361135
2950,right,48100,0.04751194008379426,-0.006448762912766361,0.09073127528121826,supramarginal-rh,0.5083431563056241
2951,right,48106,0.04125928692078853,-0.007459660744834671,0.09055221885040475,superiorparietal-rh,0.3950299118346966
2952,right,48123,0.05175805765587898,-0.007404406471724818,0.08966140539078869,supramarginal-rh,0.55991336214104
2953,right,48134,0.035555731445980995,-0.007877862855292603,0.0895742875113067,superiorparietal-rh,0.3148157905000907
2954,right,48140,0.0050189220792568635,-0.007875862959357029,0.08980158920204497,precuneus-rh,0.2877723755011701
2955,right,48142,0.056243438128526585,-0.006735833849532989,0.08842774911785241,supramarginal-rh,0.24381078931991326
2956,right,48171,0.012741015389337498,-0.009423556649058673,0.0867827319818613,precuneus-rh,0.2542324840819838
2957,right,48255,0.05748827969938612,-0.011279250158489879,0.07975806637198524,supramarginal-rh,0.2831735432179682
2958,right,48313,0.05361587203429895,-0.014618515319809677,0.07516892735929437,supramarginal-rh,0.4241914906931246
2959,right,48424,0.005114880852524938,-0.01921707698068151,0.06696912946399597,isthmuscingulate-rh,0.14877421892190562
2960,right,48471,0.007711377845025371,-0.02024692590283033,0.06517471070192488,isthmuscingulate-rh,0.12360962436423022
2961,right,48536,0.04293377214055141,-0.021249325832926214,0.06166174205083066,inferiorparietal-rh,0.28339737875366167
2962,right,48571,0.007749625072116208,-0.023483347844520476,0.05744954609398911,isthmuscingulate-rh,0.09065659406709002
2963,right,48680,0.027699383516398574,-0.026507297767510974,0.052835552216943596,lingual-rh,0.061708628248708486
2964,right,48689,0.011022741344191482,-0.02617447704739318,0.051565099878595665,lingual-rh,0.04393932329994763
2965,right,48727,0.023861275149105795,-0.027291963518128345,0.04864840207217234,lingual-rh,0.03499529062747087
2966,right,48737,0.04496333927408554,-0.027578971919687143,0.04820213987051677,inferiortemporal-rh,0.6281394779660777
2967,right,48862,0.03163519399649437,-0.031014293820419325,0.04261072223203253,fusiform-rh,0.322000794288015
2968,right,49084,0.014954516531657707,0.004569538141152647,0.10981713190033277,precentral-rh,0.6942802182115656
2969,right,49149,0.030103892450172476,0.002253732230991727,0.10724520719706368,precentral-rh,0.692276938944191
2970,right,49190,0.0362992936140358,9.495671634266421e-06,0.10334639231233178,postcentral-rh,0.5451023653040342
2971,right,49255,0.0408147047052594,-0.000542268361558392,0.10006971340909741,postcentral-rh,0.42068472370209314
2972,right,49275,0.03660106042507413,-0.0019372115852153227,0.09918024371340667,postcentral-rh,0.3899569707387463
2973,right,49297,0.021396058214179874,-0.0035769547474984783,0.0976249185119922,precentral-rh,0.3004102252937913
2974,right,49341,0.02390797989032152,-0.003656304294338976,0.09451457413318141,precentral-rh,0.2599060324701368
2975,right,49396,0.015031260456891864,-0.005506452233447753,0.09227331843227783,paracentral-rh,0.246313262327606
2976,right,49529,0.03737824664797848,-0.009789728113364123,0.08222367819764195,inferiorparietal-rh,0.4197910141006559
2977,right,49562,0.005789687114799673,-0.012099498881085684,0.0812058118418458,isthmuscingulate-rh,0.30361731968459466
2978,right,49572,0.05196414462586822,-0.010000583308928435,0.07975582371961899,inferiorparietal-rh,0.39300557189065344
2979,right,49661,0.007524348825202788,-0.015860212459599742,0.07291622437255951,isthmuscingulate-rh,0.22106752845826919
2980,right,49677,0.058710940682530785,-0.014804545745185482,0.07235795827963597,supramarginal-rh,0.644583833794194
2981,right,49700,0.0026608265966279626,-0.017286536237252837,0.06937285577391615,isthmuscingulate-rh,0.23992313806952148
2982,right,49712,0.05815816568029725,-0.01749493140405985,0.06877989810861382,supramarginal-rh,0.8286053743442511
2983,right,49717,0.05253229162365516,-0.01653911388444793,0.0672110298004425,supramarginal-rh,0.8427554453488859
2984,right,49748,0.05816737687411928,-0.01736000371473193,0.06643561187100597,supramarginal-rh,0.7907587182278208
2985,right,49754,0.048111397294522185,-0.018048809868741564,0.06642147479632471,inferiorparietal-rh,0.623228231855454
2986,right,49791,0.0448372716292781,-0.019217533968312047,0.06272490611082687,inferiorparietal-rh,0.3240216349746195
2987,right,49847,0.04684048179668489,-0.022348039612332088,0.05675166040517079,inferiorparietal-rh,0.5497564776306256
2988,right,49853,0.024353787985329573,-0.02284353974111056,0.05681923298484336,lingual-rh,0.083568546435751
2989,right,49912,0.04966451039623821,-0.023851915750389655,0.05334126237521686,middletemporal-rh,0.703638430330319
2990,right,49941,0.01701703126320255,-0.02590914302326147,0.050151509888963414,lingual-rh,0.03991321744878608
2991,right,49948,0.0479521704840073,-0.02580762394900748,0.049672337346252635,middletemporal-rh,0.751525388728456
2992,right,50051,0.042506153113956766,-0.028692232975600935,0.04339858640824869,inferiortemporal-rh,0.357012690019588
2993,right,50137,0.028819446506850983,-0.031995329466898384,0.03785160386466581,fusiform-rh,0.4211221972437495
2994,right,50216,0.021902683010643475,0.006515707043179974,0.11517462627222745,precentral-rh,1.6728956962963277
2995,right,50226,0.02572452434198774,0.006465810177966294,0.11512507367757377,precentral-rh,1.4557376865176594
2996,right,50259,0.029542064165049182,0.00462264247235312,0.11154642918866735,precentral-rh,0.9643022989631562
2997,right,50262,0.006474261533212292,0.00445991819163765,0.11115870535626256,paracentral-rh,0.8816357994774193
2998,right,50275,0.024173648509208053,0.0046255749685989896,0.11000478705700387,precentral-rh,1.1263379862008864
2999,right,50383,0.004147275114818496,0.0011179258349246508,0.10563677043878807,paracentral-rh,0.4734986465500844
3000,right,50395,0.016626601801165573,0.0022202332441340917,0.10449028543554732,precentral-rh,0.4193194766967921
3001,right,50465,0.02688949648586989,0.00039657864134570904,0.10058094522752038,precentral-rh,0.5186774524783136
3002,right,50467,0.02280281805076299,0.0004584800186389149,0.09981893306142986,precentral-rh,0.4380491345672714
3003,right,50473,0.004141506501727125,-0.0011504653558045506,0.10045925629345076,paracentral-rh,0.322049935103163
3004,right,50589,0.053941874458734974,-0.0037508356940778136,0.09290048756482802,supramarginal-rh,0.4100206922861627
3005,right,50748,0.03133378652443603,-0.009230654016633246,0.08273898650315537,superiorparietal-rh,0.3270799806641189
3006,right,50779,0.010038591297904293,-0.00989147726593288,0.08056850640718466,isthmuscingulate-rh,0.26912705627645
3007,right,50841,0.002198400608638173,-0.012805190608370709,0.0774075023337154,isthmuscingulate-rh,0.36860315683188166
3008,right,50860,0.004776606699315745,-0.013945802131362709,0.07508834497747005,isthmuscingulate-rh,0.2998752135359784
3009,right,50910,0.006447535643200563,-0.015824186285858393,0.06925196689658375,isthmuscingulate-rh,0.18402972912679535
3010,right,50967,0.00890857958873886,-0.019272058755021925,0.06300867566595478,isthmuscingulate-rh,0.11004308394118285
3011,right,51004,0.005784386518136281,-0.021377481212024804,0.05899416321486815,isthmuscingulate-rh,0.1030014944006439
3012,right,51049,0.011691046365384096,-0.022426753389982443,0.055815339235712025,isthmuscingulate-rh,0.04666456092240089
3013,right,51103,0.022627248788901034,-0.02394559964973376,0.05182069945392442,lingual-rh,0.022019445789535897
3014,right,51164,0.030250038438875377,-0.025570503823096814,0.048418694875210125,lingual-rh,0.03907734180057839
3015,right,51219,0.050820582597646984,-0.02708601829263595,0.04454144441345624,inferiortemporal-rh,0.8709811865151232
3016,right,51232,0.019056016152835507,-0.027442371827167637,0.04429172687772502,lingual-rh,0.07438772134882361
3017,right,51358,0.03734077563613955,-0.031191528429648476,0.035763951824632746,fusiform-rh,0.2830779798961363
3018,right,51571,0.022300876777178968,0.0025210005283557665,0.10505946781753739,precentral-rh,0.5518062195874435
3019,right,51653,0.017921671634494783,0.000774120315802671,0.09963566098865331,precentral-rh,0.3627414097011611
3020,right,51743,0.010322397084329788,-0.0025772759433216946,0.0946076202787323,paracentral-rh,0.27807733833033027
3021,right,51772,0.03742675099516787,-0.003310192877262145,0.0921848497511434,postcentral-rh,0.32254644892275103
3022,right,51782,0.04824482035074623,-0.003961502537035691,0.0909289141921451,supramarginal-rh,0.5610267145544076
3023,right,51788,0.04250277491988686,-0.0031362130433482925,0.0912256414219658,supramarginal-rh,0.4008919711708491
3024,right,51826,0.006987462709332745,-0.004889801927074491,0.0893284078386377,posteriorcingulate-rh,0.298732908519422
3025,right,51894,0.04599012951226409,-0.006702638066954246,0.08542395092218863,supramarginal-rh,0.4859518622684397
3026,right,51930,0.014513783073404824,-0.008440165169829617,0.08289497069306079,precuneus-rh,0.2610679282051769
3027,right,52201,0.05218691897616029,-0.019640147891720236,0.0569847917185877,inferiorparietal-rh,0.5632173744818115
3028,right,52260,0.016328919616472745,-0.02086523895048154,0.05539096752004551,isthmuscingulate-rh,0.02520152003599388
3029,right,52276,0.05614711327384604,-0.02167453224861138,0.05298236666069605,middletemporal-rh,0.6647045829663557
3030,right,52463,0.02563591975059912,-0.026976840967078846,0.04330887137066275,fusiform-rh,0.06101947134188036
3031,right,52569,0.05233937203961531,-0.0303301356372967,0.03593494089726491,inferiortemporal-rh,0.5762322366641894
3032,right,52635,0.009334120449435844,0.009401472827329827,0.11781036798035248,precentral-rh,2.2499391727785447
3033,right,52658,0.004503718310549685,0.009028726998117648,0.11607069942779506,paracentral-rh,1.918387550814149
3034,right,52664,0.017528310414857775,0.008008245647756488,0.11609564549183107,precentral-rh,2.0355139331888674
3035,right,52789,0.040026671298399936,0.0033246922682928738,0.10585164870285273,postcentral-rh,0.682333231953715
3036,right,52824,0.04315238893416109,0.0024190394311831794,0.1010672223790816,postcentral-rh,0.45866318524803246
3037,right,52879,0.006707715040309349,0.0005457899965798929,0.098186211078605,paracentral-rh,0.29894811564146884
3038,right,52912,0.05016271240124745,0.0010615972910224336,0.09709598845974622,postcentral-rh,0.5278085170087972
3039,right,53033,0.002057232365726054,-0.003895105051934751,0.09014110435851605,precuneus-rh,0.334853269636452
3040,right,53048,0.011551803909198346,-0.004663437648524539,0.08850167516541523,paracentral-rh,0.28837609480237586
3041,right,53080,0.007860372887621175,-0.0052841049614207065,0.08686202969285292,precuneus-rh,0.30586325676619913
3042,right,53110,0.050088241972100156,-0.00539409900257262,0.08531668815788362,supramarginal-rh,0.4946092644806983
3043,right,53118,0.03545407730284853,-0.004872819924437473,0.08517641173594735,inferiorparietal-rh,0.35958641484310255
3044,right,53189,0.040216138049149815,-0.007253423529035109,0.08033676060211939,supramarginal-rh,0.4717250337029371
3045,right,53199,0.0034228920655694143,-0.00896290613143594,0.07957164233941223,isthmuscingulate-rh,0.3533770357427344
3046,right,53225,0.04549967495779907,-0.008694789452154857,0.07718560719552081,supramarginal-rh,0.5353501096887121
3047,right,53245,0.008466157147098894,-0.011106335605491093,0.07471941293057133,isthmuscingulate-rh,0.26494768165852295
3048,right,53255,0.0486977990837456,-0.010280454318367759,0.07411202805926888,supramarginal-rh,0.4808209828980153
3049,right,53294,0.05657159594161519,-0.0126019574822223,0.06861411850998475,supramarginal-rh,0.7928107832903636
3050,right,53317,0.003633227345222165,-0.01590325798552916,0.0665494779617283,isthmuscingulate-rh,0.1760626358535279
3051,right,53414,0.009058050919449978,-0.01856614467294423,0.05967219434379661,isthmuscingulate-rh,0.0805026446102029
3052,right,53436,0.006344515325351302,-0.020330332846687994,0.05747778343728472,isthmuscingulate-rh,0.07999210262676631
3053,right,53449,0.056642920410174165,-0.019622476128688837,0.05594883689060161,middletemporal-rh,0.5347401433275653
3054,right,53489,0.023491580260925574,-0.020238750426862847,0.05365973842065058,lingual-rh,0.014920926780811083
3055,right,53598,0.05510005705553189,-0.023934602481369575,0.04917981522799077,middletemporal-rh,0.8971063635567972
3056,right,53657,0.014694012890830553,-0.02551379529990062,0.046247529028524026,lingual-rh,0.07889061800307999
3057,right,53735,0.04774816130804177,-0.025827548020725163,0.041576195652436504,inferiortemporal-rh,0.5932074370191632
3058,right,53745,0.053624965188355835,-0.02711431947962992,0.04029751186852932,inferiortemporal-rh,0.9330412550054282
3059,right,54100,0.03852054428373705,0.002161686083009962,0.0987355956381432,postcentral-rh,0.4355598018319264
3060,right,54167,0.0336727687315622,-0.00036139954108847187,0.09555289880614035,postcentral-rh,0.3389627140105866
3061,right,54301,0.049708875628463906,-0.001968414571922427,0.08748852253318526,supramarginal-rh,0.5445315650247244
3062,right,54331,0.03991175237059645,-0.0043414385093730155,0.08554131710950384,supramarginal-rh,0.41039974168809124
3063,right,54416,0.0029346728562205204,-0.006779453909135723,0.0819464737790448,isthmuscingulate-rh,0.3592129642312072
3064,right,54418,0.04417156243603062,-0.005920143617164607,0.08144694849024993,supramarginal-rh,0.4810022505097845
3065,right,54465,0.00644737577624818,-0.009909881222633024,0.07722704942123468,isthmuscingulate-rh,0.3032121921412763
3066,right,54523,0.004326771495360451,-0.011601052683842431,0.07194795549132507,isthmuscingulate-rh,0.29199605998715294
3067,right,54528,0.05498229046479238,-0.010576381337333008,0.07211801924270866,supramarginal-rh,0.8083560726368194
3068,right,54578,0.059094367996138236,-0.013176795429759271,0.06497234449668984,supramarginal-rh,0.8093665960672844
3069,right,54608,0.05022494970995547,-0.013695199712674699,0.06430140470213577,bankssts-rh,0.4996415045550242
3070,right,54612,0.044436458199135026,-0.014008557068293601,0.06471197724576974,inferiorparietal-rh,0.4467196026532064
3071,right,54628,0.003555657113234922,-0.015925998724788972,0.06306523462106145,isthmuscingulate-rh,0.12690249826100974
3072,right,54659,0.0470243702261473,-0.01631420468902825,0.06068318078586857,inferiorparietal-rh,0.36154468076931356
3073,right,54805,0.011289355133067072,-0.02246548605621139,0.048765332104441034,lingual-rh,0.06716781003584323
3074,right,54965,0.040855418254069055,-0.02677656276690363,0.037949351104318636,inferiortemporal-rh,0.17965422061591566
3075,right,55012,0.03477657394328728,-0.028779948815937612,0.03492339537209825,fusiform-rh,0.23231457131559136
3076,right,55017,0.04235404810408784,-0.029399769373055055,0.03362806798128426,inferiortemporal-rh,0.15900868186768236
3077,right,55128,0.013315271549540935,0.009508906825378402,0.11228739250547778,precentral-rh,1.3544723662576315
3078,right,55183,0.0072559478209434855,0.006619041354462923,0.10738544409902578,paracentral-rh,0.6637022101787113
3079,right,55190,0.033394758838934134,0.007658074283242852,0.10757614534592726,precentral-rh,0.9972885309731768
3080,right,55202,0.02623991656990095,0.006524500473034158,0.10526675893407839,precentral-rh,1.0170307965279748
3081,right,55244,0.0290963658330694,0.005449925731414545,0.10239184943594667,precentral-rh,0.7761154690379344
3082,right,55246,0.006028137169017416,0.003981230506069686,0.1021706445140683,paracentral-rh,0.3772481042914006
3083,right,55342,0.02605151771073569,0.002170199481922896,0.0964231262247848,precentral-rh,0.3930111992114358
3084,right,55423,0.039970548860437535,0.0008971356036546066,0.09248512289540092,postcentral-rh,0.36660506022798783
3085,right,55450,0.013576404774880112,-0.0009864568945670907,0.09132843804388299,paracentral-rh,0.3104950230150598
3086,right,55468,0.05482174188098303,-0.0007317297467660921,0.09012912457775035,supramarginal-rh,0.2472139575273334
3087,right,55560,0.05553941326727881,-0.0036203561528840404,0.08426015541057692,supramarginal-rh,0.17903626376884169
3088,right,55601,0.007412165250293815,-0.005869606393183496,0.0819030260809695,isthmuscingulate-rh,0.31167085396108274
3089,right,55722,0.0006915342099692336,-0.012119001362488061,0.06869993687282305,unknown,0.29086811566299187
3090,right,55770,0.056737840626947186,-0.014004135669400057,0.06269665439388326,supramarginal-rh,0.7127107041598272
3091,right,55848,0.04393962466021707,-0.015863464184417368,0.05782177108433744,bankssts-rh,0.13729443895206142
3092,right,55849,0.009952758325656407,-0.016972941153537664,0.058231915976691105,isthmuscingulate-rh,0.054295812816001356
3093,right,55894,0.050184112608186934,-0.016833206692403783,0.055994789257421664,bankssts-rh,0.5037676531083689
3094,right,55927,0.007947252650221844,-0.01869585858128627,0.05476723794706396,isthmuscingulate-rh,0.039173977654338735
3095,right,56139,0.029460306635707725,-0.023588742392150888,0.042956351983436426,fusiform-rh,0.11118501234860953
3096,right,56233,0.026249817778208336,-0.02611181371778047,0.03813925054303926,fusiform-rh,0.15325903237074867
3097,right,56286,0.04997210587022036,-0.02894129115000572,0.03244494127894894,inferiortemporal-rh,0.32758169005022686
3098,right,56365,0.00640486853736945,0.010496812818225724,0.11247177252621891,paracentral-rh,1.3693633273301766
3099,right,56397,0.03051187378663157,0.009617409625373507,0.10933574917736631,precentral-rh,1.2128713521944186
3100,right,56677,0.05341736334129357,0.00260600004179071,0.09321030910814547,supramarginal-rh,0.4527683489982542
3101,right,56688,0.02811024691930074,0.0011116314428471436,0.09228998067162993,precentral-rh,0.2968856189394226
3102,right,56729,0.04585662853643052,0.0008789202325150281,0.09123850646560666,postcentral-rh,0.48191587173327577
3103,right,56836,0.0039092073864469,-0.002397681054430799,0.08652877321854484,precuneus-rh,0.360178068561025
3104,right,56864,0.010282402369638913,-0.0032182039481689715,0.08382597710577457,isthmuscingulate-rh,0.31296944760242396
3105,right,57028,0.055426993452489956,-0.008707594636124017,0.06965551374191516,supramarginal-rh,0.7391465885151995
3106,right,57033,0.05084580998757969,-0.009503401010284632,0.06943851039744381,supramarginal-rh,0.5692576340830424
3107,right,57037,0.0467836973227689,-0.009393403374670869,0.06954186022786654,supramarginal-rh,0.5284728413245251
3108,right,57167,0.004076850896516991,-0.01469291381309009,0.059731525630002336,isthmuscingulate-rh,0.09517569036204748
3109,right,57245,0.04517919968564934,-0.018279169571397694,0.05251550262269312,bankssts-rh,0.43554087832444904
3110,right,57259,0.05374070404818825,-0.01832742110915528,0.0514163665213031,bankssts-rh,0.652901842942942
3111,right,57326,0.013886847770428977,-0.020303695926378037,0.04896995300016625,lingual-rh,0.061346736987526275
3112,right,57342,0.029379508450183948,-0.019603229596321315,0.047506376243181284,lingual-rh,0.046167334745523675
3113,right,57381,0.05728761844145041,-0.020040117870856897,0.046539366647916684,bankssts-rh,0.9141204618240323
3114,right,57386,0.023570460437695017,-0.02097838551404053,0.04631644305610227,lingual-rh,0.05952663734184542
3115,right,57398,0.05365739082413743,-0.021574638321164137,0.045390142565433375,middletemporal-rh,0.9803930516912766
3116,right,57475,0.03829836641364793,-0.023756034185199747,0.04168378260889479,fusiform-rh,0.2125830092145987
3117,right,57632,0.006459097378254832,0.013789083405715677,0.11815721272057411,paracentral-rh,2.979361917063636
3118,right,57669,0.011485641085937819,0.013824705636263672,0.11542792946612629,precentral-rh,2.4137044840534876
3119,right,57735,0.02286953160677235,0.010775102662929277,0.11025908414971158,precentral-rh,1.5124616537000306
3120,right,57749,0.018674272398747912,0.010322339366587115,0.110116398122216,precentral-rh,1.5170228736862978
3121,right,57805,0.011180119530640083,0.007598193910428718,0.10502898739482251,paracentral-rh,0.6161744762742172
3122,right,57836,0.03390540824985878,0.008153596813294584,0.1020578569080791,precentral-rh,0.8193461609050219
3123,right,57867,0.04157679443736031,0.006457599648757506,0.10036156844338918,postcentral-rh,0.5373446056653701
3124,right,57883,0.009744249412412519,0.005528629373176449,0.09973201669580849,paracentral-rh,0.3527473225633899
3125,right,57907,0.047852427101249886,0.005602695290208216,0.09762169656830487,postcentral-rh,0.48445610906731795
3126,right,57936,0.029672819391817606,0.005707075754078821,0.0970198514290672,precentral-rh,0.501660925958193
3127,right,57947,0.04976929146376604,0.005270006623266141,0.09568883532278724,postcentral-rh,0.5016207956692075
3128,right,57987,0.009266469850766602,0.0028861816943346816,0.09503319321818016,paracentral-rh,0.32466304900725307
3129,right,58000,0.032078408774005925,0.003979742053714229,0.09404008662335768,precentral-rh,0.3701691885202298
3130,right,58132,0.034616924673407365,0.0017057627895615702,0.09008548495146172,precentral-rh,0.3266133235903654
3131,right,58181,0.04289788259473609,0.00040653109006986293,0.08809557296114176,supramarginal-rh,0.45487849409742775
3132,right,58224,0.0556748566217153,-0.00047614196897928073,0.08561038131927479,supramarginal-rh,0.14262317538632158
3133,right,58285,0.048398491687645276,-0.0020519231762842335,0.0811776230926638,supramarginal-rh,0.45860683824338594
3134,right,58300,0.053768507593968555,-0.0030629451108419043,0.07955013251714772,supramarginal-rh,0.2979166660867537
3135,right,58334,0.006487123902044723,-0.005205021202676439,0.07810026422896772,isthmuscingulate-rh,0.3333214027228942
3136,right,58377,0.05957860467075348,-0.00561265238437989,0.07326516251546084,supramarginal-rh,0.3843399056111986
3137,right,58393,0.0001867525443940718,-0.007215220731539391,0.07290685252793169,unknown,0.38022713509963196
3138,right,58400,0.05270553499311657,-0.0064234955148884595,0.07302132539236154,supramarginal-rh,0.5162235719788841
3139,right,58448,0.04126380083147088,-0.008160653340173124,0.06992465764437122,supramarginal-rh,0.4862667637825186
3140,right,58456,0.05956487157331205,-0.007754167609817219,0.06916597654839776,supramarginal-rh,0.7649818996177252
3141,right,58536,-0.00017977666571420174,-0.011659122508602873,0.06505483948144689,unknown,0.23146818157509505
3142,right,58630,0.011034401650914192,-0.015227767508575771,0.05719751344568974,isthmuscingulate-rh,0.03342497102040784
3143,right,58663,0.009546067574231615,-0.01676185909405151,0.0536979892824853,isthmuscingulate-rh,0.02885996042726925
3144,right,58669,0.014440417578839463,-0.017514919522533177,0.05260413210654589,isthmuscingulate-rh,0.025780426061701268
3145,right,58738,0.019708689357357922,-0.019845386100777577,0.046883352102535865,lingual-rh,0.06724240197875625
3146,right,58928,0.04352032865790164,-0.024630624683119575,0.03680131763306248,inferiortemporal-rh,0.23778893157292635
3147,right,59181,0.021085190531681397,0.009762773738029137,0.10539548167001533,precentral-rh,0.9886019643960251
3148,right,59243,0.04557642789062911,0.007979929128845155,0.10118684594143545,postcentral-rh,0.5547994866111161
3149,right,59342,0.04265146343553102,0.004424851672204094,0.09446162018233037,postcentral-rh,0.4238775630378512
3150,right,59417,0.003973918664237694,0.0021426542668005985,0.09187238905952275,posteriorcingulate-rh,0.3617262119472103
3151,right,59428,0.04971541739969754,0.00280777132856684,0.09130924029962942,supramarginal-rh,0.5184850318733002
3152,right,59463,0.007598146302981579,0.0017027608364546458,0.09026757983462498,posteriorcingulate-rh,0.35988167629965995
3153,right,59470,0.05122222018627575,0.0017468689304152149,0.08931050807606218,supramarginal-rh,0.48195354310440364
3154,right,59496,0.01122121543191554,0.0012546099470884722,0.08828692295294081,posteriorcingulate-rh,0.3526270056943092
3155,right,59540,0.059536709100855525,-0.0009302357194770332,0.08142026454184148,supramarginal-rh,0.043829757409399796
3156,right,59613,0.047622225275439266,-0.003981293114575485,0.07675421780810801,supramarginal-rh,0.4475136735211269
3157,right,59627,0.008283091475596006,-0.005648533265093732,0.0755182201034248,isthmuscingulate-rh,0.31188761575163054
3158,right,59644,0.004608101293447088,-0.0058436177995334244,0.07394098993326892,isthmuscingulate-rh,0.34049911063928345
3159,right,59691,0.036574605629677376,-0.006179841849634472,0.0709649488467859,supramarginal-rh,0.4466655307133462
3160,right,59774,0.03912728462560072,-0.009607056252545789,0.06580335923355937,supramarginal-rh,0.44661619282709164
3161,right,59809,0.05057884787192458,-0.009644257313912491,0.06419457565668105,supramarginal-rh,0.5925549599804505
3162,right,59814,0.045615465271372835,-0.009246428928199959,0.06439908973709282,supramarginal-rh,0.4660096476729832
3163,right,59824,0.05661333982734407,-0.009567598337086551,0.0636414092096303,supramarginal-rh,0.7356581435601653
3164,right,59872,0.04571607370894866,-0.011375465505522358,0.060058092264485496,bankssts-rh,0.32102548837920414
3165,right,59883,0.05863555806701747,-0.011883453570734562,0.0591024121760477,bankssts-rh,0.6419252894343237
3166,right,59904,0.007580621093738851,-0.014013634209815395,0.05766103499713717,isthmuscingulate-rh,0.051930283002341995
3167,right,59932,0.04160429646122362,-0.014026531399841252,0.05577569550308382,bankssts-rh,0.1217604579259234
3168,right,59983,0.019225275237808984,-0.017294987657865902,0.04958856847158444,isthmuscingulate-rh,0.046147954475573585
3169,right,59999,0.048410896662782615,-0.01800248352572312,0.04762048789014363,bankssts-rh,0.58086451662102
3170,right,60099,0.018905122590238813,-0.020721924905081703,0.042735170410256526,lingual-rh,0.10743343602228947
3171,right,60125,0.05888749546898228,-0.02043819725115292,0.040797495499831915,middletemporal-rh,1.1863740750180962
3172,right,60161,0.05636583086889508,-0.021568754706849217,0.039462882612940314,middletemporal-rh,1.1491806137515295
3173,right,60180,0.0322039335989682,-0.022783825628645164,0.03814557287453791,fusiform-rh,0.22984744633733722
3174,right,60191,0.035525995939724414,-0.023506496815471338,0.03758777383093007,fusiform-rh,0.22279679399084076
3175,right,60376,0.01528224245145044,0.014455237316716066,0.11237877129428053,precentral-rh,2.1271065037002357
3176,right,60420,0.009294750680842127,0.011750444785806759,0.10854681272822997,paracentral-rh,1.0525064753825881
3177,right,60501,0.01390779830232607,0.009299107318211878,0.10153655130245721,paracentral-rh,0.4441045290984818
3178,right,60565,0.013375394516641062,0.006577800465784835,0.09744846558491266,paracentral-rh,0.42056831421050855
3179,right,60573,0.035015378742143485,0.008000231108961586,0.09775953546226077,precentral-rh,0.5724453693313738
3180,right,60620,0.039423838963043474,0.004831976253514946,0.09246899852972212,postcentral-rh,0.39439151316247856
3181,right,60713,0.057013326538172336,0.0028144765943474157,0.0884369756265461,supramarginal-rh,0.13429099994246196
3182,right,60725,0.006733729013383424,0.002022316533263979,0.0874139021846005,posteriorcingulate-rh,0.37800069897474053
3183,right,60749,0.005610796931178481,-0.00026710944090019284,0.08380642752795506,isthmuscingulate-rh,0.3666470642138846
3184,right,60822,0.0028026876772188724,-0.0033360864825678124,0.07719166414726435,isthmuscingulate-rh,0.39375802341551785
3185,right,60859,0.057401068574045346,-0.0037927419434673187,0.07393456201955108,supramarginal-rh,0.4748502397274914
3186,right,60898,0.05606706123407653,-0.005132570860174022,0.07154684051661889,supramarginal-rh,0.6111471271869505
3187,right,60915,0.052314170904158803,-0.00535319813039014,0.07042345010941457,supramarginal-rh,0.510045074697363
3188,right,60919,0.048627993651414944,-0.0058546497913426615,0.06974417352218933,supramarginal-rh,0.48221853139699256
3189,right,60949,0.03339649585818973,-0.007120886060664388,0.06770077892474378,supramarginal-rh,0.42939161939778897
3190,right,60990,0.060626052946689026,-0.008012443124635319,0.06360336864140295,supramarginal-rh,0.8461391329581981
3191,right,61056,0.051831828389597136,-0.011095800467741473,0.05922755571889016,bankssts-rh,0.4930494991294906
3192,right,61127,0.009594998235560821,-0.012664241526782718,0.05669318254690364,isthmuscingulate-rh,0.03084888763165684
3193,right,61135,0.017983506504844614,-0.013732508984432668,0.05473001985735179,isthmuscingulate-rh,0.006047261184950504
3194,right,61197,0.04042181905123113,-0.015342437110487318,0.05008592648282077,bankssts-rh,0.1727263058249884
3195,right,61301,0.0147716050095153,-0.018633324423549254,0.044634738307451155,lingual-rh,0.1034531983573554
3196,right,61350,0.04978118901554041,-0.020689193723139813,0.0406920511720477,middletemporal-rh,0.7221593831709406
3197,right,61443,0.05118237597597731,-0.022834927894750986,0.03470350960282778,inferiortemporal-rh,0.6693136497126415
3198,right,61589,0.020868274422645303,0.015571359325492536,0.11468680030494532,superiorfrontal-rh,2.2734805073024122
3199,right,61599,0.0056621190873357465,0.015837462880051837,0.11411032647196324,paracentral-rh,1.9017728630597561
3200,right,61655,0.036522790611382965,0.013317476747140823,0.10666978292578146,precentral-rh,1.2976190056625596
3201,right,61728,0.00842366004081747,0.012063227622429116,0.10413471550391122,paracentral-rh,0.8769874371098236
3202,right,61882,0.01198931450613191,0.0046189598572275534,0.09116006202081171,paracentral-rh,0.39919957476336154
3203,right,61913,0.04568470085738537,0.004988322139224967,0.08911824186940508,postcentral-rh,0.5090258771532374
3204,right,61931,0.05540044336740693,0.005343643566854741,0.0890117694359961,supramarginal-rh,0.3346434679567641
3205,right,62021,0.0044781836585548514,-0.001199689049525476,0.08028101417528066,isthmuscingulate-rh,0.3841074756990551
3206,right,62165,0.04419791357162477,-0.004983430710052935,0.06868359386393158,supramarginal-rh,0.44289062882237795
3207,right,62170,-0.0008842090403294375,-0.006742179296406593,0.06837298183529736,unknown,0.3289996596445704
3208,right,62262,-0.00031756145743569073,-0.010164660096544728,0.061328316014754754,unknown,0.16714734982366963
3209,right,62348,0.012023075349461837,-0.012534858119253065,0.05620941411509994,isthmuscingulate-rh,0.017488576581984515
3210,right,62385,0.011041518735014983,-0.013663525207151979,0.05405546172510546,isthmuscingulate-rh,0.020819413779942425
3211,right,62404,0.01440554148902742,-0.014085489974234585,0.0536755264137566,isthmuscingulate-rh,0.015864135668434115
3212,right,62533,0.06178762234348532,-0.016803641235837705,0.04440805113877795,middletemporal-rh,0.7646905654307005
3213,right,62549,0.03360555690680991,-0.01858097978868247,0.04313276852010179,fusiform-rh,0.17790077987168648
3214,right,62614,0.025047459388597114,-0.020082092408933175,0.03820197027392593,fusiform-rh,0.17875761623063416
3215,right,62638,0.045492779894089556,-0.020222304001879948,0.03702505880436899,inferiortemporal-rh,0.35812594659444924
3216,right,62711,0.03769258942877213,-0.02361808909942673,0.03132305087995973,fusiform-rh,0.31102439835060885
3217,right,62730,0.047333552767001574,-0.024560458100686917,0.02949547424229769,inferiortemporal-rh,0.3411235336685159
3218,right,62785,0.012528251230471524,0.017350650869036893,0.1151445260008252,paracentral-rh,2.5966277276754144
3219,right,62818,0.02252384787012413,0.016480996771017498,0.11163433371810826,superiorfrontal-rh,2.094030296476287
3220,right,62937,0.04393481366641393,0.012175009828464568,0.10242681977513783,postcentral-rh,0.8500461161799895
3221,right,62942,0.027155097290420135,0.011420269340434382,0.10217090885191331,precentral-rh,0.9887709369362105
3222,right,62997,0.02225181406454132,0.009846383049476083,0.09932903798650536,precentral-rh,0.5933969858498904
3223,right,63068,0.04963298614222737,0.007672573022756736,0.09240656868995387,postcentral-rh,0.5162007324505461
3224,right,63164,0.05092993191621076,0.0041967666855997066,0.08700310328134957,supramarginal-rh,0.47269414444961955
3225,right,63223,0.005452009561755277,0.0022384905099882622,0.08324618393032245,posteriorcingulate-rh,0.39684781474466746
3226,right,63232,0.05329048834258273,0.0029389048509683847,0.082937769245653,supramarginal-rh,0.2929169221326121
3227,right,63278,0.049104442447043796,0.0017097338969706147,0.08037962024714035,supramarginal-rh,0.44808759975113055
3228,right,63324,0.050809253464996915,-0.0014685440732036719,0.07483283435606526,supramarginal-rh,0.3940248065651332
3229,right,63432,0.05116347518188374,-0.004563239411041149,0.06588639843104203,supramarginal-rh,0.47535997896325966
3230,right,63484,0.06017360145032153,-0.005804523410709528,0.06408142785627735,supramarginal-rh,0.8458435571212015
3231,right,63540,0.044339438022522465,-0.007934247132094582,0.060222074501013294,superiortemporal-rh,0.3701502680884581
3232,right,63548,0.06253445481638552,-0.007836489830840163,0.05862218051270128,supramarginal-rh,0.7650964319618007
3233,right,63600,0.0483910000781931,-0.010483916337900452,0.05522255788586163,bankssts-rh,0.37579022002991835
3234,right,63625,0.0544093482559775,-0.009997761411181116,0.054594667063865884,bankssts-rh,0.5073775927793223
3235,right,63641,0.060433749435319734,-0.010538457213348892,0.053633409012861864,bankssts-rh,0.5315393526036816
3236,right,63713,0.013221390214071848,-0.01410805055538223,0.050087397919086854,isthmuscingulate-rh,0.05219872948135795
3237,right,63755,0.010821305890859658,-0.015838848885239353,0.04725231301061962,lingual-rh,0.0846001045998167
3238,right,63780,0.05188558068646365,-0.015990119105179473,0.0447036128562702,bankssts-rh,0.7605471150983222
3239,right,63998,0.04650804394102509,-0.02236507076350507,0.03220655708284462,inferiortemporal-rh,0.36688111062438394
3240,right,64116,0.012340818652823857,0.015818828229820666,0.10939263612247212,paracentral-rh,1.3930272597352733
3241,right,64177,0.004682849694207668,0.013250127857771922,0.10468677032135823,paracentral-rh,1.1437102390590852
3242,right,64462,0.04160510675991526,0.005983573895052491,0.08972693932017899,postcentral-rh,0.44289834590515853
3243,right,64561,0.05785051121214246,0.004702427044077766,0.08464495987611309,supramarginal-rh,0.10436243314714967
3244,right,64566,0.04673014362750097,0.0036199348917308758,0.08441759362804767,supramarginal-rh,0.5473948918363148
3245,right,64647,0.05716702333217276,0.0018624795771683199,0.07877737043067673,supramarginal-rh,0.12186996871222931
3246,right,64659,0.0060427164450461285,0.0006846648192169423,0.07824406080306037,isthmuscingulate-rh,0.38312336479348424
3247,right,64685,0.009232348197529727,0.00019586950002561162,0.07737540641479823,isthmuscingulate-rh,0.3531645945778039
3248,right,64698,0.004912913651745699,-0.00026434369340275297,0.07528373201718669,isthmuscingulate-rh,0.37661436619313493
3249,right,64785,0.03881810359215228,-0.0033975685704185563,0.06839467537966025,supramarginal-rh,0.4059261132666242
3250,right,64867,-0.0004971864625994278,-0.006545631996182397,0.06402734927424027,unknown,0.24617499293508294
3251,right,64933,0.05046220712507645,-0.00750130682976387,0.05883324259379604,superiortemporal-rh,0.48294893521690546
3252,right,64951,-0.0003082139039466773,-0.009731635362535563,0.0568075773901014,unknown,0.11634519538553631
3253,right,64987,0.013089102640314394,-0.011324716787195599,0.05561278007355101,isthmuscingulate-rh,0.010705834963630655
3254,right,65048,0.043639540787746164,-0.011826028576680574,0.052671411051433796,bankssts-rh,0.17689713894925363
3255,right,65108,0.05085279353713327,-0.01169106669979442,0.049886638920842045,bankssts-rh,0.49919628424446244
3256,right,65130,0.016262122918828427,-0.014287979248457955,0.04754038236941005,isthmuscingulate-rh,0.07820264156737594
3257,right,65153,0.0434126969885816,-0.014183781888194451,0.04552682648324297,bankssts-rh,0.2694225162057055
3258,right,65196,0.0156978520800782,-0.0156591948560053,0.044469002690802104,lingual-rh,0.1104667015987992
3259,right,65273,0.04173606302123338,-0.017224029647046644,0.039365999669224286,fusiform-rh,0.29574845281544726
3260,right,65388,0.035101557274370455,-0.021129416731038256,0.03218068246954873,fusiform-rh,0.35175493129272767
3261,right,65446,0.052199091867297875,-0.022787693975025173,0.028249519995306404,inferiortemporal-rh,0.48187996109526937
3262,right,65466,0.016103958263517477,0.019956029384602142,0.11570838466887683,superiorfrontal-rh,2.7886829094759857
3263,right,65539,0.006007865067863074,0.01570780704548046,0.10858209510423948,paracentral-rh,1.3791892782939652
3264,right,65560,0.020420089236331925,0.01537625788360031,0.10594308123656278,precentral-rh,1.490400859088988
3265,right,65592,0.030787894047480228,0.014392140673626746,0.10335909452653586,precentral-rh,1.1988663387866507
3266,right,65640,0.0028401487672151003,0.012978022672663616,0.10073301170950516,paracentral-rh,1.1598868486426814
3267,right,65656,0.008960387607411184,0.0127005932011678,0.09996699297384283,paracentral-rh,0.6630139284598231
3268,right,65689,0.014532140058942652,0.011461901707521474,0.09766952109067802,paracentral-rh,0.6065055155771656
3269,right,65698,0.04474326828331749,0.01119811963848236,0.09694177645510277,postcentral-rh,0.5903257855488758
3270,right,65740,0.040140094395162425,0.00974374009089951,0.0946993982616106,postcentral-rh,0.5073526678891731
3271,right,65773,0.004311261771294412,0.009699305792704085,0.09497842780903362,posteriorcingulate-rh,0.6181839166469515
3272,right,65790,0.032023878957498836,0.009225565087087481,0.09437386814039932,precentral-rh,0.49770250941187766
3273,right,65792,0.0134742583874146,0.009017729236768399,0.09362908730074096,paracentral-rh,0.4928127270932159
3274,right,65866,0.04645102639828621,0.008306311608133166,0.09085690308429681,postcentral-rh,0.5142364126409548
3275,right,65904,0.006063157748433946,0.0072163737228126915,0.08980274530031633,posteriorcingulate-rh,0.45813704038686187
3276,right,65947,0.030557406771926945,0.00686231214129427,0.08838218193307784,precentral-rh,0.39151977558919104
3277,right,65962,0.03644593659795384,0.005643364410444311,0.08729185603124877,postcentral-rh,0.3909101949392869
3278,right,66020,0.05712661358095263,0.006147405367348886,0.08408044310826669,supramarginal-rh,0.1773622576656091
3279,right,66064,0.0038674917364731995,0.0022591238995439025,0.07963856470642391,isthmuscingulate-rh,0.42120727842925193
3280,right,66131,0.05142806390888048,0.001577062047926139,0.07535863949325658,supramarginal-rh,0.34976114517455364
3281,right,66155,0.0006321036123400757,-0.00030045712958873955,0.07419458160554876,unknown,0.4099220120937014
3282,right,66158,0.055264858751527646,0.0007168964470701108,0.07363709336885126,supramarginal-rh,0.3882987318824798
3283,right,66190,0.033485771852566994,-0.0010621106293421112,0.07257311388831113,supramarginal-rh,0.36969958704745
3284,right,66194,-0.0014184179401299905,-0.0016286908833087225,0.07179472046134744,unknown,0.39739289253880733
3285,right,66247,0.029051123918656007,-0.0023998087008558497,0.06878701561317324,insula-rh,0.36659431866145215
3286,right,66254,0.04826717302920179,-0.002382993054630223,0.068113105584917,supramarginal-rh,0.4117999706328626
3287,right,66330,0.04586902127785611,-0.004277819126579789,0.06441193143353756,supramarginal-rh,0.4165368225105554
3288,right,66365,0.03917767144704713,-0.005991934593276498,0.06073922007949205,superiortemporal-rh,0.369768798134721
3289,right,66397,0.056826748979865595,-0.0068903019212763796,0.058343791764170164,superiortemporal-rh,0.630553917202893
3290,right,66449,0.01018408869698088,-0.01030393436362362,0.05541520280455125,isthmuscingulate-rh,0.021080943993150015
3291,right,66465,0.019937221074909875,-0.009224350857023923,0.05457037877668425,unknown,0.00011141965638490171
3292,right,66638,0.027970000975146795,-0.014394655200151821,0.04455330218332838,parahippocampal-rh,0.1181710286157775
3293,right,66643,0.022870968301763092,-0.014574984468381298,0.04406315686036699,parahippocampal-rh,0.11722273968442182
3294,right,66687,0.05495963822373514,-0.014819207635214313,0.04172795730692326,bankssts-rh,0.9105938949250939
3295,right,66803,0.027825760951489142,-0.018748188913387462,0.035011164426290695,fusiform-rh,0.2874002077097127
3296,right,67050,0.03714994939781555,0.014344215669559734,0.10264026230621588,precentral-rh,1.1802809901115074
3297,right,67159,0.04937277035042088,0.012451951709494917,0.0955177663937832,postcentral-rh,0.5775920436366625
3298,right,67169,0.02516286963733776,0.01184261093028422,0.095510155066914,precentral-rh,0.5878777071551794
3299,right,67207,0.009411092735916933,0.010112400324428627,0.09397159374223106,posteriorcingulate-rh,0.51688629914861
3300,right,67277,0.0032168647714671066,0.00741153366138907,0.08967376347494112,posteriorcingulate-rh,0.49340445902640934
3301,right,67309,0.010207113292510922,0.007746233713296216,0.08868016822225397,posteriorcingulate-rh,0.44073623688394753
3302,right,67478,0.04558834480593727,0.0028379604638360937,0.07756000024226158,supramarginal-rh,0.4712524611974292
3303,right,67531,0.04730662738620733,0.002030618908589426,0.0734111927405109,supramarginal-rh,0.3489798099201176
3304,right,67627,0.05478354610122892,-0.0015791151952217648,0.06756257043098449,supramarginal-rh,0.5161922111702812
3305,right,67645,0.04076578241641112,-0.002180408159875361,0.06593212117380318,supramarginal-rh,0.3865021210010189
3306,right,67686,0.034230724764097525,-0.0035770885269347085,0.06342495002720354,transversetemporal-rh,0.3783747693210312
3307,right,67750,0.0624923385186977,-0.005465403780841333,0.058379723708688325,supramarginal-rh,0.8076275281055043
3308,right,67842,0.0045506015210592474,-0.009429386667921097,0.05603088146941455,isthmuscingulate-rh,0.06404743741582324
3309,right,67907,0.06236445099881941,-0.008428693023368067,0.05171123444537807,superiortemporal-rh,0.5835389961886784
3310,right,67914,0.0394895912579335,-0.009089646374546168,0.051794777817925755,bankssts-rh,0.07176423142412143
3311,right,67918,0.018655813751436327,-0.013090898140153028,0.051312329347408925,isthmuscingulate-rh,0.032778918690359
3312,right,67921,0.015263623904489992,-0.012288414875562956,0.0518892376976177,isthmuscingulate-rh,0.02986041755785529
3313,right,67970,0.057496440256453896,-0.010049623935971592,0.048888564287865546,bankssts-rh,0.5505652464559226
3314,right,68088,0.018333650181403736,-0.014268943794073664,0.04181450639805474,parahippocampal-rh,0.14635236559283465
3315,right,68142,0.030930546494215904,-0.016127976930943262,0.037852997323160914,fusiform-rh,0.2727533679264705
3316,right,68175,0.05505831108733528,-0.01633519129778531,0.03655326983578383,middletemporal-rh,1.0036654304789143
3317,right,68211,0.04128292513032847,-0.017427599441819888,0.034589930039609876,fusiform-rh,0.36915435890308435
3318,right,68310,0.020354147250104652,0.020783702064746397,0.11277611690716975,superiorfrontal-rh,2.618971461648585
3319,right,68401,0.010680581828083907,0.016642765040870283,0.10351607532679379,paracentral-rh,1.432575472762827
3320,right,68497,0.03349763363850679,0.01406693608332192,0.09758489482210815,precentral-rh,0.8419485535926375
3321,right,68594,0.05017085881988474,0.010849506621871525,0.09072800208192282,postcentral-rh,0.5605012047539554
3322,right,68663,0.003380341851215375,0.007232899388496424,0.08568284724070699,posteriorcingulate-rh,0.4816123793274468
3323,right,68696,0.03690398695590418,0.006842967948228772,0.08267969536721802,precentral-rh,0.41075943288864036
3324,right,68726,0.0588189256605785,0.005599180158148884,0.07943725504324681,supramarginal-rh,0.044687517090436876
3325,right,68753,0.054517540308242525,0.004280241760702858,0.0770164540409223,supramarginal-rh,0.26697486302759493
3326,right,68845,0.037694635393440604,0.0013040779693668427,0.07154375539446388,supramarginal-rh,0.3499223648598744
3327,right,68889,0.05905160230115478,0.0006844922433014841,0.0692358388685965,supramarginal-rh,0.47233756102481095
3328,right,68894,0.0501460929435204,0.0007322399719919548,0.06915785133311494,supramarginal-rh,0.3815554329365685
3329,right,68898,0.04267688520195305,0.0001375769714362469,0.06888478273591075,supramarginal-rh,0.36339107207015947
3330,right,68939,0.05405118228615429,-0.0008415305466966984,0.06546874492099493,supramarginal-rh,0.510222930852157
3331,right,68981,0.028438082390136888,-0.0029138791109472838,0.063361196343616,insula-rh,0.35134142127181567
3332,right,69059,0.006699812271378124,-0.006581696169015392,0.05584754221770676,unknown,0.049438246650899645
3333,right,69106,0.01077321579429538,-0.008066444222324002,0.05360341159970704,unknown,0.021307506594447075
3334,right,69126,0.014766160601020225,-0.008595658185871739,0.05281579939587812,unknown,0.018515604655705457
3335,right,69136,0.05682137379870108,-0.00658631794956669,0.052557021819942866,superiortemporal-rh,0.5816832995611916
3336,right,69139,0.04690017776130084,-0.007848268892490975,0.05216727284582367,bankssts-rh,0.24354709367158903
3337,right,69204,0.01876953409825423,-0.009591404501996907,0.04900116081281516,unknown,0.0657213091237534
3338,right,69269,0.030216679808624317,-0.010259044723000314,0.046171239513283,unknown,0.12038774876323323
3339,right,69305,0.032674770494548595,-0.012565104074276686,0.043630563783746884,parahippocampal-rh,0.17980155675631213
3340,right,69326,0.014329008871289023,-0.012798391653421705,0.04234055203146106,lingual-rh,0.14180574612070723
3341,right,69450,0.05548178841794697,-0.01686338063544146,0.033459273313281336,middletemporal-rh,0.9733956829962472
3342,right,69534,0.01714041318861226,0.01990246436308306,0.1092546613281436,superiorfrontal-rh,2.2192132881570945
3343,right,69561,0.034329522034786335,0.01826607627930769,0.1054162572253329,precentral-rh,1.5761596948465
3344,right,69626,0.021013492654541766,0.016210632167187287,0.100677184074426,precentral-rh,1.009003377259999
3345,right,69651,0.02805149113157966,0.01564935891190023,0.09775452217165548,precentral-rh,0.8820179092797721
3346,right,69798,0.05094807375282562,0.0105082240089108,0.08724396846554364,postcentral-rh,0.5776708419117058
3347,right,69817,0.03821275573578736,0.011851226528244163,0.08604469530768467,precentral-rh,0.49878698300302127
3348,right,69847,0.046392281618334835,0.00903774034987602,0.08472577351130552,postcentral-rh,0.55834455158801
3349,right,69860,0.041948757124198356,0.008935911621408416,0.08402779703515399,postcentral-rh,0.5107856925383367
3350,right,69884,0.004643368864125771,0.00644134057636077,0.08182979616990366,posteriorcingulate-rh,0.4507670075101293
3351,right,69897,0.044508077473319335,0.007079854616263545,0.08059504173196133,supramarginal-rh,0.533024628657122
3352,right,69952,0.06010953272741256,0.004937231463004994,0.07576542455679688,supramarginal-rh,0.14903175058343682
3353,right,70016,0.05917237897624559,0.0029838524758297774,0.0711255643311028,supramarginal-rh,0.3797831989478742
3354,right,70127,-0.0011437760316647047,-0.0009743044242413769,0.06736377086171699,unknown,0.3370307482577919
3355,right,70154,0.0033053236407105916,-0.0021003384142523696,0.06605118977745061,unknown,0.27331740511807584
3356,right,70222,0.0002554204294743902,-0.0042488908608763025,0.06061937088577407,unknown,0.18389462553347802
3357,right,70251,0.003987637130087993,-0.004324582806071361,0.06034291797482881,unknown,0.1326200462398548
3358,right,70362,0.05410184145042642,-0.007472860271323864,0.049420931567304,bankssts-rh,0.5713294999378898
3359,right,70368,0.026805931510881936,-0.006460928953345893,0.04935123769535017,unknown,0.07788386184650754
3360,right,70384,0.014675186770149997,-0.010119355753688032,0.047914878018935875,isthmuscingulate-rh,0.07849211478261539
3361,right,70487,0.04703459053117108,-0.011615989131918046,0.041838467466903284,bankssts-rh,0.37752224225524444
3362,right,70536,0.05909883870065589,-0.013176848169483616,0.038436289521723344,middletemporal-rh,0.934142425418246
3363,right,70630,0.03306612709092152,-0.01614899723171201,0.03361162111104745,fusiform-rh,0.3826628342427412
3364,right,70644,0.05138731203789935,-0.015660326702473904,0.03274637336455339,inferiortemporal-rh,0.6778534617134202
3365,right,70690,0.04005155457531846,-0.01719297600936815,0.02961674210992457,fusiform-rh,0.47173170053698865
3366,right,70743,0.02410151968436765,0.020878229191075664,0.10871707728927615,superiorfrontal-rh,2.3071797605703623
3367,right,70805,0.02640605309456115,0.020253073391319612,0.10498353080762761,superiorfrontal-rh,1.8699063343139346
3368,right,70892,0.005607559567425983,0.016305713469358628,0.09908445249447786,paracentral-rh,1.2865988236156354
3369,right,70912,0.009936995303876896,0.01532306025658703,0.09636714507331945,paracentral-rh,0.7141393519445598
3370,right,70975,0.03275542330517754,0.01395889752577464,0.09210321327618066,precentral-rh,0.613469531152843
3371,right,70976,0.012728108133641723,0.013323336015118079,0.09287673375380155,posteriorcingulate-rh,0.5623800435373826
3372,right,71116,0.03264277107237334,0.011323438667327414,0.08607719491911048,precentral-rh,0.4748926575158845
3373,right,71199,0.00894254884781611,0.006444622554765529,0.07928766680099136,posteriorcingulate-rh,0.40554004044050374
3374,right,71265,0.0032389728689166705,0.0043504392902565525,0.07429093169799816,posteriorcingulate-rh,0.4024352859253288
3375,right,71275,-0.0003658385090038171,0.003955002286389547,0.07318772391415845,unknown,0.4166611811711921
3376,right,71307,0.05729754920029824,0.004453685976778365,0.0710127816060051,supramarginal-rh,0.4229834963130685
3377,right,71353,0.0537459354466932,0.002796507188596998,0.06929411255938257,supramarginal-rh,0.427898246629429
3378,right,71462,0.0060917319328825815,-0.0025639741187377533,0.06362224307879669,unknown,0.19935888666505172
3379,right,71502,0.0464032871753944,-0.0023836871129253165,0.057497774911681496,superiortemporal-rh,0.37951874214973946
3380,right,71543,0.051527959620961385,-0.004353826971638419,0.05461428719873874,superiortemporal-rh,0.4085989841674426
3381,right,71682,0.04188942514580571,-0.008098892193924017,0.0472658270059942,bankssts-rh,0.21358641158624736
3382,right,71723,0.015634466999925604,-0.010407429132147853,0.04427346861451567,parahippocampal-rh,0.1250894536367393
3383,right,71821,0.03513692235706323,-0.012278080710047268,0.038772435661744195,fusiform-rh,0.31592524860405774
3384,right,72079,0.013760460777086734,0.02019256692947076,0.10539406560750782,superiorfrontal-rh,1.8045735506453904
3385,right,72208,0.020854474430006886,0.016632407324258768,0.09644847788169866,precentral-rh,0.7390764282238232
3386,right,72216,0.037785646001680405,0.01681091403224319,0.09547260955176676,precentral-rh,0.8507570818631167
3387,right,72228,0.04359702957541615,0.017532006690304094,0.0937565989873399,precentral-rh,0.8295694030994101
3388,right,72293,0.03754992697137084,0.015291019251973183,0.09067012334024187,precentral-rh,0.6224371899228383
3389,right,72322,0.043688725583616084,0.015282384504282707,0.08968673014899345,precentral-rh,0.6394291562305628
3390,right,72328,0.010489415904625599,0.013332284310253777,0.08929306110102543,posteriorcingulate-rh,0.5143189911715725
3391,right,72336,0.002483787820396132,0.01234325801793897,0.08947245825820503,posteriorcingulate-rh,0.5962516718233851
3392,right,72474,0.04945001167868798,0.008306504335236976,0.07917276557596144,postcentral-rh,0.4677437092075976
3393,right,72488,0.004295387608958704,0.00656315161153959,0.07826444035148887,posteriorcingulate-rh,0.43502462686840204
3394,right,72510,0.00749049060026029,0.005982752443761043,0.07532014891142506,posteriorcingulate-rh,0.38857500109373827
3395,right,72518,0.04725175258995261,0.006494502185039888,0.0753010130596276,supramarginal-rh,0.4741652389267612
3396,right,72557,0.045247224399394895,0.0055412435775527525,0.07257282273313737,supramarginal-rh,0.3196406385457923
3397,right,72582,0.04366644330930889,0.003765510614050921,0.07035293494906412,supramarginal-rh,0.32202463551419486
3398,right,72586,0.03315414116348786,0.004451588935718511,0.07112221474169075,supramarginal-rh,0.3284378590089608
3399,right,72622,0.0403898234167578,0.0026849273174172337,0.0676915980116104,supramarginal-rh,0.3333599285202411
3400,right,72623,0.0279862199513203,0.003292591311306893,0.06812500011846667,insula-rh,0.3257191666851673
3401,right,72660,0.05792040436009036,0.0019827731350463887,0.06501266890174555,supramarginal-rh,0.5957834172018999
3402,right,72725,0.030992671309244272,-0.000946272358908774,0.05965261650775936,insula-rh,0.33151288674353097
3403,right,72728,0.006171548585740434,-0.002296413452572591,0.05954321501794617,unknown,0.11022191001978608
3404,right,72748,0.04019449764980652,-0.0020363235558177673,0.05755731030903643,superiortemporal-rh,0.3504504256921733
3405,right,72850,0.015280291471894693,-0.006945123217082568,0.04972867685490028,unknown,0.055811976731817134
3406,right,72908,0.06081192413314532,-0.007086478246272027,0.046592101032622735,superiortemporal-rh,0.5876265419905695
3407,right,73088,0.025649827085313562,-0.013326630510662605,0.03563598370207226,fusiform-rh,0.2988301746653338
3408,right,73091,0.06048685641232312,-0.011703404630168106,0.03521869971955653,middletemporal-rh,0.8973884952866619
3409,right,73180,0.04946736524304662,-0.01455009752156966,0.031249469880303103,inferiortemporal-rh,0.5859487255778075
3410,right,73208,0.056087948417114133,-0.015467524048560381,0.028739478534323706,inferiortemporal-rh,0.7404765836720101
3411,right,73279,0.00834022194675467,0.021653717715419712,0.10732647909715061,superiorfrontal-rh,1.219596222373849
3412,right,73311,0.01790758766068059,0.022218677580250597,0.10599510395327034,superiorfrontal-rh,1.9362702944286938
3413,right,73380,0.006181882516741885,0.019712189092638513,0.10170119349488102,superiorfrontal-rh,1.423776848395
3414,right,73403,0.04319307121953217,0.020762843780259287,0.09824681210089728,precentral-rh,1.2153690643463297
3415,right,73409,0.03830462301408463,0.019853318660659557,0.10048595113947426,precentral-rh,1.3261862387392755
3416,right,73410,0.032144861082391375,0.019429452304602298,0.09982476568627151,precentral-rh,1.272230061351243
3417,right,73623,0.04563634394384821,0.011806639252356328,0.08545632250265234,postcentral-rh,0.5847397451125876
3418,right,73778,0.05953084553597031,0.007324182554468829,0.07291083961168338,supramarginal-rh,0.3056934023277979
3419,right,73902,0.04308765659303244,0.0022243093003912586,0.06366644204482225,supramarginal-rh,0.3399900743904335
3420,right,74006,0.006436354468492283,-0.0031413967503412608,0.054368820137802795,unknown,0.05548392807704096
3421,right,74025,0.06049319422509599,-0.002338375677155834,0.05300786121278762,superiortemporal-rh,0.7015556829951493
3422,right,74051,0.04229566229631516,-0.003782693786381755,0.05230442099915005,superiortemporal-rh,0.18667796088378324
3423,right,74086,0.04956860431700885,-0.0039839462644922045,0.0509593690379978,superiortemporal-rh,0.3106473322663809
3424,right,74090,0.010358662710824881,-0.004895243160436168,0.050547150214457964,unknown,0.046409812484160665
3425,right,74164,0.04634931039389218,-0.0064491947392863545,0.04487884387612167,middletemporal-rh,0.3017799784089108
3426,right,74169,0.03297602772186827,-0.006677894272133016,0.04522647139224374,unknown,0.1821539960043749
3427,right,74187,0.022864560002548058,-0.007525573327509562,0.043697271814918,unknown,0.1587664056518298
3428,right,74238,0.019726909649572584,-0.00947975115866,0.04154172157438549,parahippocampal-rh,0.1751874810238048
3429,right,74277,0.05212061571379925,-0.009233128497639893,0.039567463849463164,middletemporal-rh,0.6653573975878954
3430,right,74370,0.04838977044314971,-0.011546691268937214,0.03388086277284166,inferiortemporal-rh,0.579438739336675
3431,right,74466,0.03676542125643255,-0.015546212810790435,0.027590654792891002,fusiform-rh,0.5384835665271844
3432,right,74808,0.007544543656162483,0.01396369664070486,0.08749181612471874,posteriorcingulate-rh,0.5186464431156015
3433,right,74836,0.05320595323715243,0.014500564370333592,0.08511632779034305,postcentral-rh,0.6243469291530359
3434,right,74846,0.004095997619900215,0.012865457187842324,0.08498442112276976,posteriorcingulate-rh,0.5202501589337934
3435,right,74891,0.04938580282921033,0.012349555015167782,0.08112376918078126,postcentral-rh,0.5243449609850477
3436,right,75025,0.036359573273565475,0.005768727458191605,0.07031970823731551,supramarginal-rh,0.31513084389343166
3437,right,75055,-0.000138205824988894,0.0048489485655621774,0.06994177375340281,unknown,0.37905781630551866
3438,right,75094,0.0021071406771533377,0.0038991586884148466,0.066620647030051,unknown,0.32052859836341796
3439,right,75112,0.04707594732988105,0.0037703722561090074,0.0656561045505093,supramarginal-rh,0.34160633779762817
3440,right,75157,0.036276671520131414,0.0012536668071558232,0.06115209309051327,transversetemporal-rh,0.34562087994698637
3441,right,75247,0.055095652849130955,9.740163067105227e-06,0.05665393596349952,superiortemporal-rh,0.4670568091773354
3442,right,75362,0.05676766147877756,-0.0035303817976329744,0.04922011135611934,superiortemporal-rh,0.6506644287983565
3443,right,75493,0.026934273058665182,-0.007799593605743574,0.041381166667276204,unknown,0.223258413091381
3444,right,75498,0.01680460629848842,-0.007853872901750018,0.04199506932460609,parahippocampal-rh,0.16531268255626677
3445,right,75515,0.02446220272210251,-0.008907406933330319,0.040611099393460595,parahippocampal-rh,0.21646452148157616
3446,right,75564,0.029188126041427752,-0.008584750751724364,0.03906208709611321,parahippocampal-rh,0.29125080424822897
3447,right,75623,0.039714809013055234,-0.010789006871236809,0.03470090334791854,fusiform-rh,0.4544668171925671
3448,right,75639,0.059092316094231455,-0.011164256907449287,0.03342392042331705,middletemporal-rh,0.9119659818619176
3449,right,75742,0.006468498032321192,0.02771670986109765,0.11293753790907718,superiorfrontal-rh,1.6976479442907133
3450,right,75829,0.021549209713599683,0.02257116484064002,0.1023774170462864,superiorfrontal-rh,1.8669232205562332
3451,right,75860,0.02508751777675841,0.022123457859937554,0.10149554049509964,superiorfrontal-rh,1.8566875724146301
3452,right,75866,0.036425009011098464,0.0222101375827939,0.10040042512986617,precentral-rh,1.4261578937886044
3453,right,75927,0.0074005763755642644,0.01911003574149797,0.0970341746370254,paracentral-rh,1.246190136310442
3454,right,75931,0.035280685989046254,0.019221813751034742,0.0946529961879196,precentral-rh,0.9633572155440424
3455,right,75983,0.009611301877680913,0.01781163730308985,0.09326262170747147,paracentral-rh,0.6703098143495422
3456,right,75996,0.029741491469331114,0.017775592950922882,0.09301879296965473,precentral-rh,0.8244216113368799
3457,right,76028,0.02122362946258293,0.017534902418186393,0.09158455383115303,precentral-rh,0.6427158955835417
3458,right,76060,0.05353436453769529,0.017714962990600776,0.08897332711128449,postcentral-rh,0.8470019453305201
3459,right,76110,0.049811005199810465,0.01582181276178056,0.08750943195100855,postcentral-rh,0.741225332009185
3460,right,76184,0.05715683925216505,0.014595879625832807,0.0828578065951525,postcentral-rh,0.33697630986006505
3461,right,76218,0.006504039457738125,0.012189166407900371,0.08164182967226619,posteriorcingulate-rh,0.4645070375970637
3462,right,76237,0.041496501195077216,0.011624922699083197,0.08010863795212315,postcentral-rh,0.4941606463981909
3463,right,76241,0.03748268749520878,0.012382267381304563,0.08052482679013898,precentral-rh,0.45301066452944433
3464,right,76270,0.05572500840971181,0.011732073116753379,0.07971978053349349,postcentral-rh,0.3421230186288185
3465,right,76315,0.052663688986754886,0.01030818060366572,0.07426334268394294,supramarginal-rh,0.3729702216262189
3466,right,76428,0.02813357395124616,0.003717066505454499,0.063650167905757,insula-rh,0.309142992905304
3467,right,76564,0.0348961896355053,0.0004503196981256218,0.05561407523069605,transversetemporal-rh,0.30230047221701295
3468,right,76628,0.06347132014046851,-0.00206908058433588,0.04872161035930708,superiortemporal-rh,0.7196806368816199
3469,right,76654,0.02823429697284827,-0.005166647972309238,0.0468664213723084,unknown,0.1318225147057502
3470,right,76682,0.02165255020276931,-0.004692971952868502,0.04608488582823104,unknown,0.12492529130900457
3471,right,76795,0.05683709221530205,-0.006460483261452691,0.04031110062989006,middletemporal-rh,0.5839009524577596
3472,right,76866,0.044543772915251766,-0.009655985267577633,0.03517525337729345,inferiortemporal-rh,0.4982501404560959
3473,right,76894,0.03212928073226651,-0.01049344525460699,0.03382836135537448,fusiform-rh,0.42941040762049887
3474,right,76954,0.02586784456197706,-0.011287343135328753,0.03184582143871807,fusiform-rh,0.4105262439497286
3475,right,77049,0.0035834052778995957,0.025259892240892656,0.10698595110800715,superiorfrontal-rh,1.1029966713121866
3476,right,77050,0.008507903487861212,0.025266553332508365,0.10660718664055051,superiorfrontal-rh,1.2086440636338696
3477,right,77100,0.013627303641352518,0.023888040018924486,0.10290272467474988,superiorfrontal-rh,1.6522142077564108
3478,right,77139,0.002847810013245932,0.02257790657148944,0.10096751286552141,superiorfrontal-rh,1.2289774043569914
3479,right,77203,0.047436293696531226,0.02065209786661483,0.09517112141038542,precentral-rh,1.0951230432908292
3480,right,77264,0.048746980943768566,0.01949750979267389,0.09192415043005626,precentral-rh,0.9278633927938974
3481,right,77273,0.02545875399874224,0.017897663756591266,0.09141039116080527,precentral-rh,0.7201120361527548
3482,right,77357,0.0038780490973529523,0.015887486131952386,0.08688629106764496,posteriorcingulate-rh,0.5552971357694173
3483,right,77409,0.0024595335840483083,0.013052376277683832,0.08194407556391037,posteriorcingulate-rh,0.5012347715610802
3484,right,77412,0.04690589295389926,0.01401283974076686,0.08186202066474586,postcentral-rh,0.5543122609383984
3485,right,77456,0.0069013459780861465,0.011681200244850021,0.07897983616029883,posteriorcingulate-rh,0.43901618385628566
3486,right,77478,0.0039716058188621044,0.01130290557039201,0.07729843118976636,posteriorcingulate-rh,0.4410056656570559
3487,right,77492,-0.0007232987958196031,0.010183480593799473,0.07521001831205482,unknown,0.4470822810583485
3488,right,77518,0.03508358557881669,0.009110172428299448,0.07021691956257377,insula-rh,0.3062768222945238
3489,right,77554,0.04734791184223282,0.007381314124098584,0.0678621655354186,supramarginal-rh,0.34391295461935983
3490,right,77559,0.040733323687936404,0.0077097780791286815,0.06819434977120718,supramarginal-rh,0.2941128136502286
3491,right,77588,0.04537543240117574,0.0067211515428968974,0.06521978929914812,supramarginal-rh,0.31384149979041726
3492,right,77615,0.05196706500733671,0.006541612785030663,0.06451846698614971,supramarginal-rh,0.39502756206072853
3493,right,77623,0.004479358872932437,0.004596071134055888,0.06347793643078366,unknown,0.2614308029008421
3494,right,77720,0.05014645487309091,0.001635202760822082,0.05609311378504277,superiortemporal-rh,0.4573686885137434
3495,right,77781,0.05215321453403457,0.0005956193772893659,0.0508248216442359,superiortemporal-rh,0.47096671247671035
3496,right,77860,0.015112097387622514,-0.003032768775261081,0.047796693198453644,unknown,0.08302611452283762
3497,right,77873,0.03860991124580509,-0.003073299860832362,0.04702887521848598,middletemporal-rh,0.2139895600350818
3498,right,77914,0.05103261951261243,-0.004040204992215241,0.04400656649146027,middletemporal-rh,0.35676773694428
3499,right,77933,0.06225967330802989,-0.003881686378494089,0.04242856790786974,middletemporal-rh,0.6863490512985911
3500,right,78035,0.03340636458726752,-0.006745098952315166,0.03840517964737446,parahippocampal-rh,0.35905039504886704
3501,right,78095,0.052531256484814506,-0.008775256293264932,0.03514012093426647,inferiortemporal-rh,0.7460378803222245
3502,right,78141,0.03687411079928266,-0.009783054924407201,0.03237543958936559,fusiform-rh,0.5043836088276005
3503,right,78166,0.03227948503454437,-0.010268579453117384,0.031151647043072057,fusiform-rh,0.49996790795961815
3504,right,78210,0.043937584057418155,-0.011851872183629875,0.02871527098068017,inferiortemporal-rh,0.5778959677895176
3505,right,78365,0.02610342368942126,0.02581071062701443,0.10456918371814306,superiorfrontal-rh,2.009187253378585
3506,right,78422,0.04088553714541572,0.02436026310618803,0.10074455893573443,precentral-rh,1.4236251057633753
3507,right,78484,0.023161778876268784,0.022988963622402183,0.09699264809738833,superiorfrontal-rh,1.0136413410747624
3508,right,78529,0.038965158599482824,0.0211150344112691,0.09410354627262497,precentral-rh,0.9121358701898998
3509,right,78545,0.00470130147168879,0.019649822331056728,0.092765065899981,superiorfrontal-rh,0.7659271758369707
3510,right,78581,0.005903477099977482,0.018120312802661222,0.09028191916097413,posteriorcingulate-rh,0.6054967788025075
3511,right,78681,0.05261849455340068,0.016300091802345477,0.08356555153232507,postcentral-rh,0.5207201992915619
3512,right,78701,0.04058777731763895,0.01674571671944996,0.08406269238262722,precentral-rh,0.5883694635111204
3513,right,78752,0.053467620535716916,0.014698124346165404,0.07932312093513912,postcentral-rh,0.38502348662186914
3514,right,78808,0.058127608227754174,0.01311080155272663,0.07561813396650166,postcentral-rh,0.4323375751189655
3515,right,78839,0.0481102463639611,0.010640705760325095,0.07121599672703818,supramarginal-rh,0.40633274798724356
3516,right,78992,0.029172303531451463,0.004250506264717408,0.05973979171325605,insula-rh,0.2938412009447709
3517,right,78994,0.004079264980308464,0.0033223552991160444,0.05969700025111152,unknown,0.18243420998043303
3518,right,79016,0.05728811320402271,0.004220116392762277,0.05708920103444006,superiortemporal-rh,0.5374586647591985
3519,right,79055,0.04332724846380342,0.0030359395525273265,0.056144885033696,transversetemporal-rh,0.36229062940315643
3520,right,79061,0.004323756472336659,0.0016214287975837567,0.05569442134912131,unknown,0.10478355705349557
3521,right,79136,0.058605309020796,0.0008392822518108502,0.051771792060149584,superiortemporal-rh,0.5581964002192839
3522,right,79173,0.04576738862701609,-0.00018069276000785752,0.04931384037514673,superiortemporal-rh,0.2997192474253321
3523,right,79205,0.009467670553502212,-0.001248541325055687,0.048282971053404886,unknown,0.07242971039325191
3524,right,79349,0.030905948100515435,-0.00507018686933184,0.039718720293953375,unknown,0.3148639973173385
3525,right,79506,0.05570475717297422,-0.009048614397751214,0.030280061396810828,inferiortemporal-rh,0.8389649196249391
3526,right,79603,0.04824575538263437,-0.011871902299856942,0.025014839081853976,inferiortemporal-rh,0.5812404928412659
3527,right,79710,0.021765295766819345,0.028692309658685834,0.1063805889920151,superiorfrontal-rh,2.0509126503567274
3528,right,79949,0.035868468907675304,0.01955865273880119,0.08782203374957517,precentral-rh,0.7296706519208569
3529,right,79972,0.03135868319689052,0.018530834215238483,0.08706241286102526,precentral-rh,0.6707860962373724
3530,right,80156,0.04795123444273099,0.013813997666350651,0.07758425505372954,postcentral-rh,0.4574403249404442
3531,right,80162,0.04204555199193115,0.013941917344510609,0.07677709859484197,postcentral-rh,0.46208311736594226
3532,right,80206,-0.0007900177702448571,0.01037833842387268,0.07215592808054067,unknown,0.4140751969801173
3533,right,80251,0.053798312722287585,0.009805396609075907,0.06774756406352184,supramarginal-rh,0.3535467690960213
3534,right,80256,0.030768215530262825,0.00983171528947786,0.06833393523336467,insula-rh,0.3071091752762776
3535,right,80278,0.03774555355697064,0.009105668243276913,0.06653327389698191,supramarginal-rh,0.2874225559406426
3536,right,80351,0.04921931346883775,0.007001184526245053,0.06250467942214058,supramarginal-rh,0.35742635137903084
3537,right,80390,0.03798893593327629,0.004561575071504855,0.05802455954620399,transversetemporal-rh,0.3373148131788135
3538,right,80446,0.030938824256959516,0.00362560900251017,0.055149707201156015,insula-rh,0.2082401473767012
3539,right,80485,0.039130299565162154,0.0024349925346342253,0.05226441310551468,transversetemporal-rh,0.24793772894147248
3540,right,80512,0.005556700590506952,0.0007607127908719983,0.05169484670468412,unknown,0.07426891533392496
3541,right,80643,0.027606097199846764,-0.0025803802107623617,0.04333952765861811,unknown,0.2123636243603466
3542,right,80662,0.043245343904992344,-0.0032291890203965078,0.041477415901378656,middletemporal-rh,0.3866410060566022
3543,right,80670,0.01890737384585591,-0.0037411279319993183,0.04177858737147607,unknown,0.1881384517389632
3544,right,80746,0.05674929651376004,-0.004285126903911373,0.0379986367168037,middletemporal-rh,0.5918847481303792
3545,right,80868,0.034655508784953444,-0.008937169827989849,0.028700194017633525,fusiform-rh,0.589138246283509
3546,right,80925,0.053263558686267365,-0.010781640515404384,0.026001748083765593,inferiortemporal-rh,0.5886591759246326
3547,right,81100,0.02869785097562072,0.026552718384148674,0.10300688734115986,superiorfrontal-rh,1.881696154955455
3548,right,81175,0.04326663443894816,0.0238022436824619,0.0946030093851206,precentral-rh,1.251407827673649
3549,right,81284,0.04625610916736556,0.02065786323260235,0.08804926845165632,precentral-rh,0.7121046330120039
3550,right,81340,0.0037329535091740426,0.017300379521944083,0.08354658908505723,posteriorcingulate-rh,0.5040835467692486
3551,right,81387,0.05820749054427053,0.017209327923580056,0.08048349981969224,postcentral-rh,0.42492333526555437
3552,right,81537,-0.0003590890487530071,0.010715736824889993,0.06885236719217058,unknown,0.3774256487367262
3553,right,81569,0.04741733035354665,0.010519643770874165,0.0661877687461751,supramarginal-rh,0.32723089146739803
3554,right,81658,0.039709107245343454,0.008668987263337893,0.06309603861630084,supramarginal-rh,0.28938428121095194
3555,right,81888,0.02023376445536601,-0.0005434965564052683,0.04538001956450158,unknown,0.13974760233580286
3556,right,81955,0.033145220953495265,-0.001847957323354913,0.042473678732370915,unknown,0.2830024591788714
3557,right,81966,0.055048182074819214,-0.0011876348504693433,0.0417708986766118,middletemporal-rh,0.5066789460679012
3558,right,82028,0.02316253477685668,-0.0031544605629951847,0.039267346945393786,unknown,0.2636776443302157
3559,right,82058,0.023687536562741727,-0.004680566161156323,0.036789161089684164,parahippocampal-rh,0.317094235368989
3560,right,82061,0.018184301740876166,-0.005727162555245496,0.03682466081293194,parahippocampal-rh,0.2641409458839981
3561,right,82099,0.02793631755778063,-0.006342624962362951,0.03235286653042847,fusiform-rh,0.4631024421679927
3562,right,82199,0.047750827688935175,-0.009411486874996374,0.02450090200337,inferiortemporal-rh,0.5998555235428495
3563,right,82275,0.017601400850773902,0.030958295227873016,0.10824708627419326,superiorfrontal-rh,1.5012971231710606
3564,right,82292,0.02387058879459467,0.030381607582533866,0.10698253030705769,superiorfrontal-rh,2.0755806549932645
3565,right,82359,0.007071814962647957,0.027815641520339558,0.10220134435566405,superiorfrontal-rh,1.0307113921292999
3566,right,82388,0.01740400912286201,0.0272301133368651,0.10063427309110935,superiorfrontal-rh,1.6514869453526255
3567,right,82409,0.025035160516907337,0.02703348194334496,0.09862283229005497,superiorfrontal-rh,1.651675636610995
3568,right,82434,0.009810793341720444,0.023965612872754418,0.09393722752626907,superiorfrontal-rh,0.7974184779992044
3569,right,82462,0.022800665116904633,0.02377246392929841,0.09247353166465051,superiorfrontal-rh,0.7895609318108097
3570,right,82486,0.0026271750394955434,0.022283764866098833,0.09173990993130973,posteriorcingulate-rh,0.7283188623531791
3571,right,82549,0.0436682946601639,0.022520645157900185,0.08798580018275276,precentral-rh,0.7608198467828339
3572,right,82562,0.007049354430816663,0.020730853482728052,0.08786213757037861,posteriorcingulate-rh,0.5197898240041352
3573,right,82588,0.026833680734678244,0.020411481732986087,0.08653275783116118,precentral-rh,0.6631347580449698
3574,right,82612,0.044740091242515094,0.01970956122851447,0.08275131429657592,precentral-rh,0.5827871756605885
3575,right,82629,0.004731329680408319,0.017304482688704485,0.08082546835990406,posteriorcingulate-rh,0.467459187029635
3576,right,82641,0.008485009029903758,0.017598267401478726,0.08051978281109823,posteriorcingulate-rh,0.44892140498120375
3577,right,82654,0.038475564268052105,0.017538951987794746,0.07945363686395653,precentral-rh,0.5037871826473664
3578,right,82711,0.0539020723061441,0.015368660364119085,0.07429476561492407,postcentral-rh,0.3270090146755166
3579,right,82732,0.04831323736121002,0.014521309504715007,0.0732758277624043,postcentral-rh,0.3888116717862641
3580,right,82752,0.05430404310175799,0.013201904401175383,0.07063086731459223,supramarginal-rh,0.2839745957897411
3581,right,82825,0.0524344742874126,0.011582795508222977,0.0662507198911845,supramarginal-rh,0.32845965965309976
3582,right,82850,0.0430643219348937,0.010735733128778374,0.06498956953647023,supramarginal-rh,0.2790890207262506
3583,right,82859,0.0013339811740378429,0.009639283660329252,0.06513567557967359,unknown,0.32557888659168116
3584,right,82872,0.030392885213790275,0.010139650649470242,0.06417388891075301,insula-rh,0.29149500804605416
3585,right,82893,0.001993985177029328,0.007863805413258046,0.06128814302433809,unknown,0.2608915767521093
3586,right,82920,0.0012978127307547282,0.005915676038137059,0.05680212301058194,unknown,0.17981602321222814
3587,right,82959,0.06137280475006364,0.006151967061967517,0.05450184053288933,superiortemporal-rh,0.5592051875015812
3588,right,82996,0.0013322656647840499,0.003805522309888207,0.05242169919095634,unknown,0.12792244816141465
3589,right,83040,0.0026559538300659725,0.0010629626413125818,0.04789633292970373,unknown,0.1092812274928845
3590,right,83085,0.040908268685443505,0.0013090750660192246,0.04589970989787983,superiortemporal-rh,0.2996265216389879
3591,right,83113,0.01381999005287885,4.454565393264415e-06,0.044554425100443426,unknown,0.12800215681897867
3592,right,83272,0.03513140396654099,-0.004508726240112856,0.03434596665600881,fusiform-rh,0.4846061069277685
3593,right,83320,0.042647896208192794,-0.006076013140919221,0.0306694318860619,inferiortemporal-rh,0.6090860359625351
3594,right,83447,0.010760602258722001,0.03175568401359072,0.10951770718900197,superiorfrontal-rh,1.3441235461170584
3595,right,83471,0.008035727262873696,0.031324666060445726,0.10736647560958197,superiorfrontal-rh,1.2063374848075243
3596,right,83509,0.01369558968995958,0.029592569824330693,0.10319620149774812,superiorfrontal-rh,1.2543384411380745
3597,right,83594,0.0051905324693148295,0.025720562751250918,0.0969049613181044,superiorfrontal-rh,1.082075016407638
3598,right,83683,0.033001169011949556,0.02371757609369737,0.09066989216829635,caudalmiddlefrontal-rh,0.981882900673599
3599,right,83739,0.03889821188314501,0.022501263802667777,0.08741750664663192,precentral-rh,0.7852536407178649
3600,right,83875,0.048146804626487856,0.019797069476730947,0.076529738588832,precentral-rh,0.4565829901331037
3601,right,83882,0.0004689146455795156,0.0167358907937949,0.07685324545086077,unknown,0.452118480690297
3602,right,83984,0.04092166975150635,0.013426941776931477,0.06843706373154959,postcentral-rh,0.32704767273239366
3603,right,84003,0.058766756976262914,0.012722478268367048,0.06663579980990784,supramarginal-rh,0.48789339208136095
3604,right,84049,0.056659258392962666,0.011494753583141702,0.0643887933196372,supramarginal-rh,0.4414397504889201
3605,right,84102,0.031016747184775994,0.00918703710817979,0.060065925896902385,insula-rh,0.2844817663585145
3606,right,84165,0.05178018116218056,0.006220536917627695,0.05434864597078401,superiortemporal-rh,0.6170677610088373
3607,right,84211,0.04642293152732964,0.005697752716601045,0.05219771489824852,transversetemporal-rh,0.3408629263365957
3608,right,84236,0.033732381001312005,0.003981908609121735,0.05032725512882866,insula-rh,0.1774345773118688
3609,right,84243,0.05604258145307165,0.0041569811002547035,0.0492199031781476,superiortemporal-rh,0.5455447713838203
3610,right,84302,0.049796299567440735,0.0024206042272844593,0.045638253624853325,superiortemporal-rh,0.4299875676895498
3611,right,84360,0.006164918174884966,0.0009837009596781882,0.04450677424910392,unknown,0.12096641591564725
3612,right,84458,0.04859994629850263,-0.0007704536268991185,0.038443515808010406,middletemporal-rh,0.5001087426006551
3613,right,84521,0.02787905118430016,-0.002933749197314499,0.03568257439091894,parahippocampal-rh,0.3969239367014965
3614,right,84764,0.021611427765338687,0.030299649121477874,0.10197071089568323,superiorfrontal-rh,1.8129332424853855
3615,right,84892,0.04740924957989578,0.025124359390402758,0.0902681411006568,precentral-rh,0.7777603135463639
3616,right,84900,0.00911414784728068,0.024381516605657988,0.08976142109565886,superiorfrontal-rh,0.4955331330743523
3617,right,85033,0.049831995794100595,0.02150931166121851,0.08166475870734403,precentral-rh,0.5368161522450141
3618,right,85104,0.0054200369176825355,0.018072638702994036,0.07799273616065794,posteriorcingulate-rh,0.4380130818905185
3619,right,85148,0.043368381170895046,0.017745274646940624,0.07412259927048823,precentral-rh,0.43419603948979707
3620,right,85168,-0.0009684815406462385,0.015551317233065628,0.0731452256375223,unknown,0.4239227947384131
3621,right,85371,0.0396085190198507,0.007568209098665336,0.05426676994117297,transversetemporal-rh,0.39557672924876625
3622,right,85451,0.040979923064185936,0.0051535949497962955,0.04930576420882285,superiortemporal-rh,0.27644059253578357
3623,right,85641,0.03433475049579371,-0.0005629142537964,0.03799412583712918,unknown,0.4108611366393518
3624,right,85725,0.057125051708489645,-0.0031421406650953207,0.03192705548176414,middletemporal-rh,0.8459535261626088
3625,right,85781,0.04774218680289368,-0.004374816347889622,0.029446486518249423,inferiortemporal-rh,0.6708304951612913
3626,right,85796,0.055332959807534145,-0.004395371904468738,0.027926929861810904,inferiortemporal-rh,0.7939648420821985
3627,right,85817,0.026463534635977247,-0.004073758949435456,0.02889220924843544,fusiform-rh,0.5543949111995671
3628,right,85904,0.004925299519442742,0.03444823725811599,0.1094429631882078,superiorfrontal-rh,1.2911440322773327
3629,right,85978,0.011085265969929576,0.02862508788248822,0.09815468612079441,superiorfrontal-rh,1.087425413950162
3630,right,86071,0.030096650170712617,0.025939205811564392,0.09114820533505434,caudalmiddlefrontal-rh,1.0407906173468995
3631,right,86150,0.022596881077090014,0.02334159069833026,0.08673747163122447,precentral-rh,0.6407043737028704
3632,right,86180,0.005289922227148684,0.02208241067735849,0.08465244312809028,posteriorcingulate-rh,0.4779675676408224
3633,right,86262,0.04300608756825079,0.020306015079953395,0.07857913377412601,precentral-rh,0.5141012089010009
3634,right,86324,0.05786763248410865,0.0194231274526993,0.07523040730578669,postcentral-rh,0.5128023031623189
3635,right,86338,0.05945239644945497,0.01794237265014442,0.07391675015603907,postcentral-rh,0.4773642504534148
3636,right,86378,-0.0008966040042859923,0.015593850011249992,0.070525244107467,unknown,0.39916227702868223
3637,right,86382,0.03640898063387729,0.015521955091313157,0.06917253993723994,postcentral-rh,0.3261519648751827
3638,right,86394,0.032136600276744344,0.015034143178487867,0.06863089662044879,insula-rh,0.31489183491823947
3639,right,86461,0.02986427219238225,0.013675628012344383,0.06409821390305023,insula-rh,0.28846892045945205
3640,right,86471,0.042612813356008875,0.01345657140749794,0.06351100301238154,postcentral-rh,0.2593719567317014
3641,right,86540,0.03168280821224674,0.0103201382198954,0.05705975657695764,insula-rh,0.27391718655075675
3642,right,86551,0.06034753369842614,0.00924218316130321,0.05473847072454919,superiortemporal-rh,0.5784698894750412
3643,right,86638,0.06221724441892607,0.007283867430342336,0.04876918422462194,superiortemporal-rh,0.572599656260255
3644,right,86676,0.04479698919994517,0.005463621111733692,0.04729298179490672,superiortemporal-rh,0.34959146598015584
3645,right,86701,-0.00021340004938488505,0.0030564118552910005,0.04447867562376258,unknown,0.15535914630302022
3646,right,86719,0.018066379081699592,0.0026833850105850232,0.04317874055413139,unknown,0.16802976047466028
3647,right,86765,0.06050917685394219,0.0031138351627961356,0.0416344013914169,middletemporal-rh,0.6285754812297514
3648,right,86770,0.0322897341536172,0.003061301629758366,0.04196167356293429,unknown,0.30165875900443445
3649,right,86786,0.042063121379671914,0.00209033322656979,0.040916151784836555,middletemporal-rh,0.4204977220565263
3650,right,86872,0.026327922830371206,-0.000498677236080873,0.036185199368937195,unknown,0.3745486947135441
3651,right,86882,0.017988071490390885,-0.0010398370987563755,0.035455828358797285,parahippocampal-rh,0.3035192875213093
3652,right,87025,0.04003542758295929,-0.003210282819783564,0.02841801026554555,inferiortemporal-rh,0.6661610962693583
3653,right,87038,0.050402678778482854,-0.0033074507031641606,0.02822789662495024,inferiortemporal-rh,0.703056115390329
3654,right,87137,0.014016636630551577,0.03588246087373957,0.10895900303870934,superiorfrontal-rh,1.385060029512273
3655,right,87237,0.03511903135188346,0.028445154943886802,0.09536304844931141,caudalmiddlefrontal-rh,1.4900775066247336
3656,right,87251,0.023327526261453253,0.02834640850730588,0.09374706270571606,superiorfrontal-rh,0.9548259880659707
3657,right,87396,0.03354438893599993,0.025410803824407042,0.0858562967807553,precentral-rh,0.8071442508748298
3658,right,87426,0.04981953363227082,0.02450258508572769,0.08441235811601087,precentral-rh,0.6185843570836007
3659,right,87485,0.05497003930791642,0.0225340776039894,0.07833300613908153,precentral-rh,0.5199223488715846
3660,right,87661,0.0012034408099852924,0.014072629326949452,0.06305669477975316,unknown,0.31585352100733843
3661,right,87666,0.0487448444520918,0.014022376603347772,0.06251390157049364,postcentral-rh,0.27652369683744066
3662,right,87802,0.05409774270049364,0.008144340535616875,0.051171189554402474,superiortemporal-rh,0.6031399834788633
3663,right,87832,0.0006082830214428204,0.006400404545125317,0.04935470644247531,unknown,0.14405107206425952
3664,right,87862,0.0360123768995785,0.006154834901289284,0.04717970648319722,insula-rh,0.24776421858533038
3665,right,87872,0.05362013428680914,0.0066108701637078715,0.04643589519348496,superiortemporal-rh,0.5285305881740624
3666,right,87979,0.011752137553742912,0.0031392407862837588,0.041211687936274666,unknown,0.17110710257220818
3667,right,88077,0.06093233435227079,0.0012856321236562125,0.036056803308119965,middletemporal-rh,0.6308723377540051
3668,right,88088,0.031595717263701514,6.856828967577444e-05,0.03474458506883766,parahippocampal-rh,0.46451751920173867
3669,right,88161,0.03229022007559893,-0.0025386127275735353,0.030465803828496583,fusiform-rh,0.5729422244148935
3670,right,88227,0.032569946056486485,-0.003265018286227153,0.02801104371456102,fusiform-rh,0.6411863053115797
3671,right,88246,0.03875142573527304,-0.0034100939684305574,0.026779279049060637,fusiform-rh,0.700260915913634
3672,right,88343,0.016517630200746283,0.03454271712653466,0.10396323306945579,superiorfrontal-rh,1.1075552919208822
3673,right,88408,0.019597468963396758,0.03111293685883631,0.09645442026855776,superiorfrontal-rh,1.086278502751661
3674,right,88438,0.037899169801524024,0.02912584487315122,0.09328112134073194,caudalmiddlefrontal-rh,1.3986763590432731
3675,right,88446,0.013802769259007686,0.029156075397765085,0.09258385599194091,superiorfrontal-rh,0.4902260190604928
3676,right,88491,0.005516923754246023,0.027985824276430517,0.09081345971381903,posteriorcingulate-rh,0.5647157810317364
3677,right,88528,0.005020013340502897,0.026172713362852065,0.08843628918608634,posteriorcingulate-rh,0.48657986476783993
3678,right,88610,0.0017140582815885815,0.023043939283055183,0.08177498546630584,posteriorcingulate-rh,0.46700644450876183
3679,right,88711,0.05568549390861353,0.018849112050205126,0.06990890507198738,postcentral-rh,0.5192096498005687
3680,right,88717,0.04923022344904752,0.017924176039329606,0.06985677828916222,postcentral-rh,0.350732103089462
3681,right,88771,0.05553315051990971,0.017565909361248376,0.06607897381824474,postcentral-rh,0.5302346445589097
3682,right,88800,0.05193900858889619,0.01585852902818137,0.06406436684695772,postcentral-rh,0.2796990689552309
3683,right,88861,0.05368971933135892,0.013519529739819597,0.05935398532837094,postcentral-rh,0.39884347929878583
3684,right,88870,0.044406436049365186,0.012857395161518795,0.0592250447688392,postcentral-rh,0.2615126701285001
3685,right,88888,1.4559415586541669e-05,0.012107093478250251,0.058930227291031756,unknown,0.2628054377312327
3686,right,88907,0.00015826259703116251,0.009891101165540934,0.05420668228102914,unknown,0.1849365180344818
3687,right,88942,0.031051388176875697,0.009677012035205358,0.05255671201328083,insula-rh,0.12920310295908202
3688,right,88957,0.0483953612271962,0.00988252042936766,0.05120937789057539,transversetemporal-rh,0.19080334820134567
3689,right,89122,0.005474163886284376,0.00363425122587154,0.04136545189675666,unknown,0.16310666594538126
3690,right,89133,0.04690776391646833,0.004612367030190485,0.04018578313627278,middletemporal-rh,0.4686320322798576
3691,right,89314,0.0546305414885579,0.00036105675770036014,0.03255478286893161,inferiortemporal-rh,0.7936453028339732
3692,right,89319,0.02139112242158371,-0.00041429250005909843,0.03258654621223566,parahippocampal-rh,0.40794273649568197
3693,right,89522,0.028393528481741922,0.03631702415331478,0.10469129236370811,caudalmiddlefrontal-rh,1.805294622536869
3694,right,89566,0.010295969094470411,0.0340774418231245,0.10158852138219282,superiorfrontal-rh,1.0684582178763435
3695,right,89746,0.041668407764704145,0.028065346267492897,0.08699178996351319,precentral-rh,0.8647372075925684
3696,right,89805,0.037634132272245456,0.025787350883599514,0.08380083579733268,precentral-rh,0.7323412836612644
3697,right,89836,0.006531601819395527,0.024199700078186035,0.08149731366862811,posteriorcingulate-rh,0.4334541557482946
3698,right,89849,0.044848864610609884,0.024935761629057585,0.08061560254365469,caudalmiddlefrontal-rh,0.6010379775659761
3699,right,89938,0.04614212842608043,0.020665315724926848,0.07252918075673928,precentral-rh,0.4285026162872606
3700,right,89991,0.05942802755821866,0.018740777588224275,0.06726718474738247,postcentral-rh,0.5193449117869499
3701,right,90016,-0.001039580059030227,0.01677268994340598,0.06630898981020297,unknown,0.36279043973987407
3702,right,90096,0.032351778175796486,0.013796123405701811,0.06017056014740752,insula-rh,0.27022454468071416
3703,right,90171,0.04219774675576622,0.011434863169823551,0.052425362473815296,transversetemporal-rh,0.37040767066678487
3704,right,90380,0.025889022767205547,0.00358869627007531,0.04032908161783687,unknown,0.2759667739363146
3705,right,90447,0.05359629316670613,0.004074044014953589,0.037421773572945974,middletemporal-rh,0.5439863964865524
3706,right,90543,0.04839464574554183,0.001977892756425785,0.03304991368745318,inferiortemporal-rh,0.5823128176061472
3707,right,90618,0.04372783662352618,4.28705175227603e-05,0.02807870352328602,inferiortemporal-rh,0.6744503059191206
3708,right,90778,0.0045313204668225825,0.03527629785869742,0.10311830123387128,superiorfrontal-rh,1.0685437026366347
3709,right,90859,0.029767557884784482,0.03323612745485911,0.09779497995448666,caudalmiddlefrontal-rh,1.6310207174012117
3710,right,91009,0.011963788143363737,0.029029680385246382,0.08715253903247605,superiorfrontal-rh,0.410945214702686
3711,right,91049,0.045936075424904105,0.028654343121204573,0.08610898115215349,precentral-rh,0.7741410641864596
3712,right,91204,0.0078711719584491,0.024135639416492587,0.07843564840261269,posteriorcingulate-rh,0.41989386984460036
3713,right,91210,0.0037265288462503938,0.024274493232812402,0.07774448395881574,posteriorcingulate-rh,0.42265431226812955
3714,right,91247,0.052794366672030545,0.022917395062100165,0.07390866794525273,precentral-rh,0.4787145060616902
3715,right,91348,0.032342007991250296,0.01844131251901626,0.06511122890288241,insula-rh,0.30140546390326584
3716,right,91363,0.0358700217906654,0.01776002668831266,0.06383787678809032,postcentral-rh,0.27067603921220007
3717,right,91379,0.03959737627555197,0.01744847111299323,0.06295952091152551,postcentral-rh,0.2482621451359894
3718,right,91420,0.05756713172672346,0.01651930945392864,0.06041352203893941,postcentral-rh,0.5556291389042038
3719,right,91565,0.03161830361130447,0.010388478534574528,0.0489657648702848,insula-rh,0.18879006065540177
3720,right,91574,0.05756120603310335,0.01065294718156821,0.047801194561986476,superiortemporal-rh,0.5673416371776939
3721,right,91597,0.049946549475856125,0.01044286320208099,0.04726116177704578,superiortemporal-rh,0.4853292289217128
3722,right,91601,0.04366157416570834,0.009671616732532657,0.04732711288516093,superiortemporal-rh,0.33559759628863217
3723,right,91633,0.0387945087979537,0.008835206998473151,0.04426583359947102,superiortemporal-rh,0.32922151790605636
3724,right,91636,0.04284451447243826,0.008522411095695345,0.04338617263612187,superiortemporal-rh,0.3913248925743241
3725,right,91643,0.023922781671486856,0.006833990779130182,0.04194631719451681,unknown,0.2291667778917119
3726,right,91794,0.028173654429590193,0.0032557958255131384,0.03506956588203626,unknown,0.4239675674110032
3727,right,91877,0.025056455778977794,0.0024795808533801165,0.033021414424857995,parahippocampal-rh,0.4431433453449893
3728,right,92013,0.010127247085336416,0.03741873175039123,0.10448373440623084,superiorfrontal-rh,1.1003264669915684
3729,right,92035,0.0328761154618906,0.0366926259388754,0.10132973739616491,caudalmiddlefrontal-rh,1.7717099273470631
3730,right,92112,0.010002947473260443,0.03443273098398856,0.0960225887444448,superiorfrontal-rh,0.9721939757880291
3731,right,92129,0.034069020509908524,0.03416845045917056,0.09650284364224422,caudalmiddlefrontal-rh,1.6469704308175346
3732,right,92200,0.03311377066950081,0.03216742887131725,0.09121780590237327,caudalmiddlefrontal-rh,1.3229641558096925
3733,right,92243,0.02382805521438758,0.03003560224055694,0.08785705929468286,superiorfrontal-rh,0.7880203878950797
3734,right,92255,0.029242897293239967,0.029451943816407748,0.0873886241825322,caudalmiddlefrontal-rh,0.9343380430886888
3735,right,92305,0.05173314186576654,0.028753316318930272,0.08440743200593158,precentral-rh,0.6659824659109709
3736,right,92325,0.004964261488491566,0.027724088685242988,0.08384168483391076,posteriorcingulate-rh,0.41672545098967567
3737,right,92343,0.03902470010563892,0.027453560586385036,0.08211307545378974,precentral-rh,0.704216749473876
3738,right,92374,0.050998716443899764,0.026304118937329396,0.07914782765094105,precentral-rh,0.5915590664435797
3739,right,92413,0.05651430980284676,0.026307731368768225,0.07760507283930781,precentral-rh,0.5984663398783844
3740,right,92453,-0.0004813025766611013,0.023550797434496108,0.07517086589758594,unknown,0.42537657104527105
3741,right,92481,-1.7815130617842732e-05,0.021830362996493404,0.071849902120733,unknown,0.4044614435775023
3742,right,92494,0.060023147320336104,0.02240900220087449,0.06978573569512923,postcentral-rh,0.4599973393820708
3743,right,92610,0.04735037828529402,0.01751701611645267,0.061008110692226364,postcentral-rh,0.24015590028975486
3744,right,92612,0.04382779658068144,0.01828571699576986,0.061264542640554295,postcentral-rh,0.23150891423734632
3745,right,92640,0.05033158955077621,0.01593729592412594,0.059549804777513184,postcentral-rh,0.26536337906136315
3746,right,92670,0.03496310171404973,0.014928903833441946,0.05651508101872048,insula-rh,0.2590782724870568
3747,right,92789,-0.0008852347443909175,0.009412700974922188,0.046683073977802386,unknown,0.17650023636154238
3748,right,92850,-0.000527913157029186,0.007092365185043716,0.04077209199627295,unknown,0.20499283262739684
3749,right,92864,0.029704767520491598,0.007582326842872926,0.040548629065312536,unknown,0.3059681601693616
3750,right,92912,0.01613902699517337,0.006124946675443389,0.038637970056037696,unknown,0.23008163349041474
3751,right,92950,0.0030167475954589623,0.005404988164787539,0.036911195250442966,unknown,0.23067883585687388
3752,right,92977,0.010240608285070084,0.004131830089766337,0.035455451958329526,unknown,0.25588837913365
3753,right,92997,0.03600282505283291,0.0046489295580309665,0.03556046023720465,unknown,0.4767422401752081
3754,right,93009,0.019801944530666294,0.0038585424259967986,0.034722542613469805,unknown,0.33524148915128704
3755,right,93034,0.03450741640452583,0.003555191110929642,0.033074888698732575,fusiform-rh,0.5154918469609396
3756,right,93112,0.05024186306160614,0.0006451335790584279,0.026059253421408676,inferiortemporal-rh,0.2879352665806655
3757,right,93175,0.014573019703307787,0.03909964038169063,0.10392892751828664,superiorfrontal-rh,0.8684955994590815
3758,right,93229,0.02360374977013772,0.03824717138126442,0.10137754373133405,caudalmiddlefrontal-rh,1.4014780946694436
3759,right,93262,0.02572272889883531,0.035816343036263576,0.09639282166978341,caudalmiddlefrontal-rh,1.3894356362271274
3760,right,93264,0.01576050473302107,0.035268188878320436,0.09780329503715081,superiorfrontal-rh,0.7162719205773592
3761,right,93280,0.003806580474503107,0.034644549411901655,0.0966087939323168,superiorfrontal-rh,1.0286608596591396
3762,right,93286,0.03853241578219729,0.03468636275859727,0.0956399082554733,caudalmiddlefrontal-rh,1.6016709779917284
3763,right,93329,0.04257248980523831,0.034573539400241604,0.09449135433518496,caudalmiddlefrontal-rh,1.5412286790506362
3764,right,93386,0.010837983256683077,0.032849515511517574,0.09076636890573597,superiorfrontal-rh,0.32525591941059
3765,right,93397,0.03664300168827288,0.03210982913221115,0.08948497019460772,caudalmiddlefrontal-rh,1.216980755534422
3766,right,93433,0.0023868124631193136,0.030926310423503443,0.08823707704683093,posteriorcingulate-rh,0.4513625330361946
3767,right,93554,0.0444215026738908,0.025453291015230407,0.07520488846308226,caudalmiddlefrontal-rh,0.5172660798224485
3768,right,93607,0.048323137929389436,0.023871785812515083,0.06980574091104799,precentral-rh,0.43187905543157845
3769,right,93648,0.04899183471742231,0.020952740189948513,0.06605514428859366,postcentral-rh,0.33513033264990755
3770,right,93720,0.05524040068672855,0.019747837055590724,0.062042796831441295,postcentral-rh,0.5258703942895846
3771,right,93728,0.030418673616194585,0.01917807333315657,0.06279487624699445,insula-rh,0.292546442801471
3772,right,93794,0.056259741131164054,0.018073337561847588,0.05868941032688142,postcentral-rh,0.5612887258116402
3773,right,93899,0.056057241044895206,0.01366511467653114,0.050051826365424115,superiortemporal-rh,0.5936866271632255
3774,right,94134,0.055482595422328224,0.006118397895273688,0.03483492644604711,middletemporal-rh,0.5757693642538709
3775,right,94228,0.040116043699340916,0.0026922325452235427,0.029537500659957867,fusiform-rh,0.6013094874594649
3776,right,94247,0.03477733008658374,0.0024325065003606722,0.027603084057713112,fusiform-rh,0.6626215602993455
3777,right,94250,0.029270987490942257,0.001773319544620974,0.026899194322211918,fusiform-rh,0.6549263403009771
3778,right,94536,0.0219769664111397,0.03298157529732527,0.09084017489758021,superiorfrontal-rh,0.835129351500724
3779,right,94603,0.008005903846704939,0.03147597207401856,0.0860676035895505,posteriorcingulate-rh,0.3506856433208473
3780,right,94637,0.04139575328340362,0.029376812938388334,0.0803257478289699,caudalmiddlefrontal-rh,0.6781446108021524
3781,right,94648,0.002262929550852144,0.02863728586835753,0.08114817849178238,posteriorcingulate-rh,0.41696833792598637
3782,right,94759,-0.00028090377215221596,0.022439750796990447,0.06812744482818335,unknown,0.3805150295180912
3783,right,94774,0.0551329586972477,0.021707323189880515,0.06624900631833885,postcentral-rh,0.546548960294268
3784,right,94815,-0.0009390950314471182,0.02036720417094884,0.0645037539398689,unknown,0.35334870055079853
3785,right,94953,0.05721495106861656,0.017413517410394992,0.05522919228709998,postcentral-rh,0.5907327443564476
3786,right,94976,0.03515521119598985,0.015850097342641395,0.052882902356326915,insula-rh,0.2230499875269296
3787,right,94999,0.0006259052775770054,0.01376690593810296,0.05146419293110095,unknown,0.18208651070364293
3788,right,95005,0.050975061021351215,0.014159626760851515,0.04990919395544142,transversetemporal-rh,0.48123709361339495
3789,right,95090,0.033780150923414694,0.011922489887542354,0.04440511598972707,insula-rh,0.27814972506817487
3790,right,95143,0.05108697218588829,0.009477274259991656,0.03945604834255802,middletemporal-rh,0.49743763991800466
3791,right,95219,0.06152860275853742,0.008120830281837368,0.03600634571734763,middletemporal-rh,0.5861110033698348
3792,right,95348,0.019235095676641,0.003432901993807529,0.029072037847098532,parahippocampal-rh,0.473818747521851
3793,right,95462,0.005619276912977422,0.0404453081614828,0.10484854663017294,superiorfrontal-rh,1.225612742650869
3794,right,95680,0.028081104216926302,0.03421981179979276,0.0896413237044695,caudalmiddlefrontal-rh,1.1338791184262675
3795,right,95780,0.006621732189032918,0.030005290222597843,0.08072522471557705,posteriorcingulate-rh,0.38820270876439017
3796,right,95882,0.054873168144138236,0.026357338644841227,0.07022318542657142,precentral-rh,0.5294980178603185
3797,right,95920,0.038704359659923145,0.023463955280807712,0.06623694331668298,precentral-rh,0.3906134266996165
3798,right,96008,0.0006552221873229475,0.019449897641670925,0.06033203228436063,unknown,0.30864773605766643
3799,right,96018,0.031096492978746736,0.019394572910833012,0.059634198437768196,insula-rh,0.2691312618543187
3800,right,96071,-9.977312206727376e-05,0.01714227939504205,0.05590837890204737,unknown,0.2520194390533025
3801,right,96075,0.05337884000319561,0.018355585063197507,0.055065242768924515,postcentral-rh,0.43586758978404305
3802,right,96105,0.044681751087306966,0.014902690075194779,0.05045744907193897,transversetemporal-rh,0.1496451933628286
3803,right,96120,0.03534250183027176,0.014830473454435373,0.04934338214579176,insula-rh,0.2288513613450012
3804,right,96283,0.05804613484514996,0.0106312510233773,0.03757695147003273,middletemporal-rh,0.5426113530829708
3805,right,96404,0.050121070206456515,0.0075257956607723015,0.03291421444432138,middletemporal-rh,0.5503562013471567
3806,right,96440,0.02826086019279929,0.005780927298617032,0.03064413101882723,parahippocampal-rh,0.524854722369945
3807,right,96556,0.014016207462407742,0.0427330918491331,0.10591068230728586,superiorfrontal-rh,1.3693877079063892
3808,right,96599,0.030226173129268986,0.041500989900310856,0.10135746629701062,caudalmiddlefrontal-rh,1.5539076542891608
3809,right,96642,0.007692688015082759,0.03970361410789704,0.09873745898296532,superiorfrontal-rh,1.0475013015452443
3810,right,96649,0.02661738412624896,0.038897601027302386,0.09812398545904912,caudalmiddlefrontal-rh,1.4923978800305864
3811,right,96697,0.02025466836807448,0.038357120345548223,0.09462453122492731,superiorfrontal-rh,0.9655913833297772
3812,right,96782,0.04202619672871966,0.035623708853428096,0.08917773635112339,caudalmiddlefrontal-rh,1.2354007234087832
3813,right,96829,0.035482357614936844,0.032490495930593215,0.08398543694437646,precentral-rh,0.9115445974374403
3814,right,96832,0.003955231083609671,0.03226574950484416,0.08378563780271735,posteriorcingulate-rh,0.368781796916321
3815,right,96940,0.05147411985817965,0.02897226726227353,0.07461468704375088,precentral-rh,0.5752438695493527
3816,right,96992,0.035512842122072064,0.024674649762089742,0.06644474385653834,insula-rh,0.40954652091577276
3817,right,97041,0.05075160280345034,0.02277011352317144,0.06229119527968219,postcentral-rh,0.2940346389420479
3818,right,97059,0.04249379971435439,0.0223382695066011,0.06284624415804983,postcentral-rh,0.329218823216806
3819,right,97096,0.04382656845931876,0.021151967646585106,0.058072380259647276,postcentral-rh,0.22634582211865106
3820,right,97120,0.05076213559981469,0.02060837366190469,0.056449496997175434,postcentral-rh,0.26303393005951564
3821,right,97224,0.04522475679179677,0.01503732280596715,0.04563406029268534,superiortemporal-rh,0.35826589428686173
3822,right,97239,0.052986865270280924,0.014988837297044658,0.045729146246736296,superiortemporal-rh,0.5423808484170758
3823,right,97267,0.04684892628921522,0.01338106092417793,0.04341378651381054,superiortemporal-rh,0.43093692199686523
3824,right,97270,0.041369036880133186,0.012733032780306335,0.04238880141711504,superiortemporal-rh,0.38202368503171297
3825,right,97331,1.856922719148282e-05,0.010351246306656108,0.03906027585216951,unknown,0.2371204893574218
3826,right,97376,0.015073190336771581,0.01000529522747201,0.03747148489810183,unknown,0.235870231848561
3827,right,97395,0.043790594328004265,0.010121714651360962,0.03716561076538475,middletemporal-rh,0.4829166752030149
3828,right,97411,0.03475335806521226,0.009911866778235051,0.035866997922220326,unknown,0.44435181114653466
3829,right,97454,0.02905986364490489,0.00737246779814333,0.03241810622720776,unknown,0.4796742385523455
3830,right,97476,0.021196571278693187,0.006873125343857809,0.032012823508395134,unknown,0.39839262961980293
3831,right,97566,0.023446986349247356,0.005301623242764791,0.026537934289560423,parahippocampal-rh,0.6090570937789112
3832,right,97614,0.007876669582028735,0.04522603886415946,0.10799771354994321,superiorfrontal-rh,1.3881016359970662
3833,right,97775,0.007472968450649051,0.03781254318085209,0.09373500518727168,superiorfrontal-rh,0.9624432239425481
3834,right,97803,0.03883764380159093,0.037158141463633165,0.0907660591152977,caudalmiddlefrontal-rh,1.4710946176428
3835,right,97849,0.011634487977021934,0.03468880416867923,0.08680420071348806,superiorfrontal-rh,0.3395737661161803
3836,right,97932,0.04718301825490659,0.03162866573021679,0.0791329290248376,caudalmiddlefrontal-rh,0.6785192760312032
3837,right,97956,0.006285948110973098,0.03025690683588976,0.07756070060766346,posteriorcingulate-rh,0.3911414768391624
3838,right,98161,0.03210083197336166,0.02072776831656221,0.05636309614341838,insula-rh,0.24689312428380294
3839,right,98270,-0.0009176499206185601,0.01400164276870845,0.04502719612391991,unknown,0.2059489635601987
3840,right,98305,0.035049791115352696,0.013637906657267143,0.041528795401163984,insula-rh,0.33325358426054963
3841,right,98562,0.05076536387536354,0.006718613254862585,0.02710636940167954,inferiortemporal-rh,0.4085644871308757
3842,right,98566,0.03439875343122065,0.006553001790306939,0.02762053297935149,fusiform-rh,0.5899262801524103
3843,right,98801,0.03246137115325761,0.03863224209162042,0.09235995010878331,caudalmiddlefrontal-rh,1.5148956327625527
3844,right,98924,0.041541057192456224,0.035217096273052015,0.08401702170034948,caudalmiddlefrontal-rh,0.9353150201819916
3845,right,98931,0.049460900262979585,0.03480842118571296,0.08276368859239125,caudalmiddlefrontal-rh,0.8060723231783831
3846,right,99018,0.0033344848731385475,0.030930071003064417,0.07612640371300386,caudalanteriorcingulate-rh,0.3931140722528017
3847,right,99105,0.05034789262926892,0.02704981838990733,0.06660037376039486,precentral-rh,0.4289736597628918
3848,right,99134,0.0321049765670275,0.025398326059128166,0.0639074782560568,insula-rh,0.3827656715087636
3849,right,99213,0.046550520992663665,0.021541931724388393,0.05485548733501955,postcentral-rh,0.21998286293282227
3850,right,99253,0.032601312477863555,0.021186997297121833,0.05346058772004618,insula-rh,0.23120711480232115
3851,right,99287,0.05228581416666589,0.018212315843287544,0.046576900477719334,superiortemporal-rh,0.5397084028422534
3852,right,99291,0.04788311005282581,0.01877895299475711,0.04909724382172982,transversetemporal-rh,0.17331448493738136
3853,right,99295,0.0009388041545082286,0.017284117119195926,0.048924442464446834,unknown,0.1926404818346937
3854,right,99299,0.05768742236345513,0.017957444416527003,0.04754577820113737,superiortemporal-rh,0.5695039519094326
3855,right,99467,0.02833612608424893,0.012301343000560811,0.03802933239043402,unknown,0.32678158375538036
3856,right,99475,0.054340998417458534,0.012674221402242062,0.03617014023808866,middletemporal-rh,0.4961905396914708
3857,right,99531,0.0034644985548747966,0.010138464959586684,0.03432787703269702,unknown,0.28835033005105964
3858,right,99546,0.058595903015743855,0.010750025687276368,0.03189121537892733,middletemporal-rh,0.5107712238906793
3859,right,99556,0.01008030050000037,0.009545735922239413,0.033035744881318066,unknown,0.29434168861581034
3860,right,99688,0.05002172826877518,0.006387282816774844,0.024519596035008934,inferiortemporal-rh,0.31881265746313375
3861,right,99774,0.02375042165498309,0.04385088300688608,0.10029986837144186,superiorfrontal-rh,1.3217829448950809
3862,right,99806,0.019670120321327575,0.04215156440932416,0.09768742896091079,superiorfrontal-rh,1.0723998697269563
3863,right,99821,0.01459977620622594,0.041823703038942436,0.0973101704494283,superiorfrontal-rh,0.6981460862800314
3864,right,99850,0.03769073086661525,0.04155989962646789,0.09447300130343309,caudalmiddlefrontal-rh,1.5761450814152114
3865,right,99879,0.012426615131526677,0.039469119565401944,0.0911789384528975,superiorfrontal-rh,0.3388635517881456
3866,right,99889,0.044722927260507306,0.039204055170649996,0.0905851706001051,caudalmiddlefrontal-rh,1.3775725109670967
3867,right,99942,0.005344996917994645,0.035922742680025585,0.08621000193162105,posteriorcingulate-rh,0.2895302671182409
3868,right,99992,0.04046879352109005,0.034562314873259975,0.07956710010460558,caudalmiddlefrontal-rh,0.7571494091500482
3869,right,99999,0.003510854130259394,0.03333484648778226,0.07927076139190375,posteriorcingulate-rh,0.3752476089642043
3870,right,100062,0.04497274775373389,0.031773621406148075,0.0749051304627675,caudalmiddlefrontal-rh,0.5954494308076839
3871,right,100082,0.040404671740418646,0.03173841156458269,0.07402982711257641,precentral-rh,0.5749177376863015
3872,right,100108,-0.00027816836906321876,0.030098834819759925,0.07310273007072587,unknown,0.4027450197101517
3873,right,100110,0.05606472573826809,0.03112107839562709,0.07208932780582986,precentral-rh,0.6279566106524543
3874,right,100130,0.00011799470051843575,0.02878481721745919,0.06999423895327242,unknown,0.3930078138552813
3875,right,100209,0.05329025418730323,0.025290339485644155,0.05986065780385919,postcentral-rh,0.3621447423693412
3876,right,100215,0.032014518633318834,0.0247539260477306,0.059626247953617026,insula-rh,0.28607086418488864
3877,right,100620,0.023058975349757645,0.009256223623905501,0.0291964194964358,unknown,0.4685377168098466
3878,right,100641,0.030787116410087963,0.00972683260388918,0.029547289059091212,fusiform-rh,0.5156885673564243
3879,right,100649,0.04612876011170238,0.009720924406738753,0.028505583166802316,inferiortemporal-rh,0.46522389559920124
3880,right,100667,0.017975850339989337,0.008261234966625276,0.02721027322265203,parahippocampal-rh,0.461034212668976
3881,right,100673,0.036281342763711366,0.008534497845457942,0.0265546719690463,fusiform-rh,0.5448340732034654
3882,right,100785,0.012377503544895254,0.04533727392277043,0.1019527886539119,superiorfrontal-rh,0.9843299242564609
3883,right,100788,0.006008229539295199,0.04556181015500618,0.10244383637826898,superiorfrontal-rh,1.5044959519698382
3884,right,100885,0.00564268505431016,0.04186418379026323,0.09462971205345433,superiorfrontal-rh,1.082911094373499
3885,right,101062,0.03289682670263132,0.03373310672176087,0.07715586946581818,caudalmiddlefrontal-rh,0.6830252784547275
3886,right,101151,0.03536374530968973,0.03057038768044057,0.07126030835861813,caudalmiddlefrontal-rh,0.516188701682217
3887,right,101202,-0.0002903435532443762,0.027857799748390453,0.06619450768749324,unknown,0.3779228159774493
3888,right,101247,-0.0005266555425174789,0.02569330518058265,0.061823824018382614,unknown,0.3485282836999044
3889,right,101280,-0.00038682704963001534,0.024129376036459305,0.05834418512348785,unknown,0.3159191207496351
3890,right,101281,0.05644813867434323,0.025514802531818277,0.0569750620926115,precentral-rh,0.5754114964982883
3891,right,101349,0.0004496951572785419,0.021121112085183254,0.053764865325218666,unknown,0.24901588121412332
3892,right,101427,0.05552553230997175,0.01847265008098335,0.04401330848679937,superiortemporal-rh,0.5447269749135907
3893,right,101489,0.04093174366984496,0.016415276939136268,0.039692886225850654,superiortemporal-rh,0.404106987395449
3894,right,101517,0.014038916717240215,0.014023597624761894,0.038535045372018906,unknown,0.20752173841089955
3895,right,101531,0.026956854545520787,0.015400380791999761,0.03732153018057251,unknown,0.3157253187264484
3896,right,101579,0.03309548169181464,0.013826700367825514,0.03462378494669455,unknown,0.4240306974747545
3897,right,101617,0.04678010250819486,0.013286073307899582,0.03324879892154679,middletemporal-rh,0.49654987365204295
3898,right,101650,0.030137514612316542,0.011621479986948777,0.03099646668103733,unknown,0.47710385481275136
3899,right,101701,0.04026373560583306,0.010056166826870694,0.02875855232986024,inferiortemporal-rh,0.4883022964606482
3900,right,101778,0.02734445027822333,0.008509734622740756,0.024036312436691666,parahippocampal-rh,0.6213356922477906
3901,right,101788,0.046056831289449304,0.008120307893212959,0.023024632488517428,inferiortemporal-rh,0.293345029113175
3902,right,101791,0.041221981081095024,0.007917599317350867,0.023045153873858207,inferiortemporal-rh,0.39468726924652264
3903,right,101972,0.02766138759756057,0.04304410083104493,0.09348526347967957,caudalmiddlefrontal-rh,1.4468306360279688
3904,right,101991,0.022358805422253464,0.04256289925411756,0.09261348982343422,superiorfrontal-rh,1.1198268506112605
3905,right,102019,0.0341181635756652,0.04268893596080929,0.09139417693203171,caudalmiddlefrontal-rh,1.5322647655476396
3906,right,102088,0.009044676514243798,0.03869526967437492,0.08540682699883959,posteriorcingulate-rh,0.2602225674337848
3907,right,102307,0.05619382046942035,0.03090164586952685,0.06844191550101109,precentral-rh,0.5769931466133602
3908,right,102327,0.04304695573551449,0.030763642023327993,0.06704634179635063,precentral-rh,0.457146570727904
3909,right,102357,0.05421206960408493,0.02890692482229506,0.06365913621605104,precentral-rh,0.4391073762503186
3910,right,102390,0.05802098276668189,0.028343475472814163,0.06157703191386099,precentral-rh,0.5523948963362579
3911,right,102396,0.04300925601426076,0.028590519086303903,0.06175866210310495,precentral-rh,0.35025493753368847
3912,right,102418,0.046408400978362595,0.02719610055738985,0.06015341909184238,precentral-rh,0.3126370850710359
3913,right,102440,0.04924921801866741,0.02629328827043677,0.057522197080457534,precentral-rh,0.2876161681753434
3914,right,102467,0.03379487669648756,0.024374758145623527,0.055983537362178086,insula-rh,0.2503174242333308
3915,right,102532,0.03289429932994592,0.021976301677707644,0.050042604849404315,insula-rh,0.34678073071661675
3916,right,102604,0.05024963425750669,0.01838494153932338,0.04244966743137059,superiortemporal-rh,0.465141679896308
3917,right,102695,0.04415314404967822,0.016563310920259693,0.038411554797341194,superiortemporal-rh,0.4377448448381436
3918,right,102818,0.05513195075648392,0.011314462319071,0.02897011904504495,middletemporal-rh,0.5304442794406495
3919,right,103048,0.004715838037850608,0.04484648211009973,0.09713925604350628,superiorfrontal-rh,1.3353097168522492
3920,right,103051,0.032495732718303576,0.04566840441686264,0.09647181173029679,caudalmiddlefrontal-rh,1.5276525080875905
3921,right,103149,0.04069572949549937,0.04272760682321429,0.090235669519257,caudalmiddlefrontal-rh,1.5150890188205075
3922,right,103213,0.030875064098228534,0.040337895065557405,0.08651687604066204,rostralmiddlefrontal-rh,1.2178039433594579
3923,right,103266,0.006454594306250764,0.03770849421866462,0.08176702009583878,posteriorcingulate-rh,0.30911853635486686
3924,right,103291,0.007328146587279717,0.03607528494309201,0.07868387312589326,posteriorcingulate-rh,0.3541576952768037
3925,right,103353,0.05001943464908523,0.035827903855618695,0.07523074662211848,precentral-rh,0.6754229866389642
3926,right,103408,0.04673463883190015,0.03354477443464987,0.07151690670366526,precentral-rh,0.5587758913265435
3927,right,103515,0.038378151588722736,0.028853887460004526,0.06193036458486554,precentral-rh,0.3648693472990255
3928,right,103519,0.03503835446365028,0.029320284399282744,0.06210431947721818,precentral-rh,0.389119414106144
3929,right,103601,0.0525073345117049,0.02557945304658368,0.05469917923266457,precentral-rh,0.3236263805085243
3930,right,103632,0.0554004760216684,0.024553822273560042,0.05289995030350063,postcentral-rh,0.6027693801464544
3931,right,103639,0.03552025724678109,0.024938622860414608,0.05306768665873264,insula-rh,0.24509202824428578
3932,right,103703,0.03634756348811796,0.02086211694731058,0.045498216871401875,insula-rh,0.27696615427016286
3933,right,103722,0.04502979473072118,0.020016106045704744,0.04367212952463789,superiortemporal-rh,0.3480150323939348
3934,right,103764,0.018869128508498745,0.01810462929880511,0.04026321537436715,unknown,0.20220333327880763
3935,right,103769,0.013992197434202552,0.017992955984209445,0.039840549059248116,unknown,0.18196681258299657
3936,right,103776,0.04777337140336416,0.019111870031393842,0.039662406372267874,superiortemporal-rh,0.42945793829883183
3937,right,103844,-0.00031188807468398726,0.0171410809185515,0.03816907606392086,unknown,0.2908230560896671
3938,right,103849,0.03901095578617627,0.017894042793865965,0.036787124863794096,superiortemporal-rh,0.4230782303728525
3939,right,103882,0.009560826386228216,0.014671815296616363,0.035158829020133606,unknown,0.2595421404729526
3940,right,103888,0.0039401952117135396,0.0146625736874913,0.03536746993696945,unknown,0.29159613605747237
3941,right,104062,0.021579297171237098,0.010532982379901783,0.024254607832793287,entorhinal-rh,0.5049780028289008
3942,right,104145,0.009296458179988818,0.049229133008965836,0.1044181310681802,superiorfrontal-rh,1.4268124808759346
3943,right,104146,0.007545140658412728,0.04928564064813562,0.10244198617622527,superiorfrontal-rh,1.7518776816476234
3944,right,104187,0.0222283529536026,0.047606218197472516,0.09828143549303744,superiorfrontal-rh,1.2918648797095875
3945,right,104189,0.020045322393449524,0.04718477930672313,0.09848283704964722,superiorfrontal-rh,1.1722610820121653
3946,right,104196,0.030329791611892334,0.047898297771984885,0.09793023730207254,caudalmiddlefrontal-rh,1.5012948858282267
3947,right,104269,0.009908970584893371,0.04413682131547131,0.09281699353351744,superiorfrontal-rh,0.22693453496765506
3948,right,104338,0.01351858231569995,0.04088164289066587,0.0866351806270645,superiorfrontal-rh,0.35357000024282287
3949,right,104419,0.04548616773562256,0.039399824599900796,0.08025893905930559,caudalmiddlefrontal-rh,0.8473437088094596
3950,right,104425,0.036409167454869225,0.03902009235690847,0.08010398632474847,caudalmiddlefrontal-rh,0.8932335192310581
3951,right,104557,0.05175717951521422,0.03431004160479338,0.06940813474587229,precentral-rh,0.551756384690029
3952,right,104675,0.05906252408701909,0.028441478256276565,0.05784498015227476,precentral-rh,0.6096396551673738
3953,right,104835,-0.0006054388140301406,0.0197898770029803,0.04269624640590643,unknown,0.24960386526345146
3954,right,104967,0.02589542095581115,0.018342596120087203,0.03749867873007156,unknown,0.2996500406098938
3955,right,104994,0.02902609483455273,0.016597542849769904,0.033861304894310454,unknown,0.3735211069662351
3956,right,105070,0.024414428508998262,0.013111117553420608,0.027067878437246385,unknown,0.41088472935380005
3957,right,105112,0.01622020215276553,0.012666520705587093,0.026024163738226417,entorhinal-rh,0.38252735193276655
3958,right,105150,0.049014597654612156,0.011960666996739677,0.02348325221148357,inferiortemporal-rh,0.356874874610544
3959,right,105431,0.043971614255922005,0.042792726818119034,0.08498206823534178,caudalmiddlefrontal-rh,1.1545042384031299
3960,right,105447,0.005480861410556627,0.04193592666046324,0.08583828164547629,caudalanteriorcingulate-rh,0.2078260391782741
3961,right,105578,0.006255786876388671,0.03625557264503092,0.07484774773322032,caudalanteriorcingulate-rh,0.37769573637753495
3962,right,105601,0.0029260963139104853,0.036137645466304436,0.07351399168840847,unknown,0.3877775923537451
3963,right,105733,0.051030910849399376,0.031097746080440594,0.06119115219663828,precentral-rh,0.3890270541514696
3964,right,105738,0.031589339113704686,0.03043223481744174,0.06173654443723392,insula-rh,0.4131352534518118
3965,right,105875,0.03573201855594505,0.025324251521642284,0.04950484673424901,insula-rh,0.3249965105276539
3966,right,105889,0.0008146794067524794,0.023050594915436668,0.04739910110001909,unknown,0.224926675936771
3967,right,105908,0.05262600876660972,0.02379746754180351,0.04546735429066484,superiortemporal-rh,0.5078514648859582
3968,right,105909,0.0495646278152975,0.023052674899772963,0.04509101502545308,superiortemporal-rh,0.3880942157355523
3969,right,105971,0.053637528108562996,0.021277688780830088,0.03940972156400813,superiortemporal-rh,0.46067777328308096
3970,right,105996,0.03473053430591374,0.02066864443473455,0.040017886477426,insula-rh,0.33980094725998655
3971,right,106046,0.008808795447301005,0.018776153118103503,0.03828099036207731,unknown,0.22518094104685676
3972,right,106139,0.030965117034659203,0.014737565056029599,0.02956224413946955,unknown,0.46452641066162825
3973,right,106156,0.048474314260467735,0.015330661300152612,0.028409400501484248,middletemporal-rh,0.4632137265557057
3974,right,106164,0.03357655421581769,0.014381219856120135,0.027909117373462477,fusiform-rh,0.4641718789807571
3975,right,106390,0.006028838802482147,0.04877948698421318,0.09802208845187503,superiorfrontal-rh,1.512181955870946
3976,right,106399,0.014010852498882856,0.04827211759630404,0.09731172006811868,superiorfrontal-rh,0.8137788558036912
3977,right,106461,0.030939169822470535,0.045651889936374104,0.09029404514179463,rostralmiddlefrontal-rh,1.4664830240033913
3978,right,106498,0.03949430600648046,0.04481173833447001,0.08817405261226069,caudalmiddlefrontal-rh,1.4686859399320769
3979,right,106562,0.009368690734704088,0.04215561067917095,0.08316013826355716,caudalanteriorcingulate-rh,0.2500630944074214
3980,right,106574,0.03468309443236616,0.04105651780982357,0.08227302110000029,caudalmiddlefrontal-rh,1.053364373645299
3981,right,106740,0.03534711743839794,0.0360445898986944,0.06936495919406949,parsopercularis-rh,0.5354765800763193
3982,right,106754,0.0565597364096729,0.03646409085264289,0.068409210972083,precentral-rh,0.5465329261741921
3983,right,106784,0.0477643477866214,0.033763143801654065,0.06479350805512264,precentral-rh,0.4613401819328876
3984,right,106884,0.02917990587965973,0.030618225114044145,0.059124957815728144,insula-rh,0.3777585859996095
3985,right,106971,-0.0001844964048765029,0.02668279260525596,0.052031394289352266,unknown,0.27988246513031845
3986,right,107172,0.03699484298905973,0.01978545606636773,0.035771073059526676,insula-rh,0.4123412482782546
3987,right,107223,0.05028730640640124,0.017732260328842467,0.03121429425789545,middletemporal-rh,0.4541931222205888
3988,right,107463,0.013998412366674061,0.05228127420264901,0.10179598132036229,superiorfrontal-rh,0.9135509518748512
3989,right,107579,0.003688046422676974,0.04742214046494897,0.09170566197582435,superiorfrontal-rh,0.33526377572354404
3990,right,107626,0.012583781458900564,0.045977402518988464,0.08837268094740368,superiorfrontal-rh,0.3427473698082169
3991,right,107720,0.04285419762632464,0.043325802659773996,0.08125833538185953,caudalmiddlefrontal-rh,0.983926097527415
3992,right,107775,0.005008586308918619,0.039726256555628794,0.0778909992712378,caudalanteriorcingulate-rh,0.3484492630903438
3993,right,107812,0.03058202377362031,0.03829704367284337,0.07271060225410415,caudalmiddlefrontal-rh,0.6220286998933908
3994,right,107832,-0.00028800862596600133,0.03701847536994078,0.07150127349871542,unknown,0.401056682255168
3995,right,107840,0.040579582821394795,0.03703447013296214,0.07060375130845142,parsopercularis-rh,0.5640370840364571
3996,right,107906,0.0545360226262778,0.035418648777180595,0.06472876913122275,precentral-rh,0.48838759431568385
3997,right,107952,0.05777445510723376,0.03381625518394443,0.061071188106113956,precentral-rh,0.5894232590343258
3998,right,108051,0.030760987928182538,0.030193760706520183,0.055634885275111665,insula-rh,0.270144342567879
3999,right,108052,-0.0012543477915843697,0.02961830066575166,0.055738267615276865,unknown,0.33498288793264724
4000,right,108121,0.033770012574544886,0.025828449774339186,0.04645613428456513,insula-rh,0.3608771447156339
4001,right,108175,0.04840714227926692,0.023766459991882243,0.04302108471491074,superiortemporal-rh,0.37353707615581805
4002,right,108196,0.0185430891259436,0.022004678617776746,0.04187359584283596,unknown,0.16864690598824628
4003,right,108217,0.014219337099142068,0.022491997201520182,0.03959394627291256,unknown,0.18111947598914444
4004,right,108259,0.02317660856268022,0.021910916021329847,0.03796679171960231,unknown,0.26976980403079476
4005,right,108300,0.024263183450477108,0.019573854397028096,0.034786881459885156,unknown,0.31152347668752894
4006,right,108313,0.04333618495165765,0.019702980651509987,0.033370101073178296,superiortemporal-rh,0.4532493643467342
4007,right,108381,0.03687873518804009,0.01616094122120971,0.026739023688062084,fusiform-rh,0.4380740783152418
4008,right,108441,0.05243493290959032,0.01586343185262084,0.024159402167873576,middletemporal-rh,0.39787998327233853
4009,right,108450,0.029540657983309022,0.01424270824238069,0.023758150099622333,fusiform-rh,0.3772887230287908
4010,right,108465,0.04160556035773583,0.0148170676761899,0.02317499458523102,inferiortemporal-rh,0.36950552544878623
4011,right,108470,0.025483654461941417,0.014323263661265505,0.02402239632327563,entorhinal-rh,0.27651503523911225
4012,right,108658,0.03622837592845702,0.04987650323138915,0.0927831112570909,caudalmiddlefrontal-rh,1.4928220040879128
4013,right,108687,0.02981657437738477,0.04878098419146694,0.0913579421518604,caudalmiddlefrontal-rh,1.478017853216994
4014,right,108731,0.02449515141021145,0.04719959268290541,0.0884803462079233,caudalmiddlefrontal-rh,1.1289250949545626
4015,right,108857,0.02877321398896765,0.043117496333302044,0.08065671962207607,rostralmiddlefrontal-rh,0.9019406692218835
4016,right,108894,0.0075969338602151475,0.04083867653241521,0.07590265621090338,caudalanteriorcingulate-rh,0.35795791491224466
4017,right,109051,-0.0012224416964451796,0.032677315343772564,0.060014703286103956,unknown,0.3730439597206265
4018,right,109091,0.056277471010185855,0.03301407502893158,0.05715555509112369,precentral-rh,0.5205669182368126
4019,right,109097,0.04980589041116646,0.03330870357460082,0.057207052992751466,precentral-rh,0.33777728174274174
4020,right,109155,0.04379070818692745,0.03042425726444864,0.05290150540199818,precentral-rh,0.2734228332966079
4021,right,109166,0.05625745311314244,0.031053263982457332,0.05255765160206345,precentral-rh,0.505154281325858
4022,right,109185,0.03305637199554658,0.029359794899018972,0.05101982111846197,insula-rh,0.2983899030352877
4023,right,109274,0.043590281919032164,0.02487412055444913,0.04136419455779203,superiortemporal-rh,0.33050071553184857
4024,right,109341,0.046172307773522756,0.022691812398508714,0.037016029434990196,superiortemporal-rh,0.4060605519228707
4025,right,109413,0.031587905990226546,0.018907601796862517,0.028953039396945227,unknown,0.4296734786100564
4026,right,109480,0.043584595082155196,0.0173290674737369,0.024939407881836358,inferiortemporal-rh,0.40955730481377184
4027,right,109658,0.017500175328034696,0.05344822013854725,0.0983073608810538,superiorfrontal-rh,1.0809818615297717
4028,right,109662,0.01208296037793592,0.052988361459004166,0.09932763681570798,superiorfrontal-rh,0.6775400217195262
4029,right,109711,0.022391544482261216,0.05092058475560847,0.09515700905178147,superiorfrontal-rh,1.3159079987712397
4030,right,109778,0.0203473955853674,0.04861134851445428,0.08935812001251918,superiorfrontal-rh,0.8979128696335201
4031,right,109827,0.04330695436597083,0.046433506295483956,0.08439263596250457,caudalmiddlefrontal-rh,1.2163499556644604
4032,right,109891,0.004562459919351782,0.044148120740150565,0.08147071746291129,caudalanteriorcingulate-rh,0.3045636926904889
4033,right,110026,-0.00032485132365788307,0.037481320566469814,0.06763764990347243,unknown,0.40151452253250264
4034,right,110048,0.040615886644291374,0.03647151379242401,0.06409932653338479,parsopercularis-rh,0.4445073346478043
4035,right,110049,-0.0007154456085446302,0.035468860949339556,0.06393096541847698,unknown,0.3936460319877801
4036,right,110135,0.0404372437308447,0.03209442442388154,0.05416296691591945,precentral-rh,0.2841319125219951
4037,right,110157,0.052267368631599656,0.03170975849556357,0.05280648730165261,precentral-rh,0.28076116322161343
4038,right,110161,0.047885742862318045,0.03208341115544853,0.052800434567814934,precentral-rh,0.29939589494923097
4039,right,110280,0.03445624003389962,0.024951198381474693,0.04094635373688162,insula-rh,0.3289768837882587
4040,right,110336,0.003668746265654815,0.022849514180774636,0.03732181134901513,unknown,0.3170239529525603
4041,right,110374,0.03495129813732431,0.022956254224602433,0.0356195343944675,insula-rh,0.39007106985109696
4042,right,110395,0.027649960643235903,0.022267949819503426,0.035155281687851876,unknown,0.3370095330579478
4043,right,110562,0.02080661506532249,0.015263796367294849,0.02196210169664415,entorhinal-rh,0.2886086491077061
4044,right,110690,0.003990177788094082,0.05195028312798279,0.09557716374267952,superiorfrontal-rh,1.371213585963151
4045,right,110700,0.009178760571627576,0.05164624021666857,0.09380936793480622,superiorfrontal-rh,0.5543343801754671
4046,right,110755,0.007313190226489619,0.049364192861029,0.08842544317390928,superiorfrontal-rh,0.28851752799337155
4047,right,110791,0.028680096897140676,0.04758467635428573,0.0838245868289181,rostralmiddlefrontal-rh,1.1004358244840555
4048,right,110804,0.013517121236893985,0.04626679478139542,0.08262816749755464,superiorfrontal-rh,0.2878508849767395
4049,right,110878,0.036064127599039125,0.0454094671965526,0.07921873103758932,caudalmiddlefrontal-rh,0.9740538158571542
4050,right,110926,0.03056480007112908,0.04270203048656877,0.07483107858103424,caudalmiddlefrontal-rh,0.7191712519324653
4051,right,110958,0.03601654473041836,0.04180757986767683,0.07168012966629195,rostralmiddlefrontal-rh,0.636271535239711
4052,right,111000,0.042910911825637235,0.040350411888484636,0.06810407166282442,parsopercularis-rh,0.5394007011879948
4053,right,111043,0.044664910014246335,0.03621917515431531,0.06048672361785738,parsopercularis-rh,0.381119893561412
4054,right,111189,0.036755872250074054,0.030156889502099493,0.04857945556817197,insula-rh,0.33691221957646095
4055,right,111211,-0.0011641113558579336,0.028593491402258763,0.04595303639885339,unknown,0.276653340841145
4056,right,111219,0.047731856161021526,0.02873199220026281,0.04449458905957678,superiortemporal-rh,0.2322270152061323
4057,right,111230,0.03349905141726216,0.028957695897375173,0.04470575177008093,insula-rh,0.38408380665392233
4058,right,111265,0.05435100294583392,0.026961178398127308,0.04080293710352839,superiortemporal-rh,0.45769882816378943
4059,right,111273,-0.0003470643297749888,0.025446727679663557,0.04053773775418383,unknown,0.29045260634907843
4060,right,111304,0.04284763545734064,0.02548831793976211,0.03810887014418565,superiortemporal-rh,0.3763566283418125
4061,right,111319,0.023393501699542504,0.024788073832311762,0.036463503429498605,unknown,0.29114332207289273
4062,right,111351,0.009878375659095303,0.023584438496386646,0.03704601503084631,unknown,0.25762030256849255
4063,right,111424,0.028662567224837524,0.021125388901599998,0.030028717030168264,unknown,0.382042555316857
4064,right,111447,0.05388121061209176,0.020167768600131412,0.02785916620638521,middletemporal-rh,0.4144467930733707
4065,right,111455,0.05233499572569787,0.020415133378479867,0.025872490024061008,middletemporal-rh,0.423149919516119
4066,right,111584,0.03630397156778634,0.015681198256966747,0.019572849402461873,inferiortemporal-rh,0.32037587296781056
4067,right,111620,0.03226008248766465,0.014280516081194556,0.016590488950842263,fusiform-rh,0.7888380669939317
4068,right,111805,0.006790680836366877,0.04700949734853152,0.08205805245302313,caudalanteriorcingulate-rh,0.2839399327723732
4069,right,111871,0.03562737536399936,0.04436530185047646,0.07636298439711414,caudalmiddlefrontal-rh,0.8219643765934014
4070,right,111903,0.0062319360952372335,0.04207253464235512,0.07228876919503949,caudalanteriorcingulate-rh,0.38113147249670537
4071,right,111963,0.044999376968718606,0.039467891209695016,0.06578491678392284,parsopercularis-rh,0.4959889075039536
4072,right,111993,0.03241230916125048,0.03746958849313019,0.06167773625723072,parsopercularis-rh,0.4391734227668246
4073,right,112018,0.03591603251537885,0.03618197389798572,0.05971731931458523,parsopercularis-rh,0.3775615008386319
4074,right,112040,0.038834456343828226,0.03474488349861192,0.05703822531887566,parsopercularis-rh,0.3175919488426181
4075,right,112071,0.055846601694886214,0.03421289317442106,0.0530577711946617,precentral-rh,0.4197748168706975
4076,right,112166,0.053075860409729995,0.029906384484110593,0.044918430402311,superiortemporal-rh,0.4320605141701574
4077,right,112212,0.03311053249962254,0.028102241993162455,0.04062366078050865,insula-rh,0.3441217037663956
4078,right,112223,0.04491336497519787,0.027136251558995562,0.03918900170096203,superiortemporal-rh,0.34746902855349965
4079,right,112242,0.018627391627970905,0.025436120961004775,0.03955941317441125,insula-rh,0.2023041549334572
4080,right,112245,0.014830583497631738,0.025892637981772746,0.038913776585944304,insula-rh,0.1902452279996289
4081,right,112305,-7.74399071011417e-05,0.02460949081460569,0.03599737741946542,unknown,0.3749184470411477
4082,right,112368,0.048051343322021295,0.023331653807739574,0.030786468815127074,middletemporal-rh,0.41975172203794847
4083,right,112431,0.025215828276247663,0.020135916151904354,0.024531401077443095,unknown,0.3173201314708609
4084,right,112494,0.03263396396874742,0.01873558044603968,0.02229328279820012,fusiform-rh,0.3487815505069333
4085,right,112568,0.026867717755694628,0.01637565694047581,0.018588674107403138,fusiform-rh,0.2888383128877334
4086,right,112821,0.034738799957749075,0.04820224020819816,0.0812968304601548,rostralmiddlefrontal-rh,1.1237485611739462
4087,right,112856,0.011137765437137698,0.04623146673394142,0.07883845303293024,superiorfrontal-rh,0.3022130993870849
4088,right,112925,0.03983849746322575,0.04304149202937531,0.07079531884579121,rostralmiddlefrontal-rh,0.6142155561368574
4089,right,112944,0.048872169392991674,0.042601951327365134,0.06937876762090905,parsopercularis-rh,0.5908469226795104
4090,right,113020,0.02964702698721641,0.03734659825807507,0.05929948078945719,insula-rh,0.426723804873293
4091,right,113203,0.05105360017167221,0.03043319370366811,0.04259812854034295,superiortemporal-rh,0.33888306306542626
4092,right,113252,0.01937216938435657,0.02582833458266594,0.038628089930056626,insula-rh,0.22499359627888724
4093,right,113261,0.010595289444523953,0.027854109780983082,0.04020570500956587,insula-rh,0.25753988468499206
4094,right,113298,0.03477610830257271,0.026581944949570745,0.03641702644549255,insula-rh,0.38035273303458683
4095,right,113358,0.04220745604289141,0.025478058797226477,0.03440738318933729,superiortemporal-rh,0.4157751987885349
4096,right,113452,0.020544700621078615,0.020979691631533647,0.02513946672113569,unknown,0.30712540242784936
4097,right,113552,0.04315384285631312,0.018801231159065943,0.019599749459728397,inferiortemporal-rh,0.340013984466911
4098,right,113577,0.04250611330718807,0.016980410155453138,0.017639230276883244,inferiortemporal-rh,0.3174316988049578
4099,right,113799,0.0326274653360388,0.05177449256710888,0.08640741783162492,rostralmiddlefrontal-rh,1.363282160843387
4100,right,113890,0.024650595304141036,0.04867208688467277,0.07992799442203036,rostralmiddlefrontal-rh,0.7421016425220006
4101,right,113943,0.0036047673875278185,0.04569120041759664,0.07612648603918117,caudalanteriorcingulate-rh,0.36707570532362244
4102,right,114125,0.05165469708883721,0.038192543312401184,0.05780482671385767,parsopercularis-rh,0.46438750184323024
4103,right,114145,0.030250394305294113,0.03678550967468362,0.05556025493519973,insula-rh,0.3551919682542997
4104,right,114149,0.04579394216315451,0.03693078840767068,0.054557090238620536,parsopercularis-rh,0.3531980626385297
4105,right,114234,-0.0005831821927942068,0.03262914847625025,0.050115293336586625,unknown,0.33493541828296275
4106,right,114334,0.022216451141542852,0.028753690006059502,0.03843092961906428,insula-rh,0.2864001789953673
4107,right,114383,0.0067928613376060775,0.027231947321490032,0.0378057547101838,unknown,0.3227204484099906
4108,right,114402,0.004064483174102249,0.02832036293774282,0.036950291365954485,unknown,0.3785527707091884
4109,right,114459,0.04902843385848716,0.026655981430041515,0.03375150911714558,middletemporal-rh,0.3749832815168108
4110,right,114492,0.0392980112067003,0.025582476989508655,0.031146628118258912,superiortemporal-rh,0.43588903464761497
4111,right,114570,0.047576060417598216,0.021064269466300564,0.02339024447206089,middletemporal-rh,0.4074116844006832
4112,right,114590,0.025254913324781754,0.02090046039264312,0.023049037172447998,entorhinal-rh,0.3013899384563768
4113,right,114692,0.034754621892750436,0.017230768309180376,0.014902489222049868,inferiortemporal-rh,0.37198442080544153
4114,right,114769,0.0060422784332130955,0.056306988846817924,0.09732722215182339,superiorfrontal-rh,1.322637906212587
4115,right,114820,0.013536943077741028,0.05515129152798404,0.0920317724036729,superiorfrontal-rh,0.42515965859542687
4116,right,114827,0.03366325986824548,0.05515210091682256,0.09161897003532227,caudalmiddlefrontal-rh,1.4737995074867571
4117,right,114844,0.028399277417268817,0.055539259041922986,0.09030351098750417,superiorfrontal-rh,1.3900620511903843
4118,right,114919,0.012206361286871152,0.05182459234553623,0.08580875340514192,superiorfrontal-rh,0.2605060643097094
4119,right,115085,0.0029498797311610946,0.043935287767541256,0.0702134412536012,caudalanteriorcingulate-rh,0.39195571923715605
4120,right,115178,0.04798263850514922,0.0419896413193674,0.061803999415709826,parsopercularis-rh,0.4910897791404598
4121,right,115319,0.0318626446645059,0.035567109675168615,0.05156158847269524,insula-rh,0.3091969505373047
4122,right,115326,0.04938310624357254,0.0371726376869303,0.050779337653137205,precentral-rh,0.32550849832144246
4123,right,115341,0.05267940569475995,0.03662548816839721,0.04966373762566301,precentral-rh,0.2468094276159488
4124,right,115378,0.03482631792015585,0.03449881949267789,0.04780594235052504,insula-rh,0.359031671716486
4125,right,115460,0.0005693127536725395,0.028758134279306926,0.03996430728500851,unknown,0.3105436460411364
4126,right,115499,0.015697878066345487,0.02921253690151003,0.03813754344986753,insula-rh,0.20757495856299332
4127,right,115530,0.03400921084276181,0.02938876469982686,0.036574488201373115,insula-rh,0.3849269002878257
4128,right,115574,0.028444451447911846,0.026980973409828548,0.03401825286281642,insula-rh,0.36128751525065933
4129,right,115604,0.0533902539042048,0.027157681901138268,0.03122629382364514,middletemporal-rh,0.35205180278015935
4130,right,115609,0.04428725757658775,0.026140024428115208,0.0311524415204204,superiortemporal-rh,0.42459920902652004
4131,right,115726,0.020562841589575925,0.02039347591653981,0.020228819787507995,entorhinal-rh,0.27325970874925454
4132,right,115881,0.019494618024315992,0.05773272542723712,0.09477277852923484,superiorfrontal-rh,1.21191801644034
4133,right,115943,0.004639361487716482,0.05503819111953995,0.09085068539319309,superiorfrontal-rh,0.43235112405217635
4134,right,116050,0.04035043422664783,0.05080122630578199,0.07928573491576776,rostralmiddlefrontal-rh,0.9828482813441574
4135,right,116061,0.004916878314067287,0.049559419484575165,0.07926985425335874,caudalanteriorcingulate-rh,0.3396598015530361
4136,right,116127,0.005485046865173638,0.04690585646681489,0.07264276148322316,caudalanteriorcingulate-rh,0.3688414712692085
4137,right,116164,0.033122049548594136,0.04589310761052205,0.0701156267805953,caudalmiddlefrontal-rh,0.6344239293659883
4138,right,116202,0.0374558721106929,0.04488302150526009,0.06714816017112844,parsopercularis-rh,0.5432658225693588
4139,right,116248,0.04167335881231056,0.04368435129523662,0.06403620250823103,parsopercularis-rh,0.47721945527647036
4140,right,116256,0.05350724039594222,0.043378398368704565,0.06338722738262875,parsopercularis-rh,0.5846037686946305
4141,right,116482,0.03533363989476799,0.03335477033273261,0.043775440375245195,insula-rh,0.4317333873581947
4142,right,116512,0.045625361684208714,0.0326133020112101,0.0420189672316692,superiortemporal-rh,0.22992699295295424
4143,right,116524,0.033371883572875224,0.031516874945214275,0.04006448865589819,insula-rh,0.38264971998372116
4144,right,116543,0.04607279590324763,0.031733229059210305,0.03850013265923037,superiortemporal-rh,0.3135646981144853
4145,right,116547,0.027954285537126946,0.030885817903398696,0.038559453508624233,insula-rh,0.3631892916885926
4146,right,116683,0.03621853646211852,0.026498825834060904,0.030831563356264254,superiortemporal-rh,0.4284101984652227
4147,right,116839,0.04557283353202123,0.02026780169426356,0.015093265800764557,inferiortemporal-rh,0.3288670071506299
4148,right,116936,0.010067864044192252,0.059146825600732714,0.09630396270250532,superiorfrontal-rh,0.9453962929511407
4149,right,116938,0.005226618890621603,0.059382893634230924,0.09611383846420923,superiorfrontal-rh,1.0397053884012235
4150,right,116981,0.023889346378015045,0.05749548823455715,0.09283845498856347,superiorfrontal-rh,1.3511399340132186
4151,right,117062,0.025245377073490522,0.053721299692691696,0.08343630545710687,rostralmiddlefrontal-rh,0.9195237007460189
4152,right,117087,0.014629014454712876,0.05189306450366332,0.08062224685891953,superiorfrontal-rh,0.27001586037808634
4153,right,117210,0.040669504987073786,0.0475245187889648,0.07103720822245765,rostralmiddlefrontal-rh,0.6412535703444878
4154,right,117219,0.045412558082836216,0.04727326412653965,0.0704883636905663,rostralmiddlefrontal-rh,0.6509290332705174
4155,right,117246,-0.0009841306241960392,0.04554165302189345,0.06831963247458256,unknown,0.3979260787331503
4156,right,117370,0.034452876452000854,0.0414511638058503,0.056505692305759914,parsopercularis-rh,0.37633537790478055
4157,right,117394,0.05457125731045411,0.0408701244382953,0.05561541123695433,parsopercularis-rh,0.5361633983571262
4158,right,117416,0.03731653996444746,0.04008629022201521,0.05380393353105558,parsopercularis-rh,0.3454937250448794
4159,right,117433,-0.0009109552756926771,0.03835347987811788,0.05352237657655509,unknown,0.38794786893103206
4160,right,117465,0.04069276163079671,0.03898893455927602,0.050452187498594765,parsopercularis-rh,0.3455377772826138
4161,right,117474,0.04379107412681569,0.03783794271505353,0.050082255763714674,parsopercularis-rh,0.33641225934767266
4162,right,117572,0.0029016543491367174,0.03253843705102136,0.04083461072962714,medialorbitofrontal-rh,0.3354652219637
4163,right,117633,0.01994189582272494,0.03317814534502114,0.037454396184222645,insula-rh,0.3836803618917134
4164,right,117635,0.017174960735799258,0.031027149519091995,0.03747403304658094,insula-rh,0.2146412479767899
4165,right,117648,0.024930508858664584,0.030063974686109652,0.037338685076931194,insula-rh,0.3371210681634103
4166,right,117696,0.034607930762205405,0.029193108785655272,0.032734558764857515,insula-rh,0.41474044584296166
4167,right,117801,0.03796726626967236,0.024533292923692086,0.02384759358619806,middletemporal-rh,0.40779281529603223
4168,right,117872,0.042988281815266295,0.023717050734569096,0.020528350541463614,middletemporal-rh,0.377581612022295
4169,right,117925,0.028939377974415387,0.021188235554336663,0.016613767976121546,fusiform-rh,0.2829876180743534
4170,right,118086,0.01999305476870905,0.05825268909415461,0.0911616963154671,superiorfrontal-rh,0.937401191561127
4171,right,118132,0.023622500040782354,0.05634056358454351,0.08683348568942696,superiorfrontal-rh,0.9777751289382429
4172,right,118136,0.007868729841742186,0.05575628424284569,0.08705938397137788,superiorfrontal-rh,0.3023693956953801
4173,right,118183,0.03780112183608492,0.05366934160105641,0.0817853752178951,rostralmiddlefrontal-rh,1.2078081741692739
4174,right,118220,0.006934833729196996,0.051710227154477914,0.07943641515545675,caudalanteriorcingulate-rh,0.30892732796464
4175,right,118277,0.030785341634756252,0.051252009549713706,0.07725876444828224,rostralmiddlefrontal-rh,0.8655840991651252
4176,right,118312,0.035435811856081266,0.050150903428458016,0.07385974233017539,caudalmiddlefrontal-rh,0.7738545768124317
4177,right,118423,0.048739286216196956,0.04560795856923695,0.06479420242464867,parsopercularis-rh,0.5648406369280776
4178,right,118473,0.04909629718967212,0.04282575505028424,0.05818878787851126,parsopercularis-rh,0.49096324264450725
4179,right,118614,0.0023633582071824473,0.03393912232027478,0.044408745350576866,unknown,0.4000797308486819
4180,right,118619,0.051466413250784195,0.034709403352627975,0.04281369882834856,superiortemporal-rh,0.27646876005803156
4181,right,118684,0.043957233265724975,0.03247556466217806,0.03793317130136972,superiortemporal-rh,0.34003049734830804
4182,right,118738,0.029400664790070283,0.031199779719497587,0.03498121487347427,insula-rh,0.38862881138497274
4183,right,118784,0.0028229641084047707,0.029954824448891377,0.03254554997494666,unknown,0.5120621102754767
4184,right,118812,0.05125747346927255,0.029798178024451207,0.030428297331846495,middletemporal-rh,0.3458740676581212
4185,right,118837,0.05180488713952924,0.02846276010467914,0.02766249100781371,middletemporal-rh,0.3653033984260096
4186,right,118876,0.02328051288966695,0.026697919992130066,0.02481451099552946,unknown,0.3270198726986404
4187,right,118918,0.021558395649037145,0.024954554077093828,0.024030843538173155,unknown,0.3055494370868207
4188,right,118946,0.044528827253473485,0.02554005328418977,0.022120331407130756,middletemporal-rh,0.4071353848226163
4189,right,119156,0.014926207237578428,0.06064834020558711,0.09356648283989652,superiorfrontal-rh,0.857970386133848
4190,right,119383,0.02693430974203758,0.05219633206506899,0.07642233411957058,rostralmiddlefrontal-rh,0.7151864406018753
4191,right,119388,0.011630065017512787,0.05152943525069581,0.07568327144270931,superiorfrontal-rh,0.301624597589252
4192,right,119428,0.006506836496515168,0.05106083809158181,0.07318469548734359,caudalanteriorcingulate-rh,0.34220603264303695
4193,right,119490,0.00678513584479809,0.04820564989818543,0.06907141017473345,caudalanteriorcingulate-rh,0.37341095052925516
4194,right,119527,-0.0016474459937102193,0.04557776365989952,0.06408656606533705,unknown,0.398863439364282
4195,right,119577,0.02756945143199533,0.04491528588284541,0.05900617554535101,insula-rh,0.4541313365550536
4196,right,119594,0.031499952507637465,0.04386664613305814,0.0581725080050505,parsopercularis-rh,0.4101199915189056
4197,right,119615,-0.001644175263270856,0.04208471422638149,0.05664842758148024,unknown,0.40110099942389216
4198,right,119619,0.041699141296947066,0.04244369575122828,0.055228806219145166,parsopercularis-rh,0.38548178214519835
4199,right,119784,0.03310971370854995,0.034373465429915845,0.03928403003884251,insula-rh,0.4212093422337054
4200,right,119800,0.020934072502036927,0.03397001268039006,0.037382069819989164,insula-rh,0.4098608430365584
4201,right,119845,0.03290402641850789,0.03274630203298777,0.036063849291622124,insula-rh,0.41044101902902025
4202,right,119871,0.04298891838766004,0.03196261256060087,0.03359683138459548,superiortemporal-rh,0.40242624202957744
4203,right,119886,0.03332517339843647,0.03133231242030249,0.03314334334834058,insula-rh,0.4164966346684717
4204,right,119896,0.04588588985334082,0.03169230687642488,0.032304384744360745,superiortemporal-rh,0.3818439830238775
4205,right,119930,0.029326589559462678,0.03005973431907565,0.030307404310613094,insula-rh,0.4014721712466515
4206,right,119976,0.025450106980427923,0.028848278682201692,0.027381656543345494,insula-rh,0.36546813919804366
4207,right,119983,0.04592357478602973,0.028973416752821956,0.026705725226760093,superiortemporal-rh,0.42240643991419097
4208,right,120066,0.03215669732002737,0.025873633072865204,0.020953945149546307,inferiortemporal-rh,0.39896543500313203
4209,right,120124,0.03801377018819339,0.024655761128688475,0.01772107757766488,inferiortemporal-rh,0.34019960242227926
4210,right,120133,0.032652717189905436,0.023152383720397348,0.017044856535133348,inferiortemporal-rh,0.29578768473789785
4211,right,120165,0.039018612797818535,0.02298981773978414,0.013894618357120829,inferiortemporal-rh,0.32559125905212977
4212,right,120204,0.006368349487815615,0.06338915434825788,0.09718394617824598,superiorfrontal-rh,0.321149210429988
4213,right,120333,0.029313982596505823,0.05789923714544826,0.08556552425610697,rostralmiddlefrontal-rh,1.1153874014167138
4214,right,120380,0.03749063835918334,0.054684619001171095,0.07913014186436043,rostralmiddlefrontal-rh,1.0168857222679164
4215,right,120607,-0.0017040725795190916,0.045070236661308605,0.05993443185979057,unknown,0.40102133231660414
4216,right,120688,0.04813011593899186,0.04351526490621513,0.05350987960974709,parsopercularis-rh,0.4563657548755401
4217,right,120737,0.027634731245735088,0.04156527766618734,0.049991664037365754,insula-rh,0.35419726709903576
4218,right,120794,0.03257113858446055,0.03787722286125879,0.043610156680627454,insula-rh,0.4209000096390178
4219,right,120849,0.023314983035670023,0.03435853577170517,0.03689673957797462,insula-rh,0.4125781277163671
4220,right,120881,0.01039273761047668,0.033086786820753084,0.0360583533195602,insula-rh,0.4294220088214913
4221,right,120932,0.029391605548835877,0.032365773176932164,0.03267908703855724,insula-rh,0.4096468766783037
4222,right,121064,0.05030288189429774,0.028432391953854597,0.023448267909347044,middletemporal-rh,0.40520233902162694
4223,right,121125,0.025983547165948237,0.025889726494250212,0.019894122111132097,fusiform-rh,0.30232163404111106
4224,right,121159,0.02037727371251246,0.02572837359210982,0.0183465696263468,entorhinal-rh,0.2730612711884599
4225,right,121180,0.04007947844328299,0.024638601505319897,0.015559738430615063,inferiortemporal-rh,0.3276395902168406
4226,right,121288,0.024137762860332073,0.06103131830839782,0.08883596881336779,superiorfrontal-rh,0.9790411692529639
4227,right,121363,0.010755383828217913,0.05747234628859729,0.08349531343427045,superiorfrontal-rh,0.20870358891825305
4228,right,121416,0.032537411170708054,0.05533566506297603,0.0784313982235508,rostralmiddlefrontal-rh,0.9705853948895835
4229,right,121419,0.021991901895467948,0.0546374982691739,0.07783860801108375,rostralmiddlefrontal-rh,0.519571262678844
4230,right,121514,0.04632176740409564,0.05249598089064261,0.07193891252676862,rostralmiddlefrontal-rh,0.7567378515174438
4231,right,121547,0.023256651543289868,0.05192948905164277,0.07055747712182231,rostralmiddlefrontal-rh,0.4917537027941141
4232,right,121697,0.03792335435546712,0.04521018559424485,0.05593785763763709,parsopercularis-rh,0.4115476054599285
4233,right,121719,0.026049568790457094,0.044490090405514424,0.055370645756639005,insula-rh,0.411511976494307
4234,right,121751,0.04585661143330117,0.04325263360995055,0.05196701079316375,parsopercularis-rh,0.410736825522439
4235,right,121776,0.003230415740651769,0.04021866710990257,0.04680501566749816,unknown,0.411455236099816
4236,right,121778,0.030241840026212437,0.04040124568935921,0.046801271227219526,insula-rh,0.3736548498257942
4237,right,121826,0.0489707772934995,0.0364867069186606,0.03776765305836476,superiortemporal-rh,0.27154263193663525
4238,right,121836,0.03228361547990638,0.035552479396446346,0.03679670630828251,insula-rh,0.43879597756076366
4239,right,121842,0.02583453850758691,0.0354196307823446,0.036868977074989095,insula-rh,0.4318038655239617
4240,right,121853,0.00785876011018829,0.03561798905321866,0.0354723874493621,insula-rh,0.5011657592717711
4241,right,121865,0.027748934302332964,0.03470299767165465,0.036398795762618584,insula-rh,0.4225884769875833
4242,right,121899,0.0316887136960958,0.03434801891280804,0.03403022182070543,insula-rh,0.43265493320073883
4243,right,121947,0.030531368545660364,0.032891113297004504,0.031143701831591077,insula-rh,0.4250985624095079
4244,right,121965,0.04196853216037793,0.03290040157331461,0.03009974490750052,superiortemporal-rh,0.43451870219151045
4245,right,121984,0.03332315822937636,0.03170471913879587,0.029926161311649824,insula-rh,0.4321893513250431
4246,right,122010,0.035634869180343705,0.031344316361208484,0.027839782957465736,superiortemporal-rh,0.43998130358731696
4247,right,122248,0.006955315275023216,0.06185466730127273,0.09045102924680726,superiorfrontal-rh,0.36633713361058867
4248,right,122299,0.013801368775919578,0.060659557783141624,0.08729222943405121,superiorfrontal-rh,0.6358270874611306
4249,right,122454,0.0038706555315442264,0.054566107166301184,0.07600371093075756,caudalanteriorcingulate-rh,0.3441228306288528
4250,right,122561,0.038819918674180234,0.05332673805986571,0.07106699427021854,rostralmiddlefrontal-rh,0.7325000451425231
4251,right,122565,0.02967772802548386,0.05221135467839948,0.07055773414568062,rostralmiddlefrontal-rh,0.6440258838008728
4252,right,122572,0.04918978332683085,0.05243889136915547,0.06947315057701975,rostralmiddlefrontal-rh,0.7265667547310659
4253,right,122622,0.04219250471080745,0.050580757016221736,0.06633847315953394,rostralmiddlefrontal-rh,0.6146308440170004
4254,right,122642,0.03627287403018008,0.049928773552687086,0.06378708819033321,rostralmiddlefrontal-rh,0.545318980658104
4255,right,122655,0.04166139668942979,0.04869102666869621,0.061390533117768264,parsopercularis-rh,0.5151820206618559
4256,right,122671,0.04851818833479327,0.04798934621161524,0.05981936734319852,parsopercularis-rh,0.5434633890939967
4257,right,122836,0.03256124015068774,0.03763185497200164,0.038947230584102946,insula-rh,0.455228927071178
4258,right,122883,0.02960837652450414,0.03525093902113864,0.0353200394187883,insula-rh,0.4354255967850536
4259,right,123204,0.02497525403561456,0.024461905315129397,0.012889678918726263,fusiform-rh,0.2811060383034085
4260,right,123210,0.030706611414765283,0.02450212758241148,0.011312954524904795,inferiortemporal-rh,0.31501769732384416
4261,right,123243,0.009764426149989989,0.0634710480013416,0.09099644588758504,superiorfrontal-rh,0.42292217399006854
4262,right,123324,0.004449173526354478,0.06055378254462826,0.08474044553449968,superiorfrontal-rh,0.36463775333142273
4263,right,123377,0.03774311518955381,0.05867209439066316,0.07934956726518996,rostralmiddlefrontal-rh,0.8456282263374023
4264,right,123395,0.011702265624456542,0.0570791915331023,0.07805645627204871,superiorfrontal-rh,0.2194182637501174
4265,right,123415,0.042298000771580115,0.05728271429550515,0.07694960906733359,rostralmiddlefrontal-rh,0.7552493340832349
4266,right,123463,0.00812053924370748,0.05546870711598252,0.07397523454152946,caudalanteriorcingulate-rh,0.2961046273645019
4267,right,123497,0.03547522551694036,0.055568243931424205,0.07273901666976493,rostralmiddlefrontal-rh,0.7751135393901714
4268,right,123559,0.0031255747216930928,0.052812301829519695,0.06869847283754738,caudalanteriorcingulate-rh,0.3545485303073992
4269,right,123602,0.003974151307266286,0.050516261890771366,0.0648237763165001,caudalanteriorcingulate-rh,0.3753697665446226
4270,right,123809,0.028114755054338216,0.037830947490457914,0.036551867786560624,insula-rh,0.4625520337319714
4271,right,123816,0.011842435984549975,0.03686412930973064,0.03573879633291021,lateralorbitofrontal-rh,0.49279864818836255
4272,right,123825,0.03031912595582197,0.0364849549021366,0.036255493228679964,insula-rh,0.449380758878469
4273,right,123902,-0.0003682789559122374,0.033213336546177155,0.03139605923179974,unknown,0.5092842155472758
4274,right,123942,0.03968577056048885,0.032941410838699114,0.027390025549622478,superiortemporal-rh,0.4464410238720902
4275,right,123953,0.029039671508231113,0.03262121279544376,0.0271745363837371,insula-rh,0.42534312974459776
4276,right,124011,0.039847724930738564,0.03129710756324533,0.023255321205166428,middletemporal-rh,0.43078468689496285
4277,right,124033,0.03347243146959111,0.030647871778167288,0.021513221016192616,middletemporal-rh,0.42775300984840503
4278,right,124046,0.019486000418314428,0.029573024814317096,0.020169333872911564,entorhinal-rh,0.28785129002467524
4279,right,124061,0.042085536049779784,0.029168288489635666,0.016901647641930195,inferiortemporal-rh,0.3800013426138217
4280,right,124200,0.01944395595119391,0.0632703753748193,0.08793494867721918,superiorfrontal-rh,0.7214687568158019
4281,right,124232,0.028502924725273292,0.06193511150675991,0.08559058413441864,superiorfrontal-rh,0.9723414450217981
4282,right,124303,0.02665980271024223,0.05898200694672709,0.07802234985816023,rostralmiddlefrontal-rh,0.6834838704272983
4283,right,124585,0.04955215345152015,0.04882891316631369,0.055592672367853,parsopercularis-rh,0.5807561702360811
4284,right,124654,0.0013918326974830548,0.04397359042344916,0.049378735229566574,unknown,0.41619017136631176
4285,right,124693,0.03384002350723784,0.041784682945410295,0.042376886867879125,insula-rh,0.43168375790428765
4286,right,124699,0.002516626319662223,0.04077509433005032,0.04081962999291194,rostralanteriorcingulate-rh,0.4445641206683112
4287,right,124716,0.03061887540177245,0.039540225824043054,0.03788215543261214,insula-rh,0.46909935177338347
4288,right,124742,0.02451967259759657,0.03873833333598825,0.03547070650223179,insula-rh,0.4810470468300999
4289,right,124775,0.022901752310722938,0.03816890243482812,0.034155435720631996,insula-rh,0.4900174784864125
4290,right,124817,0.043770521646656506,0.03515496139054954,0.029048249929318055,superiortemporal-rh,0.43392862721522857
4291,right,124892,0.04638812597701662,0.032470559781960354,0.02233207984561209,middletemporal-rh,0.43243107567635775
4292,right,124905,0.025964666332822774,0.03243297882125715,0.022853714140384576,temporalpole-rh,0.37861483114995836
4293,right,124931,0.021837090862849195,0.03165420519229593,0.020601135763153727,temporalpole-rh,0.3025387079834288
4294,right,125042,0.005233835024275232,0.06655113643743261,0.09345375590653247,superiorfrontal-rh,0.23857399902464563
4295,right,125261,0.04489803943624513,0.05765549651965382,0.07278224106979143,rostralmiddlefrontal-rh,0.7472062776137071
4296,right,125284,0.012566386812597712,0.05636896782468952,0.07218942659721933,superiorfrontal-rh,0.2726157678738607
4297,right,125458,0.04456333509644585,0.050017957484327094,0.05645214478132215,parsopercularis-rh,0.4865544377682131
4298,right,125484,0.03585945718957878,0.04857398793302531,0.05435724424121599,parstriangularis-rh,0.4356390035584109
4299,right,125546,0.02931705639687429,0.044229551628001726,0.046855333653843735,insula-rh,0.37937895225056467
4300,right,125628,0.004110826678069708,0.03895580070946779,0.03631797405934189,medialorbitofrontal-rh,0.5033091803313497
4301,right,125657,0.04840898238275392,0.03870821285084787,0.03426942542840346,superiortemporal-rh,0.3259895585861155
4302,right,125732,0.03171244186558974,0.03428831708099443,0.024766553536492673,superiortemporal-rh,0.452727794025309
4303,right,125737,0.0450328016198394,0.034739633111921686,0.024184063429278577,middletemporal-rh,0.4401103061243351
4304,right,126012,0.006423693948960928,0.062168618345851204,0.08120648785733543,superiorfrontal-rh,0.3125461169983145
4305,right,126093,0.041260511931282835,0.05945622606497346,0.07354157828138434,rostralmiddlefrontal-rh,0.6888471273466406
4306,right,126129,0.026116800232109848,0.057240229731353745,0.07269485005117808,rostralmiddlefrontal-rh,0.5363457348543054
4307,right,126211,0.044957184254292216,0.05576119073417224,0.06657454935516816,rostralmiddlefrontal-rh,0.6809239136140327
4308,right,126248,0.0021965905732693456,0.05317104049329173,0.06181979180028707,caudalanteriorcingulate-rh,0.36353299299576586
4309,right,126267,0.04976401621226222,0.05324693901230648,0.061025425195408434,parsopercularis-rh,0.5918822187638398
4310,right,126366,0.02787008968138546,0.048103630732449484,0.05032399716225319,lateralorbitofrontal-rh,0.4016547865626004
4311,right,126385,0.04119222276872496,0.04717274160444204,0.04839822606150849,parstriangularis-rh,0.39309393100674833
4312,right,126690,0.02518390430928372,0.030542255194215988,0.015714492432110812,fusiform-rh,0.29783391779100576
4313,right,126694,0.030166503466297092,0.02961090833100338,0.014327905165523623,inferiortemporal-rh,0.3462351836337631
4314,right,126755,0.02550556455236662,0.06690084584321944,0.08854509276639345,superiorfrontal-rh,0.8303607549520566
4315,right,126782,0.007926052779326983,0.0661046029908374,0.08703408064976836,superiorfrontal-rh,0.28383559376858064
4316,right,126872,0.03301742770647026,0.06285663297712944,0.07933345994552435,rostralmiddlefrontal-rh,0.8022246612482008
4317,right,126890,0.02847703510216049,0.06197364038064411,0.07762680124287322,rostralmiddlefrontal-rh,0.6740802112458081
4318,right,126989,0.005567398930615381,0.05711941028565892,0.07050790118637165,caudalanteriorcingulate-rh,0.30836622932156904
4319,right,127010,0.043373774122503185,0.05838027158356218,0.06811143008907602,rostralmiddlefrontal-rh,0.7001346330841939
4320,right,127027,0.0305788643786338,0.05706028454128044,0.06726570285753894,rostralmiddlefrontal-rh,0.5570048385534722
4321,right,127046,0.02381200980348276,0.056370791345186355,0.06612706857357692,rostralmiddlefrontal-rh,0.4198663996372959
4322,right,127096,0.04431381672875133,0.054241559141496545,0.06079766351589513,parsopercularis-rh,0.5828998504934043
4323,right,127128,0.02816933839341825,0.05155135479424319,0.05661296402139961,parstriangularis-rh,0.4363948532358701
4324,right,127135,0.03264556139669669,0.05066898024706672,0.0555844474894378,parstriangularis-rh,0.4464946410490002
4325,right,127154,0.026657159371393353,0.05043704093923286,0.05359648741797971,insula-rh,0.41718225471313625
4326,right,127169,-0.0020126552604244267,0.049538662303537095,0.05252656538093211,unknown,0.39957499158112425
4327,right,127283,0.028636191521979753,0.044648014943313385,0.04223513643197957,insula-rh,0.4277887928456977
4328,right,127312,0.00804851273225767,0.04242300216908229,0.03839421436167728,lateralorbitofrontal-rh,0.49018447493828693
4329,right,127321,0.02671128069483141,0.0427501963395064,0.037155379065368976,insula-rh,0.48501820771252907
4330,right,127371,0.0006364792678973667,0.03950708629199498,0.03331845404959862,medialorbitofrontal-rh,0.5031611360940472
4331,right,127379,0.016559769314543542,0.03996596502286205,0.03294363740989621,lateralorbitofrontal-rh,0.5407220816417162
4332,right,127405,0.01943601274053868,0.038614486942053536,0.031231295797602553,lateralorbitofrontal-rh,0.5480268644764946
4333,right,127521,0.027270714272840252,0.03311541254816573,0.018489197928703495,inferiortemporal-rh,0.3690732429221939
4334,right,127576,0.00970523837622199,0.06988488510304659,0.09345808644416967,superiorfrontal-rh,0.2212023707006541
4335,right,127601,0.013600529360594513,0.06801654227808197,0.08874669426868753,superiorfrontal-rh,0.45381396547453123
4336,right,127747,0.010802252042950862,0.06218698300229197,0.07661770359685699,superiorfrontal-rh,0.19554794188674754
4337,right,127760,0.004003423389336173,0.061422407513968366,0.07446934454793105,caudalanteriorcingulate-rh,0.31253569751482896
4338,right,127886,0.005903457209494223,0.056141176134193435,0.06509455822513564,caudalanteriorcingulate-rh,0.323843251678358
4339,right,127944,0.03809172738442976,0.05507884496094499,0.059515249013608836,rostralmiddlefrontal-rh,0.5325430166161808
4340,right,127999,0.043030500757022944,0.05059744526139609,0.0521446988952173,parstriangularis-rh,0.4571340351973242
4341,right,128075,0.04713453914934967,0.04777187401374705,0.046486644360843515,parstriangularis-rh,0.3574706107544226
4342,right,128125,0.0040468769067775745,0.04524244830095614,0.0421579207167561,rostralanteriorcingulate-rh,0.44500918010973955
4343,right,128236,0.04509522566366577,0.040267316368871695,0.031529472846987504,superiortemporal-rh,0.4552835270504585
4344,right,128530,0.014242939928856953,0.06568556992618917,0.08232545677192377,superiorfrontal-rh,0.42378884674499107
4345,right,128536,0.02139046838380902,0.06526946303079818,0.08109798898643189,superiorfrontal-rh,0.5393319448305526
4346,right,128595,0.02119221310249217,0.06292281847672573,0.07456540409412848,rostralmiddlefrontal-rh,0.39205145717449325
4347,right,128663,0.035838754147298195,0.05998037730614579,0.06942279188258335,rostralmiddlefrontal-rh,0.6305027400549059
4348,right,128669,0.02109912125343572,0.059307813834463416,0.06938738864681697,rostralmiddlefrontal-rh,0.3281491375270995
4349,right,128746,0.03974698179357768,0.05678816447699096,0.0635645417623146,rostralmiddlefrontal-rh,0.6068715823049642
4350,right,128832,0.048222946993623075,0.054592631659363,0.0565262949619659,parstriangularis-rh,0.5937684815036817
4351,right,128846,-0.001906623148649618,0.05266041497699685,0.055604147018183156,unknown,0.3791587578645235
4352,right,128903,0.0386088593919383,0.05110763590969074,0.04939433742484131,parstriangularis-rh,0.41951955582586736
4353,right,128984,0.04618807156663213,0.04853491748237419,0.04506266788401842,parstriangularis-rh,0.3786528097905773
4354,right,128987,0.027262188239648624,0.048595709574849114,0.04440636666196878,lateralorbitofrontal-rh,0.40304288074035133
4355,right,129079,0.02140664822076947,0.04372468693007017,0.035928000977360125,insula-rh,0.5009459940770911
4356,right,129081,0.013156189445259724,0.04338799435462333,0.03528699335897241,lateralorbitofrontal-rh,0.5123149937123854
4357,right,129129,0.013420473476034726,0.04101494202021354,0.032819396741956185,lateralorbitofrontal-rh,0.5395213655223859
4358,right,129155,0.04174031832123373,0.04044676772918479,0.028504530209513927,superiortemporal-rh,0.5050071836736734
4359,right,129169,0.04213159532153023,0.04005572224487278,0.02648973251475541,superiortemporal-rh,0.4967717991104264
4360,right,129186,0.03417175693864111,0.038688426344672455,0.02416507507821738,superiortemporal-rh,0.4933630906123939
4361,right,129218,0.042774594629990836,0.03783194344094083,0.021027612897137844,middletemporal-rh,0.472170400136281
4362,right,129226,0.03790713104037386,0.03671519967011616,0.020464341039023642,middletemporal-rh,0.46257459073333895
4363,right,129241,0.028604386096234863,0.03656602771952,0.019582604257776023,temporalpole-rh,0.42722140125604047
4364,right,129371,0.0054744032638743036,0.06704370039449793,0.08266054465232325,superiorfrontal-rh,0.3630708167185923
4365,right,129521,0.012570057729018962,0.06172994385660015,0.0709570368195736,superiorfrontal-rh,0.19898460258828032
4366,right,129523,0.007282477279168691,0.061724698699786695,0.07069100539777579,caudalanteriorcingulate-rh,0.24931119075732605
4367,right,129584,0.036526480975855716,0.061039551938477515,0.06788877708049111,rostralmiddlefrontal-rh,0.5945435097042965
4368,right,129705,-0.001620693132953745,0.055762036397062745,0.05978959117005096,unknown,0.3428208358062105
4369,right,129834,0.048226202680487724,0.052921705848760506,0.050461091668812595,parstriangularis-rh,0.4823989914273015
4370,right,129976,0.022557511849584152,0.04722672363679084,0.03938276742706123,lateralorbitofrontal-rh,0.47019358105358355
4371,right,130117,0.037640567321960895,0.040807681968756684,0.02625219009016727,superiortemporal-rh,0.5110297424262275
4372,right,130188,0.03443258027272313,0.03779460462954798,0.01979576521403219,temporalpole-rh,0.4872422014910218
4373,right,130233,0.02145626885790065,0.035205434193903686,0.014013280080064961,entorhinal-rh,0.3013732486164809
4374,right,130273,0.006309708817695523,0.07279330875618471,0.09013255851912147,superiorfrontal-rh,0.217039942412088
4375,right,130320,0.026092910825388213,0.06820675929473231,0.08094421448501413,superiorfrontal-rh,0.6677313310708515
4376,right,130532,0.042643776486966566,0.06250899297202912,0.06722637130386329,rostralmiddlefrontal-rh,0.617938605358622
4377,right,130613,0.031230894732574645,0.05944067762680928,0.06280618407047353,rostralmiddlefrontal-rh,0.4777036327310224
4378,right,130852,0.010718567338620894,0.047766792400246796,0.037732434938400415,lateralorbitofrontal-rh,0.47764508705791353
4379,right,130917,0.0025058991131949385,0.044748633134131924,0.03497564535474236,medialorbitofrontal-rh,0.49661881066037106
4380,right,131091,0.03432943413650255,0.03647307488612665,0.01552730575871602,temporalpole-rh,0.4906927959124008
4381,right,131240,0.00996316736019407,0.06740013408086151,0.07891021187816674,superiorfrontal-rh,0.31818986587363784
4382,right,131255,0.02290834779005956,0.06664064759219064,0.07647166600531567,rostralmiddlefrontal-rh,0.5152945268944666
4383,right,131293,0.040706735631594666,0.06525523246531766,0.07243460720367982,rostralmiddlefrontal-rh,0.6203826043689341
4384,right,131413,0.004975185625834721,0.06084642818668273,0.06641979419150479,caudalanteriorcingulate-rh,0.27081796171272166
4385,right,131548,0.04925319422945361,0.057704602147884906,0.056516052701329554,parstriangularis-rh,0.6178391113697507
4386,right,131638,0.02626164854418318,0.052477799450537,0.04678019147573816,lateralorbitofrontal-rh,0.3939761971770166
4387,right,131700,0.0002313736784971337,0.049710734013420244,0.04387225296707361,rostralanteriorcingulate-rh,0.4334713253429867
4388,right,131837,0.005745261141669842,0.045598145448366975,0.03364910021894087,medialorbitofrontal-rh,0.4989848483382468
4389,right,131870,0.021525211808196287,0.043619906601338576,0.029987209566952548,lateralorbitofrontal-rh,0.5494880658421457
4390,right,131911,0.03959379202714686,0.04351146434977084,0.025237539215809894,superiortemporal-rh,0.5448862468815451
4391,right,131995,0.024018750217408482,0.03693364986363218,0.01283372884900026,temporalpole-rh,0.3306149237356466
4392,right,132077,0.022355566247211075,0.07106685258849994,0.08089778375314566,rostralmiddlefrontal-rh,0.531045391445164
4393,right,132126,0.029312765632584913,0.06912162060264292,0.07847329288137397,rostralmiddlefrontal-rh,0.6204729286664863
4394,right,132240,0.027113281094574372,0.0644258916486553,0.06751451395920903,rostralmiddlefrontal-rh,0.3798515113121766
4395,right,132320,0.02593718333962964,0.061102617357951666,0.06184207414182229,rostralmiddlefrontal-rh,0.3668301331776241
4396,right,132341,0.04609583947268624,0.06089287323196424,0.06036986002017479,rostralmiddlefrontal-rh,0.6097631400082484
4397,right,132358,0.006988525957380103,0.05885914262274429,0.05930797307537815,caudalanteriorcingulate-rh,0.31050205006508624
4398,right,132393,0.04300520590294856,0.058061377624205324,0.05520728828682276,rostralmiddlefrontal-rh,0.5218665922554637
4399,right,132430,0.03499880847570402,0.055598613203299646,0.05132389290696486,parstriangularis-rh,0.427916723806494
4400,right,132488,0.042768269968816275,0.05375637613275232,0.046607462855756246,parstriangularis-rh,0.4209293418168556
4401,right,132564,0.03354780123541356,0.05144271029619091,0.043916443326330046,parstriangularis-rh,0.40937972896871705
4402,right,132625,0.03805657434930588,0.049944501445262746,0.03829240889652147,parsorbitalis-rh,0.5124605676286779
4403,right,132674,0.03351061936173664,0.04809481546832581,0.03587349154541937,lateralorbitofrontal-rh,0.5031623894111305
4404,right,132753,0.019280168042307387,0.04544978537107375,0.03097007357234737,lateralorbitofrontal-rh,0.5279889039706837
4405,right,132926,0.009719101841238205,0.07365640989094047,0.08602357391607697,superiorfrontal-rh,0.2476447828577082
4406,right,132935,0.005966714905970847,0.072565267059569,0.08482122817765894,superiorfrontal-rh,0.22570252114851264
4407,right,133038,0.013226889902218538,0.06785188028007604,0.07332741319102552,superiorfrontal-rh,0.2544782601999346
4408,right,133106,0.005912124668471103,0.0648122375407646,0.06912786980231478,caudalanteriorcingulate-rh,0.23012393269399115
4409,right,133128,0.03830577743185146,0.06310055490675136,0.06279260696507068,rostralmiddlefrontal-rh,0.5192147568339235
4410,right,133272,0.04915749145367487,0.05736662729411772,0.05022891633135304,parstriangularis-rh,0.473969546287743
4411,right,133294,0.028868965195895113,0.05603069946005268,0.049071008493376894,parstriangularis-rh,0.39903935368199184
4412,right,133347,7.506780143716474e-05,0.05376702003717242,0.046516823407364946,unknown,0.4098817017338448
4413,right,133437,0.04126367763284485,0.051877228510219364,0.04119928771405362,parsorbitalis-rh,0.4946187047239141
4414,right,133511,0.0034440950041046913,0.0494367020504395,0.03793091272559031,medialorbitofrontal-rh,0.49363865049547795
4415,right,133558,0.03745983392640159,0.04880658660495572,0.03395695983433785,lateralorbitofrontal-rh,0.5394283301691318
4416,right,133597,0.016360701177336203,0.04748350793323712,0.03291806067689192,lateralorbitofrontal-rh,0.49775942561777237
4417,right,133649,0.009547040689137181,0.04596965146977898,0.029043239419024224,lateralorbitofrontal-rh,0.5232823857354096
4418,right,133660,0.0131554383126056,0.04581168216407948,0.029985847339263766,lateralorbitofrontal-rh,0.5248765147889107
4419,right,133736,0.022551162652878327,0.04038628534470444,0.017473975650809197,temporalpole-rh,0.3710985020586577
4420,right,133760,0.02725818082518667,0.04004785073535956,0.015857282471199937,temporalpole-rh,0.4115843647455743
4421,right,133822,0.021388853208248706,0.07408243709596886,0.08429366535223752,superiorfrontal-rh,0.47862825467710046
4422,right,133858,0.012327950595293067,0.07213371960081263,0.08068635535514926,superiorfrontal-rh,0.38572916950513525
4423,right,133892,0.016973776283846213,0.07080612750963386,0.07845816056243651,superiorfrontal-rh,0.4707150220583298
4424,right,133940,0.026653221570022603,0.06740708551039654,0.07124032213235232,rostralmiddlefrontal-rh,0.455530338548745
4425,right,133998,0.011280491865317184,0.06540516997762578,0.06732991745640643,superiorfrontal-rh,0.17006254762832654
4426,right,134032,0.043433668152977355,0.0638631850000269,0.06151470433588872,rostralmiddlefrontal-rh,0.5587711582734224
4427,right,134109,0.04174027399069344,0.061209526816944027,0.05705320984086809,rostralmiddlefrontal-rh,0.5116032857985676
4428,right,134359,0.00617311947426793,0.05255462406464019,0.03981667811372176,medialorbitofrontal-rh,0.49064617947305994
4429,right,134389,0.025157272550097233,0.051650728021195816,0.03917046753920676,lateralorbitofrontal-rh,0.46322293065987863
4430,right,134451,0.042439215169763726,0.049780345529396475,0.035614926423151325,parsorbitalis-rh,0.5617630920611875
4431,right,134473,0.02770480384743747,0.049761557588096306,0.033856074484010186,lateralorbitofrontal-rh,0.5042117045396742
4432,right,134517,0.0227770387460103,0.048986344812836494,0.032865600253746456,lateralorbitofrontal-rh,0.5012198810724251
4433,right,134784,0.005468871638052529,0.07202360105608988,0.07856390834478941,superiorfrontal-rh,0.25079553472443156
4434,right,134853,0.005365878303490855,0.06836008223989344,0.07046653647952701,caudalanteriorcingulate-rh,0.23342583330312988
4435,right,134971,0.03259166787533982,0.06445058042153973,0.061308396570634346,rostralmiddlefrontal-rh,0.40466953916682896
4436,right,134991,0.005208675973743932,0.06287480391180215,0.06051784702414825,caudalanteriorcingulate-rh,0.2501453003422335
4437,right,135044,0.004041975061400305,0.060804314694748035,0.05600990423330474,caudalanteriorcingulate-rh,0.3066435646522247
4438,right,135089,0.03147249224561557,0.058549086636248845,0.05056346457348635,parstriangularis-rh,0.39569746449004567
4439,right,135149,0.04693817046749027,0.057449550310048975,0.045991135849638175,parstriangularis-rh,0.3674849135653863
4440,right,135395,0.03402311316659184,0.049474714115383525,0.0314287304963097,lateralorbitofrontal-rh,0.5033547889254314
4441,right,135412,0.000824529608549334,0.04843034250372158,0.030139126052888363,medialorbitofrontal-rh,0.4708658411284544
4442,right,135450,0.030253059432107234,0.0475928965175379,0.027587567496123285,lateralorbitofrontal-rh,0.5252802142901981
4443,right,135622,0.03269794546020533,0.07126622789368511,0.07252480163938786,rostralmiddlefrontal-rh,0.45030273146453303
4444,right,135693,0.03867638223554658,0.06922383756076869,0.06749790281000695,rostralmiddlefrontal-rh,0.4772702051377601
4445,right,135700,0.022673563535350657,0.06772857028094328,0.06708259892955301,rostralmiddlefrontal-rh,0.3126560231754374
4446,right,135796,0.009437079772466102,0.06506379442786756,0.06220210232256488,caudalanteriorcingulate-rh,0.18946183908662828
4447,right,135952,-0.0029708600078550153,0.05896493824613619,0.04939035373088706,unknown,0.35863025844479335
4448,right,136014,0.03834255156198074,0.0578266909457361,0.04545292953696935,parstriangularis-rh,0.4146832937180335
4449,right,136030,0.034174278694342385,0.05659887974133712,0.0442002154379429,parstriangularis-rh,0.4039228665309374
4450,right,136103,0.03045899566732654,0.054535331395362624,0.039937401356090516,lateralorbitofrontal-rh,0.4345575963343775
4451,right,136169,0.015057930623993953,0.05129587793930446,0.034155191233700255,lateralorbitofrontal-rh,0.4574306581511317
4452,right,136195,0.010575005469492504,0.05000558112855455,0.032020315651974315,lateralorbitofrontal-rh,0.4705628720028332
4453,right,136242,0.022414894874340865,0.04929270739924317,0.029138470643122583,lateralorbitofrontal-rh,0.5151629541026355
4454,right,136399,0.021107662486961328,0.07119352777332963,0.07185972050397416,rostralmiddlefrontal-rh,0.46610033188972
4455,right,136581,0.04108424705897438,0.06555898865713809,0.059563306209052855,rostralmiddlefrontal-rh,0.4835013763136766
4456,right,136697,-8.89977417697981e-05,0.06192160584456076,0.05343036617868688,unknown,0.313769868839234
4457,right,136746,0.043985336362240245,0.06177494447497592,0.05016045423805215,rostralmiddlefrontal-rh,0.4212968798432154
4458,right,136768,0.04118258944073537,0.060906891518174536,0.0473918506206332,parstriangularis-rh,0.39425735240807624
4459,right,137007,0.006197337817114295,0.05195531379001586,0.03295694737279129,medialorbitofrontal-rh,0.4463736268504178
4460,right,137090,0.004321622636021788,0.07796114669269759,0.08521584405631949,superiorfrontal-rh,0.264273687298033
4461,right,137175,0.008417857851489281,0.07253725957805496,0.07354105212514075,superiorfrontal-rh,0.18395550543283584
4462,right,137253,0.029736388099938314,0.06998479062480048,0.06680432166532406,rostralmiddlefrontal-rh,0.38202360045488204
4463,right,137298,0.04204373468220528,0.0689975325003713,0.06446820460530989,rostralmiddlefrontal-rh,0.5097014429129922
4464,right,137332,0.004663559564890169,0.0679269493614148,0.06338486590149336,caudalanteriorcingulate-rh,0.19367996266187662
4465,right,137378,0.02728359956877723,0.06686237759905451,0.060432466583180085,rostralmiddlefrontal-rh,0.2882758449015764
4466,right,137456,0.04033727125374483,0.06428870181904721,0.054423536050861296,rostralmiddlefrontal-rh,0.42384047090443155
4467,right,137489,0.04463960910524574,0.06368211254737144,0.052035835362896896,rostralmiddlefrontal-rh,0.4398814157309369
4468,right,137517,0.03489028586130372,0.06278066110079963,0.05128052175396317,rostralmiddlefrontal-rh,0.3694671770461975
4469,right,137617,0.0014822864875096522,0.056930585621490476,0.041988823012330104,rostralanteriorcingulate-rh,0.42472277209530923
4470,right,137736,0.04495248824547468,0.05520038989317175,0.03504012151057612,parsorbitalis-rh,0.5564376386811195
4471,right,137757,0.021441283042314813,0.05357517582620741,0.03452997055935926,lateralorbitofrontal-rh,0.4624111909359556
4472,right,137770,0.031238902744787276,0.05402814346188045,0.03347815629824374,lateralorbitofrontal-rh,0.48465149909801114
4473,right,137936,0.022134567374298572,0.07570987802640922,0.07641926749243699,rostralmiddlefrontal-rh,0.5508701993379481
4474,right,138029,0.012390164357703314,0.07062149595943545,0.06749151512302998,superiorfrontal-rh,0.20000184132947427
4475,right,138086,0.009237590352357753,0.06797729387471602,0.06327107974548114,superiorfrontal-rh,0.16160251426862945
4476,right,138167,0.004860783222869322,0.06585183796413403,0.056940366463452984,caudalanteriorcingulate-rh,0.2309926688428066
4477,right,138337,0.04984742214782039,0.06136576030222565,0.043858049073913156,parstriangularis-rh,0.397320115976934
4478,right,138344,0.0024275422695034465,0.059769636526297285,0.04402958580248577,rostralanteriorcingulate-rh,0.4022464271815931
4479,right,138368,0.045532299500507134,0.058902338838286036,0.040994822650849846,parstriangularis-rh,0.49209826823172736
4480,right,138405,0.041198732113864815,0.05745048128034738,0.03844827552307532,parstriangularis-rh,0.5359595240963694
4481,right,138414,0.01731876851940662,0.05704232865048994,0.0377242304376564,lateralorbitofrontal-rh,0.4136231903497835
4482,right,138423,0.03719178305776739,0.057262258399672805,0.037520118671937594,parsorbitalis-rh,0.5086201515997314
4483,right,138452,0.02574045572091616,0.05640039239412535,0.036543713341726174,lateralorbitofrontal-rh,0.4501562070725525
4484,right,138473,0.03400783555121809,0.05659583469731837,0.03478697832524283,lateralorbitofrontal-rh,0.4931121869931477
4485,right,138565,0.004119137296620541,0.05377060218323873,0.032137417336762036,medialorbitofrontal-rh,0.43445364395915836
4486,right,138597,0.025934601169337483,0.05322258241307934,0.030278853708200305,lateralorbitofrontal-rh,0.4986468934219982
4487,right,138605,0.01833942576817822,0.053369043282070774,0.02949368743639622,lateralorbitofrontal-rh,0.47559920962313945
4488,right,138608,0.012649466417231307,0.053043044424314206,0.029952027521786665,lateralorbitofrontal-rh,0.45190600964201705
4489,right,138688,0.020989225058512664,0.0785659698044522,0.07904843885105436,rostralmiddlefrontal-rh,0.5220116913446227
4490,right,138700,0.008626143657518636,0.07720679341081572,0.07978815318747808,superiorfrontal-rh,0.2210958319438785
4491,right,138719,0.005971636877366611,0.0773256186063431,0.07849952837957269,superiorfrontal-rh,0.21972170133340319
4492,right,138727,0.014929888623690565,0.07684815980408509,0.07786291561051115,superiorfrontal-rh,0.48911674500499974
4493,right,138943,0.011545763319733105,0.06663342039712941,0.05646352175848407,caudalanteriorcingulate-rh,0.20048571162500262
4494,right,139310,0.00428377662323586,0.05298537869685638,0.028121871748739004,medialorbitofrontal-rh,0.4673765994611971
4495,right,139420,0.004922590209540572,0.07555186175271053,0.07262856428853157,superiorfrontal-rh,0.20665080348361653
4496,right,139462,0.027656543435258002,0.07408419708830834,0.06881995248824693,rostralmiddlefrontal-rh,0.469993038853148
4497,right,139488,0.021583544619591576,0.07357798598778609,0.06655782411782438,rostralmiddlefrontal-rh,0.3749863984733323
4498,right,139543,0.03477990924680749,0.0715408613099392,0.06317190680380855,rostralmiddlefrontal-rh,0.34625751762912793
4499,right,139612,0.03702317153168447,0.06762433821729928,0.05607200029580894,rostralmiddlefrontal-rh,0.3558040344060076
4500,right,139673,0.004085212021751333,0.06571887790927139,0.0513602740724768,rostralanteriorcingulate-rh,0.2838333689608807
4501,right,139708,0.0035419174181970238,0.06303762556049629,0.04691332610029865,rostralanteriorcingulate-rh,0.35677459564262426
4502,right,139802,0.027144872413817772,0.059955761481319855,0.038963234410023265,lateralorbitofrontal-rh,0.4171737195434284
4503,right,139896,0.003392996754042986,0.05700671444977236,0.03444768067125927,medialorbitofrontal-rh,0.46376937609941926
4504,right,139929,0.009484325296267781,0.05637936883936333,0.032680610013819264,lateralorbitofrontal-rh,0.3953691215628344
4505,right,140222,0.013478840145958092,0.07207903357451305,0.0626602697949514,superiorfrontal-rh,0.1886395937167748
4506,right,140265,0.040231835156961215,0.07171440995536793,0.06075869399569496,rostralmiddlefrontal-rh,0.4101505833700984
4507,right,140363,0.010340025434412248,0.0668373983777733,0.05121390939173856,rostralanteriorcingulate-rh,0.27089218656841835
4508,right,140393,0.0382040221044171,0.06633990359279239,0.04879807713301721,rostralmiddlefrontal-rh,0.3364876940529028
4509,right,140470,0.04269063241492354,0.06420162385047924,0.043355948718200754,parstriangularis-rh,0.4093467867538472
4510,right,140845,0.03045085094462691,0.07634439794433963,0.06879135154952334,rostralmiddlefrontal-rh,0.46644915277965
4511,right,140853,0.016924556019270325,0.07620123521725423,0.06907815503815497,rostralmiddlefrontal-rh,0.3267137686035587
4512,right,140868,0.009561377951661554,0.07568520277374606,0.06807881760652912,superiorfrontal-rh,0.2324093992468366
4513,right,140925,0.027002068767229874,0.07429725394996448,0.06388221004709521,rostralmiddlefrontal-rh,0.3275458197481501
4514,right,140993,0.006582436591561783,0.07086130795019427,0.05829450783656677,rostralanteriorcingulate-rh,0.1667328164224962
4515,right,141181,0.030374307704019696,0.062489916590049405,0.0407918472352629,lateralorbitofrontal-rh,0.397515642670797
4516,right,141250,0.04040686632629943,0.06191418512009564,0.038398173388794754,parstriangularis-rh,0.5177911164218413
4517,right,141307,0.007812729445768746,0.059853507458024285,0.03620444428290778,medialorbitofrontal-rh,0.4064740793120513
4518,right,141374,0.03861406942454555,0.05817821994825699,0.03228957697555553,parsorbitalis-rh,0.5334053092918734
4519,right,141430,0.011375757665341843,0.05593827946952784,0.02754740351829416,lateralorbitofrontal-rh,0.43647121987900406
4520,right,141461,0.0077817826839953926,0.0828666648349719,0.07965981786015791,superiorfrontal-rh,0.39109804365949713
4521,right,141475,0.011825985856754144,0.08088815224430927,0.07680414392766971,superiorfrontal-rh,0.32620215985999973
4522,right,141590,0.02558731803109084,0.07618476712395705,0.06541822700001365,rostralmiddlefrontal-rh,0.40913395330562696
4523,right,141619,0.03896581470381422,0.07493474332687057,0.06383281245526187,rostralmiddlefrontal-rh,0.4033600212182734
4524,right,141716,0.03546065961584015,0.07211805143704755,0.05687738688053801,rostralmiddlefrontal-rh,0.26874665862737424
4525,right,141832,0.044605767571816675,0.06709497652987154,0.045848612712751896,parstriangularis-rh,0.3421779280931469
4526,right,141839,0.03558749531603545,0.06651558732021383,0.045330116939069326,parstriangularis-rh,0.35126236601922656
4527,right,142013,0.014205065809243477,0.06070654665799334,0.034921595648329334,lateralorbitofrontal-rh,0.3791809177881141
4528,right,142031,0.021876779319855887,0.06040316677680105,0.03342899468376664,lateralorbitofrontal-rh,0.4345208846843539
4529,right,142075,0.04063301143629917,0.06003457626046868,0.03137711029837084,parsorbitalis-rh,0.5422877260225958
4530,right,142184,0.016855188128391284,0.08224596250412874,0.07537495966171667,superiorfrontal-rh,0.39187056408147086
4531,right,142195,0.006983158892101224,0.0810084894777776,0.07380208155397311,superiorfrontal-rh,0.3825586962509515
4532,right,142231,0.029231073785542825,0.07947437266181935,0.07036595802219911,rostralmiddlefrontal-rh,0.6669304345929287
4533,right,142332,0.006023826870071662,0.0742672911518039,0.0617019965907742,rostralanteriorcingulate-rh,0.17468721611015944
4534,right,142380,0.013011137123078513,0.0742055171676064,0.05926979806377961,superiorfrontal-rh,0.20381009800214098
4535,right,142486,0.029931646573808944,0.07188772033224425,0.05378938956146024,rostralmiddlefrontal-rh,0.22208947856879596
4536,right,142504,0.03912749530147481,0.07082191808875493,0.05185279579264966,rostralmiddlefrontal-rh,0.2941133724205042
4537,right,142553,0.008113443173143057,0.06686921265357788,0.04633962042915686,rostralanteriorcingulate-rh,0.3814088967138034
4538,right,142636,0.0033095769377459454,0.06340525689612976,0.03918990285822949,rostralanteriorcingulate-rh,0.42645102403636614
4539,right,142888,0.0185127200789757,0.08122455431258027,0.07312343830671317,rostralmiddlefrontal-rh,0.6185948606438545
4540,right,143011,0.020104846853756277,0.07607798919621206,0.06098197337585697,rostralmiddlefrontal-rh,0.2281806647860831
4541,right,143232,0.00338917649119339,0.06651518793690826,0.04262262739689292,rostralanteriorcingulate-rh,0.3674292312133757
4542,right,143267,0.036944506707099395,0.06550303647704044,0.04005131638681912,parsorbitalis-rh,0.4446371106480564
4543,right,143321,0.032754907773831846,0.06379255788243392,0.03486576601063732,parsorbitalis-rh,0.4833557310000799
4544,right,143427,0.00561878078905291,0.06157072358215046,0.030777567368227753,medialorbitofrontal-rh,0.3456515221495455
4545,right,143471,0.002504850967017759,0.05857906325746991,0.026322882419421937,medialorbitofrontal-rh,0.40843292744939347
4546,right,143544,0.009871682854369483,0.081296919209647,0.07069808276745769,superiorfrontal-rh,0.38220540521301605
4547,right,143656,0.03219832773390234,0.0768122214203833,0.0595767911661508,rostralmiddlefrontal-rh,0.18692880001759982
4548,right,143700,0.0061527608107248,0.07411263248833334,0.05548327202836229,rostralanteriorcingulate-rh,0.21299500919152592
4549,right,143758,0.02369344303122406,0.0731881222244078,0.05263695308519802,rostralmiddlefrontal-rh,0.21771395390362433
4550,right,143765,0.005429141360817041,0.07337143271157608,0.05274643920031807,rostralanteriorcingulate-rh,0.22190547254059245
4551,right,143847,0.010356166673528549,0.07033430611280606,0.047453776517191536,rostralanteriorcingulate-rh,0.3300139526063967
4552,right,143897,0.0073060733406513905,0.06692069072903091,0.04226709626956891,medialorbitofrontal-rh,0.45596632861675374
4553,right,143929,0.02484147425626143,0.06698931013062652,0.0400243198138925,lateralorbitofrontal-rh,0.36630161252786547
4554,right,144025,0.026459376278351317,0.06404653482953189,0.03275289692741434,lateralorbitofrontal-rh,0.4616669933044189
4555,right,144128,0.0053776344752627415,0.06016756283062208,0.027171381978144338,medialorbitofrontal-rh,0.37607942386584436
4556,right,144221,0.007263145415977931,0.08160131523401487,0.06847925779372055,superiorfrontal-rh,0.3875649425365387
4557,right,144292,0.012568849158120359,0.07944569305629036,0.06330125094327362,superiorfrontal-rh,0.3045110669905839
4558,right,144297,0.0296092457297195,0.07945292264813389,0.06274950070740049,rostralmiddlefrontal-rh,0.25398837199015606
4559,right,144373,0.04056922991617013,0.07689157571059714,0.05596728181655154,rostralmiddlefrontal-rh,0.25653124878167743
4560,right,144415,0.01469205545319918,0.0744984615794803,0.05396711571094973,superiorfrontal-rh,0.23272524806939723
4561,right,144714,0.007392714616972541,0.06609729366901777,0.036407524948620484,medialorbitofrontal-rh,0.4228661607367501
4562,right,144763,0.019077454908298888,0.06446709606935974,0.033444958348411526,lateralorbitofrontal-rh,0.3937288433192411
4563,right,144771,0.001959261521635091,0.06422404007811039,0.033399571254630236,medialorbitofrontal-rh,0.4415175009921526
4564,right,144830,0.014318815981333916,0.06221951606053905,0.028742426331649064,lateralorbitofrontal-rh,0.38913953847119365
4565,right,144919,0.014408035779922987,0.0820497460226015,0.0687672748199884,superiorfrontal-rh,0.38965896607525397
4566,right,145185,0.03630204784404243,0.07433495780999193,0.05043247132796964,rostralmiddlefrontal-rh,0.23069396354196844
4567,right,145246,0.003977125144633513,0.07285560521066267,0.04808657267896578,rostralanteriorcingulate-rh,0.2556156291522427
4568,right,145253,0.038510445120083725,0.07335795604791925,0.047062084631946596,rostralmiddlefrontal-rh,0.270793135645199
4569,right,145328,0.041059193575802976,0.07036444310755216,0.04187386149123514,rostralmiddlefrontal-rh,0.38740709083027325
4570,right,145332,0.013796310275248769,0.06992596289994706,0.041891379580848404,medialorbitofrontal-rh,0.37987266215699567
4571,right,145461,0.04005536865796951,0.066921812538714,0.033481018407618,parsorbitalis-rh,0.5380741467358513
4572,right,145470,0.020175701153404352,0.06600962273192833,0.03337454484648178,lateralorbitofrontal-rh,0.39614952455127045
4573,right,145559,0.009857019097105896,0.06335395398799709,0.028880513729541764,lateralorbitofrontal-rh,0.347803333725609
4574,right,145699,0.019292158531406846,0.08222580079713304,0.06534639679690529,rostralmiddlefrontal-rh,0.35837273433351424
4575,right,145773,0.02512212446306021,0.07914672549162934,0.05839085741192462,rostralmiddlefrontal-rh,0.22647191040320208
4576,right,145811,0.029306822265727183,0.07827761139937324,0.055933423347217605,rostralmiddlefrontal-rh,0.17839612277700134
4577,right,145893,0.029121513219668112,0.07548856831587641,0.049949447419757924,rostralmiddlefrontal-rh,0.23589509738163453
4578,right,145900,0.008421568230286077,0.07456125787678552,0.05043683236253654,rostralanteriorcingulate-rh,0.26734049052276054
4579,right,145926,0.043770801959583445,0.07466532444587022,0.048033019193659265,rostralmiddlefrontal-rh,0.26046930822113223
4580,right,146070,0.038827786343554806,0.071051092926863,0.04060409250975129,rostralmiddlefrontal-rh,0.4067795598589872
4581,right,146118,0.021510088360625103,0.06946948921341216,0.037579298117437765,lateralorbitofrontal-rh,0.3423980119230184
4582,right,146347,0.020283469925341188,0.08542420361481436,0.06953833759074166,superiorfrontal-rh,0.537246093569087
4583,right,146420,0.006388861740240224,0.08173114929755504,0.062365303425860844,superiorfrontal-rh,0.35115082842394907
4584,right,146450,0.023690361516989795,0.08132508212035834,0.06024631695886149,rostralmiddlefrontal-rh,0.2751984202943056
4585,right,146519,0.010555644031995812,0.07898515622727625,0.056975600101705146,superiorfrontal-rh,0.30205230313463083
4586,right,146601,0.03135125529578303,0.0768241937090609,0.05112486236679087,rostralmiddlefrontal-rh,0.2104862451962773
4587,right,146657,0.01519111565624619,0.07512321539796679,0.04887913781214545,superiorfrontal-rh,0.2659831415642385
4588,right,146754,0.004230965965032883,0.0729979855288436,0.04261076028652406,rostralanteriorcingulate-rh,0.34799201685794084
4589,right,146807,0.028938123514431247,0.07051235492224776,0.038808947904425954,lateralorbitofrontal-rh,0.3933363543634259
4590,right,146888,0.0071664832292023285,0.06850250045546868,0.03333480944530401,medialorbitofrontal-rh,0.35455990783619157
4591,right,147124,0.03261953084663639,0.08299111082308509,0.0599732576248742,rostralmiddlefrontal-rh,0.1954192878458567
4592,right,147384,0.03691883820498617,0.07433999813396583,0.043987373115118786,rostralmiddlefrontal-rh,0.3127687684301756
4593,right,147554,0.039294765232942945,0.07037243371771375,0.0331833170917304,parsorbitalis-rh,0.5259633629435966
4594,right,147597,0.013529272170891666,0.06812743827117357,0.03207521165662208,lateralorbitofrontal-rh,0.34114560648323144
4595,right,147680,0.004572638705426606,0.08694402247697236,0.06763625063297793,superiorfrontal-rh,0.5017441497710016
4596,right,147723,0.010042847276940626,0.0854147214060319,0.06469401372541181,superiorfrontal-rh,0.4327794381558656
4597,right,147853,0.035322517735751235,0.08132656080065295,0.054620934614108066,rostralmiddlefrontal-rh,0.1212640966923095
4598,right,147895,0.022080057743508526,0.07929154766762594,0.051647906332419426,rostralmiddlefrontal-rh,0.26110687330798393
4599,right,147898,0.04066818891056351,0.0796461509200181,0.05101390957503527,rostralmiddlefrontal-rh,0.16604399218309163
4600,right,147971,0.026235706795323346,0.07724585400006677,0.04698311204655985,rostralmiddlefrontal-rh,0.28206765469551676
4601,right,147976,0.021742623358830617,0.07637226728248742,0.04588819079870385,rostralmiddlefrontal-rh,0.28445666330131386
4602,right,148020,0.030501417643092745,0.07519899155421092,0.043799213724054986,rostralmiddlefrontal-rh,0.31521950566576945
4603,right,148090,0.036762637924342784,0.07263860740614325,0.03752109134206813,rostralmiddlefrontal-rh,0.4484554603328395
4604,right,148104,0.008744443919086796,0.07181858842619361,0.03714099615522793,medialorbitofrontal-rh,0.4146875129467711
4605,right,148236,0.0035205356947336512,0.06728870350432672,0.028517947508471995,medialorbitofrontal-rh,0.2621586274723568
4606,right,148266,0.0006114354381450786,0.06509711217316148,0.023951722794568357,medialorbitofrontal-rh,0.2917569094525972
4607,right,148296,0.01506113628421205,0.08740194161234623,0.0652062276372504,superiorfrontal-rh,0.4301739495651718
4608,right,148402,0.01816368963594735,0.08303597088926443,0.05810501892000382,rostralmiddlefrontal-rh,0.3121928772245213
4609,right,148594,0.012948861627660369,0.07599354255033025,0.04420327880873847,superiorfrontal-rh,0.3220230364738536
4610,right,148725,0.0021399511950799797,0.07200492129902668,0.0350977984075036,medialorbitofrontal-rh,0.3853298023633861
4611,right,148817,0.006424357769560329,0.06812405787525999,0.027333216285531765,medialorbitofrontal-rh,0.2985866773884216
4612,right,148968,0.006326876320331524,0.08342371487833825,0.055804206672333344,superiorfrontal-rh,0.3860743830405374
4613,right,148970,0.024165803052700066,0.08378669163308332,0.055405345328535444,rostralmiddlefrontal-rh,0.29613913175660317
4614,right,149164,0.03389900199917553,0.07592399528869108,0.04049215483642876,rostralmiddlefrontal-rh,0.36407623495569386
4615,right,149251,0.02593193715039082,0.07250464125460379,0.03397546344127205,lateralorbitofrontal-rh,0.43282670118388245
4616,right,149386,0.017748000259785384,0.0885537070911263,0.06449214889623096,superiorfrontal-rh,0.3586576333771964
4617,right,149414,0.028314012646584563,0.08682613965275228,0.06130178146589887,rostralmiddlefrontal-rh,0.31463936429593237
4618,right,149420,0.0085722186778703,0.08669361282092404,0.06094646452541818,superiorfrontal-rh,0.4389173199247463
4619,right,149492,0.030662780770453143,0.08304313403139367,0.05151485376238016,rostralmiddlefrontal-rh,0.22773810264796715
4620,right,149498,0.011954032306787972,0.08136914089241382,0.05148769589632472,superiorfrontal-rh,0.32497457669820273
4621,right,149542,0.0365725177914454,0.08162977103784541,0.047747836548301906,rostralmiddlefrontal-rh,0.20377991243756294
4622,right,149576,0.03425328291404404,0.08060271153005626,0.04569519216798965,rostralmiddlefrontal-rh,0.2875115591426839
4623,right,149971,0.01680769148701157,0.08732177498751219,0.057978783201906796,superiorfrontal-rh,0.3933253894462124
4624,right,150113,0.00818658524487914,0.08102051619180427,0.047173322367760735,superiorfrontal-rh,0.29757405767084244
4625,right,150152,0.04034960904702127,0.0814315111777698,0.04404099381526628,rostralmiddlefrontal-rh,0.2486019701373838
4626,right,150212,0.011251308593558084,0.07804673053156572,0.039365458487688944,medialorbitofrontal-rh,0.362091540132009
4627,right,150302,0.018162534425454208,0.0752497320775033,0.03471994601671133,lateralorbitofrontal-rh,0.3249178708149372
4628,right,150449,0.010764050384532611,0.08937836778884248,0.061129384871545164,superiorfrontal-rh,0.47703535622122456
4629,right,150770,0.0025372568406955244,0.07741412360134528,0.03752739446063093,medialorbitofrontal-rh,0.3602876630028235
4630,right,150825,0.008582536028495628,0.0762948698017179,0.03440442902632798,medialorbitofrontal-rh,0.37263297607187473
4631,right,150875,0.004645679462684998,0.07428189726772032,0.030479731416508213,medialorbitofrontal-rh,0.4516314809947303
4632,right,150934,0.0029653802790159437,0.07033205874032228,0.02347900100661573,medialorbitofrontal-rh,0.25736120997782475
4633,right,151162,0.027839479072320695,0.0826153560776863,0.044340788325815915,rostralmiddlefrontal-rh,0.3349720394712161
4634,right,151306,0.023022431337864475,0.07795134366635673,0.03490106528340475,lateralorbitofrontal-rh,0.3785225581049957
4635,right,151313,0.032289929337910965,0.07714548944236543,0.033819484237899114,parsorbitalis-rh,0.4804766517618519
4636,right,151400,0.0018191313330206786,0.07290918707551576,0.025830322769459502,medialorbitofrontal-rh,0.23420062276175294
4637,right,151458,0.02385213216683068,0.08965702563533183,0.05788735731350726,rostralmiddlefrontal-rh,0.42579185464281133
4638,right,151515,0.020224594213009737,0.08667186123543986,0.05170240091056767,rostralmiddlefrontal-rh,0.3586932461216214
4639,right,151594,0.010004117777907934,0.08294670548688411,0.04493801285100467,superiorfrontal-rh,0.3088039945938318
4640,right,151618,0.030501945021738152,0.08274351057789643,0.041898273238551054,rostralmiddlefrontal-rh,0.3580474909629997
4641,right,151627,0.0373035526596302,0.08217906819820192,0.039511480342993094,rostralmiddlefrontal-rh,0.373713586079444
4642,right,151640,0.021185498719914566,0.08097216296540594,0.040278329713373376,rostralmiddlefrontal-rh,0.3220692461043617
4643,right,151685,0.035467268094408276,0.08151243716002382,0.037909520795904886,rostralmiddlefrontal-rh,0.40245353812986423
4644,right,151779,0.014957378061865341,0.07795946852280618,0.0320452650259553,lateralorbitofrontal-rh,0.3188126203881741
4645,right,151886,0.008419225441555123,0.09329434899003604,0.06319467970957895,superiorfrontal-rh,0.5599079418291246
4646,right,151912,0.009159313550575258,0.0896053583475149,0.056322570311177475,superiorfrontal-rh,0.4691734659231638
4647,right,151961,0.008862137049072153,0.08695067947985567,0.04999285239214394,superiorfrontal-rh,0.3957938260327941
4648,right,151969,0.025608522762869727,0.08747021313139124,0.049504344315178125,rostralmiddlefrontal-rh,0.35923020032657993
4649,right,152020,0.018759566677117746,0.0843262227301981,0.04551595003486735,rostralmiddlefrontal-rh,0.31664267486335135
4650,right,152151,0.028597335519683614,0.08092221769972119,0.035462158155890586,lateralorbitofrontal-rh,0.4333456934789169
4651,right,152415,0.020028641488100008,0.08784919550526313,0.049365846776721525,rostralmiddlefrontal-rh,0.3655579941273747
4652,right,152462,0.0035007210552539946,0.08662771871911357,0.048384329348758345,superiorfrontal-rh,0.2788909570604876
4653,right,152541,0.005407812101839096,0.0835572401144789,0.04083969281293854,medialorbitofrontal-rh,0.36318258620453264
4654,right,152585,0.028098495631719046,0.08288562869709462,0.03780725093584052,rostralmiddlefrontal-rh,0.4053212544594595
4655,right,152789,0.016488847103576662,0.09130221225303187,0.054137346529795946,superiorfrontal-rh,0.44363703572929764
4656,right,152832,0.012704203950182328,0.08995592044187982,0.05079087910521079,superiorfrontal-rh,0.4147137216276933
4657,right,153041,0.019401336978323178,0.08315931944911709,0.03734916995550076,rostralmiddlefrontal-rh,0.276970551627284
4658,right,153107,0.004670069632333946,0.08079726360205906,0.031903921681637845,medialorbitofrontal-rh,0.4071730154223762
4659,right,153481,0.006959851096672309,0.08320028690264683,0.03500842111444855,medialorbitofrontal-rh,0.36191799914969575
4660,right,153520,0.01810966912111711,0.08118003097898971,0.03142223351374669,lateralorbitofrontal-rh,0.3419788910165412
4661,right,153564,0.00507607494043915,0.0782170966713488,0.025986413707736123,medialorbitofrontal-rh,0.2585349539591844
4662,right,153946,0.012045982909375119,0.09516112806897031,0.05682614879598991,superiorfrontal-rh,0.5499373520912463
4663,right,153977,0.006906429763868934,0.0939472070294387,0.05328219405447801,superiorfrontal-rh,0.5267199197320136
4664,right,154192,0.015306609119802866,0.08454903225678134,0.033288256580512765,rostralmiddlefrontal-rh,0.29917613178634717
4665,right,154262,0.00357727858367171,0.08077009798546446,0.025348072174949585,medialorbitofrontal-rh,0.25190019892665494
4666,right,154338,0.015146085526591876,0.09310964454771424,0.04734555703782918,superiorfrontal-rh,0.3606263557840385
4667,right,154362,0.021563191917905948,0.09281302436041584,0.045429542239523626,rostralmiddlefrontal-rh,0.34357816301849287
4668,right,154392,0.008614151355237404,0.09016768874816357,0.04287092536053382,superiorfrontal-rh,0.3424771684245517
4669,right,154414,0.02122766525529348,0.08947031918444628,0.04021829926770687,rostralmiddlefrontal-rh,0.35890157028358555
4670,right,154430,0.014986779296088088,0.0883563970074937,0.039255478892942945,rostralmiddlefrontal-rh,0.27319451248889276
4671,right,154500,0.008737067913023292,0.08532162871934701,0.03400898376511445,frontalpole-rh,0.3187996793118697
4672,right,154563,0.011394571938716274,0.08406341994293638,0.029856499356956008,lateralorbitofrontal-rh,0.3061776576645911
4673,right,154658,0.008077719621486606,0.093412038893786,0.04713344980300248,superiorfrontal-rh,0.46897131341875575
4674,right,155020,0.015330274139774764,0.0915198612779069,0.040030090997620324,frontalpole-rh,0.2711734305464819
4675,right,155064,0.006198427153552321,0.0894350550619682,0.03774138224238406,medialorbitofrontal-rh,0.33646688212705306
4676,right,155243,0.01117972590423828,0.09382860092205467,0.0423899482803828,frontalpole-rh,0.3339083186889958
4677,right,155419,0.0058790941506325165,0.08584138163700178,0.026936423559484765,frontalpole-rh,0.2953797152195216
4678,right,155732,0.009396002382541502,0.09249996508720834,0.034995914755451094,frontalpole-rh,0.2906256190513624
4679,right,155775,0.0033767076722355164,0.08954399107046856,0.03062351062802192,frontalpole-rh,0.29975030567475086
4680,right,155953,0.013483560243800145,-0.06233304044428095,0.05378832004157088,pericalcarine-rh,0.8858552867698409
4681,right,156081,0.022985006077850232,-0.010528481513389865,0.051033224477417684,unknown,0.036362204169510366
4682,right,156084,0.021207754903901237,-0.007928996669319628,0.05042188773609339,unknown,0.0492657897780192
4683,right,156092,0.023544617561405246,-0.009951436131614476,0.047587151243962254,unknown,0.08650756265214028
4684,right,156115,0.017024241977179284,-0.007065074630227163,0.045919531227878105,unknown,0.11112000158280506
4685,right,156156,0.04844527644892441,-0.018221000763662887,0.026118613450070185,inferiortemporal-rh,0.4968499598405327
4686,right,156180,0.022441731810321924,0.010912849263096243,0.03930861255555265,unknown,0.2565347783520567
4687,right,156207,0.032248540950162954,0.01734901810702256,0.04650296847727147,insula-rh,0.23933687487561336
4688,right,156247,0.03350133467656924,0.01780817433986189,0.04182821758242662,insula-rh,0.3103199076140551
4689,right,156255,0.02130477593034105,0.013776882304380794,0.040045717161107705,unknown,0.23169999855036613
4690,right,156395,0.01598294398008882,0.017350787025084684,0.025727759697393493,unknown,0.32917047097848523
4691,right,156433,0.0251259193330666,0.017023922510307002,0.025928907455154096,unknown,0.3343309143014405
4692,right,156471,0.026675064709427175,0.02474151677650433,0.03191099591739115,unknown,0.3530892962975437
4693,right,156480,0.027834149004523953,0.025903259172104565,0.027445173365066425,unknown,0.3808004481297526
4694,right,156528,0.026642939604289977,0.024040189442372448,0.02504202839949359,unknown,0.3543668910756285
4695,right,156548,0.025638060322708447,0.026282652292095046,0.03674739022022773,insula-rh,0.31580611192269853
4696,right,156613,0.030576700613785836,0.028339878734684264,0.032554487467314625,insula-rh,0.39098367308787324
4697,right,156779,0.025273499670211516,0.04678093130001612,0.02748542741777647,lateralorbitofrontal-rh,0.5409662002398232
4698,right,156841,0.02980613059945419,0.06955570442297011,0.05861861609506424,rostralmiddlefrontal-rh,0.26785749370064554
