method,eeg_snr_db,meg_snr_db,aggregation,case_count,scenario_count,auc,auc_tie_corrected,rmse,surface_sd_mm,surface_dle_mm,deep_sd_mm,deep_dle_mm,deep_score,deep_peak_distance_mm,active_count,surface_sd_mm_penalized,surface_dle_mm_penalized,deep_sd_mm_penalized,deep_dle_mm_penalized,deep_sensitivity,deep_specificity,deep_balanced_accuracy
Dipole fitting (grid),-10,-10,case_weighted,185,4,0.5535095418636794,0.5577672299977828,1.67866334021792,22.544936786355173,14.314726396634853,1.4201256521535446,1.4201256521535446,0.0918918918918919,1.4201256521535446,1.9837837837837837,22.544936786355173,14.314726396634853,200.23122497191744,200.23122497191744,0.13675213675213677,1.0,0.5683760683760684
Dipole fitting (grid),-10,-5,case_weighted,185,4,0.5609018791084417,0.5607315037361585,1.5905308239547975,13.471254829031693,9.899702405661055,1.9254854569140905,1.9254854569140905,0.11573164776678442,1.9254854569140905,1.8,13.471254829031693,9.899702405661055,190.38569492648256,190.38569492648256,0.1794871794871795,1.0,0.5897435897435898
Dipole fitting (grid),-10,0,case_weighted,185,4,0.5827120054385166,0.564556458090886,1.5006518544736542,8.54684338222104,10.211808021794157,1.644122840405221,1.644122840405221,0.18077287570925293,1.644122840405221,1.7675675675675675,8.54684338222104,10.211808021794157,154.5812523636715,154.5812523636715,0.3247863247863248,0.9705882352941176,0.6476872800402212
Dipole fitting (grid),-10,5,case_weighted,185,4,0.5899327085954722,0.5631707993951678,1.5054701892557998,7.22341717709436,10.85724078187098,1.712095623768839,1.712095623768839,0.1912310828108434,1.712095623768839,1.7945945945945947,7.22341717709436,10.85724078187098,134.74833568853867,134.74833568853867,0.4017094017094017,0.9852941176470589,0.6935017596782302
Dipole fitting (grid),-10,10,case_weighted,185,4,0.5987980977778722,0.5643849736081059,1.4715633498631255,8.51001019463296,10.635422617897802,1.8601172552441132,1.8601172552441132,0.20295566015245486,1.8601172552441132,1.854054054054054,8.51001019463296,10.635422617897802,116.95243936515804,116.95243936515804,0.4700854700854701,1.0,0.7350427350427351
Dipole fitting (grid),-10,15,case_weighted,185,4,0.5957841489949609,0.5634297159912202,1.4927928448864525,7.687384598738516,10.92935106051979,1.2701983211418122,1.2701983211418122,0.1848256288240357,1.2701983211418122,1.8162162162162163,7.687384598738516,10.92935106051979,128.59131341728434,128.59131341728434,0.4358974358974359,1.0,0.717948717948718
Dipole fitting (grid),-10,20,case_weighted,185,4,0.5975185963142279,0.5630637164240473,1.4857061717002782,7.473508605903796,10.699683156259926,1.4546901171174613,1.4546901171174613,0.19409677913762902,1.4546901171174613,1.8054054054054054,7.473508605903796,10.699683156259926,122.71143991274784,122.71143991274784,0.46153846153846156,0.9852941176470589,0.7234162895927603
Dipole fitting (grid),-5,-10,case_weighted,185,4,0.5513081955538501,0.5548640117867719,1.6243305197121256,10.683767494730143,10.112685257421722,2.008360934088709,2.008360934088709,0.08949486488741312,2.008360934088709,1.6594594594594594,10.683767494730143,10.112685257421722,200.31669505561746,200.31669505561746,0.13675213675213677,1.0,0.5683760683760684
Dipole fitting (grid),-5,-5,case_weighted,185,4,0.56166905067382,0.5614873336704681,1.568320069112087,8.45598903840512,9.264210359456838,0.47619048518568274,0.47619048518568274,0.1143129103723006,0.47619048518568274,1.6486486486486487,8.45598903840512,9.264210359456838,192.1093567383891,192.1093567383891,0.1794871794871795,0.9852941176470589,0.5823906485671192
Dipole fitting (grid),-5,0,case_weighted,185,4,0.5719967246463867,0.5632077922412665,1.522465341090073,6.979329897765148,9.149875250663033,2.3275041961461858,2.3275041961461858,0.15930825087774247,2.3275041961461858,1.7621621621621621,6.979329897765148,9.149875250663033,164.71666512034068,164.71666512034068,0.28205128205128205,0.9852941176470589,0.6336726998491704
Dipole fitting (grid),-5,5,case_weighted,185,4,0.5930364804234636,0.5654926522780731,1.4772152631553652,6.92865198313083,10.269928116561223,2.304672773034519,2.304672773034519,0.20109073213517606,2.304672773034519,1.8486486486486486,6.92865198313083,10.269928116561223,131.040472263725,131.040472263725,0.41025641025641024,0.9705882352941176,0.6904223227752639
Dipole fitting (grid),-5,10,case_weighted,185,4,0.5964275545132993,0.5642798258010527,1.479695023601939,6.89965851237136,11.981568110836676,2.6773807329700197,2.6773807329700197,0.20128261535822398,2.6773807329700197,1.8162162162162163,6.89965851237136,11.981568110836676,117.3645636829856,117.3645636829856,0.46153846153846156,1.0,0.7307692307692308
Dipole fitting (grid),-5,15,case_weighted,185,4,0.5946706146944987,0.5639423387139778,1.4802759469524855,6.460524371041918,9.512736076109945,2.1448265881310467,2.1448265881310467,0.19292782938981565,2.1448265881310467,1.7459459459459459,6.460524371041918,9.512736076109945,125.02367861056754,125.02367861056754,0.4358974358974359,1.0,0.717948717948718
Dipole fitting (grid),-5,20,case_weighted,185,4,0.5913435663389065,0.562597529867786,1.48927720620882,6.756107788162247,10.203879021136126,1.4485281804735874,1.4485281804735874,0.1842215658909059,1.4485281804735874,1.772972972972973,6.756107788162247,10.203879021136126,134.63570002901076,134.63570002901076,0.39316239316239315,1.0,0.6965811965811965
Dipole fitting (grid),0,-10,case_weighted,185,4,0.5581320969992533,0.5583856564578057,1.6108639418509316,6.26799374923794,9.069794024455696,0.7443229022136957,0.7443229022136957,0.10033176696229668,0.7443229022136957,1.5135135135135136,6.26799374923794,9.069794024455696,196.1452572398055,196.1452572398055,0.15384615384615385,1.0,0.5769230769230769
Dipole fitting (grid),0,-5,case_weighted,185,4,0.567832820711217,0.5624115004647522,1.5440035431722479,5.0119930283862235,8.735058368767842,2.58064523324171,2.58064523324171,0.14668798685510137,2.58064523324171,1.6324324324324324,5.0119930283862235,8.735058368767842,172.70515916128502,172.70515916128502,0.2564102564102564,1.0,0.6282051282051282
Dipole fitting (grid),0,0,case_weighted,185,4,0.5829282941365619,0.5632999745475846,1.51639556455443,5.047666275807652,9.38804377706213,2.1006001993555135,2.1006001993555135,0.1703508474898355,2.1006001993555135,1.7621621621621621,5.047666275807652,9.38804377706213,146.80813311350332,146.80813311350332,0.3504273504273504,1.0,0.6752136752136753
Dipole fitting (grid),0,5,case_weighted,185,4,0.5969869902518788,0.5673271940098876,1.4642871131906543,4.794531295091215,8.540266370814173,1.398908258439524,1.398908258439524,0.1895075849798277,1.398908258439524,1.7837837837837838,4.794531295091215,8.540266370814173,128.64961791879526,128.64961791879526,0.4444444444444444,1.0,0.7222222222222222
Dipole fitting (grid),0,10,case_weighted,185,4,0.5980741901825625,0.5656900569591057,1.4651265484421838,5.94030530227764,9.810531255422935,2.2777171842650885,2.2777171842650885,0.20849146434347143,2.2777171842650885,1.8972972972972972,5.94030530227764,9.810531255422935,119.14380509579264,119.14380509579264,0.452991452991453,0.9852941176470589,0.7191427853192559
Dipole fitting (grid),0,15,case_weighted,185,4,0.5972841077463825,0.5652477178184854,1.4640263445015376,6.585450620521675,10.319492330667247,1.7955541162158295,1.7955541162158295,0.20270020035078715,1.7955541162158295,1.8810810810810812,6.585450620521675,10.319492330667247,118.90478408769985,118.90478408769985,0.47863247863247865,1.0,0.7393162393162394
Dipole fitting (grid),0,20,case_weighted,185,4,0.593932587046009,0.5630474003880847,1.489533016903474,7.148392263132985,10.34685934246748,1.8135802678908153,1.8135802678908153,0.1960242776028209,1.8135802678908153,1.837837837837838,7.148392263132985,10.34685934246748,124.86796452840335,124.86796452840335,0.42735042735042733,1.0,0.7136752136752137
Dipole fitting (grid),5,-10,case_weighted,185,4,0.5666205204837216,0.5592889586173714,1.578101606597667,5.115231769570613,9.486126051964066,2.7186237203789063,2.7186237203789063,0.13814388732970811,2.7186237203789063,1.5405405405405406,5.115231769570613,9.486126051964066,174.71873028297006,174.71873028297006,0.23931623931623933,1.0,0.6196581196581197
Dipole fitting (grid),5,-5,case_weighted,185,4,0.5826215007492597,0.5629403898711094,1.5164237383160906,4.4072081307037125,9.017814651410529,1.8698253077114,1.8698253077114,0.1822450618801431,1.8698253077114,1.6756756756756757,4.4072081307037125,9.017814651410529,144.73707856836737,144.73707856836737,0.37606837606837606,1.0,0.688034188034188
Dipole fitting (grid),5,0,case_weighted,185,4,0.5936027832440803,0.5659830685437126,1.4767304802809766,4.2859204859826,8.863381471804137,2.113743334789118,2.113743334789118,0.20235240418672226,2.113743334789118,1.827027027027027,4.2859204859826,8.863381471804137,126.99124946174433,126.99124946174433,0.452991452991453,1.0,0.7264957264957265
Dipole fitting (grid),5,5,case_weighted,185,4,0.602083213895765,0.5679039472714476,1.4509767422689466,4.399081128976733,8.565915292802995,1.7911905792491707,1.7911905792491707,0.20041364016971863,1.7911905792491707,1.837837837837838,4.399081128976733,8.565915292802995,118.90262096681042,118.90262096681042,0.452991452991453,1.0,0.7264957264957265
Dipole fitting (grid),5,10,case_weighted,185,4,0.600523093782467,0.5679507545117092,1.4523487144448832,4.4633175737102375,8.12736796662645,1.7493559993485084,1.7493559993485084,0.19890238531306964,1.7493559993485084,1.9189189189189189,4.4633175737102375,8.12736796662645,118.88188245711606,118.88188245711606,0.47863247863247865,1.0,0.7393162393162394
Dipole fitting (grid),5,15,case_weighted,185,4,0.602850445673234,0.5661962008546597,1.452683553163249,6.524535442549157,10.349099813320214,2.1193768500612857,2.1193768500612857,0.20807321759166655,2.1193768500612857,1.9513513513513514,6.524535442549157,10.349099813320214,113.11890813508779,113.11890813508779,0.47863247863247865,0.9705882352941176,0.7246103569632981
Dipole fitting (grid),5,20,case_weighted,185,4,0.5990880779738946,0.5647684090024719,1.4602864358205265,6.080275762731697,9.820026985190495,2.8685010278871035,2.8010856634695043,0.20943219134960117,2.8010856634695043,1.8324324324324324,6.080275762731697,9.820026985190495,115.48520886735929,115.45063688560667,0.4358974358974359,1.0,0.717948717948718
Dipole fitting (grid),10,-10,case_weighted,185,4,0.584160133705123,0.5603836478288866,1.56275387189179,5.0723229678587884,9.871137365245358,2.2098831643214663,2.2098831643214663,0.17776044514416298,2.2098831643214663,1.6324324324324324,5.0723229678587884,9.871137365245358,136.94242633571466,136.94242633571466,0.4017094017094017,1.0,0.7008547008547008
Dipole fitting (grid),10,-5,case_weighted,185,4,0.5814144665773954,0.5609432940229092,1.5544401817108637,5.2165144325928425,10.046241895351429,2.13661468541392,2.13661468541392,0.17257228249892448,2.13661468541392,1.6432432432432433,5.2165144325928425,10.046241895351429,142.8577027121772,142.8577027121772,0.37606837606837606,1.0,0.688034188034188
Dipole fitting (grid),10,0,case_weighted,185,4,0.5958860234142025,0.5654527562062861,1.4831052288234319,4.956772431649929,8.868811210033973,1.9554850595198843,1.9554850595198845,0.19598617259405804,1.9554850595198845,1.8432432432432433,4.956772431649929,8.868811210033973,120.96760136554937,120.96760136554937,0.4700854700854701,1.0,0.7350427350427351
Dipole fitting (grid),10,5,case_weighted,185,4,0.6047708111064063,0.567095470870189,1.4464505230872542,4.28418765921495,8.955961424374218,1.4672634779754192,1.4672634779754192,0.1977022833138985,1.4672634779754192,1.8162162162162163,4.28418765921495,8.955961424374218,116.75433361422768,116.75433361422768,0.47863247863247865,1.0,0.7393162393162394
Dipole fitting (grid),10,10,case_weighted,185,4,0.6044421092274629,0.5678330546467779,1.4448854060566514,4.203728149559964,8.446209427612219,1.6613531739024403,1.6613531739024403,0.19972229086638882,1.6613531739024403,1.9135135135135135,4.203728149559964,8.446209427612219,114.8661586858287,114.8661586858287,0.49572649572649574,1.0,0.7478632478632479
Dipole fitting (grid),10,15,case_weighted,185,4,0.6058048833834698,0.5684433032980931,1.4520323786427598,4.434660879529343,9.066126628415972,2.587558802828237,2.587558802828237,0.21909756429981814,2.587558802828237,1.9189189189189189,4.434660879529343,9.066126628415972,105.45047127102787,105.45047127102787,0.5042735042735043,1.0,0.7521367521367521
Dipole fitting (grid),10,20,case_weighted,185,4,0.6017048450851267,0.5668236498437386,1.4520273823729373,5.951281449085086,9.527599276765221,1.12530066763453,1.12530066763453,0.19746009483227692,1.12530066763453,1.9189189189189189,5.951281449085086,9.527599276765221,120.56315255924625,120.56315255924625,0.47863247863247865,1.0,0.7393162393162394
Dipole fitting (grid),15,-10,case_weighted,185,4,0.5838293778960527,0.560168351902236,1.566504512625722,5.871129532572441,10.397809917233577,3.8236332660804266,3.4271979057699014,0.17933735358862407,3.4271979057699014,1.654054054054054,5.871129532572441,10.397809917233577,133.68313400926846,133.51032885221,0.38461538461538464,0.9705882352941176,0.6776018099547512
Dipole fitting (grid),15,-5,case_weighted,185,4,0.5873546805801526,0.5612939670100736,1.535985662180003,4.898136456449974,9.928144261100183,2.7642041554284247,2.7642041554284247,0.18159816584077765,2.7642041554284247,1.6486486486486487,4.898136456449974,9.928144261100183,129.26808529093555,129.26808529093555,0.42735042735042733,0.9852941176470589,0.7063222724987431
Dipole fitting (grid),15,0,case_weighted,185,4,0.5941230805911407,0.5634261528866725,1.517892857461461,4.510745499224917,9.389907355859206,2.5834984952589375,2.583498495258937,0.19447869912732968,2.583498495258937,1.7243243243243243,4.510745499224917,9.389907355859206,117.31722135798604,117.31722135798604,0.47863247863247865,0.9705882352941176,0.7246103569632981
Dipole fitting (grid),15,5,case_weighted,185,4,0.601261484185216,0.5655259002767183,1.4718441015734072,4.564410529413133,9.377506276186544,2.2182050613078075,2.2182050613078075,0.2065252704523978,2.2182050613078075,1.8108108108108107,4.564410529413133,9.377506276186544,109.20785435129378,109.20785435129378,0.5042735042735043,1.0,0.7521367521367521
Dipole fitting (grid),15,10,case_weighted,185,4,0.6067563579471705,0.5677776026242582,1.4384109905497735,4.266419927752788,8.367113439847818,1.5575571797845487,1.5575571797845487,0.20304426465954536,1.5575571797845487,1.9027027027027028,4.266419927752788,8.367113439847818,110.83905724138374,110.83905724138374,0.49572649572649574,1.0,0.7478632478632479
Dipole fitting (grid),15,15,case_weighted,185,4,0.6085387571243084,0.5682104969046662,1.4378656098717673,4.3337443935879385,8.99152935043291,1.5175362277788538,1.5175362277788538,0.21342601493753033,1.5175362277788538,1.9027027027027028,4.3337443935879385,8.99152935043291,108.83057113323973,108.83057113323973,0.5128205128205128,1.0,0.7564102564102564
Dipole fitting (grid),15,20,case_weighted,185,4,0.5965960242764811,0.5671732800189729,1.451379699540484,4.118518431087921,8.859007963562068,1.7869867932622556,1.7869867932622556,0.19417628667026768,1.7869867932622556,1.8594594594594596,4.118518431087921,8.859007963562068,124.85546332238138,124.85546332238138,0.452991452991453,1.0,0.7264957264957265
Dipole fitting (grid),20,-10,case_weighted,185,4,0.5782415024600224,0.5584077967325434,1.5912645409368684,5.710276448784424,10.118273739711919,3.773199620629135,3.5193589094207183,0.17094020566221912,3.5193589094207183,1.691891891891892,5.710276448784424,10.118273739711919,139.56514786216528,139.461008083208,0.358974358974359,0.9558823529411765,0.6574283559577677
Dipole fitting (grid),20,-5,case_weighted,185,4,0.5822916241624131,0.5599242989622022,1.5589824964791281,5.838548099497722,10.03562066636519,2.3221384920612116,2.3221384920612116,0.16899872185350479,2.3221384920612116,1.6972972972972973,5.838548099497722,10.03562066636519,138.96984073249638,138.96984073249638,0.39316239316239315,0.9852941176470589,0.689228255404726
Dipole fitting (grid),20,0,case_weighted,185,4,0.5911895745270086,0.5608235081115217,1.536978648501576,5.214823920636097,10.131544306354815,2.048980647529097,2.048980647529097,0.18589114148910263,2.048980647529097,1.691891891891892,5.214823920636097,10.131544306354815,126.96135899070127,126.96135899070127,0.4358974358974359,0.9852941176470589,0.7105957767722474
Dipole fitting (grid),20,5,case_weighted,185,4,0.594766749444102,0.562870867426633,1.5220013697464407,4.919945409568669,9.428155791291848,2.338013525504201,2.338013525504201,0.1859132267403559,2.338013525504201,1.8054054054054054,4.919945409568669,9.428155791291848,119.17369558974026,119.17369558974026,0.4700854700854701,0.9852941176470589,0.7276897938662645
Dipole fitting (grid),20,10,case_weighted,185,4,0.5971446940780016,0.5651869413963052,1.4754040572285596,4.3528639309148405,8.660102013246071,2.338013530789351,2.338013530789351,0.19522885123071895,2.338013530789351,1.8972972972972972,4.3528639309148405,8.660102013246071,119.17369559236023,119.17369559236023,0.46153846153846156,0.9852941176470589,0.7234162895927603
Dipole fitting (grid),20,15,case_weighted,185,4,0.6027842110114812,0.5667918876032862,1.4491082546661014,4.0563788525116555,8.258071606822686,1.1253006652834223,1.1253006652834223,0.19123325671567623,1.1253006652834223,1.8594594594594596,4.0563788525116555,8.258071606822686,120.56315255810085,120.56315255810085,0.47863247863247865,1.0,0.7393162393162394
Dipole fitting (grid),20,20,case_weighted,185,4,0.6055148243351716,0.5673550249455723,1.4446856799807573,4.438281169158422,9.154099324795938,0.8470925113324039,0.8470925113324039,0.19398852437396377,0.8470925113324039,1.854054054054054,4.438281169158422,9.154099324795938,120.42761525232983,120.42761525232983,0.4700854700854701,1.0,0.7350427350427351
LCMV,-10,-10,case_weighted,185,4,0.7030029071816716,0.6741176644456078,1.9654123810982191,57.33854964308536,58.34059442328197,20.53346137602891,14.190027233482732,0.05405405405405406,0.0,1832.881081081081,57.33854964308536,58.34059442328197,20.53346137602891,14.190027233482732,0.08547008547008547,1.0,0.5427350427350427
LCMV,-10,-5,case_weighted,185,4,0.7037354437764477,0.6870068138503049,1.963937291709292,55.70439203915491,55.990283320153125,19.750924849206427,12.208578779217534,0.10270270270270271,0.0,1446.2864864864864,55.70439203915491,55.990283320153125,19.750924849206427,12.208578779217534,0.1623931623931624,1.0,0.5811965811965812
LCMV,-10,0,case_weighted,185,4,0.7095197414237444,0.6967927994493429,1.962397120634107,54.16603277421596,53.90208254200276,18.43089942636449,10.691185892105995,0.17130810798709764,0.0,1029.9513513513514,54.16603277421596,53.90208254200276,18.43089942636449,10.691185892105995,0.2905982905982906,1.0,0.6452991452991453
LCMV,-10,5,case_weighted,185,4,0.7185464812365089,0.7049269897904836,1.9574201258772894,53.19231831450456,50.58416173164785,16.341552999617907,7.90114286739885,0.35309412214029545,0.6997720482690472,738.4810810810811,53.19231831450456,50.58416173164785,16.341552999617907,7.90114286739885,0.5726495726495726,1.0,0.7863247863247863
LCMV,-10,10,case_weighted,185,4,0.7312137564763006,0.7076861316223924,1.9430712678739936,52.800994201713266,48.382783070169,13.557570682827775,4.503872453080149,0.5674415885502778,1.7130109657608938,567.3945945945947,52.800994201713266,48.382783070169,13.557570682827775,4.503872453080149,0.8974358974358975,0.75,0.8237179487179487
LCMV,-10,15,case_weighted,185,4,0.740493713205334,0.7096760960707751,1.9149165209093586,52.58008750607268,49.30724702830968,10.012323423454117,2.470894251351857,0.6220148143583787,1.0817824047962992,478.20540540540543,52.58008750607268,49.30724702830968,10.012323423454117,2.470894251351857,0.9658119658119658,0.1323529411764706,0.5490824534942182
LCMV,-10,20,case_weighted,185,4,0.7475249509838808,0.7101654638298849,1.8693753621616884,52.50044903676047,49.77204415169465,6.578153974996631,1.1171852810124876,0.6502498499082813,0.7399020736286996,424.0648648648649,52.50044903676047,49.77204415169465,6.578153974996631,1.1171852810124876,0.9658119658119658,0.029411764705882353,0.4976118652589241
LCMV,-5,-10,case_weighted,185,4,0.7330375077616368,0.6892262525975502,1.9618947675759513,58.077053841262256,56.60073936336823,20.51168043291736,13.509463484351219,0.05405405405405406,1.4142136031724077,1963.8,58.077053841262256,56.60073936336823,20.51168043291736,13.509463484351219,0.07692307692307693,1.0,0.5384615384615384
LCMV,-5,-5,case_weighted,185,4,0.7255122674665678,0.6910058208604934,1.9612593539527694,56.71023095936924,53.80009604502627,19.726508521046043,12.235841407881168,0.10810810810810811,0.0,1745.345945945946,56.71023095936924,53.80009604502627,19.726508521046043,12.235841407881168,0.17094017094017094,1.0,0.5854700854700855
LCMV,-5,0,case_weighted,185,4,0.7246595573198349,0.6991283223641606,1.959206454491509,55.00258373146,51.92316853498789,18.328155622899153,10.24391208213786,0.17603812292933232,0.0,1388.6162162162161,55.00258373146,51.92316853498789,18.328155622899153,10.24391208213786,0.2905982905982906,1.0,0.6452991452991453
LCMV,-5,5,case_weighted,185,4,0.7263522896508522,0.703729856507511,1.954432441477062,53.73051934204588,52.3420757118421,16.26299139438657,7.938463752461893,0.3934717161925175,0.8107325630082226,990.1027027027027,53.73051934204588,52.3420757118421,16.26299139438657,7.938463752461893,0.6324786324786325,1.0,0.8162393162393162
LCMV,-5,10,case_weighted,185,4,0.7345120662842711,0.7076504432723549,1.9409937297958697,53.05526955194556,49.09893808014633,13.491978750203728,4.362822741688351,0.5817018302105892,1.251209145196605,724.027027027027,53.05526955194556,49.09893808014633,13.491978750203728,4.362822741688351,0.9401709401709402,0.8088235294117647,0.8744972347913524
LCMV,-5,15,case_weighted,185,4,0.7434845318823758,0.7108000658699778,1.9131886939293745,52.704748692253055,47.15180199429142,10.047116522162774,2.1519155372976355,0.638044270758863,1.4974835522020364,558.1351351351351,52.704748692253055,47.15180199429142,10.047116522162774,2.1519155372976355,0.9487179487179487,0.22058823529411764,0.5846530920060331
LCMV,-5,20,case_weighted,185,4,0.7479449920171028,0.7107187592692092,1.867605182580568,52.538579033594225,48.63369330039009,6.674589122696379,1.067118060321887,0.6604599254980552,0.9108422359268434,462.9891891891892,52.538579033594225,48.63369330039009,6.674589122696379,1.067118060321887,0.9658119658119658,0.014705882352941176,0.4902589240824535
LCMV,0,-10,case_weighted,185,4,0.7512164703874881,0.6996694488799812,1.9585086400331528,57.948460436270935,55.29907849758396,20.071865588447018,11.836063955994653,0.07027027027027027,0.0,1845.535135135135,57.948460436270935,55.29907849758396,20.071865588447018,11.836063955994653,0.1111111111111111,1.0,0.5555555555555556
LCMV,0,-5,case_weighted,185,4,0.7468906049082141,0.6977492715962821,1.9580951842164978,57.0688034596771,50.81241022629985,19.45009895282008,11.064864806469288,0.14594594594594595,0.8941531883929725,1779.5405405405406,57.0688034596771,50.81241022629985,19.45009895282008,11.064864806469288,0.2222222222222222,1.0,0.6111111111111112
LCMV,0,0,case_weighted,185,4,0.7441548533348431,0.701396037115123,1.9557028501456493,55.74983472626875,48.601078277142776,18.08623230306978,9.457056329011923,0.21823926709887412,0.5888325787063684,1607.535135135135,55.74983472626875,48.601078277142776,18.08623230306978,9.457056329011923,0.3418803418803419,1.0,0.670940170940171
LCMV,0,5,case_weighted,185,4,0.7407760760564749,0.7042756658864133,1.9506736807680491,54.44237748409479,47.11303859874528,16.068917674475838,7.146955373527452,0.4143326484661364,0.1250000023612417,1314.2864864864864,54.44237748409479,47.11303859874528,16.068917674475838,7.146955373527452,0.6837606837606838,1.0,0.8418803418803419
LCMV,0,10,case_weighted,185,4,0.7423427003005618,0.7078141814455328,1.9367891698449493,53.37130748234004,49.973528846986966,13.412931830274546,3.806923833131201,0.5998432449183937,0.9430844510922111,950.7135135135135,53.37130748234004,49.973528846986966,13.412931830274546,3.806923833131201,0.9316239316239316,0.7205882352941176,0.8261060834590246
LCMV,0,15,case_weighted,185,4,0.7458228736396265,0.7095475239698562,1.9091352838170512,52.89560687488553,47.895572078837155,9.906983848088169,2.1873184149623146,0.6836883165863754,1.5829536491088247,702.8594594594595,52.89560687488553,47.895572078837155,9.906983848088169,2.1873184149623146,0.9487179487179487,0.16176470588235295,0.5552413273001509
LCMV,0,20,case_weighted,185,4,0.7484727023894582,0.7096921471122146,1.8653987211230927,52.55167529674044,49.70373382523718,6.607764640668676,1.1672525033285213,0.6859783610051639,0.9609094633656982,531.3027027027027,52.55167529674044,49.70373382523718,6.607764640668676,1.1672525033285213,0.9743589743589743,0.0,0.48717948717948717
LCMV,5,-10,case_weighted,185,4,0.7582610860595309,0.7044740712775104,1.9541589588437243,56.93493635532742,50.836430767818705,18.946011986518158,9.81389995900758,0.18501332704279935,0.689775306484603,1537.345945945946,56.93493635532742,50.836430767818705,18.946011986518158,9.81389995900758,0.2905982905982906,1.0,0.6452991452991453
LCMV,5,-5,case_weighted,185,4,0.7590507654080084,0.7036192854787808,1.952183012503312,56.40282965526026,50.544781697715926,18.375744624806476,9.34660713185717,0.23225593319404708,0.22727273973973852,1596.5135135135135,56.40282965526026,50.544781697715926,18.375744624806476,9.34660713185717,0.37606837606837606,1.0,0.688034188034188
LCMV,5,0,case_weighted,185,4,0.7572886272399167,0.7036344118529527,1.9492920328259713,55.54551023596109,47.337717270627294,17.365785939743294,7.845171504204039,0.3309758471820023,0.3174603348745553,1574.5243243243244,55.54551023596109,47.337717270627294,17.365785939743294,7.845171504204039,0.5384615384615384,1.0,0.7692307692307692
LCMV,5,5,case_weighted,185,4,0.7547145693490559,0.7043786048314921,1.942853555513491,54.57999982489047,46.932708830345646,15.605694263546203,5.287268467851791,0.47287385090835843,0.2197802318362306,1463.3189189189188,54.57999982489047,46.932708830345646,15.605694263546203,5.287268467851791,0.7777777777777778,1.0,0.8888888888888888
LCMV,5,10,case_weighted,185,4,0.7512437730051371,0.7058578947116925,1.928219619482054,53.769647238909236,47.67816049144868,13.065869323456663,3.2691008627520977,0.6294974966490879,0.8107579683872186,1226.708108108108,53.769647238909236,47.67816049144868,13.065869323456663,3.2691008627520977,0.9487179487179487,0.7352941176470589,0.8420060331825038
LCMV,5,15,case_weighted,185,4,0.7508276466786042,0.708572876491655,1.9020895913644922,53.14479558558152,48.60121467219591,9.78885014466525,1.895505294663136,0.7193240310431016,1.1443508665912197,917.772972972973,53.14479558558152,48.60121467219591,9.78885014466525,1.895505294663136,0.9572649572649573,0.16176470588235295,0.5595148315736551
LCMV,5,20,case_weighted,185,4,0.7513653305603711,0.7102181507402622,1.8600747320924182,52.751216026870864,48.33277308446439,6.559047238238687,1.0817824131699874,0.7207165972389444,0.6190291254498441,671.6918918918919,52.751216026870864,48.33277308446439,6.559047238238687,1.0817824131699874,0.9743589743589743,0.014705882352941176,0.49453242835595773
LCMV,10,-10,case_weighted,185,4,0.760779034493471,0.7079314689311661,1.9434612791934172,55.29738845530609,50.13644249371081,17.035440877028154,6.074913442689875,0.4183241244591797,1.196260572339766,1262.6054054054055,55.29738845530609,50.13644249371081,17.035440877028154,6.074913442689875,0.6581196581196581,0.9411764705882353,0.7996480643539468
LCMV,10,-5,case_weighted,185,4,0.7646792091439653,0.7087368451989253,1.9415371051084238,55.15905892769162,48.87733372000182,16.698972198538208,5.508413248958012,0.4537346203942298,0.9584466009083839,1361.9513513513514,55.15905892769162,48.87733372000182,16.698972198538208,5.508413248958012,0.7008547008547008,0.9411764705882353,0.821015585721468
LCMV,10,0,case_weighted,185,4,0.7628068708648231,0.7051547528077435,1.9381558485645207,55.069522525553936,49.2339992612051,15.792851140176476,4.35637439666862,0.4925679156277132,0.715790780054446,1431.4594594594594,55.069522525553936,49.2339992612051,15.792851140176476,4.35637439666862,0.7606837606837606,0.9411764705882353,0.850930115635998
LCMV,10,5,case_weighted,185,4,0.7622172669361144,0.7044584744509529,1.9309125595626238,54.269339525027256,45.599819225102785,14.364966327842337,3.38749921600706,0.5712584907247207,0.18691589474250306,1439.6162162162161,54.269339525027256,45.599819225102785,14.364966327842337,3.38749921600706,0.9145299145299145,0.8823529411764706,0.8984414278531925
LCMV,10,10,case_weighted,185,4,0.7588469627435089,0.7043733322797764,1.9151338946452259,53.855468329812595,45.49493177855815,12.14765758560597,2.2310839331999155,0.6830547781021297,0.4198632379272228,1379.0162162162162,53.855468329812595,45.49493177855815,12.14765758560597,2.2310839331999155,0.9658119658119658,0.5882352941176471,0.7770236299648065
LCMV,10,15,case_weighted,185,4,0.7560993184436088,0.7065780595920458,1.8886027051670924,53.30744571823985,46.80537380936671,9.280052788894196,1.4798041570795781,0.776502355198523,0.7246759630126722,1181.7621621621622,53.30744571823985,46.80537380936671,9.280052788894196,1.4798041570795781,0.9658119658119658,0.08823529411764706,0.5270236299648065
LCMV,10,20,case_weighted,185,4,0.7544725580671493,0.7087057669101485,1.848041570263281,52.786454550526834,49.931169304909254,6.380993237225824,1.031715197602208,0.7619039322416152,0.5335590383652344,883.6810810810811,52.786454550526834,49.931169304909254,6.380993237225824,1.031715197602208,0.9743589743589743,0.0,0.48717948717948717
LCMV,15,-10,case_weighted,185,4,0.763234823299976,0.7092597176548707,1.9194628348106864,54.05627679909855,48.81996753748866,13.623351772799635,3.136039593058707,0.6403482975171617,1.0834195553308559,1086.3567567567568,54.05627679909855,48.81996753748866,13.623351772799635,3.136039593058707,0.9401709401709402,0.7647058823529411,0.8524384112619406
LCMV,15,-5,case_weighted,185,4,0.7641729305318792,0.7093091262686887,1.9178545143978318,54.12808791393483,49.7747970236943,13.411906442342266,2.660785057253691,0.6335267869758061,0.5203952906297318,1134.7297297297298,54.12808791393483,49.7747970236943,13.411906442342266,2.660785057253691,0.9401709401709402,0.7941176470588235,0.8671442936148819
LCMV,15,0,case_weighted,185,4,0.7646435873036814,0.7069844242269403,1.9149940052320162,53.944357140621605,48.72873475954073,13.051665623801366,2.535523238499537,0.6312897976931481,0.6466643510534161,1227.2972972972973,53.944357140621605,48.72873475954073,13.051665623801366,2.535523238499537,0.9316239316239316,0.7647058823529411,0.8481649069884364
LCMV,15,5,case_weighted,185,4,0.7668617985061946,0.7077553854169585,1.9065365325869,53.68237481262212,47.20761642490536,12.043857982489635,1.8614762530422075,0.6946412404517845,0.5381586883481171,1310.4054054054054,53.68237481262212,47.20761642490536,12.043857982489635,1.8614762530422075,0.9658119658119658,0.6470588235294118,0.8064353946706888
LCMV,15,10,case_weighted,185,4,0.764652230258177,0.7052568854484288,1.8919174786256439,53.54914222410668,45.228963827107094,10.519027365482856,1.1171853062182204,0.7430798663938896,0.4627533094133977,1363.0216216216215,53.54914222410668,45.228963827107094,10.519027365482856,1.1171853062182204,0.9914529914529915,0.45588235294117646,0.7236676721970839
LCMV,15,15,case_weighted,185,4,0.7618485828515265,0.7058559914376928,1.8650991494318956,53.084236886260385,45.621134648338575,8.229277971641455,0.7044992176572749,0.813244147345416,0.41268609017128827,1314.8108108108108,53.084236886260385,45.621134648338575,8.229277971641455,0.7044992176572749,0.9829059829059829,0.07352941176470588,0.5282176973353444
LCMV,15,20,case_weighted,185,4,0.7572515425378747,0.705903041137693,1.8277769707021398,52.81977667450057,47.93778942027145,5.9144462711752865,0.49815617213307695,0.8062338799976171,0.4126860819745428,1144.7513513513513,52.81977667450057,47.93778942027145,5.9144462711752865,0.49815617213307695,0.9829059829059829,0.0,0.49145299145299143
LCMV,20,-10,case_weighted,185,4,0.7648510532806214,0.7108828386465692,1.8736043998628022,53.0449638682962,47.75258385883064,10.005934846406696,1.1722031609317973,0.7487680882332812,0.32721600409632445,961.0,53.0449638682962,47.75258385883064,10.005934846406696,1.1722031609317973,0.9829059829059829,0.4117647058823529,0.6973353443941679
LCMV,20,-5,case_weighted,185,4,0.7641197092068737,0.7088825865886902,1.8745355392872944,53.152639524807775,48.06185223649006,9.913630573777267,1.1874292827526487,0.7566052610284889,0.49815618133946826,987.7081081081081,53.152639524807775,48.06185223649006,9.913630573777267,1.1874292827526487,0.9829059829059829,0.3235294117647059,0.6532176973353444
LCMV,20,0,case_weighted,185,4,0.7659079270243908,0.7098304038671845,1.872363165982904,53.34180858846397,48.72376738283261,9.770962147390456,0.8101460604238607,0.7430916524664811,0.2918131305599111,1029.3621621621621,53.34180858846397,48.72376738283261,9.770962147390456,0.8101460604238607,0.9914529914529915,0.38235294117647056,0.686902966314731
LCMV,20,5,case_weighted,185,4,0.7654995966542772,0.7065982840179778,1.8653836688174505,53.3403469278498,48.43774716555783,9.209303845410027,0.7747431941917031,0.7770932403894086,0.25641026125382915,1101.8324324324324,53.3403469278498,48.43774716555783,9.209303845410027,0.7747431941917031,1.0,0.3088235294117647,0.6544117647058824
LCMV,20,10,case_weighted,185,4,0.7662744360023248,0.7050496778883647,1.8526200510298445,53.17377118899032,47.4949818655577,8.424263498667504,0.25641026125382915,0.7813676101339492,0.0,1223.2972972972973,53.17377118899032,47.4949818655577,8.424263498667504,0.25641026125382915,1.0,0.22058823529411764,0.6102941176470589
LCMV,20,15,case_weighted,185,4,0.7653307233454207,0.7044999754452491,1.8287314874025014,52.968892597812435,44.841624508724514,6.824176399085769,0.41268609017128827,0.8374538113426871,0.17094017416921944,1284.7513513513513,52.968892597812435,44.841624508724514,6.824176399085769,0.41268609017128827,1.0,0.04411764705882353,0.5220588235294118
LCMV,20,20,case_weighted,185,4,0.7619754885717815,0.7053771801534143,1.7954209556893117,52.74204693216995,44.75352481428691,5.123901940641403,0.08547008708460972,0.8312492496193757,0.08547008708460972,1254.1351351351352,52.74204693216995,44.75352481428691,5.123901940641403,0.08547008708460972,1.0,0.0,0.5
MNE,-10,-10,case_weighted,185,4,0.7377561361648441,0.7428031711273263,1.9470983659477608,73.39027582203235,73.17830834998931,23.796862801887222,24.567441804643476,0.8821544241718547,25.06182899290872,800.627027027027,73.39027582203235,73.17830834998931,23.796862801887222,24.567441804643476,0.1794871794871795,0.0,0.08974358974358974
MNE,-10,-5,case_weighted,185,4,0.7612772625725387,0.7894653702316148,1.9308124743466388,71.28252432956799,74.64536985887854,23.255633696081727,23.585362228345147,0.6961886470435862,23.17118715809756,293.9135135135135,71.28252432956799,74.64536985887854,23.255633696081727,23.585362228345147,0.2222222222222222,0.0,0.1111111111111111
MNE,-10,0,case_weighted,185,4,0.8044251521652487,0.845748942364113,1.9076975544203985,67.85423187430702,72.71364171730518,22.568311209617615,22.86858010801787,0.5275194252266768,20.842851268529007,184.9945945945946,67.85423187430702,72.71364171730518,22.568311209617615,22.86858010801787,0.27350427350427353,0.0,0.13675213675213677
MNE,-10,5,case_weighted,185,4,0.8523597189375697,0.8905813106969012,1.8749641796759762,58.578381092106554,53.51610755822461,21.64734418134845,20.725300392234377,0.4807393559947227,19.02511127457539,191.5837837837838,58.578381092106554,53.51610755822461,21.64734418134845,20.725300392234377,0.3418803418803419,0.0,0.17094017094017094
MNE,-10,10,case_weighted,185,4,0.8828429832001569,0.9231426909886492,1.8298797873264878,40.943360253454244,37.32798010772345,20.439539252105444,17.851238660902023,0.5028113361600682,16.130952757576377,256.9081081081081,40.943360253454244,37.32798010772345,20.439539252105444,17.851238660902023,0.41025641025641024,0.0,0.20512820512820512
MNE,-10,15,case_weighted,185,4,0.895643438842775,0.9339282269367409,1.7933158450254318,26.14904245076862,20.992727301614018,19.137253645625012,15.150658019304256,0.4987864803772516,13.97258112807692,324.46486486486486,26.14904245076862,20.992727301614018,19.137253645625012,15.150658019304256,0.5128205128205128,0.014705882352941176,0.26376319758672695
MNE,-10,20,case_weighted,185,4,0.8995641754668645,0.9362557649060589,1.7749460820781033,22.608472978119785,18.467389246142996,18.43102019274931,14.067114379779513,0.49751399351811093,13.82235339618174,334.1837837837838,22.608472978119785,18.467389246142996,18.43102019274931,14.067114379779513,0.5384615384615384,0.07352941176470588,0.30599547511312214
MNE,-5,-10,case_weighted,185,4,0.7885188522618807,0.7862765151997066,1.9287802432389423,71.7914583795406,68.03430688745358,24.069413503568647,25.959268895271496,0.9280187305622628,24.127640565080263,1591.664864864865,71.7914583795406,68.03430688745358,24.069413503568647,25.959268895271496,0.23076923076923078,0.0,0.11538461538461539
MNE,-5,-5,case_weighted,185,4,0.8184977928993094,0.832051676319084,1.9083648575625523,67.74415529788129,57.90186472815737,23.301525634250424,23.954501653926645,0.8407742184307408,23.351303561847992,747.4648648648649,67.74415529788129,57.90186472815737,23.301525634250424,23.954501653926645,0.2564102564102564,0.014705882352941176,0.13555806938159878
MNE,-5,0,case_weighted,185,4,0.8404451398674592,0.8737520351360663,1.884923053783756,61.18656234311453,54.14078984293071,22.377409086362338,21.178102742541125,0.637816557782588,20.568055503748756,306.62702702702705,61.18656234311453,54.14078984293071,22.377409086362338,21.178102742541125,0.27350427350427353,0.0,0.13675213675213677
MNE,-5,5,case_weighted,185,4,0.8627896191551259,0.9035486637478474,1.8549507102754783,53.01490871924025,49.96391001809587,21.437073739633583,19.81497165190829,0.4861312134789877,18.897097797401326,211.5027027027027,53.01490871924025,49.96391001809587,21.437073739633583,19.81497165190829,0.29914529914529914,0.0,0.14957264957264957
MNE,-5,10,case_weighted,185,4,0.8839952134821725,0.9243976285789283,1.8171133389363914,40.373931273097334,32.65908279339957,20.47000695223068,17.67318322533319,0.46452944381647293,15.2179831808221,231.47027027027028,40.373931273097334,32.65908279339957,20.47000695223068,17.67318322533319,0.4188034188034188,0.0,0.2094017094017094
MNE,-5,15,case_weighted,185,4,0.8955270801442732,0.9338700570957768,1.785348551336692,27.02878882371768,20.614396302489386,19.23830268496986,14.734715178087761,0.47236780493376285,14.351081784527727,291.9351351351351,27.02878882371768,20.614396302489386,19.23830268496986,14.734715178087761,0.47863247863247865,0.058823529411764705,0.26872800402212166
MNE,-5,20,case_weighted,185,4,0.9002912351407915,0.9370253297817588,1.770375056503949,22.107548554332798,18.77495044008567,18.40184650582658,14.061933768038937,0.47668111315973016,13.670200706041962,304.65945945945947,22.107548554332798,18.77495044008567,18.40184650582658,14.061933768038937,0.49572649572649574,0.07352941176470588,0.2846279537456008
MNE,0,-10,case_weighted,185,4,0.8005994239644765,0.8128146417349608,1.9068243775731075,68.95104817382774,58.7147419236393,24.501307089530584,25.84425947941997,0.7766750438047931,24.442553740400932,1602.0864864864866,68.95104817382774,58.7147419236393,24.501307089530584,25.84425947941997,0.20512820512820512,0.0,0.10256410256410256
MNE,0,-5,case_weighted,185,4,0.8562030543253257,0.8730619832835622,1.879697808380545,61.6899882341526,45.38054425978753,23.675528964076367,25.366359444653703,0.8222502345172628,23.923060085092057,1271.5243243243244,61.6899882341526,45.38054425978753,23.675528964076367,25.366359444653703,0.2564102564102564,0.0,0.1282051282051282
MNE,0,0,case_weighted,185,4,0.8754154003362604,0.9021170515925016,1.8524470221852696,50.29731991075567,39.66470550320998,22.520653655382464,22.152747497862205,0.72909648820884,20.647242266947792,533.827027027027,50.29731991075567,39.66470550320998,22.520653655382464,22.152747497862205,0.3162393162393162,0.014705882352941176,0.1654725992961287
MNE,0,5,case_weighted,185,4,0.8822295657522392,0.9193125789148541,1.8227304760412983,41.181835978838905,35.45568987736832,21.129521205304005,19.081571838363697,0.5285964206122656,18.45956506889285,282.4054054054054,41.181835978838905,35.45568987736832,21.129521205304005,19.081571838363697,0.37606837606837606,0.014705882352941176,0.19538712921065862
MNE,0,10,case_weighted,185,4,0.8917069529007778,0.9312403968958226,1.793657947320509,33.53584689800247,27.15990022158954,19.91405105557478,16.963492375652713,0.43537286488384797,14.990675559657104,233.47027027027028,33.53584689800247,27.15990022158954,19.91405105557478,16.963492375652713,0.4444444444444444,0.014705882352941176,0.2295751633986928
MNE,0,15,case_weighted,185,4,0.9003204548500973,0.9384110845434707,1.7677099844972344,25.565268767045083,20.761263083707387,18.788100470727358,14.268052243073956,0.43077080119374267,13.55770456568811,251.56216216216217,25.565268767045083,20.761263083707387,18.788100470727358,14.268052243073956,0.5213675213675214,0.04411764705882353,0.28274258421317244
MNE,0,20,case_weighted,185,4,0.9016172174962327,0.9387038134294974,1.7615439151087933,21.645337055182008,18.975533057287446,18.271226520529833,14.087278729150698,0.45484087879471163,13.25260204405222,272.20540540540543,21.645337055182008,18.975533057287446,18.271226520529833,14.087278729150698,0.5128205128205128,0.11764705882352941,0.3152337858220211
MNE,5,-10,case_weighted,185,4,0.8089513650228182,0.8403962896195791,1.8773043040649486,61.09054424970095,45.43089978665568,23.85203915774673,24.590647913975953,0.5732276325269466,22.643579233040544,1049.5567567567568,61.09054424970095,45.43089978665568,23.85203915774673,24.590647913975953,0.20512820512820512,0.0,0.10256410256410256
MNE,5,-5,case_weighted,185,4,0.8590790121165605,0.8848289188985792,1.8489453358614636,53.192803187826115,34.10871869763896,23.32839145500497,23.27055427452314,0.6556915421817656,21.229978588116577,1130.1351351351352,53.192803187826115,34.10871869763896,23.32839145500497,23.27055427452314,0.26495726495726496,0.0,0.13247863247863248
MNE,5,0,case_weighted,185,4,0.8935819932967541,0.9200777720752297,1.814783019268236,40.589603840048866,25.206527908046397,22.28369591401537,20.30607971700422,0.6682929523242132,19.165059400063125,762.5243243243243,40.589603840048866,25.206527908046397,22.28369591401537,20.30607971700422,0.36752136752136755,0.029411764705882353,0.19846656611362495
MNE,5,5,case_weighted,185,4,0.9009898833914035,0.9334211539762071,1.7873062617613118,29.992055424452985,25.532087007462263,20.999989344872287,19.703646637499567,0.5655952002509433,17.017800624689304,379.9135135135135,29.992055424452985,25.532087007462263,20.999989344872287,19.703646637499567,0.41025641025641024,0.029411764705882353,0.2198340874811463
MNE,5,10,case_weighted,185,4,0.9046801520224105,0.940399105057226,1.7640061542035308,24.801371460100484,22.271291496375238,19.334763625439,16.31391063253851,0.44179678264960226,13.501079783496584,258.82702702702704,24.801371460100484,22.271291496375238,19.334763625439,16.31391063253851,0.5299145299145299,0.07352941176470588,0.3017219708396179
MNE,5,15,case_weighted,185,4,0.9030761046984925,0.9416443495767179,1.7480060648380933,21.84128888991115,20.525163204101105,18.516923263297514,14.25312687807314,0.39724788680953327,13.067975802656372,228.8864864864865,21.84128888991115,20.525163204101105,18.516923263297514,14.25312687807314,0.5555555555555556,0.14705882352941177,0.3513071895424837
MNE,5,20,case_weighted,185,4,0.9043396227639044,0.9419970421218172,1.7446791830834363,20.216853601955755,18.717062725054742,17.809079586122476,12.878691034929302,0.40694213170941634,12.425651434858478,234.47027027027028,20.216853601955755,18.717062725054742,17.809079586122476,12.878691034929302,0.5128205128205128,0.17647058823529413,0.34464555052790347
MNE,10,-10,case_weighted,185,4,0.8284732800415293,0.8742773714056499,1.8394924348483601,44.81021413445879,31.90390240718545,22.636431774912584,20.096601612864575,0.4132599207418422,19.38823753250307,719.1837837837838,44.81021413445879,31.90390240718545,22.636431774912584,20.096601612864575,0.29914529914529914,0.029411764705882353,0.16427853192559075
MNE,10,-5,case_weighted,185,4,0.8608813058612085,0.8997778753450637,1.8164359194359783,39.906440920450734,27.075493967224673,22.277887169802256,20.376639109662253,0.4699783721055456,19.08212169222112,751.6216216216217,39.906440920450734,27.075493967224673,22.277887169802256,20.376639109662253,0.3162393162393162,0.0,0.1581196581196581
MNE,10,0,case_weighted,185,4,0.8932346090886583,0.9242931844972557,1.782125979719776,31.911313524243717,17.786120321070232,21.50164395771886,20.316918693448393,0.518549361869935,17.967761481865995,676.4648648648649,31.911313524243717,17.786120321070232,21.50164395771886,20.316918693448393,0.3333333333333333,0.029411764705882353,0.18137254901960784
MNE,10,5,case_weighted,185,4,0.9108024498996293,0.9415621700524249,1.7469971886055615,23.424909548568138,14.291938540989497,20.16956992441034,17.886724052553614,0.533735716842558,15.941385186362021,396.56216216216217,23.424909548568138,14.291938540989497,20.16956992441034,17.886724052553614,0.4188034188034188,0.029411764705882353,0.2241075917546506
MNE,10,10,case_weighted,185,4,0.9129372715538143,0.9454128161686974,1.729879954039555,20.128207178985384,16.248148801126938,18.92533143034537,14.517751619573293,0.46408645730195663,13.47609221460697,289.2810810810811,20.128207178985384,16.248148801126938,18.92533143034537,14.517751619573293,0.5384615384615384,0.04411764705882353,0.29128959276018096
MNE,10,15,case_weighted,185,4,0.9112167302706401,0.9461698998928504,1.7231434324326873,19.225139235809124,17.55196233809824,17.951741701816285,13.206248047450352,0.4055213158475662,11.839155626300146,234.5027027027027,19.225139235809124,17.55196233809824,17.951741701816285,13.206248047450352,0.6068376068376068,0.14705882352941177,0.3769482151835093
MNE,10,20,case_weighted,185,4,0.9087339136163242,0.9455307598134823,1.7240100554216435,18.82623009037675,17.887416892839955,17.648037427721714,12.552282441516931,0.3779221716317347,12.34593939542164,214.55135135135134,18.82623009037675,17.887416892839955,17.648037427721714,12.552282441516931,0.5470085470085471,0.20588235294117646,0.37644544997486173
MNE,15,-10,case_weighted,185,4,0.8510652190486117,0.9021364353942364,1.8001715533165399,30.88026139527538,24.536330273906543,21.230943697640004,18.380447722458374,0.3366842985914874,16.71540530483335,568.4324324324324,30.88026139527538,24.536330273906543,21.230943697640004,18.380447722458374,0.3333333333333333,0.10294117647058823,0.2181372549019608
MNE,15,-5,case_weighted,185,4,0.8705716426038638,0.9133489358467638,1.7832324167303457,28.831688674532668,21.39075103384515,20.716900341287015,19.057370652577895,0.37194059013691533,17.226230859947556,509.4864864864865,28.831688674532668,21.39075103384515,20.716900341287015,19.057370652577895,0.3418803418803419,0.07352941176470588,0.2077048768225239
MNE,15,0,case_weighted,185,4,0.887430226130654,0.9264743962481211,1.7585221721806343,25.035491355257015,16.438968602266034,20.09294662589291,17.549847900315108,0.4029188254093359,16.214687569468406,489.58378378378376,25.035491355257015,16.438968602266034,20.09294662589291,17.549847900315108,0.36752136752136755,0.07352941176470588,0.22052538964303672
MNE,15,5,case_weighted,185,4,0.9060808809237323,0.9406509069868242,1.7259842500789229,19.79852625112853,13.167245120425482,19.404276887644702,16.200460904361464,0.43185604578888986,14.647533087277818,355.02702702702703,19.79852625112853,13.167245120425482,19.404276887644702,16.200460904361464,0.41025641025641024,0.08823529411764706,0.24924585218702866
MNE,15,10,case_weighted,185,4,0.915167261285186,0.9481315853655087,1.700506812109572,17.990013699001242,12.489585743383245,18.35713657097419,14.698576008674074,0.44316339404696453,12.919252557840574,297.5567567567568,17.990013699001242,12.489585743383245,18.35713657097419,14.698576008674074,0.5299145299145299,0.08823529411764706,0.3090749120160885
MNE,15,15,case_weighted,185,4,0.9146341051094454,0.9491459446437482,1.6993219892397984,18.261771602015095,14.943383329365657,17.526865501922295,13.138362530714089,0.4341514898028009,12.497342410294001,264.3027027027027,18.261771602015095,14.943383329365657,17.526865501922295,13.138362530714089,0.5641025641025641,0.1323529411764706,0.34822775263951733
MNE,15,20,case_weighted,185,4,0.9115617334609977,0.9482776281162885,1.7053788027268804,18.19718213240675,16.853683523891196,17.20665140693309,11.639794915792864,0.38973845653552663,11.012955866483113,226.84324324324325,18.19718213240675,16.853683523891196,17.20665140693309,11.639794915792864,0.5555555555555556,0.20588235294117646,0.380718954248366
MNE,20,-10,case_weighted,185,4,0.8671419609321948,0.9209578872806627,1.7705128208992864,23.63038286031105,20.26203700615348,20.02466347056743,16.319224598284364,0.3206215615313932,15.773039376497335,496.4432432432432,23.63038286031105,20.26203700615348,20.02466347056743,16.319224598284364,0.3247863247863248,0.29411764705882354,0.30945198592257417
MNE,20,-5,case_weighted,185,4,0.8753736329092613,0.924044877647774,1.7607969014411007,22.37416936128564,19.106828155095215,19.463708204685645,15.818998436474658,0.3162385452609028,15.138070377916595,437.3945945945946,22.37416936128564,19.106828155095215,19.463708204685645,15.818998436474658,0.37606837606837606,0.23529411764705882,0.30568124685771747
MNE,20,0,case_weighted,185,4,0.887559092760823,0.930019928287157,1.7436776844965989,20.54931246009523,17.994428016780976,18.76275765635425,15.564386242971237,0.3292400447810486,14.777016883784823,370.8054054054054,20.54931246009523,17.994428016780976,18.76275765635425,15.564386242971237,0.36752136752136755,0.22058823529411764,0.2940548014077426
MNE,20,5,case_weighted,185,4,0.8990140202736784,0.9386278887530985,1.7195304835037897,18.509121751699357,15.07089331873628,18.335182583474573,15.0893607008725,0.35591295417353663,14.198634089394893,336.5027027027027,18.509121751699357,15.07089331873628,18.335182583474573,15.0893607008725,0.4017094017094017,0.25,0.32585470085470086
MNE,20,10,case_weighted,185,4,0.9123308517569529,0.9469564087352542,1.6929102768804107,17.246530633788645,13.007187476147656,17.66472481461432,13.851806263050898,0.39571115491263176,13.5354021797662,305.772972972973,17.246530633788645,13.007187476147656,17.66472481461432,13.851806263050898,0.46153846153846156,0.22058823529411764,0.3410633484162896
MNE,20,15,case_weighted,185,4,0.9171453529619495,0.949922321597914,1.6784199724662228,17.554382137532983,12.601227596859138,16.80592974413609,11.375494875272386,0.4345316166561459,11.1539257064437,293.72972972972974,17.554382137532983,12.601227596859138,16.80592974413609,11.375494875272386,0.5384615384615384,0.16176470588235295,0.3501131221719457
MNE,20,20,case_weighted,185,4,0.9150560856259762,0.9502953756568064,1.6858190570043141,17.894577165980564,14.671202435434097,16.61708348192038,11.65605075799859,0.4262594338892923,11.384124201102109,258.34054054054053,17.894577165980564,14.671202435434097,16.61708348192038,11.65605075799859,0.5555555555555556,0.16176470588235295,0.35866013071895425
RAP-MUSIC,-10,-10,case_weighted,185,4,0.552746601252986,0.5558721094487094,1.6786409123873514,15.392753579039923,12.440681601763039,1.4201256521535446,1.4201256521535446,0.0888341575277931,1.4201256521535446,1.827027027027027,15.392753579039923,12.440681601763039,200.23122497191744,200.23122497191744,0.13675213675213677,1.0,0.5683760683760684
RAP-MUSIC,-10,-5,case_weighted,185,4,0.5653766432777212,0.562052317378755,1.582144949237345,10.584698768309236,9.634065022681925,2.276394280816081,2.276394280816081,0.1342963071602314,2.276394280816081,1.972972972972973,10.584698768309236,9.634065022681925,180.5477154927094,180.5477154927094,0.21367521367521367,1.0,0.6068376068376068
RAP-MUSIC,-10,0,case_weighted,185,4,0.5976135055024675,0.5687738427752594,1.4863934187087156,7.234532473755687,9.020731867269182,1.08989800011178,1.08989800011178,0.2174301330534491,1.08989800011178,2.1243243243243244,7.234532473755687,9.020731867269182,134.4824392681724,134.4824392681724,0.4188034188034188,1.0,0.7094017094017094
RAP-MUSIC,-10,5,case_weighted,185,4,0.6269848827841186,0.5730923674014786,1.4105271804588921,6.497660324649846,9.913901839478546,0.6046868058090149,0.6046868058090149,0.2604422844082746,0.6046868058090149,2.264864864864865,6.497660324649846,9.913901839478546,88.38823126923302,88.38823126923302,0.6153846153846154,1.0,0.8076923076923077
RAP-MUSIC,-10,10,case_weighted,185,4,0.6446030155945367,0.5729665069216702,1.3632804419061528,4.9517428229909255,9.24818892840904,0.3409091096096077,0.3409091096096077,0.29654445650591654,0.3409091096096077,2.2378378378378376,4.9517428229909255,9.24818892840904,58.26362602972384,58.26362602972384,0.7521367521367521,1.0,0.8760683760683761
RAP-MUSIC,-10,15,case_weighted,185,4,0.6410393283201593,0.5721691628396419,1.3459399232199856,4.411959796280816,8.843626456586577,0.23529413055408213,0.23529413055408213,0.2919036340088763,0.23529413055408213,2.1621621621621623,4.411959796280816,8.843626456586577,64.17890239741857,64.17890239741857,0.7264957264957265,1.0,0.8632478632478633
RAP-MUSIC,-10,20,case_weighted,185,4,0.6448298790467231,0.5721951108614081,1.3536484016275783,4.750862657864779,8.074597243741229,0.0,0.0,0.2898785350430073,0.0,2.2054054054054055,4.750862657864779,8.074597243741229,62.00771339781708,62.00771339781708,0.7264957264957265,1.0,0.8632478632478633
RAP-MUSIC,-5,-10,case_weighted,185,4,0.5574741770958574,0.5611184788139552,1.607516611952895,6.755377560906622,10.573500849158982,0.0,0.0,0.08492844471641824,0.0,1.627027027027027,6.755377560906622,10.573500849158982,202.0251307477266,202.0251307477266,0.13675213675213677,1.0,0.5683760683760684
RAP-MUSIC,-5,-5,case_weighted,185,4,0.5638480886913402,0.5639450965464443,1.5606170525786311,6.2073489115158065,9.433396484116376,0.9090909426112649,0.9090909426112649,0.11465438773988425,0.9090909426112649,1.8702702702702703,6.2073489115158065,9.433396484116376,190.1945780092632,190.1945780092632,0.18803418803418803,1.0,0.594017094017094
RAP-MUSIC,-5,0,case_weighted,185,4,0.5860679234950055,0.5688400248960879,1.487843166662739,5.465994962775563,7.951756072351287,2.2163195879763045,2.2163195879763045,0.1757006580803938,2.2163195879763045,2.0432432432432432,5.465994962775563,7.951756072351287,150.81426334970777,150.81426334970777,0.3333333333333333,1.0,0.6666666666666666
RAP-MUSIC,-5,5,case_weighted,185,4,0.6245879363633325,0.5735337665825877,1.3935548865450964,4.8667058138091965,7.38957079751482,0.6306019528671448,0.6306019528671447,0.27356942072330803,0.6306019528671447,2.2486486486486488,4.8667058138091965,7.38957079751482,94.38897772603194,94.38897772603194,0.5897435897435898,0.9852941176470589,0.7875188536953244
RAP-MUSIC,-5,10,case_weighted,185,4,0.6446871268563468,0.5744150370044039,1.3498706140787,5.220351960138606,8.861527719314736,0.45454547539255474,0.45454547539255474,0.29933726156287377,0.45454547539255474,2.3189189189189188,5.220351960138606,8.861527719314736,58.34909611680845,58.34909611680845,0.7521367521367521,1.0,0.8760683760683761
RAP-MUSIC,-5,15,case_weighted,185,4,0.6451740254168966,0.5743926283293155,1.3286509519304057,4.076574539392304,8.418075862343748,0.2298850659476762,0.2298850659476762,0.29725013829830044,0.2298850659476762,2.264864864864865,4.076574539392304,8.418075862343748,60.178404755775794,60.178404755775794,0.7435897435897436,1.0,0.8717948717948718
RAP-MUSIC,-5,20,case_weighted,185,4,0.6396356451906464,0.5714161695782712,1.3631338690865247,4.553378994167541,9.020365953654474,0.28740638422643294,0.28740638422643294,0.2843605929441678,0.28740638422643294,2.2,4.553378994167541,9.020365953654474,66.21455408147156,66.21455408147156,0.7008547008547008,1.0,0.8504273504273504
RAP-MUSIC,0,-10,case_weighted,185,4,0.5596557702622716,0.5602991753231358,1.595175807059039,4.855185493806725,8.806682723392605,1.2071067845304353,1.2071067845304353,0.10226159798578865,1.2071067845304353,1.6216216216216217,4.855185493806725,8.806682723392605,194.2304785106796,194.2304785106796,0.1623931623931624,1.0,0.5811965811965812
RAP-MUSIC,0,-5,case_weighted,185,4,0.5776268649037253,0.5653762017377844,1.5293058807478694,4.091127611462874,8.477283311295448,0.0,0.0,0.14475633442978703,0.0,1.8162162162162163,4.091127611462874,8.477283311295448,172.02139845846025,172.02139845846025,0.26495726495726496,1.0,0.6324786324786325
RAP-MUSIC,0,0,case_weighted,185,4,0.5950713697651003,0.5695135336984486,1.480728334805806,4.85941082682084,8.553049228959026,1.5656854681221273,1.5656854681221273,0.19168266511417717,1.5656854681221273,2.1297297297297297,4.85941082682084,8.553049228959026,134.68576724595462,134.68576724595462,0.41025641025641024,1.0,0.7051282051282051
RAP-MUSIC,0,5,case_weighted,185,4,0.6338148749400537,0.5765934210258923,1.3532039159186169,3.416132298077049,7.658886363710492,0.7472342673818226,0.7472342673818226,0.29744638118245403,0.7472342673818226,2.2378378378378376,3.416132298077049,7.658886363710492,78.50786013034701,78.50786013034701,0.6495726495726496,0.9852941176470589,0.8174333836098542
RAP-MUSIC,0,10,case_weighted,185,4,0.647570678917697,0.5763657399964544,1.3360280497162922,4.028515708747114,8.047569110319703,0.5949685386039277,0.5949685386039277,0.3129219502781914,0.5949685386039277,2.3189189189189188,4.028515708747114,8.047569110319703,52.46922260919802,52.46922260919802,0.7692307692307693,1.0,0.8846153846153846
RAP-MUSIC,0,15,case_weighted,185,4,0.6482240744747519,0.5753742779650706,1.3249085462342765,4.6403294695659145,7.78250698613085,0.2712599615760963,0.2712599615760963,0.29945986995351126,0.2712599615760963,2.308108108108108,4.6403294695659145,7.78250698613085,56.21330998765844,56.21330998765844,0.7521367521367521,1.0,0.8760683760683761
RAP-MUSIC,0,20,case_weighted,185,4,0.6449593308914279,0.5736469347729954,1.3377914358976202,5.080225343898979,8.276137111528515,0.0,0.0,0.29402462179023386,0.0,2.254054054054054,5.080225343898979,8.276137111528515,64.0079622171015,64.0079622171015,0.717948717948718,1.0,0.858974358974359
RAP-MUSIC,5,-10,case_weighted,185,4,0.5691252278433577,0.5612959051907792,1.5746232118642822,5.0995263951651,9.217401401220451,1.1773150610059278,1.1773150610059278,0.130423392835286,1.1773150610059278,1.7513513513513514,5.0995263951651,9.217401401220451,176.31370923180836,176.31370923180836,0.23931623931623933,1.0,0.6196581196581197
RAP-MUSIC,5,-5,case_weighted,185,4,0.5912546862812506,0.5677155443505811,1.4918347479967593,4.578846790141653,9.054610838805017,1.2765958070562085,1.2765958070562085,0.1975141764089071,1.2765958070562085,1.9783783783783784,4.578846790141653,9.054610838805017,140.53023788778683,140.53023788778683,0.4017094017094017,1.0,0.7008547008547008
RAP-MUSIC,5,0,case_weighted,185,4,0.6166818506788155,0.5727372972329992,1.423879465707206,4.080035727437752,8.355006822064576,0.5419386845844613,0.5419386845844613,0.23604329250705575,0.5419386845844613,2.1297297297297297,4.080035727437752,8.355006822064576,108.30524937921196,108.30524937921196,0.5299145299145299,1.0,0.7649572649572649
RAP-MUSIC,5,5,case_weighted,185,4,0.6373352082290283,0.5762883467729554,1.3557102148157856,3.6033445612888166,7.76551371605293,0.1836641043081049,0.1836641043081049,0.27600929038052685,0.1836641043081049,2.189189189189189,3.6033445612888166,7.76551371605293,80.130825728913,80.130825728913,0.6495726495726496,0.9705882352941176,0.8100804424333836
RAP-MUSIC,5,10,case_weighted,185,4,0.6447855108072975,0.5764236992936762,1.3221594355498,3.5595977272323487,7.144350403179672,0.4597701318953524,0.4597701318953524,0.2989659744528215,0.4597701318953524,2.3189189189189188,3.5595977272323487,7.144350403179672,60.34934493301893,60.34934493301893,0.7435897435897436,1.0,0.8717948717948718
RAP-MUSIC,5,15,case_weighted,185,4,0.6477608216473755,0.5767052434784072,1.3209356806943306,3.8988624841817643,7.64351246223087,0.11627907196394578,0.11627907196394578,0.2981090119013058,0.11627907196394578,2.324324324324324,3.8988624841817643,7.64351246223087,62.09318348490168,62.09318348490168,0.7350427350427351,1.0,0.8675213675213675
RAP-MUSIC,5,20,case_weighted,185,4,0.644619159272795,0.5743977628708913,1.326762308557937,4.704173912442626,7.934611599894943,0.23255814810985845,0.23255814810985845,0.29580745605856196,0.23255814810985845,2.2432432432432434,4.704173912442626,7.934611599894943,62.17865357506022,62.17865357506022,0.7350427350427351,1.0,0.8675213675213675
RAP-MUSIC,10,-10,case_weighted,185,4,0.6116422631301958,0.5680863530105482,1.4728171084621224,4.396505405508508,9.053067084090884,0.6349206697491108,0.6349206697491108,0.23373884396365444,0.6349206697491108,1.9891891891891893,4.396505405508508,9.053067084090884,108.35531660199294,108.35531660199294,0.5384615384615384,1.0,0.7692307692307692
RAP-MUSIC,10,-5,case_weighted,185,4,0.6121865386908304,0.5679281309094988,1.470649481429275,4.996321359444146,8.951669587054615,0.38938930055918586,0.38938930055918586,0.23240778412373847,0.38938930055918586,2.081081081081081,4.996321359444146,8.951669587054615,110.22002810880278,110.22002810880278,0.5213675213675214,1.0,0.7606837606837606
RAP-MUSIC,10,0,case_weighted,185,4,0.6277107086106226,0.5717630387189419,1.4173405061602082,4.187603811127165,8.141269130919762,0.3307141929672638,0.3307141929672638,0.26095881331524534,0.3307141929672638,2.2432432432432434,4.187603811127165,8.141269130919762,88.21729109198988,88.21729109198988,0.6153846153846154,1.0,0.8076923076923077
RAP-MUSIC,10,5,case_weighted,185,4,0.6430908162275738,0.5771103465352131,1.3477532769341447,3.3949625862617094,8.114747093155874,0.0,0.0,0.27770973050267866,0.0,2.210810810810811,3.3949625862617094,8.114747093155874,72.00895749423918,72.00895749423918,0.6923076923076923,1.0,0.8461538461538461
RAP-MUSIC,10,10,case_weighted,185,4,0.6481246789394836,0.5761183612613426,1.3315212055794359,3.1787225696667365,7.840570148742314,0.3370786661347901,0.3370786661347901,0.30005350208839393,0.3370786661347901,2.210810810810811,3.1787225696667365,7.840570148742314,56.26337720736549,56.26337720736549,0.7606837606837606,1.0,0.8803418803418803
RAP-MUSIC,10,15,case_weighted,185,4,0.6483961960183227,0.577023331348921,1.314089599499626,3.310886874345976,7.682475559471239,0.11627907196394578,0.11627907196394578,0.29658844569307546,0.11627907196394578,2.189189189189189,3.310886874345976,7.682475559471239,62.09318348490168,62.09318348490168,0.7350427350427351,1.0,0.8675213675213675
RAP-MUSIC,10,20,case_weighted,185,4,0.6459614281752191,0.5774877296917319,1.3030469625844052,3.5857340576711882,7.347409492087591,0.23255814810985845,0.23255814810985845,0.30105552411641207,0.23255814810985845,2.2972972972972974,3.5857340576711882,7.347409492087591,62.17865357506021,62.17865357506021,0.7350427350427351,1.0,0.8675213675213675
RAP-MUSIC,15,-10,case_weighted,185,4,0.6307053572063309,0.5692659137043378,1.4311511415186382,4.976225535023681,9.42537118876413,0.12987013699413627,0.12987013699413627,0.27169125340106276,0.12987013699413627,2.118918918918919,4.976225535023681,9.42537118876413,80.09542286153541,80.09542286153541,0.6581196581196581,1.0,0.829059829059829
RAP-MUSIC,15,-5,case_weighted,185,4,0.6326667456172532,0.5695895450084877,1.4364973088302901,4.448123527846408,9.205773664734606,0.2497444739866426,0.12820513523780117,0.26643160290760337,0.12820513523780117,2.081081081081081,4.448123527846408,9.205773664734606,78.17620026808355,78.095174042251,0.6666666666666666,1.0,0.8333333333333333
RAP-MUSIC,15,0,case_weighted,185,4,0.6331993890793376,0.5720324743667908,1.4113679074526906,4.326076802297154,8.773426135920726,0.3095145676284662,0.3095145676284662,0.2700229094469752,0.3095145676284662,2.145945945945946,4.326076802297154,8.773426135920726,78.21604699717811,78.21604699717811,0.6581196581196581,1.0,0.829059829059829
RAP-MUSIC,15,5,case_weighted,185,4,0.6417854621787464,0.5746539095642497,1.3724359091442473,3.9263692637720964,8.247044755923524,0.12048193431986139,0.12048193431986139,0.27062494507127743,0.12048193431986139,2.1837837837837837,3.9263692637720964,8.247044755923524,68.09392994582888,68.09392994582888,0.7094017094017094,1.0,0.8547008547008548
RAP-MUSIC,15,10,case_weighted,185,4,0.6493663720837874,0.5775457859863821,1.3255801312227222,3.2566713076398024,7.588379782972684,0.0,0.0,0.2782995866976186,0.0,2.2972972972972974,3.2566713076398024,7.588379782972684,62.00771339781708,62.00771339781708,0.7350427350427351,1.0,0.8675213675213675
RAP-MUSIC,15,15,case_weighted,185,4,0.6493024475535442,0.576519629892542,1.3339857898373408,3.748881947504865,8.113095223199384,0.0,0.0,0.28493777788384816,0.0,2.2216216216216216,3.748881947504865,8.113095223199384,60.00746457853265,60.00746457853265,0.7435897435897436,1.0,0.8717948717948718
RAP-MUSIC,15,20,case_weighted,185,4,0.6482233038526369,0.5789273693045704,1.3056224657840818,3.312516778284975,7.501363045333028,0.2807225141932955,0.2807225141932955,0.28456094856820396,0.2807225141932955,2.291891891891892,3.312516778284975,7.501363045333028,62.21405644243779,62.21405644243779,0.7264957264957265,1.0,0.8632478632478633
RAP-MUSIC,20,-10,case_weighted,185,4,0.6333418699584117,0.5684020070191008,1.452077124697368,5.223006211588167,9.4527970377835,0.12500000685685614,0.12500000685685614,0.26891238654724564,0.12500000685685614,2.1405405405405404,5.223006211588167,9.4527970377835,74.09467640368216,74.09467640368216,0.6837606837606838,1.0,0.8418803418803419
RAP-MUSIC,20,-5,case_weighted,185,4,0.6390523592576477,0.5711923201374074,1.4106196337974313,4.830436561534106,9.007455331846936,0.0,0.0,0.2755217556291389,0.0,2.1675675675675676,4.830436561534106,9.007455331846936,68.00845985567034,68.00845985567034,0.7094017094017094,1.0,0.8547008547008548
RAP-MUSIC,20,0,case_weighted,185,4,0.6355904277623019,0.5708635978880908,1.417462920454686,4.578453426898287,8.901612154430122,0.1170758700848724,0.0,0.2697844161032949,0.0,2.1945945945945944,4.578453426898287,8.901612154430122,76.08850636132689,76.00945513280804,0.6752136752136753,1.0,0.8376068376068376
RAP-MUSIC,20,5,case_weighted,185,4,0.6372307526251055,0.5716392020101071,1.4005991701698957,4.363081782965369,8.251580394095923,0.1234567968956604,0.1234567968956604,0.2711802968059159,0.1234567968956604,2.2324324324324323,4.363081782965369,8.251580394095923,72.0944275843977,72.0944275843977,0.6923076923076923,1.0,0.8461538461538461
RAP-MUSIC,20,10,case_weighted,185,4,0.6433106515817377,0.5754450327768796,1.3545741779941929,4.186913825052092,8.134769429976112,0.11904762557795824,0.11904762557795824,0.2804795381043303,0.11904762557795824,2.3189189189189188,4.186913825052092,8.134769429976112,66.09368112654444,66.09368112654444,0.717948717948718,1.0,0.858974358974359
RAP-MUSIC,20,15,case_weighted,185,4,0.6499590394720917,0.577979116567828,1.3287726323762767,3.2433169737247707,7.926215795881757,0.0,0.0,0.2768477994312034,0.0,2.2594594594594595,3.2433169737247707,7.926215795881757,62.00771339781707,62.00771339781707,0.7350427350427351,1.0,0.8675213675213675
RAP-MUSIC,20,20,case_weighted,185,4,0.6466326237055567,0.5781466958134668,1.3129339170163137,3.2885503548788995,7.831589341659687,0.0,0.0,0.27925268606009146,0.0,2.2486486486486488,3.2885503548788995,7.831589341659687,66.00821103638592,66.00821103638592,0.717948717948718,1.0,0.858974358974359
dSPM,-10,-10,case_weighted,185,4,0.7774174940273614,0.8559865790565654,1.9482319391827214,67.23331221908238,19.455125272207148,22.465915558243033,21.790374030910467,0.5655870167371677,22.10566083988595,7471.762162162162,67.23331221908238,19.455125272207148,22.465915558243033,21.790374030910467,0.23931623931623933,0.0,0.11965811965811966
dSPM,-10,-5,case_weighted,185,4,0.8176114770173141,0.8908003837758481,1.9297673586698458,65.23286087007553,14.666735442984882,22.195471087712058,17.696031369211305,0.47409202172868936,17.355430960124114,6801.264864864865,65.23286087007553,14.666735442984882,22.195471087712058,17.696031369211305,0.37606837606837606,0.0,0.18803418803418803
dSPM,-10,0,case_weighted,185,4,0.8608592377642982,0.9199728820591377,1.90149126743853,46.29240370399845,13.411824109920577,21.594521693806513,12.997848689982062,0.4022430187315318,13.140050657530185,4265.816216216216,46.29240370399845,13.411824109920577,21.594521693806513,12.997848689982062,0.5384615384615384,0.0,0.2692307692307692
dSPM,-10,5,case_weighted,185,4,0.8798569419956942,0.9251776747413011,1.8622139558091266,27.126054849565417,12.875061863810307,20.81422985531548,11.428924178742076,0.3488975974282752,11.611664271398745,1806.0972972972972,27.126054849565417,12.875061863810307,20.81422985531548,11.428924178742076,0.5726495726495726,0.014705882352941176,0.29367772750125687
dSPM,-10,10,case_weighted,185,4,0.8855567305839498,0.933223111181676,1.8171632312872246,20.97947091890372,13.05373420599671,19.715928940858902,10.262253802834595,0.3119093206706381,10.34004838657493,560.2810810810811,20.97947091890372,13.05373420599671,19.715928940858902,10.262253802834595,0.5811965811965812,0.1323529411764706,0.3567747611865259
dSPM,-10,15,case_weighted,185,4,0.8852504427312075,0.9340450325907039,1.7865230922876991,20.556187867722432,12.726461575289054,18.609741156011708,9.99729950858474,0.2891804082664789,9.99729950858474,452.5081081081081,20.556187867722432,12.726461575289054,18.609741156011708,9.99729950858474,0.5726495726495726,0.35294117647058826,0.46279537456008046
dSPM,-10,20,case_weighted,185,4,0.8804574415860477,0.9325824241160364,1.7773659622792832,20.852130526409226,14.919919026310703,17.935617204757044,10.124205710949356,0.26988530103463265,10.124205710949356,434.7189189189189,20.852130526409226,14.919919026310703,17.935617204757044,10.124205710949356,0.5470085470085471,0.36764705882352944,0.45732780291603825
dSPM,-5,-10,case_weighted,185,4,0.8139049445505278,0.8835196152866572,1.931138949072623,62.61290404665147,15.98902110360339,22.162548706443754,16.33056756364982,0.4789449117273976,16.847542841905778,6457.681081081081,62.61290404665147,15.98902110360339,22.162548706443754,16.33056756364982,0.36752136752136755,0.0,0.18376068376068377
dSPM,-5,-5,case_weighted,185,4,0.8394553310004833,0.9041119450058438,1.9113714802312167,54.49640240662101,14.892277298834864,21.970929557469592,16.13513928176933,0.4099152703342337,16.492669611060006,5277.713513513513,54.49640240662101,14.892277298834864,21.970929557469592,16.13513928176933,0.452991452991453,0.0,0.2264957264957265
dSPM,-5,0,case_weighted,185,4,0.8646226495659363,0.9203146708717934,1.8834127431359249,37.57068825574923,13.666668398534926,21.489590199508616,12.066732600294001,0.35930425489150664,12.236878292568367,3039.2594594594593,37.57068825574923,13.666668398534926,21.489590199508616,12.066732600294001,0.5555555555555556,0.0,0.2777777777777778
dSPM,-5,5,case_weighted,185,4,0.8821825615223066,0.9336597028767931,1.8467127699520085,24.41786111698665,13.385699719777978,20.72157293322079,10.845038544295791,0.32674606729161526,11.329854980329591,1402.3945945945945,24.41786111698665,13.385699719777978,20.72157293322079,10.845038544295791,0.5555555555555556,0.014705882352941176,0.28513071895424835
dSPM,-5,10,case_weighted,185,4,0.8923470725054166,0.9328002389023088,1.8065183073950315,20.12018430706794,13.29060889950186,19.77846438397921,9.654826941370505,0.3084060865194572,9.478936134677381,516.2756756756756,20.12018430706794,13.29060889950186,19.77846438397921,9.654826941370505,0.6495726495726496,0.17647058823529413,0.4130216189039719
dSPM,-5,15,case_weighted,185,4,0.8910543354869136,0.9353831430842325,1.7778223089649727,19.787578955604385,13.100015411508119,18.704060991641853,9.633004347872134,0.2991167381452072,9.648230468748894,439.8972972972973,19.787578955604385,13.100015411508119,18.704060991641853,9.633004347872134,0.5897435897435898,0.35294117647058826,0.471342383107089
dSPM,-5,20,case_weighted,185,4,0.8861793087687755,0.9341133298517521,1.7692811381028475,20.265303910276582,13.741868726351846,17.898534597161923,9.395448609615627,0.2828710852638101,9.395448609615627,431.86486486486484,20.265303910276582,13.741868726351846,17.898534597161923,9.395448609615627,0.5726495726495726,0.4117647058823529,0.49220713926596277
dSPM,0,-10,case_weighted,185,4,0.8254977527105994,0.9004903799218258,1.9058714531095815,51.299516905775356,16.736536334632607,21.999700761170736,17.001538908830597,0.39675897942723787,17.00069829530661,4873.864864864865,51.299516905775356,16.736536334632607,21.999700761170736,17.001538908830597,0.38461538461538464,0.0,0.19230769230769232
dSPM,0,-5,case_weighted,185,4,0.8476698199602682,0.9159676809042931,1.885776807137097,41.20513632698577,15.42216217756173,21.79571847316227,13.145620410218196,0.34565942912438613,13.087025741456495,3350.5405405405404,41.20513632698577,15.42216217756173,21.79571847316227,13.145620410218196,0.5299145299145299,0.0,0.26495726495726496
dSPM,0,0,case_weighted,185,4,0.8686570033010929,0.9286778472574138,1.8589425656572303,28.730988190921444,15.145297282840671,21.2325160275478,13.452529586814084,0.3159803525799268,13.92915277920415,1732.0486486486486,28.730988190921444,15.145297282840671,21.2325160275478,13.452529586814084,0.5042735042735043,0.029411764705882353,0.2668426344896933
dSPM,0,5,case_weighted,185,4,0.8896670997375472,0.9369791362046087,1.8251957505570433,21.5576081215166,13.487952105088796,20.55183647363397,10.923763659697528,0.29950307260205483,11.140628544795998,831.1513513513513,21.5576081215166,13.487952105088796,20.55183647363397,10.923763659697528,0.5726495726495726,0.11764705882352941,0.345148315736551
dSPM,0,10,case_weighted,185,4,0.8951824963614753,0.9367966183050209,1.7908184735631008,19.6271318385553,13.676351064356151,19.48122730703393,9.911948601186294,0.2945215538605959,9.841704633419706,464.1783783783784,19.6271318385553,13.676351064356151,19.48122730703393,9.911948601186294,0.5726495726495726,0.3235294117647059,0.44808949220713923
dSPM,0,15,case_weighted,185,4,0.8957472425560142,0.9383085203717774,1.7654047397378232,19.185140919563974,13.569761789047597,18.563070568484356,9.677889542306488,0.2931261648048667,9.642486669326075,409.9945945945946,19.185140919563974,13.569761789047597,18.563070568484356,9.677889542306488,0.5726495726495726,0.4264705882352941,0.4995600804424334
dSPM,0,20,case_weighted,185,4,0.8916021488581015,0.9349778590019633,1.757527589562031,19.529492758647564,13.087637127545307,17.830588787113566,10.338344539639303,0.2914392141245258,10.252874452554694,414.1027027027027,19.529492758647564,13.087637127545307,17.830588787113566,10.338344539639303,0.5897435897435898,0.39705882352941174,0.4934012066365008
dSPM,5,-10,case_weighted,185,4,0.8443425687270099,0.9136995024303194,1.8732782315949137,37.27620325828724,16.88823239953628,21.624595382188676,14.454509806396784,0.32955370874101503,14.21673349789005,2951.935135135135,37.27620325828724,16.88823239953628,21.624595382188676,14.454509806396784,0.42735042735042733,0.07352941176470588,0.2504399195575666
dSPM,5,-5,case_weighted,185,4,0.8616000226396936,0.9246569906336559,1.853640986259923,30.53155792177698,16.518865672266465,21.220466716368012,12.887995047660787,0.2941886740800645,12.900767906718439,1944.427027027027,30.53155792177698,16.518865672266465,21.220466716368012,12.887995047660787,0.49572649572649574,0.08823529411764706,0.2919808949220714
dSPM,5,0,case_weighted,185,4,0.8753620707424578,0.9334824478191648,1.82920099065268,23.041212595174745,16.158149143031288,20.751079204010406,11.056604378468386,0.2749469028528814,11.538559450596267,855.1891891891892,23.041212595174745,16.158149143031288,20.751079204010406,11.056604378468386,0.5555555555555556,0.22058823529411764,0.3880718954248366
dSPM,5,5,case_weighted,185,4,0.8891471874374339,0.9378383082465009,1.8009352922057262,20.578040507281056,14.926552871441324,19.997306993660008,10.733039859731782,0.2711563709391112,10.422726244293903,488.6756756756757,20.578040507281056,14.926552871441324,19.997306993660008,10.733039859731782,0.5641025641025641,0.25,0.40705128205128205
dSPM,5,10,case_weighted,185,4,0.9005870556166443,0.9434316272666015,1.771824458582369,19.720592029130955,13.577333222543727,19.10192605075562,9.67105462076612,0.2748984310971985,9.615475014385659,407.5243243243243,19.720592029130955,13.577333222543727,19.10192605075562,9.67105462076612,0.5726495726495726,0.4264705882352941,0.4995600804424334
dSPM,5,15,case_weighted,185,4,0.8994032587441377,0.9416908770410711,1.7524977352703783,19.056935965088037,13.601615101260386,18.238558916945063,9.694657566776835,0.27927220351536497,9.694657566776835,384.64864864864865,19.056935965088037,13.601615101260386,18.238558916945063,9.694657566776835,0.5641025641025641,0.4852941176470588,0.5246983408748115
dSPM,5,20,case_weighted,185,4,0.8979600889769871,0.9384551215664206,1.7454358792509685,18.945918691035324,13.6350493943584,17.56034693181854,8.803398545326933,0.28781426546553285,8.803398545326933,389.20540540540543,18.945918691035324,13.6350493943584,17.56034693181854,8.803398545326933,0.5982905982905983,0.4264705882352941,0.5123805932629462
dSPM,10,-10,case_weighted,185,4,0.8581190045422518,0.9219381656320623,1.836417436765125,28.27011196771993,18.059479756435778,20.86412739248018,13.091699338367766,0.284895580719675,13.08034335602953,1379.7135135135136,28.27011196771993,18.059479756435778,20.86412739248018,13.091699338367766,0.452991452991453,0.17647058823529413,0.31473102061337355
dSPM,10,-5,case_weighted,185,4,0.8735120834375327,0.9297252943549518,1.819682137632829,24.4264191646979,17.08144136195215,20.446418159468877,11.900882137150557,0.266739313402734,11.842577620861823,785.7567567567568,24.4264191646979,17.08144136195215,20.446418159468877,11.900882137150557,0.48717948717948717,0.20588235294117646,0.3465309200603318
dSPM,10,0,case_weighted,185,4,0.8825314566415967,0.9353429354767067,1.8000384000842031,21.70332158298668,16.75404185092979,19.852267046581233,10.467613013348766,0.24998387041714676,10.689182174622811,468.07567567567565,21.70332158298668,16.75404185092979,19.852267046581233,10.467613013348766,0.49572649572649574,0.4117647058823529,0.45374560080442433
dSPM,10,5,case_weighted,185,4,0.8920244981183632,0.9403888348008447,1.7774741703902237,20.703303174741865,16.184814648021817,19.22892296115155,9.893661523663187,0.24647716908676073,9.929064395589258,397.4594594594595,20.703303174741865,16.184814648021817,19.22892296115155,9.893661523663187,0.5641025641025641,0.47058823529411764,0.5173453996983408
dSPM,10,10,case_weighted,185,4,0.8976123055438489,0.9432969120145017,1.7557462876630092,19.959078808124122,15.33952863031901,18.627311457991865,9.471793601038993,0.2520705102434092,9.50719646989114,375.1783783783784,19.959078808124122,15.33952863031901,18.627311457991865,9.471793601038993,0.5384615384615384,0.5294117647058824,0.5339366515837104
dSPM,10,15,case_weighted,185,4,0.9009107702057687,0.9448477793258044,1.7397414133001416,19.357094205607925,13.387189693733939,17.921473913148695,9.322305639404547,0.264573836664456,9.322305639404547,369.15675675675675,19.357094205607925,13.387189693733939,17.921473913148695,9.322305639404547,0.5384615384615384,0.5588235294117647,0.5486425339366516
dSPM,10,20,case_weighted,185,4,0.9002142460546312,0.9428896812512642,1.7340912522235816,18.934920420669492,13.594250882055793,17.479835267530255,9.139931324186861,0.27735635340069875,9.175334190419019,370.23243243243246,18.934920420669492,13.594250882055793,17.479835267530255,9.139931324186861,0.5811965811965812,0.5,0.5405982905982907
dSPM,15,-10,case_weighted,185,4,0.8631751278447588,0.924213676525074,1.8057972206022848,24.29369442116024,20.34564523410301,19.881227643758947,12.68033433775715,0.2574430058019513,12.765804427915684,635.372972972973,24.29369442116024,20.34564523410301,19.881227643758947,12.68033433775715,0.42735042735042733,0.3088235294117647,0.36808697838109605
dSPM,15,-5,case_weighted,185,4,0.8734893770191718,0.9295481285585931,1.7923692655541725,22.64823506655781,17.681602498224176,19.588775584876295,12.442321450217495,0.2501698411485566,12.4393063925442,502.77837837837836,22.64823506655781,17.681602498224176,19.588775584876295,12.442321450217495,0.4444444444444444,0.35294117647058826,0.39869281045751637
dSPM,15,0,case_weighted,185,4,0.8812203391061009,0.9342835258196509,1.7770073723223179,21.66443922056347,17.131631079225844,19.008582032345238,11.151404469780218,0.23830390896899611,10.767797818412053,439.12432432432433,21.66443922056347,17.131631079225844,19.008582032345238,11.151404469780218,0.452991452991453,0.4411764705882353,0.4470839617898441
dSPM,15,5,case_weighted,185,4,0.887868143855392,0.9378809771891851,1.759578728542336,20.96005003586602,16.4932957654479,18.412158657922838,10.294742409264613,0.23174682920207995,10.415615366800715,392.8378378378378,20.96005003586602,16.4932957654479,18.412158657922838,10.294742409264613,0.48717948717948717,0.5441176470588235,0.5156485671191553
dSPM,15,10,case_weighted,185,4,0.8929395296125575,0.9421978475431545,1.7442845666333855,20.343318318977314,16.249678555937564,17.847420391781334,10.032548113352014,0.23403051834092062,9.821254437040617,367.12432432432433,20.343318318977314,16.249678555937564,17.847420391781334,10.032548113352014,0.5299145299145299,0.6323529411764706,0.5811337355455002
dSPM,15,15,case_weighted,185,4,0.8982190927661221,0.9437970966684582,1.7320525953894192,19.75356276079763,15.104835339185149,17.212255282433105,8.971049756742739,0.2474085139972775,8.971049756742739,357.9351351351351,19.75356276079763,15.104835339185149,17.212255282433105,8.971049756742739,0.5470085470085471,0.5882352941176471,0.567621920563097
dSPM,15,20,case_weighted,185,4,0.9005864670386218,0.9459542081454518,1.7261372225084384,19.25185797654196,13.282069014026193,17.176375320278737,9.296361918673123,0.2613667567843661,9.296361918673123,358.9675675675676,19.25185797654196,13.282069014026193,17.176375320278737,9.296361918673123,0.5470085470085471,0.6029411764705882,0.5749748617395676
dSPM,20,-10,case_weighted,185,4,0.856378889422202,0.9215909402121454,1.7881825322402822,23.88697302990189,20.379121583049837,19.113879339943708,13.121849574625665,0.24534457880709037,13.101672818943689,513.2108108108108,23.88697302990189,20.379121583049837,19.113879339943708,13.121849574625665,0.4017094017094017,0.35294117647058826,0.37732528908999496
dSPM,20,-5,case_weighted,185,4,0.866654644543635,0.9276196985657834,1.778424822829475,22.985566388395146,19.784034911823817,18.799288195965534,12.669947089945536,0.2416124872387632,12.8494147321735,480.03783783783786,22.985566388395146,19.784034911823817,18.799288195965534,12.669947089945536,0.39316239316239315,0.39705882352941174,0.39511060834590245
dSPM,20,0,case_weighted,185,4,0.8768944428779537,0.9320276558163915,1.7646178135553376,22.03557352466287,18.797287338372424,18.33852978179034,11.09794255796456,0.23692574473501216,11.09794255796456,442.97837837837835,22.03557352466287,18.797287338372424,18.33852978179034,11.09794255796456,0.4444444444444444,0.45588235294117646,0.4501633986928104
dSPM,20,5,case_weighted,185,4,0.8826442704090577,0.9350542496544283,1.7508198894207858,21.34268703137617,17.03558620832822,17.798563651401302,10.756597647762526,0.22871035498788667,10.770467533803773,406.6918918918919,21.34268703137617,17.03558620832822,17.798563651401302,10.756597647762526,0.4444444444444444,0.5147058823529411,0.47957516339869277
dSPM,20,10,case_weighted,185,4,0.8888438998587808,0.9393396590268563,1.7390920622543207,20.804260454939683,16.680933816224503,17.207976307750258,10.893854098123304,0.22343749635550703,10.994550300851602,375.8702702702703,20.804260454939683,16.680933816224503,17.207976307750258,10.893854098123304,0.4700854700854701,0.5735294117647058,0.5218074409250879
dSPM,20,15,case_weighted,185,4,0.8948528553762705,0.9414640741688912,1.7285409324427752,20.255843570408246,16.283314092904526,16.678355341240806,10.352485096305122,0.22974048048293205,10.352485096305122,356.8,20.255843570408246,16.283314092904526,16.678355341240806,10.352485096305122,0.49572649572649574,0.6323529411764706,0.5640397184514832
dSPM,20,20,case_weighted,185,4,0.8982825248700932,0.944281763909997,1.7222230509232352,19.718099772551437,14.890647329987148,16.61627365671043,9.79543279043781,0.24501414001751912,9.79543279043781,351.9351351351351,19.718099772551437,14.890647329987148,16.61627365671043,9.79543279043781,0.5128205128205128,0.6176470588235294,0.5652337858220211
eLORETA,-10,-10,case_weighted,185,4,0.7737301368026099,0.7605881622701187,1.946822698203111,70.21603728480929,47.788419925952496,22.831224776592734,25.182633235594576,0.7894321657155111,23.165002176078197,6860.508108108108,70.21603728480929,47.788419925952496,22.831224776592734,25.182633235594576,0.24786324786324787,0.0,0.12393162393162394
eLORETA,-10,-5,case_weighted,185,4,0.8377937407798628,0.8471631600371475,1.9279919969508332,68.28429751473045,30.73147827837498,22.46236678456615,20.707922459732202,0.6799100429709262,19.666474438278993,6427.2972972972975,68.28429751473045,30.73147827837498,22.46236678456615,20.707922459732202,0.3333333333333333,0.0,0.16666666666666666
eLORETA,-10,0,case_weighted,185,4,0.8848513690043837,0.9113182422944156,1.899835234194394,58.30386382188746,14.243659161628827,21.80703559467389,17.162432819449048,0.5581829507290323,15.07934247866196,5009.318918918919,58.30386382188746,14.243659161628827,21.80703559467389,17.162432819449048,0.46153846153846156,0.0,0.23076923076923078
eLORETA,-10,5,case_weighted,185,4,0.9011632476944047,0.9337935992649631,1.8617686172371497,38.57726226929707,8.762085387105111,21.002931875035177,14.205920408487856,0.46552812441512786,13.022203611832117,2737.2594594594593,38.57726226929707,8.762085387105111,21.002931875035177,14.205920408487856,0.5213675213675214,0.0,0.2606837606837607
eLORETA,-10,10,case_weighted,185,4,0.9022115497631739,0.9389726614031161,1.818157778651141,25.30518069597621,8.649790316130304,19.99603843095546,11.084781494118037,0.41719219610199976,9.882661242612159,1009.8054054054054,25.30518069597621,8.649790316130304,19.99603843095546,11.084781494118037,0.6581196581196581,0.0,0.32905982905982906
eLORETA,-10,15,case_weighted,185,4,0.9036164129519954,0.9396029235186348,1.7874081183064665,22.900864058035413,8.54087904693498,18.96119517636742,9.655848120400416,0.40464384873654075,9.597237149102426,661.1135135135136,22.900864058035413,8.54087904693498,18.96119517636742,9.655848120400416,0.6666666666666666,0.07352941176470588,0.37009803921568624
eLORETA,-10,20,case_weighted,185,4,0.9016195217726847,0.9379616027047297,1.7753652266378428,23.15903618166667,8.80473055150081,18.283706863877946,9.126967254754268,0.40003784222979594,8.904270558812607,649.5081081081081,23.15903618166667,8.80473055150081,18.283706863877946,9.126967254754268,0.6666666666666666,0.17647058823529413,0.4215686274509804
eLORETA,-5,-10,case_weighted,185,4,0.8052767789705698,0.7968692846219319,1.9297608271877948,69.18379509513355,39.92717796595606,22.58822361261854,22.757995419800768,0.7105718013344016,20.433492859982596,6040.6702702702705,69.18379509513355,39.92717796595606,22.58822361261854,22.757995419800768,0.3247863247863248,0.0,0.1623931623931624
eLORETA,-5,-5,case_weighted,185,4,0.8543097749489835,0.8611331903694632,1.9087171579912452,65.10091225782057,24.824233064009327,22.317956208361334,19.89765395960494,0.6250533309532248,18.24436762760441,5244.1945945945945,65.10091225782057,24.824233064009327,22.317956208361334,19.89765395960494,0.4017094017094017,0.0,0.20085470085470086
eLORETA,-5,0,case_weighted,185,4,0.8914797497049526,0.9126318012743201,1.8795636477208542,50.842552933098105,12.17877653350685,21.7037970913864,17.05554746163898,0.5147382318478432,14.172320686138843,3889.0378378378377,50.842552933098105,12.17877653350685,21.7037970913864,17.05554746163898,0.49572649572649574,0.0,0.24786324786324787
eLORETA,-5,5,case_weighted,185,4,0.9079730059694836,0.9388142332463064,1.8428161627495223,34.21049227794309,8.12088270411501,20.90114258026406,13.10364699577284,0.4403099838073954,11.549939870652802,2135.0162162162164,34.21049227794309,8.12088270411501,20.90114258026406,13.10364699577284,0.5726495726495726,0.0,0.2863247863247863
eLORETA,-5,10,case_weighted,185,4,0.9113497518543211,0.9433067387824815,1.8037208519160144,23.234128435328575,8.38408193181325,19.949166067674412,10.118341442289083,0.4070360663276217,9.103222110444243,839.8648648648649,23.234128435328575,8.38408193181325,19.949166067674412,10.118341442289083,0.6752136752136753,0.014705882352941176,0.3449597787833082
eLORETA,-5,15,case_weighted,185,4,0.9077563514255552,0.9415572732938561,1.7766332550995163,21.60710549267357,8.695704436965466,18.95019643464625,8.82085270653734,0.3952850278823184,9.29787343097252,599.9297297297297,21.60710549267357,8.695704436965466,18.95019643464625,8.82085270653734,0.6324786324786325,0.10294117647058823,0.3677099044746103
eLORETA,-5,20,case_weighted,185,4,0.9046270610892586,0.9394340335371714,1.7687725658451836,22.325565859917514,8.550329705867656,18.140875043861794,8.66066411536238,0.39501078583750376,8.660664108614126,608.6594594594594,22.325565859917514,8.550329705867656,18.140875043861794,8.66066411536238,0.6666666666666666,0.19117647058823528,0.42892156862745096
eLORETA,0,-10,case_weighted,185,4,0.8375974864900196,0.845556060292849,1.9039468182333534,63.77209710562141,27.550454872513665,22.421880146446757,20.291823799249077,0.6172097007351265,18.034552279051915,4815.9405405405405,63.77209710562141,27.550454872513665,22.421880146446757,20.291823799249077,0.37606837606837606,0.0,0.18803418803418803
eLORETA,0,-5,case_weighted,185,4,0.8709821854664649,0.8871716917662872,1.8821030034317126,54.817696524850135,18.274449925990673,22.141709284709258,19.336911075614342,0.5529149578041741,18.425851503632785,3955.789189189189,54.817696524850135,18.274449925990673,22.141709284709258,19.336911075614342,0.37606837606837606,0.0,0.18803418803418803
eLORETA,0,0,case_weighted,185,4,0.8951868605406273,0.918677799231682,1.852770180001769,41.48543521411816,9.700556250618735,21.51435961941837,16.39925925645793,0.47283851282388806,15.036885430440513,2856.302702702703,41.48543521411816,9.700556250618735,21.51435961941837,16.39925925645793,0.46153846153846156,0.0,0.23076923076923078
eLORETA,0,5,case_weighted,185,4,0.9100749481918929,0.9377285836497263,1.816922006284485,28.458453900043928,8.472725327399614,20.742117852021067,12.229555460922354,0.4110184143795183,10.991237860267415,1428.6108108108108,28.458453900043928,8.472725327399614,20.742117852021067,12.229555460922354,0.5811965811965812,0.014705882352941176,0.2979512317747612
eLORETA,0,10,case_weighted,185,4,0.9152884768342859,0.9454822995046589,1.7819832327873244,20.97756387840203,8.4127605692921,19.653188103799106,11.038829928004077,0.38727485638127584,9.470741352884453,640.4594594594595,20.97756387840203,8.4127605692921,19.653188103799106,11.038829928004077,0.6495726495726496,0.04411764705882353,0.34684514831573654
eLORETA,0,15,case_weighted,185,4,0.913569681290736,0.9460322518070954,1.7588477685924628,20.20435018626431,8.33703340872861,18.688350705814656,8.414054528910755,0.3805189559655652,8.257778700582925,525.5621621621622,20.20435018626431,8.33703340872861,18.688350705814656,8.414054528910755,0.6923076923076923,0.16176470588235295,0.4270361990950226
eLORETA,0,20,case_weighted,185,4,0.9082948576311335,0.941071308689041,1.7548444518213506,21.138772038594887,8.439874586732051,18.10570133114093,9.11240139046374,0.3857181029934503,9.11240139046374,549.1783783783784,21.138772038594887,8.439874586732051,18.10570133114093,9.11240139046374,0.6581196581196581,0.2647058823529412,0.4614127702362997
eLORETA,5,-10,case_weighted,185,4,0.8688079688119636,0.8894893685140182,1.8689753475902713,48.49409228752997,17.75256649211435,21.98036067066161,17.60389994129173,0.509416987561042,15.331486732110081,3474.108108108108,48.49409228752997,17.75256649211435,21.98036067066161,17.60389994129173,0.452991452991453,0.0,0.2264957264957265
eLORETA,5,-5,case_weighted,185,4,0.8883421417646328,0.9100449322927954,1.8472867432289568,41.13428681417321,12.21571312253898,21.531431026860282,15.739990025472903,0.4680616620577476,14.192866137238877,2783.9243243243245,41.13428681417321,12.21571312253898,21.531431026860282,15.739990025472903,0.48717948717948717,0.0,0.24358974358974358
eLORETA,5,0,case_weighted,185,4,0.9022778835915546,0.9291332711824365,1.8201742524845523,33.96201962222731,8.848830668802119,21.0117465885828,14.366468376076963,0.42384096971263346,11.8406775252599,1847.372972972973,33.96201962222731,8.848830668802119,21.0117465885828,14.366468376076963,0.5811965811965812,0.014705882352941176,0.2979512317747612
eLORETA,5,5,case_weighted,185,4,0.9108203514270413,0.9395739526631736,1.7883782926872926,23.6454028621595,8.623504423867407,20.22474306512806,11.374041537745692,0.3892109647768046,10.338750626992455,911.2864864864865,23.6454028621595,8.623504423867407,20.22474306512806,11.374041537745692,0.6410256410256411,0.04411764705882353,0.3425716440422323
eLORETA,5,10,case_weighted,185,4,0.9166980292831354,0.9472449700667278,1.7574723195803619,19.411251303207564,8.522687932212872,19.17591916835232,8.64399478665356,0.3680356631187277,7.8747373589497265,518.7081081081081,19.411251303207564,8.522687932212872,19.17591916835232,8.64399478665356,0.6923076923076923,0.17647058823529413,0.4343891402714932
eLORETA,5,15,case_weighted,185,4,0.9160592065266907,0.9474935344908897,1.7391137973725341,19.217512671238996,8.697188007872144,18.368077952225484,7.871341639636247,0.3662914456412624,7.835938760961923,475.3135135135135,19.217512671238996,8.697188007872144,18.368077952225484,7.871341639636247,0.7008547008547008,0.2647058823529412,0.48278029160382097
eLORETA,5,20,case_weighted,185,4,0.9123454012224643,0.9451191387898676,1.7367115696424957,19.818521826216656,8.47748408422688,17.75907077394507,8.234496408359096,0.37145755221979493,8.234496408359096,489.1459459459459,19.818521826216656,8.47748408422688,17.75907077394507,8.234496408359096,0.6752136752136753,0.27941176470588236,0.4773127199597788
eLORETA,10,-10,case_weighted,185,4,0.8892993353685494,0.9173752778942341,1.8268667195448152,35.34232890812851,10.962595127815167,21.046770601348932,14.421841363917965,0.4292700936619179,12.384258880725062,2196.7081081081083,35.34232890812851,10.962595127815167,21.046770601348932,14.421841363917965,0.5470085470085471,0.029411764705882353,0.2882101558572147
eLORETA,10,-5,case_weighted,185,4,0.8998320641508248,0.9270403074979575,1.80855597537771,30.671656989568103,9.35140351635856,20.674340513533313,13.160968662794371,0.40605158946552405,10.616740060593466,1609.8432432432433,30.671656989568103,9.35140351635856,20.674340513533313,13.160968662794371,0.6068376068376068,0.029411764705882353,0.3181246857717446
eLORETA,10,0,case_weighted,185,4,0.9075823339058082,0.9364366963733315,1.7853255810855884,25.235002366562195,8.673115650746116,20.09317854015295,10.48310357281976,0.3833965616257336,9.41673186425691,1036.0378378378377,25.235002366562195,8.673115650746116,20.09317854015295,10.48310357281976,0.6495726495726496,0.11764705882352941,0.3836098541980895
eLORETA,10,5,case_weighted,185,4,0.9140715433193605,0.9441378341623757,1.759332774928788,20.483824084226534,8.491420399952384,19.31534207071796,9.632137568328632,0.3663283167382279,8.852309369407743,617.3081081081081,20.483824084226534,8.491420399952384,19.31534207071796,9.632137568328632,0.6837606837606838,0.14705882352941177,0.4154097536450478
eLORETA,10,10,case_weighted,185,4,0.9162018247089826,0.9474221818714369,1.7348675452679307,18.498081924540468,8.434883462856543,18.656227084049238,8.006861688578294,0.35112025982833056,7.428186038508884,459.6108108108108,18.498081924540468,8.434883462856543,18.656227084049238,8.006861688578294,0.6837606837606838,0.20588235294117646,0.4448215183509301
eLORETA,10,15,case_weighted,185,4,0.9176070451416197,0.950032239549472,1.7198568352762051,18.502111871923308,8.54733137101373,17.976013510490514,7.321693391355368,0.35131583601528116,7.31401786699602,440.6108108108108,18.502111871923308,8.54733137101373,17.976013510490514,7.321693391355368,0.6923076923076923,0.27941176470588236,0.4858597285067873
eLORETA,10,20,case_weighted,185,4,0.9157578126174344,0.9494159372880885,1.7179264417931286,18.949879905592073,8.624511190334836,17.618844010707768,8.862263679974125,0.3589945447512913,8.819185288559442,450.36756756756756,18.949879905592073,8.624511190334836,17.618844010707768,8.862263679974125,0.6410256410256411,0.3382352941176471,0.4896304675716441
eLORETA,15,-10,case_weighted,185,4,0.8955608063235808,0.9305063800989279,1.7882305882652814,26.324748211006018,9.484178381577145,19.931440038234967,9.990434150013112,0.3835189749867024,9.515957535497174,1131.291891891892,26.324748211006018,9.484178381577145,19.931440038234967,9.990434150013112,0.6153846153846154,0.17647058823529413,0.3959276018099548
eLORETA,15,-5,case_weighted,185,4,0.9030653559553335,0.9349018452831624,1.7743792815750303,23.44470861007121,9.195050673582083,19.668750684453766,10.076530503246953,0.37641097105163557,9.372031282281746,859.0594594594595,23.44470861007121,9.195050673582083,19.668750684453766,10.076530503246953,0.6239316239316239,0.16176470588235295,0.39284816490698843
eLORETA,15,0,case_weighted,185,4,0.9077591965714796,0.9393213057382459,1.756397201300869,20.92772998584316,8.923661395649782,19.07174989757831,9.073311139096695,0.3621525391994025,8.631843917647561,639.9513513513514,20.92772998584316,8.923661395649782,19.07174989757831,9.073311139096695,0.6752136752136753,0.19117647058823528,0.43319507290095527
eLORETA,15,5,case_weighted,185,4,0.9134328459230254,0.9451219154715397,1.7357706983043548,18.926528700277718,9.056661685279757,18.510413026751294,8.260577793247165,0.3492088411444433,7.382658501232929,488.82702702702704,18.926528700277718,9.056661685279757,18.510413026751294,8.260577793247165,0.6837606837606838,0.25,0.4668803418803419
eLORETA,15,10,case_weighted,185,4,0.9152694746945673,0.9489389032095555,1.7176440012205711,18.226137718326882,8.81978466214633,17.84235743592212,7.582531444361593,0.34194127181628337,6.923710566673219,437.5243243243243,18.226137718326882,8.81978466214633,17.84235743592212,7.582531444361593,0.6752136752136753,0.2647058823529412,0.4699597787833082
eLORETA,15,15,case_weighted,185,4,0.9165891310400575,0.9493240067548253,1.7054507189284467,18.060741314919408,8.568616357059009,17.194333069834684,6.596360168664364,0.3409992052245016,6.638751863284113,423.6216216216216,18.060741314919408,8.568616357059009,17.194333069834684,6.596360168664364,0.6923076923076923,0.3088235294117647,0.5005656108597285
eLORETA,15,20,case_weighted,185,4,0.9171209256443505,0.9511658161656568,1.7030656828558888,18.305859022734754,8.484182390085925,17.114848521358574,6.873616725808033,0.34368429047035287,6.873616725808033,426.46486486486486,18.305859022734754,8.484182390085925,17.114848521358574,6.873616725808033,0.6837606837606838,0.35294117647058826,0.518350930115636
eLORETA,20,-10,case_weighted,185,4,0.8918532340402797,0.9333159983960895,1.7640117948330167,22.959652813761178,9.83255387793402,19.102858661144985,9.725703302859811,0.37058929853852823,9.529229750286213,740.6594594594594,22.959652813761178,9.83255387793402,19.102858661144985,9.725703302859811,0.5811965811965812,0.27941176470588236,0.4303041729512318
eLORETA,20,-5,case_weighted,185,4,0.8984826415179424,0.9371792960687243,1.7540935047682222,21.416471616469778,9.294330802296013,18.76123385120058,9.484766029537054,0.36089398691645014,9.658721262389212,636.3837837837838,21.416471616469778,9.294330802296013,18.76123385120058,9.484766029537054,0.5641025641025641,0.27941176470588236,0.42175716440422323
eLORETA,20,0,case_weighted,185,4,0.9046687851285744,0.9400242166064543,1.7396194522275596,19.97598288627973,9.103976150711695,18.336706227559787,8.691478535389438,0.35194241782464475,8.435615859941244,540.8054054054054,19.97598288627973,9.103976150711695,18.336706227559787,8.691478535389438,0.6068376068376068,0.35294117647058826,0.4798893916540975
eLORETA,20,5,case_weighted,185,4,0.9094741723228101,0.9441225802966753,1.7231178644553862,18.94998143807758,9.015946745403612,17.770197760967914,7.5174996548251345,0.34187313963421295,7.261089388841509,475.0918918918919,18.94998143807758,9.015946745403612,17.770197760967914,7.5174996548251345,0.6581196581196581,0.3382352941176471,0.4981774761186526
eLORETA,20,10,case_weighted,185,4,0.9137172323216182,0.9479929760054333,1.7083911189454117,18.341813114054034,9.07414846014758,17.182495108955557,7.331480158159768,0.3365152238564058,7.246010068001233,439.7189189189189,18.341813114054034,9.07414846014758,17.182495108955557,7.331480158159768,0.7008547008547008,0.3235294117647059,0.5121920563097033
eLORETA,20,15,case_weighted,185,4,0.91724807196553,0.9507450498722597,1.6974946862587985,18.035388642275812,8.804864193930552,16.5135339957214,6.898073571613168,0.3355838354620195,6.898073571613168,419.45405405405404,18.035388642275812,8.804864193930552,16.5135339957214,6.898073571613168,0.6837606837606838,0.39705882352941174,0.5404097536450477
eLORETA,20,20,case_weighted,185,4,0.9162530469263321,0.9504511942944057,1.6937482709639782,17.992316847191713,8.432067100682353,16.48923394899916,6.66728608250752,0.3372218655431733,6.66728608250752,414.37297297297295,17.992316847191713,8.432067100682353,16.48923394899916,6.66728608250752,0.6666666666666666,0.35294117647058826,0.5098039215686274
sLORETA,-10,-10,case_weighted,185,4,0.7648942986574621,0.7459024164290102,1.9499502394329868,63.8915315036045,63.21596624363183,22.210467674239727,21.34492848158687,0.8997677636148238,19.612722912537894,2886.5459459459457,63.8915315036045,63.21596624363183,22.210467674239727,21.34492848158687,0.29914529914529914,0.0,0.14957264957264957
sLORETA,-10,-5,case_weighted,185,4,0.782074299189035,0.7829693055856473,1.934196997625816,60.81564389901121,47.97574852892886,21.733022003345965,18.677956191879808,0.8134687071756487,17.233309196619647,2545.5675675675675,60.81564389901121,47.97574852892886,21.733022003345965,18.677956191879808,0.3418803418803419,0.0,0.17094017094017094
sLORETA,-10,0,case_weighted,185,4,0.8074103020071172,0.8287225098043444,1.912373293029672,56.456948846937365,28.156856510783115,21.088038793249122,14.888067597655084,0.6627034672237304,13.873091285676432,1992.8108108108108,56.456948846937365,28.156856510783115,21.088038793249122,14.888067597655084,0.4358974358974359,0.0,0.21794871794871795
sLORETA,-10,5,case_weighted,185,4,0.8367296406574106,0.868781261315564,1.8835329569753885,47.931075029353636,18.38411719294655,20.32819752194176,13.346104455478162,0.5431064401935055,12.783458172664387,1306.0972972972972,47.931075029353636,18.38411719294655,20.32819752194176,13.346104455478162,0.48717948717948717,0.0,0.24358974358974358
sLORETA,-10,10,case_weighted,185,4,0.858901245136801,0.9015715132285049,1.8493561474410287,33.874010427260764,17.22135746852741,19.18034672695494,12.70456853775908,0.47647018776397415,12.317219806798919,674.9675675675676,33.874010427260764,17.22135746852741,19.18034672695494,12.70456853775908,0.49572649572649574,0.0,0.24786324786324787
sLORETA,-10,15,case_weighted,185,4,0.8707087358666102,0.916384805748359,1.8236304777524677,26.711207971150504,17.00281237805305,18.143501058501037,11.99192594715011,0.44974122917028275,11.508995893340787,417.0324324324324,26.711207971150504,17.00281237805305,18.143501058501037,11.99192594715011,0.5299145299145299,0.014705882352941176,0.2723102061337355
sLORETA,-10,20,case_weighted,185,4,0.8719587121997435,0.9200285945938003,1.8135320424757635,26.31263943951263,16.770294002974474,17.410478863517074,10.97901369426336,0.43393582515604256,10.97901369426336,385.5567567567568,26.31263943951263,16.770294002974474,17.410478863517074,10.97901369426336,0.5641025641025641,0.10294117647058823,0.33352187028657615
sLORETA,-5,-10,case_weighted,185,4,0.8211384802368705,0.8061670690281142,1.93245362436015,63.64614682048445,49.808802377128856,22.295859219119713,21.924871173683986,0.875586130152295,19.162293552825854,3107.3945945945948,63.64614682048445,49.808802377128856,22.295859219119713,21.924871173683986,0.38461538461538464,0.0,0.19230769230769232
sLORETA,-5,-5,case_weighted,185,4,0.836092400826362,0.8365115595701024,1.9139811981845094,58.749930134916596,37.94435052810094,21.751590865391638,19.450283455255278,0.7762998860530858,17.636101967910868,2251.2756756756758,58.749930134916596,37.94435052810094,21.751590865391638,19.450283455255278,0.39316239316239315,0.0,0.19658119658119658
sLORETA,-5,0,case_weighted,185,4,0.8489992017613323,0.8670984872818476,1.8912547964601123,51.67901297185546,22.196930267664744,21.063342531798337,15.242939950958323,0.6174508069697885,15.121228627316217,1509.1837837837838,51.67901297185546,22.196930267664744,21.063342531798337,15.242939950958323,0.4444444444444444,0.0,0.2222222222222222
sLORETA,-5,5,case_weighted,185,4,0.8604931234848476,0.8907520058578877,1.8636478193901784,41.03608261312363,17.846565077920566,20.206747681093116,13.572698922456043,0.5141628509517073,12.433825703648798,909.2,41.03608261312363,17.846565077920566,20.206747681093116,13.572698922456043,0.452991452991453,0.0,0.2264957264957265
sLORETA,-5,10,case_weighted,185,4,0.8725404485609345,0.9092739381816528,1.833415644449114,29.335819318624925,16.527468650949455,19.254470634783264,12.360418564517204,0.4645307668275318,11.753600499871684,525.7567567567568,29.335819318624925,16.527468650949455,19.254470634783264,12.360418564517204,0.5299145299145299,0.0,0.26495726495726496
sLORETA,-5,15,case_weighted,185,4,0.8778775030928793,0.919440369959335,1.8118091532167133,25.134042760909157,16.984981008620473,18.20375514082381,11.286109800162528,0.4454416306771044,11.200639719826174,391.0162162162162,25.134042760909157,16.984981008620473,18.20375514082381,11.286109800162528,0.5555555555555556,0.04411764705882353,0.29983660130718953
sLORETA,-5,20,case_weighted,185,4,0.8768646576760223,0.9226840650176874,1.806137346670595,25.519196392715884,17.288731429652266,17.47698412148739,11.211693831701256,0.4371067060596781,11.026883774564713,374.55135135135134,25.519196392715884,17.288731429652266,17.47698412148739,11.211693831701256,0.5555555555555556,0.10294117647058823,0.3292483660130719
sLORETA,0,-10,case_weighted,185,4,0.8575496638680624,0.8559862034195743,1.9091918439011004,61.72955782562933,35.14132349054086,22.499096210213406,22.148800121035727,0.7509294002087727,19.625978496327097,2925.5513513513515,61.72955782562933,35.14132349054086,22.499096210213406,22.148800121035727,0.3162393162393162,0.0,0.1581196581196581
sLORETA,0,-5,case_weighted,185,4,0.8752378300702766,0.8840191645323054,1.8868736834844404,53.969386995764374,25.686694823912784,21.9400126000919,19.56760715352509,0.6762631438437258,16.969427547680038,1830.0162162162162,53.969386995764374,25.686694823912784,21.9400126000919,19.56760715352509,0.4188034188034188,0.0,0.2094017094017094
sLORETA,0,0,case_weighted,185,4,0.8776458528829839,0.8978457960512595,1.8631232454815463,42.77352595994995,19.286479102623755,21.080627335907455,16.03447179455992,0.5768561634170054,15.405282084104465,1024.1135135135135,42.77352595994995,19.286479102623755,21.080627335907455,16.03447179455992,0.4188034188034188,0.0,0.2094017094017094
sLORETA,0,5,case_weighted,185,4,0.8796977806587049,0.9101255341487502,1.8365726374645248,32.20654520897559,17.624918197844238,20.069396947149023,13.549070294692783,0.4860006209191743,12.508992425936434,583.7135135135135,32.20654520897559,17.624918197844238,20.069396947149023,13.549070294692783,0.5213675213675214,0.0,0.2606837606837607
sLORETA,0,10,case_weighted,185,4,0.8845392042422842,0.9200444266054504,1.8114101570052366,25.582272134359087,17.13887224047332,18.914617800021457,12.186001054281174,0.44353619033446945,11.605959901837382,402.4918918918919,25.582272134359087,17.13887224047332,18.914617800021457,12.186001054281174,0.5299145299145299,0.014705882352941176,0.2723102061337355
sLORETA,0,15,case_weighted,185,4,0.8876279507129852,0.9264110162329916,1.7938144906908162,23.935022600321865,16.71122576832643,17.920169494597022,11.207861841019234,0.42908604038653797,10.69210314464209,345.45405405405404,23.935022600321865,16.71122576832643,17.920169494597022,11.207861841019234,0.5726495726495726,0.029411764705882353,0.3010306686777275
sLORETA,0,20,case_weighted,185,4,0.8840738297602102,0.9266092390225447,1.7926423441350774,24.46778163936622,16.779814411924182,17.30360309955573,11.534436527027678,0.43664207355871476,11.534436527027678,352.3783783783784,24.46778163936622,16.779814411924182,17.30360309955573,11.534436527027678,0.5641025641025641,0.1323529411764706,0.34822775263951733
sLORETA,5,-10,case_weighted,185,4,0.875815500765274,0.8896714117999114,1.8794423830437157,54.4297995207829,22.633258163944554,22.14219198371375,19.668832511476722,0.6097190532766206,16.79204286640066,2127.227027027027,54.4297995207829,22.633258163944554,22.14219198371375,19.668832511476722,0.4188034188034188,0.0,0.2094017094017094
sLORETA,5,-5,case_weighted,185,4,0.8898603014473252,0.9086683391042818,1.855032939985643,42.71248741811656,16.57087825662126,21.659469485338178,18.224391402962176,0.5493992594881942,15.499824886948932,1291.0486486486486,42.71248741811656,16.57087825662126,21.659469485338178,18.224391402962176,0.4444444444444444,0.0,0.2222222222222222
sLORETA,5,0,case_weighted,185,4,0.8952332910345093,0.9204319781837724,1.828829655114177,32.07744422289991,15.480825887956646,20.87428954075347,15.617287136483327,0.5027553223124981,13.02931350547812,662.5891891891891,32.07744422289991,15.480825887956646,20.87428954075347,15.617287136483327,0.49572649572649574,0.0,0.24786324786324787
sLORETA,5,5,case_weighted,185,4,0.8927022329121299,0.9248492788909051,1.8075339644147201,26.337518665988902,16.96986305605766,19.79505823567302,14.022689359609542,0.4592223015878354,12.263617297429915,434.64324324324326,26.337518665988902,16.96986305605766,19.79505823567302,14.022689359609542,0.49572649572649574,0.014705882352941176,0.25521618903971843
sLORETA,5,10,case_weighted,185,4,0.8934846484929024,0.9298346074948975,1.7885098719171137,23.805432231566567,17.4099801726518,18.582441736371653,11.148135534344856,0.4229230978749393,10.562850431028146,346.76756756756754,23.805432231566567,17.4099801726518,18.582441736371653,11.148135534344856,0.5641025641025641,0.04411764705882353,0.3041101055806938
sLORETA,5,15,case_weighted,185,4,0.8917560721353788,0.9313279144488974,1.7766827581107882,23.384712648720424,17.15153489014737,17.695690934877685,10.18104522343899,0.4114734411972191,9.957540489244202,325.1459459459459,23.384712648720424,17.15153489014737,17.695690934877685,10.18104522343899,0.5726495726495726,0.07352941176470588,0.32308949220713923
sLORETA,5,20,case_weighted,185,4,0.8900433531219941,0.9310540607968877,1.7755276094430323,23.44458688532698,16.86848208012728,17.033735398195823,10.758934537222071,0.4154494291737569,10.638061579221036,324.3243243243243,23.44458688532698,16.86848208012728,17.033735398195823,10.758934537222071,0.5811965811965812,0.1323529411764706,0.3567747611865259
sLORETA,10,-10,case_weighted,185,4,0.884108986518261,0.9110772249115835,1.8436599919326055,38.98888610772139,14.825850341598471,21.307270058780777,15.519555224605115,0.4906457989342261,12.350113787398564,1311.8648648648648,38.98888610772139,14.825850341598471,21.307270058780777,15.519555224605115,0.5641025641025641,0.0,0.28205128205128205
sLORETA,10,-5,case_weighted,185,4,0.895100157217987,0.922472178153525,1.8221981138328638,32.012581737799714,13.713382665216779,20.87020676882597,13.69717842080552,0.462484729982582,11.994461934773327,841.4108108108109,32.012581737799714,13.713382665216779,20.87020676882597,13.69717842080552,0.5470085470085471,0.0,0.27350427350427353
sLORETA,10,0,case_weighted,185,4,0.9010658726239736,0.9303419262054182,1.7964070526651061,24.971074633665385,13.986406455024682,20.20451435238689,11.915674157812816,0.438306933113496,10.178667477305721,497.23243243243246,24.971074633665385,13.986406455024682,20.20451435238689,11.915674157812816,0.5897435897435898,0.014705882352941176,0.30222473604826544
sLORETA,10,5,case_weighted,185,4,0.9017020873529268,0.9363307425976557,1.774599115864778,22.85967379690815,15.578956507705495,19.218884134768476,10.068276247859165,0.42570391626742426,9.413826047917949,368.6108108108108,22.85967379690815,15.578956507705495,19.218884134768476,10.068276247859165,0.6324786324786325,0.04411764705882353,0.33829813976872797
sLORETA,10,10,case_weighted,185,4,0.8979357857557984,0.9360833221983894,1.7637911223626643,22.623432094446525,17.109328925259636,18.2025768963695,10.154522748671463,0.4075326482376612,9.081129389385291,326.20540540540543,22.623432094446525,17.109328925259636,18.2025768963695,10.154522748671463,0.6239316239316239,0.04411764705882353,0.3340246354952237
sLORETA,10,15,case_weighted,185,4,0.8957740679782239,0.9360602016914327,1.7590981931896184,22.75049256364906,17.793228982979638,17.34353082909887,10.50807767833935,0.3997304043843264,10.242181261239036,307.2108108108108,22.75049256364906,17.793228982979638,17.34353082909887,10.50807767833935,0.6239316239316239,0.10294117647058823,0.36343640020110607
sLORETA,10,20,case_weighted,185,4,0.8938138648732696,0.9355858043230034,1.7597193556753465,22.963242773107517,17.197517314854668,17.020237461521912,10.680798620305787,0.40056053212237697,10.786445459998447,306.2108108108108,22.963242773107517,17.197517314854668,17.020237461521912,10.680798620305787,0.5641025641025641,0.1323529411764706,0.34822775263951733
sLORETA,15,-10,case_weighted,185,4,0.8850112251622121,0.9217847290654749,1.809113890774059,28.494636220300464,14.656350864342945,20.22636726415879,10.748866594776533,0.4248114092964364,10.161910136714118,800.7081081081081,28.494636220300464,14.656350864342945,20.22636726415879,10.748866594776533,0.6239316239316239,0.029411764705882353,0.32667169431875315
sLORETA,15,-5,case_weighted,185,4,0.8939784154986803,0.9284351250628057,1.7924224426414719,24.781298575269325,13.257958673594882,19.867916951005228,11.456579769153837,0.41857735856427924,10.019608836235335,593.0648648648648,24.781298575269325,13.257958673594882,19.867916951005228,11.456579769153837,0.6153846153846154,0.029411764705882353,0.3223981900452489
sLORETA,15,0,case_weighted,185,4,0.898603226788728,0.9339231883303234,1.7728383362445013,22.312788408065806,13.885780274725066,19.254021505107264,9.024598660738736,0.4024450386527538,8.085769731209448,455.05945945945945,22.312788408065806,13.885780274725066,19.254021505107264,9.024598660738736,0.7008547008547008,0.029411764705882353,0.3651332327802916
sLORETA,15,5,case_weighted,185,4,0.9029661566344608,0.9392464285280109,1.752847034214618,21.50070364123309,13.875618612616906,18.567321987407972,9.203095177395701,0.39200731721809656,8.171941701441071,373.34594594594597,21.50070364123309,13.875618612616906,18.567321987407972,9.203095177395701,0.6581196581196581,0.07352941176470588,0.365824534942182
sLORETA,15,10,case_weighted,185,4,0.9015126507536233,0.9409642310061934,1.741217746803952,21.639674680362642,15.124039800319325,17.641431689451757,8.56281078715642,0.38852821375864244,7.905925474853144,325.85945945945946,21.639674680362642,15.124039800319325,17.641431689451757,8.56281078715642,0.6752136752136753,0.07352941176470588,0.37437154348919055
sLORETA,15,15,case_weighted,185,4,0.8976925255184486,0.9395864264057053,1.7430071583898838,22.254425078019878,17.244588603759947,16.81091305596161,9.936771117641337,0.3901931926957125,9.6401631422295,307.15675675675675,22.254425078019878,17.244588603759947,16.81091305596161,9.936771117641337,0.6324786324786325,0.17647058823529413,0.4044746103569633
sLORETA,15,20,case_weighted,185,4,0.8952612579051235,0.9386098965873682,1.7472859281408466,22.55270423538934,17.251326281896034,16.687401175653374,10.28405522021971,0.3889144883043546,10.38418964687526,300.9081081081081,22.55270423538934,17.251326281896034,16.687401175653374,10.28405522021971,0.6068376068376068,0.20588235294117646,0.40635997988939165
sLORETA,20,-10,case_weighted,185,4,0.88108800920495,0.9276376066979076,1.785904979185531,24.900303733074125,14.952076587925587,19.415066745197326,10.211684045441425,0.40893964993413967,9.95608065836414,627.9837837837838,24.900303733074125,14.952076587925587,19.415066745197326,10.211684045441425,0.6153846153846154,0.17647058823529413,0.3959276018099548
sLORETA,20,-5,case_weighted,185,4,0.8879546288656521,0.9304463637308296,1.7752087788409585,23.3669301687241,13.972527697437458,19.00675887042399,9.121098138859187,0.39492841382914673,9.245533739427975,544.2864864864865,23.3669301687241,13.972527697437458,19.00675887042399,9.121098138859187,0.6495726495726496,0.1323529411764706,0.3909627953745601
sLORETA,20,0,case_weighted,185,4,0.8944327129205408,0.9342001579951305,1.7601163315509631,22.038224922420845,13.358439420440073,18.49854315203869,8.890560158623105,0.38557124313557584,8.188526516391839,464.15135135135137,22.038224922420845,13.358439420440073,18.49854315203869,8.890560158623105,0.6666666666666666,0.19117647058823528,0.42892156862745096
sLORETA,20,5,case_weighted,185,4,0.8994392171960461,0.9386977917252463,1.7434883151302363,21.309421296692584,13.59983977644299,17.824215249931463,7.803005921180709,0.3755224558158777,7.635080796472656,404.2432432432432,21.309421296692584,13.59983977644299,17.824215249931463,7.803005921180709,0.7008547008547008,0.16176470588235295,0.43130970336852686
sLORETA,20,10,case_weighted,185,4,0.9030078654305259,0.9430944106927446,1.730339295918372,21.08191597903421,14.271979562893295,17.107649799603443,7.666355133205148,0.37462668319212616,7.646178379546917,355.2972972972973,21.08191597903421,14.271979562893295,17.107649799603443,7.666355133205148,0.6837606837606838,0.20588235294117646,0.4448215183509301
sLORETA,20,15,case_weighted,185,4,0.9020084205959827,0.9422019179245313,1.7274493939861109,21.56353873193689,15.621807811152019,16.362627734621178,8.277561902072021,0.38346515128258546,8.23050973799472,322.1459459459459,21.56353873193689,15.621807811152019,16.362627734621178,8.277561902072021,0.6495726495726496,0.2647058823529412,0.4571392659627954
sLORETA,20,20,case_weighted,185,4,0.8975540999366991,0.9408852588132047,1.7348192444986752,22.198390973699368,16.58619918900912,16.19908823609277,9.634176913778568,0.3880736712979368,9.61593573242462,303.35135135135135,22.198390973699368,16.58619918900912,16.19908823609277,9.634176913778568,0.6068376068376068,0.2647058823529412,0.435771744595274
