method,eeg_snr_db,meg_snr_db,scenario,aggregation,case_count,scenario_count,auc,auc_tie_corrected,rmse,surface_sd_mm,surface_dle_mm,deep_sd_mm,deep_dle_mm,deep_score,deep_peak_distance_mm,active_count,surface_sd_mm_penalized,surface_dle_mm_penalized,deep_sd_mm_penalized,deep_dle_mm_penalized,deep_sensitivity,deep_specificity,deep_balanced_accuracy
Dipole fitting (grid),-10,-10,deep_only,case_weighted_within_scenario,15,1,1.0,1.0,0.6466941711785273,nan,nan,0.0,0.0,1.0,0.0,2.6666666666666665,nan,nan,0.0,0.0,1.0,nan,nan
Dipole fitting (grid),-10,-10,deep_plus_surface,case_weighted_within_scenario,68,1,0.5106792617363861,0.5203615227430046,1.7769668804487293,24.79072818182907,11.844223959990023,12.071068043305129,12.071068043305129,0.029411764705882353,12.071068043305129,1.8088235294117647,24.79072818182907,11.844223959990023,227.5009340970723,227.5009340970723,0.014705882352941176,nan,nan
Dipole fitting (grid),-10,-10,deep_plus_two_surface,case_weighted_within_scenario,34,1,0.5085669200010312,0.5120998710758604,1.8523057433393622,19.01616993287568,21.79704212472504,nan,nan,0.0,nan,2.4705882352941178,19.01616993287568,21.79704212472504,234.02911185627735,234.02911185627735,0.0,nan,nan
Dipole fitting (grid),-10,-10,surface_only,case_weighted_within_scenario,68,1,0.5203205906863437,0.5204552703895038,1.7211788563027264,22.063528817621023,13.044070969234589,nan,nan,0.0,nan,1.7647058823529411,22.063528817621023,13.044070969234589,nan,nan,nan,1.0,nan
Dipole fitting (grid),-10,-5,deep_only,case_weighted_within_scenario,15,1,1.0,1.0,0.25469156736368176,nan,nan,0.0,0.0,1.0,0.0,2.8666666666666667,nan,nan,0.0,0.0,1.0,nan,nan
Dipole fitting (grid),-10,-5,deep_plus_surface,case_weighted_within_scenario,68,1,0.525296299454239,0.5222003996151214,1.7215762990084063,15.75958455089425,9.275660959936072,0.0,0.0,0.050152277012575235,0.0,1.6029411764705883,15.75958455089425,9.275660959936072,220.26269351179047,220.26269351179047,0.058823529411764705,nan,nan
Dipole fitting (grid),-10,-5,deep_plus_two_surface,case_weighted_within_scenario,34,1,0.5126301643716463,0.5173538253420515,1.800202650546704,13.079779899522434,16.85163939315045,14.120226684036664,14.120226684036664,0.08823529411764706,14.120226684036664,2.3529411764705883,13.079779899522434,16.85163939315045,214.6253866940208,214.6253866940208,0.058823529411764705,nan,nan
Dipole fitting (grid),-10,-5,surface_only,case_weighted_within_scenario,68,1,0.5237834365226104,0.5240539846431079,1.6493198598532761,11.378662571923769,7.0477753576413456,nan,nan,0.0,nan,1.4852941176470589,11.378662571923769,7.0477753576413456,nan,nan,nan,1.0,nan
Dipole fitting (grid),-10,0,deep_only,case_weighted_within_scenario,15,1,1.0,1.0,0.10859649094439651,nan,nan,0.0,0.0,1.0,0.0,2.6666666666666665,nan,nan,0.0,0.0,1.0,nan,nan
Dipole fitting (grid),-10,0,deep_plus_surface,case_weighted_within_scenario,68,1,0.5709059790364975,0.5299270216617405,1.5866184535386214,9.16890482969659,9.819887221744857,2.9349954246137027,2.9349954246137027,0.19785032714193276,2.9349954246137027,1.6764705882352942,9.16890482969659,9.819887221744857,169.4586969709596,169.4586969709596,0.25,nan,nan
Dipole fitting (grid),-10,0,deep_plus_two_surface,case_weighted_within_scenario,34,1,0.5376672074805263,0.520439828442231,1.689009305601075,8.56266236796783,13.344724302571803,1.666666758091415,1.666666758091415,0.12944988178062292,1.666666758091415,2.2941176470588234,8.56266236796783,13.344724302571803,193.02397448600922,193.02397448600922,0.17647058823529413,nan,nan
Dipole fitting (grid),-10,0,surface_only,case_weighted_within_scenario,68,1,0.524991608489792,0.5251904868644077,1.6275775659176064,7.916872441872096,9.037270681454633,nan,nan,0.008645055588517456,nan,1.3970588235294117,7.916872441872096,9.037270681454633,nan,nan,nan,0.9705882352941176,nan
Dipole fitting (grid),-10,5,deep_only,case_weighted_within_scenario,15,1,1.0,1.0,0.0351393679169545,nan,nan,0.0,0.0,1.0,0.0,2.8,nan,nan,0.0,0.0,1.0,nan,nan
Dipole fitting (grid),-10,5,deep_plus_surface,case_weighted_within_scenario,68,1,0.5914654118461372,0.5295867613207652,1.5823157490916788,9.367582310493638,10.727241324252399,2.951889006497998,2.951889006497998,0.24459136104176676,2.951889006497998,1.7941176470588236,9.367582310493638,10.727241324252399,135.48147269975385,135.48147269975385,0.38235294117647056,nan,nan
Dipole fitting (grid),-10,5,deep_plus_two_surface,case_weighted_within_scenario,34,1,0.538588036782023,0.5160171683980844,1.7483397325440895,7.398360687092722,15.92370430908267,0.0,0.0,0.09983298624845954,0.0,2.1176470588235294,7.398360687092722,15.92370430908267,192.72985682281663,192.72985682281663,0.17647058823529413,nan,nan
Dipole fitting (grid),-10,5,surface_only,case_weighted_within_scenario,68,1,0.5236163210887685,0.5239722704817522,1.6315275389534614,4.9917802886958995,8.454008475883716,nan,nan,0.0051649446576215495,nan,1.411764705882353,4.9917802886958995,8.454008475883716,nan,nan,nan,0.9852941176470589,nan
Dipole fitting (grid),-10,10,deep_only,case_weighted_within_scenario,15,1,1.0,1.0,0.018207083997318227,nan,nan,0.0,0.0,1.0,0.0,2.6,nan,nan,0.0,0.0,1.0,nan,nan
Dipole fitting (grid),-10,10,deep_plus_surface,case_weighted_within_scenario,68,1,0.6140636479444802,0.5333578753511137,1.52568147144279,11.435286559525425,10.935689396330845,2.445850913508355,2.445850913508355,0.2406835260397615,2.445850913508355,1.9558823529411764,11.435286559525425,10.935689396330845,114.83184519455801,114.83184519455801,0.47058823529411764,nan,nan
Dipole fitting (grid),-10,10,deep_plus_two_surface,case_weighted_within_scenario,34,1,0.5451629180519053,0.5183742821385965,1.6835495355191927,7.564090635080608,15.73896782140705,2.6824595651789176,2.6824595651789176,0.18177403992648145,2.6824595651789176,2.235294117647059,7.564090635080608,15.73896782140705,172.79029213216307,172.79029213216307,0.23529411764705882,nan,nan
Dipole fitting (grid),-10,10,surface_only,case_weighted_within_scenario,68,1,0.5218497178664252,0.522325867660465,1.6320454293964142,6.057693609516669,7.783383237710134,nan,nan,0.0,nan,1.3970588235294117,6.057693609516669,7.783383237710134,nan,nan,nan,1.0,nan
Dipole fitting (grid),-10,15,deep_only,case_weighted_within_scenario,15,1,1.0,1.0,0.0034245572160476845,nan,nan,0.0,0.0,1.0,0.0,2.6666666666666665,nan,nan,0.0,0.0,1.0,nan,nan
Dipole fitting (grid),-10,15,deep_plus_surface,case_weighted_within_scenario,68,1,0.6135381707636188,0.5318631584991993,1.5156708319709369,9.15586147625909,11.104058422195182,1.736985165817199,1.736985165817199,0.24206106100240485,1.736985165817199,1.838235294117647,9.15586147625909,11.104058422195182,121.29910919767171,121.29910919767171,0.45588235294117646,nan,nan
Dipole fitting (grid),-10,15,deep_plus_two_surface,case_weighted_within_scenario,34,1,0.5288997858616009,0.5153046988116464,1.7621384444892974,8.982131868489663,16.05250119805928,2.000000109709698,2.000000109709698,0.08037027012597286,2.000000109709698,2.264705882352941,8.982131868489663,16.05250119805928,199.9071836582527,199.9071836582527,0.14705882352941177,nan,nan
Dipole fitting (grid),-10,15,surface_only,case_weighted_within_scenario,68,1,0.5223070475418715,0.5227565135416796,1.663779180280782,5.571534086342368,8.193068630074652,nan,nan,0.0,nan,1.3823529411764706,5.571534086342368,8.193068630074652,nan,nan,nan,1.0,nan
Dipole fitting (grid),-10,20,deep_only,case_weighted_within_scenario,15,1,1.0,1.0,0.0009412728876235201,nan,nan,0.0,0.0,1.0,0.0,2.533333333333333,nan,nan,0.0,0.0,1.0,nan,nan
Dipole fitting (grid),-10,20,deep_plus_surface,case_weighted_within_scenario,68,1,0.617108310537332,0.5320552011124555,1.5170413426344311,8.655785626876074,10.040014514550135,1.8077248770920589,1.8077248770920589,0.2367573398747823,1.8077248770920589,1.8823529411764706,8.655785626876074,10.040014514550135,117.91841836668472,117.91841836668472,0.47058823529411764,nan,nan
Dipole fitting (grid),-10,20,deep_plus_two_surface,case_weighted_within_scenario,34,1,0.534844550826158,0.5165277357616711,1.718220006491249,9.11776041860148,16.543447618211058,2.857142962492548,2.857142962492548,0.13711736497203544,2.857142962492548,2.264705882352941,9.11776041860148,16.543447618211058,186.43488296638046,186.43488296638046,0.20588235294117646,nan,nan
Dipole fitting (grid),-10,20,surface_only,case_weighted_within_scenario,68,1,0.5204832422574154,0.5209572183368375,1.6656357522263723,5.469105678582679,8.437469566994148,nan,nan,0.0021531561753965226,nan,1.338235294117647,5.469105678582679,8.437469566994148,nan,nan,nan,0.9852941176470589,nan
Dipole fitting (grid),-5,-10,deep_only,case_weighted_within_scenario,15,1,0.9329999999999999,0.9333067092651758,0.7032195343943974,nan,nan,1.3333333824965223,1.3333333824965223,1.0,1.3333333824965223,2.4,nan,nan,1.3333333824965223,1.3333333824965223,1.0,nan,nan
Dipole fitting (grid),-5,-10,deep_plus_surface,case_weighted_within_scenario,68,1,0.5151460822730376,0.5222829109441237,1.7115463052189035,10.981568156255804,8.60567116293132,7.071067571030109,7.071067571030109,0.022890441237815102,7.071067571030109,1.4558823529411764,10.981568156255804,8.60567116293132,227.35387525965245,227.35387525965245,0.014705882352941176,nan,nan
Dipole fitting (grid),-5,-10,deep_plus_two_surface,case_weighted_within_scenario,34,1,0.5129869971739973,0.5175676783804899,1.779739048815701,9.34212122758386,16.032416221023386,nan,nan,0.0,nan,2.1470588235294117,9.34212122758386,16.032416221023386,234.02911185627735,234.02911185627735,0.0,nan,nan
Dipole fitting (grid),-5,-10,surface_only,case_weighted_within_scenario,68,1,0.5224341864555851,0.5226132725358543,1.6625967164148236,11.056789966777622,8.65983387011129,nan,nan,0.0,nan,1.4558823529411764,11.056789966777622,8.65983387011129,nan,nan,nan,1.0,nan
Dipole fitting (grid),-5,-5,deep_only,case_weighted_within_scenario,15,1,1.0,1.0,0.24142724164294405,nan,nan,0.0,0.0,1.0,0.0,2.4,nan,nan,0.0,0.0,1.0,nan,nan
Dipole fitting (grid),-5,-5,deep_plus_surface,case_weighted_within_scenario,68,1,0.5228021956480999,0.5235829603106187,1.6969630153739563,9.73248495954197,8.425181806989807,2.5000000472248343,2.5000000472248343,0.05707159922286102,2.5000000472248343,1.4705882352941178,9.73248495954197,8.425181806989807,220.4097523380978,220.4097523380978,0.058823529411764705,nan,nan
Dipole fitting (grid),-5,-5,deep_plus_two_surface,case_weighted_within_scenario,34,1,0.5230486267336001,0.5200184235198034,1.7507507030596472,6.633710534973757,13.400490020192557,0.0,0.0,0.04616386036516074,0.0,2.264705882352941,6.633710534973757,13.400490020192557,220.26269351179045,220.26269351179045,0.058823529411764705,nan,nan
Dipole fitting (grid),-5,-5,surface_only,case_weighted_within_scenario,68,1,0.5231554670829928,0.5233954268859004,1.6411587531122778,8.090632368983947,8.035099081556012,nan,nan,0.01025659440155287,nan,1.3529411764705883,8.090632368983947,8.035099081556012,nan,nan,nan,0.9852941176470589,nan
Dipole fitting (grid),-5,0,deep_only,case_weighted_within_scenario,15,1,1.0,1.0,0.0923752548888132,nan,nan,0.0,0.0,1.0,0.0,2.6,nan,nan,0.0,0.0,1.0,nan,nan
Dipole fitting (grid),-5,0,deep_plus_surface,case_weighted_within_scenario,68,1,0.5447674848079818,0.5267585810344496,1.6487053785667034,8.24899524064903,9.071672395960604,4.764176421104534,4.764176421104534,0.14986357962189767,4.764176421104534,1.6470588235294117,8.24899524064903,9.071672395960604,183.45596433381277,183.45596433381277,0.19117647058823528,nan,nan
Dipole fitting (grid),-5,0,deep_plus_two_surface,case_weighted_within_scenario,34,1,0.532896850448833,0.520276506025355,1.6894629470491562,4.686194878166096,12.030697977687236,2.000000109709698,2.000000109709698,0.11177461641119563,2.000000109709698,2.2941176470588234,4.686194878166096,12.030697977687236,199.9071836582527,199.9071836582527,0.14705882352941177,nan,nan
Dipole fitting (grid),-5,0,surface_only,case_weighted_within_scenario,68,1,0.5243634143732129,0.5247714242563187,1.628187549060649,6.856232064680796,7.78766674185336,nan,nan,0.007073030001656805,nan,1.4264705882352942,6.856232064680796,7.78766674185336,nan,nan,nan,0.9852941176470589,nan
Dipole fitting (grid),-5,5,deep_only,case_weighted_within_scenario,15,1,1.0,1.0,0.035653291730693266,nan,nan,0.0,0.0,1.0,0.0,2.8,nan,nan,0.0,0.0,1.0,nan,nan
Dipole fitting (grid),-5,5,deep_plus_surface,case_weighted_within_scenario,68,1,0.5959821273507531,0.5315006944903383,1.5477759002989564,7.634400465125377,10.225384303828385,2.49746236772518,2.49746236772518,0.2440129533116688,2.49746236772518,1.7941176470588236,7.634400465125377,10.225384303828385,135.28767310380658,135.28767310380658,0.38235294117647056,nan,nan
Dipole fitting (grid),-5,5,deep_plus_two_surface,case_weighted_within_scenario,34,1,0.5419418387053296,0.5203049123452126,1.6918892022301968,6.780220316950793,14.870777959175545,5.927071941720599,5.927071941720599,0.14650094692490528,5.927071941720599,2.3823529411764706,6.780220316950793,14.870777959175545,180.3580436410875,180.3580436410875,0.20588235294117646,nan,nan
Dipole fitting (grid),-5,5,surface_only,case_weighted_within_scenario,68,1,0.5258667897427698,0.5262312709759315,1.6173092678180359,6.297119334226303,8.014047007986903,nan,nan,0.009233418005401603,nan,1.4264705882352942,6.297119334226303,8.014047007986903,nan,nan,nan,0.9705882352941176,nan
Dipole fitting (grid),-5,10,deep_only,case_weighted_within_scenario,15,1,1.0,1.0,0.018075043935501117,nan,nan,0.0,0.0,1.0,0.0,2.7333333333333334,nan,nan,0.0,0.0,1.0,nan,nan
Dipole fitting (grid),-5,10,deep_plus_surface,case_weighted_within_scenario,68,1,0.6066039604928459,0.5320568310448833,1.5368625884906542,9.307097771592396,12.687286898794964,2.594084297070272,2.594084297070272,0.23548894167380272,2.594084297070272,1.8823529411764706,9.307097771592396,12.687286898794964,121.7150543643092,121.7150543643092,0.4411764705882353,nan,nan
Dipole fitting (grid),-5,10,deep_plus_two_surface,case_weighted_within_scenario,34,1,0.5453374251314494,0.5187079208664994,1.7087610218198117,6.405468042075653,16.054027898326357,6.57824376744656,6.57824376744656,0.1830598766897897,6.57824376744656,2.235294117647059,6.405468042075653,16.054027898326357,160.4420662981262,160.4420662981262,0.2647058823529412,nan,nan
Dipole fitting (grid),-5,10,surface_only,case_weighted_within_scenario,68,1,0.5227728796614347,0.5231740287159077,1.6304106315895306,4.739314488298177,9.239619429133542,nan,nan,0.0,nan,1.338235294117647,4.739314488298177,9.239619429133542,nan,nan,nan,1.0,nan
Dipole fitting (grid),-5,15,deep_only,case_weighted_within_scenario,15,1,1.0,1.0,0.00454174231483886,nan,nan,0.0,0.0,1.0,0.0,2.4,nan,nan,0.0,0.0,1.0,nan,nan
Dipole fitting (grid),-5,15,deep_plus_surface,case_weighted_within_scenario,68,1,0.6059630146384198,0.530948163962767,1.5402282306467345,7.66325247664545,8.286678211071852,1.8801378512244142,1.8801378512244142,0.2282711332706776,1.8801378512244142,1.8235294117647058,7.66325247664545,8.286678211071852,128.19649135397384,128.19649135397384,0.4264705882352941,nan,nan
Dipole fitting (grid),-5,15,deep_plus_two_surface,case_weighted_within_scenario,34,1,0.5347183992026244,0.5165828576171188,1.7318768729131657,7.968710420313323,14.552308591702571,6.631243217694527,6.631243217694527,0.15203562866793585,6.631243217694527,2.264705882352941,7.968710420313323,14.552308591702571,173.83555839312308,173.83555839312308,0.20588235294117646,nan,nan
Dipole fitting (grid),-5,15,surface_only,case_weighted_within_scenario,68,1,0.5239434286791247,0.5244270640240549,1.6200528042420832,4.503703240802686,8.219007683351727,nan,nan,0.0,nan,1.2647058823529411,4.503703240802686,8.219007683351727,nan,nan,nan,1.0,nan
Dipole fitting (grid),-5,20,deep_only,case_weighted_within_scenario,15,1,1.0,1.0,0.0008043606272614442,nan,nan,0.0,0.0,1.0,0.0,2.7333333333333334,nan,nan,0.0,0.0,1.0,nan,nan
Dipole fitting (grid),-5,20,deep_plus_surface,case_weighted_within_scenario,68,1,0.6014114609742812,0.5295475635166943,1.552696863900193,8.498658616656876,9.594034156651569,1.6649749425196776,1.6649749425196778,0.22117910939449162,1.6649749425196778,1.7941176470588236,8.498658616656876,9.594034156651569,134.93264170188073,134.93264170188073,0.38235294117647056,nan,nan
Dipole fitting (grid),-5,20,deep_plus_two_surface,case_weighted_within_scenario,34,1,0.5299342951135974,0.5164148903621765,1.7239836393268346,6.055651667072199,13.755589524731581,4.023689281768118,4.023689281768118,0.11884736032329879,4.023689281768118,2.2058823529411766,6.055651667072199,13.755589524731581,193.4399196372463,193.4399196372463,0.14705882352941177,nan,nan
Dipole fitting (grid),-5,20,surface_only,case_weighted_within_scenario,68,1,0.5218355057732983,0.5222529769719296,1.6368439302484903,5.363785020212639,9.037868633822956,nan,nan,0.0,nan,1.3235294117647058,5.363785020212639,9.037868633822956,nan,nan,nan,1.0,nan
Dipole fitting (grid),0,-10,deep_only,case_weighted_within_scenario,15,1,1.0,1.0,0.28382536367206357,nan,nan,0.0,0.0,1.0,0.0,1.6666666666666667,nan,nan,0.0,0.0,1.0,nan,nan
Dipole fitting (grid),0,-10,deep_plus_surface,case_weighted_within_scenario,68,1,0.5202155790995656,0.5185129473075025,1.751285459183117,6.604161910188035,8.579203534508961,0.0,0.0,0.03879630281836896,0.0,1.3529411764705883,6.604161910188035,8.579203534508961,223.70429809791221,223.70429809791221,0.04411764705882353,nan,nan
Dipole fitting (grid),0,-10,deep_plus_two_surface,case_weighted_within_scenario,34,1,0.5115150698164677,0.5159079589563866,1.8130045952056018,6.874857384804304,11.799022398185263,14.142135142060217,14.142135142060217,0.02715377342281752,14.142135142060217,2.235294117647059,6.874857384804304,11.799022398185263,227.56184783527095,227.56184783527095,0.0,nan,nan
Dipole fitting (grid),0,-10,surface_only,case_weighted_within_scenario,68,1,0.5218862675342868,0.5220822856362755,1.6621011959691023,5.628393770504662,8.195770327537646,nan,nan,0.0,nan,1.2794117647058822,5.628393770504662,8.195770327537646,nan,nan,nan,1.0,nan
Dipole fitting (grid),0,-5,deep_only,case_weighted_within_scenario,15,1,1.0,1.0,0.1639535400042024,nan,nan,0.0,0.0,1.0,0.0,2.2,nan,nan,0.0,0.0,1.0,nan,nan
Dipole fitting (grid),0,-5,deep_plus_surface,case_weighted_within_scenario,68,1,0.5414373992115272,0.5261972318476326,1.66098637468908,6.177549711918683,8.742591190074213,5.3333334820328675,5.3333334820328675,0.16378349364990819,5.3333334820328675,1.588235294117647,6.177549711918683,8.742591190074213,183.58151368548818,183.58151368548818,0.20588235294117646,nan,nan
Dipole fitting (grid),0,-5,deep_plus_two_surface,case_weighted_within_scenario,34,1,0.5175554324110148,0.5179161006380014,1.752887180489259,5.731513138965873,10.480828338993897,0.0,0.0,0.029411764705882353,0.0,2.2058823529411766,5.731513138965873,10.480828338993897,227.1459026840339,227.1459026840339,0.029411764705882353,nan,nan
Dipole fitting (grid),0,-5,surface_only,case_weighted_within_scenario,68,1,0.5240359409296586,0.5243465940977664,1.6270016878133897,3.4866762895639387,7.854640562348443,nan,nan,0.0,nan,1.2647058823529411,3.4866762895639387,7.854640562348443,nan,nan,nan,1.0,nan
Dipole fitting (grid),0,0,deep_only,case_weighted_within_scenario,15,1,1.0,1.0,0.07911947938316218,nan,nan,0.0,0.0,1.0,0.0,2.533333333333333,nan,nan,0.0,0.0,1.0,nan,nan
Dipole fitting (grid),0,0,deep_plus_surface,case_weighted_within_scenario,68,1,0.5813248397071319,0.5296349291646499,1.6005874367548028,5.284913191084579,9.227414791649439,2.8970563213677907,2.8970563213677907,0.2050557214378863,2.8970563213677907,1.7941176470588236,5.284913191084579,9.227414791649439,149.05409143903123,149.05409143903123,0.3235294117647059,nan,nan
Dipole fitting (grid),0,0,deep_plus_two_surface,case_weighted_within_scenario,34,1,0.5225141592055543,0.5185255152347787,1.7423452011579452,5.320574029107783,11.883692668845883,5.000000184361957,5.000000184361957,0.07562110964245011,5.000000184361957,2.264705882352941,5.320574029107783,11.883692668845883,207.08451048311082,207.08451048311082,0.11764705882352941,nan,nan
Dipole fitting (grid),0,0,surface_only,case_weighted_within_scenario,68,1,0.5227377044439728,0.523021361619478,1.6362750693106674,4.673965483880658,8.300848316582949,nan,nan,0.0,nan,1.3088235294117647,4.673965483880658,8.300848316582949,nan,nan,nan,1.0,nan
Dipole fitting (grid),0,5,deep_only,case_weighted_within_scenario,15,1,1.0,1.0,0.03279106857925564,nan,nan,0.0,0.0,1.0,0.0,2.6,nan,nan,0.0,0.0,1.0,nan,nan
Dipole fitting (grid),0,5,deep_plus_surface,case_weighted_within_scenario,68,1,0.604711451244729,0.5344056170037118,1.548848850222168,5.767120775271567,8.049647979657529,2.3169418030404616,2.3169418030404616,0.2374838044962356,2.3169418030404616,1.838235294117647,5.767120775271567,8.049647979657529,124.98809065475413,124.98809065475413,0.45588235294117646,nan,nan
Dipole fitting (grid),0,5,deep_plus_two_surface,case_weighted_within_scenario,34,1,0.5416327414173738,0.5199370911114133,1.6755587694248004,5.0228447066029975,10.554369666993466,0.0,0.0,0.11500013280953247,0.0,2.235294117647059,5.0228447066029975,10.554369666993466,192.72985682281663,192.72985682281663,0.17647058823529413,nan,nan
Dipole fitting (grid),0,5,surface_only,case_weighted_within_scenario,68,1,0.528039725055372,0.528501291732188,1.5898607343534064,3.707785109154972,8.023833113881171,nan,nan,0.0,nan,1.3235294117647058,3.707785109154972,8.023833113881171,nan,nan,nan,1.0,nan
Dipole fitting (grid),0,10,deep_only,case_weighted_within_scenario,15,1,1.0,1.0,0.01592086779456466,nan,nan,0.0,0.0,1.0,0.0,2.533333333333333,nan,nan,0.0,0.0,1.0,nan,nan
Dipole fitting (grid),0,10,deep_plus_surface,case_weighted_within_scenario,68,1,0.6105600708284775,0.5327624276691372,1.516242033548394,7.184961791612934,9.67360997998053,3.5704755861452737,3.5704755861452737,0.2844187142640112,3.5704755861452737,1.9705882352941178,7.184961791612934,9.67360997998053,108.63250094458782,108.63250094458782,0.47058823529411764,nan,nan
Dipole fitting (grid),0,10,deep_plus_two_surface,case_weighted_within_scenario,34,1,0.541216901210005,0.519594630565595,1.6793656354022577,5.955755135022554,13.419837035230428,0.0,0.0,0.1144784847415934,0.0,2.2941176470588234,5.955755135022554,13.419837035230428,192.72985682281663,192.72985682281663,0.17647058823529413,nan,nan
Dipole fitting (grid),0,10,surface_only,case_weighted_within_scenario,68,1,0.5253568489161388,0.52586173553975,1.626569243528205,4.687923896569888,8.142799640961597,nan,nan,0.004973233123165971,nan,1.4852941176470589,4.687923896569888,8.142799640961597,nan,nan,nan,0.9852941176470589,nan
Dipole fitting (grid),0,15,deep_only,case_weighted_within_scenario,15,1,1.0,1.0,0.0033468237358813377,nan,nan,0.0,0.0,1.0,0.0,2.6,nan,nan,0.0,0.0,1.0,nan,nan
Dipole fitting (grid),0,15,deep_plus_surface,case_weighted_within_scenario,68,1,0.6071104544226061,0.5328787701335285,1.5399687974453595,7.81214572957316,9.786897848425617,2.4747687542182684,2.4747687542182684,0.23486279099391819,2.4747687542182684,1.8970588235294117,7.81214572957316,9.786897848425617,118.2519403052478,118.2519403052478,0.47058823529411764,nan,nan
Dipole fitting (grid),0,15,deep_plus_two_surface,case_weighted_within_scenario,34,1,0.5461948651478578,0.5193964845698729,1.656583791742379,6.337800121218292,13.589169921707088,2.222222344121887,2.222222344121887,0.19202550815615257,2.222222344121887,2.323529411764706,6.337800121218292,13.589169921707088,172.66846463247148,172.66846463247148,0.2647058823529412,nan,nan
Dipole fitting (grid),0,15,surface_only,case_weighted_within_scenario,68,1,0.5241679943722996,0.5246410434112382,1.6140138857532487,5.482580761121876,9.217248017388956,nan,nan,0.0,nan,1.4852941176470589,5.482580761121876,9.217248017388956,nan,nan,nan,1.0,nan
Dipole fitting (grid),0,20,deep_only,case_weighted_within_scenario,15,1,1.0,1.0,0.0009009693415364715,nan,nan,0.0,0.0,1.0,0.0,2.533333333333333,nan,nan,0.0,0.0,1.0,nan,nan
Dipole fitting (grid),0,20,deep_plus_surface,case_weighted_within_scenario,68,1,0.5988104325475418,0.5302480777310616,1.5633560658824481,8.194934757440468,10.105744498590015,2.520159301446205,2.520159301446205,0.22019746016515915,2.520159301446205,1.8529411764705883,8.194934757440468,10.105744498590015,131.89280925855775,131.89280925855775,0.38235294117647056,nan,nan
Dipole fitting (grid),0,20,deep_plus_two_surface,case_weighted_within_scenario,34,1,0.5494756707231494,0.5177251791223292,1.67790432945944,7.148552330744396,13.563280864534597,2.4142135690608706,2.4142135690608706,0.1850312960379719,2.4142135690608706,2.4411764705882355,7.148552330744396,13.563280864534597,165.90708294827252,165.90708294827252,0.2647058823529412,nan,nan
Dipole fitting (grid),0,20,surface_only,case_weighted_within_scenario,68,1,0.5217095056719375,0.5221212308224162,1.6498990280204744,6.101769735019794,8.979763425311383,nan,nan,0.0,nan,1.3676470588235294,6.101769735019794,8.979763425311383,nan,nan,nan,1.0,nan
Dipole fitting (grid),5,-10,deep_only,case_weighted_within_scenario,15,1,1.0,1.0,0.10013993241383431,nan,nan,0.0,0.0,1.0,0.0,1.1333333333333333,nan,nan,0.0,0.0,1.0,nan,nan
Dipole fitting (grid),5,-10,deep_plus_surface,case_weighted_within_scenario,68,1,0.5384937128223566,0.5204506639420193,1.719505940766427,5.852364840908143,9.195620372056963,2.000000109709698,2.000000109709698,0.09674004068206365,2.000000109709698,1.5147058823529411,5.852364840908143,9.195620372056963,199.90718365825273,199.90718365825273,0.14705882352941177,nan,nan
Dipole fitting (grid),5,-10,deep_plus_two_surface,case_weighted_within_scenario,34,1,0.5208313944260177,0.5163240360612712,1.7733106950281046,6.055000826983297,12.736247982738584,12.311742102854042,12.311742102854042,0.11700871734163754,12.311742102854042,2.2941176470588234,6.055000826983297,12.736247982738584,201.42361630430332,201.42361630430332,0.08823529411764706,nan,nan
Dipole fitting (grid),5,-10,surface_only,case_weighted_within_scenario,68,1,0.5220434765747594,0.5223940436775466,1.66511368575424,3.908214169526741,8.151570766483905,nan,nan,0.0,nan,1.2794117647058822,3.908214169526741,8.151570766483905,nan,nan,nan,1.0,nan
Dipole fitting (grid),5,-5,deep_only,case_weighted_within_scenario,15,1,1.0,1.0,0.08234790569369412,nan,nan,0.0,0.0,1.0,0.0,1.7333333333333334,nan,nan,0.0,0.0,1.0,nan,nan
Dipole fitting (grid),5,-5,deep_plus_surface,case_weighted_within_scenario,68,1,0.5687930647653512,0.5257407223736069,1.6353758489747425,4.283844096232572,8.784531001035079,3.505922451958875,3.505922451958875,0.20830434163892664,3.505922451958875,1.6323529411764706,4.283844096232572,8.784531001035079,152.667986184165,152.667986184165,0.3382352941176471,nan,nan
Dipole fitting (grid),5,-5,deep_plus_two_surface,case_weighted_within_scenario,34,1,0.5431341838745223,0.5214929754884023,1.6545539082605754,4.157981978375239,10.865354609308733,0.0,0.0,0.13384238871704326,0.0,2.323529411764706,4.157981978375239,10.865354609308733,192.72985682281663,192.72985682281663,0.17647058823529413,nan,nan
Dipole fitting (grid),5,-5,surface_only,case_weighted_within_scenario,68,1,0.5241248085711087,0.5244535564432985,1.6447467998813132,4.6551852413390895,8.327328322836877,nan,nan,0.0,nan,1.3823529411764706,4.6551852413390895,8.327328322836877,nan,nan,nan,1.0,nan
Dipole fitting (grid),5,0,deep_only,case_weighted_within_scenario,15,1,1.0,1.0,0.05641235968654987,nan,nan,0.0,0.0,1.0,0.0,2.6666666666666665,nan,nan,0.0,0.0,1.0,nan,nan
Dipole fitting (grid),5,0,deep_plus_surface,case_weighted_within_scenario,68,1,0.6027915295748859,0.5313123954037752,1.5628339911595477,4.869954982970159,9.064638522974588,2.9754897111346583,2.9754897111346583,0.2849550114466718,2.9754897111346583,1.8676470588235294,4.869954982970159,9.064638522974588,115.10445339921861,115.10445339921861,0.5,nan,nan
Dipole fitting (grid),5,0,deep_plus_two_surface,case_weighted_within_scenario,34,1,0.5283474972897352,0.5201604146647596,1.7253433144004835,4.73549593045027,11.218688751119466,2.5000000472248343,2.5000000472248343,0.08994864694617445,2.5000000472248343,2.235294117647059,4.73549593045027,11.218688751119466,206.79039281991822,206.79039281991822,0.11764705882352941,nan,nan
Dipole fitting (grid),5,0,surface_only,case_weighted_within_scenario,68,1,0.5273952350178179,0.5278260396254165,1.5796260201208352,3.477098266761207,7.484470780976026,nan,nan,0.0,nan,1.3970588235294117,3.477098266761207,7.484470780976026,nan,nan,nan,1.0,nan
Dipole fitting (grid),5,5,deep_only,case_weighted_within_scenario,15,1,1.0,1.0,0.029238226542424313,nan,nan,0.0,0.0,1.0,0.0,2.7333333333333334,nan,nan,0.0,0.0,1.0,nan,nan
Dipole fitting (grid),5,5,deep_plus_surface,case_weighted_within_scenario,68,1,0.6200472167424343,0.5373589690019293,1.5050357276118291,5.044680720676533,8.080689752758266,2.8078122593635655,2.8078122593635655,0.2656648949118014,2.8078122593635655,1.8823529411764706,5.044680720676533,8.080689752758266,108.21752236972132,108.21752236972132,0.47058823529411764,nan,nan
Dipole fitting (grid),5,5,deep_plus_two_surface,case_weighted_within_scenario,34,1,0.542601771245349,0.5211063993628021,1.6437405453075948,3.857845371284183,10.398054858601254,0.0,0.0,0.11797972286457213,0.0,2.2058823529411766,3.857845371284183,10.398054858601254,192.72985682281663,192.72985682281663,0.17647058823529413,nan,nan
Dipole fitting (grid),5,5,surface_only,case_weighted_within_scenario,68,1,0.5260841707336634,0.5265323937463433,1.6141546456405318,4.024099416123208,8.135071049948593,nan,nan,0.0,nan,1.411764705882353,4.024099416123208,8.135071049948593,nan,nan,nan,1.0,nan
Dipole fitting (grid),5,10,deep_only,case_weighted_within_scenario,15,1,1.0,1.0,0.009231325870482964,nan,nan,0.0,0.0,1.0,0.0,2.8666666666666667,nan,nan,0.0,0.0,1.0,nan,nan
Dipole fitting (grid),5,10,deep_plus_surface,case_weighted_within_scenario,68,1,0.612659565994748,0.536276364333296,1.5216951287241383,4.764269014636412,7.4820225434320635,2.3959602019151913,2.395960201915191,0.24395248703896127,2.395960201915191,1.9264705882352942,4.764269014636412,7.4820225434320635,118.21253602909627,118.21253602909627,0.47058823529411764,nan,nan
Dipole fitting (grid),5,10,deep_plus_two_surface,case_weighted_within_scenario,34,1,0.5479692840918351,0.5225012459564409,1.6476942306246942,4.112124229768004,10.683554352471361,2.222222344121887,2.222222344121887,0.15318153424319195,2.222222344121887,2.4411764705882355,4.112124229768004,10.683554352471361,172.66846463247145,172.66846463247145,0.2647058823529412,nan,nan
Dipole fitting (grid),5,10,surface_only,case_weighted_within_scenario,68,1,0.5265436206322228,0.5270449183453394,1.603664260143605,4.337962804755181,7.4946201968983805,nan,nan,0.0,nan,1.4411764705882353,4.337962804755181,7.4946201968983805,nan,nan,nan,1.0,nan
Dipole fitting (grid),5,15,deep_only,case_weighted_within_scenario,15,1,1.0,1.0,0.0028514111824237158,nan,nan,0.0,0.0,1.0,0.0,2.466666666666667,nan,nan,0.0,0.0,1.0,nan,nan
Dipole fitting (grid),5,15,deep_plus_surface,case_weighted_within_scenario,68,1,0.6174912759534047,0.5328533756225099,1.5204325639937037,8.246378094164616,10.246514940686843,2.6329746857350553,2.6329746857350553,0.2431036731078675,2.6329746857350553,2.0,8.246378094164616,10.246514940686843,111.52527453069614,111.52527453069614,0.47058823529411764,nan,nan
Dipole fitting (grid),5,15,deep_plus_two_surface,case_weighted_within_scenario,34,1,0.5509325058031821,0.5197431847260688,1.6649673254825474,5.574214065222171,13.543410299104272,3.4494899167276465,3.4494899167276465,0.18710488718097792,3.4494899167276465,2.4705882352941178,5.574214065222171,13.543410299104272,166.21157599170394,166.21157599170394,0.2647058823529412,nan,nan
Dipole fitting (grid),5,15,surface_only,case_weighted_within_scenario,68,1,0.5265620659913026,0.5270735196337505,1.598608569845386,5.277853479597195,8.854529443061557,nan,nan,0.008837195867206871,nan,1.5294117647058822,5.277853479597195,8.854529443061557,nan,nan,nan,0.9705882352941176,nan
Dipole fitting (grid),5,20,deep_only,case_weighted_within_scenario,15,1,1.0,1.0,0.0008458091640063343,nan,nan,0.0,0.0,1.0,0.0,2.466666666666667,nan,nan,0.0,0.0,1.0,nan,nan
Dipole fitting (grid),5,20,deep_plus_surface,case_weighted_within_scenario,68,1,0.6174493888560906,0.5323217495875177,1.5024986179981634,7.611576792548374,8.876394803645397,2.6963173981774458,2.6963173981774458,0.2495044799041634,2.6963173981774458,1.911764705882353,7.611576792548374,8.876394803645397,111.55880890787151,111.55880890787151,0.4411764705882353,nan,nan
Dipole fitting (grid),5,20,deep_plus_two_surface,case_weighted_within_scenario,34,1,0.5358919033474588,0.5183314469763792,1.6767594340643688,4.400145021750116,13.555999606037595,8.338070593204238,7.888634830420244,0.19937208135862056,7.888634830420244,2.264705882352941,4.400145021750116,13.555999606037595,174.28736563958154,174.1683973494328,0.17647058823529413,nan,nan
Dipole fitting (grid),5,20,surface_only,case_weighted_within_scenario,68,1,0.5238884010168051,0.5244265808280769,1.6317731868716714,5.389040103405811,8.895672856312046,nan,nan,0.0,nan,1.3970588235294117,5.389040103405811,8.895672856312046,nan,nan,nan,1.0,nan
Dipole fitting (grid),10,-10,deep_only,case_weighted_within_scenario,15,1,1.0,1.0,0.03525965614446295,nan,nan,0.0,0.0,1.0,0.0,1.1333333333333333,nan,nan,0.0,0.0,1.0,nan,nan
Dipole fitting (grid),10,-10,deep_plus_surface,case_weighted_within_scenario,68,1,0.5856938482703036,0.5250332630352982,1.6599837917176805,5.849374884329977,9.635477199278819,3.044285321182897,3.044285321182897,0.21004138373079617,3.044285321182897,1.7794117647058822,5.849374884329977,9.635477199278819,135.5208770104283,135.5208770104283,0.39705882352941174,nan,nan
Dipole fitting (grid),10,-10,deep_plus_two_surface,case_weighted_within_scenario,34,1,0.5257843344291425,0.5168017432880776,1.7644490353089408,5.1590499710393765,13.080888678682513,4.0000001474895654,4.0000001474895654,0.10596671346988254,4.0000001474895654,2.235294117647059,5.1590499710393765,13.080888678682513,200.2013013108674,200.2013013108674,0.14705882352941177,nan,nan
Dipole fitting (grid),10,-10,surface_only,case_weighted_within_scenario,68,1,0.520084936507004,0.5205507895610162,1.701623623830999,4.251907549797305,8.50192187449332,nan,nan,0.0,nan,1.2941176470588236,4.251907549797305,8.50192187449332,nan,nan,nan,1.0,nan
Dipole fitting (grid),10,-5,deep_only,case_weighted_within_scenario,15,1,1.0,1.0,0.03361533857206103,nan,nan,0.0,0.0,1.0,0.0,1.1333333333333333,nan,nan,0.0,0.0,1.0,nan,nan
Dipole fitting (grid),10,-5,deep_plus_surface,case_weighted_within_scenario,68,1,0.5718289071941614,0.5245520291738358,1.667685618464093,6.038768169649808,10.248756560361917,3.261844782983021,3.261844782983021,0.1779455429678118,3.261844782983021,1.6764705882352942,6.038768169649808,10.248756560361917,152.58184112452648,152.58184112452648,0.3235294117647059,nan,nan
Dipole fitting (grid),10,-5,deep_plus_two_surface,case_weighted_within_scenario,34,1,0.5363676493220039,0.5188248117489414,1.7259099308779688,5.642325661725058,13.090739426030062,2.8571429624925466,2.8571429624925466,0.14192868648499507,2.8571429624925466,2.323529411764706,5.642325661725058,13.090739426030062,186.43488296638046,186.43488296638046,0.20588235294117646,nan,nan
Dipole fitting (grid),10,-5,surface_only,case_weighted_within_scenario,68,1,0.521188390450986,0.5215430560434319,1.6909359387135239,4.1813550809697695,8.32147846500162,nan,nan,0.0,nan,1.3823529411764706,4.1813550809697695,8.32147846500162,nan,nan,nan,1.0,nan
Dipole fitting (grid),10,0,deep_only,case_weighted_within_scenario,15,1,1.0,1.0,0.02912049143006915,nan,nan,0.0,0.0,1.0,0.0,2.2,nan,nan,0.0,0.0,1.0,nan,nan
Dipole fitting (grid),10,0,deep_plus_surface,case_weighted_within_scenario,68,1,0.5991168498925087,0.5308729391917221,1.586883486089727,5.203798439521724,8.700143144753946,3.0746257031434565,3.0746257031434565,0.22101572387311186,3.0746257031434565,1.838235294117647,5.203798439521724,8.700143144753946,121.94825828196238,121.94825828196238,0.45588235294117646,nan,nan
Dipole fitting (grid),10,0,deep_plus_two_surface,case_weighted_within_scenario,34,1,0.5535776929007072,0.5235489172723751,1.6120672938062546,3.7120901710028225,9.865772967445672,1.1111111320999263,1.1111111320999263,0.18318743254497444,1.1111111320999263,2.5,3.7120901710028225,9.865772967445672,172.37434695870095,172.37434695870095,0.2647058823529412,nan,nan
Dipole fitting (grid),10,0,surface_only,case_weighted_within_scenario,68,1,0.5246665732398945,0.5251284830274274,1.635577866431909,5.332087554101689,8.53899839660815,nan,nan,0.0,nan,1.4411764705882353,5.332087554101689,8.53899839660815,nan,nan,nan,1.0,nan
Dipole fitting (grid),10,5,deep_only,case_weighted_within_scenario,15,1,1.0,1.0,0.018016414452962492,nan,nan,0.0,0.0,1.0,0.0,2.3333333333333335,nan,nan,0.0,0.0,1.0,nan,nan
Dipole fitting (grid),10,5,deep_plus_surface,case_weighted_within_scenario,68,1,0.6216142706177005,0.5338022222789993,1.5368575701066778,5.161402260601926,8.703043082365543,2.404681811126382,2.404681811126382,0.23232855689982743,2.404681811126382,1.8676470588235294,5.161402260601926,8.703043082365543,111.40441359707978,111.40441359707978,0.4852941176470588,nan,nan
Dipole fitting (grid),10,5,deep_plus_two_surface,case_weighted_within_scenario,34,1,0.5532144198990976,0.5229956712574874,1.598521950882633,3.8028046423449418,11.483509910861573,0.0,0.0,0.16989942776126338,0.0,2.3529411764705883,3.8028046423449418,11.483509910861573,178.96343847832972,178.96343847832972,0.23529411764705882,nan,nan
Dipole fitting (grid),10,5,surface_only,case_weighted_within_scenario,68,1,0.5265226378840029,0.5269449731361535,1.5951035214277058,3.6476645662629807,7.945105523139213,nan,nan,0.0,nan,1.3823529411764706,3.6476645662629807,7.945105523139213,nan,nan,nan,1.0,nan
Dipole fitting (grid),10,10,deep_only,case_weighted_within_scenario,15,1,1.0,1.0,0.010473496470673565,nan,nan,0.0,0.0,1.0,0.0,2.8,nan,nan,0.0,0.0,1.0,nan,nan
Dipole fitting (grid),10,10,deep_plus_surface,case_weighted_within_scenario,68,1,0.626927866074693,0.5374986389348089,1.4839670144539938,4.765623357707615,7.408731125773805,2.360031322243344,2.360031322243344,0.25852197040952274,2.360031322243344,2.014705882352941,4.765623357707615,7.408731125773805,104.5669786166701,104.5669786166701,0.5294117647058824,nan,nan
Dipole fitting (grid),10,10,deep_plus_two_surface,case_weighted_within_scenario,34,1,0.5435307456108485,0.5221777825416275,1.6520263987368444,3.8685625526759737,11.394502621118594,1.4285714555570481,1.4285714555570481,0.12850381830689345,1.4285714555570481,2.2941176470588234,3.8685625526759737,11.394502621118594,186.14076530318786,186.14076530318786,0.20588235294117646,nan,nan
Dipole fitting (grid),10,10,surface_only,case_weighted_within_scenario,68,1,0.5251566171063625,0.5256641625834055,1.6186476931396483,3.8094157398543094,8.009541132697445,nan,nan,0.0,nan,1.4264705882352942,3.8094157398543094,8.009541132697445,nan,nan,nan,1.0,nan
Dipole fitting (grid),10,15,deep_only,case_weighted_within_scenario,15,1,1.0,1.0,0.002962794434152357,nan,nan,0.0,0.0,1.0,0.0,2.6,nan,nan,0.0,0.0,1.0,nan,nan
Dipole fitting (grid),10,15,deep_plus_surface,case_weighted_within_scenario,68,1,0.6267449227435485,0.5376600521970998,1.5113473720919781,4.305912994073826,8.79337125866628,3.370520030670444,3.370520030670444,0.29222398952260525,3.370520030670444,1.9558823529411764,4.305912994073826,8.79337125866628,94.95554913789671,94.95554913789671,0.5294117647058824,nan,nan
Dipole fitting (grid),10,15,deep_plus_two_surface,case_weighted_within_scenario,34,1,0.5474795081015572,0.5212561760985266,1.6523104484239952,5.354648076754479,11.475646246845237,3.333333436260796,3.333333436260796,0.16652406199791758,3.333333436260796,2.4411764705882355,5.354648076754479,11.475646246845237,172.96258227450826,172.96258227450826,0.23529411764705882,nan,nan
Dipole fitting (grid),10,15,surface_only,case_weighted_within_scenario,68,1,0.5270727265283482,0.5276237878440374,1.6122260527018817,4.103415166372294,8.134122188951034,nan,nan,0.0,nan,1.4705882352941178,4.103415166372294,8.134122188951034,nan,nan,nan,1.0,nan
Dipole fitting (grid),10,20,deep_only,case_weighted_within_scenario,15,1,1.0,1.0,0.0007856318479928923,nan,nan,0.0,0.0,1.0,0.0,2.8,nan,nan,0.0,0.0,1.0,nan,nan
Dipole fitting (grid),10,20,deep_plus_surface,case_weighted_within_scenario,68,1,0.6102869617994251,0.5320119656042421,1.5374189670624407,7.248860988294479,9.50572901048994,1.6919417970818666,1.6919417970818666,0.22344835677310254,1.6919417970818666,1.9558823529411764,7.248860988294479,9.50572901048994,124.69397300489126,124.69397300489126,0.45588235294117646,nan,nan
Dipole fitting (grid),10,20,deep_plus_two_surface,case_weighted_within_scenario,34,1,0.5578371177511605,0.5234945261759235,1.6167382458525417,4.663316302633097,10.56542756153891,1.000000054854849,1.000000054854849,0.18634203774706637,1.000000054854849,2.411764705882353,4.663316302633097,10.56542756153891,165.49113779703544,165.49113779703544,0.29411764705882354,nan,nan
Dipole fitting (grid),10,20,surface_only,case_weighted_within_scenario,68,1,0.5271973666889423,0.5277462892650262,1.6044072226770745,5.2976844831016905,9.030555400653654,nan,nan,0.0,nan,1.4411764705882353,5.2976844831016905,9.030555400653654,nan,nan,nan,1.0,nan
Dipole fitting (grid),15,-10,deep_only,case_weighted_within_scenario,15,1,1.0,1.0,0.010073233983473389,nan,nan,0.0,0.0,1.0,0.0,1.0,nan,nan,0.0,0.0,1.0,nan,nan
Dipole fitting (grid),15,-10,deep_plus_surface,case_weighted_within_scenario,68,1,0.5884202811800915,0.5236917934530876,1.677211700623073,6.7526437236022385,10.234005684255228,4.457644235610832,3.825825380115933,0.2161265101691476,3.825825380115933,1.8235294117647058,6.7526437236022385,10.234005684255228,125.99548003478722,125.69815351455433,0.4117647058823529,nan,nan
Dipole fitting (grid),15,-10,deep_plus_two_surface,case_weighted_within_scenario,34,1,0.5163621012555112,0.5161588695237213,1.7960099934009464,6.730858434338238,14.132183594941083,13.090170257638778,13.090170257638778,0.07963435165955703,13.090170257638778,2.235294117647059,6.730858434338238,14.132183594941083,208.036295197614,208.036295197614,0.058823529411764705,nan,nan
Dipole fitting (grid),15,-10,surface_only,case_weighted_within_scenario,68,1,0.5211697698211198,0.5216279644602526,1.6843750133530198,4.559750890659745,8.694427311358176,nan,nan,0.011371173028948162,nan,1.338235294117647,4.559750890659745,8.694427311358176,nan,nan,nan,0.9705882352941176,nan
Dipole fitting (grid),15,-5,deep_only,case_weighted_within_scenario,15,1,1.0,1.0,0.010086367354584813,nan,nan,0.0,0.0,1.0,0.0,1.0,nan,nan,0.0,0.0,1.0,nan,nan
Dipole fitting (grid),15,-5,deep_plus_surface,case_weighted_within_scenario,68,1,0.5932622846390508,0.5264880519548538,1.630850291951631,5.635200696299304,9.662010127531788,3.458852714695457,3.458852714695457,0.21769948967371805,3.458852714695457,1.8088235294117647,5.635200696299304,9.662010127531788,122.13472139050967,122.13472139050967,0.45588235294117646,nan,nan
Dipole fitting (grid),15,-5,deep_plus_two_surface,case_weighted_within_scenario,34,1,0.5259437087158939,0.5167922773138663,1.7461484676455408,4.851534051091778,14.325634158193797,6.472136130551289,6.472136130551289,0.1075485461843615,6.472136130551289,2.235294117647059,4.851534051091778,14.325634158193797,200.56485072014115,200.56485072014115,0.11764705882352941,nan,nan
Dipole fitting (grid),15,-5,surface_only,case_weighted_within_scenario,68,1,0.521127859640182,0.521577337283266,1.6726350623576838,4.184373419279743,7.9955334461217715,nan,nan,0.0019918354773932785,nan,1.338235294117647,4.184373419279743,7.9955334461217715,nan,nan,nan,0.9852941176470589,nan
Dipole fitting (grid),15,0,deep_only,case_weighted_within_scenario,15,1,1.0,1.0,0.010127037748259744,nan,nan,0.0,0.0,1.0,0.0,1.2666666666666666,nan,nan,0.0,0.0,1.0,nan,nan
Dipole fitting (grid),15,0,deep_plus_surface,case_weighted_within_scenario,68,1,0.6131071473910977,0.5310750172610704,1.5736640801474566,3.9261535145544513,8.63828320042736,2.7405825949080254,2.7405825949080254,0.24360079360086265,2.7405825949080254,1.8235294117647058,3.9261535145544513,8.63828320042736,104.77963962198271,104.77963962198271,0.5441176470588235,nan,nan
Dipole fitting (grid),15,0,deep_plus_two_surface,case_weighted_within_scenario,34,1,0.5224701023305282,0.5184802043517587,1.734631307052158,5.5613830535283,13.618779812064524,8.047378768962057,8.047378768962057,0.11820187845297946,8.047378768962057,2.3823529411764706,5.5613830535283,13.618779812064524,194.1499824879276,194.1499824879276,0.11764705882352941,nan,nan
Dipole fitting (grid),15,0,surface_only,case_weighted_within_scenario,68,1,0.5214338295224767,0.5219472082694387,1.6863478113874406,4.57001870674369,8.027095283188387,nan,nan,0.00580649273964749,nan,1.3970588235294117,4.57001870674369,8.027095283188387,nan,nan,nan,0.9705882352941176,nan
Dipole fitting (grid),15,5,deep_only,case_weighted_within_scenario,15,1,1.0,1.0,0.008663356090862238,nan,nan,0.0,0.0,1.0,0.0,1.6666666666666667,nan,nan,0.0,0.0,1.0,nan,nan
Dipole fitting (grid),15,5,deep_plus_surface,case_weighted_within_scenario,68,1,0.6175775710232614,0.5327768596011359,1.5591101650902277,5.44101797994126,8.601472208913526,3.2436729668373134,3.2436729668373134,0.2580953792895747,3.2436729668373134,2.014705882352941,5.44101797994126,8.601472208913526,98.27297133307734,98.27297133307734,0.5294117647058824,nan,nan
Dipole fitting (grid),15,5,deep_plus_two_surface,case_weighted_within_scenario,34,1,0.5471875415706605,0.5213149715388379,1.6318587169631709,4.387988966289215,13.076503533704605,1.2500000236124171,1.2500000236124171,0.16637321300007404,1.2500000236124171,2.3529411764705883,4.387988966289215,13.076503533704605,179.2575561309444,179.2575561309444,0.23529411764705882,nan,nan
Dipole fitting (grid),15,5,surface_only,case_weighted_within_scenario,68,1,0.5240253431070696,0.524540530382282,1.62733118892403,3.776013860446967,8.304041714700531,nan,nan,0.0,nan,1.3676470588235294,3.776013860446967,8.304041714700531,nan,nan,nan,1.0,nan
Dipole fitting (grid),15,10,deep_only,case_weighted_within_scenario,15,1,1.0,1.0,0.006021587461550907,nan,nan,0.0,0.0,1.0,0.0,2.8666666666666667,nan,nan,0.0,0.0,1.0,nan,nan
Dipole fitting (grid),15,10,deep_plus_surface,case_weighted_within_scenario,68,1,0.6295134271870209,0.535845503656125,1.508809512119699,4.993386422774057,8.122557952683971,2.219706280967761,2.219706280967761,0.24265782366074334,2.219706280967761,1.9852941176470589,4.993386422774057,8.122557952683971,101.07959983514391,101.07959983514391,0.5147058823529411,nan,nan
Dipole fitting (grid),15,10,deep_plus_two_surface,case_weighted_within_scenario,34,1,0.5480967839838952,0.5221613574373888,1.6178130851181316,3.7404018982692584,9.756302162531604,1.2500000236124171,1.2500000236124171,0.1783075574436866,1.2500000236124171,2.3529411764705883,3.7404018982692584,9.756302162531604,179.2575561309444,179.2575561309444,0.23529411764705882,nan,nan
Dipole fitting (grid),15,10,surface_only,case_weighted_within_scenario,68,1,0.5265841546478922,0.5271746482941185,1.594279672376894,3.802462447473286,7.917074565669773,nan,nan,0.0,nan,1.3823529411764706,3.802462447473286,7.917074565669773,nan,nan,nan,1.0,nan
Dipole fitting (grid),15,15,deep_only,case_weighted_within_scenario,15,1,1.0,1.0,0.0022958529397618943,nan,nan,0.0,0.0,1.0,0.0,2.6666666666666665,nan,nan,0.0,0.0,1.0,nan,nan
Dipole fitting (grid),15,15,deep_plus_surface,case_weighted_within_scenario,68,1,0.638085994177586,0.5385097941034518,1.471187832930189,5.0052464700478385,8.335783738729214,2.08792151612606,2.08792151612606,0.2810776527236172,2.08792151612606,2.014705882352941,5.0052464700478385,8.335783738729214,94.1822176805979,94.1822176805979,0.5588235294117647,nan,nan
Dipole fitting (grid),15,15,deep_plus_two_surface,case_weighted_within_scenario,34,1,0.5423303399982822,0.520887464187285,1.6417142395163968,3.3610238049745047,12.568919353083253,1.4285714555570481,1.4285714555570481,0.1579568346540337,1.4285714555570481,2.235294117647059,3.3610238049745047,12.568919353083253,186.14076530318786,186.14076530318786,0.20588235294117646,nan,nan
Dipole fitting (grid),15,15,surface_only,case_weighted_within_scenario,68,1,0.5257439838820531,0.526325031558248,1.6192888713142666,4.148602611434756,7.8585799608114275,nan,nan,0.0,nan,1.4558823529411764,4.148602611434756,7.8585799608114275,nan,nan,nan,1.0,nan
Dipole fitting (grid),15,20,deep_only,case_weighted_within_scenario,15,1,1.0,1.0,0.0007858977196867274,nan,nan,0.0,0.0,1.0,0.0,2.6666666666666665,nan,nan,0.0,0.0,1.0,nan,nan
Dipole fitting (grid),15,20,deep_plus_surface,case_weighted_within_scenario,68,1,0.6039830253572473,0.5341933250839352,1.5290402418833882,4.354479225318725,8.009022776593559,2.675281002450775,2.675281002450775,0.23669972772443493,2.675281002450775,1.838235294117647,4.354479225318725,8.009022776593559,121.75445864780268,121.75445864780268,0.45588235294117646,nan,nan
Dipole fitting (grid),15,20,deep_plus_two_surface,case_weighted_within_scenario,34,1,0.5421638390924093,0.5205623169196303,1.6582115437702827,3.795667027967489,12.743717862378944,1.4285715069354985,1.4285715069354985,0.14197151613935124,1.4285715069354985,2.264705882352941,3.795667027967489,12.743717862378944,186.1407653137658,186.1407653137658,0.20588235294117646,nan,nan
Dipole fitting (grid),15,20,surface_only,case_weighted_within_scenario,68,1,0.5274389446722685,0.5279822341549264,1.5902871619549157,4.043983338417333,7.766638201122134,nan,nan,0.0,nan,1.5,4.043983338417333,7.766638201122134,nan,nan,nan,1.0,nan
Dipole fitting (grid),20,-10,deep_only,case_weighted_within_scenario,15,1,1.0,1.0,0.0032906628134182323,nan,nan,0.0,0.0,1.0,0.0,1.0,nan,nan,0.0,0.0,1.0,nan,nan
Dipole fitting (grid),20,-10,deep_plus_surface,case_weighted_within_scenario,68,1,0.5735526210569046,0.521479518108177,1.7020401511260028,6.938300501193873,9.916967483636116,5.101046780678135,4.665891275749421,0.18270525867491275,4.665891275749421,1.838235294117647,6.938300501193873,9.916967483636116,139.7646144722071,139.58543279370704,0.35294117647058826,nan,nan
Dipole fitting (grid),20,-10,deep_plus_two_surface,case_weighted_within_scenario,34,1,0.5216084881111451,0.5167535954263287,1.77325525893953,4.982517334299761,13.418512835583229,7.65685438624214,7.6568543862421405,0.09760372549547548,7.6568543862421405,2.264705882352941,4.982517334299761,13.418512835583229,200.73907399303687,200.73907399303687,0.08823529411764706,nan,nan
Dipole fitting (grid),20,-10,surface_only,case_weighted_within_scenario,68,1,0.5182119283449366,0.5187531311716074,1.7397819272148114,4.8461319536173075,8.669460447852067,nan,nan,0.012962555746622084,nan,1.411764705882353,4.8461319536173075,8.669460447852067,nan,nan,nan,0.9558823529411765,nan
Dipole fitting (grid),20,-5,deep_only,case_weighted_within_scenario,15,1,1.0,1.0,0.003449786451760542,nan,nan,0.0,0.0,1.0,0.0,1.0666666666666667,nan,nan,0.0,0.0,1.0,nan,nan
Dipole fitting (grid),20,-5,deep_plus_surface,case_weighted_within_scenario,68,1,0.577956776701064,0.5232132416258489,1.687011802571263,7.304169053989407,9.952579968933575,3.234093014752398,3.234093014752398,0.16800860651599983,3.234093014752398,1.8529411764705883,7.304169053989407,9.952579968933575,142.38991319861304,142.38991319861304,0.38235294117647056,nan,nan
Dipole fitting (grid),20,-5,deep_plus_two_surface,case_weighted_within_scenario,34,1,0.531544822325931,0.5184436669666913,1.720941953242798,5.7328207984606765,13.661098112707403,4.023689370103902,4.023689370103902,0.13019566093509405,4.023689370103902,2.323529411764706,5.7328207984606765,13.661098112707403,193.43991965283496,193.43991965283496,0.14705882352941177,nan,nan
Dipole fitting (grid),20,-5,surface_only,case_weighted_within_scenario,68,1,0.5198583190484177,0.5203001500085614,1.693105677452372,4.425790795524558,8.305922640625694,nan,nan,0.006081262176723595,nan,1.3676470588235294,4.425790795524558,8.305922640625694,nan,nan,nan,0.9852941176470589,nan
Dipole fitting (grid),20,0,deep_only,case_weighted_within_scenario,15,1,1.0,1.0,0.003969015922881477,nan,nan,0.0,0.0,1.0,0.0,1.6,nan,nan,0.0,0.0,1.0,nan,nan
Dipole fitting (grid),20,0,deep_plus_surface,case_weighted_within_scenario,68,1,0.5999695275734913,0.5262115367570742,1.6262699215283802,5.127157471206759,9.486312977338072,2.3169418330660525,2.3169418330660525,0.2155219188623918,2.3169418330660525,1.7352941176470589,5.127157471206759,9.486312977338072,124.9880906688838,124.9880906688838,0.45588235294117646,nan,nan
Dipole fitting (grid),20,0,deep_plus_two_surface,case_weighted_within_scenario,34,1,0.5343850165849812,0.5155124155015136,1.7475976685206982,6.655899796237879,14.894513077415526,5.214688044065364,5.214688044065364,0.1329020739843448,5.214688044065364,2.2941176470588234,6.655899796237879,14.894513077415526,186.92025989493956,186.92025989493956,0.14705882352941177,nan,nan
Dipole fitting (grid),20,0,surface_only,case_weighted_within_scenario,68,1,0.5206331301266152,0.5212138584426329,1.6805417550046287,4.581952432264545,8.395291249841199,nan,nan,0.00317206143196495,nan,1.3676470588235294,4.581952432264545,8.395291249841199,nan,nan,nan,0.9852941176470589,nan
Dipole fitting (grid),20,5,deep_only,case_weighted_within_scenario,15,1,1.0,1.0,0.003663891355379884,nan,nan,0.0,0.0,1.0,0.0,2.2666666666666666,nan,nan,0.0,0.0,1.0,nan,nan
Dipole fitting (grid),20,5,deep_plus_surface,case_weighted_within_scenario,68,1,0.6122965312070313,0.5293978543765638,1.5899815835073403,5.044447354250044,9.091034590720742,2.9332275892798267,2.9332275892798267,0.23413655367560332,2.9332275892798267,1.838235294117647,5.044447354250044,9.091034590720742,104.88729417766109,104.88729417766109,0.5294117647058824,nan,nan
Dipole fitting (grid),20,5,deep_plus_two_surface,case_weighted_within_scenario,34,1,0.5256326511564087,0.5168069770512312,1.767324141765517,5.839403846113804,12.69945754136943,4.8284272173220515,4.8284272173220515,0.09754161999845014,4.8284272173220515,2.411764705882353,5.839403846113804,12.69945754136943,200.32312882113686,200.32312882113686,0.11764705882352941,nan,nan
Dipole fitting (grid),20,5,surface_only,case_weighted_within_scenario,68,1,0.5224143292023948,0.5229502817143955,1.666287154915208,4.335714246614727,8.129626116824163,nan,nan,0.002297738486433932,nan,1.3676470588235294,4.335714246614727,8.129626116824163,nan,nan,nan,0.9852941176470589,nan
Dipole fitting (grid),20,10,deep_only,case_weighted_within_scenario,15,1,1.0,1.0,0.002896001390505752,nan,nan,0.0,0.0,1.0,0.0,2.933333333333333,nan,nan,0.0,0.0,1.0,nan,nan
Dipole fitting (grid),20,10,deep_plus_surface,case_weighted_within_scenario,68,1,0.6096757053183374,0.5307767806092863,1.56442557098852,4.730556337432044,8.549901579167592,3.2112440013426253,3.2112440013426253,0.22430141955129004,3.2112440013426253,1.9264705882352942,4.730556337432044,8.549901579167592,111.83141710954719,111.83141710954719,0.47058823529411764,nan,nan
Dipole fitting (grid),20,10,deep_plus_two_surface,case_weighted_within_scenario,34,1,0.5377631843097306,0.5206301116306836,1.6622586034235685,3.7934380659732616,10.643046071871352,2.8571429624925466,2.8571429624925466,0.15021516736866428,2.8571429624925466,2.235294117647059,3.7934380659732616,10.643046071871352,186.43488296638046,186.43488296638046,0.20588235294117646,nan,nan
Dipole fitting (grid),20,10,surface_only,case_weighted_within_scenario,68,1,0.5254392967095958,0.5259608717859081,1.617773223864783,4.25488445686843,7.778830418011908,nan,nan,0.011140077318539705,nan,1.4705882352941178,4.25488445686843,7.778830418011908,nan,nan,nan,0.9852941176470589,nan
Dipole fitting (grid),20,15,deep_only,case_weighted_within_scenario,15,1,1.0,1.0,0.0015894103912661402,nan,nan,0.0,0.0,1.0,0.0,2.7333333333333334,nan,nan,0.0,0.0,1.0,nan,nan
Dipole fitting (grid),20,15,deep_plus_surface,case_weighted_within_scenario,68,1,0.6214073174852334,0.5336260007439696,1.5262169068369775,4.845234133253672,8.308575250173202,1.5469182209215928,1.5469182209215928,0.22610041977214784,1.5469182209215928,1.8676470588235294,4.845234133253672,8.308575250173202,114.36915924984424,114.36915924984424,0.5,nan,nan
Dipole fitting (grid),20,15,deep_plus_two_surface,case_weighted_within_scenario,34,1,0.5428706728649115,0.5213390025891735,1.657374537542084,4.027753737276389,9.928613344768769,1.4285714555570481,1.4285714555570481,0.14715658670276638,1.4285714555570481,2.3823529411764706,4.027753737276389,9.928613344768769,186.14076530318786,186.14076530318786,0.20588235294117646,nan,nan
Dipole fitting (grid),20,15,surface_only,case_weighted_within_scenario,68,1,0.5264967436870759,0.5271236039409725,1.5871720884708005,3.281836129387276,7.372297094499127,nan,nan,0.0,nan,1.3970588235294117,3.281836129387276,7.372297094499127,nan,nan,nan,1.0,nan
Dipole fitting (grid),20,20,deep_only,case_weighted_within_scenario,15,1,1.0,1.0,0.0007134248436909946,nan,nan,0.0,0.0,1.0,0.0,2.6666666666666665,nan,nan,0.0,0.0,1.0,nan,nan
Dipole fitting (grid),20,20,deep_plus_surface,case_weighted_within_scenario,68,1,0.6297384990817283,0.5361582858761457,1.486801847224667,4.619701498134864,8.475144376626018,1.3412298096096393,1.3412298096096393,0.2525565969219215,1.3412298096096393,1.9264705882352942,4.619701498134864,8.475144376626018,110.84140959627679,110.84140959627679,0.5,nan,nan
Dipole fitting (grid),20,20,deep_plus_two_surface,case_weighted_within_scenario,34,1,0.5425768931286721,0.5210255805064421,1.6578506089443632,5.043816347862744,12.42019253150563,0.0,0.0,0.10923612995566578,0.0,2.3823529411764706,5.043816347862744,12.42019253150563,192.72985682281663,192.72985682281663,0.17647058823529413,nan,nan
Dipole fitting (grid),20,20,surface_only,case_weighted_within_scenario,68,1,0.5257413264422699,0.5262800946784405,1.6145103398293976,3.9540932508298208,8.200007669611018,nan,nan,0.0,nan,1.338235294117647,3.9540932508298208,8.200007669611018,nan,nan,nan,1.0,nan
LCMV,-10,-10,deep_only,case_weighted_within_scenario,15,1,0.9673333333333333,0.9959353922612706,1.9488519520135925,nan,nan,17.78280820522728,6.4379029128129925,0.6666666666666666,0.0,1603.8,nan,nan,17.78280820522728,6.4379029128129925,0.6666666666666666,nan,nan
LCMV,-10,-10,deep_plus_surface,case_weighted_within_scenario,68,1,0.7591165704992273,0.6564177084515288,1.968386739394754,60.97356328214794,61.305339033954716,20.74782768580335,15.172711789833262,0.0,nan,1825.1911764705883,60.97356328214794,61.305339033954716,20.74782768580335,15.172711789833262,0.0,nan,nan
LCMV,-10,-10,deep_plus_two_surface,case_weighted_within_scenario,34,1,0.7592164534215172,0.6240551818728044,1.9672575404309882,43.08972106863802,51.00103157515285,21.31825221418663,15.644712968135975,0.0,nan,1952.764705882353,43.08972106863802,51.00103157515285,21.31825221418663,15.644712968135975,0.0,nan,nan
LCMV,-10,-10,surface_only,case_weighted_within_scenario,68,1,0.5604742885048556,0.6458596570608688,1.9651684789627903,60.827950291246424,59.045631236673785,nan,nan,0.0,nan,1831.1617647058824,60.827950291246424,59.045631236673785,nan,nan,nan,1.0,nan
LCMV,-10,-5,deep_only,case_weighted_within_scenario,15,1,0.9866666666666666,0.9986687965921193,1.9265046521504123,nan,nan,14.701072970837394,1.6094756624943545,0.9333333333333333,0.0,1123.4,nan,nan,14.701072970837394,1.6094756624943545,0.9333333333333333,nan,nan
LCMV,-10,-5,deep_plus_surface,case_weighted_within_scenario,68,1,0.7517217905263203,0.6717562856073958,1.9681168938263003,59.04234120650184,57.690145690811484,20.33882321486606,13.67726057590985,0.04411764705882353,0.0,1429.7794117647059,59.04234120650184,57.690145690811484,20.33882321486606,13.67726057590985,0.04411764705882353,nan,nan
LCMV,-10,-5,deep_plus_two_surface,case_weighted_within_scenario,34,1,0.7588799990673736,0.6384861714696473,1.965258610620187,42.344349732619314,50.163599626669466,20.803003946579373,13.947290090269599,0.058823529411764705,0.0,1585.0882352941176,42.344349732619314,50.163599626669466,20.803003946579373,13.947290090269599,0.058823529411764705,nan,nan
LCMV,-10,-5,surface_only,case_weighted_within_scenario,68,1,0.5657655202141526,0.6577686965022603,1.9673542300395308,59.04646402507577,57.2037627962366,nan,nan,0.0,nan,1464.6176470588234,59.04646402507577,57.2037627962366,nan,nan,nan,1.0,nan
LCMV,-10,0,deep_only,case_weighted_within_scenario,15,1,0.9993333333333333,0.9999378771742989,1.8896854625552955,nan,nan,10.046995618657128,0.0,0.9333333333333333,0.0,788.1333333333333,nan,nan,10.046995618657128,0.0,0.9333333333333333,nan,nan
LCMV,-10,0,deep_plus_surface,case_weighted_within_scenario,68,1,0.7556746488820867,0.6802117536109645,1.9678485998052835,57.44309632180311,55.076996346178504,19.503160667893898,11.522983926437963,0.18264200038310885,0.0,1024.735294117647,57.44309632180311,55.076996346178504,19.503160667893898,11.522983926437963,0.19117647058823528,nan,nan
LCMV,-10,0,deep_plus_two_surface,case_weighted_within_scenario,34,1,0.7642544192656532,0.6543431448916595,1.9636541397881841,41.54148495444147,47.92813580388857,19.985158034941247,13.744289481724119,0.1550689397518135,0.0,1150.8823529411766,41.54148495444147,47.92813580388857,19.985158034941247,13.744289481724119,0.20588235294117646,nan,nan
LCMV,-10,0,surface_only,case_weighted_within_scenario,68,1,0.5720680262408622,0.667728434833117,1.9723564682268062,57.20124313651603,55.71414210688412,nan,nan,0.0,nan,1028.0441176470588,57.20124313651603,55.71414210688412,nan,nan,nan,1.0,nan
LCMV,-10,5,deep_only,case_weighted_within_scenario,15,1,1.0,1.0,1.8161700473975146,nan,nan,3.879027821555535,0.0,1.0,0.0,578.2666666666667,nan,nan,3.879027821555535,0.0,1.0,nan,nan
LCMV,-10,5,deep_plus_surface,case_weighted_within_scenario,68,1,0.7715871651244699,0.690063745780105,1.9656529412549464,56.289940268269795,54.135481486223746,17.89369170408845,8.007353658126354,0.5879366870252033,1.1496255078705775,746.6617647058823,56.289940268269795,54.135481486223746,17.89369170408845,8.007353658126354,0.5882352941176471,nan,nan
LCMV,-10,5,deep_plus_two_surface,case_weighted_within_scenario,34,1,0.7740515027235334,0.666595974137739,1.9610072601175248,41.055466673898366,48.34187293633318,18.735448463351396,11.174519609796269,0.304197584654142,0.0,832.2352941176471,41.055466673898366,48.34187293633318,18.735448463351396,11.174519609796269,0.35294117647058826,nan,nan
LCMV,-10,5,surface_only,case_weighted_within_scenario,68,1,0.5756679515836773,0.6738661070221943,1.978551848926524,56.16312218104243,48.153986374729286,nan,nan,0.0,nan,718.7647058823529,56.16312218104243,48.153986374729286,nan,nan,nan,1.0,nan
LCMV,-10,10,deep_only,case_weighted_within_scenario,15,1,1.0,1.0,1.6770875769101432,nan,nan,0.5795403150949527,0.0,1.0,0.0,513.4666666666667,nan,nan,0.5795403150949527,0.0,1.0,nan,nan
LCMV,-10,10,deep_plus_surface,case_weighted_within_scenario,68,1,0.7986308842980483,0.6912710219836216,1.9560888411404733,55.88288110637001,50.688175493562014,15.068472416346705,4.376549460122593,0.8914181999736555,1.7467570966835457,578.6470588235294,55.88288110637001,50.688175493562014,15.068472416346705,4.376549460122593,0.8970588235294118,nan,nan
LCMV,-10,10,deep_plus_two_surface,case_weighted_within_scenario,34,1,0.7874316208828566,0.6757199091970626,1.9533675388361138,40.867889900379666,43.682372154627686,16.261368848613223,6.745520991824739,0.7479904157714504,2.446383460933343,603.5882352941177,40.867889900379666,43.682372154627686,16.261368848613223,6.745520991824739,0.8529411764705882,nan,nan
LCMV,-10,10,surface_only,case_weighted_within_scenario,68,1,0.5763966133210472,0.6756033520964148,1.9835784321331853,55.68565944772334,48.427596104546645,nan,nan,0.0577732668729927,nan,549.9411764705883,55.68565944772334,48.427596104546645,nan,nan,nan,0.75,nan
LCMV,-10,15,deep_only,case_weighted_within_scenario,15,1,1.0,1.0,1.4476800441454156,nan,nan,0.0,0.0,1.0,0.0,470.46666666666664,nan,nan,0.0,0.0,1.0,nan,nan
LCMV,-10,15,deep_plus_surface,case_weighted_within_scenario,68,1,0.8196401790787335,0.6941255200410956,1.9352615375950137,55.613433510571014,53.78874623122416,10.83218904121081,2.176929232861061,0.8797459168144263,1.0650942101022105,486.2352941176471,55.613433510571014,53.78874623122416,10.83218904121081,2.176929232861061,0.9558823529411765,nan,nan
LCMV,-10,15,deep_plus_two_surface,case_weighted_within_scenario,34,1,0.7993945928125807,0.6816429335110429,1.936423168315639,40.801122885530766,44.058101276952414,12.789793698288129,4.148924693341623,0.775168942390103,1.5924157374769619,493.05882352941177,40.801122885530766,44.058101276952414,12.789793698288129,4.148924693341623,0.9705882352941176,nan,nan
LCMV,-10,15,surface_only,case_weighted_within_scenario,68,1,0.5746527736765463,0.6752012157488742,1.986885050394962,55.43622381184532,47.45032070107384,nan,nan,0.20432756281846412,nan,464.45588235294116,55.43622381184532,47.45032070107384,nan,nan,nan,0.1323529411764706,nan
LCMV,-10,20,deep_only,case_weighted_within_scenario,15,1,1.0,1.0,1.1118837652860531,nan,nan,0.0,0.0,1.0,0.0,437.53333333333336,nan,nan,0.0,0.0,1.0,nan,nan
LCMV,-10,20,deep_plus_surface,case_weighted_within_scenario,68,1,0.8331384415438322,0.6945498962436011,1.8986049094679587,55.443750579152315,55.38723114328168,6.76297843244795,1.126007987704316,0.9016173466378063,0.9180353954058347,427.8529411764706,55.443750579152315,55.38723114328168,6.76297843244795,1.126007987704316,0.9558823529411765,nan,nan
LCMV,-10,20,deep_plus_two_surface,case_weighted_within_scenario,34,1,0.8069410045856189,0.6808852550254191,1.9071198596869399,40.59072013014763,40.81675493530855,9.110631813768975,1.5924157268990455,0.8349193548123404,0.710062815498856,411.55882352941177,40.59072013014763,40.81675493530855,9.110631813768975,1.5924157268990455,0.9705882352941176,nan,nan
LCMV,-10,20,surface_only,case_weighted_within_scenario,68,1,0.5765104081047989,0.6764870469573471,1.9883673006977123,55.512011947675035,48.634501768300666,nan,nan,0.22939683232414185,nan,423.55882352941177,55.512011947675035,48.634501768300666,nan,nan,nan,0.029411764705882353,nan
LCMV,-5,-10,deep_only,case_weighted_within_scenario,15,1,0.9993333333333333,0.9998491302804402,1.9319690994498429,nan,nan,17.38269088778891,2.276142394390696,0.6666666666666666,1.4142136031724077,1914.4666666666667,nan,nan,17.38269088778891,2.276142394390696,0.6,nan,nan
LCMV,-5,-10,deep_plus_surface,case_weighted_within_scenario,68,1,0.8003779022238504,0.6739710976684163,1.965662319303841,61.79382192610019,58.86328839180025,20.761240414029416,14.943912690177944,0.0,nan,1935.0,61.79382192610019,58.86328839180025,20.761240414029416,14.943912690177944,0.0,nan,nan
LCMV,-5,-10,deep_plus_two_surface,case_weighted_within_scenario,34,1,0.7828189599908919,0.646200682955818,1.9625263603022887,43.27068458705551,50.02110707989132,21.392997034720498,15.59644202415094,0.0,nan,2044.6470588235295,43.27068458705551,50.02110707989132,21.392997034720498,15.59644202415094,0.0,nan,nan
LCMV,-5,-10,surface_only,case_weighted_within_scenario,68,1,0.5820646609557444,0.6574744399175008,1.9644126698068287,61.763470383527675,57.62800647667465,nan,nan,0.0,nan,1963.0588235294117,61.763470383527675,57.62800647667465,nan,nan,nan,1.0,nan
LCMV,-5,-5,deep_only,case_weighted_within_scenario,15,1,1.0,0.9999911253106142,1.9103821000382564,nan,nan,14.318868579859574,0.9428090358707845,1.0,0.0,1511.2666666666667,nan,nan,14.318868579859574,0.9428090358707845,1.0,nan,nan
LCMV,-5,-5,deep_plus_surface,case_weighted_within_scenario,68,1,0.7841598859695816,0.6743611917367808,1.9664133733011635,60.474246370957296,57.66770182178187,20.355602560247014,13.483628680287486,0.04411764705882353,0.0,1752.4558823529412,60.474246370957296,57.66770182178187,20.355602560247014,13.483628680287486,0.04411764705882353,nan,nan
LCMV,-5,-5,deep_plus_two_surface,case_weighted_within_scenario,34,1,0.7774732312065533,0.6475315899261398,1.9620987869285258,42.65240351001669,46.39194148258169,20.854043946108703,14.722487027190752,0.058823529411764705,0.0,1919.7058823529412,42.65240351001669,46.39194148258169,20.854043946108703,14.722487027190752,0.058823529411764705,nan,nan
LCMV,-5,-5,surface_only,case_weighted_within_scenario,68,1,0.5803354025641277,0.6612290424109147,1.9669085417741101,59.975129272457444,53.63656754949297,nan,nan,0.0,nan,1702.6911764705883,59.975129272457444,53.63656754949297,nan,nan,nan,1.0,nan
LCMV,-5,0,deep_only,case_weighted_within_scenario,15,1,1.0,1.0,1.869771663486528,nan,nan,9.274091999657497,0.0,1.0,0.0,1071.5333333333333,nan,nan,9.274091999657497,0.0,1.0,nan,nan
LCMV,-5,0,deep_plus_surface,case_weighted_within_scenario,68,1,0.7810744205468599,0.6832374240980916,1.9658496402079138,58.507474143159506,54.907914723027815,19.45683009444739,10.900930615892248,0.17647058823529413,0.0,1408.0882352941176,58.507474143159506,54.907914723027815,19.45683009444739,10.900930615892248,0.17647058823529413,nan,nan
LCMV,-5,0,deep_plus_two_surface,case_weighted_within_scenario,34,1,0.7787937330485347,0.659524149616876,1.9600372180393104,41.71073393394317,44.93538258284584,20.065246513585752,13.449247992042846,0.16373684535077893,0.0,1539.6176470588234,41.71073393394317,44.93538258284584,20.065246513585752,13.449247992042846,0.20588235294117646,nan,nan
LCMV,-5,0,surface_only,case_weighted_within_scenario,68,1,0.5804407438725413,0.6684525545842015,1.9718761497228896,58.14361821851888,52.43231532301897,nan,nan,0.0,nan,1363.5882352941176,58.14361821851888,52.43231532301897,nan,nan,nan,1.0,nan
LCMV,-5,5,deep_only,case_weighted_within_scenario,15,1,1.0,1.0,1.7978615579411683,nan,nan,3.57555292976347,0.0,1.0,0.0,754.6666666666666,nan,nan,3.57555292976347,0.0,1.0,nan,nan
LCMV,-5,5,deep_plus_surface,case_weighted_within_scenario,68,1,0.7867905732356516,0.6872958857425016,1.9634273610709827,57.00330745620554,54.40961710793062,17.799962331569876,8.215326263199257,0.6764300653447208,1.0273249322036462,987.1323529411765,57.00330745620554,54.40961710793062,17.799962331569876,8.215326263199257,0.6617647058823529,nan,nan
LCMV,-5,5,deep_plus_two_surface,case_weighted_within_scenario,34,1,0.7805542857823947,0.6671689917796864,1.9578759854058143,41.09777932279537,45.36776622103423,18.786448842647786,10.887002151190943,0.34691244271102095,0.9428090358707845,1124.3529411764705,41.09777932279537,45.36776622103423,18.786448842647786,10.887002151190943,0.4117647058823529,nan,nan
LCMV,-5,5,surface_only,case_weighted_within_scenario,68,1,0.578449542482087,0.6730905515130892,1.9782534448163887,56.774101237511466,53.76168906115752,nan,nan,0.0,nan,977.8823529411765,56.774101237511466,53.76168906115752,nan,nan,nan,1.0,nan
LCMV,-5,10,deep_only,case_weighted_within_scenario,15,1,1.0,1.0,1.6690752695540327,nan,nan,0.7564800899691267,0.0,1.0,0.0,585.2,nan,nan,0.7564800899691267,0.0,1.0,nan,nan
LCMV,-5,10,deep_plus_surface,case_weighted_within_scenario,68,1,0.805507560198939,0.6927435724499783,1.954142279915519,56.2083471129916,51.9434294875283,14.942463453131218,4.280919817706537,0.914898278376518,1.4269370311125962,728.0441176470588,56.2083471129916,51.9434294875283,14.942463453131218,4.280919817706537,0.9411764705882353,nan,nan
LCMV,-5,10,deep_plus_two_surface,case_weighted_within_scenario,34,1,0.7902586372707401,0.6744283850095135,1.9496367577358238,40.70458439645286,45.69482842674043,16.209611694452253,6.451403328632135,0.7691500562018841,1.463159715547443,792.4117647058823,40.70458439645286,45.69482842674043,16.209611694452253,6.451403328632135,0.9117647058823529,nan,nan
LCMV,-5,10,surface_only,case_weighted_within_scenario,68,1,0.5770797720861346,0.6746794704185834,1.9835056789948828,56.07753456864583,47.95650149946733,nan,nan,0.06250961394840757,nan,716.4411764705883,56.07753456864583,47.95650149946733,nan,nan,nan,0.8088235294117647,nan
LCMV,-5,15,deep_only,case_weighted_within_scenario,15,1,1.0,1.0,1.4386684486821248,nan,nan,0.0,0.0,1.0,0.0,502.6666666666667,nan,nan,0.0,0.0,1.0,nan,nan
LCMV,-5,15,deep_plus_surface,case_weighted_within_scenario,68,1,0.8235740033503907,0.6955356618638892,1.933380574484624,55.76047443211945,49.96286171279415,10.930233234502094,1.6280982101501196,0.8990866174300026,1.1260079708043904,562.3235294117648,55.76047443211945,49.96286171279415,10.930233234502094,1.6280982101501196,0.9411764705882353,nan,nan
LCMV,-5,15,deep_plus_two_surface,case_weighted_within_scenario,34,1,0.7996240543081814,0.679483443134476,1.9350992896274695,40.62415026721772,42.0520300210576,12.71343450432066,4.148924693341623,0.8276597765283413,2.9010892233217556,590.9411764705883,40.62415026721772,42.0520300210576,12.71343450432066,4.148924693341623,0.9411764705882353,nan,nan
LCMV,-5,15,surface_only,case_weighted_within_scenario,68,1,0.5787410047637468,0.6779286781269009,1.986715099035501,55.68932216490435,46.89062826240559,nan,nan,0.20235099563508666,nan,549.7794117647059,55.68932216490435,46.89062826240559,nan,nan,nan,0.22058823529411764,nan
LCMV,-5,20,deep_only,case_weighted_within_scenario,15,1,1.0,1.0,1.097542627727362,nan,nan,0.0,0.0,1.0,0.0,468.6666666666667,nan,nan,0.0,0.0,1.0,nan,nan
LCMV,-5,20,deep_plus_surface,case_weighted_within_scenario,68,1,0.8343746175059208,0.6964589844883738,1.8980227729499035,55.53224115344149,52.213086010442176,6.845519475904292,0.9789491561080146,0.9168396455140715,0.9180353982025363,464.4117647058824,55.53224115344149,52.213086010442176,6.845519475904292,0.9789491561080146,0.9558823529411765,nan,nan
LCMV,-5,20,deep_plus_two_surface,case_weighted_within_scenario,34,1,0.8071841888189937,0.6806178037351271,1.9052908729900713,40.54393475873914,39.64167122762817,9.277400088058371,1.714243248303406,0.8472129888665129,1.298298074284359,451.8529411764706,40.54393475873914,39.64167122762817,9.277400088058371,1.714243248303406,0.9705882352941176,nan,nan
LCMV,-5,20,surface_only,case_weighted_within_scenario,68,1,0.5762953987193477,0.676216973420588,1.98821148704763,55.542239051174484,49.55031162671896,nan,nan,0.2358051279517929,nan,465.88235294117646,55.542239051174484,49.55031162671896,nan,nan,nan,0.014705882352941176,nan
LCMV,0,-10,deep_only,case_weighted_within_scenario,15,1,1.0,1.0,1.8998649663858191,nan,nan,15.07083711177623,0.0,0.8,0.0,1864.2666666666667,nan,nan,15.07083711177623,0.0,0.8,nan,nan
LCMV,0,-10,deep_plus_surface,case_weighted_within_scenario,68,1,0.8260793702507394,0.6828370680569203,1.9634821133694729,61.76692809590617,57.23508290031325,20.58921687181745,13.274728663046751,0.014705882352941176,0.0,1817.8382352941176,61.76692809590617,57.23508290031325,20.58921687181745,13.274728663046751,0.014705882352941176,nan,nan
LCMV,0,-10,deep_plus_two_surface,case_weighted_within_scenario,34,1,0.8018386334736964,0.6637408247608335,1.9579411309885,43.10895290151746,49.49412476984933,21.24349911435503,14.180527463652806,0.0,nan,1982.0882352941176,43.10895290151746,49.49412476984933,21.24349911435503,14.180527463652806,0.0,nan,nan
LCMV,0,-10,surface_only,case_weighted_within_scenario,68,1,0.5961637692136668,0.6682167554861413,1.9667550257001887,61.54974654401244,56.26555095872198,nan,nan,0.0,nan,1800.8235294117646,61.54974654401244,56.26555095872198,nan,nan,nan,1.0,nan
LCMV,0,-5,deep_only,case_weighted_within_scenario,15,1,1.0,1.0,1.8823178440483292,nan,nan,12.956279869449821,0.0,0.9333333333333333,0.0,1793.0,nan,nan,12.956279869449821,0.0,0.9333333333333333,nan,nan
LCMV,0,-5,deep_plus_surface,case_weighted_within_scenario,68,1,0.8206308862788015,0.679840213656748,1.96366083905219,61.092049055454574,51.75963748932946,20.150063063886076,11.779983508080342,0.11764705882352941,1.767766942257721,1768.3235294117646,61.092049055454574,51.75963748932946,20.150063063886076,11.779983508080342,0.10294117647058823,nan,nan
LCMV,0,-5,deep_plus_two_surface,case_weighted_within_scenario,34,1,0.8000825359633135,0.6650277705318064,1.9571917140046244,42.64266911136572,46.588546698089374,20.915090914527923,14.516185406101277,0.14705882352941177,2.000000109709698,1951.5588235294117,42.64266911136572,46.588546698089374,20.915090914527923,14.516185406101277,0.14705882352941177,nan,nan
LCMV,0,-5,surface_only,case_weighted_within_scenario,68,1,0.5907214032104188,0.6653461252731165,1.9696968542297209,60.25862503805532,51.97711472737551,nan,nan,0.0,nan,1701.7794117647059,60.25862503805532,51.97711472737551,nan,nan,nan,1.0,nan
LCMV,0,0,deep_only,case_weighted_within_scenario,15,1,1.0,1.0,1.8411907372652758,nan,nan,8.382239168215062,0.0,1.0,0.0,1446.1333333333334,nan,nan,8.382239168215062,0.0,1.0,nan,nan
LCMV,0,0,deep_plus_surface,case_weighted_within_scenario,68,1,0.8168136998319755,0.6862018979723922,1.9628733197808206,59.58731546826548,51.649200277875714,19.28983639376634,9.868395338557772,0.2647058823529412,1.3412297626089502,1602.5882352941176,59.58731546826548,51.649200277875714,19.28983639376634,9.868395338557772,0.25,nan,nan
LCMV,0,0,deep_plus_two_surface,case_weighted_within_scenario,34,1,0.7971061833456642,0.6684287041088102,1.955792679226854,41.73885001705391,39.10080211380436,19.960197563524343,12.80660904330784,0.21689012980269726,0.0,1763.6176470588234,41.73885001705391,39.10080211380436,19.960197563524343,12.80660904330784,0.23529411764705882,nan,nan
LCMV,0,0,surface_only,case_weighted_within_scenario,68,1,0.5885839124208685,0.6672053215364052,1.9737474908699586,58.91784633887946,50.30309435807904,nan,nan,0.0,nan,1570.0441176470588,58.91784633887946,50.30309435807904,nan,nan,nan,1.0,nan
LCMV,0,5,deep_only,case_weighted_within_scenario,15,1,1.0,1.0,1.774975207451689,nan,nan,3.0557608213934833,0.0,1.0,0.0,1053.0,nan,nan,3.0557608213934833,0.0,1.0,nan,nan
LCMV,0,5,deep_plus_surface,case_weighted_within_scenario,68,1,0.8145440710262171,0.6889630385361999,1.9597033989214012,58.07020606389146,50.68066094832788,17.612916874622794,7.23000714681611,0.6847922178169618,0.21276596146594334,1319.8823529411766,58.07020606389146,50.68066094832788,17.612916874622794,7.23000714681611,0.6911764705882353,nan,nan
LCMV,0,5,deep_plus_two_surface,case_weighted_within_scenario,34,1,0.7958265597173243,0.6720623813034442,1.9536142035420396,41.16987240364241,41.17344969482823,18.72201788583592,10.133920374094593,0.44369615160828924,0.0,1424.4705882352941,41.16987240364241,41.17344969482823,18.72201788583592,10.133920374094593,0.5294117647058824,nan,nan
LCMV,0,5,surface_only,case_weighted_within_scenario,68,1,0.5823010913275889,0.6704616265324677,1.978930717400429,57.4508014445243,46.515210701121205,nan,nan,0.0,nan,1311.235294117647,57.4508014445243,46.515210701121205,nan,nan,nan,1.0,nan
LCMV,0,10,deep_only,case_weighted_within_scenario,15,1,1.0,1.0,1.6439069717969346,nan,nan,0.4452159561181451,0.0,1.0,0.0,766.8666666666667,nan,nan,0.4452159561181451,0.0,1.0,nan,nan
LCMV,0,10,deep_plus_surface,case_weighted_within_scenario,68,1,0.8173256259592181,0.6903287683983281,1.9501620203955998,56.61293531367051,53.239320428789505,14.907816970348263,3.7047094177587034,0.9163002249326828,1.0973698104160008,943.5441176470588,56.61293531367051,53.239320428789505,14.907816970348263,3.7047094177587034,0.9264705882352942,nan,nan
LCMV,0,10,deep_plus_two_surface,case_weighted_within_scenario,34,1,0.7985481990850263,0.6764398325575184,1.9460452168676718,40.65472744496225,42.2978269419056,16.144212671078463,5.690877884375256,0.7904145478753852,1.066941733936369,1024.5882352941176,40.65472744496225,42.2978269419056,16.144212671078463,5.690877884375256,0.9117647058823529,nan,nan
LCMV,0,10,surface_only,case_weighted_within_scenario,68,1,0.5824208561983266,0.6765340148438471,1.9833946629994117,56.487969669698444,50.54558821772511,nan,nan,0.09983074098113691,nan,961.5,56.487969669698444,50.54558821772511,nan,nan,nan,0.7205882352941176,nan
LCMV,0,15,deep_only,case_weighted_within_scenario,15,1,1.0,1.0,1.4102884796094837,nan,nan,0.0,0.0,1.0,0.0,604.4,nan,nan,0.0,0.0,1.0,nan,nan
LCMV,0,15,deep_plus_surface,case_weighted_within_scenario,68,1,0.8279319830514819,0.6931221812775121,1.930638971121775,55.98476517344285,51.400380704948645,10.789871558434188,1.8360707996518997,0.9358461290260758,1.2730668024006917,702.3970588235294,55.98476517344285,51.400380704948645,10.789871558434188,1.8360707996518997,0.9411764705882353,nan,nan
LCMV,0,15,deep_plus_two_surface,case_weighted_within_scenario,34,1,0.8028240709253015,0.679668449644274,1.930539587993248,40.469734786710035,42.32859899054381,12.511936595670326,3.854807063948872,0.8614075504625331,2.90108924654369,732.9411764705883,40.469734786710035,42.32859899054381,12.511936595670326,3.854807063948872,0.9411764705882353,nan,nan
LCMV,0,15,surface_only,case_weighted_within_scenario,68,1,0.5791446818289692,0.6768420047006953,1.9869691806464862,56.01938462041593,47.17424999687235,nan,nan,0.2728962511614731,nan,710.0,56.01938462041593,47.17424999687235,nan,nan,nan,0.16176470588235295,nan
LCMV,0,20,deep_only,case_weighted_within_scenario,15,1,1.0,1.0,1.0885101481516608,nan,nan,0.0,0.0,1.0,0.0,499.6666666666667,nan,nan,0.0,0.0,1.0,nan,nan
LCMV,0,20,deep_plus_surface,case_weighted_within_scenario,68,1,0.8367714134177282,0.6966572899108993,1.8953869755235018,55.63837207516485,55.49245681688139,6.748952900386054,1.0041804690966576,0.9390767564718219,1.0041804690966576,527.4117647058823,55.63837207516485,55.49245681688139,6.748952900386054,1.0041804690966576,0.9705882352941176,nan,nan
LCMV,0,20,deep_plus_two_surface,case_weighted_within_scenario,34,1,0.8074451465385328,0.6796113121779546,1.9030518502989338,40.38928606002886,40.624591233104724,9.240578403881868,2.0083609114960086,0.8751666854829555,1.2982980975062939,539.8235294117648,40.38928606002886,40.624591233104724,9.240578403881868,2.0083609114960086,0.9705882352941176,nan,nan
LCMV,0,20,surface_only,case_weighted_within_scenario,68,1,0.5752038065784427,0.6737289248201195,1.9879563814666965,55.546173136671854,48.45458212965919,nan,nan,0.26901632410957255,nan,537.9117647058823,55.546173136671854,48.45458212965919,nan,nan,nan,0.0,nan
LCMV,5,-10,deep_only,case_weighted_within_scenario,15,1,1.0,1.0,1.8483462279822034,nan,nan,10.299357076925434,0.0,0.9333333333333333,0.0,1588.4,nan,nan,10.299357076925434,0.0,0.9333333333333333,nan,nan
LCMV,5,-10,deep_plus_surface,case_weighted_within_scenario,68,1,0.8381223334047521,0.6884015924944584,1.9604813463850002,61.12316185232493,52.031386510632,19.956346078994084,10.480903545018206,0.20588235294117646,0.0,1492.3235294117646,61.12316185232493,52.031386510632,19.956346078994084,10.480903545018206,0.20588235294117646,nan,nan
LCMV,5,-10,deep_plus_two_surface,case_weighted_within_scenario,34,1,0.8111914493176159,0.6716432615298741,1.9534273776180466,42.42940714740874,44.79431883929481,20.740044496974857,12.809554533607312,0.18316075008581997,3.448876532423015,1614.3823529411766,42.42940714740874,44.79431883929481,20.740044496974857,12.809554533607312,0.17647058823529413,nan,nan
LCMV,5,-10,surface_only,case_weighted_within_scenario,68,1,0.5986098966572233,0.6717724118338313,1.9715434054876813,59.99947546228925,52.66253098926735,nan,nan,0.0,nan,1532.5882352941176,59.99947546228925,52.66253098926735,nan,nan,nan,1.0,nan
LCMV,5,-5,deep_only,case_weighted_within_scenario,15,1,1.0,1.0,1.823497166193507,nan,nan,8.2956014602757,0.0,1.0,0.0,1681.9333333333334,nan,nan,8.2956014602757,0.0,1.0,nan,nan
LCMV,5,-5,deep_plus_surface,case_weighted_within_scenario,68,1,0.8386840084205861,0.685762200960569,1.959744669849135,60.55648978976418,52.812384036367305,19.597668242654485,10.353205382608863,0.25,0.5882353263852056,1579.514705882353,60.55648978976418,52.812384036367305,19.597668242654485,10.353205382608863,0.25,nan,nan
LCMV,5,-5,deep_plus_two_surface,case_weighted_within_scenario,34,1,0.8135723209802962,0.6763007744679893,1.9514973148425383,41.555043390980266,42.70883515867985,20.379019373462285,11.456913776761349,0.3225690482617268,0.0,1633.4411764705883,41.555043390980266,42.70883515867985,20.379019373462285,11.456913776761349,0.35294117647058826,nan,nan
LCMV,5,-5,surface_only,case_weighted_within_scenario,68,1,0.5990061781551711,0.6697575267109427,1.9733507877326852,59.67306265289634,52.195152628582576,nan,nan,0.0,nan,1576.2058823529412,59.67306265289634,52.195152628582576,nan,nan,nan,1.0,nan
LCMV,5,0,deep_only,case_weighted_within_scenario,15,1,1.0,1.0,1.784563749320714,nan,nan,5.666719009243677,0.0,1.0,0.0,1726.6,nan,nan,5.666719009243677,0.0,1.0,nan,nan
LCMV,5,0,deep_plus_surface,case_weighted_within_scenario,68,1,0.8395127893943698,0.688855381404307,1.9577725525359084,59.75622246730978,49.83928007268583,18.73981704901474,7.804568796283043,0.5,0.5882353263852054,1596.4705882352941,59.75622246730978,49.83928007268583,18.73981704901474,7.804568796283043,0.5,nan,nan
LCMV,5,0,deep_plus_two_surface,case_weighted_within_scenario,34,1,0.8124150341121094,0.6766105883207931,1.9501960910046865,40.96123953436851,38.52917662173949,19.77907677877376,11.387481995430164,0.35972152143148295,0.0,1536.1764705882354,40.96123953436851,38.52917662173949,19.77907677877376,11.387481995430164,0.4117647058823529,nan,nan
LCMV,5,0,surface_only,case_weighted_within_scenario,68,1,0.5939619882464078,0.6665505919764181,1.97669660538813,58.62693335540869,49.24042479301265,nan,nan,0.0,nan,1538.2058823529412,58.62693335540869,49.24042479301265,nan,nan,nan,1.0,nan
LCMV,5,5,deep_only,case_weighted_within_scenario,15,1,1.0,1.0,1.7163122127759167,nan,nan,2.5389279780450336,0.0,1.0,0.0,1405.6,nan,nan,2.5389279780450336,0.0,1.0,nan,nan
LCMV,5,5,deep_plus_surface,case_weighted_within_scenario,68,1,0.8372982140577824,0.6870120275955377,1.9532557539289859,58.679364391662645,48.897726763753106,17.130425609565357,5.050929839337625,0.7686160454884081,0.37735851126598086,1483.3823529411766,58.679364391662645,48.897726763753106,17.130425609565357,5.050929839337625,0.7794117647058824,nan,nan
LCMV,5,5,deep_plus_two_surface,case_weighted_within_scenario,34,1,0.8092747015668036,0.6766781749322648,1.9468448225933888,40.578302939357165,37.265835954431054,18.32098140334666,8.092564166579443,0.5945815095539579,0.0,1412.7058823529412,40.578302939357165,37.265835954431054,18.32098140334666,8.092564166579443,0.6764705882352942,nan,nan
LCMV,5,5,surface_only,case_weighted_within_scenario,68,1,0.5907437782408058,0.6703847951416535,1.9804280785736883,57.48148370088498,49.8011273348955,nan,nan,0.0,nan,1481.2941176470588,57.48148370088498,49.8011273348955,nan,nan,nan,1.0,nan
LCMV,5,10,deep_only,case_weighted_within_scenario,15,1,1.0,1.0,1.5849854889156734,nan,nan,0.0,0.0,1.0,0.0,1064.8,nan,nan,0.0,0.0,1.0,nan,nan
LCMV,5,10,deep_plus_surface,case_weighted_within_scenario,68,1,0.8350624296590299,0.6898902264959811,1.9428209549558986,57.45953280385937,50.45512052573435,14.545151786212443,2.7541062127122307,0.9366641683049546,0.8830950440936229,1231.9117647058824,57.45953280385937,50.45512052573435,14.545151786212443,2.7541062127122307,0.9411764705882353,nan,nan
LCMV,5,10,deep_plus_two_surface,case_weighted_within_scenario,34,1,0.8084978793017716,0.6785925417992669,1.9387813734111732,40.26702979954286,40.77634454724857,15.871658511234795,5.74134054345776,0.8578164811878782,1.0346101662413274,1196.2941176470588,40.26702979954286,40.77634454724857,15.871658511234795,5.74134054345776,0.9411764705882353,nan,nan
LCMV,5,10,surface_only,case_weighted_within_scenario,68,1,0.5839253660717076,0.6705739514523728,1.984050818197999,56.8310703936423,48.352108429263055,nan,nan,0.12644283933759587,nan,1272.4264705882354,56.8310703936423,48.352108429263055,nan,nan,nan,0.7352941176470589,nan
LCMV,5,15,deep_only,case_weighted_within_scenario,15,1,1.0,1.0,1.3755703393001633,nan,nan,0.0,0.0,1.0,0.0,787.8,nan,nan,0.0,0.0,1.0,nan,nan
LCMV,5,15,deep_plus_surface,case_weighted_within_scenario,68,1,0.8356782765632669,0.6920402890178297,1.9231809471999748,56.515567722645635,51.96813627456589,10.692738655588343,1.5419531533592226,0.9633947398993524,1.3198075893523338,911.0735294117648,56.515567722645635,51.96813627456589,10.692738655588343,1.5419531533592226,0.9411764705882353,nan,nan
LCMV,5,15,deep_plus_two_surface,case_weighted_within_scenario,34,1,0.8090417014193352,0.6795626549646022,1.922653542760592,40.068321066957246,41.094645072341336,12.299683480759622,3.4388619131517593,0.9039294530684159,1.2982980975062939,893.6176470588235,40.068321066957246,41.094645072341336,12.299683480759622,3.4388619131517593,0.9705882352941176,nan,nan
LCMV,5,15,surface_only,case_weighted_within_scenario,68,1,0.581905499720327,0.6753251798374602,1.9868602124922086,56.312260707829566,48.98757786975321,nan,nan,0.3210367944925249,nan,965.2205882352941,56.312260707829566,48.98757786975321,nan,nan,nan,0.16176470588235295,nan
LCMV,5,20,deep_only,case_weighted_within_scenario,15,1,1.0,1.0,1.0620008317290213,nan,nan,0.0,0.0,1.0,0.0,586.5333333333333,nan,nan,0.0,0.0,1.0,nan,nan
LCMV,5,20,deep_plus_surface,case_weighted_within_scenario,68,1,0.8389304859017136,0.6937445426866713,1.889778057789233,55.894759395389244,51.1182455336938,6.72702147864185,1.0650942297988375,0.9610618997142599,0.7100628228039803,666.9117647058823,55.894759395389244,51.1182455336938,6.72702147864185,1.0650942297988375,0.9705882352941176,nan,nan
LCMV,5,20,deep_plus_two_surface,case_weighted_within_scenario,34,1,0.810528600158361,0.6821887752952268,1.8970266879644857,40.064453697517465,43.46140821334101,9.11679606842002,1.5924157268990455,0.9078419773610014,0.710062815498856,655.5294117647059,40.064453697517465,43.46140821334101,9.11679606842002,1.5924157268990455,0.9705882352941176,nan,nan
LCMV,5,20,surface_only,case_weighted_within_scenario,68,1,0.5793726574554097,0.6767839797678988,1.9879411417750248,55.951053823029206,47.982983070796664,nan,nan,0.32520197174060306,nan,703.3382352941177,55.951053823029206,47.982983070796664,nan,nan,nan,0.014705882352941176,nan
LCMV,10,-10,deep_only,case_weighted_within_scenario,15,1,1.0,1.0,1.749615364122484,nan,nan,6.180025803371382,0.0,1.0,0.0,1353.9333333333334,nan,nan,6.180025803371382,0.0,1.0,nan,nan
LCMV,10,-10,deep_plus_surface,case_weighted_within_scenario,68,1,0.8443436858989763,0.6944090515917508,1.9514930420855872,59.574821498546996,52.82149821438048,18.358041821826475,6.324003604725969,0.6129647518356045,0.5614450252700062,1206.0588235294117,59.574821498546996,52.82149821438048,18.358041821826475,6.324003604725969,0.6176470588235294,nan,nan
LCMV,10,-10,deep_plus_two_surface,case_weighted_within_scenario,34,1,0.81483711234522,0.6766272497288793,1.9437259066218138,40.593364608005544,40.85723301597445,19.179392696397716,8.25684199039263,0.5343308675414358,3.252668622753227,1105.6176470588234,40.593364608005544,40.85723301597445,19.179392696397716,8.25684199039263,0.5882352941176471,nan,nan
LCMV,10,-10,surface_only,case_weighted_within_scenario,68,1,0.5974160135356509,0.6726791140183056,1.9780573309115197,58.371967335715446,52.09099151190931,nan,nan,0.037369270642916515,nan,1377.5,58.371967335715446,52.09099151190931,nan,nan,nan,0.9411764705882353,nan
LCMV,10,-5,deep_only,case_weighted_within_scenario,15,1,1.0,1.0,1.7277559407999543,nan,nan,5.493865516138356,0.0,1.0,0.0,1444.5333333333333,nan,nan,5.493865516138356,0.0,1.0,nan,nan
LCMV,10,-5,deep_plus_surface,case_weighted_within_scenario,68,1,0.8460442072197327,0.6910351755247319,1.9511234211388615,59.6730357878669,51.22085485900306,18.084868109581627,5.464963297620181,0.6821224505176079,1.0273249245515363,1326.7794117647059,59.6730357878669,51.22085485900306,18.084868109581627,5.464963297620181,0.6617647058823529,nan,nan
LCMV,10,-5,deep_plus_two_surface,case_weighted_within_scenario,34,1,0.8174841458595028,0.678379885224631,1.9430047709453873,40.25774048496063,40.59726211017588,18.870609795157176,8.025495467350444,0.5861176854264315,1.4225890093416165,1177.7058823529412,40.25774048496063,40.59726211017588,18.870609795157176,8.025495467350444,0.6470588235294118,nan,nan
LCMV,10,-5,surface_only,case_weighted_within_scenario,68,1,0.6050027447274806,0.6773677695364994,1.9783745659334306,58.09574128888185,50.673848385913566,nan,nan,0.03865554166524262,nan,1471.0294117647059,58.09574128888185,50.673848385913566,nan,nan,nan,0.9411764705882353,nan
LCMV,10,0,deep_only,case_weighted_within_scenario,15,1,1.0,1.0,1.690358177517999,nan,nan,3.105586782820216,0.0,1.0,0.0,1621.1333333333334,nan,nan,3.105586782820216,0.0,1.0,nan,nan
LCMV,10,0,deep_plus_surface,case_weighted_within_scenario,68,1,0.8465488435180857,0.6884114550247089,1.948573339388174,59.383538730268285,51.33312986237707,17.396589245434733,4.16664376521188,0.762260892990557,0.5336654842483693,1394.2794117647059,59.383538730268285,51.33312986237707,17.396589245434733,4.16664376521188,0.75,nan,nan
LCMV,10,0,deep_plus_two_surface,case_weighted_within_scenario,34,1,0.8180667003659419,0.6785475986487252,1.9408016817194,39.86451646004718,39.3931396497949,18.182697440258316,6.657765540465313,0.6515308045549397,1.5313708751959956,1234.1470588235295,39.86451646004718,39.3931396497949,18.182697440258316,6.657765540465313,0.6764705882352942,nan,nan
LCMV,10,0,surface_only,case_weighted_within_scenario,68,1,0.5991129696811826,0.6701622349072893,1.9810766921295715,58.358009353592976,52.0552984657382,nan,nan,0.03145994577795759,nan,1525.4558823529412,58.358009353592976,52.0552984657382,nan,nan,nan,0.9411764705882353,nan
LCMV,10,5,deep_only,case_weighted_within_scenario,15,1,1.0,1.0,1.6295057760714171,nan,nan,1.4916048926620387,0.0,1.0,0.0,1723.0,nan,nan,1.4916048926620387,0.0,1.0,nan,nan
LCMV,10,5,deep_plus_surface,case_weighted_within_scenario,68,1,0.8475027696768195,0.6877579747676251,1.9423828252964075,58.656616293070655,46.342996793399884,15.873601546922414,3.3357199802907314,0.8907924895794213,0.32786886454832503,1442.3235294117646,58.656616293070655,46.342996793399884,15.873601546922414,3.3357199802907314,0.8970588235294118,nan,nan
LCMV,10,5,deep_plus_two_surface,case_weighted_within_scenario,34,1,0.8169739666402813,0.6774622525785087,1.9367094330435275,39.118580951423404,37.72044252999482,17.02712005226173,4.985542635678126,0.7534387330675595,0.0,1236.7941176470588,39.118580951423404,37.72044252999482,17.02712005226173,4.985542635678126,0.9117647058823529,nan,nan
LCMV,10,5,surface_only,case_weighted_within_scenario,68,1,0.5971013408733513,0.6694641014935072,1.9830306475643904,57.45744204378578,48.79633000435966,nan,nan,0.06605903777023064,nan,1475.8088235294117,57.45744204378578,48.79633000435966,nan,nan,nan,0.8823529411764706,nan
LCMV,10,10,deep_only,case_weighted_within_scenario,15,1,1.0,1.0,1.496216722798691,nan,nan,0.0,0.0,1.0,0.0,1470.4,nan,nan,0.0,0.0,1.0,nan,nan
LCMV,10,10,deep_plus_surface,case_weighted_within_scenario,68,1,0.8462805555365629,0.6887460996609398,1.9312092765947568,58.1549964675611,47.778709444347584,13.455696501365898,2.0383884063604283,0.9719502585693379,0.2110766580018064,1390.1323529411766,58.1549964675611,47.778709444347584,13.455696501365898,2.0383884063604283,0.9705882352941176,nan,nan
LCMV,10,10,deep_plus_two_surface,case_weighted_within_scenario,34,1,0.8159108904089876,0.6776857358417967,1.927087282657913,38.868602735527965,35.679209843892494,14.89084045361816,3.6007767221141465,0.8956177214436485,1.0346101901669575,1158.7058823529412,38.868602735527965,35.679209843892494,14.89084045361816,3.6007767221141465,0.9411764705882353,nan,nan
LCMV,10,10,surface_only,case_weighted_within_scenario,68,1,0.5896858831934901,0.6681325981793182,1.9854900183613822,57.04937298920641,48.119015080101526,nan,nan,0.21796343878080837,nan,1457.8970588235295,57.04937298920641,48.119015080101526,nan,nan,nan,0.5882352941176471,nan
LCMV,10,15,deep_only,case_weighted_within_scenario,15,1,1.0,1.0,1.2915709288496242,nan,nan,0.0,0.0,1.0,0.0,1042.8666666666666,nan,nan,0.0,0.0,1.0,nan,nan
LCMV,10,15,deep_plus_surface,case_weighted_within_scenario,68,1,0.8444303327248943,0.6905184184262074,1.9109360465324072,56.88048559649379,50.26910992485767,10.133953060008329,1.3948943270518792,0.9852992363051006,0.891837528610611,1191.4705882352941,56.88048559649379,50.26910992485767,10.133953060008329,1.3948943270518792,0.9558823529411765,nan,nan
LCMV,10,15,deep_plus_two_surface,case_weighted_within_scenario,34,1,0.8165238107225503,0.6807704557829258,1.9096732993590952,39.344606485120735,38.06929676197634,11.666393182942778,2.3024785923171422,0.9390656932640045,0.710062815498856,1040.7941176470588,39.344606485120735,38.06929676197634,11.666393182942778,2.3024785923171422,0.9705882352941176,nan,nan
LCMV,10,15,surface_only,case_weighted_within_scenario,68,1,0.583754437091296,0.6708160746312777,1.987432252658159,56.71582545654547,47.70967621757093,nan,nan,0.4371228540000552,nan,1273.1764705882354,56.71582545654547,47.70967621757093,nan,nan,nan,0.08823529411764706,nan
LCMV,10,20,deep_only,case_weighted_within_scenario,15,1,1.0,1.0,0.9953776937329687,nan,nan,0.0,0.0,1.0,0.0,751.0666666666667,nan,nan,0.0,0.0,1.0,nan,nan
LCMV,10,20,deep_plus_surface,case_weighted_within_scenario,68,1,0.8429563679250697,0.691558605969842,1.8782709988120376,56.13862861333451,53.02367191972579,6.5655500353541525,0.9789491561080146,0.9807370626812029,0.7100628228039803,863.6911764705883,56.13862861333451,53.02367191972579,6.5655500353541525,0.9789491561080146,0.9705882352941176,nan,nan
LCMV,10,20,deep_plus_two_surface,case_weighted_within_scenario,34,1,0.8151430051051327,0.6806356011107227,1.8842499303558256,39.44446831964172,41.16346125512154,8.827023716215852,1.5924157501209801,0.9486243260725149,0.4159451628841696,798.8529411764706,39.44446831964172,41.16346125512154,8.827023716215852,1.5924157501209801,0.9705882352941176,nan,nan
LCMV,10,20,surface_only,case_weighted_within_scenario,68,1,0.5814930595579907,0.6756319299215244,1.9877955814911152,56.10527360316172,51.22252071498658,nan,nan,0.3971894134692866,nan,975.3382352941177,56.10527360316172,51.22252071498658,nan,nan,nan,0.0,nan
LCMV,15,-10,deep_only,case_weighted_within_scenario,15,1,1.0,1.0,1.5670173163414605,nan,nan,2.5524823952723192,0.0,1.0,0.0,1215.8666666666666,nan,nan,2.5524823952723192,0.0,1.0,nan,nan
LCMV,15,-10,deep_plus_surface,case_weighted_within_scenario,68,1,0.8476458319186055,0.693325462005217,1.9315686240391619,58.67194364933493,49.7899271327406,14.894267532059628,3.344237991804534,0.9388757722568372,1.050527272914297,984.4411764705883,58.67194364933493,49.7899271327406,14.894267532059628,3.344237991804534,0.9264705882352942,nan,nan
LCMV,15,-10,deep_plus_two_surface,case_weighted_within_scenario,34,1,0.8189775002689678,0.679824815281102,1.924101841999979,38.498975409216264,39.406828289574996,15.96572733260053,4.103189674857656,0.8447256101643433,1.6406708185744676,740.2352941176471,38.498975409216264,39.406828289574996,15.96572733260053,4.103189674857656,0.9411764705882353,nan,nan
LCMV,15,-10,surface_only,case_weighted_within_scenario,68,1,0.5987248636894925,0.6757775386799828,1.9827828769440117,57.21926064380332,52.556577566193546,nan,nan,0.16029723208268123,nan,1332.764705882353,57.21926064380332,52.556577566193546,nan,nan,nan,0.7647058823529411,nan
LCMV,15,-5,deep_only,case_weighted_within_scenario,15,1,1.0,1.0,1.5525724722923102,nan,nan,2.1211203704288217,0.0,1.0,0.0,1336.5333333333333,nan,nan,2.1211203704288217,0.0,1.0,nan,nan
LCMV,15,-5,deep_plus_surface,case_weighted_within_scenario,68,1,0.8497368826967312,0.6942208878876328,1.931002941905339,58.87500101072557,50.735160645768836,14.751681880651393,2.7344932199672223,0.9498314334695631,0.7428349594097019,1028.2058823529412,58.87500101072557,50.735160645768836,14.751681880651393,2.7344932199672223,0.9264705882352942,nan,nan
LCMV,15,-5,deep_plus_two_surface,case_weighted_within_scenario,34,1,0.8198968232715992,0.6803864313200787,1.922301206079564,38.15626898112356,39.87550915066401,15.713584715097594,3.6872444923797274,0.83580839662924,0.3125000059031043,821.5294117647059,38.15626898112356,39.87550915066401,15.713584715097594,3.6872444923797274,0.9411764705882353,nan,nan
LCMV,15,-5,surface_only,case_weighted_within_scenario,68,1,0.598726354908611,0.6747357252715547,1.9830596621021481,57.36708428354972,53.76407733813488,nan,nan,0.13524165631175974,nan,1353.3382352941176,57.36708428354972,53.76407733813488,nan,nan,nan,0.7941176470588235,nan
LCMV,15,0,deep_only,case_weighted_within_scenario,15,1,1.0,1.0,1.5267056496408684,nan,nan,1.4512703576417678,0.0,1.0,0.0,1490.4,nan,nan,1.4512703576417678,0.0,1.0,nan,nan
LCMV,15,0,deep_plus_surface,case_weighted_within_scenario,68,1,0.8491168325168138,0.6898526267839616,1.9281324786549046,58.50932338010826,50.945121944133646,14.340490885291857,2.4318575611276914,0.9348321014471059,0.7544417500309604,1134.6470588235295,58.50932338010826,50.945121944133646,14.340490885291857,2.4318575611276914,0.9117647058823529,nan,nan
LCMV,15,0,deep_plus_two_surface,case_weighted_within_scenario,34,1,0.8203315055268168,0.6795383182123795,1.921639720953345,37.88064122435726,39.285460298632685,15.591836541773144,3.861467786698906,0.8455862555877595,0.7315798580606407,879.8529411764706,37.88064122435726,39.285460298632685,15.591836541773144,3.861467786698906,0.9411764705882353,nan,nan
LCMV,15,0,surface_only,case_weighted_within_scenario,68,1,0.600409527237146,0.6732034859037306,1.9841845170935708,57.4112488592671,51.2339848054018,nan,nan,0.139266132130079,nan,1435.6323529411766,57.4112488592671,51.2339848054018,nan,nan,nan,0.7647058823529411,nan
LCMV,15,5,deep_only,case_weighted_within_scenario,15,1,1.0,1.0,1.4560244135107363,nan,nan,0.43300436925686925,0.0,1.0,0.0,1575.8666666666666,nan,nan,0.43300436925686925,0.0,1.0,nan,nan
LCMV,15,5,deep_plus_surface,case_weighted_within_scenario,68,1,0.8511635353891389,0.6905482199976313,1.9215732752085226,58.16277260865246,49.32406264189508,13.226036146612152,1.6618475486245063,0.9920972749675999,0.7100628341364673,1243.9264705882354,58.16277260865246,49.32406264189508,13.226036146612152,1.6618475486245063,0.9705882352941176,nan,nan
LCMV,15,5,deep_plus_two_surface,case_weighted_within_scenario,34,1,0.8219632094351644,0.6801033803657799,1.916995197735568,37.87259069774105,38.05564426865121,14.801937071847291,3.0819731852785823,0.8900778832283428,0.42854954930611533,995.4411764705883,37.87259069774105,38.05564426865121,14.801937071847291,3.0819731852785823,0.9411764705882353,nan,nan
LCMV,15,5,surface_only,case_weighted_within_scenario,68,1,0.6035818117116025,0.6743228295567926,1.9856481307165674,57.10686907403234,49.66715628604271,nan,nan,0.23210833464734823,nan,1475.8088235294117,57.10686907403234,49.66715628604271,nan,nan,nan,0.6470588235294118,nan
LCMV,15,10,deep_only,case_weighted_within_scenario,15,1,1.0,1.0,1.3484110213064993,nan,nan,0.0,0.0,1.0,0.0,1696.4666666666667,nan,nan,0.0,0.0,1.0,nan,nan
LCMV,15,10,deep_plus_surface,case_weighted_within_scenario,68,1,0.8511454794000213,0.6887208244855945,1.9093113425958412,58.06002384580236,46.0369670823373,11.596157261549443,1.1260080025621106,0.9882069953153153,0.5020902474054243,1333.9558823529412,58.06002384580236,46.0369670823373,11.596157261549443,1.1260080025621106,0.9852941176470589,nan,nan
LCMV,15,10,deep_plus_two_surface,case_weighted_within_scenario,34,1,0.8219460613349934,0.67999928196532,1.9063414668814198,37.229021620279326,35.76782206078735,13.005514940474482,1.5924157839208317,0.927416890506835,0.5882353052293728,1042.5882352941176,37.229021620279326,35.76782206078735,13.005514940474482,1.5924157839208317,1.0,nan,nan
LCMV,15,10,surface_only,case_weighted_within_scenario,68,1,0.5975971163701698,0.6694048846487943,1.987202750818545,57.19832090432468,49.15153145503676,nan,nan,0.3491106665322903,nan,1478.75,57.19832090432468,49.15153145503676,nan,nan,nan,0.45588235294117646,nan
LCMV,15,15,deep_only,case_weighted_within_scenario,15,1,1.0,1.0,1.1470227021332957,nan,nan,0.0,0.0,1.0,0.0,1435.4666666666667,nan,nan,0.0,0.0,1.0,nan,nan
LCMV,15,15,deep_plus_surface,case_weighted_within_scenario,68,1,0.849510754800311,0.6883387135644171,1.8882843766153223,57.28607357250788,47.3543484688894,8.873059836929052,0.710062831618246,0.9878128492719855,0.5630040053109028,1318.6617647058824,57.28607357250788,47.3543484688894,8.873059836929052,0.710062831618246,0.9705882352941176,nan,nan
LCMV,15,15,deep_plus_two_surface,case_weighted_within_scenario,34,1,0.8201914868472413,0.6816358161248118,1.8896673923851797,37.15078767376817,36.09266512180674,10.572278052084549,1.0041804681135424,0.9520787519411701,0.29411765261468636,1024.1764705882354,37.15078767376817,36.09266512180674,10.572278052084549,1.0041804681135424,1.0,nan,nan
LCMV,15,15,surface_only,case_weighted_within_scenario,68,1,0.5924815580633095,0.6705986491963121,1.988029017087695,56.849124806259,48.65215559105369,nan,nan,0.5280619991530463,nan,1429.6617647058824,56.849124806259,48.65215559105369,nan,nan,nan,0.07352941176470588,nan
LCMV,15,20,deep_only,case_weighted_within_scenario,15,1,1.0,1.0,0.8928743916978078,nan,nan,0.0,0.0,1.0,0.0,1060.8,nan,nan,0.0,0.0,1.0,nan,nan
LCMV,15,20,deep_plus_surface,case_weighted_within_scenario,68,1,0.846846278242627,0.6891048504315315,1.8568164239442626,56.56216706343202,50.52777901603271,6.091731002243688,0.7100628228039803,0.9915672567301579,0.563003991207679,1132.2794117647059,56.56216706343202,50.52777901603271,6.091731002243688,0.7100628228039803,0.9705882352941176,nan,nan
LCMV,15,20,deep_plus_two_surface,case_weighted_within_scenario,34,1,0.8188906807626087,0.6817529822455995,1.861447841831084,37.927900710845286,37.99434732109813,8.169191340439346,0.29411765261468636,0.9711336839073179,0.29411765261468636,923.6176470588235,37.927900710845286,37.99434732109813,8.169191340439346,0.29411765261468636,1.0,nan,nan
LCMV,15,20,surface_only,case_weighted_within_scenario,68,1,0.5832897838688162,0.6699019321290975,1.9881305919700305,56.52332426739676,50.31952087409685,nan,nan,0.49570807483911233,nan,1286.3088235294117,56.52332426739676,50.31952087409685,nan,nan,nan,0.0,nan
LCMV,20,-10,deep_only,case_weighted_within_scenario,15,1,1.0,1.0,1.257222968807831,nan,nan,0.4507264532596787,0.0,1.0,0.0,1160.3333333333333,nan,nan,0.4507264532596787,0.0,1.0,nan,nan
LCMV,20,-10,deep_plus_surface,case_weighted_within_scenario,68,1,0.8510269061581414,0.6965587531656806,1.8915718126849985,57.83421725061786,47.09567012269934,10.962794771268104,1.1859551989930872,0.9888349149038376,0.355031415809123,813.9558823529412,57.83421725061786,47.09567012269934,10.962794771268104,1.1859551989930872,0.9852941176470589,nan,nan
LCMV,20,-10,deep_plus_two_surface,case_weighted_within_scenario,34,1,0.8193739121146141,0.6796732309022109,1.8857358083038425,35.71900340779426,39.69945774796173,12.307748111307555,1.661847538161481,0.8914115782962085,0.41594518247792933,565.0294117647059,35.71900340779426,39.69945774796173,12.307748111307555,1.661847538161481,0.9705882352941176,nan,nan
LCMV,20,-10,surface_only,case_weighted_within_scenario,68,1,0.5995426797980071,0.6770358835834395,1.9855377749645646,56.9186907162255,52.436060650396385,nan,nan,0.38196071246507296,nan,1262.0588235294117,56.9186907162255,52.436060650396385,nan,nan,nan,0.4117647058823529,nan
LCMV,20,-5,deep_only,case_weighted_within_scenario,15,1,1.0,1.0,1.2700847782604967,nan,nan,0.419961206518969,0.0,1.0,0.0,1213.1333333333334,nan,nan,0.419961206518969,0.0,1.0,nan,nan
LCMV,20,-5,deep_plus_surface,case_weighted_within_scenario,68,1,0.8494609147605942,0.6924863867688561,1.890967198770949,58.01051388926534,49.14281888820352,10.82196750913173,1.4201256604657553,0.9870061890110392,0.6491490737127675,827.25,58.01051388926534,49.14281888820352,10.82196750913173,1.4201256604657553,0.9852941176470589,nan,nan
LCMV,20,-5,deep_plus_two_surface,case_weighted_within_scenario,34,1,0.8195100766816139,0.6784063776215746,1.8856470902877418,35.542030041969554,39.51939098796432,12.285340247447003,1.245902387364369,0.8861212113431606,0.41594518247792933,549.7941176470588,35.542030041969554,39.51939098796432,12.285340247447003,1.245902387364369,0.9705882352941176,nan,nan
LCMV,20,-5,surface_only,case_weighted_within_scenario,68,1,0.5990509028290644,0.6762998144042933,1.9858828310005041,57.100069901769295,51.25211620903946,nan,nan,0.4077563419390052,nan,1317.3970588235295,57.100069901769295,51.25211620903946,nan,nan,nan,0.3235294117647059,nan
LCMV,20,0,deep_only,case_weighted_within_scenario,15,1,1.0,1.0,1.244851376335905,nan,nan,0.0,0.0,1.0,0.0,1265.3333333333333,nan,nan,0.0,0.0,1.0,nan,nan
LCMV,20,0,deep_plus_surface,case_weighted_within_scenario,68,1,0.8512423539223579,0.6924516447981075,1.8896217170896155,58.253016838196,48.628188216354204,10.65512831975778,0.7709765867529876,0.9848498476872211,0.355031407749428,890.9264705882352,58.253016838196,48.628188216354204,10.65512831975778,0.7709765867529876,0.9852941176470589,nan,nan
LCMV,20,0,deep_plus_two_surface,case_weighted_within_scenario,34,1,0.8196652771013411,0.6798643434425585,1.8862150914424798,35.86665178695262,39.0789575963773,12.313348397092774,1.245902387364369,0.8959574419480839,0.2941176631926028,570.7352941176471,35.86665178695262,39.0789575963773,12.313348397092774,1.245902387364369,1.0,nan,nan
LCMV,20,0,surface_only,case_weighted_within_scenario,68,1,0.6020568678139173,0.67818419400163,1.9866003704508903,57.16817873948763,53.64175144253869,nan,nan,0.36822960349019285,nan,1345.0588235294117,57.16817873948763,53.64175144253869,nan,nan,nan,0.38235294117647056,nan
LCMV,20,5,deep_only,case_weighted_within_scenario,15,1,1.0,1.0,1.1951139482840967,nan,nan,0.0,0.0,1.0,0.0,1430.2,nan,nan,0.0,0.0,1.0,nan,nan
LCMV,20,5,deep_plus_surface,case_weighted_within_scenario,68,1,0.8519033891835507,0.6899497115423222,1.8837871619124613,58.236645650700154,50.06244547318528,10.150270643862989,0.710062831618246,0.9884013710931441,0.29411765261468636,950.1764705882352,58.236645650700154,50.06244547318528,10.150270643862989,0.710062831618246,1.0,nan,nan
LCMV,20,5,deep_plus_two_surface,case_weighted_within_scenario,34,1,0.8218246291139577,0.6805095218350031,1.8804494888979437,35.865779125509704,39.12254683398038,11.390298415596769,1.245902387364369,0.918294447550303,0.29411765261468636,672.8235294117648,35.865779125509704,39.12254683398038,11.390298415596769,1.245902387364369,1.0,nan,nan
LCMV,20,5,surface_only,case_weighted_within_scenario,68,1,0.5992052577453718,0.6715702708243806,1.9873008805057268,57.181332106169485,51.470649023719105,nan,nan,0.44601389736759556,nan,1395.5588235294117,57.181332106169485,51.470649023719105,nan,nan,nan,0.3088235294117647,nan
LCMV,20,10,deep_only,case_weighted_within_scenario,15,1,1.0,1.0,1.1022009554013006,nan,nan,0.0,0.0,1.0,0.0,1631.2666666666667,nan,nan,0.0,0.0,1.0,nan,nan
LCMV,20,10,deep_plus_surface,case_weighted_within_scenario,68,1,0.8517688409945597,0.6861509818191148,1.8726935486784018,58.00178829296362,49.13833864465003,9.24704066244825,0.14705882630734318,0.9914128280772094,0.0,1110.9705882352941,58.00178829296362,49.13833864465003,9.24704066244825,0.14705882630734318,1.0,nan,nan
LCMV,20,10,deep_plus_two_surface,case_weighted_within_scenario,34,1,0.8220570832025316,0.679465616230249,1.8728612165231713,35.125938846995304,36.67376752367477,10.495296008753442,0.5882353052293727,0.9322985401512652,0.0,785.9411764705883,35.125938846995304,36.67376752367477,10.495296008753442,0.5882353052293727,1.0,nan,nan
LCMV,20,10,surface_only,case_weighted_within_scenario,68,1,0.601331597704617,0.6716778337326353,1.9879595946703323,57.369670256014544,51.26223225740686,nan,nan,0.44762919412334323,nan,1464.3088235294117,57.369670256014544,51.26223225740686,nan,nan,nan,0.22058823529411764,nan
LCMV,20,15,deep_only,case_weighted_within_scenario,15,1,1.0,1.0,0.9355754895600051,nan,nan,0.0,0.0,1.0,0.0,1699.8,nan,nan,0.0,0.0,1.0,nan,nan
LCMV,20,15,deep_plus_surface,case_weighted_within_scenario,68,1,0.851810411971232,0.6850982413771872,1.8521642901347182,57.75731477275011,45.6873245028019,7.20803062626494,0.5630040053109028,0.9926308232641685,0.14705882630734318,1217.75,57.75731477275011,45.6873245028019,7.20803062626494,0.5630040053109028,1.0,nan,nan
LCMV,20,15,deep_plus_two_surface,case_weighted_within_scenario,34,1,0.8224375424430784,0.6813588580031577,1.8562298682007075,35.14718792887215,36.672653502487215,9.067134003147624,0.29411765261468636,0.9602191397332078,0.29411765261468636,856.4117647058823,35.14718792887215,36.672653502487215,9.067134003147624,0.29411765261468636,1.0,nan,nan
LCMV,20,15,surface_only,case_weighted_within_scenario,68,1,0.5985323435557999,0.6702884392884558,1.988569199677614,57.09132275734493,48.08041001776579,nan,nan,0.5850383583162442,nan,1474.3676470588234,57.09132275734493,48.08041001776579,nan,nan,nan,0.04411764705882353,nan
LCMV,20,20,deep_only,case_weighted_within_scenario,15,1,1.0,1.0,0.7296535496307374,nan,nan,0.0,0.0,1.0,0.0,1488.8,nan,nan,0.0,0.0,1.0,nan,nan
LCMV,20,20,deep_plus_surface,case_weighted_within_scenario,68,1,0.8522733997799399,0.690379300558923,1.820728013598763,57.04962310786628,47.810390763629336,5.250310515242418,0.0,0.9949329085467864,0.0,1209.2794117647059,57.04962310786628,47.810390763629336,5.250310515242418,0.0,1.0,nan,nan
LCMV,20,20,deep_plus_two_surface,case_weighted_within_scenario,34,1,0.8209188856487281,0.6808015615699344,1.8294335000015227,35.68203724927299,34.12083546769257,7.131629765251755,0.29411765261468636,0.972703314552474,0.29411765261468636,909.2058823529412,35.68203724927299,34.12083546769257,7.131629765251755,0.29411765261468636,1.0,nan,nan
LCMV,20,20,surface_only,case_weighted_within_scenario,68,1,0.5897004718924548,0.6676725411323101,1.9882033769602054,56.96447559792208,47.01300353824165,nan,nan,0.5596141279943958,nan,1419.6911764705883,56.96447559792208,47.01300353824165,nan,nan,nan,0.0,nan
MNE,-10,-10,deep_only,case_weighted_within_scenario,15,1,0.9079999999999999,0.9860756123535677,1.9633212469555341,nan,nan,22.72433451675387,21.813904846393445,0.8390182758895304,23.11729095455562,292.46666666666664,nan,nan,22.72433451675387,21.813904846393445,0.2,nan,nan
MNE,-10,-10,deep_plus_surface,case_weighted_within_scenario,68,1,0.8045177834662831,0.7402772104759747,1.948329325548417,78.50753228675349,75.96060442627942,23.821822321359292,24.810550826143658,0.8712676986319073,24.98671411543327,815.7058823529412,78.50753228675349,75.96060442627942,23.821822321359292,24.810550826143658,0.16176470588235295,nan,nan
MNE,-10,-10,deep_plus_two_surface,case_weighted_within_scenario,34,1,0.7776263344349957,0.6573509507153724,1.9497522232934206,53.74187620585103,60.92429023300556,24.220118006384272,25.29601947851813,0.9322012624929977,26.069943176544818,907.8823529411765,53.74187620585103,60.92429023300556,24.220118006384272,25.29601947851813,0.20588235294117646,nan,nan
MNE,-10,-10,surface_only,case_weighted_within_scenario,68,1,0.6135055962352803,0.7343922034788664,1.9409619009813832,78.09721916540185,76.52302133219109,nan,nan,0.8775330573782137,nan,844.0147058823529,78.09721916540185,76.52302133219109,nan,nan,nan,0.0,nan
MNE,-10,-5,deep_only,case_weighted_within_scenario,15,1,0.8746666666666667,0.9823482428115015,1.9557897676459963,nan,nan,22.349959607902637,23.5465572452477,0.651034848069635,22.722511887453553,174.33333333333334,nan,nan,22.349959607902637,23.5465572452477,0.2,nan,nan
MNE,-10,-5,deep_plus_surface,case_weighted_within_scenario,68,1,0.8026631067557229,0.7883651085476847,1.9325700127061276,76.09054325414897,79.30306241293081,23.34308187636326,23.4878331883575,0.6951387303056904,23.478247194696415,308.9117647058824,76.09054325414897,79.30306241293081,23.34308187636326,23.4878331883575,0.22058823529411764,nan,nan
MNE,-10,-5,deep_plus_two_surface,case_weighted_within_scenario,34,1,0.7926093859008351,0.6981064968766766,1.932379918895271,52.563727394749264,54.98419496779,23.480299433244724,23.79754015380462,0.7349029023161419,22.755012057242816,284.6764705882353,52.563727394749264,54.98419496779,23.480299433244724,23.79754015380462,0.23529411764705882,nan,nan
MNE,-10,-5,surface_only,case_weighted_within_scenario,68,1,0.6792129881750308,0.7936973761121573,1.9227615166615042,75.83390387239638,79.81826475037053,nan,nan,0.6878418329776936,nan,309.9117647058824,75.83390387239638,79.81826475037053,nan,nan,nan,0.0,nan
MNE,-10,0,deep_only,case_weighted_within_scenario,15,1,0.9100000000000001,0.9863951011714589,1.9351755214752218,nan,nan,19.73459930266179,17.69769298067352,0.6679892924458102,13.015968872343164,156.26666666666668,nan,nan,19.73459930266179,17.69769298067352,0.4666666666666667,nan,nan
MNE,-10,0,deep_plus_surface,case_weighted_within_scenario,68,1,0.8281212773013437,0.8504967425924249,1.909407792091371,72.3568009608888,75.6133329725754,22.914580828879952,23.747115309989923,0.5069365870045894,22.026265974253423,184.76470588235293,72.3568009608888,75.6133329725754,22.914580828879952,23.747115309989923,0.23529411764705882,nan,nan
MNE,-10,0,deep_plus_two_surface,case_weighted_within_scenario,34,1,0.8139510815113884,0.7523092243037571,1.9104087002699828,51.922680852843975,51.370104658698004,23.125938988867563,23.392783436725672,0.5441498245102622,21.92905820833861,173.35294117647058,51.922680852843975,51.370104658698004,23.125938988867563,23.392783436725672,0.2647058823529412,nan,nan
MNE,-10,0,surface_only,case_weighted_within_scenario,68,1,0.7526774929807711,0.8566961131937703,1.89857042756254,71.31743829845676,80.48571899133854,nan,nan,0.5088010636851038,nan,197.38235294117646,71.31743829845676,80.48571899133854,nan,nan,nan,0.0,nan
MNE,-10,5,deep_only,case_weighted_within_scenario,15,1,0.9760000000000002,0.9961838835640752,1.9026369132479592,nan,nan,17.900109552440107,13.718987174741162,0.8133168398933627,9.95213260604473,166.06666666666666,nan,nan,17.900109552440107,13.718987174741162,0.6,nan,nan
MNE,-10,5,deep_plus_surface,case_weighted_within_scenario,68,1,0.8625199508026835,0.8927838121292337,1.878508834546764,62.28120934626248,55.087705523677705,22.1602880309151,21.94935117900576,0.46237847631045037,20.776306501318416,199.75,62.28120934626248,55.087705523677705,22.1602880309151,21.94935117900576,0.3235294117647059,nan,nan
MNE,-10,5,deep_plus_two_surface,case_weighted_within_scenario,34,1,0.851149529766437,0.81164343495671,1.8790501906181358,47.59366681293966,52.504718269593745,22.27464823026294,21.368219355821005,0.5070518276182704,19.52550552779406,176.08823529411765,47.59366681293966,52.504718269593745,22.27464823026294,21.368219355821005,0.2647058823529412,nan,nan
MNE,-10,5,surface_only,case_weighted_within_scenario,68,1,0.815530990247192,0.9045530619433757,1.8632722398697008,60.36790997753407,52.45020423708693,nan,nan,0.41258131959546246,nan,196.7941176470588,60.36790997753407,52.45020423708693,nan,nan,nan,0.0,nan
MNE,-10,10,deep_only,case_weighted_within_scenario,15,1,0.9966666666666667,0.9995385161519348,1.840196363142651,nan,nan,15.697335211561386,4.942809154700574,0.9930753287478441,4.942809154700574,319.73333333333335,nan,nan,15.697335211561386,4.942809154700574,0.9333333333333333,nan,nan
MNE,-10,10,deep_plus_surface,case_weighted_within_scenario,68,1,0.891973208144406,0.926728838720067,1.8350272568356538,42.534847184324995,34.43253532551616,21.010675035534508,20.120758662012673,0.47992549470760876,18.306208089547976,254.77941176470588,42.534847184324995,34.43253532551616,21.010675035534508,20.120758662012673,0.3235294117647059,nan,nan
MNE,-10,10,deep_plus_two_surface,case_weighted_within_scenario,34,1,0.8859749342908665,0.8685264958114123,1.8348309877399853,36.746739594381694,44.6446167214759,21.38941652666381,19.00709402906372,0.5418599475592184,16.71638780078428,250.58823529411765,36.746739594381694,44.6446167214759,21.38941652666381,19.00709402906372,0.35294117647058826,nan,nan
MNE,-10,10,surface_only,case_weighted_within_scenario,68,1,0.8470386172399996,0.9300126205892425,1.8199810023570078,41.45018365211976,36.5651065830545,nan,nan,0.39802640295976666,nan,248.33823529411765,41.45018365211976,36.5651065830545,nan,nan,nan,0.0,nan
MNE,-10,15,deep_only,case_weighted_within_scenario,15,1,0.998,0.9997248846290382,1.801240424480209,nan,nan,14.873597382980856,5.885618208583778,0.9926858987206475,5.885618208583778,428.6666666666667,nan,nan,14.873597382980856,5.885618208583778,0.8666666666666667,nan,nan
MNE,-10,15,deep_plus_surface,case_weighted_within_scenario,68,1,0.9104930717796734,0.9386545182698278,1.79812206323583,27.036608597810403,20.297399536500127,19.672198941973633,16.423712421960648,0.4950866230062167,15.188661555656495,315.69117647058823,27.036608597810403,20.297399536500127,19.672198941973633,16.423712421960648,0.4852941176470588,nan,nan
MNE,-10,15,deep_plus_two_surface,case_weighted_within_scenario,34,1,0.8972653112999007,0.8849680961024422,1.7999151225933694,25.653820675377393,29.91367708153184,19.948387874682545,16.69206677754463,0.5441883389523814,15.108198031517686,357.55882352941177,25.653820675377393,29.91367708153184,19.948387874682545,16.69206677754463,0.4117647058823529,nan,nan
MNE,-10,15,surface_only,case_weighted_within_scenario,68,1,0.8574042164808673,0.9391680324122083,1.7834619190336873,25.50908719142246,17.227580176769006,nan,nan,0.37083700735556085,nan,293.70588235294116,25.50908719142246,17.227580176769006,nan,nan,nan,0.014705882352941176,nan
MNE,-10,20,deep_only,case_weighted_within_scenario,15,1,0.998,0.9997781327653532,1.795157415075724,nan,nan,14.696176422604655,5.218951493845511,0.998190716906187,5.218951493845511,404.26666666666665,nan,nan,14.696176422604655,5.218951493845511,0.8666666666666667,nan,nan
MNE,-10,20,deep_plus_surface,case_weighted_within_scenario,68,1,0.9167515333346661,0.9400396206826108,1.780767022568211,23.6715608636334,17.033620187852033,18.88715968028336,15.160347548841942,0.4860453349217913,14.704498806964008,318.1764705882353,23.6715608636334,17.033620187852033,18.88715968028336,15.160347548841942,0.5294117647058824,nan,nan
MNE,-10,20,deep_plus_two_surface,case_weighted_within_scenario,34,1,0.9010371918680211,0.8889204307452577,1.781236526953111,22.92870881851004,25.20603618339233,19.166466410392054,15.784249314860832,0.5657943937804889,15.85368106094201,385.8235294117647,22.92870881851004,25.20603618339233,19.166466410392054,15.784249314860832,0.4117647058823529,nan,nan
MNE,-10,20,surface_only,case_weighted_within_scenario,68,1,0.8599265245749992,0.9421272891821223,1.761521536871605,21.385267172411044,16.531834835809292,nan,nan,0.36439905711822496,nan,308.9117647058824,21.385267172411044,16.531834835809292,nan,nan,nan,0.07352941176470588,nan
MNE,-5,-10,deep_only,case_weighted_within_scenario,15,1,0.9786666666666667,0.9969471068512602,1.9469602938066741,nan,nan,22.294241924324727,25.202288199883387,0.9804134541883945,19.983336604027965,1199.7333333333333,nan,nan,22.294241924324727,25.202288199883387,0.3333333333333333,nan,nan
MNE,-5,-10,deep_plus_surface,case_weighted_within_scenario,68,1,0.8373514415153301,0.7880543937574851,1.9312176906448162,77.09647946791841,74.54558072201029,24.181908601777245,26.433522385652207,0.9299684358379052,25.18034334662482,1426.6029411764705,77.09647946791841,74.54558072201029,24.181908601777245,26.433522385652207,0.17647058823529413,nan,nan
MNE,-5,-10,deep_plus_two_surface,case_weighted_within_scenario,34,1,0.8065722845022453,0.6941026053054503,1.9312010990078377,52.65260518093332,56.87615314078903,24.627587239170808,25.344723986004816,0.9586800644700153,23.85060439657304,1951.6764705882354,52.65260518093332,56.87615314078903,24.627587239170808,25.344723986004816,0.29411764705882354,nan,nan
MNE,-5,-10,surface_only,case_weighted_within_scenario,68,1,0.688715176063664,0.7841141375482727,1.9211220626763275,76.05586389046643,67.1021099262292,nan,nan,0.8991806987093328,nan,1663.1764705882354,76.05586389046643,67.1021099262292,nan,nan,nan,0.0,nan
MNE,-5,-5,deep_only,case_weighted_within_scenario,15,1,0.9599999999999999,0.9950656727014554,1.9336549836281012,nan,nan,20.401244414768392,17.840348980759252,0.9103851098521456,14.336460314336858,298.93333333333334,nan,nan,20.401244414768392,17.840348980759252,0.4,nan,nan
MNE,-5,-5,deep_plus_surface,case_weighted_within_scenario,68,1,0.8617100479314441,0.8373267577743725,1.91074822137552,72.69990840401755,63.68624518471611,23.476525673163366,24.425258153988505,0.8452640012030417,24.42208316997437,729.0441176470588,72.69990840401755,63.68624518471611,23.476525673163366,24.425258153988505,0.20588235294117646,nan,nan
MNE,-5,-5,deep_plus_two_surface,case_weighted_within_scenario,34,1,0.8221710734709237,0.7386336260469645,1.9119521349506616,50.94506380323895,51.65428835165933,24.231061388548966,25.710408950788537,0.8852116379811491,25.186881072438375,936.8823529411765,50.94506380323895,51.65428835165933,24.231061388548966,25.710408950788537,0.29411764705882354,nan,nan
MNE,-5,-5,surface_only,case_weighted_within_scenario,68,1,0.7422351754268028,0.8375266502096261,1.898609150776364,71.18794793906619,55.24127245984763,nan,nan,0.7987103821873378,nan,770.1176470588235,71.18794793906619,55.24127245984763,nan,nan,nan,0.014705882352941176,nan
MNE,-5,0,deep_only,case_weighted_within_scenario,15,1,0.966,0.9948881789137379,1.9190117943853728,nan,nan,19.25060212399502,13.991114624427096,0.8327772835740415,11.587413704347293,199.26666666666668,nan,nan,19.25060212399502,13.991114624427096,0.6666666666666666,nan,nan
MNE,-5,0,deep_plus_surface,case_weighted_within_scenario,68,1,0.8618470887421852,0.876929162258607,1.8875701162585423,65.93815196136875,57.76338488210353,22.60707304588844,22.37043936651416,0.624905836724124,22.14733763794893,319.1029411764706,65.93815196136875,57.76338488210353,22.60707304588844,22.37043936651416,0.20588235294117646,nan,nan
MNE,-5,0,deep_plus_two_surface,case_weighted_within_scenario,34,1,0.8449295902090107,0.7960519065005967,1.8857160918337674,47.52843515554578,47.61549096516797,23.297554827178047,21.964159546704185,0.6877867625326646,21.37153908802552,359.61764705882354,47.52843515554578,47.61549096516797,23.297554827178047,21.964159546704185,0.23529411764705882,nan,nan
MNE,-5,0,surface_only,case_weighted_within_scenario,68,1,0.7891050407927205,0.8827037641450092,1.8743598971512547,63.26403631864471,53.78084424263927,nan,nan,0.5827361340120165,nan,291.3382352941176,63.26403631864471,53.78084424263927,nan,nan,nan,0.0,nan
MNE,-5,5,deep_only,case_weighted_within_scenario,15,1,0.9786666666666668,0.9967962371317003,1.8927951167906825,nan,nan,17.13682381541234,7.652472749674331,0.8707343940399493,6.828427380378483,208.46666666666667,nan,nan,17.13682381541234,7.652472749674331,0.7333333333333333,nan,nan
MNE,-5,5,deep_plus_surface,case_weighted_within_scenario,68,1,0.8746657096623315,0.9082458308843602,1.857351474665497,56.4484642216424,54.15506645302592,22.160608861755343,21.957864955686457,0.4589459531239617,21.56999835560532,218.4264705882353,56.4484642216424,54.15506645302592,22.160608861755343,21.957864955686457,0.22058823529411764,nan,nan
MNE,-5,5,deep_plus_two_surface,case_weighted_within_scenario,34,1,0.8660837883894509,0.8397828419706354,1.857203041473505,42.94166930039094,46.42744491779843,21.887172579605334,20.894993383572828,0.48858404124128874,18.875710100268126,203.85294117647058,42.94166930039094,46.42744491779843,21.887172579605334,20.894993383572828,0.2647058823529412,nan,nan
MNE,-5,5,surface_only,case_weighted_within_scenario,68,1,0.8237053306090948,0.9101650898417373,1.8430757494375032,54.61797292626276,47.54098613331456,nan,nan,0.42725112306441604,nan,209.0735294117647,54.61797292626276,47.54098613331456,nan,nan,nan,0.0,nan
MNE,-5,10,deep_only,case_weighted_within_scenario,15,1,0.9973333333333334,0.9995030173943912,1.832404905638215,nan,nan,15.50221585692716,6.709663657889323,0.9872809338942765,5.88561822348218,289.8,nan,nan,15.50221585692716,6.709663657889323,0.8,nan,nan
MNE,-5,10,deep_plus_surface,case_weighted_within_scenario,68,1,0.8955718964655512,0.9303316748760965,1.8231361586415544,42.56832895108486,32.19310289029356,21.25777196523279,19.855514146026096,0.4397800965991334,16.721481657765704,225.60294117647058,42.56832895108486,32.19310289029356,21.25777196523279,19.855514146026096,0.36764705882352944,nan,nan
MNE,-5,10,deep_plus_two_surface,case_weighted_within_scenario,34,1,0.8840068148649839,0.8681184519221933,1.8208720314584497,35.56701572240999,34.8595375504284,21.08614946827214,18.14536825193731,0.49802802124919304,16.328206061055454,225.76470588235293,35.56701572240999,34.8595375504284,21.08614946827214,18.14536825193731,0.35294117647058826,nan,nan
MNE,-5,10,surface_only,case_weighted_within_scenario,68,1,0.8474116739578673,0.9300358054302461,1.8058380332565616,40.582991370453485,32.024835317991176,nan,nan,0.35721667362381915,nan,227.3235294117647,40.582991370453485,32.024835317991176,nan,nan,nan,0.0,nan
MNE,-5,15,deep_only,case_weighted_within_scenario,15,1,0.9966666666666666,0.9997603833865815,1.8002797406714839,nan,nan,14.730059299094803,6.552285003331742,0.9909729649095593,6.552285003331742,411.8666666666667,nan,nan,14.730059299094803,6.552285003331742,0.8,nan,nan
MNE,-5,15,deep_plus_surface,case_weighted_within_scenario,68,1,0.9085227104205666,0.937822057523319,1.7903135763569082,27.85073290564075,17.816999529283468,19.717006691151873,15.99105395517985,0.45538620454905354,15.272949271894413,271.4117647058824,27.85073290564075,17.816999529283468,19.717006691151873,15.99105395517985,0.4411764705882353,nan,nan
MNE,-5,15,deep_plus_two_surface,case_weighted_within_scenario,34,1,0.8964715078974002,0.8844852211200729,1.7895164727747754,26.27108707258519,30.689431341645747,20.269825578138974,15.831933289237115,0.5238209203647657,15.947992448557283,320.5,26.27108707258519,30.689431341645747,20.269825578138974,15.831933289237115,0.4117647058823529,nan,nan
MNE,-5,15,surface_only,case_weighted_within_scenario,68,1,0.8597490330820647,0.940075843856644,1.7750059208912299,26.58569561736085,18.374275556117126,nan,nan,0.3492246505494863,nan,271.72058823529414,26.58569561736085,18.374275556117126,nan,nan,nan,0.058823529411764705,nan
MNE,-5,20,deep_only,case_weighted_within_scenario,15,1,0.9966666666666666,0.9997781327653532,1.7790298972839291,nan,nan,14.340577720988211,7.771236349773452,0.9965406169164779,7.771236349773452,405.06666666666666,nan,nan,14.340577720988211,7.771236349773452,0.6666666666666666,nan,nan
MNE,-5,20,deep_plus_surface,case_weighted_within_scenario,68,1,0.9163135523948174,0.9406697963002791,1.7787732251984727,23.179908435523608,16.990281949208324,18.879360391169612,14.395285168196446,0.4666246349936815,14.10444319071376,295.8382352941176,23.179908435523608,16.990281949208324,18.879360391169612,14.395285168196446,0.5,nan,nan
MNE,-5,20,deep_plus_two_surface,case_weighted_within_scenario,34,1,0.9013422380756209,0.8904619300734762,1.7766739416504371,22.26232491744766,25.546653081273615,19.23855496374569,16.170538652252812,0.5461944083646916,15.404200011522716,326.3529411764706,22.26232491744766,25.546653081273615,19.23855496374569,16.170538652252812,0.4117647058823529,nan,nan
MNE,-5,20,surface_only,case_weighted_within_scenario,68,1,0.8624841300533492,0.9428200330474691,1.7569182891817758,20.95780049158455,17.17376761036904,nan,nan,0.3373060531887216,nan,280.4852941176471,20.95780049158455,17.17376761036904,nan,nan,nan,0.07352941176470588,nan
MNE,0,-10,deep_only,case_weighted_within_scenario,15,1,0.9846666666666668,0.9951899183528577,1.945706010195639,nan,nan,22.106207484954872,22.568180624058893,0.9921909889256184,19.86589802705225,2250.133333333333,nan,nan,22.106207484954872,22.568180624058893,0.26666666666666666,nan,nan
MNE,0,-10,deep_plus_surface,case_weighted_within_scenario,68,1,0.8299190558821852,0.817408787425411,1.9092206206627442,73.75252135604174,56.953483567284536,24.734759942899927,26.577065645642108,0.7713063608020336,25.349634293888556,1599.3235294117646,73.75252135604174,56.953483567284536,24.734759942899927,26.577065645642108,0.17647058823529413,nan,nan
MNE,0,-10,deep_plus_two_surface,case_weighted_within_scenario,34,1,0.8120435604814004,0.7242189821706265,1.9104046937638268,51.864099381673626,55.17810432115176,25.09106297304588,25.823976053752627,0.7528927482688891,24.647505448138332,1484.1470588235295,51.864099381673626,55.17810432115176,25.09106297304588,25.823976053752627,0.23529411764705882,nan,nan
MNE,0,-10,surface_only,case_weighted_within_scenario,68,1,0.724954655545176,0.8122884853962598,1.8940611456625527,72.6930493876908,62.24431908123785,nan,nan,0.7463945925635574,nan,1520.8676470588234,72.6930493876908,62.24431908123785,nan,nan,nan,0.0,nan
MNE,0,-5,deep_only,case_weighted_within_scenario,15,1,0.9966666666666666,0.9992900248491303,1.9096594141812713,nan,nan,20.092569500051297,19.419877502533698,0.9995201065688126,12.47008850821245,1056.2666666666667,nan,nan,20.092569500051297,19.419877502533698,0.5333333333333333,nan,nan
MNE,0,-5,deep_plus_surface,case_weighted_within_scenario,68,1,0.8815644413296858,0.8806678446270091,1.8838785794214274,65.73567943334055,46.19527129673639,23.919232622196347,26.210000997578714,0.8042464208090672,25.71899903413107,1238.9705882352941,65.73567943334055,46.19527129673639,23.919232622196347,26.210000997578714,0.19117647058823528,nan,nan
MNE,0,-5,deep_plus_two_surface,case_weighted_within_scenario,34,1,0.8519778594084796,0.7855033832129101,1.8833293946363998,48.04788689415368,45.503807605796865,24.768839058435706,26.302524254444837,0.8605363187207189,25.38396376504913,1538.5588235294117,48.04788689415368,45.503807605796865,24.768839058435706,26.302524254444837,0.2647058823529412,nan,nan
MNE,0,-5,surface_only,case_weighted_within_scenario,68,1,0.801969644409975,0.8813910010418602,1.867092066461575,64.46534770496412,44.50418554983401,nan,nan,0.782007357877065,nan,1218.0441176470588,64.46534770496412,44.50418554983401,nan,nan,nan,0.0,nan
MNE,0,0,deep_only,case_weighted_within_scenario,15,1,0.9900000000000002,0.9986599219027334,1.8949528453772877,nan,nan,18.65462115006285,13.718987208024997,0.9940278135678244,8.688409596064709,365.3333333333333,nan,nan,18.65462115006285,13.718987208024997,0.6666666666666666,nan,nan
MNE,0,0,deep_plus_surface,case_weighted_within_scenario,68,1,0.8975911798876666,0.9087365950288996,1.8565522644597696,53.77811247976303,41.43462675364314,23.058160156735894,23.550597543178093,0.7269503649553691,22.6438132077616,474.04411764705884,53.77811247976303,41.43462675364314,23.058160156735894,23.550597543178093,0.2647058823529412,nan,nan
MNE,0,0,deep_plus_two_surface,case_weighted_within_scenario,34,1,0.8749449075697462,0.8323502331904272,1.8542626690539026,41.72998882179324,38.768183351668384,23.151243228551902,23.077824005688022,0.7629438918986822,21.930055975415655,796.9411764705883,41.72998882179324,38.768183351668384,23.151243228551902,23.077824005688022,0.2647058823529412,nan,nan
MNE,0,0,surface_only,case_weighted_within_scenario,68,1,0.828198852536404,0.9090846959651777,1.8380576719488015,51.100192886229514,38.34304532854762,nan,nan,0.6558781760823198,nan,499.22058823529414,51.100192886229514,38.34304532854762,nan,nan,nan,0.014705882352941176,nan
MNE,0,5,deep_only,case_weighted_within_scenario,15,1,0.9900000000000002,0.9991214057507987,1.864181369158763,nan,nan,16.253981442140223,6.552284966880222,0.9707186101959454,6.552284966880222,263.26666666666665,nan,nan,16.253981442140223,6.552284966880222,0.8666666666666667,nan,nan
MNE,0,5,deep_plus_surface,case_weighted_within_scenario,68,1,0.8971168965224797,0.9254690341919104,1.8272576594818712,43.89626235172267,35.147831093208644,21.749043794893897,21.895268202924647,0.48885516450349054,21.130942231946875,266.54411764705884,43.89626235172267,35.147831093208644,21.749043794893897,21.895268202924647,0.29411764705882354,nan,nan
MNE,0,5,deep_plus_two_surface,case_weighted_within_scenario,34,1,0.8825937638009024,0.8601891352178065,1.8247065793186543,34.46989693382707,37.71673011925962,22.04144945104943,18.981805670190383,0.564566371677065,18.370022552496255,326.61764705882354,34.46989693382707,37.71673011925962,22.04144945104943,18.981805670190383,0.3235294117647059,nan,nan
MNE,0,5,surface_only,case_weighted_within_scenario,68,1,0.8433872460500726,0.9251129572136865,1.8080716615979013,41.82337912846108,34.63302854058235,nan,nan,0.45282574760400557,nan,280.38235294117646,41.82337912846108,34.63302854058235,nan,nan,nan,0.014705882352941176,nan
MNE,0,10,deep_only,case_weighted_within_scenario,15,1,0.9966666666666667,0.9994941427050054,1.8331812383870594,nan,nan,15.256343849704756,4.942809154700574,0.9623391240169377,4.942809154700574,295.1333333333333,nan,nan,15.256343849704756,4.942809154700574,0.9333333333333333,nan,nan
MNE,0,10,deep_plus_surface,case_weighted_within_scenario,68,1,0.9003748138706642,0.9342495991860457,1.7983480051888145,35.65033462416784,24.88985095303812,20.478874371598433,19.51620402701542,0.4143670624666605,16.508298303720895,232.44117647058823,35.65033462416784,24.88985095303812,20.478874371598433,19.51620402701542,0.39705882352941174,nan,nan
MNE,0,10,deep_plus_two_surface,case_weighted_within_scenario,34,1,0.894606133728197,0.8820206950377025,1.7963464699621294,28.908342114740563,34.7353114974954,20.83927524964659,17.161311670406178,0.4531610887816281,16.38831230901035,219.41176470588235,28.908342114740563,34.7353114974954,20.83927524964659,17.161311670406178,0.3235294117647059,nan,nan
MNE,0,10,surface_only,case_weighted_within_scenario,68,1,0.8584366234805882,0.9377850721943989,1.7789052551020073,33.735111563468045,25.64224385218802,nan,nan,0.3312419981904342,nan,227.9264705882353,33.735111563468045,25.64224385218802,nan,nan,nan,0.014705882352941176,nan
MNE,0,15,deep_only,case_weighted_within_scenario,15,1,0.9973333333333334,0.9997692580759675,1.7987171376738862,nan,nan,14.624244710953283,5.609475833960531,0.9937322252775072,5.609475833960531,418.93333333333334,nan,nan,14.624244710953283,5.609475833960531,0.8666666666666667,nan,nan
MNE,0,15,deep_plus_surface,case_weighted_within_scenario,68,1,0.9116729333858598,0.9387882356037952,1.7792462314509145,26.896365619951023,18.538367895055508,19.345991557059946,15.161629858417072,0.4223788903117722,14.677614736174968,239.58823529411765,26.896365619951023,18.538367895055508,19.345991557059946,15.161629858417072,0.4852941176470588,nan,nan
MNE,0,15,deep_plus_two_surface,case_weighted_within_scenario,34,1,0.9024864921960841,0.895610334075735,1.7704370531407871,24.105638476978555,28.17120790199857,19.509313486197797,16.300857192878947,0.46076548398334954,14.824455724005977,237.5,24.105638476978555,28.17120790199857,19.509313486197797,16.300857192878947,0.4411764705882353,nan,nan
MNE,0,15,surface_only,case_weighted_within_scenario,68,1,0.8664850579759215,0.9458994174966099,1.7479703900210455,24.9639870591724,19.279185863213677,nan,nan,0.29998270360360885,nan,233.64705882352942,24.9639870591724,19.279185863213677,nan,nan,nan,0.04411764705882353,nan
MNE,0,20,deep_only,case_weighted_within_scenario,15,1,0.998,0.9997515086971958,1.7754764653718171,nan,nan,14.31569453298145,8.185278129092266,0.9994842547122862,8.185278129092266,382.3333333333333,nan,nan,14.31569453298145,8.185278129092266,0.7333333333333333,nan,nan
MNE,0,20,deep_plus_surface,case_weighted_within_scenario,68,1,0.9175110686494375,0.9418669765295543,1.7668910297935438,22.258980039339306,18.58068653366801,18.980227817402977,15.51187213053201,0.4438899864572946,14.247522731064377,255.27941176470588,22.258980039339306,18.58068653366801,18.980227817402977,15.51187213053201,0.5,nan,nan
MNE,0,20,deep_plus_two_surface,case_weighted_within_scenario,34,1,0.905405558829786,0.8953261614901873,1.7667636010818362,22.174679468520186,24.1326330438051,18.59831156834901,13.841915720531501,0.5136623245563736,13.498344750157298,305.6470588235294,22.174679468520186,24.1326330438051,18.59831156834901,13.841915720531501,0.4411764705882353,nan,nan
MNE,0,20,surface_only,case_weighted_within_scenario,68,1,0.8625682877710081,0.9437630729312206,1.7505136007618545,20.767022864355624,16.79182958764805,nan,nan,0.31623912709300916,nan,248.11764705882354,20.767022864355624,16.79182958764805,nan,nan,nan,0.11764705882352941,nan
MNE,5,-10,deep_only,case_weighted_within_scenario,15,1,0.9553333333333334,0.9910898118565851,1.940571158529452,nan,nan,20.601519163414153,18.841725005235062,0.9281790594769334,16.347286633969066,1491.1333333333334,nan,nan,20.601519163414153,18.841725005235062,0.3333333333333333,nan,nan
MNE,5,-10,deep_plus_surface,case_weighted_within_scenario,68,1,0.8163630006551874,0.8382539036919111,1.8808348029564832,66.29615826702172,46.51476530284437,24.37424614804082,25.601967789256054,0.5572171933780921,23.945152084414893,1064.6029411764705,66.29615826702172,46.51476530284437,24.37424614804082,25.601967789256054,0.16176470588235295,nan,nan
MNE,5,-10,deep_plus_two_surface,case_weighted_within_scenario,34,1,0.8265857636215135,0.7682167280489157,1.8790426541952794,46.871231892474526,44.38591225701231,24.2416781158347,25.104297681977908,0.5503223165837118,22.818209676941017,1013.5588235294117,46.871231892474526,44.38591225701231,24.2416781158347,25.104297681977908,0.23529411764705882,nan,nan
MNE,5,-10,surface_only,case_weighted_within_scenario,68,1,0.7604323900226051,0.8453872381920627,1.8589487063293137,62.99458641099339,44.86952803528869,nan,nan,0.5223926207613923,nan,955.1029411764706,62.99458641099339,44.86952803528869,nan,nan,nan,0.0,nan
MNE,5,-5,deep_only,case_weighted_within_scenario,15,1,0.998,0.9995118920837771,1.9040405830492197,nan,nan,18.948382589475138,17.995377310933314,0.9989793559470802,11.083315754007002,1626.6666666666667,nan,nan,18.948382589475138,17.995377310933314,0.4666666666666667,nan,nan
MNE,5,-5,deep_plus_surface,case_weighted_within_scenario,68,1,0.8755237948852764,0.8926563011993549,1.8540780127882244,57.20698487613618,35.92433608225475,23.941715800057946,25.654134848772433,0.6640187964816024,24.114956696064194,1176.6911764705883,57.20698487613618,35.92433608225475,23.941715800057946,25.654134848772433,0.20588235294117646,nan,nan
MNE,5,-5,deep_plus_two_surface,case_weighted_within_scenario,34,1,0.8517066910406398,0.8012448182138412,1.855031586859495,42.72474984307214,37.39835082145904,24.034099617338665,20.83067708054947,0.6295568135419239,19.93649126962263,967.5294117647059,42.72474984307214,37.39835082145904,24.034099617338665,20.83067708054947,0.29411764705882354,nan,nan
MNE,5,-5,surface_only,case_weighted_within_scenario,68,1,0.8156760543232812,0.8934958722669668,1.8286161700854462,54.41264817189306,30.648285251113133,nan,nan,0.5847063991653829,nan,1055.3529411764705,54.41264817189306,30.648285251113133,nan,nan,nan,0.0,nan
MNE,5,0,deep_only,case_weighted_within_scenario,15,1,0.9993333333333333,0.9998491302804403,1.8556920370470815,nan,nan,16.99597770965043,4.942809299702703,1.0,4.942809299702703,814.1333333333333,nan,nan,16.99597770965043,4.942809299702703,0.8666666666666667,nan,nan
MNE,5,0,deep_plus_surface,case_weighted_within_scenario,68,1,0.9113949669797237,0.9273350266112336,1.8207756491959144,43.5099567956154,25.422870827672806,22.911222945953934,22.493632337258987,0.6573685878232896,21.477031746240847,726.9558823529412,43.5099567956154,25.422870827672806,22.911222945953934,22.493632337258987,0.27941176470588236,nan,nan
MNE,5,0,deep_plus_two_surface,case_weighted_within_scenario,34,1,0.8900987270253861,0.8565911810944348,1.8217081307113856,34.02696304063377,30.908989022453937,23.361458705005138,22.708887895892406,0.680303515306239,20.815636810807863,863.6764705882352,34.02696304063377,30.908989022453937,23.361458705005138,22.708887895892406,0.3235294117647059,nan,nan
MNE,5,0,surface_only,case_weighted_within_scenario,68,1,0.8541831512708111,0.9269671898961207,1.796303785579532,40.950571284189884,22.13895443121622,nan,nan,0.6000413630527003,nan,736.1323529411765,40.950571284189884,22.13895443121622,nan,nan,nan,0.029411764705882353,nan
MNE,5,5,deep_only,case_weighted_within_scenario,15,1,0.9986666666666667,0.9996893858714945,1.8370902374220697,nan,nan,15.934234055639058,7.706985590661627,0.9983501772984137,7.2189516940933975,363.6,nan,nan,15.934234055639058,7.706985590661627,0.8,nan,nan
MNE,5,5,deep_plus_surface,case_weighted_within_scenario,68,1,0.9172091421087774,0.9375809687607009,1.7931280411953285,32.34492530982779,22.95136864407161,21.52707979959561,21.349440718986614,0.5434929759375587,17.2747841067817,370.63235294117646,32.34492530982779,22.95136864407161,21.52707979959561,21.349440718986614,0.38235294117647056,nan,nan
MNE,5,5,deep_plus_two_surface,case_weighted_within_scenario,34,1,0.9015058742609401,0.884745353697433,1.7881506588047666,25.850459393751166,29.63119348186985,22.18070047479325,21.704703054012786,0.6073366151074887,20.826855247532134,471.47058823529414,25.850459393751166,29.63119348186985,22.18070047479325,21.704703054012786,0.29411764705882354,nan,nan
MNE,5,5,surface_only,case_weighted_within_scenario,68,1,0.862966279987365,0.9389812470012574,1.770080524468635,29.709983554429094,26.063252133649126,nan,nan,0.47136606043440743,nan,347.0147058823529,29.709983554429094,26.063252133649126,nan,nan,nan,0.029411764705882353,nan
MNE,5,10,deep_only,case_weighted_within_scenario,15,1,0.9946666666666667,0.9995473908413205,1.8231427307358865,nan,nan,15.342934587392184,8.097509741908523,0.9653590892145459,8.097509741908523,311.46666666666664,nan,nan,15.342934587392184,8.097509741908523,0.8,nan,nan
MNE,5,10,deep_plus_surface,case_weighted_within_scenario,68,1,0.920210233335364,0.9433432312364317,1.7693248174026246,26.528662498958653,22.419077834428467,19.776215888241236,17.223302513713232,0.4379697959840101,12.83327335117491,252.73529411764707,26.528662498958653,22.419077834428467,19.776215888241236,17.223302513713232,0.5441176470588235,nan,nan
MNE,5,10,deep_plus_two_surface,case_weighted_within_scenario,34,1,0.9032692575694699,0.8937888230730442,1.765964577696709,22.030289066108363,27.800958732039078,20.21296014603163,18.12000961605525,0.46716847951638774,17.220620607664085,290.9117647058824,22.030289066108363,27.800958732039078,20.21296014603163,18.12000961605525,0.38235294117647056,nan,nan
MNE,5,10,surface_only,case_weighted_within_scenario,68,1,0.8700055514702826,0.9477127038883255,1.74466344619924,24.45962161823838,19.358671540490086,nan,nan,0.31744623561012303,nan,237.26470588235293,24.45962161823838,19.358671540490086,nan,nan,nan,0.07352941176470588,nan
MNE,5,15,deep_only,case_weighted_within_scenario,15,1,0.9966666666666667,0.9997781327653532,1.7882748604492098,nan,nan,14.370199664372503,7.609475972330003,0.9751352945864358,7.609475972330003,304.93333333333334,nan,nan,14.370199664372503,7.609475972330003,0.8666666666666667,nan,nan
MNE,5,15,deep_plus_surface,case_weighted_within_scenario,68,1,0.9180038891171158,0.9464536311601508,1.7550274090338935,23.051235557801732,18.8257792926218,18.847331887649627,14.620001051254846,0.38629382314364935,13.244693432889434,228.1764705882353,23.051235557801732,18.8257792926218,18.847331887649627,14.620001051254846,0.5441176470588235,nan,nan
MNE,5,15,deep_plus_two_surface,case_weighted_within_scenario,34,1,0.9048238327249211,0.89842428008823,1.7545541396490114,19.66049400870452,27.089809589502266,19.685542896471965,16.450400990125825,0.3989232403673093,15.122702232040119,216.88235294117646,19.66049400870452,27.089809589502266,19.685542896471965,16.450400990125825,0.4411764705882353,nan,nan
MNE,5,15,surface_only,case_weighted_within_scenario,68,1,0.8666294793619107,0.9456214740929776,1.7288278606755585,21.721739662623886,18.942223922879823,nan,nan,0.2798891102163301,nan,218.8235294117647,21.721739662623886,18.942223922879823,nan,nan,nan,0.14705882352941177,nan
MNE,5,20,deep_only,case_weighted_within_scenario,15,1,0.9966666666666667,0.9996538871139511,1.7790564016393906,nan,nan,14.369294616886005,8.43790305543351,0.988719869124699,8.43790305543351,395.8666666666667,nan,nan,14.369294616886005,8.43790305543351,0.6666666666666666,nan,nan
MNE,5,20,deep_plus_surface,case_weighted_within_scenario,68,1,0.9214765036473206,0.9463100729487929,1.752033382805668,20.80976099153707,16.562014773961227,18.081363567107594,12.478541037430018,0.3884687704461832,12.093981406704291,224.22058823529412,20.80976099153707,16.562014773961227,18.081363567107594,12.478541037430018,0.5294117647058824,nan,nan
MNE,5,20,deep_plus_two_surface,case_weighted_within_scenario,34,1,0.9077792931313874,0.9010494930447255,1.7491995734006471,19.693966807336817,25.82427086327945,18.78206381646243,15.638162197352491,0.4566045350735366,14.848292246795516,225.47058823529412,19.693966807336817,25.82427086327945,18.78206381646243,15.638162197352491,0.4117647058823529,nan,nan
MNE,5,20,surface_only,case_weighted_within_scenario,68,1,0.865116647012314,0.9454393641439459,1.7274815782270208,19.885389609683916,17.318506607035903,nan,nan,0.2722509668607478,nan,213.61764705882354,19.885389609683916,17.318506607035903,nan,nan,nan,0.17647058823529413,nan
MNE,10,-10,deep_only,case_weighted_within_scenario,15,1,0.9566666666666666,0.9905307064252751,1.9302602617857407,nan,nan,17.334954366216323,12.519514921959468,0.8701298778230964,10.5740276397428,1118.8,nan,nan,17.334954366216323,12.519514921959468,0.5333333333333333,nan,nan
MNE,10,-10,deep_plus_surface,case_weighted_within_scenario,68,1,0.8263299287916973,0.8752113194618466,1.8446921789553545,48.326875324100094,31.525984560939218,23.4014251539375,21.28462944839859,0.39732715933688223,20.770492933730104,710.1029411764706,48.326875324100094,31.525984560939218,23.4014251539375,21.28462944839859,0.25,nan,nan
MNE,10,-10,deep_plus_two_surface,case_weighted_within_scenario,34,1,0.8381237791823815,0.8010722971253974,1.8403873218535318,36.63239053139316,34.59864320118475,23.44533210893461,21.063378305431144,0.37965569195038956,20.512348741560892,690.5294117647059,36.63239053139316,34.59864320118475,23.44533210893461,21.063378305431144,0.29411764705882354,nan,nan
MNE,10,-10,surface_only,case_weighted_within_scenario,68,1,0.7975134287889196,0.8843018424705444,1.8138229324731807,45.3824647463503,30.93444985643204,nan,nan,0.34521465895107556,nan,654.4411764705883,45.3824647463503,30.93444985643204,nan,nan,nan,0.029411764705882353,nan
MNE,10,-5,deep_only,case_weighted_within_scenario,15,1,0.9913333333333335,0.9986865459708908,1.9063625970811182,nan,nan,16.822854369547358,12.519514931920945,0.9538395955430319,9.473839970487129,1121.9333333333334,nan,nan,16.822854369547358,12.519514931920945,0.6,nan,nan
MNE,10,-5,deep_plus_surface,case_weighted_within_scenario,68,1,0.8647056264165571,0.9046036175067145,1.823017604457082,43.50797684546198,26.228705503211994,23.179112670717732,22.419041437357787,0.46348612116927534,21.238469437795864,786.4852941176471,43.50797684546198,26.228705503211994,23.179112670717732,22.419041437357787,0.25,nan,nan
MNE,10,-5,deep_plus_two_surface,case_weighted_within_scenario,34,1,0.859450620722322,0.8285623127368058,1.8184204529088017,32.71556229712942,33.76306599448641,22.882068285730806,19.75821276798057,0.4326615145732118,19.008374019483682,650.4705882352941,32.71556229712942,33.76306599448641,22.882068285730806,19.75821276798057,0.3235294117647059,nan,nan
MNE,10,-5,surface_only,case_weighted_within_scenario,68,1,0.8289961453446866,0.9087418253789037,1.789025200550858,39.900344307100156,24.57849641760648,nan,nan,0.3883949584026551,nan,685.6470588235294,39.900344307100156,24.57849641760648,nan,nan,nan,0.0,nan
MNE,10,0,deep_only,case_weighted_within_scenario,15,1,0.9993333333333333,0.9997870074547391,1.853621214939136,nan,nan,15.69852175635514,10.140506673723696,0.9944797027927427,9.31646131592955,670.0666666666667,nan,nan,15.69852175635514,10.140506673723696,0.6,nan,nan
MNE,10,0,deep_plus_surface,case_weighted_within_scenario,68,1,0.9068946765070939,0.9308911079083435,1.7886545772568065,34.27772799523,16.6516921673774,22.313368592432344,21.761170518855426,0.5066603798551861,18.94224504963808,709.6323529411765,34.27772799523,16.6516921673774,22.313368592432344,21.761170518855426,0.27941176470588236,nan,nan
MNE,10,0,deep_plus_two_surface,case_weighted_within_scenario,34,1,0.8859664466562688,0.860988618739577,1.7885154434884556,26.891256842347577,25.111175665755432,22.438395659481774,21.918008580748154,0.5241398864772833,19.83554441952909,607.4705882352941,26.891256842347577,25.111175665755432,22.438395659481774,21.918008580748154,0.3235294117647059,nan,nan
MNE,10,0,surface_only,case_weighted_within_scenario,68,1,0.8598044925383275,0.9326944947832095,1.7566316425294293,32.05492739420552,15.258020802420466,nan,nan,0.42265844755392,nan,679.2058823529412,32.05492739420552,15.258020802420466,nan,nan,nan,0.029411764705882353,nan
MNE,10,5,deep_only,case_weighted_within_scenario,15,1,0.9993333333333333,0.9999290024849131,1.7840422457812153,nan,nan,14.737540387782351,5.218951605936819,1.0,5.218951605936819,345.53333333333336,nan,nan,14.737540387782351,5.218951605936819,0.8666666666666667,nan,nan
MNE,10,5,deep_plus_surface,case_weighted_within_scenario,68,1,0.9283413706389164,0.9470525932821635,1.7565248749488613,25.161993479989967,13.760467457333764,20.731622252805504,19.33749018980799,0.5302167334386657,16.367350056547792,394.61764705882354,25.161993479989967,13.760467457333764,20.731622252805504,19.33749018980799,0.38235294117647056,nan,nan
MNE,10,5,deep_plus_two_surface,case_weighted_within_scenario,34,1,0.9093043872932258,0.8936101017099212,1.7548767572018418,21.155680064916083,18.183359348677644,21.441948886720603,20.573914916258147,0.5724245792334112,19.81994084911925,472.52941176470586,21.155680064916083,18.183359348677644,21.441948886720603,20.573914916258147,0.29411764705882354,nan,nan
MNE,10,5,surface_only,case_weighted_within_scenario,68,1,0.8744836891178741,0.9471727444279481,1.7253580141753733,22.82244035897233,12.877699220801155,nan,nan,0.4150578536486473,nan,371.77941176470586,22.82244035897233,12.877699220801155,nan,nan,nan,0.029411764705882353,nan
MNE,10,10,deep_only,case_weighted_within_scenario,15,1,0.998,0.9998402555910545,1.775409113462704,nan,nan,14.510772450485414,5.6094758865969165,0.9949701344160367,5.6094758865969165,278.53333333333336,nan,nan,14.510772450485414,5.6094758865969165,0.8666666666666667,nan,nan
MNE,10,10,deep_plus_surface,case_weighted_within_scenario,68,1,0.9333796254327738,0.9495650415199646,1.7373236613703125,21.279631495650094,16.154200551304886,19.201035643233997,15.931984640079534,0.46849263280888265,14.405356420843312,289.13235294117646,21.279631495650094,16.154200551304886,19.201035643233997,15.931984640079534,0.5441176470588235,nan,nan
MNE,10,10,deep_plus_two_surface,case_weighted_within_scenario,34,1,0.9157104697394786,0.9059692924201814,1.733729437358969,18.733385755359205,18.962290010078362,20.321522554506352,15.619407225462158,0.5071115023571944,15.088129829197548,333.97058823529414,18.733385755359205,18.962290010078362,20.321522554506352,15.619407225462158,0.38235294117647056,nan,nan
MNE,10,10,surface_only,case_weighted_within_scenario,68,1,0.8723444814247762,0.9489762998779332,1.7104683081175143,19.67419357413376,14.985026446473281,nan,nan,0.3210610657863645,nan,269.45588235294116,19.67419357413376,14.985026446473281,nan,nan,nan,0.04411764705882353,nan
MNE,10,15,deep_only,case_weighted_within_scenario,15,1,0.9966666666666667,0.9997870074547391,1.772746299466788,nan,nan,14.39881592905878,7.040318810812065,0.9801203811550767,7.040318810812065,264.26666666666665,nan,nan,14.39881592905878,7.040318810812065,0.8,nan,nan
MNE,10,15,deep_plus_surface,case_weighted_within_scenario,68,1,0.9288666421179903,0.9484178555188917,1.7303208535465049,20.042489249490288,17.51946470107862,18.13988474583411,13.216465064430512,0.39914507885644757,12.222138201806652,231.22058823529412,20.042489249490288,17.51946470107862,18.13988474583411,13.216465064430512,0.6029411764705882,nan,nan
MNE,10,15,deep_plus_two_surface,case_weighted_within_scenario,34,1,0.9123126708988188,0.9046741048026979,1.728204025884283,18.265622426823537,22.55895808344599,19.142922866467785,15.906076912006935,0.4485335000273688,13.19032436447306,256.2352941176471,18.265622426823537,22.55895808344599,19.142922866467785,15.906076912006935,0.5294117647058824,nan,nan
MNE,10,15,surface_only,case_weighted_within_scenario,68,1,0.8741695974336068,0.9528425386732334,1.7024939056884905,18.88754762662075,15.080962102443989,nan,nan,0.26364166693095026,nan,220.35294117647058,18.88754762662075,15.080962102443989,nan,nan,nan,0.14705882352941177,nan
MNE,10,20,deep_only,case_weighted_within_scenario,15,1,0.9953333333333334,0.9997603833865815,1.762401904908694,nan,nan,14.573951506886827,7.218951670116788,0.9791508490279706,7.218951670116788,287.0,nan,nan,14.573951506886827,7.218951670116788,0.8,nan,nan
MNE,10,20,deep_plus_surface,case_weighted_within_scenario,68,1,0.9250694517098803,0.948235921357723,1.7314247661603996,19.341934970355563,16.86410077652372,17.8816013763191,13.124805946490717,0.3679300407767117,12.977747120183373,210.94117647058823,19.341934970355563,16.86410077652372,17.8816013763191,13.124805946490717,0.5147058823529411,nan,nan
MNE,10,20,deep_plus_two_surface,case_weighted_within_scenario,34,1,0.911466296101633,0.9070296795281546,1.729789280866271,17.797180513103697,22.587360934048426,18.537123907365856,13.760175477775316,0.4065037595566823,13.344230295297386,204.02941176470588,17.797180513103697,22.587360934048426,18.537123907365856,13.760175477775316,0.5,nan,nan
MNE,10,20,surface_only,case_weighted_within_scenario,68,1,0.8719293711072436,0.9501137214472513,1.705236941632549,18.825049999034466,16.56076098855195,nan,nan,0.24099953556923198,nan,207.44117647058823,18.825049999034466,16.56076098855195,nan,nan,nan,0.20588235294117646,nan
MNE,15,-10,deep_only,case_weighted_within_scenario,15,1,0.9720000000000001,0.9947106851260205,1.9128011736252362,nan,nan,15.417823180162804,9.083315632795602,0.8711300873734832,9.083315632795602,797.4,nan,nan,15.417823180162804,9.083315632795602,0.6,nan,nan
MNE,15,-10,deep_plus_surface,case_weighted_within_scenario,68,1,0.8479240812771591,0.9034351246735552,1.8075644674913522,33.42828819572759,23.688483908827287,22.171886858011508,19.637730626678806,0.318653967978098,17.826893010453908,577.2941176470588,33.42828819572759,23.688483908827287,22.171886858011508,19.637730626678806,0.27941176470588236,nan,nan
MNE,15,-10,deep_plus_two_surface,case_weighted_within_scenario,34,1,0.8536546023496249,0.834432786966143,1.8016241482922448,24.885797298842736,27.2862651818173,21.913669369901637,19.967557835927558,0.31476832884861594,17.85952827831478,514.1470588235294,24.885797298842736,27.2862651818173,21.913669369901637,19.967557835927558,0.3235294117647059,nan,nan
MNE,15,-10,surface_only,case_weighted_within_scenario,68,1,0.8262348752538106,0.9142687799469524,1.767207572468133,31.32946664303948,24.00920918503041,nan,nan,0.24778016066851935,nan,536.2058823529412,31.32946664303948,24.00920918503041,nan,nan,nan,0.10294117647058823,nan
MNE,15,-5,deep_only,case_weighted_within_scenario,15,1,0.9900000000000001,0.9982605608803693,1.8940111484232822,nan,nan,14.540093425811284,9.473839970487129,0.9141939814921298,9.473839970487129,598.8,nan,nan,14.540093425811284,9.473839970487129,0.6,nan,nan
MNE,15,-5,deep_plus_surface,case_weighted_within_scenario,68,1,0.8753664234830982,0.9163537504499911,1.7898544323241545,31.30813447969039,21.257878336626884,21.558846578943005,21.352604602207215,0.36424791834073506,18.922405223868072,523.5147058823529,31.30813447969039,21.257878336626884,21.558846578943005,21.352604602207215,0.27941176470588236,nan,nan
MNE,15,-5,deep_plus_two_surface,case_weighted_within_scenario,34,1,0.8700290432254438,0.8512339269689707,1.7843306328509136,23.467989003744417,23.778218973186227,21.758069740449617,18.69493099541812,0.33526498172085384,17.254054583339073,413.7647058823529,23.467989003744417,23.778218973186227,21.758069740449617,18.69493099541812,0.35294117647058826,nan,nan
MNE,15,-5,surface_only,case_weighted_within_scenario,68,1,0.8397036708117508,0.922671120160314,1.7516248081439874,29.037092704769076,20.329889761392874,nan,nan,0.27835634745982896,nan,523.6176470588235,29.037092704769076,20.329889761392874,nan,nan,nan,0.07352941176470588,nan
MNE,15,0,deep_only,case_weighted_within_scenario,15,1,0.9960000000000001,0.9994142705005324,1.8594441341533823,nan,nan,14.32093002044594,9.473839970487129,0.9601072976228114,9.473839970487129,422.3333333333333,nan,nan,14.32093002044594,9.473839970487129,0.6,nan,nan
MNE,15,0,deep_plus_surface,case_weighted_within_scenario,68,1,0.8952291895491457,0.9305478033976841,1.7660212648313602,27.096947445429365,16.155897458893204,20.892426809704506,18.678372848727722,0.39034280399551596,17.530857335757098,545.6764705882352,27.096947445429365,16.155897458893204,20.892426809704506,18.678372848727722,0.3235294117647059,nan,nan
MNE,15,0,deep_plus_two_surface,case_weighted_within_scenario,34,1,0.8844807748299235,0.8677319281920477,1.763352361264552,21.29840052959623,20.942051552612178,21.040464172437492,18.85574267841398,0.39445387589466196,16.55625138938277,455.3235294117647,21.29840052959623,20.942051552612178,21.040464172437492,18.85574267841398,0.35294117647058826,nan,nan
MNE,15,0,surface_only,case_weighted_within_scenario,68,1,0.8571567735384075,0.9356825449826809,1.7263457874939612,24.842580677915056,14.470498270465788,nan,nan,0.29681809976869666,nan,465.45588235294116,24.842580677915056,14.470498270465788,nan,nan,nan,0.07352941176470588,nan
MNE,15,5,deep_only,case_weighted_within_scenario,15,1,0.9993333333333333,0.9997603833865815,1.8059718403906007,nan,nan,14.316614343426279,8.92593697823802,0.9894693306185103,8.92593697823802,341.8,nan,nan,14.316614343426279,8.92593697823802,0.6,nan,nan
MNE,15,5,deep_plus_surface,case_weighted_within_scenario,68,1,0.9196573638536613,0.9464216396638603,1.7342135326799366,21.147940395696146,11.551624979933424,19.92532996087946,16.479225962878854,0.4387948870568881,15.081316918347845,362.9264705882353,21.147940395696146,11.551624979933424,19.92532996087946,16.479225962878854,0.38235294117647056,nan,nan
MNE,15,5,deep_plus_two_surface,case_weighted_within_scenario,34,1,0.904048004106712,0.8915451615529766,1.7328434270299273,18.17077401980208,19.876667736521686,20.606727745977448,18.85227957826351,0.4234491344893585,16.304199002655327,371.7647058823529,18.17077401980208,19.876667736521686,20.606727745977448,18.85227957826351,0.38235294117647056,nan,nan
MNE,15,5,surface_only,case_weighted_within_scenario,68,1,0.872950442488431,0.9463941919385304,1.6966810576101252,19.262988222224138,11.428153952869428,nan,nan,0.306117729693535,nan,341.6764705882353,19.262988222224138,11.428153952869428,nan,nan,nan,0.08823529411764706,nan
MNE,15,10,deep_only,case_weighted_within_scenario,15,1,0.9986666666666667,0.9998935037273696,1.731181633399719,nan,nan,13.421960028037683,6.161760688643617,1.0,5.218951608360311,297.3333333333333,nan,nan,13.421960028037683,6.161760688643617,0.8666666666666667,nan,nan
MNE,15,10,deep_plus_surface,case_weighted_within_scenario,68,1,0.9321023605749272,0.9527909817325366,1.7105363121521275,18.843599571380757,11.129902804941658,18.576215849979828,14.825712520611752,0.45425416213447817,12.442698018828649,293.1029411764706,18.843599571380757,11.129902804941658,18.576215849979828,14.825712520611752,0.5588235294117647,nan,nan
MNE,15,10,deep_plus_two_surface,case_weighted_within_scenario,34,1,0.9173600836667813,0.9055554085810531,1.7116632693341707,17.339173910105025,18.23818535847505,20.096261781905497,18.21054503775334,0.4782785763931642,17.26955323122337,335.70588235294116,17.339173910105025,18.23818535847505,20.096261781905497,18.21054503775334,0.3235294117647059,nan,nan
MNE,15,10,surface_only,case_weighted_within_scenario,68,1,0.8787167643234374,0.9533422071638274,1.6781325787583612,17.461847721069834,10.97496887427893,nan,nan,0.29168343053200496,nan,282.9852941176471,17.461847721069834,10.97496887427893,nan,nan,nan,0.08823529411764706,nan
MNE,15,15,deep_only,case_weighted_within_scenario,15,1,0.998,0.999866879659212,1.737016819923905,nan,nan,13.950567885280684,7.218951658615087,1.0,7.218951658615087,253.2,nan,nan,13.950567885280684,7.218951658615087,0.8666666666666667,nan,nan
MNE,15,15,deep_plus_surface,case_weighted_within_scenario,68,1,0.9345909451444594,0.9529849510734116,1.7107524841354596,19.122198185956037,14.662085897483083,17.675533653733776,12.463082273153217,0.4452075249178564,11.744501441953474,263.47058823529414,19.122198185956037,14.662085897483083,17.675533653733776,12.463082273153217,0.5882352941176471,nan,nan
MNE,15,15,deep_plus_two_surface,case_weighted_within_scenario,34,1,0.9181226821579306,0.9117795041726512,1.7055555006065386,17.465928789759467,20.98147517085326,18.80730755858239,17.100427842350104,0.48149723343502315,16.33172614918635,287.20588235294116,17.465928789759467,20.98147517085326,18.80730755858239,17.100427842350104,0.38235294117647056,nan,nan
MNE,15,15,surface_only,case_weighted_within_scenario,68,1,0.8745434409125665,0.9528017169021046,1.6764597024804493,17.79926642420196,12.205634840504436,nan,nan,0.27460305856342826,nan,256.13235294117646,17.79926642420196,12.205634840504436,nan,nan,nan,0.1323529411764706,nan
MNE,15,20,deep_only,case_weighted_within_scenario,15,1,0.9960000000000001,0.9997071352502663,1.7532333316250936,nan,nan,14.081152680658029,8.82842741815835,0.978957878266357,8.82842741815835,242.46666666666667,nan,nan,14.081152680658029,8.82842741815835,0.7333333333333333,nan,nan
MNE,15,20,deep_plus_surface,case_weighted_within_scenario,68,1,0.9284475306571841,0.9506784276709129,1.7145038956276955,18.653736487003034,15.083056143260492,17.43567349342495,11.324862430839973,0.38874017621119616,10.79657428695726,225.23529411764707,18.653736487003034,15.083056143260492,17.43567349342495,11.324862430839973,0.5588235294117647,nan,nan
MNE,15,20,deep_plus_two_surface,case_weighted_within_scenario,34,1,0.9138688809666193,0.9084772439186728,1.7130409578397907,17.608442494662903,22.437171034324315,18.12750373083544,13.50996907583152,0.4296477911376246,12.409481576266336,246.05882352941177,17.608442494662903,22.437171034324315,18.12750373083544,13.50996907583152,0.47058823529411764,nan,nan
MNE,15,20,surface_only,case_weighted_within_scenario,68,1,0.8748962743048678,0.9544322764397416,1.6818664861891206,18.0349975966824,15.832567149305348,nan,nan,0.2408071971181838,nan,215.39705882352942,18.0349975966824,15.832567149305348,nan,nan,nan,0.20588235294117646,nan
MNE,20,-10,deep_only,case_weighted_within_scenario,15,1,0.9853333333333333,0.9977813276535321,1.8903563720218892,nan,nan,14.070341013027077,8.92593697823802,0.8597594104921694,8.92593697823802,548.8666666666667,nan,nan,14.070341013027077,8.92593697823802,0.6,nan,nan
MNE,20,-10,deep_plus_surface,case_weighted_within_scenario,68,1,0.8724097876188682,0.9244224756624868,1.7780979551040625,25.43504587042889,18.487136802067155,20.955616119459087,17.893938630700156,0.3082880864440898,17.223065114683518,512.7205882352941,25.43504587042889,18.487136802067155,20.955616119459087,17.893938630700156,0.25,nan,nan
MNE,20,-10,deep_plus_two_surface,case_weighted_within_scenario,34,1,0.8653737103328835,0.858308527277594,1.773055822923333,20.193749628139923,27.593038295129652,20.78966513934603,16.43154107170852,0.3071114237690494,15.893768369945265,467.38235294117646,20.193749628139923,27.593038295129652,20.78966513934603,16.43154107170852,0.35294117647058826,nan,nan
MNE,20,-10,surface_only,case_weighted_within_scenario,68,1,0.8366866332802196,0.9318716317592997,1.7352201082289715,23.544036466278772,18.371436565751722,nan,nan,0.2207826388173446,nan,483.13235294117646,23.544036466278772,18.371436565751722,nan,nan,nan,0.29411764705882354,nan
MNE,20,-5,deep_only,case_weighted_within_scenario,15,1,0.988,0.9980475683351083,1.8851584100955772,nan,nan,13.588614658167861,10.5740276397428,0.8940170623502129,10.416648985185219,453.8,nan,nan,13.588614658167861,10.5740276397428,0.5333333333333333,nan,nan
MNE,20,-5,deep_plus_surface,case_weighted_within_scenario,68,1,0.881995597650164,0.9282367482488981,1.768571293321044,24.114919147410518,18.267926367579765,20.30496742087652,16.427017520512162,0.2988632436536875,15.706081776255223,438.3970588235294,24.114919147410518,18.267926367579765,20.30496742087652,16.427017520512162,0.35294117647058826,nan,nan
MNE,20,-5,deep_plus_two_surface,case_weighted_within_scenario,34,1,0.8701719870548835,0.861023022701431,1.7651002975746928,19.361682477782864,26.637887907175006,20.373142807532314,16.916917972840178,0.3084599005087279,16.085027607444363,447.29411764705884,19.361682477782864,26.637887907175006,20.373142807532314,16.916917972840178,0.35294117647058826,nan,nan
MNE,20,-5,surface_only,case_weighted_within_scenario,68,1,0.8465084395314139,0.9350398115740856,1.7234381257617555,22.13966301691215,16.180200066570766,nan,nan,0.2100520257686225,nan,427.8235294117647,22.13966301691215,16.180200066570766,nan,nan,nan,0.23529411764705882,nan
MNE,20,0,deep_only,case_weighted_within_scenario,15,1,0.9900000000000002,0.998615548455804,1.861724370680195,nan,nan,13.36974123521095,9.083315632795602,0.9022409577284117,9.083315632795602,344.26666666666665,nan,nan,13.36974123521095,9.083315632795602,0.6,nan,nan
MNE,20,0,deep_plus_surface,case_weighted_within_scenario,68,1,0.8979734911315785,0.9344424237159137,1.7512859657130915,21.917854665181682,17.168002443502274,19.33199874764441,16.89397875549312,0.3221994162038223,15.626351938849405,381.3382352941176,21.917854665181682,17.168002443502274,19.33199874764441,16.89397875549312,0.3382352941176471,nan,nan
MNE,20,0,deep_plus_two_surface,case_weighted_within_scenario,34,1,0.8818508400756117,0.8718606558871754,1.7487557938118152,17.940526584561464,24.439949932644147,20.00354742427831,15.764497075357921,0.31771492651379263,15.590273796150905,360.79411764705884,17.940526584561464,24.439949932644147,20.00354742427831,15.764497075357921,0.3235294117647059,nan,nan
MNE,20,0,surface_only,case_weighted_within_scenario,68,1,0.8574015617828551,0.9395456822564834,1.7074906384349409,20.48516319277567,15.5980926321281,nan,nan,0.21564597228292576,nan,371.13235294117646,20.48516319277567,15.5980926321281,nan,nan,nan,0.22058823529411764,nan
MNE,20,5,deep_only,case_weighted_within_scenario,15,1,0.9966666666666667,0.9995207667731629,1.8195759476504985,nan,nan,13.490286817824096,9.473839970487129,0.9759044731995421,9.31646131592955,302.06666666666666,nan,nan,13.490286817824096,9.473839970487129,0.6,nan,nan
MNE,20,5,deep_plus_surface,case_weighted_within_scenario,68,1,0.9130984647826592,0.9455587036818016,1.726996584372431,19.67206819927762,13.969578313420984,18.847857072827082,15.109242638111752,0.3663739907506836,14.088294182582112,344.22058823529414,19.67206819927762,13.969578313420984,18.847857072827082,15.109242638111752,0.39705882352941174,nan,nan
MNE,20,5,deep_plus_two_surface,case_weighted_within_scenario,34,1,0.8953966235135306,0.8878717805651883,1.726341911428332,17.008930078836514,20.894014249367814,19.447287619027136,17.52703244274049,0.3417846866154573,16.573213656019878,363.52941176470586,17.008930078836514,20.894014249367814,19.447287619027136,17.52703244274049,0.3235294117647059,nan,nan
MNE,20,5,surface_only,case_weighted_within_scenario,68,1,0.8651972492051414,0.9436428754139243,1.6865898162875732,18.09627114055251,13.260647858735814,nan,nan,0.21575321629616315,nan,322.86764705882354,18.09627114055251,13.260647858735814,nan,nan,nan,0.25,nan
MNE,20,10,deep_only,case_weighted_within_scenario,15,1,0.9993333333333333,0.9998757543485978,1.765469016617981,nan,nan,13.225369287798738,7.652472691422378,1.0,7.652472691422378,304.6,nan,nan,13.225369287798738,7.652472691422378,0.7333333333333333,nan,nan
MNE,20,10,deep_plus_surface,case_weighted_within_scenario,68,1,0.9294885872806187,0.9532201183906037,1.7030022337841,18.093727751774296,11.194335790788607,18.01205242335774,14.489305133739451,0.4152069658759645,14.220418774798128,304.63235294117646,18.093727751774296,11.194335790788607,18.01205242335774,14.489305133739451,0.4117647058823529,nan,nan
MNE,20,10,deep_plus_two_surface,case_weighted_within_scenario,34,1,0.9084456634621171,0.9005753406070666,1.703234998068682,16.632334003941224,19.589890918153614,18.92860880013435,15.311808626804028,0.4166546105121042,14.760779058089327,336.0882352941176,16.632334003941224,19.589890918153614,18.92860880013435,15.311808626804028,0.4411764705882353,nan,nan
MNE,20,10,surface_only,case_weighted_within_scenario,68,1,0.8779239865035623,0.9522098480822317,1.6616503550287103,16.706431830726697,11.528687440503724,nan,nan,0.23244460620381985,nan,292.0147058823529,16.706431830726697,11.528687440503724,nan,nan,nan,0.22058823529411764,nan
MNE,20,15,deep_only,case_weighted_within_scenario,15,1,0.9993333333333333,0.9999112531061414,1.7093170965934932,nan,nan,13.436217817928563,5.495093985407052,1.0,5.495093985407052,276.53333333333336,nan,nan,13.436217817928563,5.495093985407052,0.8,nan,nan
MNE,20,15,deep_plus_surface,case_weighted_within_scenario,68,1,0.9346039415820852,0.9540534382831726,1.6914930655208853,18.34303979208465,11.182186565494563,16.678210393014602,10.754079503461488,0.45662561537099977,10.339100898169196,289.6029411764706,18.34303979208465,11.182186565494563,16.678210393014602,10.754079503461488,0.5588235294117647,nan,nan
MNE,20,15,deep_plus_two_surface,case_weighted_within_scenario,34,1,0.9181240765472602,0.9102514901402929,1.689958541511703,16.95014799737384,17.77813910999868,18.54800606088239,15.212620129128894,0.490941249663953,15.280118729332417,332.0,16.95014799737384,17.77813910999868,18.54800606088239,15.212620129128894,0.38235294117647056,nan,nan
MNE,20,15,surface_only,case_weighted_within_scenario,68,1,0.8810677009966471,0.9545996504558271,1.6527620528019225,17.067841553060894,11.431812871653943,nan,nan,0.25949712864095015,nan,282.5147058823529,17.067841553060894,11.431812871653943,nan,nan,nan,0.16176470588235295,nan
MNE,20,20,deep_only,case_weighted_within_scenario,15,1,0.998,0.9998668796592121,1.7199924319889281,nan,nan,13.322700714370601,6.552284990856833,0.9924240834255378,6.552284990856833,234.93333333333334,nan,nan,13.322700714370601,6.552284990856833,0.8,nan,nan
MNE,20,20,deep_plus_surface,case_weighted_within_scenario,68,1,0.9353180262389789,0.9554804084700974,1.6964194569288928,18.51578117266252,14.064007829078626,16.743080446116366,11.589782170732692,0.4473715577191133,11.482127633406805,255.9264705882353,18.51578117266252,14.064007829078626,16.743080446116366,11.589782170732692,0.5735294117647058,nan,nan
MNE,20,20,deep_plus_two_surface,case_weighted_within_scenario,34,1,0.9162954628534894,0.9117933217564919,1.6953508465352254,17.28306531664753,21.107660372547087,17.81849371568271,14.040249300387055,0.4772864313844103,13.319811105718586,290.79411764705884,17.28306531664753,21.107660372547087,17.81849371568271,14.040249300387055,0.4117647058823529,nan,nan
MNE,20,20,surface_only,case_weighted_within_scenario,68,1,0.8758780046990645,0.9534264792049063,1.6629145178323799,17.579129083965128,12.060168073233072,nan,nan,0.25474455038479943,nan,249.69117647058823,17.579129083965128,12.060168073233072,nan,nan,nan,0.16176470588235295,nan
RAP-MUSIC,-10,-10,deep_only,case_weighted_within_scenario,15,1,0.9663333333333334,0.9666533546325878,0.764688328352253,nan,nan,0.666666703236566,0.666666703236566,1.0,0.666666703236566,2.533333333333333,nan,nan,0.666666703236566,0.666666703236566,1.0,nan,nan
RAP-MUSIC,-10,-10,deep_plus_surface,case_weighted_within_scenario,68,1,0.5144269162936782,0.5208123736876216,1.7733773309170542,16.995230238988057,11.75454573732855,7.071067769030884,7.071067769030884,0.021092928568260644,7.071067769030884,1.661764705882353,16.995230238988057,11.75454573732855,227.353875265476,227.353875265476,0.014705882352941176,nan,nan
RAP-MUSIC,-10,-10,deep_plus_two_surface,case_weighted_within_scenario,34,1,0.5101513335291123,0.5139111998227474,1.8458473357599958,12.281710928654126,17.993423637969148,nan,nan,0.0,nan,2.235294117647059,12.281710928654126,17.993423637969148,234.02911185627735,234.02911185627735,0.0,nan,nan
RAP-MUSIC,-10,-10,surface_only,case_weighted_within_scenario,68,1,0.521131552703566,0.521298790055746,1.7019084698261275,15.345798244284682,10.350446448094477,nan,nan,0.0,nan,1.6323529411764706,15.345798244284682,10.350446448094477,nan,nan,nan,1.0,nan
RAP-MUSIC,-10,-5,deep_only,case_weighted_within_scenario,15,1,1.0,1.0,0.276289127218544,nan,nan,0.0,0.0,1.0,0.0,2.8666666666666667,nan,nan,0.0,0.0,1.0,nan,nan
RAP-MUSIC,-10,-5,deep_plus_surface,case_weighted_within_scenario,68,1,0.5328976178990495,0.5231989198494608,1.704755771199114,13.664800446880786,9.318460320067915,3.4150636183594285,3.4150636183594285,0.09488800360783618,3.4150636183594285,1.8529411764705883,13.664800446880786,9.318460320067915,206.8980473576988,206.8980473576988,0.10294117647058823,nan,nan
RAP-MUSIC,-10,-5,deep_plus_two_surface,case_weighted_within_scenario,34,1,0.5191096970936945,0.5197553261209727,1.7703441089138285,10.498261808807811,14.274588004657351,8.535534158789687,8.535534158789687,0.09977742880323376,8.535534158789687,2.5,10.498261808807811,14.274588004657351,207.5004556565729,207.5004556565729,0.08823529411764706,nan,nan
RAP-MUSIC,-10,-5,surface_only,case_weighted_within_scenario,68,1,0.5251163424714329,0.525448104076372,1.6534909787650107,7.547815569488398,7.629408234308217,nan,nan,0.0,nan,1.6323529411764706,7.547815569488398,7.629408234308217,nan,nan,nan,1.0,nan
RAP-MUSIC,-10,0,deep_only,case_weighted_within_scenario,15,1,1.0,1.0,0.12688734433046223,nan,nan,0.0,0.0,1.0,0.0,2.8,nan,nan,0.0,0.0,1.0,nan,nan
RAP-MUSIC,-10,0,deep_plus_surface,case_weighted_within_scenario,68,1,0.6022701120631672,0.5363598006344866,1.545909231552925,8.947075665452692,9.419438654034934,0.4000000075559735,0.4000000075559735,0.2609892351157826,0.4000000075559735,2.1029411764705883,8.947075665452692,9.419438654034934,148.13605602954158,148.13605602954158,0.36764705882352944,nan,nan
RAP-MUSIC,-10,0,deep_plus_two_surface,case_weighted_within_scenario,34,1,0.5486737448156486,0.5229872487712443,1.6653060829707977,5.2562239571150124,9.921552503495061,4.449489981668966,4.449489981668966,0.21849198716757903,4.449489981668966,2.3823529411764706,5.2562239571150124,9.921552503495061,166.50569365786313,166.50569365786313,0.2647058823529412,nan,nan
RAP-MUSIC,-10,0,surface_only,case_weighted_within_scenario,68,1,0.5286650525577801,0.5289577648831706,1.637312319552197,6.511143540379021,8.17161476239049,nan,nan,0.0007143979899584789,nan,1.8676470588235294,6.511143540379021,8.17161476239049,nan,nan,nan,1.0,nan
RAP-MUSIC,-10,5,deep_only,case_weighted_within_scenario,15,1,1.0,1.0,0.04147601858096807,nan,nan,0.0,0.0,1.0,0.0,2.8666666666666667,nan,nan,0.0,0.0,1.0,nan,nan
RAP-MUSIC,-10,5,deep_plus_surface,case_weighted_within_scenario,68,1,0.6688148434938125,0.5455525110676444,1.4249733946470942,7.182287789346204,10.323537842260084,0.9596116700882192,0.9596116700882192,0.3781825052640688,0.9596116700882192,2.338235294117647,7.182287789346204,10.323537842260084,76.36444996562,76.36444996562,0.6617647058823529,nan,nan
RAP-MUSIC,-10,5,deep_plus_two_surface,case_weighted_within_scenario,34,1,0.574114888874637,0.5266311144422718,1.5400108983541667,2.9401704629687315,13.898613782344299,0.0,0.0,0.2195709487521801,0.0,2.3823529411764706,2.9401704629687315,13.898613782344299,151.43060178935593,151.43060178935593,0.35294117647058826,nan,nan
RAP-MUSIC,-10,5,surface_only,case_weighted_within_scenario,68,1,0.5293071725844857,0.5296920489064191,1.6333356871490659,7.591777790794047,7.511909865264128,nan,nan,0.0,nan,2.0,7.591777790794047,7.511909865264128,nan,nan,nan,1.0,nan
RAP-MUSIC,-10,10,deep_only,case_weighted_within_scenario,15,1,1.0,1.0,0.016579071727760988,nan,nan,0.0,0.0,1.0,0.0,2.466666666666667,nan,nan,0.0,0.0,1.0,nan,nan
RAP-MUSIC,-10,10,deep_plus_surface,case_weighted_within_scenario,68,1,0.703648205875397,0.5455997912513224,1.3423059776815076,5.129602059954554,7.653007231988698,0.3703703906869812,0.3703703906869812,0.4140671185881115,0.3703703906869812,2.3970588235294117,5.129602059954554,7.653007231988698,48.47658186889676,48.47658186889676,0.7941176470588235,nan,nan
RAP-MUSIC,-10,10,deep_plus_two_surface,case_weighted_within_scenario,34,1,0.6030264078984675,0.5281621388160399,1.4732515339094578,4.264417895876467,15.870891858636412,0.5263158183446573,0.5263158183446573,0.3442400114589112,0.5263158183446573,2.5,4.264417895876467,15.870891858636412,103.54225524684438,103.54225524684438,0.5588235294117647,nan,nan
RAP-MUSIC,-10,10,surface_only,case_weighted_within_scenario,68,1,0.5279497355428584,0.5285368419952017,1.626335838844967,5.117546049584527,7.532019159715695,nan,nan,0.0,nan,1.8970588235294117,5.117546049584527,7.532019159715695,nan,nan,nan,1.0,nan
RAP-MUSIC,-10,15,deep_only,case_weighted_within_scenario,15,1,1.0,1.0,0.0035466513690693307,nan,nan,0.0,0.0,1.0,0.0,2.6,nan,nan,0.0,0.0,1.0,nan,nan
RAP-MUSIC,-10,15,deep_plus_surface,case_weighted_within_scenario,68,1,0.6922667076145412,0.5438985919580768,1.3319403853283676,4.4751056739490185,7.869704143842076,0.39215688425680356,0.39215688425680356,0.40053006051722956,0.39215688425680356,2.25,4.4751056739490185,7.869704143842076,58.80139562726193,58.80139562726193,0.75,nan,nan
RAP-MUSIC,-10,15,deep_plus_two_surface,case_weighted_within_scenario,34,1,0.6080404519202185,0.529003004899305,1.3985990812004627,2.7546713518403516,10.831925220071547,0.0,0.0,0.34606259342560325,0.0,2.5588235294117645,2.7546713518403516,10.831925220071547,103.24813758365177,103.24813758365177,0.5588235294117647,nan,nan
RAP-MUSIC,-10,15,surface_only,case_weighted_within_scenario,68,1,0.5271288861199005,0.5276483633177674,1.629726045029656,5.1774581408328455,8.823399387588594,nan,nan,0.0,nan,1.7794117647058822,5.1774581408328455,8.823399387588594,nan,nan,nan,1.0,nan
RAP-MUSIC,-10,20,deep_only,case_weighted_within_scenario,15,1,1.0,1.0,0.0009176602044015253,nan,nan,0.0,0.0,1.0,0.0,2.466666666666667,nan,nan,0.0,0.0,1.0,nan,nan
RAP-MUSIC,-10,20,deep_plus_surface,case_weighted_within_scenario,68,1,0.7079396135961554,0.5473273100709077,1.323571855007458,4.496085419565207,7.409324297399639,0.0,0.0,0.39917363090226415,0.0,2.3529411764705883,4.496085419565207,7.409324297399639,51.624068791825884,51.624068791825884,0.7647058823529411,nan,nan
RAP-MUSIC,-10,20,deep_plus_two_surface,case_weighted_within_scenario,34,1,0.6012548124724817,0.5261750911174263,1.438702870166441,3.186981392856337,8.825781798287128,0.0,0.0,0.3377565318118352,0.0,2.6176470588235294,3.186981392856337,8.825781798287128,110.13134675589521,110.13134675589521,0.5294117647058824,nan,nan
RAP-MUSIC,-10,20,surface_only,case_weighted_within_scenario,68,1,0.5251613275741296,0.5257041959786217,1.6395942010569085,5.787580528668571,8.364277912809868,nan,nan,0.0,nan,1.7941176470588236,5.787580528668571,8.364277912809868,nan,nan,nan,1.0,nan
RAP-MUSIC,-5,-10,deep_only,case_weighted_within_scenario,15,1,1.0,1.0,0.500606185289707,nan,nan,0.0,0.0,1.0,0.0,2.6,nan,nan,0.0,0.0,1.0,nan,nan
RAP-MUSIC,-5,-10,deep_plus_surface,case_weighted_within_scenario,68,1,0.5158132227530693,0.5232769384085657,1.7194295596886529,7.574900678888393,8.066969185028753,0.0,0.0,0.010467092243196653,0.0,1.4411764705882353,7.574900678888393,8.066969185028753,230.58750727015564,230.58750727015564,0.014705882352941176,nan,nan
RAP-MUSIC,-5,-10,deep_plus_two_surface,case_weighted_within_scenario,34,1,0.5126683086875441,0.5171670527351233,1.7829320879196437,6.829437623117624,18.316415323118445,nan,nan,0.0,nan,2.0294117647058822,6.829437623117624,18.316415323118445,234.02911185627735,234.02911185627735,0.0,nan,nan
RAP-MUSIC,-5,-10,surface_only,case_weighted_within_scenario,68,1,0.5239220752963003,0.5241236319971327,1.6520673438800546,5.8988244118193505,9.208575276309475,nan,nan,0.0,nan,1.3970588235294117,5.8988244118193505,9.208575276309475,nan,nan,nan,1.0,nan
RAP-MUSIC,-5,-5,deep_only,case_weighted_within_scenario,15,1,1.0,1.0,0.25914621152173606,nan,nan,0.0,0.0,1.0,0.0,2.466666666666667,nan,nan,0.0,0.0,1.0,nan,nan
RAP-MUSIC,-5,-5,deep_plus_surface,case_weighted_within_scenario,68,1,0.5235702830514832,0.5252886267770706,1.6982189488506534,7.512364742790984,8.756671269775945,4.0000001474895654,4.0000001474895654,0.06527426312898993,4.0000001474895654,1.7647058823529411,7.512364742790984,8.756671269775945,217.11520658357242,217.11520658357242,0.07352941176470588,nan,nan
RAP-MUSIC,-5,-5,deep_plus_two_surface,case_weighted_within_scenario,34,1,0.5237790750184335,0.5203777757448627,1.7493159281890471,5.837562379688917,13.276914115566639,0.0,0.0,0.05212975997374333,0.0,2.3823529411764706,5.837562379688917,13.276914115566639,220.26269351179045,220.26269351179045,0.058823529411764705,nan,nan
RAP-MUSIC,-5,-5,surface_only,case_weighted_within_scenario,68,1,0.5279504207319167,0.5281966450724427,1.6157548746168917,5.087226346154077,8.188362882731674,nan,nan,0.0,nan,1.588235294117647,5.087226346154077,8.188362882731674,nan,nan,nan,1.0,nan
RAP-MUSIC,-5,0,deep_only,case_weighted_within_scenario,15,1,1.0,1.0,0.10166407527363684,nan,nan,0.0,0.0,1.0,0.0,2.7333333333333334,nan,nan,0.0,0.0,1.0,nan,nan
RAP-MUSIC,-5,0,deep_plus_surface,case_weighted_within_scenario,68,1,0.572726731706027,0.5334800101117729,1.595046556434953,5.873870223403005,7.495033019754358,3.956448673640776,3.956448673640776,0.19184973214599838,3.956448673640776,1.9705882352941178,5.873870223403005,7.495033019754358,162.97725999105137,162.97725999105137,0.2647058823529412,nan,nan
RAP-MUSIC,-5,0,deep_plus_two_surface,case_weighted_within_scenario,34,1,0.5410915030796423,0.5251775927839735,1.6354858517261857,4.579553294799844,10.29489309421318,1.666666758091415,1.666666758091415,0.13114235173367547,1.666666758091415,2.4705882352941178,4.579553294799844,10.29489309421318,193.02397448600922,193.02397448600922,0.17647058823529413,nan,nan
RAP-MUSIC,-5,0,surface_only,case_weighted_within_scenario,68,1,0.5305887792037994,0.5309224376988323,1.6125932339299274,5.501340536135983,7.236910614017268,nan,nan,0.0,nan,1.75,5.501340536135983,7.236910614017268,nan,nan,nan,1.0,nan
RAP-MUSIC,-5,5,deep_only,case_weighted_within_scenario,15,1,1.0,1.0,0.041259344763150615,nan,nan,0.0,0.0,1.0,0.0,2.533333333333333,nan,nan,0.0,0.0,1.0,nan,nan
RAP-MUSIC,-5,5,deep_plus_surface,case_weighted_within_scenario,68,1,0.6648720476021394,0.5445632150421728,1.3833516746033736,4.695148595743291,7.054611495666359,0.7759576398216282,0.7759576398216281,0.4062136064732272,0.7759576398216281,2.264705882352941,4.695148595743291,7.054611495666359,83.10060030445305,83.10060030445305,0.6323529411764706,nan,nan
RAP-MUSIC,-5,5,deep_plus_two_surface,case_weighted_within_scenario,34,1,0.5655570068642696,0.5276542591109268,1.584350497490039,3.365900620562208,8.061743977742019,0.9090909589589536,0.9090909589589536,0.22771209797159472,0.9090909589589536,2.5588235294117645,3.365900620562208,8.061743977742019,158.607928624792,158.607928624792,0.3235294117647059,nan,nan
RAP-MUSIC,-5,5,surface_only,case_weighted_within_scenario,68,1,0.5310078052483219,0.5313706380167571,1.6066607801721293,5.788665628498597,7.388443509249682,nan,nan,0.0036118568029162874,nan,2.014705882352941,5.788665628498597,7.388443509249682,nan,nan,nan,0.9852941176470589,nan
RAP-MUSIC,-5,10,deep_only,case_weighted_within_scenario,15,1,1.0,1.0,0.017253781101738353,nan,nan,0.0,0.0,1.0,0.0,2.4,nan,nan,0.0,0.0,1.0,nan,nan
RAP-MUSIC,-5,10,deep_plus_surface,case_weighted_within_scenario,68,1,0.7001452978075997,0.5457840096709079,1.3577161526280184,6.300352332169458,9.463473775635443,0.7272727606280874,0.7272727606280874,0.43162194550838545,0.7272727606280874,2.5,6.300352332169458,9.463473775635443,45.32909494067867,45.32909494067867,0.8088235294117647,nan,nan
RAP-MUSIC,-5,10,deep_plus_two_surface,case_weighted_within_scenario,34,1,0.6031990638333831,0.528565073278872,1.4342128333680826,2.488844556655732,10.518217874423675,0.0,0.0,0.32432650278121883,0.0,2.588235294117647,2.488844556655732,10.518217874423675,110.13134675589522,110.13134675589522,0.5294117647058824,nan,nan
RAP-MUSIC,-5,10,surface_only,case_weighted_within_scenario,68,1,0.5315951477525344,0.532092010245755,1.5938135613943147,5.5061052898491925,7.431236585439561,nan,nan,0.0,nan,1.9852941176470589,5.5061052898491925,7.431236585439561,nan,nan,nan,1.0,nan
RAP-MUSIC,-5,15,deep_only,case_weighted_within_scenario,15,1,1.0,1.0,0.0069239302448924085,nan,nan,0.0,0.0,1.0,0.0,2.533333333333333,nan,nan,0.0,0.0,1.0,nan,nan
RAP-MUSIC,-5,15,deep_plus_surface,case_weighted_within_scenario,68,1,0.7011176573619883,0.5473755086515514,1.300903373197805,3.587327690424138,7.287838666667533,0.3773585044801477,0.3773585044801477,0.4113108350798729,0.3773585044801477,2.323529411764706,3.587327690424138,7.287838666667533,51.91818644972953,51.91818644972953,0.7794117647058824,nan,nan
RAP-MUSIC,-5,15,deep_plus_two_surface,case_weighted_within_scenario,34,1,0.6080031253772065,0.5291711696859906,1.4109607837365965,2.389914552842948,10.519620296610569,0.0,0.0,0.35359231763983023,0.0,2.6470588235294117,2.389914552842948,10.519620296610569,103.24813758365177,103.24813758365177,0.5588235294117647,nan,nan
RAP-MUSIC,-5,15,surface_only,case_weighted_within_scenario,68,1,0.5295454079218476,0.5301364982837381,1.6068010460140687,5.40915138163515,8.497540840886554,nan,nan,0.0,nan,1.9558823529411764,5.40915138163515,8.497540840886554,nan,nan,nan,1.0,nan
RAP-MUSIC,-5,20,deep_only,case_weighted_within_scenario,15,1,1.0,1.0,0.000817709097479033,nan,nan,0.0,0.0,1.0,0.0,2.533333333333333,nan,nan,0.0,0.0,1.0,nan,nan
RAP-MUSIC,-5,20,deep_plus_surface,case_weighted_within_scenario,68,1,0.6916838827177003,0.5427176628620435,1.371740403170256,4.577391033873677,8.37797093966078,0.47337522107883073,0.47337522107883073,0.3826517171904916,0.47337522107883073,2.3088235294117645,4.577391033873677,8.37797093966078,58.86230937987846,58.86230937987846,0.7205882352941176,nan,nan
RAP-MUSIC,-5,20,deep_plus_two_surface,case_weighted_within_scenario,34,1,0.6031660234634955,0.5287004644994213,1.4139124635658717,1.9507273854127267,11.593520954737318,0.0,0.0,0.34077626252110643,0.0,2.5,1.9507273854127267,11.593520954737318,110.13134675589522,110.13134675589522,0.5294117647058824,nan,nan
RAP-MUSIC,-5,20,surface_only,case_weighted_within_scenario,68,1,0.5263300814368691,0.5269319780056018,1.629648955407762,5.830692758838811,8.376183467106744,nan,nan,0.0,nan,1.8676470588235294,5.830692758838811,8.376183467106744,nan,nan,nan,1.0,nan
RAP-MUSIC,0,-10,deep_only,case_weighted_within_scenario,15,1,1.0,1.0,0.2748052171156986,nan,nan,0.0,0.0,1.0,0.0,1.4666666666666666,nan,nan,0.0,0.0,1.0,nan,nan
RAP-MUSIC,0,-10,deep_plus_surface,case_weighted_within_scenario,68,1,0.5207984094360426,0.5196736937080323,1.7454996404235759,5.715335315281117,8.438638074581318,2.5000001371371225,2.5000001371371225,0.04404657839698684,2.5000001371371225,1.4705882352941178,5.715335315281117,8.438638074581318,220.4097523433868,220.4097523433868,0.058823529411764705,nan,nan
RAP-MUSIC,0,-10,deep_plus_two_surface,case_weighted_within_scenario,34,1,0.5140623694359405,0.5192793997050155,1.7683368291642312,4.924457815635568,10.83934193269806,14.142135142060217,14.142135142060217,0.02715377342281752,14.142135142060217,2.264705882352941,4.924457815635568,10.83934193269806,227.56184783527095,227.56184783527095,0.0,nan,nan
RAP-MUSIC,0,-10,surface_only,case_weighted_within_scenario,68,1,0.524175074941873,0.5244417157744617,1.6495296810117603,3.9603995114179127,8.15839776755116,nan,nan,0.0,nan,1.4852941176470589,3.9603995114179127,8.15839776755116,nan,nan,nan,1.0,nan
RAP-MUSIC,0,-5,deep_only,case_weighted_within_scenario,15,1,1.0,1.0,0.1666797607767614,nan,nan,0.0,0.0,1.0,0.0,2.066666666666667,nan,nan,0.0,0.0,1.0,nan,nan
RAP-MUSIC,0,-5,deep_plus_surface,case_weighted_within_scenario,68,1,0.5569488830446899,0.5294884323699527,1.657729301304604,5.171791762988367,8.550839606993826,0.0,0.0,0.12340081742179056,0.0,1.8088235294117647,5.171791762988367,8.550839606993826,192.72985682281669,192.72985682281669,0.17647058823529413,nan,nan
RAP-MUSIC,0,-5,deep_plus_two_surface,case_weighted_within_scenario,34,1,0.5338906243906014,0.5216153461550403,1.6996883286754396,3.2238516146125895,11.094065187306374,0.0,0.0,0.0996666554361424,0.0,2.323529411764706,3.2238516146125895,11.094065187306374,206.49627516730354,206.49627516730354,0.11764705882352941,nan,nan
RAP-MUSIC,0,-5,surface_only,case_weighted_within_scenario,68,1,0.5270024225127914,0.5272715022214994,1.6162705273974471,3.444101458362526,7.095336077591609,nan,nan,0.0,nan,1.5147058823529411,3.444101458362526,7.095336077591609,nan,nan,nan,1.0,nan
RAP-MUSIC,0,0,deep_only,case_weighted_within_scenario,15,1,1.0,1.0,0.08677231879563015,nan,nan,0.0,0.0,1.0,0.0,2.6,nan,nan,0.0,0.0,1.0,nan,nan
RAP-MUSIC,0,0,deep_plus_surface,case_weighted_within_scenario,68,1,0.5987079993147808,0.5370315789016534,1.5676085618093103,5.578781332261423,8.370623759261868,2.6094757802035455,2.6094757802035455,0.24225545224546205,2.6094757802035455,2.1470588235294117,5.578781332261423,8.370623759261868,131.9322135874213,131.9322135874213,0.4117647058823529,nan,nan
RAP-MUSIC,0,0,deep_plus_two_surface,case_weighted_within_scenario,34,1,0.5395719732489169,0.5230602215022881,1.6534457109760314,3.892486220329324,10.944956576354187,0.0,0.0,0.11729183215974578,0.0,2.4705882352941178,3.892486220329324,10.944956576354187,199.61306599506008,199.61306599506008,0.14705882352941177,nan,nan
RAP-MUSIC,0,0,surface_only,case_weighted_within_scenario,68,1,0.5298619465099309,0.5302618946738644,1.614979717366493,4.623502624626013,7.539521024958602,nan,nan,0.0,nan,1.838235294117647,4.623502624626013,7.539521024958602,nan,nan,nan,1.0,nan
RAP-MUSIC,0,5,deep_only,case_weighted_within_scenario,15,1,1.0,1.0,0.04502050267983467,nan,nan,0.0,0.0,1.0,0.0,2.6,nan,nan,0.0,0.0,1.0,nan,nan
RAP-MUSIC,0,5,deep_plus_surface,case_weighted_within_scenario,68,1,0.6786656137511552,0.5508999293335622,1.3472255324517028,2.857896249284725,6.848734908514092,1.1894749562404523,1.1894749562404523,0.4437109846966035,1.1894749562404523,2.3970588235294117,2.857896249284725,6.848734908514092,66.24760879595664,66.24760879595664,0.6911764705882353,nan,nan
RAP-MUSIC,0,5,deep_plus_two_surface,case_weighted_within_scenario,34,1,0.5841075724023289,0.52754381613691,1.50375146052591,2.7445383160277315,11.004856223825403,0.0,0.0,0.2838633662717906,0.0,2.5,2.7445383160277315,11.004856223825403,137.66418344486902,137.66418344486902,0.4117647058823529,nan,nan
RAP-MUSIC,0,5,surface_only,case_weighted_within_scenario,68,1,0.5330416568698856,0.5334132050948955,1.5724783976492631,4.310165337894032,6.796052888849438,nan,nan,0.002998222149177557,nan,1.8676470588235294,4.310165337894032,6.796052888849438,nan,nan,nan,0.9852941176470589,nan
RAP-MUSIC,0,10,deep_only,case_weighted_within_scenario,15,1,1.0,1.0,0.027627345685849243,nan,nan,0.0,0.0,1.0,0.0,2.533333333333333,nan,nan,0.0,0.0,1.0,nan,nan
RAP-MUSIC,0,10,deep_plus_surface,case_weighted_within_scenario,68,1,0.706454843491357,0.5512700574956165,1.316328455116258,4.329162609807267,7.102039908016188,0.7882524432867515,0.7882524432867515,0.4376386158707279,0.7882524432867515,2.5294117647058822,4.329162609807267,7.102039908016188,41.94840410440274,41.94840410440274,0.8088235294117647,nan,nan
RAP-MUSIC,0,10,deep_plus_two_surface,case_weighted_within_scenario,34,1,0.6101341151678251,0.5321215081142302,1.3874975643944945,2.1183247586955813,10.404631607404909,0.5000000094449668,0.5000000094449668,0.386209850654586,0.5000000094449668,2.7058823529411766,2.1183247586955813,10.404631607404909,96.659046064023,96.659046064023,0.5882352941176471,nan,nan
RAP-MUSIC,0,10,surface_only,case_weighted_within_scenario,68,1,0.5296630342155236,0.5301348046140929,1.6186106893368817,4.682964282712725,7.81456706408062,nan,nan,0.0,nan,1.8676470588235294,4.682964282712725,7.81456706408062,nan,nan,nan,1.0,nan
RAP-MUSIC,0,15,deep_only,case_weighted_within_scenario,15,1,1.0,1.0,0.003960089500556829,nan,nan,0.0,0.0,1.0,0.0,2.6,nan,nan,0.0,0.0,1.0,nan,nan
RAP-MUSIC,0,15,deep_plus_surface,case_weighted_within_scenario,68,1,0.7043489742253934,0.5471439284856149,1.3138800114327227,5.505927039654465,7.760891729373879,0.44707660333838084,0.44707660333838084,0.4154673649074429,0.44707660333838084,2.4705882352941178,5.505927039654465,7.760891729373879,48.53749562600228,48.53749562600228,0.7794117647058824,nan,nan
RAP-MUSIC,0,15,deep_plus_two_surface,case_weighted_within_scenario,34,1,0.6138111703443743,0.530727788806137,1.4169510038023398,2.214408595328754,8.315008896753922,0.0,0.0,0.3573027978733372,0.0,2.6176470588235294,2.214408595328754,8.315008896753922,96.36492841140833,96.36492841140833,0.5882352941176471,nan,nan
RAP-MUSIC,0,15,surface_only,case_weighted_within_scenario,68,1,0.5317079961587301,0.5322604333398174,1.5813015412371785,4.987692336595942,7.537871287576287,nan,nan,0.0,nan,1.9264705882352942,4.987692336595942,7.537871287576287,nan,nan,nan,1.0,nan
RAP-MUSIC,0,20,deep_only,case_weighted_within_scenario,15,1,1.0,1.0,0.0008874895909403319,nan,nan,0.0,0.0,1.0,0.0,2.533333333333333,nan,nan,0.0,0.0,1.0,nan,nan
RAP-MUSIC,0,20,deep_plus_surface,case_weighted_within_scenario,68,1,0.7041738449818834,0.5467026830135259,1.3138260415723342,5.950228306175214,7.236905149253487,0.0,0.0,0.4104511736040877,0.0,2.426470588235294,5.950228306175214,7.236905149253487,55.06567337794761,55.06567337794761,0.75,nan,nan
RAP-MUSIC,0,20,deep_plus_two_surface,case_weighted_within_scenario,34,1,0.6039562085656991,0.5299809448383277,1.4176803124553956,2.2706334255033642,9.275616405293759,0.0,0.0,0.3377610360622148,0.0,2.6176470588235294,2.2706334255033642,9.275616405293759,110.13134675589521,110.13134675589521,0.5294117647058824,nan,nan
RAP-MUSIC,0,20,surface_only,case_weighted_within_scenario,68,1,0.5279285833075341,0.5283757112291365,1.616717674217551,5.615018340820551,8.815629426920921,nan,nan,0.0,nan,1.838235294117647,5.615018340820551,8.815629426920921,nan,nan,nan,1.0,nan
RAP-MUSIC,5,-10,deep_only,case_weighted_within_scenario,15,1,1.0,1.0,0.10293827697490718,nan,nan,0.0,0.0,1.0,0.0,1.2,nan,nan,0.0,0.0,1.0,nan,nan
RAP-MUSIC,5,-10,deep_plus_surface,case_weighted_within_scenario,68,1,0.539463002050307,0.522122791720414,1.723413447995722,6.243732633747818,9.227420927321253,3.1038306153792643,3.1038306153792643,0.09346915097921633,3.1038306153792643,1.7647058823529411,6.243732633747818,9.227420927321253,196.67355165554386,196.67355165554386,0.14705882352941177,nan,nan
RAP-MUSIC,5,-10,deep_plus_two_surface,case_weighted_within_scenario,34,1,0.5273870578118028,0.5188201895750062,1.7395499944873032,4.546881187978649,11.017233776897076,0.0,0.0,0.08154192376297636,0.0,2.411764705882353,4.546881187978649,11.017233776897076,213.37948433954696,213.37948433954696,0.08823529411764706,nan,nan
RAP-MUSIC,5,-10,surface_only,case_weighted_within_scenario,68,1,0.5246106330293976,0.5249339143787618,1.6680059671175171,4.231642760175607,8.307465687281338,nan,nan,0.0,nan,1.5294117647058822,4.231642760175607,8.307465687281338,nan,nan,nan,1.0,nan
RAP-MUSIC,5,-5,deep_only,case_weighted_within_scenario,15,1,1.0,1.0,0.08734672073920877,nan,nan,0.0,0.0,1.0,0.0,1.7333333333333334,nan,nan,0.0,0.0,1.0,nan,nan
RAP-MUSIC,5,-5,deep_plus_surface,case_weighted_within_scenario,68,1,0.5861019520119202,0.5320413208069594,1.5906490725172124,4.605554704206064,8.608300949852378,2.000000095323732,2.000000095323732,0.23569930773753167,2.000000095323732,1.9852941176470589,4.605554704206064,8.608300949852378,148.72429135592682,148.72429135592682,0.36764705882352944,nan,nan
RAP-MUSIC,5,-5,deep_plus_two_surface,case_weighted_within_scenario,34,1,0.5466682227127768,0.5260947101200997,1.626877464048935,3.9044996623731447,10.910884740455751,1.4285715069354994,1.4285715069354994,0.16213440322046066,1.4285715069354994,2.6176470588235294,3.9044996623731447,10.910884740455751,186.1407653137658,186.1407653137658,0.20588235294117646,nan,nan
RAP-MUSIC,5,-5,surface_only,case_weighted_within_scenario,68,1,0.5285362448968585,0.5288433197926604,1.6353126008746783,4.889312439961497,8.572783776932289,nan,nan,0.0,nan,1.7058823529411764,4.889312439961497,8.572783776932289,nan,nan,nan,1.0,nan
RAP-MUSIC,5,0,deep_only,case_weighted_within_scenario,15,1,1.0,1.0,0.05509633614571465,nan,nan,0.0,0.0,1.0,0.0,2.6,nan,nan,0.0,0.0,1.0,nan,nan
RAP-MUSIC,5,0,deep_plus_surface,case_weighted_within_scenario,68,1,0.6385416525918219,0.540173318925961,1.4898360389851337,4.640556936992762,7.7718888450562735,0.9227604629411098,0.9227604629411098,0.2990830058196006,0.9227604629411098,2.1470588235294117,4.640556936992762,7.7718888450562735,107.19183242166793,107.19183242166793,0.5294117647058824,nan,nan
RAP-MUSIC,5,0,deep_plus_two_surface,case_weighted_within_scenario,34,1,0.5693445844596612,0.5262172049714988,1.555336508111454,3.374768213071,9.647761971739822,0.0,0.0,0.24501072700213147,0.0,2.6176470588235294,3.374768213071,9.647761971739822,158.3138109615994,158.3138109615994,0.3235294117647059,nan,nan
RAP-MUSIC,5,0,surface_only,case_weighted_within_scenario,68,1,0.5339352077604194,0.5343121960604196,1.5941318262774837,3.87214827506612,8.291747224235253,nan,nan,0.0,nan,1.7647058823529411,3.87214827506612,8.291747224235253,nan,nan,nan,1.0,nan
RAP-MUSIC,5,5,deep_only,case_weighted_within_scenario,15,1,1.0,1.0,0.026155262295542044,nan,nan,0.0,0.0,1.0,0.0,2.6,nan,nan,0.0,0.0,1.0,nan,nan
RAP-MUSIC,5,5,deep_plus_surface,case_weighted_within_scenario,68,1,0.6890300783678478,0.5506980642235738,1.3620571333694373,3.6504626093740353,7.246300282560433,0.2946278339942516,0.2946278339942516,0.3791888768685818,0.2946278339942516,2.235294117647059,3.6504626093740353,7.246300282560433,69.04006431113633,69.04006431113633,0.6911764705882353,nan,nan
RAP-MUSIC,5,5,deep_plus_two_surface,case_weighted_within_scenario,34,1,0.5843351675049462,0.5279004419100104,1.4732887275500326,2.345784403725376,8.704125617812638,0.0,0.0,0.2844190196818157,0.0,2.5,2.345784403725376,8.704125617812638,137.66418344486902,137.66418344486902,0.4117647058823529,nan,nan
RAP-MUSIC,5,5,surface_only,case_weighted_within_scenario,68,1,0.5321407720321824,0.5326067758949028,1.5838582205980059,4.185006591985319,7.815421198665575,nan,nan,0.008921006237531826,nan,1.8970588235294117,4.185006591985319,7.815421198665575,nan,nan,nan,0.9705882352941176,nan
RAP-MUSIC,5,10,deep_only,case_weighted_within_scenario,15,1,1.0,1.0,0.00979233214336765,nan,nan,0.0,0.0,1.0,0.0,2.6666666666666665,nan,nan,0.0,0.0,1.0,nan,nan
RAP-MUSIC,5,10,deep_plus_surface,case_weighted_within_scenario,68,1,0.698134311218278,0.5483432520062496,1.3253058136866174,3.72340331699201,7.113592417246807,0.7407407680536232,0.7407407680536232,0.42651500919631313,0.7407407680536232,2.4411764705882355,3.72340331699201,7.113592417246807,48.770699521511446,48.770699521511446,0.7941176470588235,nan,nan
RAP-MUSIC,5,10,deep_plus_two_surface,case_weighted_within_scenario,34,1,0.605660465482888,0.5322298612177238,1.412335248285849,2.643267495281412,8.094223367194726,0.0,0.0,0.3325201367183146,0.0,2.676470588235294,2.643267495281412,8.094223367194726,110.13134675589521,110.13134675589521,0.5294117647058824,nan,nan
RAP-MUSIC,5,10,surface_only,case_weighted_within_scenario,68,1,0.5326430957366021,0.5331651169338608,1.563417894443436,3.853957253448154,6.700171907105011,nan,nan,0.0,nan,1.9411764705882353,3.853957253448154,6.700171907105011,nan,nan,nan,1.0,nan
RAP-MUSIC,5,15,deep_only,case_weighted_within_scenario,15,1,1.0,1.0,0.003023191956689612,nan,nan,0.0,0.0,1.0,0.0,2.4,nan,nan,0.0,0.0,1.0,nan,nan
RAP-MUSIC,5,15,deep_plus_surface,case_weighted_within_scenario,68,1,0.70519620982952,0.5486166622198724,1.3089990223254278,3.556470619662752,6.775935198110243,0.1886792488471573,0.1886792488471573,0.4197919506750948,0.1886792488471573,2.426470588235294,3.556470619662752,6.775935198110243,51.77112761813323,51.77112761813323,0.7794117647058824,nan,nan
RAP-MUSIC,5,15,deep_plus_two_surface,case_weighted_within_scenario,34,1,0.6034153842751622,0.529097780334919,1.4300065702098956,2.982832610014402,9.82462714902726,0.0,0.0,0.3413033692892686,0.0,2.7058823529411766,2.982832610014402,9.82462714902726,110.13134675589521,110.13134675589521,0.5294117647058824,nan,nan
RAP-MUSIC,5,15,surface_only,case_weighted_within_scenario,68,1,0.5347983333970822,0.535223712958335,1.5690528844681662,4.6992692857844585,7.420532382953307,nan,nan,0.0,nan,2.014705882352941,4.6992692857844585,7.420532382953307,nan,nan,nan,1.0,nan
RAP-MUSIC,5,20,deep_only,case_weighted_within_scenario,15,1,1.0,1.0,0.000838704667451376,nan,nan,0.0,0.0,1.0,0.0,2.533333333333333,nan,nan,0.0,0.0,1.0,nan,nan
RAP-MUSIC,5,20,deep_plus_surface,case_weighted_within_scenario,68,1,0.7008773201298707,0.546619058184118,1.3101946622010403,5.431052578466738,7.069845844429091,0.3773585044801477,0.3773585044801477,0.4048573956310438,0.3773585044801477,2.411764705882353,5.431052578466738,7.069845844429091,51.91818644972953,51.91818644972953,0.7794117647058824,nan,nan
RAP-MUSIC,5,20,deep_plus_two_surface,case_weighted_within_scenario,34,1,0.6029457585576581,0.5283344265622915,1.4061422406934814,2.353073783577769,10.666072139009751,0.0,0.0,0.35864930788008764,0.0,2.5294117647058822,2.353073783577769,10.666072139009751,110.13134675589521,110.13134675589521,0.5294117647058824,nan,nan
RAP-MUSIC,5,20,surface_only,case_weighted_within_scenario,68,1,0.5308048662599334,0.5313252892864258,1.5961231367640807,5.152845310850943,7.433647085803392,nan,nan,0.0,nan,1.8676470588235294,5.152845310850943,7.433647085803392,nan,nan,nan,1.0,nan
RAP-MUSIC,10,-10,deep_only,case_weighted_within_scenario,15,1,1.0,1.0,0.03779424153679683,nan,nan,0.0,0.0,1.0,0.0,1.1333333333333333,nan,nan,0.0,0.0,1.0,nan,nan
RAP-MUSIC,10,-10,deep_plus_surface,case_weighted_within_scenario,68,1,0.6335791699508093,0.5364333313470488,1.5243959775880926,4.666859872197904,8.811805233857287,0.8333333790457078,0.8333333790457078,0.29376262973788686,0.8333333790457078,2.176470588235294,4.666859872197904,8.811805233857287,110.57252325068413,110.57252325068413,0.5294117647058824,nan,nan
RAP-MUSIC,10,-10,deep_plus_two_surface,case_weighted_within_scenario,34,1,0.5685397483471176,0.524950181582026,1.5798751723913271,3.7381488987910947,10.445413780021903,0.8333333790457079,0.8333333790457079,0.2431125679735225,0.8333333790457079,2.588235294117647,3.7381488987910947,10.445413780021903,151.72471945254853,151.72471945254853,0.35294117647058826,nan,nan
RAP-MUSIC,10,-10,surface_only,case_weighted_within_scenario,68,1,0.5255894658621938,0.526032391199459,1.6842583691933122,4.455329192177821,8.59815558635897,nan,nan,0.0,nan,1.6911764705882353,4.455329192177821,8.59815558635897,nan,nan,nan,1.0,nan
RAP-MUSIC,10,-5,deep_only,case_weighted_within_scenario,15,1,1.0,1.0,0.03362477960877997,nan,nan,0.0,0.0,1.0,0.0,1.0666666666666667,nan,nan,0.0,0.0,1.0,nan,nan
RAP-MUSIC,10,-5,deep_plus_surface,case_weighted_within_scenario,68,1,0.6324452634906098,0.5356411625910346,1.5349523927744175,5.288122296928333,8.76448290080269,0.6897753324191293,0.6897753324191293,0.2877441388861052,0.6897753324191293,2.264705882352941,5.288122296928333,8.76448290080269,113.92798276311503,113.92798276311503,0.5,nan,nan
RAP-MUSIC,10,-5,deep_plus_two_surface,case_weighted_within_scenario,34,1,0.573966826749315,0.5258720562747093,1.561237341619266,4.113484892639821,10.521277301904487,0.0,0.0,0.24790701819519015,0.0,2.6470588235294117,4.113484892639821,10.521277301904487,151.43060178935593,151.43060178935593,0.35294117647058826,nan,nan
RAP-MUSIC,10,-5,surface_only,case_weighted_within_scenario,68,1,0.5254905828083153,0.5259331654224532,1.6780433830377763,5.145938655362123,8.354052415881604,nan,nan,0.0,nan,1.838235294117647,5.145938655362123,8.354052415881604,nan,nan,nan,1.0,nan
RAP-MUSIC,10,0,deep_only,case_weighted_within_scenario,15,1,1.0,1.0,0.029534432953677605,nan,nan,0.0,0.0,1.0,0.0,2.1333333333333333,nan,nan,0.0,0.0,1.0,nan,nan
RAP-MUSIC,10,0,deep_plus_surface,case_weighted_within_scenario,68,1,0.6676016614593658,0.5432827873671989,1.4426269038286335,4.455414486393017,7.908721110051463,0.548684911059324,0.548684911059324,0.3561374823034542,0.548684911059324,2.3676470588235294,4.455414486393017,7.908721110051463,82.95354147995981,82.95354147995981,0.6323529411764706,nan,nan
RAP-MUSIC,10,0,deep_plus_two_surface,case_weighted_within_scenario,34,1,0.5840275572866649,0.5275100621134513,1.5094587351716535,3.2633669546481165,9.537816458186404,0.0,0.0,0.26647151960839704,0.0,2.735294117647059,3.2633669546481165,9.537816458186404,137.66418344486902,137.66418344486902,0.4117647058823529,nan,nan
RAP-MUSIC,10,0,surface_only,case_weighted_within_scenario,68,1,0.527538693617378,0.5279057427967264,1.6521286866051472,4.381911564100838,7.675543488154741,nan,nan,0.0,nan,1.8970588235294117,4.381911564100838,7.675543488154741,nan,nan,nan,1.0,nan
RAP-MUSIC,10,5,deep_only,case_weighted_within_scenario,15,1,1.0,1.0,0.01910902071897078,nan,nan,0.0,0.0,1.0,0.0,2.066666666666667,nan,nan,0.0,0.0,1.0,nan,nan
RAP-MUSIC,10,5,deep_plus_surface,case_weighted_within_scenario,68,1,0.6965811515486529,0.5515099160185146,1.3464379435420122,3.563176317374559,7.547079946494652,0.0,0.0,0.3766915345621372,0.0,2.4411764705882355,3.563176317374559,7.547079946494652,65.3904871363128,65.3904871363128,0.7205882352941176,nan,nan
RAP-MUSIC,10,5,deep_plus_two_surface,case_weighted_within_scenario,34,1,0.5987652973205694,0.5289251657258484,1.4671942979744665,2.787399678860942,10.320841387439433,0.0,0.0,0.3165081115520654,0.0,2.5,2.787399678860942,10.320841387439433,117.01455592813868,117.01455592813868,0.5,nan,nan
RAP-MUSIC,10,5,surface_only,case_weighted_within_scenario,68,1,0.5330332733513734,0.5335188850746557,1.582431391618287,3.530530308849243,7.579367092675319,nan,nan,0.0,nan,1.8676470588235294,3.530530308849243,7.579367092675319,nan,nan,nan,1.0,nan
RAP-MUSIC,10,10,deep_only,case_weighted_within_scenario,15,1,1.0,1.0,0.00990053125660269,nan,nan,0.0,0.0,1.0,0.0,2.6666666666666665,nan,nan,0.0,0.0,1.0,nan,nan
RAP-MUSIC,10,10,deep_plus_surface,case_weighted_within_scenario,68,1,0.7141890730506799,0.5524208297847514,1.2900480232203935,2.8534411556284556,7.015116402117425,0.35714287031156833,0.35714287031156833,0.42879458180284535,0.35714287031156833,2.3823529411764706,2.8534411556284556,7.015116402117425,41.59337269136435,41.59337269136435,0.8235294117647058,nan,nan
RAP-MUSIC,10,10,deep_plus_two_surface,case_weighted_within_scenario,34,1,0.5994498967503707,0.530015027826891,1.4426982320614261,1.904217473824014,9.775506200470293,0.5555555860304717,0.5555555860304717,0.33387842128704087,0.5555555860304717,2.5,1.904217473824014,9.775506200470293,110.42546441908783,110.42546441908783,0.5294117647058824,nan,nan
RAP-MUSIC,10,10,surface_only,case_weighted_within_scenario,68,1,0.5287781198065532,0.5293642567922208,1.608939846974579,4.14125653162638,7.698555869503219,nan,nan,0.0,nan,1.7941176470588236,4.14125653162638,7.698555869503219,nan,nan,nan,1.0,nan
RAP-MUSIC,10,15,deep_only,case_weighted_within_scenario,15,1,1.0,1.0,0.0032278791938799073,nan,nan,0.0,0.0,1.0,0.0,2.533333333333333,nan,nan,0.0,0.0,1.0,nan,nan
RAP-MUSIC,10,15,deep_plus_surface,case_weighted_within_scenario,68,1,0.7138261358690591,0.5517417882358421,1.2708683502504552,3.0441842972244357,7.131721922027287,0.18181818525271523,0.18181818525271523,0.4371120235403232,0.18181818525271523,2.3823529411764706,3.0441842972244357,7.131721922027287,44.887918445889774,44.887918445889774,0.8088235294117647,nan,nan
RAP-MUSIC,10,15,deep_plus_two_surface,case_weighted_within_scenario,34,1,0.594904378757674,0.5297283274115616,1.4380532105121404,2.8635353621268416,9.468519212932986,0.0,0.0,0.2983895544846172,0.0,2.5294117647058822,2.8635353621268416,9.468519212932986,123.89776510038213,123.89776510038213,0.47058823529411764,nan,nan
RAP-MUSIC,10,15,surface_only,case_weighted_within_scenario,68,1,0.5321525021548933,0.5326486995223537,1.584489716839395,3.8012652075770847,7.340207370184319,nan,nan,0.0,nan,1.75,3.8012652075770847,7.340207370184319,nan,nan,nan,1.0,nan
RAP-MUSIC,10,20,deep_only,case_weighted_within_scenario,15,1,1.0,1.0,0.0008092488009651615,nan,nan,0.0,0.0,1.0,0.0,2.7333333333333334,nan,nan,0.0,0.0,1.0,nan,nan
RAP-MUSIC,10,20,deep_plus_surface,case_weighted_within_scenario,68,1,0.6958642932516637,0.5507087031477945,1.29141570361113,3.433502957115669,6.990971902225336,0.39215687720485937,0.39215687720485937,0.4107553007701195,0.39215687720485937,2.3823529411764706,3.433502957115669,6.990971902225336,58.80139562197298,58.80139562197298,0.75,nan,nan
RAP-MUSIC,10,20,deep_plus_two_surface,case_weighted_within_scenario,34,1,0.613294228444409,0.5300418132458575,1.381274716293291,2.7234400106619097,8.294770414553419,0.0,0.0,0.37540916203435576,0.0,2.7058823529411766,2.7234400106619097,8.294770414553419,96.36492841140831,96.36492841140831,0.5882352941176471,nan,nan
RAP-MUSIC,10,20,surface_only,case_weighted_within_scenario,68,1,0.5342954191793017,0.5347884783611944,1.5628226639201728,4.169112181731346,7.230166620716933,nan,nan,0.0,nan,1.911764705882353,4.169112181731346,7.230166620716933,nan,nan,nan,1.0,nan
RAP-MUSIC,15,-10,deep_only,case_weighted_within_scenario,15,1,1.0,1.0,0.010073233983473389,nan,nan,0.0,0.0,1.0,0.0,1.0,nan,nan,0.0,0.0,1.0,nan,nan
RAP-MUSIC,15,-10,deep_plus_surface,case_weighted_within_scenario,68,1,0.6650578972316011,0.5374789249102677,1.481834822593793,5.448606982893135,9.088446103771744,0.2325581522918254,0.2325581522918254,0.3515319043744959,0.2325581522918254,2.3823529411764706,5.448606982893135,9.088446103771744,86.18717348463944,86.18717348463944,0.6323529411764706,nan,nan
RAP-MUSIC,15,-10,deep_plus_two_surface,case_weighted_within_scenario,34,1,0.605613599498695,0.5254049862815354,1.510704853395605,4.182191422207148,11.779451479358963,0.0,0.0,0.3340797759332615,0.0,2.6470588235294117,4.182191422207148,11.779451479358963,103.24813758365177,103.24813758365177,0.5588235294117647,nan,nan
RAP-MUSIC,15,-10,surface_only,case_weighted_within_scenario,68,1,0.5274366424774516,0.527968494232825,1.6541636723436406,4.9008611435624925,8.585256128459095,nan,nan,0.0,nan,1.838235294117647,4.9008611435624925,8.585256128459095,nan,nan,nan,1.0,nan
RAP-MUSIC,15,-5,deep_only,case_weighted_within_scenario,15,1,1.0,1.0,0.010086367354584813,nan,nan,0.0,0.0,1.0,0.0,1.0,nan,nan,0.0,0.0,1.0,nan,nan
RAP-MUSIC,15,-5,deep_plus_surface,case_weighted_within_scenario,68,1,0.6771391265410228,0.5407378870100035,1.4542809058437156,4.484807230433605,8.543968534410256,0.42347976023822004,0.21739131627279332,0.3593662975925338,0.21739131627279332,2.3676470588235294,4.484807230433605,8.543968534410256,76.00177249719206,75.86235972627426,0.6764705882352942,nan,nan
RAP-MUSIC,15,-5,deep_plus_two_surface,case_weighted_within_scenario,34,1,0.5954763069727771,0.5240496223254285,1.5415414551156954,4.122876953794518,11.964827334140963,0.0,0.0,0.28979230298865644,0.0,2.6176470588235294,4.122876953794518,11.964827334140963,117.01455592813868,117.01455592813868,0.5,nan,nan
RAP-MUSIC,15,-5,surface_only,case_weighted_within_scenario,68,1,0.5257601896665862,0.5262676816297858,1.6808411110585084,4.574063112285155,8.488051960355776,nan,nan,0.0,nan,1.7647058823529411,4.574063112285155,8.488051960355776,nan,nan,nan,1.0,nan
RAP-MUSIC,15,0,deep_only,case_weighted_within_scenario,15,1,1.0,1.0,0.01034569173320157,nan,nan,0.0,0.0,1.0,0.0,1.2666666666666666,nan,nan,0.0,0.0,1.0,nan,nan
RAP-MUSIC,15,0,deep_plus_surface,case_weighted_within_scenario,68,1,0.6794433449459307,0.5458149411521331,1.4033024741258442,4.128506845368137,7.845277911123757,0.5136624739366035,0.5136624739366035,0.37309798381110626,0.5136624739366035,2.4411764705882355,4.128506845368137,7.845277911123757,72.62872772436538,72.62872772436538,0.6764705882352942,nan,nan
RAP-MUSIC,15,0,deep_plus_two_surface,case_weighted_within_scenario,34,1,0.5922665626902575,0.525790605428345,1.5187620302380833,3.2030060941877845,11.323768097703327,0.0,0.0,0.2818698631922111,0.0,2.588235294117647,3.2030060941877845,11.323768097703327,123.89776510038213,123.89776510038213,0.47058823529411764,nan,nan
RAP-MUSIC,15,0,surface_only,case_weighted_within_scenario,68,1,0.5265099469394912,0.5269663408080518,1.6747852975602575,5.085182113280856,8.426403379826395,nan,nan,0.0,nan,1.8235294117647058,5.085182113280856,8.426403379826395,nan,nan,nan,1.0,nan
RAP-MUSIC,15,5,deep_only,case_weighted_within_scenario,15,1,1.0,1.0,0.00861727613481179,nan,nan,0.0,0.0,1.0,0.0,1.6,nan,nan,0.0,0.0,1.0,nan,nan
RAP-MUSIC,15,5,deep_plus_surface,case_weighted_within_scenario,68,1,0.6955327156089754,0.5496204198847208,1.3789784099353812,4.238110684415241,7.4110062755272645,0.20000001097096992,0.20000001097096992,0.3544088210363023,0.20000001097096992,2.514705882352941,4.238110684415241,7.4110062755272645,62.09594138178738,62.09594138178738,0.7352941176470589,nan,nan
RAP-MUSIC,15,5,deep_plus_two_surface,case_weighted_within_scenario,34,1,0.603245059012191,0.528805304745273,1.4519298657167559,2.7623271579872766,9.823701204131467,0.0,0.0,0.3225239708152287,0.0,2.6470588235294117,2.7623271579872766,9.823701204131467,110.13134675589521,110.13134675589521,0.5294117647058824,nan,nan
RAP-MUSIC,15,5,surface_only,case_weighted_within_scenario,68,1,0.5282904975771068,0.5287853581747927,1.6269887755836463,4.196648896021365,8.294755012215811,nan,nan,0.0,nan,1.75,4.196648896021365,8.294755012215811,nan,nan,nan,1.0,nan
RAP-MUSIC,15,10,deep_only,case_weighted_within_scenario,15,1,1.0,1.0,0.006178355865783097,nan,nan,0.0,0.0,1.0,0.0,2.8666666666666667,nan,nan,0.0,0.0,1.0,nan,nan
RAP-MUSIC,15,10,deep_plus_surface,case_weighted_within_scenario,68,1,0.7104497618825479,0.5517591862201436,1.322973316063471,3.46397094731793,7.545584929304487,0.0,0.0,0.37604483617004963,0.0,2.5,3.46397094731793,7.545584929304487,51.62406879182589,51.62406879182589,0.7794117647058824,nan,nan
RAP-MUSIC,15,10,deep_plus_two_surface,case_weighted_within_scenario,34,1,0.6035681744989658,0.5290959422311665,1.4427052771488889,2.621694491144795,8.244892904712136,0.0,0.0,0.32101101998517834,0.0,2.6176470588235294,2.621694491144795,8.244892904712136,110.13134675589521,110.13134675589521,0.5294117647058824,nan,nan
RAP-MUSIC,15,10,surface_only,case_weighted_within_scenario,68,1,0.5338364278606259,0.5343688780684008,1.5606688826888029,3.3668600762091785,7.302918075771154,nan,nan,0.0,nan,1.8088235294117647,3.3668600762091785,7.302918075771154,nan,nan,nan,1.0,nan
RAP-MUSIC,15,15,deep_only,case_weighted_within_scenario,15,1,1.0,1.0,0.0025723492359386534,nan,nan,0.0,0.0,1.0,0.0,2.8,nan,nan,0.0,0.0,1.0,nan,nan
RAP-MUSIC,15,15,deep_plus_surface,case_weighted_within_scenario,68,1,0.71010423540246,0.551026580026672,1.3314917151722927,3.608748579835777,7.412961561184514,0.0,0.0,0.3767788505949174,0.0,2.3970588235294117,3.608748579835777,7.412961561184514,51.62406879182589,51.62406879182589,0.7794117647058824,nan,nan
RAP-MUSIC,15,15,deep_plus_two_surface,case_weighted_within_scenario,34,1,0.6088438693422138,0.529796776827466,1.4204707190135342,2.7505497281931284,9.818736142383276,0.0,0.0,0.35566256082522146,0.0,2.5588235294117645,2.7505497281931284,9.818736142383276,103.24813758365177,103.24813758365177,0.5588235294117647,nan,nan
RAP-MUSIC,15,15,surface_only,case_weighted_within_scenario,68,1,0.5313701945941632,0.5319593187672463,1.5869315412234257,4.388181424829822,7.9604084256223056,nan,nan,0.0,nan,1.75,4.388181424829822,7.9604084256223056,nan,nan,nan,1.0,nan
RAP-MUSIC,15,20,deep_only,case_weighted_within_scenario,15,1,1.0,1.0,0.000787491203925961,nan,nan,0.0,0.0,1.0,0.0,2.6666666666666665,nan,nan,0.0,0.0,1.0,nan,nan
RAP-MUSIC,15,20,deep_plus_surface,case_weighted_within_scenario,68,1,0.707700570495012,0.5532897698420323,1.2895621837810172,3.2484106566318465,6.835658779354319,0.44707659667821137,0.44707659667821137,0.4134357767895265,0.44707659667821137,2.4705882352941178,3.2484106566318465,6.835658779354319,48.53749562071332,48.53749562071332,0.7794117647058824,nan,nan
RAP-MUSIC,15,20,deep_plus_two_surface,case_weighted_within_scenario,34,1,0.6002902990766712,0.5309338705180208,1.438397200911183,2.650095732227671,10.249828431201516,0.0,0.0,0.28029831363029195,0.0,2.6470588235294117,2.650095732227671,10.249828431201516,117.01455592813869,117.01455592813869,0.5,nan,nan
RAP-MUSIC,15,20,surface_only,case_weighted_within_scenario,68,1,0.5351147389775028,0.5356780496246271,1.5431266246162771,3.7078334229667567,6.792834618377494,nan,nan,0.0,nan,1.8529411764705883,3.7078334229667567,6.792834618377494,nan,nan,nan,1.0,nan
RAP-MUSIC,20,-10,deep_only,case_weighted_within_scenario,15,1,1.0,1.0,0.0032906628134182323,nan,nan,0.0,0.0,1.0,0.0,1.0,nan,nan,0.0,0.0,1.0,nan,nan
RAP-MUSIC,20,-10,deep_plus_surface,case_weighted_within_scenario,68,1,0.6763969433267473,0.539341864065831,1.479951593370527,5.519911204756143,9.132753706796866,0.21739131627279332,0.21739131627279332,0.33677315621640547,0.21739131627279332,2.3970588235294117,5.519911204756143,9.132753706796866,75.86235972627428,75.86235972627428,0.6764705882352942,nan,nan
RAP-MUSIC,20,-10,deep_plus_two_surface,case_weighted_within_scenario,34,1,0.605594509377232,0.5251295483192296,1.5091857720401198,4.725832537874076,11.167109001751179,0.0,0.0,0.3484769673095553,0.0,2.7941176470588234,4.725832537874076,11.167109001751179,103.24813758365177,103.24813758365177,0.5588235294117647,nan,nan
RAP-MUSIC,20,-10,surface_only,case_weighted_within_scenario,68,1,0.5232800070185507,0.5238929396941672,1.7152335812978223,5.1746880552772385,8.915684386786292,nan,nan,0.0,nan,1.8088235294117647,5.1746880552772385,8.915684386786292,nan,nan,nan,1.0,nan
RAP-MUSIC,20,-5,deep_only,case_weighted_within_scenario,15,1,1.0,1.0,0.007544966701601668,nan,nan,0.0,0.0,1.0,0.0,1.2,nan,nan,0.0,0.0,1.0,nan,nan
RAP-MUSIC,20,-5,deep_plus_surface,case_weighted_within_scenario,68,1,0.6822342887079904,0.5438761614655162,1.4228203285957175,4.8446430536229075,8.891119275199012,0.0,0.0,0.3456837376506783,0.0,2.426470588235294,4.8446430536229075,8.891119275199012,75.71530089467797,75.71530089467797,0.6764705882352942,nan,nan
RAP-MUSIC,20,-5,deep_plus_two_surface,case_weighted_within_scenario,34,1,0.6206175752270605,0.5270105588234718,1.4731158457595352,4.253729360220996,9.985360195256193,0.0,0.0,0.3666185479748403,0.0,2.823529411764706,4.253729360220996,9.985360195256193,82.59851006692142,82.59851006692142,0.6470588235294118,nan,nan
RAP-MUSIC,20,-5,surface_only,case_weighted_within_scenario,68,1,0.5254670187176679,0.5260094300848124,1.676672597818644,5.104583670101858,8.634838956790233,nan,nan,0.0,nan,1.7941176470588236,5.104583670101858,8.634838956790233,nan,nan,nan,1.0,nan
RAP-MUSIC,20,0,deep_only,case_weighted_within_scenario,15,1,1.0,1.0,0.004984495720480468,nan,nan,0.0,0.0,1.0,0.0,1.7333333333333334,nan,nan,0.0,0.0,1.0,nan,nan
RAP-MUSIC,20,0,deep_plus_surface,case_weighted_within_scenario,68,1,0.6773461409730851,0.5408325947117872,1.4434703056278875,4.3349703807602795,8.660831089420853,0.2055331941489982,0.0,0.339159788242149,0.0,2.3529411764705883,4.3349703807602795,8.660831089420853,79.29292009457475,79.1569054807997,0.6617647058823529,nan,nan
RAP-MUSIC,20,0,deep_plus_two_surface,case_weighted_within_scenario,34,1,0.6053404676687499,0.524999482525794,1.502131314300556,4.493181865936688,10.016911854882984,0.0,0.0,0.348448569960101,0.0,2.764705882352941,4.493181865936688,10.016911854882984,103.24813758365177,103.24813758365177,0.5588235294117647,nan,nan
RAP-MUSIC,20,0,surface_only,case_weighted_within_scenario,68,1,0.5285752301340962,0.5291642171032099,1.6606974614616836,4.864572253517094,8.584743369212955,nan,nan,0.0,nan,1.8529411764705883,4.864572253517094,8.584743369212955,nan,nan,nan,1.0,nan
RAP-MUSIC,20,5,deep_only,case_weighted_within_scenario,15,1,1.0,1.0,0.003841719560634152,nan,nan,0.0,0.0,1.0,0.0,2.0,nan,nan,0.0,0.0,1.0,nan,nan
RAP-MUSIC,20,5,deep_plus_surface,case_weighted_within_scenario,68,1,0.6865549654290712,0.5452386084376868,1.390672587381978,3.9855390275371225,8.044690961173552,0.20833334476142693,0.20833334476142693,0.3576797837188434,0.20833334476142693,2.426470588235294,3.9855390275371225,8.044690961173552,68.97915055403082,68.97915055403082,0.7058823529411765,nan,nan
RAP-MUSIC,20,5,deep_plus_two_surface,case_weighted_within_scenario,34,1,0.60188574189532,0.5264685720574801,1.5065661773864958,3.520193827927039,9.497957234754814,0.0,0.0,0.31900381224156144,0.0,2.676470588235294,3.520193827927039,9.497957234754814,110.13134675589521,110.13134675589521,0.5294117647058824,nan,nan
RAP-MUSIC,20,5,surface_only,case_weighted_within_scenario,68,1,0.5255564170886291,0.5261337580610704,1.6656505105133212,5.162068515912782,7.835281406688843,nan,nan,0.0,nan,1.8676470588235294,5.162068515912782,7.835281406688843,nan,nan,nan,1.0,nan
RAP-MUSIC,20,10,deep_only,case_weighted_within_scenario,15,1,1.0,1.0,0.0030020651510451876,nan,nan,0.0,0.0,1.0,0.0,2.8,nan,nan,0.0,0.0,1.0,nan,nan
RAP-MUSIC,20,10,deep_plus_surface,case_weighted_within_scenario,68,1,0.6954572576052778,0.5497692155102212,1.3432506777712299,3.7850817975451303,7.777169921024313,0.20000001097096984,0.20000001097096984,0.3713264244135922,0.20000001097096984,2.5,3.7850817975451303,7.777169921024313,62.09594138178736,62.09594138178736,0.7352941176470589,nan,nan
RAP-MUSIC,20,10,deep_plus_two_surface,case_weighted_within_scenario,34,1,0.6088341093256272,0.5299275050438661,1.4398743626639434,2.7743448535261734,9.081517872690544,0.0,0.0,0.3423093437993188,0.0,2.676470588235294,2.7743448535261734,9.081517872690544,103.24813758365177,103.24813758365177,0.5588235294117647,nan,nan
RAP-MUSIC,20,10,surface_only,case_weighted_within_scenario,68,1,0.52972084277046,0.5302277829049453,1.6213884931270928,5.2950303383220145,8.018994717570695,nan,nan,0.0,nan,1.8529411764705883,5.2950303383220145,8.018994717570695,nan,nan,nan,1.0,nan
RAP-MUSIC,20,15,deep_only,case_weighted_within_scenario,15,1,1.0,1.0,0.0015615343529328878,nan,nan,0.0,0.0,1.0,0.0,2.8,nan,nan,0.0,0.0,1.0,nan,nan
RAP-MUSIC,20,15,deep_plus_surface,case_weighted_within_scenario,68,1,0.7147208048249423,0.5533048768297393,1.316664772865762,3.6173879424673707,7.646388740818907,0.0,0.0,0.3834238015519574,0.0,2.4705882352941178,3.6173879424673707,7.646388740818907,48.18246420570416,48.18246420570416,0.7941176470588235,nan,nan
RAP-MUSIC,20,15,deep_plus_two_surface,case_weighted_within_scenario,34,1,0.59899806956008,0.5291386661999492,1.458967737961573,2.595053926298187,9.996076711687094,0.0,0.0,0.298353658507045,0.0,2.588235294117647,2.595053926298187,9.996076711687094,117.01455592813868,117.01455592813868,0.5,nan,nan
RAP-MUSIC,20,15,surface_only,case_weighted_within_scenario,68,1,0.5334628413117377,0.5339807395562888,1.5685500930698815,3.193377528695461,7.171112393041939,nan,nan,0.0,nan,1.7647058823529411,3.193377528695461,7.171112393041939,nan,nan,nan,1.0,nan
RAP-MUSIC,20,20,deep_only,case_weighted_within_scenario,15,1,1.0,1.0,0.0007143339665393013,nan,nan,0.0,0.0,1.0,0.0,2.7333333333333334,nan,nan,0.0,0.0,1.0,nan,nan
RAP-MUSIC,20,20,deep_plus_surface,case_weighted_within_scenario,68,1,0.7009979645948123,0.553402052904184,1.2987177975527224,3.4696636228825133,7.808227640505356,0.0,0.0,0.3749188435094666,0.0,2.411764705882353,3.4696636228825133,7.808227640505356,61.948882550191065,61.948882550191065,0.7352941176470589,nan,nan
RAP-MUSIC,20,20,deep_plus_two_surface,case_weighted_within_scenario,34,1,0.6087375548005732,0.530137482813763,1.4016728829378622,2.572770663784383,8.997191030044046,0.0,0.0,0.32844898713156406,0.0,2.6470588235294117,2.572770663784383,8.997191030044046,103.24813758365177,103.24813758365177,0.5588235294117647,nan,nan
RAP-MUSIC,20,20,surface_only,case_weighted_within_scenario,68,1,0.5332661313214893,0.5338400692991018,1.5722407556624627,3.4653269324225446,7.272150198621836,nan,nan,0.0,nan,1.7794117647058822,3.4653269324225446,7.272150198621836,nan,nan,nan,1.0,nan
dSPM,-10,-10,deep_only,case_weighted_within_scenario,15,1,0.8640000000000001,0.9646964856230031,1.983669363956993,nan,nan,21.37211284282997,6.276142522595588,0.8950988459898139,6.552284886726528,7513.0,nan,nan,21.37211284282997,6.276142522595588,0.8666666666666667,nan,nan
dSPM,-10,-10,deep_plus_surface,case_weighted_within_scenario,68,1,0.7314647901068826,0.8478907434640618,1.9498522681409645,71.64650726766055,18.02723637379284,22.509974042783615,24.23163514137149,0.5392920731237953,25.12515346795866,7467.176470588235,71.64650726766055,18.02723637379284,22.509974042783615,24.23163514137149,0.11764705882352941,nan,nan
dSPM,-10,-10,deep_plus_two_surface,case_weighted_within_scenario,34,1,0.7995755372373123,0.7757271178740341,1.9499350940858184,49.70234219113825,31.089700858948216,22.860358610667628,23.752365710715576,0.5768969578659278,22.92845909248732,7508.5,49.70234219113825,31.089700858948216,22.860358610667628,23.752365710715576,0.20588235294117646,nan,nan
dSPM,-10,-10,surface_only,case_weighted_within_scenario,68,1,0.7931920941430176,0.8802320187918555,1.9379429537786044,71.5856021844763,15.065726377250916,nan,nan,0.5135405568627823,nan,7448.882352941177,71.5856021844763,15.065726377250916,nan,nan,nan,0.0,nan
dSPM,-10,-5,deep_only,case_weighted_within_scenario,15,1,0.9900000000000001,0.9983315583954562,1.9755733237026663,nan,nan,20.597789689379873,3.8213672355484563,0.9616956129479276,2.6666666597202724,7513.0,nan,nan,20.597789689379873,3.8213672355484563,1.0,nan,nan
dSPM,-10,-5,deep_plus_surface,case_weighted_within_scenario,68,1,0.7599212556710518,0.8844668822259952,1.931997337669515,70.01833805380036,13.733436591525034,22.34092459901115,20.663632489995617,0.4303751993996006,20.250388809059032,6800.25,70.01833805380036,13.733436591525034,22.34092459901115,20.663632489995617,0.25,nan,nan
dSPM,-10,-5,deep_plus_two_surface,case_weighted_within_scenario,34,1,0.8380396242916303,0.8270786090459867,1.931196513778889,49.08524529046322,19.08505644655494,22.60942350555457,17.882004480729243,0.46825632516209525,18.045852453608912,7271.117647058823,49.08524529046322,19.08505644655494,22.60942350555457,17.882004480729243,0.35294117647058826,nan,nan
dSPM,-10,-5,surface_only,case_weighted_within_scenario,68,1,0.8270607446567079,0.9052746606421885,1.916718545123121,68.52119147615684,13.390873792659702,nan,nan,0.41316707663094915,nan,6410.35294117647,68.52119147615684,13.390873792659702,nan,nan,nan,0.0,nan
dSPM,-10,0,deep_only,case_weighted_within_scenario,15,1,0.9953333333333334,0.9996538871139511,1.9633181745868158,nan,nan,18.991484044531152,1.333333382496522,0.9719800915761394,1.333333382496522,7512.8,nan,nan,18.991484044531152,1.333333382496522,1.0,nan,nan
dSPM,-10,0,deep_plus_surface,case_weighted_within_scenario,68,1,0.8443462223167776,0.9242952769647789,1.9046321667296255,49.241817819692876,13.555631393032433,21.808634633777686,14.095273967197693,0.3638313511920847,13.729754065480892,4006.25,49.241817819692876,13.555631393032433,21.808634633777686,14.095273967197693,0.5,nan,nan
dSPM,-10,0,deep_plus_two_surface,case_weighted_within_scenario,34,1,0.8617020975486773,0.8648109354985821,1.9035865867720565,41.93134190545875,14.726226073039342,22.31469477677977,15.949107830029716,0.3842636526361894,17.169489698261273,4785.558823529412,41.93134190545875,14.726226073039342,22.31469477677977,15.949107830029716,0.4117647058823529,nan,nan
dSPM,-10,0,surface_only,case_weighted_within_scenario,68,1,0.8472874198852831,0.9256547681422712,1.883664420139138,45.523520487573876,12.610815845249345,nan,nan,0.32396707383822204,nan,3549.264705882353,45.523520487573876,12.610815845249345,nan,nan,nan,0.0,nan
dSPM,-10,5,deep_only,case_weighted_within_scenario,15,1,0.9960000000000001,0.999724884629038,1.9425000244140842,nan,nan,17.11146824337923,0.666666703236566,0.9825980307568821,0.666666703236566,5508.266666666666,nan,nan,17.11146824337923,0.666666703236566,1.0,nan,nan
dSPM,-10,5,deep_plus_surface,case_weighted_within_scenario,68,1,0.8806036070699863,0.9280603976588697,1.8660697444432668,28.466295439632294,12.592766844103169,21.21817898253386,12.698920389682941,0.3074239930157342,13.148605993315758,1495.8382352941176,28.466295439632294,12.592766844103169,21.21817898253386,12.698920389682941,0.5147058823529411,nan,nan
dSPM,-10,5,deep_plus_two_surface,case_weighted_within_scenario,34,1,0.8821600687429451,0.8756958800018458,1.8658688580374627,26.279747491990637,14.816611807681099,21.639902900262367,13.636986525465709,0.3376231657380948,13.36645622528333,1832.4411764705883,26.279747491990637,14.816611807681099,21.639902900262367,13.636986525465709,0.5,nan,nan
dSPM,-10,5,surface_only,case_weighted_within_scenario,68,1,0.8523389213409445,0.9305916117182244,1.838820553868549,26.208967938285923,12.18658191158205,nan,nan,0.25622155739283126,nan,1286.5294117647059,26.208967938285923,12.18658191158205,nan,nan,nan,0.014705882352941176,nan
dSPM,-10,10,deep_only,case_weighted_within_scenario,15,1,0.9960000000000001,0.9997071352502662,1.9181455018820068,nan,nan,15.135040348628674,1.3333334064731324,0.9784867216475537,1.3333334064731324,1309.6,nan,nan,15.135040348628674,1.3333334064731324,1.0,nan,nan
dSPM,-10,10,deep_plus_surface,case_weighted_within_scenario,68,1,0.8849476195155213,0.9343581141556898,1.822329423489217,21.484350096506763,12.357355327202834,20.158634467196936,10.53784339041283,0.26640895211568927,10.831961064156884,482.3970588235294,21.484350096506763,12.357355327202834,20.158634467196936,10.53784339041283,0.5588235294117647,nan,nan
dSPM,-10,10,deep_plus_two_surface,case_weighted_within_scenario,34,1,0.8891135749595954,0.8860504398612458,1.8237694827009774,20.799995565278532,17.241504080934103,20.851498149460888,13.650304214308179,0.30937887427931715,13.329773757926521,616.0882352941177,20.799995565278532,17.241504080934103,20.851498149460888,13.650304214308179,0.4411764705882353,nan,nan
dSPM,-10,10,surface_only,case_weighted_within_scenario,68,1,0.8600249335639562,0.9410088503233353,1.7864184125118587,20.56432941811327,11.6562281473219,nan,nan,0.21163577985281018,nan,444.97058823529414,20.56432941811327,11.6562281473219,nan,nan,nan,0.1323529411764706,nan
dSPM,-10,15,deep_only,case_weighted_within_scenario,15,1,0.9900000000000001,0.9991746538871138,1.9018968922438215,nan,nan,14.472027072467398,1.3333334064731324,0.9206256550780016,1.3333334064731324,817.5333333333333,nan,nan,14.472027072467398,1.3333334064731324,1.0,nan,nan
dSPM,-10,15,deep_plus_surface,case_weighted_within_scenario,68,1,0.8867210670361348,0.9359705768180276,1.7926425385879785,21.122468678568666,11.708678473130682,19.14905372972717,10.44410261839773,0.24479442405419197,10.44410261839773,408.4264705882353,21.122468678568666,11.708678473130682,19.14905372972717,10.44410261839773,0.5294117647058824,nan,nan
dSPM,-10,15,deep_plus_two_surface,case_weighted_within_scenario,34,1,0.8860416239049886,0.8837833706220082,1.79569586708648,20.21924326391317,16.332170382010478,19.35657810426212,12.926031275184465,0.29368443003683964,12.926031275184465,505.55882352941177,20.21924326391317,16.332170382010478,19.35657810426212,12.926031275184465,0.47058823529411764,nan,nan
dSPM,-10,15,surface_only,case_weighted_within_scenario,68,1,0.8602777078536263,0.9428834911205788,1.750367155656532,20.15837935878083,11.941390274086718,nan,nan,0.19202498891457315,nan,389.54411764705884,20.15837935878083,11.941390274086718,nan,nan,nan,0.35294117647058826,nan
dSPM,-10,20,deep_only,case_weighted_within_scenario,15,1,0.9840000000000001,0.9982871849485268,1.898737709636255,nan,nan,14.371322031125592,1.6094757835198725,0.8704362684100725,1.6094757835198725,761.0,nan,nan,14.371322031125592,1.6094757835198725,0.9333333333333333,nan,nan
dSPM,-10,20,deep_plus_surface,case_weighted_within_scenario,68,1,0.8781965816462405,0.935055851704595,1.7829405075467513,21.40008567954092,13.884985802830103,18.167100075916668,9.97876931288008,0.22946714229493845,9.97876931288008,396.1470588235294,21.40008567954092,13.884985802830103,18.167100075916668,9.97876931288008,0.5441176470588235,nan,nan
dSPM,-10,20,deep_plus_two_surface,case_weighted_within_scenario,34,1,0.8843362568858004,0.8820471039864296,1.790156240047208,20.535937145290536,20.466066440159683,19.045134627275207,14.17157700448327,0.27026762015545297,14.17157700448327,486.0882352941176,20.535937145290536,20.466066440159683,19.045134627275207,14.17157700448327,0.38235294117647056,nan,nan
dSPM,-10,20,surface_only,case_weighted_within_scenario,68,1,0.8579386236376064,0.9408829593498201,1.7386230985638147,20.46227206383688,13.181778542866821,nan,nan,0.17763782211639312,nan,375.63235294117646,20.46227206383688,13.181778542866821,nan,nan,nan,0.36764705882352944,nan
dSPM,-5,-10,deep_only,case_weighted_within_scenario,15,1,0.9746666666666666,0.9966453674121406,1.9793225433459167,nan,nan,20.91466565590094,4.373652031141745,0.9314813355415501,3.8856181744898484,7513.0,nan,nan,20.91466565590094,4.373652031141745,0.8666666666666667,nan,nan
dSPM,-5,-10,deep_plus_surface,case_weighted_within_scenario,68,1,0.770632876198506,0.8819516438978281,1.9332701741387752,66.72529102289639,14.90896039659388,22.207175566917584,17.505350544399032,0.44631655556260047,17.829039946540558,6382.161764705882,66.72529102289639,14.90896039659388,22.207175566917584,17.505350544399032,0.3088235294117647,nan,nan
dSPM,-5,-10,deep_plus_two_surface,case_weighted_within_scenario,34,1,0.8346843763389098,0.8135699901672844,1.9317436896764704,48.03650057032084,20.58790120272244,22.62383162544146,19.25611139590496,0.45399232041427057,20.603044809437364,6773.705882352941,48.03650057032084,20.58790120272244,22.62383162544146,19.25611139590496,0.2647058823529412,nan,nan
dSPM,-5,-10,surface_only,case_weighted_within_scenario,68,1,0.8113251524239161,0.8951081892074924,1.9180766196736732,65.78871880857189,14.769641761053377,nan,nan,0.42422535241328363,nan,6142.39705882353,65.78871880857189,14.769641761053377,nan,nan,nan,0.0,nan
dSPM,-5,-5,deep_only,case_weighted_within_scenario,15,1,0.9920000000000001,0.9993432729854455,1.9712094633071524,nan,nan,19.8487221299415,4.161760567432218,0.9510996388890558,4.828427270668785,7513.0,nan,nan,19.8487221299415,4.161760567432218,0.8,nan,nan
dSPM,-5,-5,deep_plus_surface,case_weighted_within_scenario,68,1,0.8035872466849553,0.9010782851608093,1.9146163292056244,58.72061257425745,14.371587677123346,22.133010742775692,17.656236464615503,0.3703337150751904,18.194945247663327,5148.573529411765,58.72061257425745,14.371587677123346,22.133010742775692,17.656236464615503,0.39705882352941174,nan,nan
dSPM,-5,-5,deep_plus_two_surface,case_weighted_within_scenario,34,1,0.8472031946086773,0.8417439720639953,1.912682222500243,44.22577695011961,17.853723810604137,22.583035169590374,18.375317878284523,0.38605362325570713,18.23410760567301,5745.411764705882,44.22577695011961,17.853723810604137,22.583035169590374,18.375317878284523,0.4117647058823529,nan,nan
dSPM,-5,-5,surface_only,case_weighted_within_scenario,68,1,0.8377999241737857,0.9173226807380666,1.8942717050320155,55.40750496723527,13.932243664661744,nan,nan,0.3420487443042706,nan,4679.926470588235,55.40750496723527,13.932243664661744,nan,nan,nan,0.0,nan
dSPM,-5,0,deep_only,case_weighted_within_scenario,15,1,0.9966666666666667,0.999582889598864,1.9577317886960657,nan,nan,18.616026380027485,0.666666703236566,0.9728986540927519,0.666666703236566,7470.666666666667,nan,nan,18.616026380027485,0.666666703236566,1.0,nan,nan
dSPM,-5,0,deep_plus_surface,case_weighted_within_scenario,68,1,0.8441935216634796,0.9201166767358163,1.8868917169221262,40.45419951150934,13.21633829389468,21.752365145465976,13.354207484502572,0.3207019438362667,13.586044411604629,2654.779411764706,40.45419951150934,13.21633829389468,21.752365145465976,13.354207484502572,0.4852941176470588,nan,nan
dSPM,-5,0,deep_plus_two_surface,case_weighted_within_scenario,34,1,0.8696286170286343,0.8646175819070061,1.8844375794952852,34.02918662858361,16.98826452709325,22.23178905148264,14.52122366881397,0.3336921503718462,14.643051167436349,3506.9117647058824,34.02918662858361,16.98826452709325,22.23178905148264,14.52122366881397,0.5,nan,nan
dSPM,-5,0,surface_only,case_weighted_within_scenario,68,1,0.8534214370236477,0.9308755730062512,1.8630274440611896,36.457927813571956,12.456200438896014,nan,nan,0.27536091250041966,nan,2212.3970588235293,36.457927813571956,12.456200438896014,nan,nan,nan,0.0,nan
dSPM,-5,5,deep_only,case_weighted_within_scenario,15,1,0.9973333333333334,0.9997692580759675,1.9391881601638705,nan,nan,16.82860286915031,0.666666703236566,0.9745599084167241,0.666666703236566,4889.333333333333,nan,nan,16.82860286915031,0.666666703236566,1.0,nan,nan
dSPM,-5,5,deep_plus_surface,case_weighted_within_scenario,68,1,0.872482267445132,0.9334013730380689,1.8511276653385837,25.335103089039222,12.872731176067386,21.15073834882585,11.584730462537074,0.28132679433537056,12.141104033371132,1094.235294117647,25.335103089039222,12.872731176067386,21.15073834882585,11.584730462537074,0.5147058823529411,nan,nan
dSPM,-5,5,deep_plus_two_surface,case_weighted_within_scenario,34,1,0.8874808362697649,0.889000718924229,1.8498850824272848,23.43459670449392,16.06028782643294,21.580728894982933,13.85611287298641,0.31720501203257484,14.411704643552248,1278.7941176470588,23.43459670449392,16.06028782643294,21.580728894982933,13.85611287298641,0.4411764705882353,nan,nan
dSPM,-5,5,surface_only,case_weighted_within_scenario,68,1,0.8638328126792016,0.9416645345743339,1.820312735192825,23.992251351180442,12.561374210161086,nan,nan,0.23403575586448866,nan,1003.1764705882352,23.992251351180442,12.561374210161086,nan,nan,nan,0.014705882352941176,nan
dSPM,-5,10,deep_only,case_weighted_within_scenario,15,1,0.9966666666666667,0.999724884629038,1.9145881775435245,nan,nan,15.487260104166886,0.666666703236566,0.9764357755476041,0.666666703236566,1239.9333333333334,nan,nan,15.487260104166886,0.666666703236566,1.0,nan,nan
dSPM,-5,10,deep_plus_surface,case_weighted_within_scenario,68,1,0.8998486813993242,0.93343800190899,1.8126556839872225,20.72834930187676,12.72037221707377,20.22219746345576,10.305509395824462,0.26753201028969437,10.18464844776877,448.70588235294116,20.72834930187676,12.72037221707377,20.22219746345576,10.305509395824462,0.6029411764705882,nan,nan
dSPM,-5,10,deep_plus_two_surface,case_weighted_within_scenario,34,1,0.893989365704587,0.887509345967303,1.8108128807269355,19.620462103905528,16.286978793868993,20.784176583766822,12.318826843404036,0.29796603440113656,11.955277434130252,543.7647058823529,19.620462103905528,16.286978793868993,20.784176583766822,12.318826843404036,0.5882352941176471,nan,nan
dSPM,-5,10,surface_only,case_weighted_within_scenario,68,1,0.8610126418292952,0.9400451328645874,1.7743947021923687,19.761880413840327,12.362660634746389,nan,nan,0.20714069858158327,nan,410.47058823529414,19.761880413840327,12.362660634746389,nan,nan,nan,0.17647058823529413,nan
dSPM,-5,15,deep_only,case_weighted_within_scenario,15,1,0.9953333333333334,0.9996805111821087,1.8953216985682746,nan,nan,14.636029612246467,1.3333334064731324,0.9787987010658702,1.3333334064731324,826.2,nan,nan,14.636029612246467,1.3333334064731324,1.0,nan,nan
dSPM,-5,15,deep_plus_surface,case_weighted_within_scenario,68,1,0.8970108390339994,0.9361449595989239,1.7835967380216962,20.37530199087172,12.182491015257758,19.037592743472356,9.657035448478737,0.25570717893028794,10.012066856228165,396.94117647058823,20.37530199087172,12.182491015257758,19.037592743472356,9.657035448478737,0.5588235294117647,nan,nan
dSPM,-5,15,deep_plus_two_surface,case_weighted_within_scenario,34,1,0.8891682494990288,0.8870279077642038,1.7858150930593921,19.27500535059304,17.054768591256096,19.83171721418471,13.24656167962907,0.29922879955070303,12.588894633029653,490.20588235294116,19.27500535059304,17.054768591256096,19.83171721418471,13.24656167962907,0.47058823529411764,nan,nan
dSPM,-5,15,surface_only,case_weighted_within_scenario,68,1,0.8630381548205889,0.9446157012667887,1.7421325048603107,19.456142722842724,12.040163217884492,nan,nan,0.19254042189546758,nan,372.4852941176471,19.456142722842724,12.040163217884492,nan,nan,nan,0.35294117647058826,nan
dSPM,-5,20,deep_only,case_weighted_within_scenario,15,1,0.9893333333333333,0.999174653887114,1.8924906501149767,nan,nan,14.37698563819788,0.666666703236566,0.9236783600575657,0.666666703236566,771.6666666666666,nan,nan,14.37698563819788,0.666666703236566,1.0,nan,nan
dSPM,-5,20,deep_plus_surface,case_weighted_within_scenario,68,1,0.8882433429360499,0.9367358010486749,1.7758260764795633,20.85825043347162,11.86245009097475,18.118126714684355,9.648101507431063,0.23949500025270584,9.648101507431063,392.55882352941177,20.85825043347162,11.86245009097475,18.118126714684355,9.648101507431063,0.5441176470588235,nan,nan
dSPM,-5,20,deep_plus_two_surface,case_weighted_within_scenario,34,1,0.8880818625187715,0.8850431039262867,1.7804271361064696,20.000684345572257,20.212256020501844,19.0129749028365,12.741076007975519,0.2858156440759242,12.741076007975519,483.8529411764706,20.000684345572257,20.212256020501844,19.0129749028365,12.741076007975519,0.4411764705882353,nan,nan
dSPM,-5,20,surface_only,case_weighted_within_scenario,68,1,0.8604094334843211,0.941674208962703,1.7299846318981165,19.804667169433703,12.386093714653947,nan,nan,0.18342034495847007,nan,370.22058823529414,19.804667169433703,12.386093714653947,nan,nan,nan,0.4117647058823529,nan
dSPM,0,-10,deep_only,case_weighted_within_scenario,15,1,0.978,0.9973109691160809,1.9734664478962616,nan,nan,20.067350581383973,4.552284896899881,0.8840170621921773,4.552284896899881,7513.0,nan,nan,20.067350581383973,4.552284896899881,0.8666666666666667,nan,nan
dSPM,0,-10,deep_plus_surface,case_weighted_within_scenario,68,1,0.787035722902734,0.9016594574600004,1.908971519304322,54.65623231246308,15.021098819228746,22.144626487237044,18.568315276234713,0.36694352612028996,19.056596011694317,4583.279411764706,54.65623231246308,15.021098819228746,22.144626487237044,18.568315276234713,0.3088235294117647,nan,nan
dSPM,0,-10,deep_plus_two_surface,case_weighted_within_scenario,34,1,0.8358916222551414,0.8316290756339239,1.9058930560852345,39.176824367592104,22.083812879114532,22.56235674129701,19.360304120462402,0.35273505073411954,18.380849950063585,4780.088235294118,39.176824367592104,22.083812879114532,22.56235674129701,19.360304120462402,0.3235294117647059,nan,nan
dSPM,0,-10,surface_only,case_weighted_within_scenario,68,1,0.8251226461382375,0.9123944716171049,1.8878499248123057,54.00414776817926,15.7783355777955,nan,nan,0.34110299647083175,nan,4629.176470588235,54.00414776817926,15.7783355777955,nan,nan,nan,0.0,nan
dSPM,0,-5,deep_only,case_weighted_within_scenario,15,1,0.9893333333333334,0.9986865459708911,1.9643107926538472,nan,nan,19.188674674821016,3.609475893229571,0.9289235436722111,3.609475893229571,7511.733333333334,nan,nan,19.188674674821016,3.609475893229571,0.9333333333333333,nan,nan
dSPM,0,-5,deep_plus_surface,case_weighted_within_scenario,68,1,0.8088442323037194,0.9143135339891371,1.889675380690918,44.15140869507407,14.738849014006012,22.001704396591865,14.082550628969097,0.3006882716469131,13.981733331246756,2957.044117647059,44.15140869507407,14.738849014006012,22.001704396591865,14.082550628969097,0.45588235294117646,nan,nan
dSPM,0,-5,deep_plus_two_surface,case_weighted_within_scenario,34,1,0.8679706410694848,0.8628417543093085,1.886899339859831,34.141257129177426,17.379006103582878,22.533913007924223,15.478882553740792,0.31360588576470416,15.478882553740792,3455.176470588235,34.141257129177426,17.379006103582878,22.533913007924223,15.478882553740792,0.5,nan,nan
dSPM,0,-5,surface_only,case_weighted_within_scenario,68,1,0.8450956926416794,0.9259379826463685,1.8639932939461548,41.79080355780164,15.127053378106874,nan,nan,0.27799615654320925,nan,2773.8088235294117,41.79080355780164,15.127053378106874,nan,nan,nan,0.0,nan
dSPM,0,0,deep_only,case_weighted_within_scenario,15,1,0.994,0.999307774227902,1.9510402229718387,nan,nan,17.898188279573315,2.6666668129462647,0.9478896619569792,2.6666668129462647,6421.0,nan,nan,17.898188279573315,2.6666668129462647,1.0,nan,nan
dSPM,0,0,deep_plus_surface,case_weighted_within_scenario,68,1,0.8473243333771538,0.9266795735695231,1.8636123336753871,30.220744300120252,14.260431818443621,21.609984252135817,14.778382046514968,0.2717421734491026,15.346573725075322,1398.2794117647059,30.220744300120252,14.260431818443621,21.609984252135817,14.778382046514968,0.4264705882352941,nan,nan
dSPM,0,0,deep_plus_two_surface,case_weighted_within_scenario,34,1,0.8725483416744643,0.8755289291145395,1.8609663251635944,27.113492604589357,17.946937550062067,21.948606526007552,15.559293538236348,0.294313557570153,16.063054696105002,1612.6470588235295,27.113492604589357,17.946937550062067,21.948606526007552,15.559293538236348,0.4411764705882353,nan,nan
dSPM,0,0,surface_only,case_weighted_within_scenario,68,1,0.8603948135900579,0.941670449067369,1.832945258184139,28.049979874888674,14.629342613627019,nan,nan,0.23166016979422926,nan,1091.1911764705883,28.049979874888674,14.629342613627019,nan,nan,nan,0.029411764705882353,nan
dSPM,0,5,deep_only,case_weighted_within_scenario,15,1,0.9960000000000001,0.9996805111821085,1.9323014925533892,nan,nan,16.307497121462575,1.3333334064731324,0.9671205966181962,1.3333334064731324,3646.5333333333333,nan,nan,16.307497121462575,1.3333334064731324,1.0,nan,nan
dSPM,0,5,deep_plus_surface,case_weighted_within_scenario,68,1,0.8903425076570625,0.9381777739686615,1.8297636641001054,22.027728852894853,12.184055198643293,20.970772549317893,11.56843671732245,0.2568269959016835,11.60315259668505,588.7205882352941,22.027728852894853,12.184055198643293,20.970772549317893,11.56843671732245,0.5441176470588235,nan,nan
dSPM,0,5,deep_plus_two_surface,case_weighted_within_scenario,34,1,0.8876146133460472,0.8880337707669315,1.8281067375883744,21.15835961384569,17.605492174190665,21.58646697763585,13.865489714987854,0.2809614695985184,14.542328296160337,736.5294117647059,21.15835961384569,17.605492174190665,21.58646697763585,13.865489714987854,0.4411764705882353,nan,nan
dSPM,0,5,surface_only,case_weighted_within_scenario,68,1,0.8665621481911822,0.946421995502593,1.7955460768814742,21.287111643973805,12.733078976983366,nan,nan,0.20418137933004546,nan,499.8529411764706,21.287111643973805,12.733078976983366,nan,nan,nan,0.11764705882352941,nan
dSPM,0,10,deep_only,case_weighted_within_scenario,15,1,0.998,0.9997603833865815,1.9082526086672769,nan,nan,15.022282370103976,0.666666703236566,0.9710821678197359,0.666666703236566,1057.8,nan,nan,15.022282370103976,0.666666703236566,1.0,nan,nan
dSPM,0,10,deep_plus_surface,case_weighted_within_scenario,68,1,0.9008109148078657,0.9392119693331008,1.7968446471137394,20.142362440211446,13.22859131681805,19.930408830846357,10.836887770930092,0.2563178717731591,10.716026826390518,408.5735294117647,20.142362440211446,13.22859131681805,19.930408830846357,10.836887770930092,0.5147058823529411,nan,nan
dSPM,0,10,deep_plus_two_surface,case_weighted_within_scenario,34,1,0.8972312632283327,0.8899542177501627,1.7948191706007977,19.080032188757766,16.043885378459734,20.550045849231118,12.140871099029457,0.28861988435343067,12.140871099029457,494.70588235294116,19.080032188757766,16.043885378459734,20.550045849231118,12.140871099029457,0.5,nan,nan
dSPM,0,10,surface_only,case_weighted_within_scenario,68,1,0.865849362796687,0.9439134017275554,1.7568873628676929,19.38545106179792,12.940343654842465,nan,nan,0.18643475879886395,nan,373.5735294117647,19.38545106179792,12.940343654842465,nan,nan,nan,0.3235294117647059,nan
dSPM,0,15,deep_only,case_weighted_within_scenario,15,1,0.9973333333333334,0.9997870074547391,1.8876483608945591,nan,nan,14.51083698222039,0.666666703236566,0.9800267423855684,0.666666703236566,722.4666666666667,nan,nan,14.51083698222039,0.666666703236566,1.0,nan,nan
dSPM,0,15,deep_plus_surface,case_weighted_within_scenario,68,1,0.9023114735888798,0.937986710545758,1.7733531924455272,19.73635045209734,12.648212174675095,18.95974409359729,9.904934958586068,0.25840082947740445,9.844021191840358,377.97058823529414,19.73635045209734,12.648212174675095,18.95974409359729,9.904934958586068,0.5147058823529411,nan,nan
dSPM,0,15,deep_plus_two_surface,case_weighted_within_scenario,34,1,0.8966187234773183,0.8942292266968669,1.7720759315275638,18.628476101819835,18.190041791238656,19.55747362984555,13.19933819757229,0.2867907373404983,13.19933819757229,447.79411764705884,18.628476101819835,18.190041791238656,19.55747362984555,13.19933819757229,0.5,nan,nan
dSPM,0,15,surface_only,case_weighted_within_scenario,68,1,0.8663385745674997,0.9471085460610695,1.7271551864683221,18.912263795902682,12.181171402324573,nan,nan,0.1794970276334761,nan,354.19117647058823,18.912263795902682,12.181171402324573,nan,nan,nan,0.4264705882352941,nan
dSPM,0,20,deep_only,case_weighted_within_scenario,15,1,0.9966666666666667,0.9996716364927227,1.883154138823468,nan,nan,14.351267748329027,0.666666703236566,0.9715514304268031,0.666666703236566,730.2666666666667,nan,nan,14.351267748329027,0.666666703236566,1.0,nan,nan
dSPM,0,20,deep_plus_surface,case_weighted_within_scenario,68,1,0.8982078062517216,0.9369768303698255,1.763970604255346,20.02513023138872,12.051535346429741,18.10199392579055,10.824073024924383,0.25119869043781473,10.67701419861704,374.55882352941177,20.02513023138872,12.051535346429741,18.10199392579055,10.824073024924383,0.5735294117647058,nan,nan
dSPM,0,20,deep_plus_two_surface,case_weighted_within_scenario,34,1,0.8942800505784461,0.8903402001757743,1.7676349129935875,19.166499873833335,18.05249410089156,18.822773085693967,13.633804261599758,0.2930198493858275,13.633804261599758,462.2647058823529,19.166499873833335,18.05249410089156,18.822773085693967,13.633804261599758,0.4411764705882353,nan,nan
dSPM,0,20,surface_only,case_weighted_within_scenario,68,1,0.8604815440288905,0.9410270308359987,1.7183191743452677,19.21535172831351,11.641310421987745,nan,nan,0.18086466658449532,nan,359.8235294117647,19.21535172831351,11.641310421987745,nan,nan,nan,0.39705882352941174,nan
dSPM,5,-10,deep_only,case_weighted_within_scenario,15,1,0.97,0.9962903798367059,1.963777324021129,nan,nan,18.822917163821256,5.218951641271132,0.8328798017653446,4.552284962011176,7393.0,nan,nan,18.822917163821256,5.218951641271132,0.8666666666666667,nan,nan
dSPM,5,-10,deep_plus_surface,case_weighted_within_scenario,68,1,0.8160670859011113,0.9134882367143567,1.87850325335519,39.50952133100837,16.02870332453303,21.917544983670183,16.126283526168507,0.2988798679410543,15.777353417348268,2656.470588235294,39.50952133100837,16.02870332453303,21.917544983670183,16.126283526168507,0.3382352941176471,nan,nan
dSPM,5,-10,deep_plus_two_surface,case_weighted_within_scenario,34,1,0.8540490231398588,0.8514666533368606,1.8725983367225378,30.700899968253143,21.201715736328175,22.274730687328944,15.185473322055827,0.2905527256494689,15.359220954214292,2710.764705882353,30.700899968253143,21.201715736328175,22.274730687328944,15.185473322055827,0.4117647058823529,nan,nan
dSPM,5,-10,surface_only,case_weighted_within_scenario,68,1,0.8400462733303837,0.9268086167945438,1.848430122176806,38.33053683058316,15.59101980614358,nan,nan,0.268700226449029,nan,2388.3382352941176,38.33053683058316,15.59101980614358,nan,nan,nan,0.07352941176470588,nan
dSPM,5,-5,deep_only,case_weighted_within_scenario,15,1,0.9793333333333333,0.997231096911608,1.95463257834435,nan,nan,17.899359389404903,5.218951665247742,0.865396924901477,5.4950940422944825,6436.333333333333,nan,nan,17.899359389404903,5.218951665247742,0.8,nan,nan
dSPM,5,-5,deep_plus_surface,case_weighted_within_scenario,68,1,0.8443090259280206,0.9245677123301048,1.8587495880281413,32.49792888236104,15.434685534772473,21.532584277900582,13.935140393060802,0.25888862487154385,14.16508977975049,1727.0441176470588,32.49792888236104,15.434685534772473,21.532584277900582,13.935140393060802,0.4411764705882353,nan,nan
dSPM,5,-5,deep_plus_two_surface,case_weighted_within_scenario,34,1,0.8626792640713159,0.8685287575701027,1.8548225609476003,26.871755727114667,21.535948727132197,22.061426002257182,14.177105849101814,0.25100893337888097,13.639333218488437,1683.9411764705883,26.871755727114667,21.535948727132197,22.061426002257182,14.177105849101814,0.47058823529411764,nan,nan
dSPM,5,-5,surface_only,case_weighted_within_scenario,68,1,0.8523808153943112,0.9368013914370827,1.8256640400704203,30.39508805852407,15.09450428232758,nan,nan,0.2250767736050418,nan,1301.1911764705883,30.39508805852407,15.09450428232758,nan,nan,nan,0.08823529411764706,nan
dSPM,5,0,deep_only,case_weighted_within_scenario,15,1,0.9853333333333334,0.9985445509407171,1.9409775022463973,nan,nan,16.58001052086454,2.942809189993005,0.8992327469310201,2.942809189993005,3564.733333333333,nan,nan,16.58001052086454,2.942809189993005,0.9333333333333333,nan,nan
dSPM,5,0,deep_plus_surface,case_weighted_within_scenario,68,1,0.8619349191670524,0.935510474623619,1.8347729261888612,24.307806629244865,14.983496248793344,21.18018179170089,11.764932314726465,0.2321496574974906,11.827213004280921,663.8235294117648,24.307806629244865,14.983496248793344,21.18018179170089,11.764932314726465,0.5294117647058824,nan,nan
dSPM,5,0,deep_plus_two_surface,case_weighted_within_scenario,34,1,0.8858444038845972,0.8866188289538477,1.8306351476817546,21.714927380191327,22.05676825673404,21.73305138884086,13.219564030279601,0.246974419500497,14.753495105257814,681.3235294117648,21.714927380191327,22.05676825673404,21.73305138884086,13.219564030279601,0.4411764705882353,nan,nan
dSPM,5,0,surface_only,case_weighted_within_scenario,68,1,0.8592896889988065,0.9405342959352617,1.7982553931621719,22.437761168596335,14.383492480417853,nan,nan,0.19402027722016912,nan,535.7941176470588,22.437761168596335,14.383492480417853,nan,nan,nan,0.22058823529411764,nan
dSPM,5,5,deep_only,case_weighted_within_scenario,15,1,0.9933333333333334,0.999316648917288,1.9237434007565632,nan,nan,15.494063981542096,2.942809189993005,0.9434288983074431,2.942809189993005,1397.2,nan,nan,15.494063981542096,2.942809189993005,0.9333333333333333,nan,nan
dSPM,5,5,deep_plus_surface,case_weighted_within_scenario,68,1,0.8891198636984495,0.9393008936416831,1.8064722088326273,21.024502427344853,14.004449378097187,20.394485103203294,11.908343108603132,0.22881694537369454,11.313507391926954,397.29411764705884,21.024502427344853,14.004449378097187,20.394485103203294,11.908343108603132,0.5147058823529411,nan,nan
dSPM,5,5,deep_plus_two_surface,case_weighted_within_scenario,34,1,0.892092589665058,0.8904185709459508,1.8030607052858705,19.702766882305795,18.562618568532944,21.189675632860734,11.819299833932662,0.24580348152215503,11.941127355337024,487.1470588235294,19.702766882305795,18.562618568532944,21.189675632860734,11.819299833932662,0.5,nan,nan
dSPM,5,5,surface_only,case_weighted_within_scenario,68,1,0.8647195719973347,0.9465241928242145,1.7672456450937148,20.56921539970489,14.030623516239652,nan,nan,0.1778768307641092,nan,380.4117647058824,20.56921539970489,14.030623516239652,nan,nan,nan,0.25,nan
dSPM,5,10,deep_only,case_weighted_within_scenario,15,1,0.9960000000000001,0.9996095136670216,1.9013512321074721,nan,nan,14.7047353711818,0.666666703236566,0.9646778341158211,0.666666703236566,747.8666666666667,nan,nan,14.7047353711818,0.666666703236566,1.0,nan,nan
dSPM,5,10,deep_plus_surface,case_weighted_within_scenario,68,1,0.9081843264955772,0.9462967948222127,1.7777404182535526,20.035578771657725,12.305531368147962,19.49217443552871,10.148334418065852,0.23651599491329497,9.819500887121615,364.55882352941177,20.035578771657725,12.305531368147962,19.49217443552871,10.148334418065852,0.5294117647058824,nan,nan
dSPM,5,10,deep_plus_two_surface,case_weighted_within_scenario,34,1,0.8995964605427702,0.8974608188490593,1.7777997023807273,19.21336823465819,17.829018593651902,20.261366345727286,12.689019107429697,0.2596391761306152,13.155426935597161,454.38235294117646,19.21336823465819,17.829018593651902,20.261366345727286,12.689019107429697,0.47058823529411764,nan,nan
dSPM,5,10,surface_only,case_weighted_within_scenario,68,1,0.8724381092489077,0.9511596830961395,1.7343487946167628,19.65921718384057,12.723292391385414,nan,nan,0.16875327351028588,nan,351.9852941176471,19.65921718384057,12.723292391385414,nan,nan,nan,0.4264705882352941,nan
dSPM,5,15,deep_only,case_weighted_within_scenario,15,1,0.9973333333333334,0.9998136315228968,1.8819641979579977,nan,nan,14.498403597018106,0.666666703236566,0.9760171802290681,0.666666703236566,641.1333333333333,nan,nan,14.498403597018106,0.666666703236566,1.0,nan,nan
dSPM,5,15,deep_plus_surface,case_weighted_within_scenario,68,1,0.908116493403991,0.9440850779792807,1.7601093368687435,19.42192009175091,12.901522589763104,18.52384499272361,10.575362320317593,0.24089574994831586,10.575362320317593,351.19117647058823,19.42192009175091,12.901522589763104,18.52384499272361,10.575362320317593,0.5147058823529411,nan,nan
dSPM,5,15,deep_plus_two_surface,case_weighted_within_scenario,34,1,0.9013394280407817,0.9004615984357819,1.758634415969385,18.483705027312226,16.485426778104525,19.31805528888515,11.916185205374846,0.2715764751288273,11.916185205374846,425.0,18.483705027312226,16.485426778104525,19.31805528888515,11.916185205374846,0.47058823529411764,nan,nan
dSPM,5,15,surface_only,case_weighted_within_scenario,68,1,0.8681197171001108,0.9470901195639269,1.7132590147884754,18.978567307313067,12.859801774335601,nan,nan,0.16780277641236604,nan,341.3529411764706,18.978567307313067,12.859801774335601,nan,nan,nan,0.4852941176470588,nan
dSPM,5,20,deep_only,case_weighted_within_scenario,15,1,0.9966666666666667,0.9997515086971958,1.8737033185879097,nan,nan,14.354325911373955,0.666666703236566,0.9783142725496714,0.666666703236566,668.4666666666667,nan,nan,14.354325911373955,0.666666703236566,1.0,nan,nan
dSPM,5,20,deep_plus_surface,case_weighted_within_scenario,68,1,0.9091054889739331,0.9414452814494271,1.7527572586225721,19.41864818310053,12.366356549512549,17.700234123382362,9.403555717589052,0.25116105798235827,9.403555717589052,358.6764705882353,19.41864818310053,12.366356549512549,17.700234123382362,9.403555717589052,0.5441176470588235,nan,nan
dSPM,5,20,deep_plus_two_surface,case_weighted_within_scenario,34,1,0.9022163615226888,0.8971077099049751,1.7536119949236646,18.352312178250674,17.9941887375149,18.694993587122312,11.192818837019031,0.28322607921544285,11.192818837019031,422.61764705882354,18.352312178250674,17.9941887375149,18.694993587122312,11.192818837019031,0.5294117647058824,nan,nan
dSPM,5,20,surface_only,case_weighted_within_scenario,68,1,0.8629130429227022,0.9426174056470539,1.7057321539539863,18.769992455362452,12.724172567626002,nan,nan,0.1744453880404867,nan,341.4264705882353,18.769992455362452,12.724172567626002,nan,nan,nan,0.4264705882352941,nan
dSPM,10,-10,deep_only,case_weighted_within_scenario,15,1,0.9600000000000002,0.9951721689740857,1.9493725982515513,nan,nan,16.999848402646453,5.4950940422944825,0.7837151596036237,5.4950940422944825,3123.9333333333334,nan,nan,16.999848402646453,5.4950940422944825,0.8,nan,nan
dSPM,10,-10,deep_plus_surface,case_weighted_within_scenario,68,1,0.8507683615847158,0.9246645256435797,1.8420856033544264,30.49961844737252,16.541221954282292,21.252095788570927,14.25201798722862,0.2570701361604176,14.085420191309902,1374.3970588235295,30.49961844737252,16.541221954282292,21.252095788570927,14.25201798722862,0.4117647058823529,nan,nan
dSPM,10,-10,deep_plus_two_surface,case_weighted_within_scenario,34,1,0.8641502282440454,0.8630040466858433,1.8348476592166982,22.789268425510297,23.344349187011712,21.793019566401824,14.122505553619554,0.23323996151873747,14.41662320623424,941.0,22.789268425510297,23.344349187011712,21.793019566401824,14.122505553619554,0.38235294117647056,nan,nan
dSPM,10,-10,surface_only,case_weighted_within_scenario,68,1,0.8399802866508578,0.9325243055329142,1.8066175792103838,28.781027259172166,16.935302843301294,nan,nan,0.22851510424323623,nan,1219.6323529411766,28.781027259172166,16.935302843301294,nan,nan,nan,0.17647058823529413,nan
dSPM,10,-5,deep_only,case_weighted_within_scenario,15,1,0.9693333333333335,0.9959708910188143,1.9418360164076018,nan,nan,16.171888594708626,5.4950940422944825,0.8212073692331077,5.4950940422944825,1629.7333333333333,nan,nan,16.171888594708626,5.4950940422944825,0.8,nan,nan
dSPM,10,-5,deep_plus_surface,case_weighted_within_scenario,68,1,0.8681146248864584,0.9296040682517144,1.8268655403359868,26.28320699368104,16.256054758662863,20.956670303265046,12.382374867906229,0.23689709942808446,12.282056803115317,851.2352941176471,26.28320699368104,16.256054758662863,20.956670303265046,12.382374867906229,0.45588235294117646,nan,nan
dSPM,10,-5,deep_plus_two_surface,case_weighted_within_scenario,34,1,0.875806817923164,0.8759205854843796,1.819438037158513,21.175725279093825,22.434871676987083,21.31173573868253,13.763979658663958,0.22496348502906832,13.763979658663958,639.8235294117648,21.175725279093825,22.434871676987083,21.31173573868253,13.763979658663958,0.4117647058823529,nan,nan
dSPM,10,-5,surface_only,case_weighted_within_scenario,68,1,0.8566251343276003,0.9421358756293875,1.7856750766135707,24.19497827851679,15.23011280772398,nan,nan,0.1951603116016339,nan,607.0735294117648,24.19497827851679,15.23011280772398,nan,nan,nan,0.20588235294117646,nan
dSPM,10,0,deep_only,case_weighted_within_scenario,15,1,0.9759999999999999,0.9970358537451189,1.9294694742544292,nan,nan,14.839486079275847,5.4950940422944825,0.8569948637578496,5.4950940422944825,760.4666666666667,nan,nan,14.839486079275847,5.4950940422944825,0.8,nan,nan
dSPM,10,0,deep_plus_surface,case_weighted_within_scenario,68,1,0.8818055434160432,0.937088293976849,1.8059964147204544,22.614179155548797,15.278618554672736,20.418989330437636,10.444596969223108,0.2164361484887628,10.82582626141522,445.80882352941177,22.614179155548797,15.278618554672736,20.418989330437636,10.444596969223108,0.45588235294117646,nan,nan
dSPM,10,0,deep_plus_two_surface,case_weighted_within_scenario,34,1,0.8832393912991015,0.881389916964495,1.8024911356631619,20.381574901463036,22.080769945215415,20.930343493856103,12.707403471182847,0.22007510670070915,12.707403471182847,511.3529411764706,20.381574901463036,22.080769945215415,20.930343493856103,12.707403471182847,0.4411764705882353,nan,nan
dSPM,10,0,surface_only,case_weighted_within_scenario,68,1,0.8622853415034558,0.9469653542616969,1.7643030454150395,21.45333735118638,15.566101100044033,nan,nan,0.16458649037859444,nan,404.20588235294116,21.45333735118638,15.566101100044033,nan,nan,nan,0.4117647058823529,nan
dSPM,10,5,deep_only,case_weighted_within_scenario,15,1,0.9886666666666668,0.9985711750088748,1.9130638208764925,nan,nan,14.439560823045895,3.609475893229571,0.8993838416697166,3.609475893229571,618.4666666666667,nan,nan,14.439560823045895,3.609475893229571,0.9333333333333333,nan,nan
dSPM,10,5,deep_plus_surface,case_weighted_within_scenario,68,1,0.8969555226173026,0.9433206160821138,1.7839116907069243,21.266425034103058,14.42502287854732,19.738236282739614,10.809720094266902,0.21099624110419005,10.870633859198522,370.4264705882353,21.266425034103058,14.42502287854732,19.738236282739614,10.809720094266902,0.5,nan,nan
dSPM,10,5,deep_plus_two_surface,case_weighted_within_scenario,34,1,0.8935400306208091,0.893442451432035,1.7820001232403537,19.757461500734877,21.657003530573437,20.32325020243379,10.833979219411766,0.22015177695169064,10.833979219411766,445.44117647058823,19.757461500734877,21.657003530573437,20.32325020243379,10.833979219411766,0.5294117647058824,nan,nan
dSPM,10,5,surface_only,case_weighted_within_scenario,68,1,0.8650175819531338,0.9480959054522091,1.7388641919235452,20.613102152384172,15.20851197622051,nan,nan,0.151097262420038,nan,351.75,20.613102152384172,15.20851197622051,nan,nan,nan,0.47058823529411764,nan
dSPM,10,10,deep_only,case_weighted_within_scenario,15,1,0.9933333333333334,0.9993521476748314,1.8933320370548674,nan,nan,14.236268405322855,2.000000109709698,0.9400475176513047,2.000000109709698,577.1333333333333,nan,nan,14.236268405322855,2.000000109709698,1.0,nan,nan
dSPM,10,10,deep_plus_surface,case_weighted_within_scenario,68,1,0.9059525952120621,0.9464785569793873,1.7631687538266725,20.35634677302445,14.382401646883316,19.004634783171543,9.755025607581402,0.21129369805101456,9.815939367224065,346.6029411764706,20.35634677302445,14.382401646883316,19.004634783171543,9.755025607581402,0.4852941176470588,nan,nan
dSPM,10,10,deep_plus_two_surface,case_weighted_within_scenario,34,1,0.8989486277937723,0.9004584453995763,1.7618208904633514,19.183207714786715,19.961522763959664,19.80988968381001,12.20170906942298,0.22839551510355233,12.20170906942298,424.61764705882354,19.183207714786715,19.961522763959664,19.80988968381001,12.20170906942298,0.4411764705882353,nan,nan
dSPM,10,10,surface_only,case_weighted_within_scenario,68,1,0.867488922150052,0.9491693748437712,1.714936722439206,19.949746389892507,13.985658546934378,nan,nan,0.15292518601869645,nan,334.4852941176471,19.949746389892507,13.985658546934378,nan,nan,nan,0.5294117647058824,nan
dSPM,10,15,deep_only,case_weighted_within_scenario,15,1,0.9946666666666668,0.9996627618033369,1.8773310487053478,nan,nan,14.283497690308508,1.3333334064731324,0.9668768109014934,1.3333334064731324,568.3333333333334,nan,nan,14.283497690308508,1.3333334064731324,1.0,nan,nan
dSPM,10,15,deep_plus_surface,case_weighted_within_scenario,68,1,0.907819502080252,0.9454848313402294,1.74736040899707,19.64139172872807,12.321512253721778,18.15969565881787,10.111285011320227,0.222693337063467,10.111285011320227,338.3529411764706,19.64139172872807,12.321512253721778,18.15969565881787,10.111285011320227,0.4852941176470588,nan,nan
dSPM,10,15,deep_plus_two_surface,case_weighted_within_scenario,34,1,0.9000667960037474,0.9004689884756087,1.7472073068853262,18.842493407558653,16.615236543400744,19.050019931886897,11.268893468925285,0.2548710712229846,11.268893468925285,417.3235294117647,18.842493407558653,16.615236543400744,19.050019931886897,11.268893468925285,0.4411764705882353,nan,nan
dSPM,10,15,surface_only,case_weighted_within_scenario,68,1,0.8737425776835681,0.9543085824840806,1.6980388159418256,19.330097081512413,12.838843708912691,nan,nan,0.15638594525742242,nan,331.94117647058823,19.330097081512413,12.838843708912691,nan,nan,nan,0.5588235294117647,nan
dSPM,10,20,deep_only,case_weighted_within_scenario,15,1,0.9973333333333334,0.9998313809016685,1.8669652156927952,nan,nan,14.192844478941074,0.666666703236566,0.9771907468343595,0.666666703236566,585.5333333333333,nan,nan,14.192844478941074,0.666666703236566,1.0,nan,nan
dSPM,10,20,deep_plus_surface,case_weighted_within_scenario,68,1,0.9084848066114541,0.9450588327095609,1.7414854046137758,19.269359002507198,12.862696881647782,17.571488955659117,9.619049494709145,0.23989777306486354,9.679963249843887,340.70588235294116,19.269359002507198,12.862696881647782,17.571488955659117,9.619049494709145,0.5441176470588235,nan,nan
dSPM,10,20,deep_plus_two_surface,case_weighted_within_scenario,34,1,0.9012406010463009,0.9022004755841284,1.7424044661905276,18.370077223382733,16.836533593248532,18.746670886238334,11.919899962973304,0.27555421917762796,11.919899962973304,410.52941176470586,18.370077223382733,16.836533593248532,18.746670886238334,11.919899962973304,0.47058823529411764,nan,nan
dSPM,10,20,surface_only,case_weighted_within_scenario,68,1,0.8700071799257894,0.9485044635860045,1.6932300597317054,18.88290343747516,12.704663526867439,nan,nan,0.16134076700240896,nan,332.11764705882354,18.88290343747516,12.704663526867439,nan,nan,nan,0.5,nan
dSPM,15,-10,deep_only,case_weighted_within_scenario,15,1,0.952,0.9943201987930422,1.9335877608458756,nan,nan,15.075286098562167,5.4950940422944825,0.7402838971959333,5.4950940422944825,729.1333333333333,nan,nan,15.075286098562167,5.4950940422944825,0.8,nan,nan
dSPM,15,-10,deep_plus_surface,case_weighted_within_scenario,68,1,0.8680094597336111,0.9277005854273594,1.8128922770708031,25.957953576725046,18.81070244127365,20.407520186713143,13.396307112409668,0.23881198634160494,13.54336594400597,715.9411764705883,25.957953576725046,18.81070244127365,20.407520186713143,13.396307112409668,0.39705882352941174,nan,nan
dSPM,15,-10,deep_plus_two_surface,case_weighted_within_scenario,34,1,0.8653155405984879,0.859280887166602,1.8049574928536474,21.1026342406716,25.898907962294146,20.948910886613863,14.4183477423327,0.21135450584212068,14.4183477423327,597.3823529411765,21.1026342406716,25.898907962294146,20.948910886613863,14.4183477423327,0.3235294117647059,nan,nan
dSPM,15,-10,surface_only,case_weighted_within_scenario,68,1,0.8376768677800918,0.9377284882723259,1.7709329382484702,24.224965355839757,19.1039566628368,nan,nan,0.19260925508177565,nan,553.1176470588235,24.224965355839757,19.1039566628368,nan,nan,nan,0.3088235294117647,nan
dSPM,15,-5,deep_only,case_weighted_within_scenario,15,1,0.9633333333333334,0.9954029108981185,1.9267179605816798,nan,nan,14.600971985128929,5.4950940422944825,0.7810374844333893,5.4950940422944825,682.2666666666667,nan,nan,14.600971985128929,5.4950940422944825,0.8,nan,nan
dSPM,15,-5,deep_plus_surface,case_weighted_within_scenario,68,1,0.877450420736148,0.9317306000636132,1.799837505169821,23.890472449900887,16.00265989420771,20.12376492914841,13.219305882936085,0.22906103056735871,13.067059383867338,505.7352941176471,23.890472449900887,16.00265989420771,20.12376492914841,13.219305882936085,0.4117647058823529,nan,nan
dSPM,15,-5,deep_plus_two_surface,case_weighted_within_scenario,34,1,0.8751720883816387,0.8710846596586719,1.792482895817884,20.267227539884203,25.48619906763833,20.719298484455905,13.95330585298164,0.20686548453917833,14.247423505596327,507.5,20.267227539884203,25.48619906763833,20.719298484455905,13.95330585298164,0.35294117647058826,nan,nan
dSPM,15,-5,surface_only,case_weighted_within_scenario,68,1,0.8488684578457795,0.9420706012815795,1.755208469256484,22.59650144655154,15.45824681753356,nan,nan,0.17582767342749528,nan,457.86764705882354,22.59650144655154,15.45824681753356,nan,nan,nan,0.35294117647058826,nan
dSPM,15,0,deep_only,case_weighted_within_scenario,15,1,0.9673333333333333,0.9959087681931132,1.9175727620848924,nan,nan,14.118891475888995,5.4950940422944825,0.8102437588308233,5.4950940422944825,612.4666666666667,nan,nan,14.118891475888995,5.4950940422944825,0.8,nan,nan
dSPM,15,0,deep_plus_surface,case_weighted_within_scenario,68,1,0.8855713289260063,0.937708619591083,1.7841431210205014,22.575041154090528,15.515256424181079,19.515205014799943,10.689647480793392,0.20944240174211326,10.029618389468759,427.5735294117647,22.575041154090528,15.515256424181079,19.515205014799943,10.689647480793392,0.4411764705882353,nan,nan
dSPM,15,0,deep_plus_two_surface,case_weighted_within_scenario,34,1,0.8837555098058799,0.88046185139765,1.7801047131952235,19.92721237439926,23.16678651169994,20.152552489401813,14.570349518703456,0.20697450623538624,14.570349518703456,464.05882352941177,19.92721237439926,23.16678651169994,20.152552489401813,14.570349518703456,0.3235294117647059,nan,nan
dSPM,15,0,surface_only,case_weighted_within_scenario,68,1,0.8566062505038279,0.9441754657944851,1.737315881916525,21.62245071011852,15.730428018033559,nan,nan,0.15666691538728084,nan,399.97058823529414,21.62245071011852,15.730428018033559,nan,nan,nan,0.4411764705882353,nan
dSPM,15,5,deep_only,case_weighted_within_scenario,15,1,0.9733333333333334,0.997089101881434,1.9050800938275423,nan,nan,13.976982925601293,5.218951665247742,0.8489344406013488,5.218951665247742,552.3333333333334,nan,nan,13.976982925601293,5.218951665247742,0.8666666666666667,nan,nan
dSPM,15,5,deep_plus_surface,case_weighted_within_scenario,68,1,0.8932562393285557,0.9402722602142459,1.7661934545612696,21.64274353806416,15.022220355624897,18.817118232254685,10.744877725266596,0.19995542755784462,10.952850313968423,372.29411764705884,21.64274353806416,15.022220355624897,18.817118232254685,10.744877725266596,0.4117647058823529,nan,nan
dSPM,15,5,deep_plus_two_surface,case_weighted_within_scenario,34,1,0.8919885566021115,0.8920325081200066,1.7639693899126971,19.495344886953365,22.224535335072467,19.558934685283333,11.633791223150435,0.20161137502276216,11.633791223150435,426.11764705882354,19.495344886953365,22.224535335072467,19.558934685283333,11.633791223150435,0.47058823529411764,nan,nan
dSPM,15,5,surface_only,case_weighted_within_scenario,68,1,0.8615672266828521,0.9453533129577752,1.718672782437074,21.009709108124206,15.098751390458611,nan,nan,0.14246163189201785,nan,361.55882352941177,21.009709108124206,15.098751390458611,nan,nan,nan,0.5441176470588235,nan
dSPM,15,10,deep_only,case_weighted_within_scenario,15,1,0.988,0.9985001774937878,1.889077482571309,nan,nan,13.961442764343339,5.4950940422944825,0.8939759664327637,5.4950940422944825,502.8,nan,nan,13.961442764343339,5.4950940422944825,0.8,nan,nan
dSPM,15,10,deep_plus_surface,case_weighted_within_scenario,68,1,0.8970474390986198,0.9434930922892003,1.7521838983631608,20.819803022181492,15.117665421854376,18.110409969491975,11.108633907870757,0.19998089158156301,10.745084494217323,345.55882352941177,20.819803022181492,15.117665421854376,18.110409969491975,11.108633907870757,0.47058823529411764,nan,nan
dSPM,15,10,deep_plus_two_surface,case_weighted_within_scenario,34,1,0.8945175868785787,0.8971261446042798,1.7527796752493208,19.39934507879562,21.096493584023335,19.035843130818,9.88219449683991,0.20670692656066053,9.88219449683991,411.7647058823529,19.39934507879562,21.096493584023335,19.035843130818,9.88219449683991,0.5294117647058824,nan,nan
dSPM,15,10,surface_only,case_weighted_within_scenario,68,1,0.8670733700844896,0.9510188226597885,1.7001980667858063,20.33882023586398,14.958284175977868,nan,nan,0.13616573920544295,nan,336.44117647058823,20.33882023586398,14.958284175977868,nan,nan,nan,0.6323529411764706,nan
dSPM,15,15,deep_only,case_weighted_within_scenario,15,1,0.9926666666666667,0.999316648917288,1.8746978385278064,nan,nan,13.80473483017545,2.000000109709698,0.9435510217997263,2.000000109709698,520.8666666666667,nan,nan,13.80473483017545,2.000000109709698,1.0,nan,nan
dSPM,15,15,deep_plus_surface,case_weighted_within_scenario,68,1,0.9065228719816382,0.946432000907966,1.7398866352853237,20.039934213423606,14.247718704963976,17.352170751540683,9.481686955776627,0.2088462435025316,9.481686955776627,330.29411764705884,20.039934213423606,14.247718704963976,17.352170751540683,9.481686955776627,0.4852941176470588,nan,nan
dSPM,15,15,deep_plus_two_surface,case_weighted_within_scenario,34,1,0.8990354549196237,0.9014805960886114,1.7424077680888668,19.143861712918824,19.621217884874593,18.435742190802205,11.025238438248355,0.22971454478343956,11.025238438248355,406.02941176470586,19.143861712918824,19.621217884874593,18.435742190802205,11.025238438248355,0.47058823529411764,nan,nan
dSPM,15,15,surface_only,case_weighted_within_scenario,68,1,0.8686731088193234,0.950073482663985,1.6875751066867943,19.772041832111064,13.703760700561592,nan,nan,0.14125692178957874,nan,325.5882352941176,19.772041832111064,13.703760700561592,nan,nan,nan,0.5882352941176471,nan
dSPM,15,20,deep_only,case_weighted_within_scenario,15,1,0.9960000000000001,0.9997071352502662,1.863582509803931,nan,nan,14.057688946878772,1.3333334064731324,0.9677394082723215,1.3333334064731324,518.1333333333333,nan,nan,14.057688946878772,1.3333334064731324,1.0,nan,nan
dSPM,15,20,deep_plus_surface,case_weighted_within_scenario,68,1,0.9067979394348392,0.9470225469178817,1.7351906226839364,19.547411888127883,12.065633926394938,17.32941942853888,9.737813017068824,0.22153019918695913,9.737813017068824,330.1764705882353,19.547411888127883,12.065633926394938,17.32941942853888,9.737813017068824,0.5,nan,nan
dSPM,15,20,deep_plus_two_surface,case_weighted_within_scenario,34,1,0.9013510583652948,0.903044117262996,1.7350253160080966,18.763726907292238,17.178971512775465,18.246178150846653,11.926560536087594,0.2534728288257237,11.926560536087594,417.2352941176471,18.763726907292238,17.178971512775465,18.246178150846653,11.926560536087594,0.4411764705882353,nan,nan
dSPM,15,20,surface_only,case_weighted_within_scenario,68,1,0.8729455961199397,0.9544836514823059,1.6823209622091067,19.200369599580895,12.550052852282812,nan,nan,0.1493327817093394,nan,323.5147058823529,19.200369599580895,12.550052852282812,nan,nan,nan,0.6029411764705882,nan
dSPM,20,-10,deep_only,case_weighted_within_scenario,15,1,0.948,0.9933173588924388,1.919305525326213,nan,nan,14.741373995013596,5.4950940183178725,0.7067893292125584,5.4950940183178725,596.4,nan,nan,14.741373995013596,5.4950940183178725,0.8,nan,nan
dSPM,20,-10,deep_plus_surface,case_weighted_within_scenario,68,1,0.8633687537142061,0.9249382570246164,1.7951472047144703,25.218526097584604,19.15667911687523,19.581407911345938,13.368667774633703,0.2301159477388123,13.2216089430374,519.8382352941177,25.218526097584604,19.15667911687523,19.581407911345938,13.368667774633703,0.38235294117647056,nan,nan
dSPM,20,-10,deep_plus_two_surface,case_weighted_within_scenario,34,1,0.8577505569094308,0.8528945782914679,1.7904445241528606,21.089345538595786,27.282419278240646,20.107868672843697,15.992958272980665,0.2029502024862213,16.217644159267646,523.3529411764706,21.089345538595786,27.282419278240646,20.107868672843697,15.992958272980665,0.2647058823529412,nan,nan
dSPM,20,-10,surface_only,case_weighted_within_scenario,68,1,0.8284926522885396,0.9367698002393601,1.7511626741584971,23.954233707872223,18.149915201629046,nan,nan,0.1799811148581262,nan,483.1617647058824,23.954233707872223,18.149915201629046,nan,nan,nan,0.35294117647058826,nan
dSPM,20,-5,deep_only,case_weighted_within_scenario,15,1,0.954,0.9944355697550585,1.91429101309135,nan,nan,14.368550764383077,5.4950940422944825,0.7352728115458816,5.4950940422944825,566.9333333333333,nan,nan,14.368550764383077,5.4950940422944825,0.8,nan,nan
dSPM,20,-5,deep_plus_surface,case_weighted_within_scenario,68,1,0.8730168882573519,0.9322223235266516,1.7858807693062446,24.263253817384214,18.497861306702333,19.26803549671493,13.03474544650691,0.22483228392060664,13.095659206149573,478.3382352941176,24.263253817384214,18.497861306702333,19.26803549671493,13.03474544650691,0.35294117647058826,nan,nan
dSPM,20,-5,deep_plus_two_surface,case_weighted_within_scenario,34,1,0.8687706384118097,0.8622373045925046,1.7821956880211995,20.545394285247188,26.192193384950357,19.816530696635468,15.105726721374719,0.20074223729201557,15.60147902975621,492.47058823529414,20.545394285247188,26.192193384950357,19.816530696635468,15.105726721374719,0.29411764705882354,nan,nan
dSPM,20,-5,surface_only,case_weighted_within_scenario,68,1,0.839967046074574,0.9409694754762735,1.7391129606108418,22.92796501098005,17.866129280382026,nan,nan,0.1699321557566645,nan,456.3529411764706,22.92796501098005,17.866129280382026,nan,nan,nan,0.39705882352941174,nan
dSPM,20,0,deep_only,case_weighted_within_scenario,15,1,0.9646666666666667,0.9954827831025915,1.9072302998167676,nan,nan,14.00204087036786,5.4950940422944825,0.7813097663838842,5.4950940422944825,558.6666666666666,nan,nan,14.00204087036786,5.4950940422944825,0.8,nan,nan
dSPM,20,0,deep_plus_surface,case_weighted_within_scenario,68,1,0.8832770608834548,0.9346194241115534,1.77152087359773,23.06788841538988,17.216387255545364,18.705226642657546,11.186128024386399,0.21468043995977895,11.186128024386399,432.6764705882353,23.06788841538988,17.216387255545364,18.705226642657546,11.186128024386399,0.4264705882352941,nan,nan
dSPM,20,0,deep_plus_two_surface,case_weighted_within_scenario,34,1,0.8758426651936909,0.8726922900379601,1.7705618509193317,20.0497878606638,25.705247985306784,19.518292932742302,13.393416558504743,0.19791212534519642,13.393416558504743,468.3529411764706,20.0497878606638,25.705247985306784,19.518292932742302,13.393416558504743,0.3235294117647059,nan,nan
dSPM,20,0,surface_only,case_weighted_within_scenario,68,1,0.8516761937611919,0.9451061158620188,1.723284098155633,21.99615146593539,16.924207097732307,nan,nan,0.15859314854731385,nan,415.0735294117647,21.99615146593539,16.924207097732307,nan,nan,nan,0.45588235294117646,nan
dSPM,20,5,deep_only,case_weighted_within_scenario,15,1,0.9666666666666668,0.9958998935037274,1.8992904170370413,nan,nan,13.914165182034955,5.4950940422944825,0.8123180456797123,5.4950940422944825,527.8666666666667,nan,nan,13.914165182034955,5.4950940422944825,0.8,nan,nan
dSPM,20,5,deep_plus_surface,case_weighted_within_scenario,68,1,0.8901263919547917,0.9399491220792437,1.758428818858528,22.263810769537567,15.496092420133081,18.05796317682503,10.879940191157765,0.20481000956038128,10.903804553905204,395.5735294117647,22.263810769537567,15.496092420133081,18.05796317682503,10.879940191157765,0.4411764705882353,nan,nan
dSPM,20,5,deep_plus_two_surface,case_weighted_within_scenario,34,1,0.8858775925464075,0.8847190084070427,1.7576823460549145,19.651701157790033,22.49764952213217,18.993469807627225,12.831164151619717,0.19413083160471975,12.831164151619717,435.79411764705884,19.651701157790033,22.49764952213217,18.993469807627225,12.831164151619717,0.29411764705882354,nan,nan
dSPM,20,5,surface_only,case_weighted_within_scenario,68,1,0.8550111356789999,0.9419051646512543,1.7070288799859228,21.26705623000783,15.844048339621375,nan,nan,0.1411634715131903,nan,376.52941176470586,21.26705623000783,15.844048339621375,nan,nan,nan,0.5147058823529411,nan
dSPM,20,10,deep_only,case_weighted_within_scenario,15,1,0.9773333333333335,0.99709797657082,1.8889125442270784,nan,nan,13.77021181182639,5.4950940422944825,0.8500808723198336,5.4950940422944825,504.06666666666666,nan,nan,13.77021181182639,5.4950940422944825,0.8,nan,nan
dSPM,20,10,deep_plus_surface,case_weighted_within_scenario,68,1,0.894371421909699,0.943219588643696,1.7464986703553347,21.41512820565425,15.043735363006673,17.38288279009566,11.212698252408543,0.19275943156656528,11.238896139465268,355.72058823529414,21.41512820565425,15.043735363006673,17.38288279009566,11.212698252408543,0.4411764705882353,nan,nan
dSPM,20,10,deep_plus_two_surface,case_weighted_within_scenario,34,1,0.8900311668602631,0.8895065807522106,1.7481633346077636,19.54157624318862,22.458346406462464,18.37482415008469,12.637971696536127,0.19309638430596715,12.932089325928876,413.6764705882353,19.54157624318862,22.458346406462464,18.37482415008469,12.637971696536127,0.38235294117647056,nan,nan
dSPM,20,10,surface_only,case_weighted_within_scenario,68,1,0.8632030163347941,0.9476354632067593,1.6941011822473,20.82473481010065,15.429425974323348,nan,nan,0.1310559607064997,nan,348.8382352941176,20.82473481010065,15.429425974323348,nan,nan,nan,0.5735294117647058,nan
dSPM,20,15,deep_only,case_weighted_within_scenario,15,1,0.9853333333333334,0.9984380546680867,1.8762458350462683,nan,nan,13.693327614805362,2.942809189993005,0.8897203443419129,2.942809189993005,472.2,nan,nan,13.693327614805362,2.942809189993005,0.9333333333333333,nan,nan
dSPM,20,15,deep_plus_surface,case_weighted_within_scenario,68,1,0.9029830571883212,0.9440550308518989,1.7374084206112146,20.735385030360376,15.281603658222014,16.583215185736012,11.12846187075128,0.19554936259727956,11.12846187075128,335.0147058823529,20.735385030360376,15.281603658222014,16.583215185736012,11.12846187075128,0.4264705882352941,nan,nan
dSPM,20,15,deep_plus_two_surface,case_weighted_within_scenario,34,1,0.8954626049630413,0.8974423920951949,1.7382912207048635,19.174848116988557,21.36201041605062,18.185559649207214,12.069506211962263,0.20382220508456034,12.069506211962263,401.5882352941176,19.174848116988557,21.36201041605062,18.185559649207214,12.069506211962263,0.4411764705882353,nan,nan
dSPM,20,15,surface_only,case_weighted_within_scenario,68,1,0.8664588498097177,0.9483161687067327,1.6822163363336982,20.316799837165966,14.745676366013981,nan,nan,0.13130694256946568,nan,330.7352941176471,20.316799837165966,14.745676366013981,nan,nan,nan,0.6323529411764706,nan
dSPM,20,20,deep_only,case_weighted_within_scenario,15,1,0.9933333333333334,0.9992545260915868,1.8651010985659047,nan,nan,13.871591502334665,2.942809189993005,0.9441868115493601,2.942809189993005,511.6,nan,nan,13.871591502334665,2.942809189993005,0.9333333333333333,nan,nan
dSPM,20,20,deep_plus_surface,case_weighted_within_scenario,68,1,0.9067771634147591,0.9476304532905075,1.7301932661067991,20.031303071528974,14.380114107414995,16.57624324169599,10.605993037726375,0.20846669680043192,10.605993037726375,324.9852941176471,20.031303071528974,14.380114107414995,16.57624324169599,10.605993037726375,0.4411764705882353,nan,nan
dSPM,20,20,deep_plus_two_surface,case_weighted_within_scenario,34,1,0.8994149052178636,0.9025694908445924,1.7337890095831778,19.02013306351815,18.419267004545365,17.90722367249331,11.19752859017456,0.2224719155812006,11.19752859017456,394.1470588235294,19.02013306351815,18.419267004545365,17.90722367249331,11.19752859017456,0.47058823529411764,nan,nan
dSPM,20,20,surface_only,case_weighted_within_scenario,68,1,0.868254606049357,0.9496628664633086,1.6769526400179349,19.75387982809054,13.636870715280192,nan,nan,0.13860342967368297,nan,322.55882352941177,19.75387982809054,13.636870715280192,nan,nan,nan,0.6176470588235294,nan
eLORETA,-10,-10,deep_only,case_weighted_within_scenario,15,1,0.9726666666666667,0.9956425275115369,1.9773009823695091,nan,nan,21.656149911490285,15.149830099607545,0.975344646326898,10.985806124614571,7360.666666666667,nan,nan,21.656149911490285,15.149830099607545,0.6,nan,nan
eLORETA,-10,-10,deep_plus_surface,case_weighted_within_scenario,68,1,0.8075822207653568,0.7565603438593448,1.9480830938903912,74.81796550408367,51.70862113736066,22.874479062330842,26.975645740910032,0.766394903947768,25.42943429966303,6791.0,74.81796550408367,51.70862113736066,22.874479062330842,26.975645740910032,0.16176470588235295,nan,nan
eLORETA,-10,-10,deep_plus_two_surface,case_weighted_within_scenario,34,1,0.7974564036319147,0.6593417050407429,1.9488519429383322,51.78913148836194,45.04093332009293,23.263131586779352,26.022844902604994,0.814417606346249,24.009312657495425,7051.35294117647,51.78913148836194,45.04093332009293,23.263131586779352,26.022844902604994,0.2647058823529412,nan,nan
eLORETA,-10,-10,surface_only,case_weighted_within_scenario,68,1,0.6841318613669634,0.763388981668797,1.9378245292291596,74.8275619637586,45.2419620174741,nan,nan,0.7589666011506677,nan,6724.264705882353,74.8275619637586,45.2419620174741,nan,nan,nan,0.0,nan
eLORETA,-10,-5,deep_only,case_weighted_within_scenario,15,1,0.9993333333333333,0.9998491302804402,1.9682748627084847,nan,nan,20.729321293790232,2.828427170037294,0.9978026907181143,0.9428090094706811,7442.6,nan,nan,20.729321293790232,2.828427170037294,0.9333333333333333,nan,nan
eLORETA,-10,-5,deep_plus_surface,case_weighted_within_scenario,68,1,0.8507390325158236,0.8557113829162551,1.9300576548386792,72.76070681275444,30.273269679133104,22.635334585717022,23.71527372865597,0.656710650041878,22.737497869615666,6324.161764705882,72.76070681275444,30.273269679133104,22.635334585717022,23.71527372865597,0.22058823529411764,nan,nan
eLORETA,-10,-5,deep_plus_two_surface,case_weighted_within_scenario,34,1,0.8323818043221113,0.7317031199783899,1.9296086118126643,51.03530664653291,35.62750177853805,22.8810100752538,22.581232549691244,0.6877264906447726,21.784868205962255,6820.764705882353,51.03530664653291,35.62750177853805,22.8810100752538,22.581232549691244,0.29411764705882354,nan,nan
eLORETA,-10,-5,surface_only,case_weighted_within_scenario,68,1,0.791920683621277,0.8626642284572809,1.916232105362002,72.4323836508052,28.7416751275353,nan,nan,0.6290778338835242,nan,6109.735294117647,72.4323836508052,28.7416751275353,nan,nan,nan,0.0,nan
eLORETA,-10,0,deep_only,case_weighted_within_scenario,15,1,1.0,1.0,1.9539887016455364,nan,nan,19.060958312887234,0.0,1.0,0.6666666792599558,7387.333333333333,nan,nan,19.060958312887234,0.0,1.0,nan,nan
eLORETA,-10,0,deep_plus_surface,case_weighted_within_scenario,68,1,0.893713409910266,0.9239637300719964,1.9025332642413793,61.57309903765348,12.008676591914305,22.064423455077364,19.136361882332743,0.5278777282537126,16.429358571870544,4750.25,61.57309903765348,12.008676591914305,22.064423455077364,19.136361882332743,0.4117647058823529,nan,nan
eLORETA,-10,0,deep_plus_two_surface,case_weighted_within_scenario,34,1,0.8705020989556866,0.8204030937653527,1.902408826695015,48.55431247673647,24.53722874487649,22.503764557008147,20.786236231673882,0.5822333647627957,18.73784373315744,5598.470588235294,48.55431247673647,24.53722874487649,22.503764557008147,20.786236231673882,0.3235294117647059,nan,nan
eLORETA,-10,0,surface_only,case_weighted_within_scenario,68,1,0.8577635298149936,0.9245681763463112,1.8839047900769932,59.90940427869692,11.331856939719518,nan,nan,0.47900332296593395,nan,4449.25,59.90940427869692,11.331856939719518,nan,nan,nan,0.0,nan
eLORETA,-10,5,deep_only,case_weighted_within_scenario,15,1,1.0,1.0,1.9301558269808288,nan,nan,17.167939860219853,0.0,1.0,0.0,5212.333333333333,nan,nan,17.167939860219853,0.0,1.0,nan,nan
eLORETA,-10,5,deep_plus_surface,case_weighted_within_scenario,68,1,0.9071758712103994,0.9383975282982516,1.8657226039349748,40.95305478815503,7.508853211375274,21.463308776787052,16.40065106049405,0.43248904128831345,14.94735070597441,2508.235294117647,40.95305478815503,7.508853211375274,21.463308776787052,16.40065106049405,0.45588235294117646,nan,nan
eLORETA,-10,5,deep_plus_two_surface,case_weighted_within_scenario,34,1,0.899986080440739,0.8784094967297166,1.8657023201075693,34.12479880666465,15.650935568266053,21.774086313361696,16.083776931749522,0.4940233126418639,14.916999252296995,3081.0588235294117,34.12479880666465,15.650935568266053,21.774086313361696,16.083776931749522,0.4411764705882353,nan,nan
eLORETA,-10,5,surface_only,case_weighted_within_scenario,68,1,0.8739369830319497,0.9422773683959806,1.8407623651900684,38.42770148175535,6.570892472254477,nan,nan,0.36642140557897,nan,2248.4117647058824,38.42770148175535,6.570892472254477,nan,nan,nan,0.0,nan
eLORETA,-10,10,deep_only,case_weighted_within_scenario,15,1,1.0,1.0,1.8998387789528162,nan,nan,15.438522045494745,0.0,1.0,0.0,1474.1333333333334,nan,nan,15.438522045494745,0.0,1.0,nan,nan
eLORETA,-10,10,deep_plus_surface,case_weighted_within_scenario,68,1,0.9068524798063333,0.9424704613350224,1.8232180204300288,26.26998227500977,7.929848467972202,20.478041581914855,12.404390816697408,0.3878269488699301,10.838127127947121,903.2941176470588,26.26998227500977,7.929848467972202,20.478041581914855,12.404390816697408,0.6176470588235294,nan,nan
eLORETA,-10,10,deep_plus_two_surface,case_weighted_within_scenario,34,1,0.9081171360226038,0.8954896412873865,1.8235956511267015,24.513597853176762,14.399621290809932,21.042701122622276,13.335907625776072,0.44322198177720473,12.331727078977012,1310.5294117647059,24.513597853176762,14.399621290809932,21.042701122622276,13.335907625776072,0.5882352941176471,nan,nan
eLORETA,-10,10,surface_only,case_weighted_within_scenario,68,1,0.8730468449204113,0.9437544586032909,1.7923607329208684,24.736170538342368,6.494816676948594,nan,nan,0.3049820055189669,nan,863.5294117647059,24.736170538342368,6.494816676948594,nan,nan,nan,0.0,nan
eLORETA,-10,15,deep_only,case_weighted_within_scenario,15,1,1.0,1.0,1.8756731523054735,nan,nan,14.578259433272688,0.0,1.0,0.0,889.4666666666667,nan,nan,14.578259433272688,0.0,1.0,nan,nan
eLORETA,-10,15,deep_plus_surface,case_weighted_within_scenario,68,1,0.9110597842268036,0.9420674552458278,1.794196993567876,23.79592105431171,8.084901203039854,19.526621248140202,10.487756057967303,0.37547890227617187,10.513953943286845,622.1029411764706,23.79592105431171,8.084901203039854,19.526621248140202,10.487756057967303,0.6470588235294118,nan,nan
eLORETA,-10,15,deep_plus_two_surface,case_weighted_within_scenario,34,1,0.9049759831030396,0.8955319087028741,1.7929708986120592,22.485344045175616,13.77997824705533,19.763991154775415,12.251965239560933,0.4328574937484412,11.997878773572891,814.3529411764706,22.485344045175616,13.77997824705533,19.763991154775415,12.251965239560933,0.5588235294117647,nan,nan
eLORETA,-10,15,surface_only,case_weighted_within_scenario,68,1,0.8742321712234284,0.9458510146813743,1.7583676248042446,22.213567068189022,6.377307290769929,nan,nan,0.2883734099122552,nan,573.1323529411765,22.213567068189022,6.377307290769929,nan,nan,nan,0.07352941176470588,nan
eLORETA,-10,20,deep_only,case_weighted_within_scenario,15,1,1.0,1.0,1.8669198265534799,nan,nan,14.657143677232975,0.0,1.0,0.0,871.6666666666666,nan,nan,14.657143677232975,0.0,1.0,nan,nan
eLORETA,-10,20,deep_plus_surface,case_weighted_within_scenario,68,1,0.9072869236318023,0.9405230016505575,1.7823100167361712,24.00909893651462,8.092226439964827,18.566311216787234,9.28015914016233,0.37356104049264754,8.89698982508624,612.6029411764706,24.00909893651462,8.092226439964827,18.566311216787234,9.28015914016233,0.6764705882352942,nan,nan
eLORETA,-10,20,deep_plus_two_surface,case_weighted_within_scenario,34,1,0.9046032104214049,0.8927738759965989,1.7818563105486314,22.666091830110503,15.040039422724558,19.318452505108603,12.847186684565019,0.4244833487801687,12.847186684565019,780.3823529411765,22.666091830110503,15.040039422724558,19.318452505108603,12.847186684565019,0.5,nan,nan
eLORETA,-10,20,surface_only,case_weighted_within_scenario,68,1,0.8727586995096522,0.944309126533128,1.7449790269556704,22.5554456025968,6.399580227424922,nan,nan,0.2819472970659777,nan,571.9705882352941,22.5554456025968,6.399580227424922,nan,nan,nan,0.17647058823529413,nan
eLORETA,-5,-10,deep_only,case_weighted_within_scenario,15,1,0.9919999999999999,0.9987930422435214,1.9704209654200002,nan,nan,21.2378618735043,17.27513526140258,0.9972757984093719,7.533708982632205,7086.466666666666,nan,nan,21.2378618735043,17.27513526140258,0.6666666666666666,nan,nan
eLORETA,-5,-10,deep_plus_surface,case_weighted_within_scenario,68,1,0.835539341065854,0.7956329584859393,1.9318278279803622,74.11549094929195,41.63929585896289,22.657966883890268,24.49711966898343,0.6955012451470042,23.1047080160334,5958.558823529412,74.11549094929195,41.63929585896289,22.657966883890268,24.49711966898343,0.23529411764705882,nan,nan
eLORETA,-5,-10,deep_plus_two_surface,case_weighted_within_scenario,34,1,0.8198767418104389,0.7041261721943046,1.9310312083825119,51.50147926020959,37.98808529920074,23.044484896154874,21.69865581484641,0.7018784715935115,20.782143670241464,6375.088235294118,51.50147926020959,37.98808529920074,23.044484896154874,21.69865581484641,0.35294117647058826,nan,nan
eLORETA,-5,-10,surface_only,case_weighted_within_scenario,68,1,0.7265252896400357,0.7999351616140342,1.9180894876584114,73.09325715843711,39.184606406326886,nan,nan,0.6667454936257063,nan,5724.882352941177,73.09325715843711,39.184606406326886,nan,nan,nan,0.0,nan
eLORETA,-5,-5,deep_only,case_weighted_within_scenario,15,1,1.0,0.9999733759318424,1.9604209985972856,nan,nan,19.987416855741678,1.6094757835198725,1.0,1.6094757835198725,7196.866666666667,nan,nan,19.987416855741678,1.6094757835198725,0.9333333333333333,nan,nan
eLORETA,-5,-5,deep_plus_surface,case_weighted_within_scenario,68,1,0.8730302809022996,0.869633996665549,1.9117071412465503,70.0910615669548,24.716750435146064,22.503801539846307,21.945257944311386,0.6141996058181127,20.331462691849534,5089.132352941177,70.0910615669548,24.716750435146064,22.503801539846307,21.945257944311386,0.3088235294117647,nan,nan
eLORETA,-5,-5,deep_plus_two_surface,case_weighted_within_scenario,34,1,0.8458881352000239,0.7557529685196417,1.9109047833801176,50.55050936913716,30.33851702259339,22.974444671547115,23.87075989140603,0.6174992360960304,21.409100371504394,5625.617647058823,50.55050936913716,30.33851702259339,22.974444671547115,23.87075989140603,0.35294117647058826,nan,nan
eLORETA,-5,-5,surface_only,case_weighted_within_scenario,68,1,0.8076625392265406,0.874695983477175,1.8932281030842883,67.38596439302805,22.174573713580553,nan,nan,0.5569752794624986,nan,4777.808823529412,67.38596439302805,22.174573713580553,nan,nan,nan,0.0,nan
eLORETA,-5,0,deep_only,case_weighted_within_scenario,15,1,1.0,1.0,1.944864602687555,nan,nan,18.578704337316903,0.0,1.0,0.0,6810.866666666667,nan,nan,18.578704337316903,0.0,1.0,nan,nan
eLORETA,-5,0,deep_plus_surface,case_weighted_within_scenario,68,1,0.9045131893460693,0.921512524504674,1.8829544779233975,53.63147886095244,9.515706257645851,21.991106910813798,18.478195193595774,0.48968163450709,14.877289814243415,3673.25,53.63147886095244,9.515706257645851,21.991106910813798,18.478195193595774,0.47058823529411764,nan,nan
eLORETA,-5,0,deep_plus_two_surface,case_weighted_within_scenario,34,1,0.8851239564798674,0.8360624675960557,1.880966610176198,44.36842677179186,23.546241969426234,22.507894844032837,21.734758230801408,0.5162115260582103,19.014876850285066,3932.529411764706,44.36842677179186,23.546241969426234,22.507894844032837,21.734758230801408,0.3235294117647059,nan,nan
eLORETA,-5,0,surface_only,case_weighted_within_scenario,68,1,0.8576859161701179,0.9227633481053747,1.861066713871515,51.29069008589689,9.158114091408157,nan,nan,0.4320151449910253,nan,3438.5588235294117,51.29069008589689,9.158114091408157,nan,nan,nan,0.0,nan
eLORETA,-5,5,deep_only,case_weighted_within_scenario,15,1,1.0,1.0,1.9245349461778913,nan,nan,16.818197176259257,0.0,1.0,0.0,4611.933333333333,nan,nan,16.818197176259257,0.0,1.0,nan,nan
eLORETA,-5,5,deep_plus_surface,case_weighted_within_scenario,68,1,0.9167031097177653,0.9436694450116507,1.8472230701480186,36.756289072128254,7.742842043318896,21.397757028858997,14.723837507646651,0.4026745965748204,12.363766419266746,1940.0,36.756289072128254,7.742842043318896,21.397757028858997,14.723837507646651,0.5588235294117647,nan,nan
eLORETA,-5,5,deep_plus_two_surface,case_weighted_within_scenario,34,1,0.9079085308658571,0.8866255144266605,1.8459003483272287,29.735308331979876,11.99379254632303,21.709213126017477,15.644286705454412,0.468868038222384,15.017848481065853,2289.764705882353,29.735308331979876,11.99379254632303,21.709213126017477,15.644286705454412,0.4117647058823529,nan,nan
eLORETA,-5,5,surface_only,case_weighted_within_scenario,68,1,0.8789750675604013,0.9465565205774706,1.8188409603353264,33.90228745673954,6.562468443807113,nan,nan,0.34020531084881317,nan,1706.2794117647059,33.90228745673954,6.562468443807113,nan,nan,nan,0.0,nan
eLORETA,-5,10,deep_only,case_weighted_within_scenario,15,1,1.0,1.0,1.8961092233560874,nan,nan,15.43566203221443,0.0,1.0,0.0,1280.2666666666667,nan,nan,15.43566203221443,0.0,1.0,nan,nan
eLORETA,-5,10,deep_plus_surface,case_weighted_within_scenario,68,1,0.9213745256385995,0.9459132721593143,1.8101938055448294,24.30433434316223,7.210763906417161,20.46519823229022,10.970307387287948,0.37720108470479646,9.900992011835791,780.6029411764706,24.30433434316223,7.210763906417161,20.46519823229022,10.970307387287948,0.6470588235294118,nan,nan
eLORETA,-5,10,deep_plus_two_surface,case_weighted_within_scenario,34,1,0.9134481185956357,0.8995838026074887,1.8071059363283535,22.573194889122675,14.676085323326015,20.908353518792804,12.878383718007123,0.43322936432445047,11.523809709327722,1089.2058823529412,22.573194889122675,14.676085323326015,20.908353518792804,12.878383718007123,0.5882352941176471,nan,nan
eLORETA,-5,10,surface_only,case_weighted_within_scenario,68,1,0.8807205929025448,0.9500558070481046,1.775175568263367,22.494389300597874,6.411398261452962,nan,nan,0.2929735312301845,nan,677.3088235294117,22.494389300597874,6.411398261452962,nan,nan,nan,0.014705882352941176,nan
eLORETA,-5,15,deep_only,case_weighted_within_scenario,15,1,1.0,1.0,1.8727753591138794,nan,nan,14.787122409835563,0.0,1.0,0.0,827.2,nan,nan,14.787122409835563,0.0,1.0,nan,nan
eLORETA,-5,15,deep_plus_surface,case_weighted_within_scenario,68,1,0.9197018845754837,0.9449426919918741,1.783487255184278,22.433740846821387,7.71313626913005,19.3439157090898,9.961139916034595,0.3683729598743975,10.235213951288594,561.2647058823529,22.433740846821387,7.71313626913005,19.3439157090898,9.961139916034595,0.6029411764705882,nan,nan
eLORETA,-5,15,deep_plus_two_surface,case_weighted_within_scenario,34,1,0.9070774705284494,0.8980188434311593,1.7822359018227165,21.107756611534448,15.057914635786531,19.999408190822695,10.431830952191653,0.42482695296761336,11.52519537459296,732.0,21.107756611534448,15.057914635786531,19.999408190822695,10.431830952191653,0.5294117647058824,nan,nan
eLORETA,-5,15,surface_only,case_weighted_within_scenario,68,1,0.8758023950680521,0.9470492915773018,1.7457701145911628,21.03014457909531,6.497167505390347,nan,nan,0.27403312479222086,nan,522.4264705882352,21.03014457909531,6.497167505390347,nan,nan,nan,0.10294117647058823,nan
eLORETA,-5,20,deep_only,case_weighted_within_scenario,15,1,1.0,1.0,1.8632973839029963,nan,nan,14.455910818214125,0.0,1.0,0.0,817.3333333333334,nan,nan,14.455910818214125,0.0,1.0,nan,nan
eLORETA,-5,20,deep_plus_surface,case_weighted_within_scenario,68,1,0.9127097751104909,0.9428130317259855,1.7764481276001955,23.17221491649966,7.9477000511741585,18.438879640983533,9.531803592182818,0.3669207229089391,9.531803592182818,576.2058823529412,23.17221491649966,7.9477000511741585,18.438879640983533,9.531803592182818,0.6323529411764706,nan,nan
eLORETA,-5,20,deep_plus_two_surface,case_weighted_within_scenario,34,1,0.9073265447491363,0.8954568527173034,1.7759076615391685,21.866196202708235,14.122625472625348,19.170585360933437,10.73926638908726,0.42565080296009955,10.739266365865326,727.8529411764706,21.866196202708235,14.122625472625348,19.170585360933437,10.73926638908726,0.5882352941176471,nan,nan
eLORETA,-5,20,surface_only,case_weighted_within_scenario,68,1,0.8741564569489534,0.9446834860973728,1.7366783934363088,21.70860163194001,6.3668114771823,nan,nan,0.27432733708069046,nan,535.4852941176471,21.70860163194001,6.3668114771823,nan,nan,nan,0.19117647058823528,nan
eLORETA,0,-10,deep_only,case_weighted_within_scenario,15,1,0.9993333333333333,0.9999112531061414,1.9615495513458012,nan,nan,20.30896200813474,4.552284973512878,0.9999709825489052,0.666666703236566,6837.333333333333,nan,nan,20.30896200813474,4.552284973512878,1.0,nan,nan
eLORETA,0,-10,deep_plus_surface,case_weighted_within_scenario,68,1,0.8589934902828074,0.8485882539171454,1.9071719994733263,68.2068270734639,28.195297043879584,22.615811955327533,23.090651053200684,0.6022308766269574,20.601686221131743,4660.14705882353,68.2068270734639,28.195297043879584,22.615811955327533,23.090651053200684,0.29411764705882354,nan,nan
eLORETA,0,-10,deep_plus_two_surface,case_weighted_within_scenario,34,1,0.8411819682499003,0.757186664154054,1.9054535307671898,49.187786742815916,34.17425260018604,22.966186295587583,21.63808347917065,0.5696960965229814,20.5625868548108,4954.529411764706,49.187786742815916,34.17425260018604,22.966186295587583,21.63808347917065,0.2647058823529412,nan,nan
eLORETA,0,-10,surface_only,case_weighted_within_scenario,68,1,0.778732216778325,0.8526596251467827,1.8872617954810706,66.62952231918167,23.593713837311576,nan,nan,0.5715126912551522,nan,4456.544117647059,66.62952231918167,23.593713837311576,nan,nan,nan,0.0,nan
eLORETA,0,-5,deep_only,case_weighted_within_scenario,15,1,0.9993333333333333,0.9999822506212283,1.9492279373955401,nan,nan,19.297132883850267,1.3333334064731324,1.0,0.0,6528.533333333334,nan,nan,19.297132883850267,1.3333334064731324,1.0,nan,nan
eLORETA,0,-5,deep_plus_surface,case_weighted_within_scenario,68,1,0.8837072490909601,0.893158736597761,1.8860431346344038,58.39181383054531,15.885107536949764,22.386460023829983,22.298151873288194,0.526833759587621,20.58259250439432,3786.8088235294117,58.39181383054531,15.885107536949764,22.386460023829983,22.298151873288194,0.27941176470588236,nan,nan
eLORETA,0,-5,deep_plus_two_surface,case_weighted_within_scenario,34,1,0.8709730709266075,0.8059831912852587,1.883535511468241,44.80199496232396,25.68752505980184,22.907167983317382,21.35718433429953,0.5418796076529695,22.241421636065365,3872.764705882353,44.80199496232396,25.68752505980184,22.907167983317382,21.35718433429953,0.29411764705882354,nan,nan
eLORETA,0,-5,surface_only,case_weighted_within_scenario,68,1,0.8299489259059712,0.8968942150749728,1.8626396474834415,56.25143000041805,16.95725474812601,nan,nan,0.48589213061195635,nan,3598.764705882353,56.25143000041805,16.95725474812601,nan,nan,nan,0.0,nan
eLORETA,0,0,deep_only,case_weighted_within_scenario,15,1,1.0,1.0,1.9327975698066004,nan,nan,17.71498004175796,0.0,1.0,0.0,5426.733333333334,nan,nan,17.71498004175796,0.0,1.0,nan,nan
eLORETA,0,0,deep_plus_surface,case_weighted_within_scenario,68,1,0.9080808836671661,0.9254513168176709,1.8573808489823,44.0555291865843,8.029732481700023,21.966213135405596,18.630340459483264,0.44167758625444153,16.84242285177751,2787.279411764706,44.0555291865843,8.029732481700023,21.966213135405596,18.630340459483264,0.39705882352941174,nan,nan
eLORETA,0,0,deep_plus_two_surface,case_weighted_within_scenario,34,1,0.8923178051755927,0.851047781337091,1.8547715530302273,34.03736827083054,19.035289209722325,22.286849459941152,19.172064169432826,0.4788567792764966,18.059730630607927,2516.529411764706,34.03736827083054,19.035289209722325,22.286849459941152,19.172064169432826,0.35294117647058826,nan,nan
eLORETA,0,0,surface_only,case_weighted_within_scenario,68,1,0.8606068196276269,0.9277805698352712,1.8295057238147674,42.639374713295844,6.704013539985654,nan,nan,0.3847046839958291,nan,2528.205882352941,42.639374713295844,6.704013539985654,nan,nan,nan,0.0,nan
eLORETA,0,5,deep_only,case_weighted_within_scenario,15,1,1.0,1.0,1.9117984906888057,nan,nan,16.443841096010765,0.0,1.0,0.0,2913.733333333333,nan,nan,16.443841096010765,0.0,1.0,nan,nan
eLORETA,0,5,deep_plus_surface,case_weighted_within_scenario,68,1,0.9235712059726903,0.9427798587716187,1.82209533279031,30.661673272214703,7.077743159778833,21.195409820726578,12.645088184207477,0.3817396504960186,11.384781579940086,1307.1911764705883,30.661673272214703,7.077743159778833,21.195409820726578,12.645088184207477,0.5588235294117647,nan,nan
eLORETA,0,5,deep_plus_two_surface,case_weighted_within_scenario,34,1,0.9113074510814102,0.8873917034567691,1.8193646808113793,25.158955991136686,14.614514045669058,21.731832483438122,16.793882129464915,0.41742848435097357,15.053225947510642,1585.764705882353,25.158955991136686,14.614514045669058,21.731832483438122,16.793882129464915,0.4411764705882353,nan,nan
eLORETA,0,5,surface_only,case_weighted_within_scenario,68,1,0.8761260304792543,0.9441094067823402,1.7895987062495542,27.904983482326767,6.796813135885673,nan,nan,0.3071697346845369,nan,1143.8529411764705,27.904983482326767,6.796813135885673,nan,nan,nan,0.014705882352941176,nan
eLORETA,0,10,deep_only,case_weighted_within_scenario,15,1,1.0,1.0,1.887200722468061,nan,nan,15.093165652684473,0.0,1.0,0.0,958.4666666666667,nan,nan,15.093165652684473,0.0,1.0,nan,nan
eLORETA,0,10,deep_plus_surface,case_weighted_within_scenario,68,1,0.9272342392300965,0.9490857448301884,1.788772046377348,21.842063454360883,7.409974245776417,20.141841388971155,11.800691157054679,0.3577749829305721,10.644317261103552,588.7794117647059,21.842063454360883,7.409974245776417,20.141841388971155,11.800691157054679,0.6029411764705882,nan,nan
eLORETA,0,10,deep_plus_two_surface,case_weighted_within_scenario,34,1,0.9168171426987021,0.9009462301591376,1.7847988549067753,20.60785166548539,14.160610619416833,20.68765614424089,14.385179496963499,0.4171990879291883,11.301857780365866,842.7941176470588,20.60785166548539,14.160610619416833,20.68765614424089,14.385179496963499,0.5882352941176471,nan,nan
eLORETA,0,10,surface_only,case_weighted_within_scenario,68,1,0.8838920161020658,0.9521209255073292,1.750576867766824,20.29792040890149,6.5416218677454205,nan,nan,0.26665265590683407,nan,520.8235294117648,20.29792040890149,6.5416218677454205,nan,nan,nan,0.04411764705882353,nan
eLORETA,0,15,deep_only,case_weighted_within_scenario,15,1,1.0,1.0,1.8666595461989757,nan,nan,14.385014261142556,0.0,1.0,0.0,716.7333333333333,nan,nan,14.385014261142556,0.0,1.0,nan,nan
eLORETA,0,15,deep_plus_surface,case_weighted_within_scenario,68,1,0.9259524336959751,0.9476952726622478,1.767071201152713,20.93921457624118,7.095044306616757,19.1443365678385,9.366276171805637,0.35744870573229726,8.889417238681844,491.22058823529414,20.93921457624118,7.095044306616757,19.1443365678385,9.366276171805637,0.6617647058823529,nan,nan
eLORETA,0,15,deep_plus_two_surface,case_weighted_within_scenario,34,1,0.91219112689057,0.9048634560863126,1.763252729641403,19.633314278618467,14.423322888169762,19.674909766181134,10.221694123522798,0.4064525210774657,10.63763928640697,637.0588235294117,19.633314278618467,14.423322888169762,19.674909766181134,10.221694123522798,0.6176470588235294,nan,nan
eLORETA,0,15,surface_only,case_weighted_within_scenario,68,1,0.882810694605595,0.9530489784756642,1.7246398457416001,19.75500375011036,6.535877771119885,nan,nan,0.2539721933411692,nan,461.9852941176471,19.75500375011036,6.535877771119885,nan,nan,nan,0.16176470588235295,nan
eLORETA,0,20,deep_only,case_weighted_within_scenario,15,1,1.0,1.0,1.8589153091590218,nan,nan,14.09254692819933,0.0,1.0,0.0,726.4666666666667,nan,nan,14.09254692819933,0.0,1.0,nan,nan
eLORETA,0,20,deep_plus_surface,case_weighted_within_scenario,68,1,0.920051667311378,0.9435048670632847,1.7628251029815953,21.94120510258685,7.1337051123744235,18.545159396904012,10.13161696053913,0.3623233273176321,10.13161696053913,519.6764705882352,21.94120510258685,7.1337051123744235,18.545159396904012,10.13161696053913,0.6470588235294118,nan,nan
eLORETA,0,20,deep_plus_two_surface,case_weighted_within_scenario,34,1,0.9108025655657216,0.9013237231891342,1.7607288468999331,20.628834760179995,15.036539577668185,18.997294495030193,11.094147334341079,0.416014398138095,11.094147334341079,652.0588235294117,20.628834760179995,15.036539577668185,18.997294495030193,11.094147334341079,0.5294117647058824,nan,nan
eLORETA,0,20,surface_only,case_weighted_within_scenario,68,1,0.8750551184610504,0.9455125670402744,1.7209647963561525,20.59130761381037,6.4477115656216135,nan,nan,0.2584613714631481,nan,488.13235294117646,20.59130761381037,6.4477115656216135,nan,nan,nan,0.2647058823529412,nan
eLORETA,5,-10,deep_only,case_weighted_within_scenario,15,1,0.9993333333333333,0.9999733759318424,1.947980562078792,nan,nan,18.883350528681422,2.000000109709698,1.0,0.0,6239.533333333334,nan,nan,18.883350528681422,2.000000109709698,1.0,nan,nan
eLORETA,5,-10,deep_plus_surface,case_weighted_within_scenario,68,1,0.8837957099427955,0.8929200065457176,1.8738303932088451,52.40533153977798,16.60712500807203,22.33548573737527,20.59053004100223,0.4831144375204044,17.822689844763616,3334.470588235294,52.40533153977798,16.60712500807203,22.33548573737527,20.59053004100223,0.3088235294117647,nan,nan
eLORETA,5,-10,deep_plus_two_surface,case_weighted_within_scenario,34,1,0.8704818749601767,0.8190245748848531,1.8698032804014473,38.65852700098188,24.020785696080242,22.636438541049085,18.514713196980452,0.473335929323707,17.11297171214569,3212.264705882353,38.65852700098188,24.020785696080242,22.636438541049085,18.514713196980452,0.5,nan,nan
eLORETA,5,-10,surface_only,case_weighted_within_scenario,68,1,0.8241909147861354,0.896919655072381,1.846278714723054,49.50063567855602,15.763898374173731,nan,nan,0.445543225741165,nan,3134.6470588235293,49.50063567855602,15.763898374173731,nan,nan,nan,0.0,nan
eLORETA,5,-5,deep_only,case_weighted_within_scenario,15,1,0.9993333333333333,0.9999822506212283,1.9345637094055916,nan,nan,17.827161471325407,1.3333334064731324,1.0,0.0,5279.133333333333,nan,nan,17.827161471325407,1.3333334064731324,1.0,nan,nan
eLORETA,5,-5,deep_plus_surface,case_weighted_within_scenario,68,1,0.9041477292421046,0.9126996752972458,1.852590250909663,43.971144603475764,12.32759063572719,21.93497430180443,17.161046200711024,0.45149925606998437,15.415756183067849,2745.029411764706,43.971144603475764,12.32759063572719,21.93497430180443,17.161046200711024,0.4264705882352941,nan,nan
eLORETA,5,-5,deep_plus_two_surface,case_weighted_within_scenario,34,1,0.8847440848853049,0.8453102806158632,1.8495325763247912,32.99338049340909,18.206170906149698,22.358581045590306,19.25375559514363,0.4339831830172745,18.008644635539266,2441.735294117647,32.99338049340909,18.206170906149698,22.358581045590306,19.25375559514363,0.38235294117647056,nan,nan
eLORETA,5,-5,surface_only,case_weighted_within_scenario,68,1,0.8498522316454936,0.9199184007896567,1.821608047049605,42.3678821852527,9.108606717545415,nan,nan,0.38432396831378013,nan,2443.5,42.3678821852527,9.108606717545415,nan,nan,nan,0.0,nan
eLORETA,5,0,deep_only,case_weighted_within_scenario,15,1,1.0,1.0,1.9164676558259777,nan,nan,16.532411293834482,0.0,1.0,0.0,3436.0666666666666,nan,nan,16.532411293834482,0.0,1.0,nan,nan
eLORETA,5,0,deep_plus_surface,case_weighted_within_scenario,68,1,0.9161044925822741,0.9344895154690865,1.8261072767339148,36.94853193848667,7.067063781355232,21.507946711923637,16.018003937712155,0.3943524306428644,13.954592935042081,1821.764705882353,36.94853193848667,7.067063781355232,21.507946711923637,16.018003937712155,0.5,nan,nan
eLORETA,5,0,deep_plus_two_surface,case_weighted_within_scenario,34,1,0.9056991467170369,0.8764715522235409,1.8214769164760112,26.126269822356477,16.641531537289705,21.995523677819495,17.401545065781704,0.4135039184258833,12.83667502566315,1701.9705882352941,26.126269822356477,16.641531537289705,21.995523677819495,17.401545065781704,0.5588235294117647,nan,nan
eLORETA,5,0,surface_only,case_weighted_within_scenario,68,1,0.8651842938303483,0.934475519724301,1.7923487043259119,34.89338220590337,6.734247122005214,nan,nan,0.3314041306859177,nan,1595.235294117647,34.89338220590337,6.734247122005214,nan,nan,nan,0.014705882352941176,nan
eLORETA,5,5,deep_only,case_weighted_within_scenario,15,1,1.0,1.0,1.8953414052903554,nan,nan,15.657489405237774,0.0,1.0,0.0,1448.1333333333334,nan,nan,15.657489405237774,0.0,1.0,nan,nan
eLORETA,5,5,deep_plus_surface,case_weighted_within_scenario,68,1,0.92498649640367,0.9438421652173022,1.7951049262327805,25.383077811195943,7.2313769284780465,20.65054405330613,11.661203901133156,0.3650067683828664,10.78021789926026,895.9558823529412,25.383077811195943,7.2313769284780465,20.65054405330613,11.661203901133156,0.6323529411764706,nan,nan
eLORETA,5,5,deep_plus_two_surface,case_weighted_within_scenario,34,1,0.9149641141351423,0.8942716933774254,1.789252839680279,21.525833404431022,15.293039863484001,21.388105938723513,15.817676312917383,0.38741405067558277,14.017029594365283,1037.5,21.525833404431022,15.293039863484001,21.388105938723513,15.817676312917383,0.5,nan,nan
eLORETA,5,5,surface_only,case_weighted_within_scenario,68,1,0.8749103437935036,0.9446275946040896,1.7576195813946351,22.967512641987305,6.680864199448476,nan,nan,0.2795807428044724,nan,745.0882352941177,22.967512641987305,6.680864199448476,nan,nan,nan,0.04411764705882353,nan
eLORETA,5,10,deep_only,case_weighted_within_scenario,15,1,1.0,1.0,1.8732847760973579,nan,nan,14.713810800315871,0.0,1.0,0.0,739.0,nan,nan,14.713810800315871,0.0,1.0,nan,nan
eLORETA,5,10,deep_plus_surface,case_weighted_within_scenario,68,1,0.9307865142129479,0.9507109195563811,1.7647497763588922,20.03253145940607,6.884556121257649,19.595096767670114,8.620055010394806,0.3465880870674576,7.778526379734869,488.54411764705884,20.03253145940607,6.884556121257649,19.595096767670114,8.620055010394806,0.6911764705882353,nan,nan
eLORETA,5,10,deep_plus_two_surface,case_weighted_within_scenario,34,1,0.9181939837836592,0.9050902846151556,1.7602221291293907,18.760403849011475,15.22101163149529,20.30614119090931,12.505401450929996,0.37978863851645805,11.541308152210206,631.0882352941177,18.760403849011475,15.22101163149529,20.30614119090931,12.505401450929996,0.5588235294117647,nan,nan
eLORETA,5,10,surface_only,case_weighted_within_scenario,68,1,0.8834861323861054,0.9532192243469919,1.7232730926191555,19.115394874107107,6.811657893526892,nan,nan,0.24420285362967561,nan,444.0882352941176,19.115394874107107,6.811657893526892,nan,nan,nan,0.17647058823529413,nan
eLORETA,5,15,deep_only,case_weighted_within_scenario,15,1,1.0,1.0,1.8563349367851691,nan,nan,14.237680123490494,0.0,1.0,0.0,637.6,nan,nan,14.237680123490494,0.0,1.0,nan,nan
eLORETA,5,15,deep_plus_surface,case_weighted_within_scenario,68,1,0.9290783462022184,0.9505096251011146,1.7479529814042942,19.79878540753194,7.207751351764254,18.764552690510296,8.63855460923926,0.3416427201610833,8.430582018000296,444.7647058823529,19.79878540753194,7.207751351764254,18.764552690510296,8.63855460923926,0.6764705882352942,nan,nan
eLORETA,5,15,deep_plus_two_surface,case_weighted_within_scenario,34,1,0.9165311907981369,0.9064100065719233,1.74217832024232,18.529811507696436,15.649620281555304,19.39736281186248,9.809566423799156,0.397834117424888,10.103684053191909,566.3235294117648,18.529811507696436,15.649620281555304,19.39736281186248,9.809566423799156,0.6176470588235294,nan,nan
eLORETA,5,15,surface_only,case_weighted_within_scenario,68,1,0.8842877232139742,0.9534368992719618,1.7028847476236826,18.980090516717322,6.710408527138455,nan,nan,0.2353801835328485,nan,424.55882352941177,18.980090516717322,6.710408527138455,nan,nan,nan,0.2647058823529412,nan
eLORETA,5,20,deep_only,case_weighted_within_scenario,15,1,1.0,1.0,1.851483036372753,nan,nan,14.229185912729301,0.0,1.0,0.0,664.1333333333333,nan,nan,14.229185912729301,0.0,1.0,nan,nan
eLORETA,5,20,deep_plus_surface,case_weighted_within_scenario,68,1,0.9258049740373441,0.9484883655469929,1.7455245169775995,20.486343260105244,7.157458777591392,17.982101935468652,9.499919791456596,0.3468308689961297,9.499919791456596,456.9852941176471,20.486343260105244,7.157458777591392,17.982101935468652,9.499919791456596,0.6470588235294118,nan,nan
eLORETA,5,20,deep_plus_two_surface,case_weighted_within_scenario,34,1,0.9134690058528364,0.9060168876647247,1.7422983480149115,19.272873064244372,15.119259468855413,18.870310595551906,9.336515704675463,0.4030719245020111,9.336515704675463,577.6470588235294,19.272873064244372,15.119259468855413,18.870310595551906,9.336515704675463,0.5882352941176471,nan,nan
eLORETA,5,20,surface_only,case_weighted_within_scenario,68,1,0.8789884528326483,0.9491949652695496,1.6997879978130388,19.423524773314213,6.476621698548103,nan,nan,0.24162797993907154,nan,438.45588235294116,19.423524773314213,6.476621698548103,nan,nan,nan,0.27941176470588236,nan
eLORETA,10,-10,deep_only,case_weighted_within_scenario,15,1,0.9993333333333333,0.9999911253106142,1.9285658058145665,nan,nan,16.642433684986212,0.6666667032365662,1.0,0.0,4366.066666666667,nan,nan,16.642433684986212,0.6666667032365662,1.0,nan,nan
eLORETA,10,-10,deep_plus_surface,case_weighted_within_scenario,68,1,0.9063208888165334,0.920784308888689,1.8327109662963212,38.24356733725647,9.108846924662164,21.560949293484143,16.682411929131522,0.4093112616539393,14.08269204869207,2160.9117647058824,38.24356733725647,9.108846924662164,21.560949293484143,16.682411929131522,0.4852941176470588,nan,nan
eLORETA,10,-10,deep_plus_two_surface,case_weighted_within_scenario,34,1,0.8886086443093757,0.8579589660596368,1.8270788891440375,27.496324906233184,17.36506250997781,21.96150303312085,15.969159642615004,0.39300705642602857,14.451036168640334,1884.9411764705883,27.496324906233184,17.36506250997781,21.96150303312085,15.969159642615004,0.47058823529411764,nan,nan
eLORETA,10,-10,surface_only,case_weighted_within_scenario,68,1,0.8483509220167443,0.9254503188281707,1.7984827660224278,36.364092479948226,9.615109639886844,nan,nan,0.34146414141914666,nan,1909.8529411764705,36.364092479948226,9.615109639886844,nan,nan,nan,0.029411764705882353,nan
eLORETA,10,-5,deep_only,case_weighted_within_scenario,15,1,1.0,1.0,1.9157187060806147,nan,nan,15.87069696861709,0.0,1.0,0.0,3042.733333333333,nan,nan,15.87069696861709,0.0,1.0,nan,nan
eLORETA,10,-5,deep_plus_surface,case_weighted_within_scenario,68,1,0.9168176436628813,0.9307178387116214,1.8152630452572038,33.744276820207396,8.738956266632986,21.3055287878187,15.141076265518269,0.3847816550677174,11.317318353867241,1614.4411764705883,33.744276820207396,8.738956266632986,21.3055287878187,15.141076265518269,0.5735294117647058,nan,nan
eLORETA,10,-5,deep_plus_two_surface,case_weighted_within_scenario,34,1,0.8990127448407278,0.8725361937744408,1.809156823154905,24.659179266706193,14.73388927005275,21.531218470072638,15.007063161520563,0.3750291131376912,13.899439383131277,1430.9411764705883,24.659179266706193,14.73388927005275,21.531218470072638,15.007063161520563,0.5,nan,nan
eLORETA,10,-5,surface_only,case_weighted_within_scenario,68,1,0.861160276091793,0.9345207833294248,1.777909643954566,30.605276020359764,7.272607889237042,nan,nan,0.3118147302917007,nan,1378.6176470588234,30.605276020359764,7.272607889237042,nan,nan,nan,0.029411764705882353,nan
eLORETA,10,0,deep_only,case_weighted_within_scenario,15,1,1.0,1.0,1.8980869230467017,nan,nan,15.161466079945832,0.0,1.0,0.0,1579.8666666666666,nan,nan,15.161466079945832,0.0,1.0,nan,nan
eLORETA,10,0,deep_plus_surface,case_weighted_within_scenario,68,1,0.9238365815844664,0.9414954404373522,1.7923664879276389,27.498738368183545,7.0734299987127365,20.68259438609195,11.612457243066771,0.36421757127677123,10.391786147880966,1067.9411764705883,27.498738368183545,7.0734299987127365,20.68259438609195,11.612457243066771,0.6029411764705882,nan,nan
eLORETA,10,0,deep_plus_two_surface,case_weighted_within_scenario,34,1,0.9082874235885318,0.8864569695583497,1.786273862606543,21.7088916719207,14.807394966720572,21.09010234542514,12.84929486739328,0.3669125925967017,11.621063825357439,1025.0588235294117,21.7088916719207,14.807394966720572,21.09010234542514,12.84929486739328,0.5882352941176471,nan,nan
eLORETA,10,0,surface_only,case_weighted_within_scenario,68,1,0.8705892915120698,0.9423464987403307,1.7529367080504623,24.734321712261615,7.205661644792266,nan,nan,0.2748020721419473,nan,889.6617647058823,24.734321712261615,7.205661644792266,nan,nan,nan,0.11764705882352941,nan
eLORETA,10,5,deep_only,case_weighted_within_scenario,15,1,1.0,1.0,1.8779693859146134,nan,nan,14.435505574684736,0.0,1.0,0.0,764.0666666666667,nan,nan,14.435505574684736,0.0,1.0,nan,nan
eLORETA,10,5,deep_plus_surface,case_weighted_within_scenario,68,1,0.9297754297318331,0.9482171525500822,1.7674211195337701,21.712334078516452,7.020524029039564,19.853554408492023,10.50384544762917,0.35028176353427876,9.577292035452196,629.6176470588235,21.712334078516452,7.020524029039564,19.853554408492023,10.50384544762917,0.6764705882352942,nan,nan
eLORETA,10,5,deep_plus_two_surface,case_weighted_within_scenario,34,1,0.9148488420653732,0.9001506925196812,1.7610633536187206,18.89742005577778,15.052523346194956,20.39178643753743,12.138194266343131,0.3689540964592233,11.307774641469317,733.6764705882352,18.89742005577778,15.052523346194956,20.39178643753743,12.138194266343131,0.5588235294117647,nan,nan
eLORETA,10,5,surface_only,case_weighted_within_scenario,68,1,0.8790242009131518,0.9497295500141877,1.7242093003202021,20.048516104160992,6.681765297743918,nan,nan,0.24128146171511186,nan,514.4411764705883,20.048516104160992,6.681765297743918,nan,nan,nan,0.14705882352941177,nan
eLORETA,10,10,deep_only,case_weighted_within_scenario,15,1,1.0,1.0,1.8580878620499768,nan,nan,14.29865947631827,0.0,1.0,0.0,619.7333333333333,nan,nan,14.29865947631827,0.0,1.0,nan,nan
eLORETA,10,10,deep_plus_surface,case_weighted_within_scenario,68,1,0.93161614339722,0.9517607775353539,1.7435317200348237,19.198550078731493,7.132126263540094,18.995231633520042,8.267171682568964,0.3342420180512783,7.704167684115166,439.80882352941177,19.198550078731493,7.132126263540094,18.995231633520042,8.267171682568964,0.6617647058823529,nan,nan
eLORETA,10,10,deep_plus_two_surface,case_weighted_within_scenario,34,1,0.9204834950924741,0.9089499019786093,1.7377775364256933,17.43243166197203,14.495934251018763,19.90067428263599,11.018680680852086,0.35488578396685,10.153363646638482,531.2058823529412,17.43243166197203,14.495934251018763,19.90067428263599,11.018680680852086,0.5882352941176471,nan,nan
eLORETA,10,10,surface_only,case_weighted_within_scenario,68,1,0.8801617792206873,0.9507216780373389,1.6975674226908224,18.33043890163366,6.707115268091886,nan,nan,0.2229805027335489,nan,408.29411764705884,18.33043890163366,6.707115268091886,nan,nan,nan,0.20588235294117646,nan
eLORETA,10,15,deep_only,case_weighted_within_scenario,15,1,1.0,1.0,1.8447468311748312,nan,nan,14.13178274943648,0.0,1.0,0.0,579.2666666666667,nan,nan,14.13178274943648,0.0,1.0,nan,nan
eLORETA,10,15,deep_plus_surface,case_weighted_within_scenario,68,1,0.9305038162390209,0.952825746022898,1.7295737529153872,19.01027477772501,7.017995786278634,18.27298717009657,7.220265399613165,0.3287216740750587,7.474978756639247,419.2352941176471,19.01027477772501,7.017995786278634,18.27298717009657,7.220265399613165,0.6911764705882353,nan,nan
eLORETA,10,15,deep_plus_two_surface,case_weighted_within_scenario,34,1,0.9200029149410445,0.9088453175398625,1.7233502170463961,17.62606403416455,15.225510618688645,19.078050350566958,10.754708223967146,0.3735875452832117,10.218868676090164,505.52941176470586,17.62606403416455,15.225510618688645,19.078050350566958,10.754708223967146,0.5588235294117647,nan,nan
eLORETA,10,15,surface_only,case_weighted_within_scenario,68,1,0.8853374226316282,0.9568098939814699,1.6808439629507606,18.431972885000988,6.737577331911371,nan,nan,0.21968204832490926,nan,398.94117647058823,18.431972885000988,6.737577331911371,nan,nan,nan,0.27941176470588236,nan
eLORETA,10,20,deep_only,case_weighted_within_scenario,15,1,1.0,1.0,1.8407001404925991,nan,nan,14.192794059224013,0.0,1.0,0.0,589.8,nan,nan,14.192794059224013,0.0,1.0,nan,nan
eLORETA,10,20,deep_plus_surface,case_weighted_within_scenario,68,1,0.9269115047022497,0.9524149015870877,1.7277101747195869,19.501339037678985,7.334309834258562,17.795281504973623,8.671069286144201,0.33548219588656475,8.596949112680699,424.1764705882353,19.501339037678985,7.334309834258562,17.795281504973623,8.671069286144201,0.6323529411764706,nan,nan
eLORETA,10,20,deep_plus_two_surface,case_weighted_within_scenario,34,1,0.915938070306937,0.909376875358082,1.722750019553103,18.274894847792833,15.033119228880143,18.777461647830663,13.15447467938727,0.3945472011596018,13.15447467938727,531.0,18.274894847792833,15.033119228880143,18.777461647830663,13.15447467938727,0.5,nan,nan
eLORETA,10,20,surface_only,case_weighted_within_scenario,68,1,0.8859311562358306,0.955278254826465,1.678648486450035,18.735913302404775,6.710408527138455,nan,nan,0.22333230322464728,nan,405.4852941176471,18.735913302404775,6.710408527138455,nan,nan,nan,0.3382352941176471,nan
eLORETA,15,-10,deep_only,case_weighted_within_scenario,15,1,1.0,1.0,1.906534187677575,nan,nan,14.870320497454628,0.0,1.0,0.0,1813.7333333333333,nan,nan,14.870320497454628,0.0,1.0,nan,nan
eLORETA,15,-10,deep_plus_surface,case_weighted_within_scenario,68,1,0.9128432402338966,0.9346154747667166,1.7955026140130526,28.333297255783304,7.791482323028367,20.568368084613056,9.501368627812536,0.36307933472587156,9.59885561325795,1145.1029411764705,28.333297255783304,7.791482323028367,20.568368084613056,9.501368627812536,0.5882352941176471,nan,nan
eLORETA,15,-10,deep_plus_two_surface,case_weighted_within_scenario,34,1,0.895261093698307,0.8741693914114785,1.7889730902050005,22.360578032850086,17.090671221711233,20.89043080170542,15.376109672361217,0.3562665965988974,13.548377939753788,1093.8235294117646,22.360578032850086,17.090671221711233,20.89043080170542,15.376109672361217,0.5,nan,nan
eLORETA,15,-10,surface_only,case_weighted_within_scenario,68,1,0.8553901712972796,0.9392363047966865,1.7544909293243507,26.298284255306697,7.373628020058881,nan,nan,0.2815963430414433,nan,985.6764705882352,26.298284255306697,7.373628020058881,nan,nan,nan,0.17647058823529413,nan
eLORETA,15,-5,deep_only,case_weighted_within_scenario,15,1,1.0,1.0,1.8945529855122198,nan,nan,14.37787758718435,0.0,1.0,0.0,1198.4,nan,nan,14.37787758718435,0.0,1.0,nan,nan
eLORETA,15,-5,deep_plus_surface,case_weighted_within_scenario,68,1,0.9219139917035466,0.9393864443918796,1.7821593556606148,25.20112594038855,7.694260312805795,20.25581559044784,10.960935907481918,0.3601284580204597,10.103814258950573,879.25,25.20112594038855,7.694260312805795,20.25581559044784,10.960935907481918,0.5882352941176471,nan,nan
eLORETA,15,-5,deep_plus_two_surface,case_weighted_within_scenario,34,1,0.9018573553242352,0.8808262540203063,1.7753709723275415,20.278681733210224,16.04984063467327,20.828829591849193,12.753247857974216,0.3523612985543253,12.043185012303685,863.6176470588235,20.278681733210224,16.04984063467327,20.828829591849193,12.753247857974216,0.5294117647058824,nan,nan
eLORETA,15,-5,surface_only,case_weighted_within_scenario,68,1,0.8634380784539932,0.943095154735983,1.7395944568329276,23.27130471818437,7.268446053812779,nan,nan,0.26716191688697444,nan,761.7352941176471,23.27130471818437,7.268446053812779,nan,nan,nan,0.16176470588235295,nan
eLORETA,15,0,deep_only,case_weighted_within_scenario,15,1,1.0,1.0,1.879120089069608,nan,nan,14.024952847858843,0.0,1.0,0.0,771.8666666666667,nan,nan,14.024952847858843,0.0,1.0,nan,nan
eLORETA,15,0,deep_plus_surface,case_weighted_within_scenario,68,1,0.9246893579123744,0.9432799532040517,1.7648798355840172,22.21152536848001,7.477907091720668,19.659299296164264,9.195404200896236,0.344364419325125,8.962200285012278,665.9411764705883,22.21152536848001,7.477907091720668,19.659299296164264,9.195404200896236,0.6764705882352942,nan,nan
eLORETA,15,0,deep_plus_two_surface,case_weighted_within_scenario,34,1,0.9090249629349514,0.8913120631772281,1.758259049299997,18.661871459111303,15.528691487851624,20.123179210576758,12.832056400393215,0.3522122201736271,11.779297617174404,708.2647058823529,18.661871459111303,15.528691487851624,20.123179210576758,12.832056400393215,0.5294117647058824,nan,nan
eLORETA,15,0,surface_only,case_weighted_within_scenario,68,1,0.8698489159984402,0.9459822734657974,1.7199124177750535,20.776863866572242,7.066900653477974,nan,nan,0.24420917282172988,nan,550.7058823529412,20.776863866572242,7.066900653477974,nan,nan,nan,0.19117647058823528,nan
eLORETA,15,5,deep_only,case_weighted_within_scenario,15,1,1.0,1.0,1.8623880341647256,nan,nan,13.907619505268874,0.0,1.0,0.0,629.7333333333333,nan,nan,13.907619505268874,0.0,1.0,nan,nan
eLORETA,15,5,deep_plus_surface,case_weighted_within_scenario,68,1,0.9290739240514686,0.949163254023576,1.7448333466294463,19.851990415331503,7.265568626780876,18.981948777871782,8.857377506176606,0.3334196682490648,7.610062399579804,475.3529411764706,19.851990415331503,7.265568626780876,18.981948777871782,8.857377506176606,0.6470588235294118,nan,nan
eLORETA,15,5,deep_plus_two_surface,case_weighted_within_scenario,34,1,0.9164037872647082,0.9032334271074423,1.7381002002394181,17.556578608551696,16.776818284607533,19.59798572516431,10.71135092323262,0.344575758743369,10.184905925671353,571.3823529411765,17.556578608551696,16.776818284607533,19.59798572516431,10.71135092323262,0.6176470588235294,nan,nan
eLORETA,15,5,surface_only,case_weighted_within_scenario,68,1,0.8772106013714671,0.9499193612790973,1.69761300433665,18.686042031086938,6.987676444114752,nan,nan,0.22375768196339801,nan,429.94117647058823,18.686042031086938,6.987676444114752,nan,nan,nan,0.25,nan
eLORETA,15,10,deep_only,case_weighted_within_scenario,15,1,1.0,1.0,1.845929959261085,nan,nan,14.000525368329196,0.0,1.0,0.0,572.5333333333333,nan,nan,14.000525368329196,0.0,1.0,nan,nan
eLORETA,15,10,deep_plus_surface,case_weighted_within_scenario,68,1,0.9270842552252168,0.9521462297279681,1.7278276345575048,18.97078129919331,7.059933477270657,18.058753252847602,8.239561084041549,0.3292114670112113,7.106001632724787,422.22058823529414,18.97078129919331,7.059933477270657,18.058753252847602,8.239561084041549,0.6764705882352942,nan,nan
eLORETA,15,10,deep_plus_two_surface,case_weighted_within_scenario,34,1,0.9203115527272562,0.9102140876342615,1.7215986257351583,16.967743543454446,16.374321629348692,19.104491714244514,9.613706625749446,0.3453076308686131,9.613706625749446,491.61764705882354,16.967743543454446,16.374321629348692,19.104491714244514,9.613706625749446,0.5294117647058824,nan,nan
eLORETA,15,10,surface_only,case_weighted_within_scenario,68,1,0.8822430980949043,0.9538305072456036,1.6771846825291712,18.11069122489667,6.802367363420823,nan,nan,0.2078278835252531,nan,396.0,18.11069122489667,6.802367363420823,nan,nan,nan,0.2647058823529412,nan
eLORETA,15,15,deep_only,case_weighted_within_scenario,15,1,1.0,1.0,1.8343638914215867,nan,nan,13.768898842216753,0.0,1.0,0.0,556.0,nan,nan,13.768898842216753,0.0,1.0,nan,nan
eLORETA,15,15,deep_plus_surface,case_weighted_within_scenario,68,1,0.9311888904260466,0.9528172763537166,1.715614044972707,18.664872382362738,7.167753555744664,17.331553192560428,7.153923901350675,0.3265326591076638,7.226862552387595,405.44117647058823,18.664872382362738,7.167753555744664,17.331553192560428,7.153923901350675,0.6617647058823529,nan,nan
eLORETA,15,15,deep_plus_two_surface,case_weighted_within_scenario,34,1,0.9201931947955596,0.9133416601546344,1.7100739936021452,16.99983037382841,15.306742602592658,18.431113807155818,8.391391601231902,0.3548233176477787,8.391391601231902,478.2352941176471,16.99983037382841,15.306742602592658,18.431113807155818,8.391391601231902,0.6176470588235294,nan,nan
eLORETA,15,15,surface_only,case_weighted_within_scenario,68,1,0.8817878833880941,0.9526433825343003,1.6645390263209092,17.98706571802158,6.6004160356065285,nan,nan,0.20318587275275266,nan,385.29411764705884,17.98706571802158,6.6004160356065285,nan,nan,nan,0.3088235294117647,nan
eLORETA,15,20,deep_only,case_weighted_within_scenario,15,1,1.0,1.0,1.8306226741706668,nan,nan,13.988849780467836,0.0,1.0,0.0,557.2,nan,nan,13.988849780467836,0.0,1.0,nan,nan
eLORETA,15,20,deep_plus_surface,case_weighted_within_scenario,68,1,0.9293642360548874,0.9536059692698382,1.7137437237146234,18.82824493765683,7.0654189734619015,17.229659773349933,7.431513690374724,0.32684116470840024,7.431513690374724,405.29411764705884,18.82824493765683,7.0654189734619015,17.229659773349933,7.431513690374724,0.6470588235294118,nan,nan
eLORETA,15,20,deep_plus_two_surface,case_weighted_within_scenario,34,1,0.9187250557888308,0.9124955365778965,1.7079843294247488,17.347925697289565,15.036188114000199,18.26434310894532,8.790300763942898,0.3630381827376717,8.790300763942898,487.94117647058823,17.347925697289565,15.036188114000199,18.26434310894532,8.790300763942898,0.6176470588235294,nan,nan
eLORETA,15,20,surface_only,case_weighted_within_scenario,68,1,0.8857934014066505,0.9572885564213088,1.66179074709917,18.262439770535266,6.626942944752817,nan,nan,0.2060749459376946,nan,388.05882352941177,18.262439770535266,6.626942944752817,nan,nan,nan,0.35294117647058826,nan
eLORETA,20,-10,deep_only,case_weighted_within_scenario,15,1,1.0,1.0,1.8861752879548368,nan,nan,14.336121740424309,0.0,1.0,0.0,1046.0,nan,nan,14.336121740424309,0.0,1.0,nan,nan
eLORETA,20,-10,deep_plus_surface,case_weighted_within_scenario,68,1,0.9077356131177299,0.9378295312478157,1.771761592117182,24.1271398765247,7.8139674917219315,19.735132308453814,10.245671179934224,0.3521172135919315,9.96853486176127,721.25,24.1271398765247,7.8139674917219315,19.735132308453814,10.245671179934224,0.5588235294117647,nan,nan
eLORETA,20,-10,deep_plus_two_surface,case_weighted_within_scenario,34,1,0.8899455840389345,0.8753673665302228,1.7681732614778078,20.86746589359205,17.949462840287364,19.94128353743352,12.976519005855023,0.3433465294710747,12.854691475991778,806.5294117647059,20.86746589359205,17.949462840287364,19.94128353743352,12.976519005855023,0.4411764705882353,nan,nan
eLORETA,20,-10,surface_only,case_weighted_within_scenario,68,1,0.8530687757076822,0.94306707524114,1.7272334348613476,22.838259211082217,7.792685782969435,nan,nan,0.2638421721082328,nan,659.7794117647059,22.838259211082217,7.792685782969435,nan,nan,nan,0.27941176470588236,nan
eLORETA,20,-5,deep_only,case_weighted_within_scenario,15,1,1.0,1.0,1.8776058803759348,nan,nan,14.165063077453661,0.0,1.0,0.0,853.5333333333333,nan,nan,14.165063077453661,0.0,1.0,nan,nan
eLORETA,20,-5,deep_plus_surface,case_weighted_within_scenario,68,1,0.9151739968967708,0.9425080882445904,1.762207250414217,22.581808148102276,7.653466582337986,19.27025919728379,9.598855611236251,0.34407046106017786,9.751102112042183,616.8823529411765,22.581808148102276,7.653466582337986,19.27025919728379,9.598855611236251,0.5441176470588235,nan,nan
eLORETA,20,-5,deep_plus_two_surface,case_weighted_within_scenario,34,1,0.8963974509341064,0.881089730358469,1.7590328874719952,19.626403794029745,16.08665461279799,19.770905559216622,13.441042467405001,0.34261432982532103,13.735160120019689,720.5882352941177,19.626403794029745,16.08665461279799,19.770905559216622,13.441042467405001,0.4117647058823529,nan,nan
eLORETA,20,-5,surface_only,case_weighted_within_scenario,68,1,0.8604403464717546,0.9460377785278514,1.7162646907980523,21.1461689960573,7.539033117003053,nan,nan,0.24587807372632753,nan,565.8823529411765,21.1461689960573,7.539033117003053,nan,nan,nan,0.27941176470588236,nan
eLORETA,20,0,deep_only,case_weighted_within_scenario,15,1,1.0,1.0,1.8649723267387022,nan,nan,13.874731622445898,0.0,1.0,0.0,689.8,nan,nan,13.874731622445898,0.0,1.0,nan,nan
eLORETA,20,0,deep_plus_surface,case_weighted_within_scenario,68,1,0.9211050848487703,0.9437833437750868,1.748100316093934,21.007426970624305,7.708353680911305,18.691716217521098,9.535271513836383,0.33730512068161994,9.18024010662155,526.9705882352941,21.007426970624305,7.708353680911305,18.691716217521098,9.535271513836383,0.5882352941176471,nan,nan
eLORETA,20,0,deep_plus_two_surface,case_weighted_within_scenario,34,1,0.9014837175618694,0.8873408939481302,1.7450160926510754,18.412572872911056,15.4922575176415,19.595204455775665,10.838368402932064,0.3371407840623528,10.667962598907655,611.4117647058823,18.412572872911056,15.4922575176415,19.595204455775665,10.838368402932064,0.47058823529411764,nan,nan
eLORETA,20,0,surface_only,case_weighted_within_scenario,68,1,0.868796074734799,0.9493767985478198,1.700788898771969,19.726243808619497,7.305457937047187,nan,nan,0.23102665342778164,nan,486.47058823529414,19.726243808619497,7.305457937047187,nan,nan,nan,0.35294117647058826,nan
eLORETA,20,5,deep_only,case_weighted_within_scenario,15,1,1.0,1.0,1.8511413322212273,nan,nan,13.553028759433536,0.0,1.0,0.0,596.9333333333333,nan,nan,13.553028759433536,0.0,1.0,nan,nan
eLORETA,20,5,deep_plus_surface,case_weighted_within_scenario,68,1,0.9252775338562236,0.9486839411087499,1.7323614769248543,19.80785111136086,7.433446119466372,18.062389961723003,7.660293797258955,0.33249029516075285,7.072058478602593,460.1764705882353,19.80785111136086,7.433446119466372,18.062389961723003,7.660293797258955,0.6617647058823529,nan,nan
eLORETA,20,5,deep_plus_two_surface,case_weighted_within_scenario,34,1,0.9097630862033541,0.8991886880393694,1.7289180249733804,17.53308579486243,15.73292395972888,19.046329095428785,10.54845533532152,0.33057894965982293,10.842572998514122,533.8823529411765,17.53308579486243,15.73292395972888,19.046329095428785,10.54845533532152,0.5,nan,nan
eLORETA,20,5,surface_only,case_weighted_within_scenario,68,1,0.8735574212732738,0.9497022642081084,1.682733700896221,18.800559586401874,7.23995876417822,nan,nan,0.21172803636712084,nan,433.7352941176471,18.800559586401874,7.23995876417822,nan,nan,nan,0.3382352941176471,nan
eLORETA,20,10,deep_only,case_weighted_within_scenario,15,1,1.0,1.0,1.8394543185251733,nan,nan,13.562121912561606,0.0,1.0,0.0,561.0666666666667,nan,nan,13.562121912561606,0.0,1.0,nan,nan
eLORETA,20,10,deep_plus_surface,case_weighted_within_scenario,68,1,0.9267828140704646,0.9518109537547588,1.7182464160988997,19.061566198811278,7.336926645009886,17.4018897641188,7.1178784692526875,0.32570755925417877,7.1178784692526875,424.3970588235294,19.061566198811278,7.336926645009886,17.4018897641188,7.1178784692526875,0.7058823529411765,nan,nan
eLORETA,20,10,deep_plus_two_surface,case_weighted_within_scenario,34,1,0.9152906806544032,0.9057348802180712,1.7138390541500144,17.03639249661968,16.50556562804695,18.340929267626393,10.993160076338533,0.3360630607823635,10.699042413145932,490.55882352941177,17.03639249661968,16.50556562804695,18.340929267626393,10.993160076338533,0.5588235294117647,nan,nan
eLORETA,20,10,surface_only,case_weighted_within_scenario,68,1,0.8808319629479129,0.9538319085039286,1.6669008542823225,18.274770338013973,7.095661691335589,nan,nan,0.20119203408162595,nan,402.8529411764706,18.274770338013973,7.095661691335589,nan,nan,nan,0.3235294117647059,nan
eLORETA,20,15,deep_only,case_weighted_within_scenario,15,1,1.0,1.0,1.8292509242311266,nan,nan,13.68192068695784,0.0,1.0,0.0,541.0,nan,nan,13.68192068695784,0.0,1.0,nan,nan
eLORETA,20,15,deep_plus_surface,case_weighted_within_scenario,68,1,0.9312238633143323,0.9539511502156834,1.7083705913657394,18.737350684465884,7.089334019263049,16.439838214303183,6.55980068944292,0.3262330378977249,6.55980068944292,404.25,18.737350684465884,7.089334019263049,16.439838214303183,6.55980068944292,0.7058823529411765,nan,nan
eLORETA,20,15,deep_plus_two_surface,case_weighted_within_scenario,34,1,0.9191202366764787,0.9124091563983773,1.7025657436851802,16.760621535622903,16.391922611993305,17.91016672418883,10.61788708813594,0.34239230016633443,10.61788708813594,466.47058823529414,16.760621535622903,16.391922611993305,17.91016672418883,10.61788708813594,0.5,nan,nan
eLORETA,20,15,surface_only,case_weighted_within_scenario,68,1,0.8840820964889443,0.9558418337375992,1.655019376415359,17.9708101534122,6.726865159566682,nan,nan,0.1949680114378372,nan,384.3382352941176,17.9708101534122,6.726865159566682,nan,nan,nan,0.39705882352941174,nan
eLORETA,20,20,deep_only,case_weighted_within_scenario,15,1,1.0,1.0,1.825229354985895,nan,nan,13.96083414747567,0.0,1.0,0.0,542.4,nan,nan,13.96083414747567,0.0,1.0,nan,nan
eLORETA,20,20,deep_plus_surface,case_weighted_within_scenario,68,1,0.9302560097654201,0.9533269551654316,1.7045126929985794,18.58112207513705,7.099789798424485,16.47165775355826,6.784719482485312,0.3263738685776789,6.784719482485312,396.5,18.58112207513705,7.099789798424485,16.47165775355826,6.784719482485312,0.6470588235294118,nan,nan
eLORETA,20,20,deep_plus_two_surface,case_weighted_within_scenario,34,1,0.9197293759473512,0.9154289246137456,1.698826463362994,16.79113486843273,14.891284375242936,17.639856840553097,9.373869024834661,0.3496303133251132,9.373869024834661,464.61764705882354,16.79113486843273,14.891284375242936,17.639856840553097,9.373869024834661,0.5588235294117647,nan,nan
eLORETA,20,20,surface_only,case_weighted_within_scenario,68,1,0.8820383269869552,0.9541566846521817,1.651441572430917,18.00410260862587,6.534735765659928,nan,nan,0.19566457954633892,nan,378.88235294117646,18.00410260862587,6.534735765659928,nan,nan,nan,0.35294117647058826,nan
sLORETA,-10,-10,deep_only,case_weighted_within_scenario,15,1,0.9900000000000001,0.9985623003194887,1.9632307149101866,nan,nan,21.069910753947436,15.834992603421945,0.9834309121082779,9.80793047945537,2700.0666666666666,nan,nan,21.069910753947436,15.834992603421945,0.6,nan,nan
sLORETA,-10,-10,deep_plus_surface,case_weighted_within_scenario,68,1,0.8371615905499921,0.739576655694927,1.9513488778717227,68.1121040740768,64.40537425726433,22.216214017265244,22.018302593806727,0.8864423585777408,20.251425481508317,2868.8970588235293,68.1121040740768,64.40537425726433,22.216214017265244,22.018302593806727,0.2647058823529412,nan,nan
sLORETA,-10,-10,deep_plus_two_surface,case_weighted_within_scenario,34,1,0.7976660585150336,0.6786720600047302,1.9528091281529196,47.46517163934402,54.26303666421204,22.702161864788234,22.42903432104345,0.9284424184068696,22.66096149507464,3036.705882352941,47.46517163934402,54.26303666421204,22.702161864788234,22.42903432104345,0.23529411764705882,nan,nan
sLORETA,-10,-10,surface_only,case_weighted_within_scenario,68,1,0.6265854574223512,0.7301095574582164,1.9441926399849019,67.88413886526246,66.50302301970923,nan,nan,0.8803007349705632,nan,2870.25,67.88413886526246,66.50302301970923,nan,nan,nan,0.0,nan
sLORETA,-10,-5,deep_only,case_weighted_within_scenario,15,1,0.9906666666666667,0.9988640397586083,1.952848420785551,nan,nan,20.3818311411085,9.713630707567122,0.9970077931786346,6.649794505406778,2605.6666666666665,nan,nan,20.3818311411085,9.713630707567122,0.7333333333333333,nan,nan
sLORETA,-10,-5,deep_plus_surface,case_weighted_within_scenario,68,1,0.833048086824832,0.7765234262728,1.9362763835031298,64.74316904814543,51.08890523364139,21.821465410797547,20.094201205361,0.7944813216625297,18.709155733574622,2478.470588235294,64.74316904814543,51.08890523364139,21.821465410797547,20.094201205361,0.29411764705882354,nan,nan
sLORETA,-10,-5,deep_plus_two_surface,case_weighted_within_scenario,34,1,0.8065382622489126,0.7075913028010029,1.9365098597345645,45.77077033605583,46.09757697560681,22.15224880413579,19.800315643290652,0.8468291427864243,18.950813780597716,2767.8529411764707,45.77077033605583,46.09757697560681,22.15224880413579,19.800315643290652,0.2647058823529412,nan,nan
sLORETA,-10,-5,surface_only,case_weighted_within_scenario,68,1,0.6728555077855864,0.7794803478703106,1.926846896173598,64.41055553135466,45.801677600877355,nan,nan,0.7752893117944866,nan,2488.264705882353,64.41055553135466,45.801677600877355,nan,nan,nan,0.0,nan
sLORETA,-10,0,deep_only,case_weighted_within_scenario,15,1,0.9953333333333333,0.9992900248491304,1.934678716442921,nan,nan,18.530608619491908,5.771236234815481,0.9891094034677056,5.771236234815481,2300.4666666666667,nan,nan,18.530608619491908,5.771236234815481,0.7333333333333333,nan,nan
sLORETA,-10,0,deep_plus_surface,case_weighted_within_scenario,68,1,0.8398451157003727,0.8298698160828165,1.914627373420695,60.07303179801019,26.11740479738426,21.301453522585867,15.751947476879941,0.6323488428599533,14.536733456692717,1938.4264705882354,60.07303179801019,26.11740479738426,21.301453522585867,15.751947476879941,0.4264705882352941,nan,nan
sLORETA,-10,0,deep_plus_two_surface,case_weighted_within_scenario,34,1,0.8172005696802215,0.7445782569757255,1.9158551849036205,43.813037251778155,37.782933278501226,21.7894873524097,17.182439322811078,0.7291692765977167,16.120154760200165,2308.794117647059,43.813037251778155,37.782933278501226,21.7894873524097,17.182439322811078,0.3235294117647059,nan,nan
sLORETA,-10,0,surface_only,case_weighted_within_scenario,68,1,0.7286267446259383,0.8320221427979495,1.9034579527134579,59.162821693444144,25.383269840322914,nan,nan,0.5878238774349317,nan,1821.3382352941176,59.162821693444144,25.383269840322914,nan,nan,nan,0.0,nan
sLORETA,-10,5,deep_only,case_weighted_within_scenario,15,1,0.9966666666666667,0.9996538871139511,1.9070236333452135,nan,nan,16.7299450733399,7.104569564675618,0.9867614915172821,7.104569564675618,1652.2,nan,nan,16.7299450733399,7.104569564675618,0.7333333333333333,nan,nan
sLORETA,-10,5,deep_plus_surface,case_weighted_within_scenario,68,1,0.8536466284707005,0.8702148100352175,1.8873761420349084,50.99418708138707,17.665696472970296,20.73413649063396,13.982089503301134,0.5171978720364528,12.721486365113222,1239.5882352941176,50.99418708138707,17.665696472970296,20.73413649063396,13.982089503301134,0.5147058823529411,nan,nan
sLORETA,-10,5,deep_plus_two_surface,case_weighted_within_scenario,34,1,0.839293243404374,0.7885559724995792,1.888681545487073,40.61736655084575,23.769225347442408,21.103783900117005,14.827752694009812,0.6309936106740582,15.412793820702943,1716.4411764705883,40.61736655084575,23.769225347442408,21.103783900117005,14.827752694009812,0.3235294117647059,nan,nan
sLORETA,-10,5,surface_only,case_weighted_within_scenario,68,1,0.7832506251450679,0.8785913954307291,1.8719337108137406,48.524817216574164,16.409983835674872,nan,nan,0.42720633825944887,nan,1091.0882352941176,48.524817216574164,16.409983835674872,nan,nan,nan,0.0,nan
sLORETA,-10,10,deep_only,case_weighted_within_scenario,15,1,0.998,0.999716009939652,1.8663820015366632,nan,nan,14.504605177786974,4.828427226342027,0.9924604395062703,4.828427226342027,829.9333333333333,nan,nan,14.504605177786974,4.828427226342027,0.8,nan,nan
sLORETA,-10,10,deep_plus_surface,case_weighted_within_scenario,68,1,0.8697187691641165,0.9044536643257899,1.8536707032403617,35.1336723683458,15.98722529615449,19.67988644788485,13.21084911003478,0.4465023592313594,12.585934527292324,604.4411764705883,35.1336723683458,15.98722529615449,19.67988644788485,13.21084911003478,0.4852941176470588,nan,nan
sLORETA,-10,10,deep_plus_two_surface,case_weighted_within_scenario,34,1,0.864750687948016,0.8381858080968736,1.8568729203065277,33.67389106919123,21.669471254203366,20.244094439139797,15.166775618832851,0.5665457595479575,15.083669445425437,1038.5588235294117,33.67389106919123,21.669471254203366,20.244094439139797,15.166775618832851,0.38235294117647056,nan,nan
sLORETA,-10,10,surface_only,case_weighted_within_scenario,68,1,0.8144754508369962,0.9087326933636946,1.8375275020996154,32.714408165210486,16.231432748062343,nan,nan,0.34757885134379646,nan,529.5147058823529,32.714408165210486,16.231432748062343,nan,nan,nan,0.0,nan
sLORETA,-10,15,deep_only,case_weighted_within_scenario,15,1,0.9966666666666667,0.9996095136670218,1.8413347593876366,nan,nan,14.098399854583546,5.495093929578593,0.9888321150351043,5.495093929578593,474.53333333333336,nan,nan,14.098399854583546,5.495093929578593,0.8,nan,nan
sLORETA,-10,15,deep_plus_surface,case_weighted_within_scenario,68,1,0.887447701183057,0.9197928223295078,1.828251691681607,27.21001978778992,16.775713880445814,18.630065629946813,12.106718973942321,0.4195277572546796,11.604628740666588,382.61764705882354,27.21001978778992,16.775713880445814,18.630065629946813,12.106718973942321,0.5441176470588235,nan,nan
sLORETA,-10,15,deep_plus_two_surface,case_weighted_within_scenario,34,1,0.8751637332438176,0.8608332276570929,1.8326760111317864,28.04938545428564,20.823231308570435,18.954975387926037,14.628589313082522,0.5401264279444875,13.970922241525441,609.4117647058823,28.04938545428564,20.823231308570435,18.954975387926037,14.628589313082522,0.38235294117647056,nan,nan
sLORETA,-10,15,surface_only,case_weighted_within_scenario,68,1,0.8239574341850768,0.9223941867601972,1.8105811408906178,25.54330741294352,15.319701410401596,nan,nan,0.3158449945227199,nan,342.5735294117647,25.54330741294352,15.319701410401596,nan,nan,nan,0.014705882352941176,nan
sLORETA,-10,20,deep_only,case_weighted_within_scenario,15,1,0.9966666666666667,0.9995651402200922,1.8349040228378597,nan,nan,14.084311535869734,5.495093929578593,0.9870732733631595,5.495093929578593,480.6666666666667,nan,nan,14.084311535869734,5.495093929578593,0.8,nan,nan
sLORETA,-10,20,deep_plus_surface,case_weighted_within_scenario,68,1,0.8895116265236924,0.9234953490538422,1.818678041507365,26.8779494076532,16.726774034802673,17.70133990359068,11.021581115707402,0.40460253493761744,11.021581115707402,354.5147058823529,26.8779494076532,16.726774034802673,17.70133990359068,11.021581115707402,0.5882352941176471,nan,nan
sLORETA,-10,20,deep_plus_two_surface,case_weighted_within_scenario,34,1,0.8763704937475938,0.8653493109980652,1.8232410431291421,27.069298409640997,21.245887379237445,18.29618354556723,13.313255218147962,0.5070083194122775,13.313255218147962,507.11764705882354,27.069298409640997,21.245887379237445,18.29618354556723,13.313255218147962,0.4117647058823529,nan,nan
sLORETA,-10,20,surface_only,case_weighted_within_scenario,68,1,0.8246907994988717,0.9263566556905317,1.798817135684657,25.368999986307873,14.576017283014796,nan,nan,0.3047172546712508,nan,334.8382352941176,25.368999986307873,14.576017283014796,nan,nan,nan,0.10294117647058823,nan
sLORETA,-5,-10,deep_only,case_weighted_within_scenario,15,1,0.998,0.9996716364927228,1.9494253982409167,nan,nan,20.789846909295324,12.55488315334156,1.0,6.013176756421943,2962.6666666666665,nan,nan,20.789846909295324,12.55488315334156,0.8666666666666667,nan,nan
sLORETA,-5,-10,deep_plus_surface,case_weighted_within_scenario,68,1,0.8793151034459354,0.804037154504568,1.9347230287712165,67.94300598904759,50.96079706660183,22.344974894882473,23.00219735928802,0.8816538894338611,21.10758321848992,3083.1911764705883,67.94300598904759,50.96079706660183,22.344974894882473,23.00219735928802,0.27941176470588236,nan,nan
sLORETA,-5,-10,deep_plus_two_surface,case_weighted_within_scenario,34,1,0.8398832410994488,0.737204495589765,1.9351877495393155,47.90068914835122,50.845874025531465,22.86204506310493,23.90403704674465,0.9134945441083364,21.07279516108769,3596.1176470588234,47.90068914835122,50.845874025531465,22.86204506310493,23.90403704674465,0.38235294117647056,nan,nan
sLORETA,-5,-10,surface_only,case_weighted_within_scenario,68,1,0.7145759060605322,0.8000934392124655,1.9250733837093326,67.2220164879879,48.13827186345458,nan,nan,0.8231199278968908,nan,2919.1617647058824,67.2220164879879,48.13827186345458,nan,nan,nan,0.0,nan
sLORETA,-5,-5,deep_only,case_weighted_within_scenario,15,1,0.9960000000000001,0.9994586439474618,1.9360957606112905,nan,nan,19.425155228045654,8.25927027742495,0.996840908690757,5.218951504578632,2209.9333333333334,nan,nan,19.425155228045654,8.25927027742495,0.8666666666666667,nan,nan
sLORETA,-5,-5,deep_plus_surface,case_weighted_within_scenario,68,1,0.8856773438165577,0.8351978518336383,1.9163470698763339,62.95798768288193,38.130894617485836,21.875466674220228,21.52639362485694,0.7771789542346664,19.40377857723476,2251.6911764705883,62.95798768288193,38.130894617485836,21.875466674220228,21.52639362485694,0.36764705882352944,nan,nan
sLORETA,-5,-5,deep_plus_two_surface,case_weighted_within_scenario,34,1,0.8442544236277605,0.7661723516132913,1.9177091508629815,45.41746884443383,42.41074845368802,22.530207911269468,20.235274812153556,0.8396293874887706,19.578903365439054,2633.294117647059,45.41746884443383,42.41074845368802,22.530207911269468,20.235274812153556,0.23529411764705882,nan,nan
sLORETA,-5,-5,surface_only,case_weighted_within_scenario,68,1,0.7471527113236349,0.8370506614958488,1.9048731378534234,61.20810323219265,35.5246074759225,nan,nan,0.6951073121600589,nan,2068.970588235294,61.20810323219265,35.5246074759225,nan,nan,nan,0.0,nan
sLORETA,-5,0,deep_only,case_weighted_within_scenario,15,1,0.998,0.999733759318424,1.9173072956065595,nan,nan,18.097090792365808,6.82842723546212,0.995529751127269,6.1617606088385495,1786.5333333333333,nan,nan,18.097090792365808,6.82842723546212,0.8,nan,nan
sLORETA,-5,0,deep_plus_surface,case_weighted_within_scenario,68,1,0.8833357748682542,0.867846339729798,1.894405904487282,55.31974696516678,21.117722675283773,21.282317566204544,16.039503200245523,0.5958399811572735,15.115521583208151,1458.1470588235295,55.31974696516678,21.117722675283773,21.282317566204544,16.039503200245523,0.4852941176470588,nan,nan
sLORETA,-5,0,deep_plus_two_surface,case_weighted_within_scenario,34,1,0.8548925082481122,0.7996706188630881,1.8937092879671833,41.75015004734502,29.0244595567534,21.93403293626497,17.362098473926366,0.6793752249047023,19.085349194272492,1880.6764705882354,41.75015004734502,29.0244595567534,21.93403293626497,17.362098473926366,0.20588235294117646,nan,nan
sLORETA,-5,0,surface_only,case_weighted_within_scenario,68,1,0.7788481522701379,0.8708067884469732,1.8811295678676905,53.00271044079934,19.86237321550139,nan,nan,0.5246996567212847,nan,1313.2941176470588,53.00271044079934,19.86237321550139,nan,nan,nan,0.0,nan
sLORETA,-5,5,deep_only,case_weighted_within_scenario,15,1,0.9973333333333334,0.999662761803337,1.8934054300868854,nan,nan,16.156753733734522,5.495093929578593,0.9946616914260364,5.495093929578593,1332.4666666666667,nan,nan,16.156753733734522,5.495093929578593,0.8,nan,nan
sLORETA,-5,5,deep_plus_surface,case_weighted_within_scenario,68,1,0.8838601885039327,0.8929510099368896,1.8673371262629797,43.182600043994,17.236022286986444,20.716818531228302,14.159011098533501,0.47862300025883625,12.766704343584337,835.9558823529412,43.182600043994,17.236022286986444,20.716818531228302,14.159011098533501,0.47058823529411764,nan,nan
sLORETA,-5,5,deep_plus_two_surface,case_weighted_within_scenario,34,1,0.8654696256003674,0.8278219949150157,1.8678621556788475,36.97439963469297,20.180060270728887,20.973368016422114,15.963723831864707,0.5910975057729478,14.829273618220457,1217.4705882352941,36.97439963469297,20.180060270728887,20.973368016422114,15.963723831864707,0.2647058823529412,nan,nan
sLORETA,-5,5,surface_only,case_weighted_within_scenario,68,1,0.8044524670002486,0.8959935757917666,1.851287165542887,40.920406671468605,17.29036027245052,nan,nan,0.40524298295285627,nan,734.9411764705883,40.920406671468605,17.29036027245052,nan,nan,nan,0.0,nan
sLORETA,-5,10,deep_only,case_weighted_within_scenario,15,1,0.9986666666666667,0.9998757543485979,1.8554737655110844,nan,nan,14.450107453360504,4.828427226342027,0.9976439707931346,4.828427226342027,722.7333333333333,nan,nan,14.450107453360504,4.828427226342027,0.8,nan,nan
sLORETA,-5,10,deep_plus_surface,case_weighted_within_scenario,68,1,0.8927908525029016,0.9124514558409863,1.8391713530509808,30.144674485098744,15.7014102298826,19.822298473011873,12.784920114777803,0.43473875659952366,11.97403997568297,476.29411764705884,30.144674485098744,15.7014102298826,19.822298473011873,12.784920114777803,0.5588235294117647,nan,nan
sLORETA,-5,10,deep_plus_two_surface,case_weighted_within_scenario,34,1,0.8767975270369253,0.85239942888736,1.838528552420537,30.14367089030706,18.900499215773912,20.23838695013018,14.834352819073285,0.539695383553266,14.367945051276893,750.6764705882352,30.14367089030706,18.900499215773912,20.23838695013018,14.834352819073285,0.35294117647058826,nan,nan
sLORETA,-5,10,surface_only,case_weighted_within_scenario,68,1,0.8223395455047074,0.914547980426757,1.8202377198625717,28.123038366310034,16.167011789604086,nan,nan,0.3391419678179075,nan,419.30882352941177,28.123038366310034,16.167011789604086,nan,nan,nan,0.0,nan
sLORETA,-5,15,deep_only,case_weighted_within_scenario,15,1,0.998,0.9996805111821087,1.8348650020335635,nan,nan,13.93457749773905,6.1617605562021645,0.9886457944058596,6.1617605562021645,459.8,nan,nan,13.93457749773905,6.1617605562021645,0.8,nan,nan
sLORETA,-5,15,deep_plus_surface,case_weighted_within_scenario,68,1,0.8963009520312516,0.9223340811628364,1.8167008682241785,25.59897079113972,16.726887951136206,18.61944203096833,11.228728525858742,0.4172230921695524,11.081669711162366,356.7647058823529,25.59897079113972,16.726887951136206,18.61944203096833,11.228728525858742,0.5882352941176471,nan,nan
sLORETA,-5,15,deep_plus_two_surface,case_weighted_within_scenario,34,1,0.8803679862343577,0.8647389256163496,1.8197012562384811,26.506784935494153,20.57525203169551,19.255842085425108,13.66161466228203,0.5406378256557378,13.66161466228203,561.0294117647059,26.506784935494153,20.57525203169551,19.255842085425108,13.66161466228203,0.38235294117647056,nan,nan
sLORETA,-5,15,surface_only,case_weighted_within_scenario,68,1,0.8317112029719026,0.926197349775244,1.7978855376946465,23.9827436433861,15.447938554567218,nan,nan,0.3062376238139968,nan,325.0882352941176,23.9827436433861,15.447938554567218,nan,nan,nan,0.04411764705882353,nan
sLORETA,-5,20,deep_only,case_weighted_within_scenario,15,1,0.9960000000000001,0.9996095136670217,1.826907437791143,nan,nan,13.9142689386912,5.4950938529655975,0.9923045088245186,5.4950938529655975,447.26666666666665,nan,nan,13.9142689386912,5.4950938529655975,0.8,nan,nan
sLORETA,-5,20,deep_plus_surface,case_weighted_within_scenario,68,1,0.8945271139890567,0.9252935725549748,1.8128467015701335,26.14219145219348,17.420495159018987,17.784965728389665,11.331962047753438,0.4055207897764156,11.331962047753438,344.52941176470586,26.14219145219348,17.420495159018987,17.784965728389665,11.331962047753438,0.5735294117647058,nan,nan
sLORETA,-5,20,deep_plus_two_surface,case_weighted_within_scenario,34,1,0.8807574237314754,0.8704676715346703,1.8157079923872008,26.571571044060924,21.53546110215011,18.43280701773998,13.493186801980269,0.5308488520148694,12.857222781833931,510.5882352941176,26.571571044060924,21.53546110215011,18.43280701773998,13.493186801980269,0.4117647058823529,nan,nan
sLORETA,-5,20,surface_only,case_weighted_within_scenario,68,1,0.8309759634108544,0.9292139052551439,1.7900610311655745,24.37001400756578,15.03360286403662,nan,nan,0.2993514458142772,nan,320.5147058823529,24.37001400756578,15.03360286403662,nan,nan,nan,0.10294117647058823,nan
sLORETA,0,-10,deep_only,case_weighted_within_scenario,15,1,0.9986666666666667,0.9999112531061414,1.9401128310962734,nan,nan,20.445132739563878,6.437903015313645,1.0,1.6094757835198725,3550.6,nan,nan,20.445132739563878,6.437903015313645,0.9333333333333333,nan,nan
sLORETA,0,-10,deep_plus_surface,case_weighted_within_scenario,68,1,0.9026826641566562,0.8589517435811039,1.9119151515660084,65.86917833882467,35.17788172001387,22.662189405134452,25.552981728097645,0.7356610035398203,22.78561128750881,2770.6617647058824,65.86917833882467,35.17788172001387,22.662189405134452,25.552981728097645,0.20588235294117646,nan,nan
sLORETA,0,-10,deep_plus_two_surface,case_weighted_within_scenario,34,1,0.8648002184312523,0.7903142887199365,1.9125398675823055,46.99342273738036,45.26334246889821,23.07907017506964,22.271715041789278,0.7678229357747197,21.255169993143323,3408.529411764706,46.99342273738036,45.26334246889821,23.07907017506964,22.271715041789278,0.2647058823529412,nan,nan
sLORETA,0,-10,surface_only,case_weighted_within_scenario,68,1,0.7776626356805347,0.8541084478828859,1.8979737183966543,64.95800485655847,30.04375577188918,nan,nan,0.7028089850231573,nan,2701.073529411765,64.95800485655847,30.04375577188918,nan,nan,nan,0.0,nan
sLORETA,0,-5,deep_only,case_weighted_within_scenario,15,1,0.9993333333333333,0.9999378771742989,1.9155009609051086,nan,nan,19.061167597268756,3.6094758008638284,1.0,2.9428090976272623,1704.7333333333333,nan,nan,19.061167597268756,3.6094758008638284,0.9333333333333333,nan,nan
sLORETA,0,-5,deep_plus_surface,case_weighted_within_scenario,68,1,0.9121917878532502,0.8868487793508804,1.8907564124892644,57.80140216531409,23.04473051951672,22.111796266194705,20.66136179743723,0.6483363520025522,17.596446601460148,1760.9264705882354,57.80140216531409,23.04473051951672,22.111796266194705,20.66136179743723,0.38235294117647056,nan,nan
sLORETA,0,-5,deep_plus_two_surface,case_weighted_within_scenario,34,1,0.8812335805202176,0.8231515747853663,1.8909553512455957,43.443554880288275,35.89785526592656,22.866523945602385,24.420449933051362,0.7429263494561767,21.90360346220193,2450.176470588235,43.443554880288275,35.89785526592656,22.866523945602385,24.420449933051362,0.2647058823529412,nan,nan
sLORETA,0,-5,surface_only,case_weighted_within_scenario,68,1,0.8079119889895994,0.8860530403279366,1.874635279991539,55.40028788395273,23.22307890730196,nan,nan,0.5994457910794957,nan,1616.6617647058824,55.40028788395273,23.22307890730196,nan,nan,nan,0.0,nan
sLORETA,0,0,deep_only,case_weighted_within_scenario,15,1,0.9966666666666667,0.9996450124245653,1.8977709578893007,nan,nan,17.413741918432425,6.649794489467056,0.9891914113918164,6.1617606088385495,1105.2666666666667,nan,nan,17.413741918432425,6.649794489467056,0.8,nan,nan
sLORETA,0,0,deep_plus_surface,case_weighted_within_scenario,68,1,0.9106281037641635,0.8996826723131821,1.8672532998089668,45.41688826828062,18.23305864401246,21.49429382270211,17.809876688478507,0.5500243498853002,16.46789850997085,959.2647058823529,45.41688826828062,18.23305864401246,21.49429382270211,17.809876688478507,0.39705882352941174,nan,nan
sLORETA,0,0,deep_plus_two_surface,case_weighted_within_scenario,34,1,0.8828196190553983,0.8436277485608171,1.8666327964769218,37.93758487921846,27.67912447807935,21.87103792885126,16.623960817793126,0.6623823139998875,17.358073412636074,1442.3529411764705,37.93758487921846,27.67912447807935,21.87103792885126,16.623960817793126,0.29411764705882354,nan,nan
sLORETA,0,0,surface_only,case_weighted_within_scenario,68,1,0.8158221276397847,0.9006622340404467,1.8495955379194338,42.54813419198503,16.14357687350725,nan,nan,0.4699685969569436,nan,861.9411764705883,42.54813419198503,16.14357687350725,nan,nan,nan,0.0,nan
sLORETA,0,5,deep_only,case_weighted_within_scenario,15,1,0.9973333333333334,0.9997515086971956,1.8696407196903826,nan,nan,15.511845557158034,5.218951536430481,0.9895056747741162,5.218951536430481,747.4,nan,nan,15.511845557158034,5.218951536430481,0.8666666666666667,nan,nan
sLORETA,0,5,deep_plus_surface,case_weighted_within_scenario,68,1,0.9062185682563039,0.91280863173543,1.8415602655009276,33.558667474765805,16.91407631748353,20.537550639203186,13.917719807782229,0.45818596140214785,12.426588634824606,543.2647058823529,33.558667474765805,16.91407631748353,20.537550639203186,13.917719807782229,0.5441176470588235,nan,nan
sLORETA,0,5,deep_plus_two_surface,case_weighted_within_scenario,34,1,0.8842988617334596,0.8573969742853191,1.8413039600039833,31.709700453822407,20.062291376270924,21.143773999801432,16.48682366186491,0.5444040081170988,15.889994518236252,805.8235294117648,31.709700453822407,20.062291376270924,21.143773999801432,16.48682366186491,0.3235294117647059,nan,nan
sLORETA,0,5,surface_only,case_weighted_within_scenario,68,1,0.8249274335513841,0.9140362809316286,1.8219249182556299,31.10284532076198,17.11707348899159,nan,nan,0.3735462955457073,nan,477.0,31.10284532076198,17.11707348899159,nan,nan,nan,0.0,nan
sLORETA,0,10,deep_only,case_weighted_within_scenario,15,1,0.998,0.9997781327653532,1.8442772837583508,nan,nan,14.211731927951721,4.552284857170525,0.9948000068522024,4.552284857170525,509.93333333333334,nan,nan,14.211731927951721,4.552284857170525,0.8666666666666667,nan,nan
sLORETA,0,10,deep_plus_surface,case_weighted_within_scenario,68,1,0.9052580890779138,0.9211434368074154,1.8172883786367953,26.10011036698653,16.115094102905516,19.38464250993689,12.352357238084027,0.41877800372603213,11.867093452498137,369.63235294117646,26.10011036698653,16.115094102905516,19.38464250993689,12.352357238084027,0.5294117647058824,nan,nan
sLORETA,0,10,deep_plus_two_surface,case_weighted_within_scenario,34,1,0.8905727522269791,0.8709235733739695,1.816559402461115,26.678145201083538,19.436779772285576,20.049370970809587,15.221104655988988,0.5200976223359461,14.195608261398307,546.3823529411765,26.678145201083538,19.436779772285576,20.049370970809587,15.221104655988988,0.38235294117647056,nan,nan
sLORETA,0,10,surface_only,case_weighted_within_scenario,68,1,0.835775428703046,0.9259175254839528,1.7957072111560817,24.516497368369407,17.013696612134993,nan,nan,0.30841134847502116,nan,339.70588235294116,24.516497368369407,17.013696612134993,nan,nan,nan,0.014705882352941176,nan
sLORETA,0,15,deep_only,case_weighted_within_scenario,15,1,0.998,0.9997781327653533,1.8261286435633461,nan,nan,14.053428638831674,5.218951528555243,0.992960927595814,5.218951528555243,409.0,nan,nan,14.053428638831674,5.218951528555243,0.8666666666666667,nan,nan
sLORETA,0,15,deep_plus_surface,case_weighted_within_scenario,68,1,0.906902976081078,0.9261057948660583,1.8032377203734626,24.47078019497698,16.69483508257313,18.28422223617392,11.343362463545407,0.4160232888552166,11.093836799705963,320.9264705882353,24.47078019497698,16.69483508257313,18.28422223617392,11.343362463545407,0.5441176470588235,nan,nan
sLORETA,0,15,deep_plus_two_surface,case_weighted_within_scenario,34,1,0.8915609582502104,0.8800155876408222,1.799725196352124,24.621801303236794,18.805503327475854,18.897979094869115,13.57902691028924,0.49912031103681687,12.303261547493834,461.8529411764706,24.621801303236794,18.805503327475854,18.897979094869115,13.57902691028924,0.5,nan,nan
sLORETA,0,15,surface_only,case_weighted_within_scenario,68,1,0.8420396459982618,0.9337300291315178,1.7743077862203407,23.055875654209295,15.680477674505017,nan,nan,0.2827474902965559,nan,297.7647058823529,23.055875654209295,15.680477674505017,nan,nan,nan,0.029411764705882353,nan
sLORETA,0,20,deep_only,case_weighted_within_scenario,15,1,0.9973333333333334,0.9996183883564076,1.8183002492692188,nan,nan,13.712365237809504,6.437902861439052,0.9883826832333129,6.437902861439052,390.93333333333334,nan,nan,13.712365237809504,6.437902861439052,0.7333333333333333,nan,nan
sLORETA,0,20,deep_plus_surface,case_weighted_within_scenario,68,1,0.9053573547519889,0.9291901930126534,1.797722457878626,24.92933420841099,16.90453469254993,17.696440121025937,11.91922797645443,0.4165882254950923,11.91922797645443,329.02941176470586,24.92933420841099,16.90453469254993,17.696440121025937,11.91922797645443,0.5735294117647058,nan,nan
sLORETA,0,20,deep_plus_two_surface,case_weighted_within_scenario,34,1,0.8881814161949881,0.8781742358044409,1.8016259027158625,25.53792154037177,20.1042337435975,18.102298701503358,13.013324362992691,0.5277549178284728,13.013324362992691,473.5,25.53792154037177,20.1042337435975,18.102298701503358,13.013324362992691,0.47058823529411764,nan,nan
sLORETA,0,20,surface_only,case_weighted_within_scenario,68,1,0.8357527975275595,0.9321408272296065,1.7774106190862506,23.47115911981868,14.992884465461774,nan,nan,0.28943201205923824,nan,306.6617647058824,23.47115911981868,14.992884465461774,nan,nan,nan,0.1323529411764706,nan
sLORETA,5,-10,deep_only,case_weighted_within_scenario,15,1,0.9993333333333333,0.9999645012424565,1.926813865930611,nan,nan,19.233462949801144,3.4907121607789353,1.0,1.3333334064731324,2974.6,nan,nan,19.233462949801144,3.4907121607789353,1.0,nan,nan
sLORETA,5,-10,deep_plus_surface,case_weighted_within_scenario,68,1,0.9087476309028881,0.8920638081257513,1.8836020747024553,58.9641358826373,20.534643414701403,22.480281147197992,22.171670989811336,0.581986516411536,19.32591363417542,2052.485294117647,58.9641358826373,20.534643414701403,22.480281147197992,22.171670989811336,0.29411764705882354,nan,nan
sLORETA,5,-10,deep_plus_two_surface,case_weighted_within_scenario,34,1,0.8821149204620853,0.8337684849805314,1.8821367311015043,42.73494035425089,32.98307731009159,22.74927646582435,21.800561591880037,0.6289807053457127,18.54432021023094,2485.5882352941176,42.73494035425089,32.98307731009159,22.74927646582435,21.800561591880037,0.4117647058823529,nan,nan
sLORETA,5,-10,surface_only,case_weighted_within_scenario,68,1,0.8124870800657119,0.8909011209184942,1.8634859255427951,55.74289274219452,19.556963340114184,nan,nan,0.5417293788005315,nan,1835.8676470588234,55.74289274219452,19.556963340114184,nan,nan,nan,0.0,nan
sLORETA,5,-5,deep_only,case_weighted_within_scenario,15,1,0.9993333333333333,0.9999911253106142,1.8998741649150985,nan,nan,18.00624943161412,0.6666667032365662,1.0,0.0,1617.8,nan,nan,18.00624943161412,0.6666667032365662,1.0,nan,nan
sLORETA,5,-5,deep_plus_surface,case_weighted_within_scenario,68,1,0.9202315144543177,0.911521118413467,1.8598278155434,45.33772515849761,15.891100356332341,22.034416567555105,20.92768386072531,0.5324515184231997,17.391334150162404,1249.0588235294117,45.33772515849761,15.891100356332341,22.034416567555105,20.92768386072531,0.36764705882352944,nan,nan
sLORETA,5,-5,deep_plus_two_surface,case_weighted_within_scenario,34,1,0.8926652862793939,0.8578075430713589,1.8612442975056491,38.088327665522314,23.60975188127658,22.52129005048847,20.56386150202076,0.5637618464231638,18.554964398881815,1640.1470588235295,38.088327665522314,23.60975188127658,22.52129005048847,20.56386150202076,0.35294117647058826,nan,nan
sLORETA,5,-5,surface_only,case_weighted_within_scenario,68,1,0.8339381331082667,0.9111012255601613,1.8372409389922677,42.39932955403263,13.731219344582518,nan,nan,0.45976848491398215,nan,1086.4117647058824,42.39932955403263,13.731219344582518,nan,nan,nan,0.0,nan
sLORETA,5,0,deep_only,case_weighted_within_scenario,15,1,1.0,0.9999467518636849,1.8678650590636685,nan,nan,16.223983729850815,3.2189514667987646,1.0,2.5522847875388086,712.0666666666667,nan,nan,16.223983729850815,3.2189514667987646,0.8666666666666667,nan,nan
sLORETA,5,0,deep_plus_surface,case_weighted_within_scenario,68,1,0.9218516016744568,0.9220846073607838,1.8347324669170855,33.35241073483415,15.372031839879018,21.34288445690814,16.00891499069673,0.47554837668833255,14.379449595525328,609.7058823529412,33.35241073483415,15.372031839879018,21.34288445690814,16.00891499069673,0.47058823529411764,nan,nan
sLORETA,5,0,deep_plus_two_surface,case_weighted_within_scenario,34,1,0.9025449208394849,0.8766352531404414,1.83548700884752,32.43111577485082,18.89129740950766,21.988705213254125,20.303885399976174,0.5480677019370067,14.951259877415762,985.5,32.43111577485082,18.89129740950766,21.988705213254125,20.303885399976174,0.38235294117647056,nan,nan
sLORETA,5,0,surface_only,case_weighted_within_scenario,68,1,0.8418488620438048,0.9231376879225632,1.8109874155733858,30.62564193499022,13.884384175258761,nan,nan,0.39761975216393075,nan,543.1029411764706,30.62564193499022,13.884384175258761,nan,nan,nan,0.0,nan
sLORETA,5,5,deep_only,case_weighted_within_scenario,15,1,0.998,0.9997692580759675,1.8480927132794907,nan,nan,14.787961697837856,5.495093929578593,0.9934866870209306,5.495093929578593,475.73333333333335,nan,nan,14.787961697837856,5.495093929578593,0.8,nan,nan
sLORETA,5,5,deep_plus_surface,case_weighted_within_scenario,68,1,0.9184791788853043,0.9266922474293948,1.8135808854682673,27.044073131075624,16.966749306238317,20.273038421317494,13.943414795605396,0.43272614922924624,11.510199123600273,401.1470588235294,27.044073131075624,16.966749306238317,20.273038421317494,13.943414795605396,0.5441176470588235,nan,nan
sLORETA,5,5,deep_plus_two_surface,case_weighted_within_scenario,34,1,0.899264369441624,0.8830545736283899,1.8114561165846002,27.59764074597345,17.79103017174412,21.048111042840784,17.94341294204325,0.5276416697774762,16.756566895611847,635.4705882352941,27.59764074597345,17.79103017174412,21.048111042840784,17.94341294204325,0.2647058823529412,nan,nan
sLORETA,5,5,surface_only,case_weighted_within_scenario,68,1,0.8404167700518839,0.9273771969869677,1.7905791844384162,25.000903160909903,16.562393248033775,nan,nan,0.33365633188842136,nan,358.6617647058824,25.000903160909903,16.562393248033775,nan,nan,nan,0.014705882352941176,nan
sLORETA,5,10,deep_only,case_weighted_within_scenario,15,1,0.9973333333333334,0.9996805111821087,1.8311884603157997,nan,nan,14.26161345482863,6.1617606088385495,0.9916807639183868,6.1617606088385495,393.06666666666666,nan,nan,14.26161345482863,6.1617606088385495,0.8,nan,nan
sLORETA,5,10,deep_plus_surface,case_weighted_within_scenario,68,1,0.9172220897370522,0.9314089643357975,1.7942425830376851,24.123065729730804,17.482095503748624,18.966917313338328,11.629638015111578,0.41013459988453943,10.333673369502176,324.75,24.123065729730804,17.482095503748624,18.966917313338328,11.629638015111578,0.5882352941176471,nan,nan
sLORETA,5,10,deep_plus_two_surface,case_weighted_within_scenario,34,1,0.8968067963424978,0.8847503627781172,1.7943427820318318,24.66335612239183,19.353588545015878,19.719738353707285,12.385001863475964,0.478443589479415,12.962861828575498,455.52941176470586,24.66335612239183,19.353588545015878,19.719738353707285,12.385001863475964,0.4117647058823529,nan,nan
sLORETA,5,10,surface_only,case_weighted_within_scenario,68,1,0.8451783351973892,0.9353951883755031,1.7704463112394737,23.058836787989705,16.36606065537293,nan,nan,0.282490100200576,nan,304.19117647058823,23.058836787989705,16.36606065537293,nan,nan,nan,0.04411764705882353,nan
sLORETA,5,15,deep_only,case_weighted_within_scenario,15,1,0.998,0.9997692580759675,1.810941657564395,nan,nan,13.888518980126987,5.4950939056019825,0.9957429863319259,5.4950939056019825,357.06666666666666,nan,nan,13.888518980126987,5.4950939056019825,0.8,nan,nan
sLORETA,5,15,deep_plus_surface,case_weighted_within_scenario,68,1,0.9143316887231105,0.9340300757465407,1.784039331573272,23.68458675160347,16.850428870432193,17.98095784957251,10.519692506432808,0.3927564664034626,10.34310547894654,302.5735294117647,23.68458675160347,16.850428870432193,17.98095784957251,10.519692506432808,0.5588235294117647,nan,nan
sLORETA,5,15,deep_plus_two_surface,case_weighted_within_scenario,34,1,0.8959130891397118,0.8873571610376587,1.7845254144943552,23.7870030217912,19.22855601782876,18.804791791407453,11.571082121202974,0.47537397863936093,11.155136943799324,415.29411764705884,23.7870030217912,19.22855601782876,18.804791791407453,11.571082121202974,0.5,nan,nan
sLORETA,5,15,surface_only,case_weighted_within_scenario,68,1,0.8436657864871077,0.93551377464502,1.7578477462829296,22.88369335930199,16.41413034602186,nan,nan,0.26935715937254273,nan,295.6029411764706,22.88369335930199,16.41413034602186,nan,nan,nan,0.07352941176470588,nan
sLORETA,5,20,deep_only,case_weighted_within_scenario,15,1,0.9973333333333334,0.9996893858714946,1.8102501177286863,nan,nan,13.951563066689383,5.49509383379213,0.9848306638672304,5.49509383379213,381.8,nan,nan,13.951563066689383,5.49509383379213,0.8,nan,nan
sLORETA,5,20,deep_plus_surface,case_weighted_within_scenario,68,1,0.9128070698075881,0.9339359075731035,1.782862805721485,23.72700690916987,16.11456808405498,17.142929708004772,11.042538886624703,0.3946437596240508,10.83456629712292,299.54411764705884,23.72700690916987,16.11456808405498,17.142929708004772,11.042538886624703,0.6029411764705882,nan,nan
sLORETA,5,20,deep_plus_two_surface,case_weighted_within_scenario,34,1,0.8946340626379644,0.8875533809612253,1.7830698464857597,24.01673672511489,19.55771980654096,18.17512868953665,12.51400850169472,0.4959071903928929,12.51400850169472,417.7352941176471,24.01673672511489,19.55771980654096,18.17512868953665,12.51400850169472,0.4411764705882353,nan,nan
sLORETA,5,20,surface_only,case_weighted_within_scenario,68,1,0.8413173742788554,0.9347824087014573,1.7567619178154983,22.876091941590143,16.27777721299273,nan,nan,0.27042741634327583,nan,289.72058823529414,22.876091941590143,16.27777721299273,nan,nan,nan,0.1323529411764706,nan
sLORETA,10,-10,deep_only,case_weighted_within_scenario,15,1,0.9993333333333333,0.9999822506212283,1.9083012456706507,nan,nan,16.953774215187174,1.3333334064731326,1.0,0.0,2096.4,nan,nan,16.953774215187174,1.3333334064731326,1.0,nan,nan
sLORETA,10,-10,deep_plus_surface,case_weighted_within_scenario,68,1,0.9109849800488004,0.9137767162296064,1.8488710018740784,41.07388826400157,13.544874161066675,21.814102362123858,17.61934073042189,0.466867487173888,13.985889078271661,1252.485294117647,41.07388826400157,13.544874161066675,21.814102362123858,17.61934073042189,0.5,nan,nan
sLORETA,10,-10,deep_plus_two_surface,case_weighted_within_scenario,34,1,0.8875245893305456,0.8596642798947363,1.8469733629099592,34.89094661954015,21.83777172909554,22.214265383091785,17.578611485676863,0.49091355654668783,14.527142817739978,1470.5882352941176,34.89094661954015,21.83777172909554,22.214265383091785,17.578611485676863,0.5,nan,nan
sLORETA,10,-10,surface_only,case_weighted_within_scenario,68,1,0.8301080562547251,0.9144728033719155,1.8225331964131817,38.952853695531836,12.60086582838173,nan,nan,0.40193268753558914,nan,1118.8235294117646,38.952853695531836,12.60086582838173,nan,nan,nan,0.0,nan
sLORETA,10,-5,deep_only,case_weighted_within_scenario,15,1,1.0,0.9999911253106142,1.8872387261460457,nan,nan,16.141072256333903,0.666666703236566,1.0,0.0,1259.2,nan,nan,16.141072256333903,0.666666703236566,1.0,nan,nan
sLORETA,10,-5,deep_plus_surface,case_weighted_within_scenario,68,1,0.9201725347922776,0.924634815546842,1.8281990443691476,33.674807595808325,13.360121066283181,21.491560793750573,15.732218168546915,0.4396634761252945,13.093420839666894,803.9411764705883,33.674807595808325,13.360121066283181,21.491560793750573,15.732218168546915,0.5,nan,nan
sLORETA,10,-5,deep_plus_two_surface,case_weighted_within_scenario,34,1,0.8994977103890703,0.8781145784599689,1.8271343952027888,30.330202332228275,15.331931466355293,21.713881592135046,15.37585409483845,0.46726690813340677,15.088218507974421,1009.8823529411765,30.330202332228275,15.331931466355293,21.713881592135046,15.37585409483845,0.4411764705882353,nan,nan
sLORETA,10,-5,surface_only,case_weighted_within_scenario,68,1,0.8446893318562407,0.925388572851746,1.7993818487190036,31.19154558257681,13.257369863581118,nan,nan,0.3643453499076738,nan,702.4852941176471,31.19154558257681,13.257369863581118,nan,nan,nan,0.0,nan
sLORETA,10,0,deep_only,case_weighted_within_scenario,15,1,1.0,1.0,1.853107394377173,nan,nan,15.022347692776954,0.0,1.0,0.0,614.4666666666667,nan,nan,15.022347692776954,0.0,1.0,nan,nan
sLORETA,10,0,deep_plus_surface,case_weighted_within_scenario,68,1,0.9248737995402196,0.9322552281969656,1.8029779187120418,25.857405192238534,13.17908791050374,20.813013403402984,13.50223121385405,0.4198494551147812,10.996022239936895,479.6617647058824,25.857405192238534,13.17908791050374,20.813013403402984,13.50223121385405,0.5294117647058824,nan,nan
sLORETA,10,0,deep_plus_two_surface,case_weighted_within_scenario,34,1,0.9056719556016372,0.8878278537333908,1.8036958754313732,25.83715824816068,17.49970002550588,21.273766247241454,13.999475115353665,0.47062106535815135,13.034546544972372,646.8529411764706,25.83715824816068,17.49970002550588,21.273766247241454,13.999475115353665,0.5294117647058824,nan,nan
sLORETA,10,0,surface_only,case_weighted_within_scenario,68,1,0.8531311996506548,0.9343199088775505,1.7736843469161983,23.651702267844573,13.037078214305021,nan,nan,0.3167044625884485,nan,414.13235294117646,23.651702267844573,13.037078214305021,nan,nan,nan,0.014705882352941176,nan
sLORETA,10,5,deep_only,case_weighted_within_scenario,15,1,1.0,0.9999733759318424,1.8164094339239774,nan,nan,13.999939196360833,2.2761424183673062,1.0,2.2761424183673062,399.53333333333336,nan,nan,13.999939196360833,2.2761424183673062,0.9333333333333333,nan,nan
sLORETA,10,5,deep_plus_surface,case_weighted_within_scenario,68,1,0.9250169679046406,0.938928628106162,1.7828027030200013,23.534419196177016,15.035521415365205,19.735420463892375,9.66105367032709,0.40824232373468594,9.26045486247797,345.5882352941176,23.534419196177016,15.035521415365205,19.735420463892375,9.66105367032709,0.6617647058823529,nan,nan
sLORETA,10,5,deep_plus_two_surface,case_weighted_within_scenario,34,1,0.9078795581374545,0.8971202170907213,1.7832385459845366,23.636895975670765,18.516188772521076,20.4882871846417,14.320427504169729,0.4840194591452596,12.869546490658493,491.05882352941177,23.636895975670765,18.516188772521076,20.4882871846417,14.320427504169729,0.4411764705882353,nan,nan
sLORETA,10,5,surface_only,case_weighted_within_scenario,68,1,0.8536151083250356,0.9392993036659579,1.7528529493719107,21.79631730825798,14.653775467637988,nan,nan,0.28732477771435333,nan,323.5882352941176,21.79631730825798,14.653775467637988,nan,nan,nan,0.04411764705882353,nan
sLORETA,10,10,deep_only,case_weighted_within_scenario,15,1,0.9973333333333334,0.999787007454739,1.805601127663607,nan,nan,13.771953327799077,5.218951528555243,0.9903136462126378,5.218951528555243,336.8,nan,nan,13.771953327799077,5.218951528555243,0.8666666666666667,nan,nan
sLORETA,10,10,deep_plus_surface,case_weighted_within_scenario,68,1,0.9216783572950283,0.9381903918761388,1.7708703871167841,23.025009797644497,16.952156136977266,18.49615520255972,9.886290232219395,0.39004019436426896,8.846005523562331,305.0882352941176,23.025009797644497,16.952156136977266,18.49615520255972,9.886290232219395,0.6323529411764706,nan,nan
sLORETA,10,10,deep_plus_two_surface,case_weighted_within_scenario,34,1,0.9045727285732847,0.8984024136533444,1.7706262644451716,23.04340389854912,18.80578560689025,19.570107152476,12.86844567280335,0.475283693859805,11.255279118456233,433.5,23.04340389854912,18.80578560689025,19.570107152476,12.86844567280335,0.5,nan,nan
sLORETA,10,10,surface_only,case_weighted_within_scenario,68,1,0.8489488131951337,0.9387644232807325,1.744071491280318,22.01186848919726,16.4182733727267,nan,nan,0.2625949473937364,nan,291.3382352941176,22.01186848919726,16.4182733727267,nan,nan,nan,0.04411764705882353,nan
sLORETA,10,15,deep_only,case_weighted_within_scenario,15,1,0.998,0.9997515086971958,1.7974497648523264,nan,nan,13.740001988002986,6.1617606088385495,0.9865270130844038,6.1617606088385495,318.2,nan,nan,13.740001988002986,6.1617606088385495,0.8,nan,nan
sLORETA,10,15,deep_plus_surface,case_weighted_within_scenario,68,1,0.9172892995315947,0.9371697054223541,1.766901630556709,23.031005853600558,17.469974426459412,17.565209161203093,9.648841822577806,0.38335450016536704,9.607288735874098,291.69117647058823,23.031005853600558,17.469974426459412,17.565209161203093,9.648841822577806,0.6470588235294118,nan,nan
sLORETA,10,15,deep_plus_two_surface,case_weighted_within_scenario,34,1,0.9002373149362284,0.894324625666989,1.7664935526034145,23.184229511455168,19.296765956829784,18.489966300668033,14.1440422146422,0.46846444936481957,13.312151893910302,388.1470588235294,23.184229511455168,19.296765956829784,18.489966300668033,14.1440422146422,0.5,nan,nan
sLORETA,10,15,surface_only,case_weighted_within_scenario,68,1,0.8494773749998709,0.9417689329567561,1.739137170601798,22.253110799794513,17.36471505257478,nan,nan,0.2522988577233162,nan,279.8382352941176,22.253110799794513,17.36471505257478,nan,nan,nan,0.10294117647058823,nan
sLORETA,10,20,deep_only,case_weighted_within_scenario,15,1,0.9973333333333334,0.9997337593184239,1.7944992411048497,nan,nan,13.960976965674572,6.1617606088385495,0.9893517496667581,6.1617606088385495,336.0,nan,nan,13.960976965674572,6.1617606088385495,0.8,nan,nan
sLORETA,10,20,deep_plus_surface,case_weighted_within_scenario,68,1,0.91451485650869,0.9374186701145667,1.7675924532934881,23.17383743411401,16.98553640531454,17.167365274734827,10.27886141936199,0.3861100474289378,10.460636128833187,289.97058823529414,23.17383743411401,16.98553640531454,17.167365274734827,10.27886141936199,0.5735294117647058,nan,nan
sLORETA,10,20,deep_plus_two_surface,case_weighted_within_scenario,34,1,0.8986061439532232,0.8944158540115382,1.767203775452087,23.44531194141261,18.8183480386487,18.07565558326404,13.478366262546572,0.47814812812082613,13.478366262546572,384.94117647058823,23.44531194141261,18.8183480386487,18.07565558326404,13.478366262546572,0.4411764705882353,nan,nan
sLORETA,10,20,surface_only,case_weighted_within_scenario,68,1,0.8478815568316818,0.9401876294970067,1.7404320146182084,22.511613527948484,16.599082862497784,nan,nan,0.2463368031818014,nan,276.5147058823529,22.511613527948484,16.599082862497784,nan,nan,nan,0.1323529411764706,nan
sLORETA,15,-10,deep_only,case_weighted_within_scenario,15,1,1.0,1.0,1.887636438767012,nan,nan,15.0056870302466,0.0,1.0,0.0,1278.2,nan,nan,15.0056870302466,0.0,1.0,nan,nan
sLORETA,15,-10,deep_plus_surface,case_weighted_within_scenario,68,1,0.9075590678419396,0.9234807774561271,1.8159189154694912,29.837751931012676,13.527238287900643,20.89503944211969,10.77210195648898,0.403056524170977,10.629316670055564,769.8823529411765,29.837751931012676,13.527238287900643,20.89503944211969,10.77210195648898,0.5882352941176471,nan,nan
sLORETA,15,-10,deep_plus_two_surface,case_weighted_within_scenario,34,1,0.8869973884324328,0.8713298653584878,1.8145486579739518,27.069549389535794,19.675355874366133,21.19226418790414,15.444542898458936,0.42921894924502296,13.71029271858157,893.2058823529412,27.069549389535794,19.675355874366133,21.19226418790414,15.444542898458936,0.5294117647058824,nan,nan
sLORETA,15,-10,surface_only,case_weighted_within_scenario,68,1,0.8361051299272743,0.9280627439398186,1.7822703321861164,27.864063924970594,13.275960935773654,nan,nan,0.31748268826299286,nan,679.9558823529412,27.864063924970594,13.275960935773654,nan,nan,nan,0.029411764705882353,nan
sLORETA,15,-5,deep_only,case_weighted_within_scenario,15,1,1.0,1.0,1.8695009411848236,nan,nan,14.418976796273556,0.0,1.0,0.0,859.8666666666667,nan,nan,14.418976796273556,0.0,1.0,nan,nan
sLORETA,15,-5,deep_plus_surface,case_weighted_within_scenario,68,1,0.917628170819368,0.9302397011647625,1.7991709440373658,25.794926649628195,12.735347054735964,20.50143855876808,13.24928736932576,0.40197058940423824,11.022816245352367,563.2794117647059,25.794926649628195,12.735347054735964,20.50143855876808,13.24928736932576,0.5735294117647058,nan,nan
sLORETA,15,-5,deep_plus_two_surface,case_weighted_within_scenario,34,1,0.8966244019318536,0.8837547406388702,1.7979391731807068,24.297796408647113,15.788422588063119,21.00481792139056,12.925537996377855,0.42614091785327435,12.433609681046272,681.6764705882352,24.297796408647113,15.788422588063119,21.00481792139056,12.925537996377855,0.5294117647058824,nan,nan
sLORETA,15,-5,surface_only,case_weighted_within_scenario,68,1,0.8456185527331739,0.9331843717013768,1.7659129660031625,24.00942158422157,12.51533833521968,nan,nan,0.30314735364547246,nan,519.6911764705883,24.00942158422157,12.51533833521968,nan,nan,nan,0.029411764705882353,nan
sLORETA,15,0,deep_only,case_weighted_within_scenario,15,1,1.0,1.0,1.8455322627553465,nan,nan,14.124690837588451,0.0,1.0,0.0,572.8,nan,nan,14.124690837588451,0.0,1.0,nan,nan
sLORETA,15,0,deep_plus_surface,case_weighted_within_scenario,68,1,0.9208248588945954,0.9360929310087566,1.7799742642739658,23.015092345207325,13.118414168038816,19.85384846128146,9.367484945791208,0.38110304309009835,8.26767481329376,442.3970588235294,23.015092345207325,13.118414168038816,19.85384846128146,9.367484945791208,0.7058823529411765,nan,nan
sLORETA,15,0,deep_plus_two_surface,case_weighted_within_scenario,34,1,0.9029398316254302,0.8923672448547609,1.7809529380364375,22.366819126445645,17.819662952913767,20.31730759313481,12.32026667625383,0.4288016665029074,11.289210919044994,542.9411764705883,22.366819126445645,17.819662952913767,20.31730759313481,12.32026667625383,0.5588235294117647,nan,nan
sLORETA,15,0,surface_only,case_weighted_within_scenario,68,1,0.8518463569973174,0.9379556501095959,1.7456096823534402,21.58346911173437,12.686205042316958,nan,nan,0.2787951258754989,nan,397.80882352941177,21.58346911173437,12.686205042316958,nan,nan,nan,0.029411764705882353,nan
sLORETA,15,5,deep_only,case_weighted_within_scenario,15,1,1.0,0.9999911253106142,1.8165856165902943,nan,nan,13.762660953041193,0.9428090358707845,1.0,0.9428090358707845,447.0,nan,nan,13.762660953041193,0.9428090358707845,0.9333333333333333,nan,nan
sLORETA,15,5,deep_plus_surface,case_weighted_within_scenario,68,1,0.9241971709412572,0.9412161869091565,1.7607876186193503,22.050341968016454,13.10836514721837,19.020583856872832,9.815730911707838,0.3770597616880333,8.456518980027097,356.4852941176471,22.050341968016454,13.10836514721837,19.020583856872832,9.815730911707838,0.6470588235294118,nan,nan
sLORETA,15,5,deep_plus_two_surface,case_weighted_within_scenario,34,1,0.9078608954511133,0.9014549254008354,1.7613768291329077,21.36282211954187,17.160512999458646,19.780501645993013,11.62206759473831,0.4232023614203271,10.792110379079443,447.9117647058824,21.36282211954187,17.160512999458646,19.780501645993013,11.62206759473831,0.5588235294117647,nan,nan
sLORETA,15,5,surface_only,case_weighted_within_scenario,68,1,0.8578832486475282,0.9427728562437022,1.7265815709443415,21.02000607529534,13.000424884594565,nan,nan,0.2572413176804481,nan,336.6764705882353,21.02000607529534,13.000424884594565,nan,nan,nan,0.07352941176470588,nan
sLORETA,15,10,deep_only,case_weighted_within_scenario,15,1,0.9993333333333333,0.9999467518636849,1.784153493869359,nan,nan,13.341148902778205,2.942809097627262,0.9996278534181706,2.942809097627262,335.6666666666667,nan,nan,13.341148902778205,2.942809097627262,0.9333333333333333,nan,nan
sLORETA,15,10,deep_plus_surface,case_weighted_within_scenario,68,1,0.9228241152927383,0.9430185801777266,1.7500829041892192,22.153803589970995,14.659902450710513,17.842552033449916,8.271922059976776,0.37786472172364316,7.288751751286557,308.29411764705884,22.153803589970995,14.659902450710513,17.842552033449916,8.271922059976776,0.7058823529411765,nan,nan
sLORETA,15,10,deep_plus_two_surface,case_weighted_within_scenario,34,1,0.9068823140028492,0.9027357928363536,1.7519259880070743,21.964585522435282,18.40335692863189,19.136374583811403,11.62400075160211,0.44185726981053985,11.329883088409508,415.47058823529414,21.964585522435282,18.40335692863189,19.136374583811403,11.62400075160211,0.5,nan,nan
sLORETA,15,10,surface_only,case_weighted_within_scenario,68,1,0.8559382628443709,0.9450132507304277,1.7175273481409314,20.963090349717973,13.948518585771852,nan,nan,0.23772578666632635,nan,296.45588235294116,20.963090349717973,13.948518585771852,nan,nan,nan,0.07352941176470588,nan
sLORETA,15,15,deep_only,case_weighted_within_scenario,15,1,0.9986666666666667,0.9998402555910545,1.780680492364471,nan,nan,13.352848582619995,5.218951475918858,0.9919141594713924,4.552284849295288,303.0,nan,nan,13.352848582619995,5.218951475918858,0.8666666666666667,nan,nan
sLORETA,15,15,deep_plus_surface,case_weighted_within_scenario,68,1,0.9198672368800876,0.9419094548914826,1.7527664939717067,22.64599465705688,17.591102839471024,16.97370645567727,9.479746282464943,0.37963267788153987,9.1164649041733,288.52941176470586,22.64599465705688,17.591102839471024,16.97370645567727,9.479746282464943,0.6617647058823529,nan,nan
sLORETA,15,15,deep_plus_two_surface,case_weighted_within_scenario,34,1,0.9025042976600683,0.9021670250480831,1.7510001755802918,22.683657412391465,18.467616955792135,18.010942935945717,12.932211806401108,0.46564025745739696,12.932211806401108,397.88235294117646,22.683657412391465,18.467616955792135,18.010942935945717,12.932211806401108,0.47058823529411764,nan,nan
sLORETA,15,15,surface_only,case_weighted_within_scenario,68,1,0.8508382204797751,0.9426818127490293,1.7209410199537571,21.64823933179709,16.286560192032777,nan,nan,0.23029760892852524,nan,281.3382352941176,21.64823933179709,16.286560192032777,nan,nan,nan,0.17647058823529413,nan
sLORETA,15,20,deep_only,case_weighted_within_scenario,15,1,0.9973333333333334,0.999724884629038,1.7864928785052625,nan,nan,13.688093817868141,6.82842723546212,0.9946299363784427,6.82842723546212,317.93333333333334,nan,nan,13.688093817868141,6.82842723546212,0.8,nan,nan
sLORETA,15,20,deep_plus_surface,case_weighted_within_scenario,68,1,0.9157740902833907,0.9400443313377312,1.7557529639966583,22.71895138423991,17.00592744667614,16.846681652548757,9.856814423974138,0.3753910088925583,9.795900645617463,282.02941176470586,22.71895138423991,17.00592744667614,16.846681652548757,9.856814423974138,0.6470588235294118,nan,nan
sLORETA,15,20,deep_plus_two_surface,case_weighted_within_scenario,34,1,0.899422117833898,0.8971361020619883,1.756627188535172,23.062108369508685,18.722297171356477,17.692064056179635,12.663078570692146,0.45989081380556496,13.12948636030843,386.70588235294116,23.062108369508685,18.722297171356477,17.692064056179635,12.663078570692146,0.4411764705882353,nan,nan
sLORETA,15,20,surface_only,case_weighted_within_scenario,68,1,0.8501520965709521,0.9444311117375621,1.725499670095721,22.13175501947909,16.761239672385702,nan,nan,0.2333361031844971,nan,273.13235294117646,22.13175501947909,16.761239672385702,nan,nan,nan,0.20588235294117646,nan
sLORETA,20,-10,deep_only,case_weighted_within_scenario,15,1,1.0,1.0,1.8687129189116447,nan,nan,14.385186899855755,0.0,1.0,0.0,899.2666666666667,nan,nan,14.385186899855755,0.0,1.0,nan,nan
sLORETA,20,-10,deep_plus_surface,case_weighted_within_scenario,68,1,0.9021738197060748,0.9304429617867653,1.7925081690301883,25.736542471955488,13.817781857460371,20.048482773797378,11.029439305792405,0.38788820017962483,10.491666604411947,602.2794117647059,25.736542471955488,13.817781857460371,20.048482773797378,11.029439305792405,0.5882352941176471,nan,nan
sLORETA,20,-10,deep_plus_two_surface,case_weighted_within_scenario,34,1,0.8801680003215453,0.8752411321880743,1.79375059635821,24.325901337374738,20.46537031878552,20.367299325647917,13.081328250669507,0.4109903235383085,13.277297292017415,692.7352941176471,24.325901337374738,20.46537031878552,20.367299325647917,13.081328250669507,0.5,nan,nan
sLORETA,20,-10,surface_only,case_weighted_within_scenario,68,1,0.8342316169407376,0.9350681962237997,1.7571125234620097,24.351266192042452,13.329724452960836,nan,nan,0.29858480331321835,nan,561.4705882352941,24.351266192042452,13.329724452960836,nan,nan,nan,0.17647058823529413,nan
sLORETA,20,-5,deep_only,case_weighted_within_scenario,15,1,1.0,1.0,1.8589262260884527,nan,nan,14.052452366801841,0.0,1.0,0.0,750.8,nan,nan,14.052452366801841,0.0,1.0,nan,nan
sLORETA,20,-5,deep_plus_surface,case_weighted_within_scenario,68,1,0.9093071113783369,0.9335754462075171,1.7826450208396185,24.23370353814617,12.894418302187367,19.597417597809702,9.80358055043802,0.376180365008987,10.249944709147977,517.3235294117648,24.23370353814617,12.894418302187367,19.597417597809702,9.80358055043802,0.6029411764705882,nan,nan
sLORETA,20,-5,deep_plus_two_surface,case_weighted_within_scenario,34,1,0.8874464734587659,0.8800862496792251,1.7845810846301096,22.901487386620662,19.571546952133676,20.011164873132927,11.780147200492344,0.407374284534459,11.315623743853246,622.8823529411765,22.901487386620662,19.571546952133676,20.011164873132927,11.780147200492344,0.5882352941176471,nan,nan
sLORETA,20,-5,surface_only,case_weighted_within_scenario,68,1,0.8421403333650102,0.9371546243970393,1.7446192999960708,22.732878190353752,12.251127465339437,nan,nan,0.273981853876609,nan,486.3970588235294,22.732878190353752,12.251127465339437,nan,nan,nan,0.1323529411764706,nan
sLORETA,20,0,deep_only,case_weighted_within_scenario,15,1,1.0,1.0,1.8409506924763126,nan,nan,13.74635571548164,0.0,1.0,0.0,599.0,nan,nan,13.74635571548164,0.0,1.0,nan,nan
sLORETA,20,0,deep_plus_surface,case_weighted_within_scenario,68,1,0.9154560399389364,0.936445856686586,1.7671496677082479,22.654917170979036,12.882919230082893,18.95067985075318,9.935632522057146,0.36850694409508894,8.72772168337006,439.94117647058823,22.654917170979036,12.882919230082893,18.95067985075318,9.935632522057146,0.6323529411764706,nan,nan
sLORETA,20,0,deep_plus_two_surface,case_weighted_within_scenario,34,1,0.8938931530077677,0.8884934855776572,1.770013076731574,21.58204148011641,17.099838518785678,19.69082303544371,10.722721384088743,0.400915089707659,10.722721410255327,535.2352941176471,21.58204148011641,17.099838518785678,19.69082303544371,10.722721384088743,0.5882352941176471,nan,nan
sLORETA,20,0,surface_only,case_weighted_within_scenario,68,1,0.8503922642968864,0.9402931244819256,1.7303035137757226,21.649624395014857,11.963260061624451,nan,nan,0.2594278636993389,nan,423.0735294117647,21.649624395014857,11.963260061624451,nan,nan,nan,0.19117647058823528,nan
sLORETA,20,5,deep_only,case_weighted_within_scenario,15,1,1.0,1.0,1.817173805181116,nan,nan,13.458807399303591,0.0,1.0,0.0,478.2,nan,nan,13.458807399303591,0.0,1.0,nan,nan
sLORETA,20,5,deep_plus_surface,case_weighted_within_scenario,68,1,0.9212205137359804,0.9426903578636574,1.7508708646499214,21.860106407137692,13.08919009647473,18.162373999361748,7.564664158800221,0.367969014362755,7.42279299641355,387.9117647058824,21.860106407137692,13.08919009647473,18.162373999361748,7.564664158800221,0.7205882352941176,nan,nan
sLORETA,20,5,deep_plus_two_surface,case_weighted_within_scenario,34,1,0.9032091801967637,0.8991113690338091,1.7534472141486692,20.88923004141796,15.9266388498958,19.073812979289062,11.722192058227291,0.3914642033988295,11.428074395034688,467.1470588235294,20.88923004141796,15.9266388498958,19.073812979289062,11.722192058227291,0.5294117647058824,nan,nan
sLORETA,20,5,surface_only,case_weighted_within_scenario,68,1,0.8535904135372341,0.9409758909895931,1.7148721638842286,20.968831813884783,12.947089919684842,nan,nan,0.23735262402514443,nan,372.80882352941177,20.968831813884783,12.947089919684842,nan,nan,nan,0.16176470588235295,nan
sLORETA,20,10,deep_only,case_weighted_within_scenario,15,1,1.0,1.0,1.792122357170716,nan,nan,13.384681951308597,0.0,1.0,0.0,400.26666666666665,nan,nan,13.384681951308597,0.0,1.0,nan,nan
sLORETA,20,10,deep_plus_surface,case_weighted_within_scenario,68,1,0.9233280662809564,0.9463883311828412,1.7393059687520054,21.576726982649642,13.454451871018584,17.30523084504435,7.710773712966578,0.36552126954890507,7.528998996399499,336.1029411764706,21.576726982649642,13.454451871018584,17.30523084504435,7.710773712966578,0.6911764705882353,nan,nan
sLORETA,20,10,deep_plus_two_surface,case_weighted_within_scenario,34,1,0.9048967408325419,0.9030315853993403,1.7413078441596952,21.11044725330954,17.43694632239979,18.354973524145834,10.959733473625734,0.41723328959885553,11.253851136818337,432.5882352941176,21.11044725330954,17.43694632239979,18.354973524145834,10.959733473625734,0.5294117647058824,nan,nan
sLORETA,20,10,surface_only,case_weighted_within_scenario,68,1,0.8603479030769977,0.9472791993256905,1.7022597325113538,20.57283933828111,13.507023875014758,nan,nan,0.22447879727730435,nan,325.9264705882353,20.57283933828111,13.507023875014758,nan,nan,nan,0.20588235294117646,nan
sLORETA,20,15,deep_only,case_weighted_within_scenario,15,1,1.0,0.9999645012424565,1.769926848418753,nan,nan,13.294719563574775,2.9428090976272623,1.0,2.9428090976272623,321.4,nan,nan,13.294719563574775,2.9428090976272623,0.9333333333333333,nan,nan
sLORETA,20,15,deep_plus_surface,case_weighted_within_scenario,68,1,0.9230015407520739,0.9441709030230586,1.737946771093768,22.072730661146778,14.800518493844448,16.282614741234273,7.149657025753439,0.3754769447226929,7.068699628334047,305.52941176470586,22.072730661146778,14.800518493844448,16.282614741234273,7.149657025753439,0.6911764705882353,nan,nan
sLORETA,20,15,deep_plus_two_surface,case_weighted_within_scenario,34,1,0.9053765158297299,0.9051290519703449,1.7381771022449075,21.83387103147602,17.12847023654263,17.876142620386048,12.886939068434815,0.44750174321787084,12.886939063360535,412.2352941176471,21.83387103147602,17.12847023654263,17.876142620386048,12.886939068434815,0.4411764705882353,nan,nan
sLORETA,20,15,surface_only,case_weighted_within_scenario,68,1,0.8577154632486022,0.9460276194829668,1.7022181360359727,20.919180652957433,15.689765915764276,nan,nan,0.2234347275989352,nan,293.88235294117646,20.919180652957433,15.689765915764276,nan,nan,nan,0.2647058823529412,nan
sLORETA,20,20,deep_only,case_weighted_within_scenario,15,1,0.998,0.9998225062122826,1.7734116395176398,nan,nan,13.387356554999966,6.1617606088385495,0.9934445596931776,6.1617606088385495,298.0,nan,nan,13.387356554999966,6.1617606088385495,0.8,nan,nan
sLORETA,20,20,deep_plus_surface,case_weighted_within_scenario,68,1,0.9206803463648164,0.9447420039080938,1.7438443119040472,22.47109045919882,16.457857462428926,16.187811789199863,8.963327355198784,0.3794780518169287,8.931941793163318,286.3235294117647,22.47109045919882,16.457857462428926,16.187811789199863,8.963327355198784,0.6617647058823529,nan,nan
sLORETA,20,20,deep_plus_two_surface,case_weighted_within_scenario,34,1,0.9002176464899373,0.9021698630346254,1.7445558266785488,22.6162209533522,18.968744198013642,17.462110989184218,12.507824400764617,0.4633644396535449,12.507824400764617,390.70588235294116,22.6162209533522,18.968744198013642,17.462110989184218,12.507824400764617,0.4117647058823529,nan,nan
sLORETA,20,20,surface_only,case_weighted_within_scenario,68,1,0.8509388963944698,0.9433853482107504,1.7124128576903588,21.716776498373495,15.523268411087045,nan,nan,0.22548621063160254,nan,277.88235294117646,21.716776498373495,15.523268411087045,nan,nan,nan,0.2647058823529412,nan
