method,eeg_snr_db,meg_snr_db,aggregation,case_count,scenario_count,auc,auc_tie_corrected,rmse,surface_sd_mm,surface_dle_mm,deep_sd_mm,deep_dle_mm,surface_sd_mm_penalized,surface_dle_mm_penalized,deep_sd_mm_penalized,deep_dle_mm_penalized,deep_score,deep_peak_distance_mm,active_count,deep_sensitivity,deep_specificity,deep_balanced_accuracy
Dipole fitting (grid),-10,-10,scenario_macro,185,4,0.6348916931059402,0.6382291660520922,1.4992864128173364,21.956808977441924,15.561779017983218,6.035534021652564,6.035534021652564,21.956808977441924,15.561779017983218,153.84334865111654,153.84334865111654,0.25735294117647056,6.035534021652564,2.1776960784313726,0.338235294117647,1.0,0.6691176470588235
Dipole fitting (grid),-10,-5,scenario_macro,185,4,0.6404274750871239,0.6409020524000701,1.356447594193017,13.406009007446817,11.058358570242623,4.706742228012222,4.706742228012222,13.406009007446817,11.058358570242623,144.9626934019371,144.9626934019371,0.28459689278255557,4.706742228012222,2.0769607843137257,0.37254901960784315,1.0,0.6862745098039216
Dipole fitting (grid),-10,0,scenario_macro,185,4,0.6583911987517039,0.6438893342420948,1.2529504540004248,8.549479879845505,10.7339607352571,1.5338873942350393,1.5338873942350393,8.549479879845505,10.7339607352571,120.82755715232294,120.82755715232294,0.33398631612776825,1.5338873942350393,2.0085784313725488,0.4754901960784314,0.9705882352941176,0.7230392156862745
Dipole fitting (grid),-10,5,scenario_macro,185,4,0.6634174424292322,0.6423940500501505,1.249330597126546,7.252574428760753,11.701651369739595,0.9839630021659994,0.9839630021659994,7.252574428760753,11.701651369739595,109.4037765075235,109.4037765075235,0.33739732298696196,0.9839630021659994,2.0308823529411764,0.5196078431372549,0.9852941176470589,0.7524509803921569
Dipole fitting (grid),-10,10,scenario_macro,185,4,0.6702690709657027,0.6435145062875438,1.2148708800889287,8.352356934707567,11.486013485149343,1.7094368262290907,1.7094368262290907,8.352356934707567,11.486013485149343,95.87404577557369,95.87404577557369,0.3556143914915607,1.7094368262290907,2.0470588235294116,0.5686274509803922,1.0,0.7843137254901962
Dipole fitting (grid),-10,15,scenario_macro,185,4,0.6661862510417729,0.6424810927131314,1.236253253489266,7.903175810363707,11.783209416776373,1.2456617585089658,1.2456617585089658,7.903175810363707,11.783209416776373,107.06876428530813,107.06876428530813,0.3306078327820944,1.2456617585089658,2.0379901960784315,0.5343137254901961,1.0,0.767156862745098
Dipole fitting (grid),-10,20,scenario_macro,185,4,0.6681090259052264,0.642385038802741,1.2254595935599188,7.747550574686744,11.673643899918446,1.5549559465282023,1.5549559465282023,7.747550574686744,11.673643899918446,101.45110044435506,101.45110044435506,0.3440069652555536,1.5549559465282023,2.0046568627450982,0.5588235294117647,0.9852941176470589,0.7720588235294118
Dipole fitting (grid),-5,-10,scenario_macro,185,4,0.6208918164756551,0.623942642781411,1.4642754012109562,10.460159783539096,11.099307084688666,4.202200476763315,4.202200476763315,10.460159783539096,11.099307084688666,154.23877349947546,154.23877349947546,0.25572261030945376,4.202200476763315,1.864705882352941,0.338235294117647,1.0,0.6691176470588235
Dipole fitting (grid),-5,-5,scenario_macro,185,4,0.6422515723661733,0.6417492026790806,1.3325749282972064,8.152275954499892,9.953590302912792,0.8333333490749447,0.8333333490749447,8.152275954499892,9.953590302912792,146.8908152832961,146.8908152832961,0.2783730134973937,0.8333333490749447,1.8720588235294118,0.37254901960784315,0.9852941176470589,0.678921568627451
Dipole fitting (grid),-5,0,scenario_macro,185,4,0.6505069374075069,0.6429516278290308,1.2646827823913305,6.597140727831974,9.630012371833734,2.254725510271411,2.254725510271411,6.597140727831974,9.630012371833734,127.78771599735516,127.78771599735516,0.31717780650868754,2.254725510271411,1.9919117647058824,0.446078431372549,0.9852941176470589,0.7156862745098039
Dipole fitting (grid),-5,5,scenario_macro,185,4,0.6659476889497131,0.6445092194528707,1.2231569155194706,6.903913372100824,11.036736423663612,2.808178103148593,2.808178103148593,6.903913372100824,11.036736423663612,105.2152389149647,105.2152389149647,0.34993682956049393,2.808178103148593,2.100735294117647,0.5294117647058824,0.9705882352941176,0.75
Dipole fitting (grid),-5,10,scenario_macro,185,4,0.6686785663214325,0.6434846951568227,1.2235273214588744,6.817293433988742,12.66031140875162,3.057442688172278,3.057442688172278,6.817293433988742,12.66031140875162,94.05237355414515,94.05237355414515,0.3546372045908981,3.057442688172278,2.0473039215686275,0.5686274509803921,1.0,0.7843137254901961
Dipole fitting (grid),-5,15,scenario_macro,185,4,0.6661562106300423,0.6429895214009851,1.2241749125292056,6.711888712587154,10.352664828708717,2.8371270229729806,2.8371270229729806,6.711888712587154,10.352664828708717,100.67734991569898,100.67734991569898,0.34507669048465334,2.8371270229729806,1.938235294117647,0.5441176470588235,1.0,0.7720588235294117
Dipole fitting (grid),-5,20,scenario_macro,185,4,0.6632953154652942,0.6420538577127001,1.2285821985256948,6.639365101313904,10.795830771735368,1.8962214080959319,1.896221408095932,6.639365101313904,10.795830771735368,109.45752044637568,109.45752044637568,0.3350066174294476,1.896221408095932,2.0142156862745098,0.5098039215686274,1.0,0.7549019607843137
Dipole fitting (grid),0,-10,scenario_macro,185,4,0.63840422911258,0.6391257979750411,1.3775541535074711,6.369137688498999,9.524665420077291,4.714045047353406,4.714045047353406,6.369137688498999,9.524665420077291,150.42204864439438,150.42204864439438,0.2664875190602966,4.714045047353406,1.633578431372549,0.34803921568627455,1.0,0.6740196078431373
Dipole fitting (grid),0,-5,scenario_macro,185,4,0.6457571931380501,0.6421149816458501,1.3012071957489828,5.131913046816165,9.026020030472184,1.7777778273442892,1.7777778273442892,5.131913046816165,9.026020030472184,136.90913878984068,136.90913878984068,0.2982988145889476,1.7777778273442892,1.8147058823529412,0.41176470588235287,1.0,0.7058823529411764
Dipole fitting (grid),0,0,scenario_macro,185,4,0.6566441758391647,0.6427954515047266,1.2645817966516444,5.0931509013576735,9.80398525902609,2.6323521685765825,2.6323521685765825,5.0931509013576735,9.80398525902609,118.71286730738068,118.71286730738068,0.3201692077700841,2.6323521685765825,1.9752450980392156,0.4803921568627451,1.0,0.7401960784313726
Dipole fitting (grid),0,5,scenario_macro,185,4,0.6685959794293688,0.6457109999618282,1.2117648556449077,4.832583530343179,8.875950253510721,0.7723139343468205,0.7723139343468205,4.832583530343179,8.875950253510721,105.90598249252359,105.90598249252359,0.338120984326442,0.7723139343468205,1.999264705882353,0.5441176470588235,1.0,0.7720588235294117
Dipole fitting (grid),0,10,scenario_macro,185,4,0.6692834552386553,0.6445546984436206,1.2095244450683553,5.942880274401792,10.412082218724185,1.1901585287150913,1.1901585287150913,5.942880274401792,10.412082218724185,100.45411925580147,100.45411925580147,0.3509676080321926,1.1901585287150913,2.0708333333333333,0.5490196078431373,0.9852941176470589,0.7671568627450981
Dipole fitting (grid),0,15,scenario_macro,185,4,0.6693683284856908,0.6442290745286599,1.2034783246692171,6.544175537304443,10.864438595840554,1.5656636994467183,1.5656636994467183,6.544175537304443,10.864438595840554,96.9734683125731,96.9734683125731,0.3567220747875177,1.5656636994467183,2.076470588235294,0.5784313725490197,1.0,0.7892156862745099
Dipole fitting (grid),0,20,scenario_macro,185,4,0.6674989022356572,0.6425236219189517,1.2230150981759746,7.148418941068219,10.882929596145331,1.644790956835692,1.644790956835692,7.148418941068219,10.882929596145331,99.26663073561008,99.26663073561008,0.35130718905078273,1.644790956835692,2.0487745098039216,0.5490196078431372,1.0,0.7745098039215685
Dipole fitting (grid),5,-10,scenario_macro,185,4,0.6453421459557833,0.6397921859202094,1.3145175634906514,5.27185994580606,10.027813040426485,4.770580737521247,4.770580737521247,5.27185994580606,10.027813040426485,133.776933320852,133.776933320852,0.30343718950592524,4.770580737521247,1.555392156862745,0.41176470588235287,1.0,0.7058823529411764
Dipole fitting (grid),5,-5,scenario_macro,185,4,0.6590130143027456,0.6429218135763269,1.2542561157025813,4.365670438648967,9.325737977726897,1.168640817319625,1.168640817319625,4.365670438648967,9.325737977726897,115.13261433566053,115.13261433566053,0.33553668258899244,1.168640817319625,1.7678921568627453,0.5049019607843138,1.0,0.7524509803921569
Dipole fitting (grid),5,0,scenario_macro,185,4,0.6646335654706098,0.6448247124234878,1.231053921341854,4.360849726727213,9.25593268502336,1.8251632527864974,1.8251632527864974,4.360849726727213,9.25593268502336,107.29828207304563,107.29828207304563,0.34372591459821156,1.8251632527864974,2.0416666666666665,0.5392156862745098,1.0,0.7696078431372548
Dipole fitting (grid),5,5,scenario_macro,185,4,0.6721832896803617,0.6462494405277686,1.1980422862755948,4.3088751693613085,8.871271887102704,0.9359374197878552,0.9359374197878552,4.3088751693613085,8.871271887102704,100.31579306417932,100.31579306417932,0.34591115444409337,0.9359374197878552,2.058333333333333,0.5490196078431373,1.0,0.7745098039215687
Dipole fitting (grid),5,10,scenario_macro,185,4,0.6717931176797015,0.6464556321587691,1.1955712363407303,4.404785349719865,8.553399030933935,1.5393941820123593,1.5393941820123593,4.404785349719865,8.553399030933935,96.9603335538559,96.9603335538559,0.3492835053205383,1.5393941820123593,2.168872549019608,0.5784313725490197,1.0,0.7892156862745099
Dipole fitting (grid),5,15,scenario_macro,185,4,0.6737464619369724,0.6449175199955822,1.1967149676260154,6.366148546327994,10.881484894284226,2.0274882008209008,2.0274882008209008,6.366148546327994,10.881484894284226,92.57895017413335,92.57895017413335,0.3597614390390131,2.0274882008209008,2.1166666666666667,0.5784313725490197,0.9705882352941176,0.7745098039215687
Dipole fitting (grid),5,20,scenario_macro,185,4,0.6693074233050886,0.6437699443479934,1.2029692620245525,5.8002539725681,10.442689088665013,3.678129330460561,3.5283174095325633,5.8002539725681,10.442689088665013,95.28205818248436,95.2424020857681,0.362219140315696,3.5283174095325633,2.0100490196078433,0.5392156862745098,1.0,0.7696078431372548
Dipole fitting (grid),10,-10,scenario_macro,185,4,0.6578907798016126,0.6405964489710979,1.2903290267505207,5.086777468388886,10.406095917484883,2.3480951562241543,2.3480951562241543,5.086777468388886,10.406095917484883,111.90739277376524,111.90739277376524,0.32900202430016967,2.3480951562241543,1.6105392156862746,0.5147058823529411,1.0,0.7573529411764706
Dipole fitting (grid),10,-5,scenario_macro,185,4,0.6573462367417877,0.6412299742415523,1.2795367066569117,5.287482970781546,10.553658150464534,2.0396625818251892,2.0396625818251892,5.287482970781546,10.553658150464534,113.00557469696896,113.00557469696896,0.32996855736320174,2.0396625818251892,1.628921568627451,0.5098039215686274,1.0,0.7549019607843137
Dipole fitting (grid),10,0,scenario_macro,185,4,0.6693402790082776,0.6448875848728812,1.2159122844394898,4.749325388208746,9.034971502935923,1.395245611747794,1.395245611747794,4.749325388208746,9.034971502935923,98.10753508022111,98.10753508022111,0.3510507891045216,1.395245611747794,1.9948529411764706,0.5735294117647058,1.0,0.7867647058823529
Dipole fitting (grid),10,5,scenario_macro,185,4,0.6753378321002003,0.6459357166681601,1.1871248642174947,4.203957156403282,9.377219505455443,0.801560603708794,0.801560603708794,4.203957156403282,9.377219505455443,96.7892840251365,96.7892840251365,0.3505569961652727,0.801560603708794,1.9840686274509807,0.573529411764706,1.0,0.786764705882353
Dipole fitting (grid),10,10,scenario_macro,185,4,0.6739038071979759,0.6463351460149604,1.19127865070029,4.147867216745966,8.937591626529949,1.2628675926001307,1.2628675926001307,4.147867216745966,8.937591626529949,96.90258130661933,96.90258130661933,0.34675644717910403,1.2628675926001307,2.1338235294117647,0.5784313725490196,1.0,0.7892156862745098
Dipole fitting (grid),10,15,scenario_macro,185,4,0.6753242893433635,0.6466350040349159,1.1947116669130018,4.587992079066866,9.467713231487517,2.234617822310413,2.234617822310413,4.587992079066866,9.467713231487517,89.306043804135,89.306043804135,0.3646870128801307,2.234617822310413,2.1169117647058826,0.5882352941176471,1.0,0.7941176470588236
Dipole fitting (grid),10,20,scenario_macro,185,4,0.673830361559882,0.645813195261298,1.1898375168600124,5.736620591343089,9.700570657560833,0.897313950645572,0.897313950645572,5.736620591343089,9.700570657560833,96.7283702673089,96.7283702673089,0.3524475986300422,0.897313950645572,2.1522058823529413,0.5833333333333334,1.0,0.7916666666666667
Dipole fitting (grid),15,-10,scenario_macro,185,4,0.6564880380641805,0.6403696568592654,1.2919174853401283,6.01441768286674,11.02020553018483,5.8492714977498705,5.638665212584904,6.01441768286674,11.02020553018483,111.34392507746708,111.24481623738944,0.3267830087144132,5.638665212584904,1.5992647058823528,0.49019607843137253,0.9705882352941176,0.7303921568627451
Dipole fitting (grid),15,-5,scenario_macro,185,4,0.6600834632487816,0.6412144166379965,1.2649300473273601,4.890369388890275,10.66105924394912,3.310329615082248,3.310329615082248,4.890369388890275,10.66105924394912,107.5665240368836,107.5665240368836,0.33180996783386824,3.310329615082248,1.5955882352941175,0.5245098039215687,0.9852941176470589,0.7549019607843137
Dipole fitting (grid),15,0,scenario_macro,185,4,0.6642527698110257,0.642875607470567,1.2511925590838286,4.68585175827548,10.094719431893424,3.5959871212900274,3.5959871212900274,4.68585175827548,10.094719431893424,99.64320736997009,99.64320736997009,0.3419022911983724,3.5959871212900274,1.7174019607843136,0.5539215686274509,0.9705882352941176,0.7622549019607843
Dipole fitting (grid),15,5,scenario_macro,185,4,0.6721976139252479,0.6446580903805639,1.2067408567670728,4.535006935559147,9.99400581910622,1.4978909968165768,1.4978909968165768,4.535006935559147,9.99400581910622,92.51017582134058,92.51017582134058,0.35611714807241224,1.4978909968165768,1.8504901960784315,0.5882352941176471,1.0,0.7941176470588236
Dipole fitting (grid),15,10,scenario_macro,185,4,0.6760485914547021,0.646295377346908,1.181730964269069,4.178750256172201,8.598644893628448,1.1565687681933927,1.1565687681933927,4.178750256172201,8.598644893628448,93.44571865536277,93.44571865536277,0.35524134527610746,1.1565687681933927,2.1468137254901962,0.5833333333333334,1.0,0.7916666666666667
Dipole fitting (grid),15,15,scenario_macro,185,4,0.6765400795144804,0.6464305724622462,1.1836216991751536,4.1716242954856995,9.587761017541297,1.1721643238943693,1.1721643238943693,4.1716242954856995,9.587761017541297,93.44099432792859,93.44099432792859,0.3597586218444127,1.1721643238943693,2.093137254901961,0.5882352941176471,1.0,0.7941176470588236
Dipole fitting (grid),15,20,scenario_macro,185,4,0.6683964522804813,0.645684469039623,1.1945812113320682,4.064709863901182,9.50645961336488,1.3679508364620911,1.3679508364620911,4.064709863901182,9.50645961336488,102.63174132052283,102.63174132052283,0.34466781096594656,1.3679508364620911,2.0674019607843137,0.5539215686274509,1.0,0.7769607843137254
Dipole fitting (grid),20,-10,scenario_macro,185,4,0.6533432593782466,0.6392465611765283,1.3045920000234406,5.58898326303698,10.668313589023803,4.252633722306758,4.107581887330521,5.58898326303698,10.668313589023803,113.50122948841465,113.44150226224797,0.3233178849792526,4.107581887330521,1.6286764705882353,0.4803921568627451,0.9558823529411765,0.7181372549019608
Dipole fitting (grid),20,-5,scenario_macro,185,4,0.6573399795188531,0.6404892646502753,1.2761273049295485,5.820926882658214,10.639866907422224,2.4192607949521,2.4192607949521,5.820926882658214,10.639866907422224,111.94327761714935,111.94327761714935,0.3260713824069544,2.4192607949521,1.6526960784313727,0.5098039215686274,0.9852941176470589,0.7475490196078431
Dipole fitting (grid),20,0,scenario_macro,185,4,0.6637469185712719,0.6407344526753052,1.264594590244147,5.455003233236394,10.925372434864933,2.5105432923771387,2.5105432923771387,5.455003233236394,10.925372434864933,103.96945018794112,103.96945018794112,0.3378990135696754,2.5105432923771387,1.7492647058823527,0.5343137254901961,0.9852941176470589,0.7598039215686274
Dipole fitting (grid),20,5,scenario_macro,185,4,0.6650858778914588,0.6422887782855476,1.2568141928858614,5.0731884823261915,9.973372749638111,2.587218268867293,2.587218268867293,5.0731884823261915,9.973372749638111,101.73680766626599,101.73680766626599,0.3334939780401219,2.587218268867293,1.9710784313725487,0.5490196078431372,0.9852941176470589,0.767156862745098
Dipole fitting (grid),20,10,scenario_macro,185,4,0.6682195465844158,0.6443419410064695,1.2118383499168444,4.2596262867579116,8.990592689683616,2.022795654611724,2.022795654611724,4.2596262867579116,8.990592689683616,99.4221000253092,99.4221000253092,0.3464141660596235,2.022795654611724,2.141421568627451,0.5588235294117647,0.9852941176470589,0.7720588235294118
Dipole fitting (grid),20,15,scenario_macro,185,4,0.6726936835093051,0.6455221518185289,1.1930882358102821,4.051607999972446,8.5364952298137,0.9918298921595469,0.9918298921595469,4.051607999972446,8.5364952298137,100.16997485101069,100.16997485101069,0.3433142516187286,0.9918298921595469,2.0950980392156864,0.5686274509803921,1.0,0.7843137254901961
Dipole fitting (grid),20,20,scenario_macro,185,4,0.6745141796631675,0.6458659902652572,1.1899690552105298,4.539203698942476,9.698448192580889,0.44707660320321313,0.44707660320321313,4.539203698942476,9.698448192580889,101.19042213969782,101.19042213969782,0.34044818171939684,0.44707660320321313,2.0784313725490193,0.5588235294117647,1.0,0.7794117647058824
LCMV,-10,-10,scenario_macro,185,4,0.7615351614397333,0.7305669849116181,1.9624161777005313,54.96374488067746,57.11733394859379,19.949629368405752,12.41844255692741,54.96374488067746,57.11733394859379,19.949629368405752,12.41844255692741,0.16666666666666666,0.0,1803.2294117647061,0.2222222222222222,1.0,0.6111111111111112
LCMV,-10,-5,scenario_macro,185,4,0.7657584941186282,0.7416699875428556,1.9568085966591076,53.477718321398974,55.019169371239194,18.614300044094275,9.744675442891268,53.477718321398974,55.019169371239194,18.614300044094275,9.744675442891268,0.25906862745098036,0.0,1400.7213235294116,0.34542483660130713,1.0,0.6727124183006535
LCMV,-10,0,scenario_macro,185,4,0.7728326069304838,0.7505553026275099,1.9483861675938923,52.0619414709202,52.906424752317065,16.511771440497423,8.42242446938736,52.0619414709202,52.906424752317065,16.511771440497423,8.42242446938736,0.3177610683670639,0.0,997.948774509804,0.4434640522875817,1.0,0.7217320261437908
LCMV,-10,5,scenario_macro,185,4,0.7803266548579202,0.7576314567350095,1.9303455244241274,51.169509707736864,50.21044693242874,13.50272266299846,6.393957755974207,51.169509707736864,50.21044693242874,13.50272266299846,6.393957755974207,0.47303356791983636,0.38320850262352585,718.9821078431373,0.6470588235294118,1.0,0.8235294117647058
LCMV,-10,10,scenario_macro,185,4,0.790614779625488,0.7606485708192747,1.892530597254979,50.81214348482433,47.59938125091211,10.63646052668496,3.707356817315777,50.81214348482433,47.59938125091211,10.63646052668496,3.707356817315777,0.6742954706545247,1.3977135192056298,561.4107843137255,0.9166666666666666,0.75,0.8333333333333333
LCMV,-10,15,scenario_macro,185,4,0.7984218863919652,0.7627424173252532,1.8265624501127575,50.61692673598236,48.43238940308348,7.873994246499646,2.108617975400895,50.61692673598236,48.43238940308348,7.873994246499646,2.108617975400895,0.7148106055057484,0.8858366491930575,478.5541666666667,0.9754901960784315,0.1323529411764706,0.553921568627451
LCMV,-10,20,scenario_macro,185,4,0.8041474635585624,0.7629805495565918,1.726493958784666,50.515494218991655,48.279495948963635,5.291203415405642,0.9061412382011206,50.515494218991655,48.279495948963635,5.291203415405642,0.9061412382011206,0.7414833834435722,0.5426994036348969,425.12598039215686,0.9754901960784315,0.029411764705882353,0.5024509803921569
LCMV,-5,-10,scenario_macro,185,4,0.791148714125955,0.7443738377055439,1.9561426122157004,55.60932563222779,55.504133982788744,19.845642778846273,10.938832369573193,55.60932563222779,55.504133982788744,19.845642778846273,10.938832369573193,0.16666666666666666,1.4142136031724077,1964.293137254902,0.19999999999999998,1.0,0.6
LCMV,-5,-5,scenario_macro,185,4,0.7854921299350657,0.7457782373461124,1.951450700510514,54.36725971781048,52.56540361795218,18.50950502873843,9.716308247783006,54.36725971781048,52.56540361795218,18.50950502873843,9.716308247783006,0.2757352941176471,0.0,1721.5299019607844,0.36764705882352944,1.0,0.6838235294117647
LCMV,-5,0,scenario_macro,185,4,0.7850772243669839,0.7528035320747922,1.9418836678641607,52.787275431873844,50.758537542964206,16.26538953589688,8.116726202645031,52.787275431873844,50.758537542964206,16.26538953589688,8.116726202645031,0.3350518583965183,0.0,1345.706862745098,0.46078431372549017,1.0,0.7303921568627451
LCMV,-5,5,scenario_macro,185,4,0.7864486003750333,0.7568888572588193,1.9243545873085885,51.62506267217079,51.179690796707455,13.387321367993712,6.367442804796734,51.62506267217079,51.179690796707455,13.387321367993712,6.367442804796734,0.5058356270139355,0.6567113226914768,961.0085784313726,0.6911764705882352,1.0,0.8455882352941175
LCMV,-5,10,scenario_macro,185,4,0.7932114923889534,0.7604628569695188,1.8890899965500645,50.996822026030095,48.531586471245355,10.6361850791842,3.577441048779557,50.996822026030095,48.531586471245355,10.6361850791842,3.577441048779557,0.6866394871317024,0.9633655822200131,705.5242647058824,0.9509803921568628,0.8088235294117647,0.8799019607843137
LCMV,-5,15,scenario_macro,185,4,0.8004847656055797,0.7632369457813165,1.82346585295743,50.69131562141384,46.30183999875245,7.881222579607584,1.9256743011639141,50.69131562141384,46.30183999875245,7.881222579607584,1.9256743011639141,0.7322743473983577,1.3423657313753818,551.4276960784314,0.9607843137254902,0.22058823529411764,0.5906862745098039
LCMV,-5,20,scenario_macro,185,4,0.8044635512610655,0.7633234404110222,1.7222669401787418,50.53947165445171,47.135022954929774,5.3743065213208885,0.8977308014704736,50.53947165445171,47.135022954929774,5.3743065213208885,0.8977308014704736,0.7499644405830943,0.7387778241622985,462.70343137254906,0.9754901960784315,0.014705882352941176,0.4950980392156863
LCMV,0,-10,scenario_macro,185,4,0.8060204432345257,0.7536986620759738,1.9470108091109952,55.475209180478686,54.33158620962819,18.967851032649566,9.151752042233186,55.475209180478686,54.33158620962819,18.967851032649566,9.151752042233186,0.2036764705882353,0.0,1866.2541666666668,0.27156862745098037,1.0,0.6357843137254902
LCMV,0,-5,scenario_macro,185,4,0.8028587063631334,0.7525535273654178,1.943216812833716,54.66444773495854,50.10843297159812,18.007144615954605,8.76538963806054,54.66444773495854,50.10843297159812,18.007144615954605,8.76538963806054,0.2995098039215686,1.2559223506558064,1803.6654411764707,0.39444444444444443,1.0,0.6972222222222222
LCMV,0,0,scenario_macro,185,4,0.800625948899627,0.7554589809044018,1.9334010567857272,53.41467060806628,47.017698916586376,15.877424375168582,7.558334793955204,53.41467060806628,47.017698916586376,15.877424375168582,7.558334793955204,0.3703990030389096,0.44707658753631674,1595.5958333333333,0.4950980392156863,1.0,0.7475490196078431
LCMV,0,5,scenario_macro,185,4,0.7981679305177826,0.7578717615930279,1.9168058818288896,52.23029330401939,46.1231071147591,13.1302318606174,5.7879758403035675,52.23029330401939,46.1231071147591,13.1302318606174,5.7879758403035675,0.5321220923563127,0.07092198715531445,1277.1470588235295,0.7401960784313726,1.0,0.8700980392156863
LCMV,0,10,scenario_macro,185,4,0.7995736703106426,0.7608256539499234,1.8808772180149045,51.251877476110394,48.694245196140066,10.499081865848291,3.131862434044653,51.251877476110394,48.694245196140066,10.499081865848291,3.131862434044653,0.7016363784473012,0.7214371814507899,924.1247549019607,0.9460784313725491,0.7205882352941176,0.8333333333333334
LCMV,0,15,scenario_macro,185,4,0.8024751839514381,0.7624081589056204,1.8146090548427483,50.82462819352293,46.967743230788265,7.767269384701504,1.896959287866924,50.82462819352293,46.967743230788265,7.767269384701504,1.896959287866924,0.7675374826625205,1.3913853496481272,687.4345588235294,0.9607843137254902,0.16176470588235295,0.5612745098039216
LCMV,0,20,scenario_macro,185,4,0.804855091633676,0.7624993817272434,1.7187263388601983,50.52461042395519,48.1905433932151,5.329843768089307,1.0041804601975555,50.52461042395519,48.1905433932151,5.329843768089307,1.0041804601975555,0.7708149415160875,0.7674928555343171,526.2034313725491,0.9803921568627452,0.0,0.4901960784313726
LCMV,5,-10,scenario_macro,185,4,0.8119809198448978,0.7579543164645409,1.9334495893682329,54.517348154007635,49.82941211306471,16.998582550964795,7.763486026208507,54.517348154007635,49.82941211306471,16.998582550964795,7.763486026208507,0.3305941090900824,1.1496255108076716,1556.9235294117648,0.43856209150326797,1.0,0.719281045751634
LCMV,5,-5,scenario_macro,185,4,0.8128156268890134,0.7579551255348752,1.9270224846544663,53.928198611213595,49.23879060787658,16.090763025464156,7.27003971979007,53.928198611213595,49.23879060787658,16.090763025464156,7.27003971979007,0.3931422620654317,0.19607844212840186,1617.773774509804,0.5343137254901961,1.0,0.767156862745098
LCMV,5,0,scenario_macro,185,4,0.8114724529382218,0.7580041404253796,1.9173072495623598,53.11479845236232,45.869627162479325,14.728537612344061,6.397350263904403,53.11479845236232,45.869627162479325,14.728537612344061,6.397350263904403,0.4649303803578707,0.19607844212840178,1599.3632352941177,0.6372549019607843,1.0,0.8186274509803921
LCMV,5,5,scenario_macro,185,4,0.8093291734663479,0.758518749417364,1.8992102169679947,52.246383677301594,45.321563351026555,12.663444996985683,4.381164668639022,52.246383677301594,45.321563351026555,12.663444996985683,4.381164668639022,0.5907993887605916,0.1257861704219936,1445.745588235294,0.8186274509803922,1.0,0.9093137254901962
LCMV,5,10,scenario_macro,185,4,0.8068714187581274,0.7597641799369053,1.862659658870186,51.51921099901484,46.527857834082,10.138936765815746,2.8318155853899967,51.51921099901484,46.527857834082,10.138936765815746,2.8318155853899967,0.7302308722076072,0.6392350701116501,1191.358088235294,0.9607843137254902,0.7352941176470589,0.8480392156862746
LCMV,5,15,scenario_macro,185,4,0.8066563694257323,0.7617320309549731,1.8020662604382347,50.96538316581081,47.35011973888681,7.664140712115988,1.6602716888369937,50.96538316581081,47.35011973888681,7.664140712115988,1.6602716888369937,0.7970902468650733,0.8727018956195426,889.4279411764705,0.9705882352941176,0.16176470588235295,0.5661764705882353
LCMV,5,20,scenario_macro,185,4,0.8072079358788711,0.7631793244374492,1.709186679814441,50.636755638645305,47.52087893927716,5.281272515687291,0.8858366522326276,50.636755638645305,47.52087893927716,5.281272515687291,0.8858366522326276,0.7985264622039661,0.4733752127676121,653.0781862745098,0.9803921568627452,0.014705882352941176,0.49754901960784315
LCMV,10,-10,scenario_macro,185,4,0.8141492029449617,0.7609288538347339,1.905722910935351,52.846717814089324,48.589907580754755,14.572486773865192,4.860281865039533,52.846717814089324,48.589907580754755,14.572486773865192,4.860281865039533,0.5461662225049891,1.2713712160077444,1260.7774509803921,0.7352941176470589,0.9411764705882353,0.8382352941176471
LCMV,10,-5,scenario_macro,185,4,0.817132774451679,0.7616957075714655,1.9000646747044083,52.675505853903125,47.497321785030834,14.149781140292385,4.496819588323542,52.675505853903125,47.497321785030834,14.149781140292385,4.496819588323542,0.5767239194023205,0.8166379779643842,1355.0120098039215,0.7696078431372548,0.9411764705882353,0.8553921568627451
LCMV,10,0,scenario_macro,185,4,0.8159321283913026,0.7592803221451809,1.890202472688786,52.53535484796947,47.59385599263672,12.894957822837753,3.608136435225731,52.53535484796947,47.59385599263672,12.894957822837753,3.608136435225731,0.6113129108308636,0.6883454531481217,1443.7539215686277,0.8088235294117648,0.9411764705882353,0.875
LCMV,10,5,scenario_macro,185,4,0.8153945192976131,0.7586710822099103,1.8729071704939355,51.74421309609328,44.28658977591812,11.464108830615393,2.7737542053229522,51.74421309609328,44.28658977591812,11.464108830615393,2.7737542053229522,0.6775725651043029,0.10928962151610834,1469.4816176470588,0.9362745098039215,0.8823529411764706,0.909313725490196
LCMV,10,10,scenario_macro,185,4,0.8129693322847602,0.7586411084205138,1.8350008251031857,51.35765739743183,43.858978122780535,9.448845651661353,1.879721709491525,51.35765739743183,43.858978122780535,9.448845651661353,1.879721709491525,0.7713828546984487,0.415228949389588,1369.2838235294118,0.9705882352941178,0.5882352941176471,0.7794117647058825
LCMV,10,15,scenario_macro,185,4,0.8111771451346851,0.7605262372101027,1.7749031318498214,50.980305846053334,45.34936096813499,7.2667820809837025,1.2324576397896738,50.980305846053334,45.34936096813499,7.2667820809837025,1.2324576397896738,0.84037194589229,0.5339667813698223,1137.0769607843135,0.9754901960784315,0.08823529411764706,0.5318627450980392
LCMV,10,20,scenario_macro,185,4,0.8098981081470482,0.7619565342505222,1.6864235510979868,50.562790178712646,48.46988462994464,5.130857917190002,0.857121635409665,50.562790178712646,48.46988462994464,5.130857917190002,0.857121635409665,0.8316377005557511,0.37533599522938327,847.2372549019608,0.9803921568627452,0.0,0.4901960784313726
LCMV,15,-10,scenario_macro,185,4,0.8163370489692665,0.7622319539915755,1.8513676648311532,51.46339323411817,47.25111099616971,11.137492419977491,2.482475888887397,51.46339323411817,47.25111099616971,11.137492419977491,2.482475888887397,0.7359746536259655,0.8970660304962549,1068.3269607843138,0.9558823529411765,0.7647058823529411,0.8602941176470589
LCMV,15,-5,scenario_macro,185,4,0.8170900152192354,0.7623357611198165,1.8472340705948402,51.466118091799615,48.12491571152257,10.862128988725937,2.1405792374489834,51.466118091799615,48.12491571152257,10.862128988725937,2.1405792374489834,0.7302203716026406,0.3517783217709354,1134.9017156862744,0.9558823529411765,0.7941176470588235,0.875
LCMV,15,0,scenario_macro,185,4,0.8174644663201941,0.760648607725018,1.840165591585672,51.267071154577536,47.15485568272271,10.461199261568924,2.097775115942199,51.267071154577536,47.15485568272271,10.461199261568924,2.097775115942199,0.7299211222912361,0.4953405360305337,1235.133088235294,0.9509803921568626,0.7647058823529411,0.8578431372549018
LCMV,15,5,scenario_macro,185,4,0.8191771391339765,0.7612436074800509,1.8200602542928488,51.04741079347529,45.682287732196336,9.486992529238771,1.5812735779676963,51.04741079347529,45.682287732196336,9.486992529238771,1.5812735779676963,0.7785708732108227,0.37953746114752757,1322.7607843137255,0.9705882352941178,0.6470588235294118,0.8088235294117647
LCMV,15,10,scenario_macro,185,4,0.8176721642762961,0.7595312477749272,1.7878166454005764,50.829122123468785,43.652106866053806,8.200557400674642,0.9061412621609808,50.829122123468785,43.652106866053806,8.200557400674642,0.9061412621609808,0.8161836380886102,0.3634418508782657,1387.9401960784312,0.9950980392156863,0.45588235294117646,0.7254901960784313
LCMV,15,15,scenario_macro,185,4,0.8155459499277156,0.7601432947213853,1.728250872055373,50.42866201751169,44.03305639391661,6.481779296337867,0.5714144332439295,50.42866201751169,44.03305639391661,6.481779296337867,0.5714144332439295,0.8669884000915504,0.2857072193085297,1301.9916666666668,0.9901960784313726,0.07352941176470588,0.5318627450980392
LCMV,15,20,scenario_macro,185,4,0.812256685718513,0.7601899412015571,1.6498173123607962,50.337797347224694,46.28054907040923,4.753640780894345,0.3347268251395555,50.337797347224694,46.28054907040923,4.753640780894345,0.3347268251395555,0.864602253869147,0.28570721460745513,1100.7514705882352,0.9901960784313726,0.0,0.4950980392156863
LCMV,20,-10,scenario_macro,185,4,0.8174858745176907,0.7633169669128327,1.7550170911903091,50.15730379154587,46.41039617368582,7.9070897786117795,0.9492675790515227,50.15730379154587,46.41039617368582,7.9070897786117795,0.9492675790515227,0.8155518014162798,0.25699219942901746,950.344362745098,0.9852941176470589,0.4117647058823529,0.6985294117647058
LCMV,20,-5,scenario_macro,185,4,0.8170054735678182,0.761798144698681,1.7581454745799228,50.21753794433473,46.6381086950691,7.842422987699234,0.8886760159433749,50.21753794433473,46.6381086950691,7.842422987699234,0.8886760159433749,0.8202209355733012,0.3550314187302323,976.8936274509804,0.9852941176470589,0.3235294117647059,0.6544117647058824
LCMV,20,0,scenario_macro,185,4,0.818241124709404,0.7626250455605741,1.7518221388297226,50.42928245487875,47.11629908509007,7.656158905616851,0.6722929913724522,50.42928245487875,47.11629908509007,7.656158905616851,0.6722929913724522,0.8122592232813745,0.2163830236473436,1018.0134803921569,0.9950980392156863,0.38235294117647056,0.6887254901960784
LCMV,20,5,scenario_macro,185,4,0.81823331901072,0.7605073760504265,1.7366628699000572,50.427918960793114,46.885213776961585,7.180189686486585,0.6519884063275384,50.427918960793114,46.885213776961585,7.180189686486585,0.6519884063275384,0.8381774290027607,0.19607843507645759,1112.1897058823529,1.0,0.3088235294117647,0.6544117647058824
LCMV,20,10,scenario_macro,185,4,0.818789380475427,0.7593236079454998,1.7089288288183015,50.16579913199115,45.691446141910546,6.5807788904005635,0.24509804384557196,50.16579913199115,45.691446141910546,6.5807788904005635,0.24509804384557196,0.8428351405879545,0.0,1248.1218137254903,1.0,0.22058823529411764,0.6102941176470589
LCMV,20,15,scenario_macro,185,4,0.8181950744925276,0.7591863846672002,1.6581347118932612,49.99860848632239,43.480129341018305,5.425054876470855,0.2857072193085297,49.99860848632239,43.480129341018305,5.425054876470855,0.2857072193085297,0.8844720803284052,0.14705882630734318,1312.0823529411764,1.0,0.04411764705882353,0.5220588235294118
LCMV,20,20,scenario_macro,185,4,0.8157231893302808,0.7597133508152919,1.5920046100478071,49.89871198502045,42.98140992318785,4.127313426831392,0.09803921753822879,49.89871198502045,42.98140992318785,4.127313426831392,0.09803921753822879,0.8818125877734141,0.09803921753822879,1256.7441176470588,1.0,0.0,0.5
MNE,-10,-10,scenario_macro,185,4,0.7759124285341398,0.7795239942559453,1.9505911741946889,70.11554255266878,71.13597199715869,23.588758281499143,23.97349171701841,70.11554255266878,71.13597199715869,23.588758281499143,23.97349171701841,0.8800050735981623,24.724649415511237,715.0174019607844,0.1892156862745098,0.0,0.0946078431372549
MNE,-10,-5,scenario_macro,185,4,0.7872880368745638,0.815629306087005,1.9358753039772247,68.16272484043154,71.36850737703044,23.05778030583687,23.610643529136606,68.16272484043154,71.36850737703044,23.05778030583687,23.610643529136606,0.6922295784172902,22.985257046464266,269.45833333333337,0.21862745098039216,0.0,0.10931372549019608
MNE,-10,0,scenario_macro,185,4,0.8261874629483759,0.8614742953153528,1.9133906103497789,65.19897337072985,69.15638554087064,21.9250397068031,21.61253057579637,65.19897337072985,69.15638554087064,21.9250397068031,21.61253057579637,0.5569691919114415,18.99043101831173,177.94166666666666,0.3222222222222222,0.0,0.1611111111111111
MNE,-10,5,scenario_macro,185,4,0.8763001177040782,0.9012910481483486,1.88086704457064,56.74759537891206,53.34754267678613,20.778348604539385,19.01218590318931,56.74759537891206,53.34754267678613,20.778348604539385,19.01218590318931,0.5488321158543865,16.751314878385735,184.67475490196077,0.396078431372549,0.0,0.1980392156862745
MNE,-10,10,scenario_macro,185,4,0.9054133565854846,0.9312016178181641,1.8325089025188244,40.24392347694215,38.54741954334886,19.365808924586567,14.690220615258989,40.24392347694215,38.54741954334886,19.365808924586567,14.690220615258989,0.6032217934936095,13.321801681677607,268.35980392156864,0.5366013071895425,0.0,0.26830065359477123
MNE,-10,15,scenario_macro,185,4,0.9157906498901104,0.9406288828533791,1.7956848823357738,26.06650548820342,22.47955226493366,18.164728066545678,13.000465802696352,26.06650548820342,22.47955226493366,18.164728066545678,13.000465802696352,0.6006994670087017,12.06082593191932,348.905637254902,0.5879084967320262,0.014705882352941176,0.30130718954248364
MNE,-10,20,scenario_macro,185,4,0.9189288124444216,0.9427163683438361,1.7796706253671628,22.661845618184827,19.590497069017886,17.58326750442669,12.054516119182763,22.661845618184827,19.590497069017886,17.58326750442669,12.054516119182763,0.603607375681673,11.925710453917176,354.29460784313727,0.6026143790849673,0.07352941176470588,0.33807189542483657
MNE,-5,-10,scenario_macro,185,4,0.8278263921869765,0.815804560865617,1.932625286533914,68.60164951310605,66.17461459634285,23.701245921757593,25.660178190513466,68.60164951310605,66.17461459634285,23.701245921757593,25.660178190513466,0.942060663301412,23.004761449075275,1560.2973039215685,0.2679738562091503,0.0,0.13398692810457516
MNE,-5,-5,scenario_macro,185,4,0.8465290742072926,0.8521381766831047,1.9137411226826617,64.9443067154409,56.860601998741025,22.702943825493577,22.658672028512097,64.9443067154409,56.860601998741025,22.702943825493577,22.658672028512097,0.8598927828059186,21.315141518916537,683.744362745098,0.30000000000000004,0.014705882352941176,0.1573529411764706
MNE,-5,0,scenario_macro,185,4,0.8654704299359791,0.8876432529544876,1.8916644749072344,58.91020781185308,53.053240029970254,21.718409999020505,19.44190451254848,58.91020781185308,53.053240029970254,21.718409999020505,19.44190451254848,0.6820515042107116,18.368763476773914,292.3313725490196,0.369281045751634,0.0,0.184640522875817
MNE,-5,5,scenario_macro,185,4,0.8857803738318859,0.9137474999571082,1.862606345591797,51.33603548276537,49.374499168046306,20.394868418924336,16.835110362977872,51.33603548276537,49.374499168046306,20.394868418924336,16.835110362977872,0.561378877867404,15.758045278750643,209.9549019607843,0.40620915032679733,0.0,0.20310457516339867
MNE,-5,10,scenario_macro,185,4,0.906080929655434,0.9319972374057318,1.8205627822486952,39.57277868131611,33.025825252904376,19.282045763477363,14.90351535195091,39.57277868131611,33.025825252904376,19.282045763477363,14.90351535195091,0.5705764313416055,12.978435314101112,242.12279411764706,0.5068627450980393,0.0,0.25343137254901965
MNE,-5,15,scenario_macro,185,4,0.9153524795166745,0.9405358764716544,1.7887789276735995,26.90250519852893,22.293568809015444,18.23896385612855,12.791757415916237,26.90250519852893,22.293568809015444,18.23896385612855,12.791757415916237,0.5798511850932162,12.591075574594479,318.8747549019608,0.5509803921568627,0.058823529411764705,0.3049019607843137
MNE,-5,20,scenario_macro,185,4,0.9192016467976135,0.9434324730466443,1.7728488383286538,22.13334461485194,19.903567546950327,17.4861643586345,12.779020056740904,22.13334461485194,19.903567546950327,17.4861643586345,12.779020056740904,0.5866664283658932,12.426626517336643,326.9357843137255,0.5261437908496731,0.07352941176470588,0.2998366013071895
MNE,0,-10,scenario_macro,185,4,0.8378959846438572,0.8372765433362888,1.9148481175711907,66.10322337513539,58.12530232322471,23.977343466966897,24.989740774484545,66.10322337513539,58.12530232322471,23.977343466966897,24.989740774484545,0.8156961726400246,23.287679256359713,1713.6178921568628,0.2261437908496732,0.0,0.1130718954248366
MNE,0,-5,scenario_macro,185,4,0.8830446529537017,0.8867130634327275,1.8859898636751684,59.41630467748612,45.401088150789086,22.926880393561117,23.977467584852416,59.41630467748612,45.401088150789086,22.926880393561117,23.977467584852416,0.8615775509939159,21.19101710246422,1262.9600490196078,0.32973856209150326,0.0,0.16486928104575163
MNE,0,0,scenario_macro,185,4,0.8976837349984542,0.9122078615218094,1.8609563627099404,48.86943139592859,39.51528514461972,21.62134151178355,20.115802918963706,48.86943139592859,39.51528514461972,21.62134151178355,20.115802918963706,0.784950061626049,17.75409292641399,533.8848039215686,0.3986928104575163,0.014705882352941176,0.20669934640522875
MNE,0,5,scenario_macro,185,4,0.9032744765933638,0.9274731330935505,1.8310543173892975,40.063179471336944,35.83252991768354,20.01482489602785,15.809786279998418,40.063179471336944,35.83252991768354,20.01482489602785,15.809786279998418,0.6192414734951267,15.351083250441116,284.20269607843136,0.4947712418300654,0.014705882352941176,0.25473856209150325
MNE,0,10,scenario_macro,185,4,0.9125210594365291,0.938387377280788,1.8016952421600025,32.76459610079215,28.422468767573847,18.858164490316593,13.873441617374056,32.76459610079215,28.422468767573847,18.858164490316593,13.873441617374056,0.5402773183639151,12.613139922477274,243.72818627450977,0.5513071895424836,0.014705882352941176,0.28300653594771236
MNE,0,15,scenario_macro,185,4,0.9194944542227996,0.945016811313027,1.7740927030716582,25.321997052033993,21.99625388675592,17.82651658473701,12.357320961752185,25.321997052033993,21.99625388675592,17.82651658473701,12.357320961752185,0.5442148257940594,11.703848764713825,282.4171568627451,0.5977124183006536,0.04411764705882353,0.32091503267973853
MNE,0,20,scenario_macro,185,4,0.920871228812558,0.9451769299120395,1.7649111742522627,21.73356079073837,19.835049721707055,17.29807797291115,12.513021993385259,21.73356079073837,19.835049721707055,17.29807797291115,12.513021993385259,0.5683189232047409,11.977048536771314,297.844362745098,0.5581699346405229,0.11764705882352941,0.33790849673202616
MNE,5,-10,scenario_macro,185,4,0.8396786219081598,0.8607369204473686,1.889849330502632,58.72065885682988,45.25673519838179,23.072481142429893,23.18266349215634,58.72065885682988,45.25673519838179,23.072481142429893,23.18266349215634,0.6395277975500324,21.03688279844166,1131.0995098039216,0.24346405228758172,0.0,0.12173202614379086
MNE,5,-5,scenario_macro,185,4,0.8852266350622994,0.896727220940985,1.8604415881955965,51.44812763036713,34.656990718275644,22.308066002290584,21.493396413418406,51.44812763036713,34.656990718275644,22.308066002290584,21.493396413418406,0.7193153412839974,18.378254573231274,1206.560049019608,0.32222222222222224,0.0,0.16111111111111112
MNE,5,0,scenario_macro,185,4,0.9137525446523136,0.9276856319705573,1.8236199006334783,39.495830373479684,26.15693809378099,21.089553120203167,16.715109844284697,39.495830373479684,26.15693809378099,21.089553120203167,16.715109844284697,0.7344283665455572,15.745159285583805,785.2245098039216,0.4898692810457516,0.029411764705882353,0.25964052287581696
MNE,5,5,scenario_macro,185,4,0.9200869907559373,0.9402492388327214,1.7971123654727,29.301789419336018,26.21527141986353,19.88067144334264,16.920376454553676,29.301789419336018,26.21527141986353,19.88067144334264,16.920376454553676,0.6551364571944671,15.10686368280241,388.1794117647059,0.49215686274509807,0.029411764705882353,0.2607843137254902
MNE,5,10,scenario_macro,185,4,0.9220379272604458,0.9460980372597805,1.775773893008615,24.33952439443513,23.192902702319213,18.44403687388835,14.480273957225668,24.33952439443513,23.192902702319213,18.44403687388835,14.480273957225668,0.5469859000812667,12.71713456691584,273.0946078431373,0.5754901960784314,0.07352941176470588,0.32450980392156864
MNE,5,15,scenario_macro,185,4,0.9215309669676536,0.947569379526678,1.7566710674519181,21.477823076376712,21.619270935001296,17.63435814949803,12.893292671236892,21.477823076376712,21.619270935001296,17.63435814949803,12.893292671236892,0.5100603670784312,11.992290545753185,242.20392156862744,0.6173202614379084,0.14705882352941177,0.3821895424836601
MNE,5,20,scenario_macro,185,4,0.9227597776144222,0.9481132043128538,1.7519427340181817,20.129705802852598,19.901597414758857,17.07757400015201,12.18486876340534,20.129705802852598,19.901597414758857,17.07757400015201,12.18486876340534,0.5265110353762916,11.793392236311107,264.7938725490196,0.5359477124183006,0.17647058823529413,0.3562091503267974
MNE,10,-10,scenario_macro,185,4,0.8546584508574162,0.887779041370766,1.857290673766952,43.44724353394785,32.353025872852,21.39390387636281,18.289174225263068,43.44724353394785,32.353025872852,21.39390387636281,18.289174225263068,0.4980818470153609,17.285623105011265,793.4683823529411,0.3591503267973856,0.029411764705882353,0.194281045751634
MNE,10,-5,scenario_macro,185,4,0.8861214314542247,0.9101485753983287,1.834206463749465,38.70796114989719,28.190089305101633,20.9613451086653,18.232256379086433,38.70796114989719,28.190089305101633,20.9613451086653,18.232256379086433,0.5595955474220435,16.57356114258889,811.134068627451,0.3911764705882353,0.0,0.19558823529411765
MNE,10,0,scenario_macro,185,4,0.9129997372587558,0.9310903072214674,1.7968557195534567,31.074637410594367,19.006962878517765,20.150095336089752,17.93989525777576,31.074637410594367,19.006962878517765,20.150095336089752,17.93989525777576,0.6119846041697831,16.031416928365573,666.5938725490196,0.4009803921568627,0.029411764705882353,0.21519607843137253
MNE,10,5,scenario_macro,185,4,0.9278656950958374,0.9469411104762364,1.755200473026823,23.046704634626128,14.940508675604187,18.970370509102818,15.04345223733432,23.046704634626128,14.940508675604187,18.970370509102818,15.04345223733432,0.629424791580181,13.802080837201288,396.11495098039217,0.5143790849673203,0.029411764705882353,0.27189542483660134
MNE,10,10,scenario_macro,185,4,0.9298586441492571,0.9510877223522833,1.7392326300773748,19.895736941714354,16.70050566928551,18.011110216075256,12.386955917379538,19.895736941714354,16.70050566928551,18.011110216075256,12.386955917379538,0.5729088338421195,11.70098737887926,292.7730392156863,0.5977124183006536,0.04411764705882353,0.32091503267973853
MNE,10,15,scenario_macro,185,4,0.9280038942792707,0.9514303766123906,1.7334412711465164,19.06521976764486,18.386461628989533,17.227207847120223,12.05428692908317,19.06521976764486,18.386461628989533,17.227207847120223,12.05428692908317,0.5228601567424608,10.817593792363928,243.01887254901962,0.6441176470588235,0.14705882352941177,0.39558823529411763
MNE,10,20,scenario_macro,185,4,0.9259496130630225,0.9512849264299276,1.7322132233919785,18.65472182749791,18.670740899708033,16.997558930190593,11.367977698127609,18.65472182749791,18.670740899708033,16.997558930190593,11.367977698127609,0.49864604623264913,11.180309695199183,227.3529411764706,0.6049019607843137,0.20588235294117646,0.4053921568627451
MNE,15,-10,scenario_macro,185,4,0.8749533897201487,0.9117118441781678,1.8222993404692416,29.881184045869933,24.99465275855833,19.83445980269198,16.229534698467322,29.881184045869933,24.99465275855833,19.83445980269198,16.229534698467322,0.43808313621717904,14.92324564052143,606.2617647058823,0.4009803921568627,0.10294117647058823,0.2519607843137255
MNE,15,-5,scenario_macro,185,4,0.8937747843800732,0.9221298396149112,1.8049552554355843,27.937738729401293,21.788662357068663,19.28566991506797,16.50712518937082,27.937738729401293,21.788662357068663,19.28566991506797,16.50712518937082,0.4730158072533869,15.216766592564758,514.9242647058824,0.41078431372549024,0.07352941176470588,0.24215686274509807
MNE,15,0,scenario_macro,185,4,0.9082166844793691,0.9333441367682362,1.7787908869358138,24.412642884313552,17.18948242732372,18.751273667529315,15.66931849920961,24.412642884313552,17.18948242732372,18.751273667529315,15.66931849920961,0.5104305193204215,14.520316231875663,472.1973039215686,0.4254901960784314,0.07352941176470588,0.24950980392156866
MNE,15,5,scenario_macro,185,4,0.9239972859455344,0.9460303441354871,1.7424274644276474,19.527234212574122,14.28548222310818,18.282890683427727,14.752480839793462,19.527234212574122,14.28548222310818,18.282890683427727,14.752480839793462,0.539457770464573,13.43715096641373,354.5419117647059,0.4549019607843137,0.08823529411764706,0.27156862745098037
MNE,15,10,scenario_macro,185,4,0.9317114688079532,0.9528955253011967,1.7078784484110945,17.881540400851872,13.44768567923188,17.36481255330767,13.066006082336237,17.881540400851872,13.44768567923188,17.36481255330767,13.066006082336237,0.5560540422649118,11.643734286137445,302.28186274509807,0.5830065359477125,0.08823529411764706,0.33562091503267977
MNE,15,15,scenario_macro,185,4,0.9313142670537391,0.9543582629518448,1.7074461267865881,18.129131133305822,15.949731969613593,16.811136365865618,12.2608205913728,18.129131133305822,15.949731969613593,16.811136365865618,12.2608205913728,0.550326954229077,11.765059749918303,265.002205882353,0.6124183006535948,0.1323529411764706,0.3723856209150327
MNE,15,20,scenario_macro,185,4,0.9283031714821678,0.9533237708198984,1.715661167820425,18.099058859449446,17.784264775630053,16.54810996830614,11.221086308276616,18.099058859449446,17.784264775630053,16.54810996830614,11.221086308276616,0.5095382606833404,10.678161093793982,232.28946078431372,0.5875816993464053,0.20588235294117646,0.3967320261437909
MNE,20,-10,scenario_macro,185,4,0.8899508661413261,0.9280959905882281,1.7941825645695642,23.057610654949197,21.483870554316173,18.605207423944066,14.4171388935489,23.057610654949197,21.483870554316173,18.605207423944066,14.4171388935489,0.4239853898806633,14.014256820955602,503.0254901960785,0.4009803921568627,0.29411764705882354,0.3475490196078431
MNE,20,-5,scenario_macro,185,4,0.8966690060591154,0.9305867877148807,1.7855670316882672,21.872088214035177,20.362004780441847,18.088908295525567,14.639321044365047,21.872088214035177,20.362004780441847,18.088908295525567,14.639321044365047,0.4278480580703127,14.06925278962827,441.8286764705882,0.41307189542483663,0.23529411764705882,0.3241830065359477
MNE,20,0,scenario_macro,185,4,0.9068064732475114,0.9361160775788442,1.7673141921600108,20.11451481417294,19.06868166942484,17.568429135711224,13.913930487882213,20.11451481417294,19.06868166942484,17.568429135711224,13.913930487882213,0.4394503181822381,13.433313789265304,364.3828431372549,0.42058823529411765,0.22058823529411764,0.3205882352941176
MNE,20,5,scenario_macro,185,4,0.9175897510419995,0.9441485316085192,1.7398760649347087,18.259089806222214,16.041413473841537,17.261810503226105,14.036705017113123,18.259089806222214,16.041413473841537,17.261810503226105,14.036705017113123,0.4749540917154615,13.325989718177178,333.1710784313725,0.44019607843137254,0.25,0.34509803921568627
MNE,20,10,scenario_macro,185,4,0.9287978926449079,0.951470265357125,1.7083391508748682,17.144164528814073,14.104304716481982,16.722010170430277,12.484528817321953,17.144164528814073,14.104304716481982,16.722010170430277,12.484528817321953,0.5160765456479721,12.211223508103279,309.33382352941175,0.5287581699346405,0.22058823529411764,0.3746732026143791
MNE,20,15,scenario_macro,185,4,0.9332822631148314,0.9547039579963584,1.6858826891070011,17.45367644750646,13.464046182382395,16.220811423941853,10.487264539332477,17.45367644750646,13.464046182382395,16.220811423941853,10.487264539332477,0.5517659984189757,10.371437870969556,295.16274509803924,0.5803921568627451,0.16176470588235295,0.37107843137254903
MNE,20,20,scenario_macro,185,4,0.9313728734478832,0.9551417722726769,1.6936693133213567,17.79265852442506,15.743945424952928,15.961424958723226,10.72743882065886,17.79265852442506,15.743945424952928,15.961424958723226,10.72743882065886,0.5429566557284652,10.451407909994074,257.83627450980396,0.5950980392156863,0.16176470588235295,0.3784313725490196
RAP-MUSIC,-10,-10,scenario_macro,185,4,0.6280107839649225,0.6306689295496757,1.5214553662138577,14.874246470642289,13.36613860779739,3.868867236133725,3.868867236133725,14.874246470642289,13.36613860779739,154.01655127499666,154.01655127499666,0.25527323214206515,3.868867236133725,2.015686274509804,0.338235294117647,1.0,0.6691176470588235
RAP-MUSIC,-10,-5,scenario_macro,185,4,0.6442809143660442,0.6421005875117014,1.3512199965241243,10.57029260839233,10.407485519677827,3.983532592383039,3.983532592383039,10.57029260839233,10.407485519677827,138.13283433809056,138.13283433809056,0.2986663581027675,3.983532592383039,2.2129901960784313,0.39705882352941174,1.0,0.6985294117647058
RAP-MUSIC,-10,0,scenario_macro,185,4,0.669902227359149,0.6470762035722254,1.2438537446015954,6.9048143876489085,9.170868639973495,1.6164966630749797,1.6164966630749797,6.9048143876489085,9.170868639973495,104.88058322913491,104.88058322913491,0.37004890506833,1.6164966630749797,2.288235294117647,0.5441176470588235,1.0,0.7720588235294117
RAP-MUSIC,-10,5,scenario_macro,185,4,0.6930592262382338,0.6504689186040838,1.1599489996828236,5.9047453477029945,10.578020496622836,0.31987055669607306,0.31987055669607306,5.9047453477029945,10.578020496622836,75.9316839183253,75.9316839183253,0.39943836350406225,0.31987055669607306,2.3968137254901962,0.6715686274509803,1.0,0.8357843137254901
RAP-MUSIC,-10,10,scenario_macro,185,4,0.7086560873291807,0.6505746930156411,1.1146181055409232,4.83718866847185,10.351972750113601,0.2988954030105462,0.2988954030105462,4.83718866847185,10.351972750113601,50.67294570524704,50.67294570524704,0.4395767825117557,0.2988954030105462,2.3151960784313723,0.784313725490196,1.0,0.892156862745098
RAP-MUSIC,-10,15,scenario_macro,185,4,0.706859011413665,0.6501374900437873,1.090953040731889,4.135745055540738,9.175009583834072,0.13071896141893452,0.13071896141893452,4.135745055540738,9.175009583834072,54.01651107030457,54.01651107030457,0.4366481634857082,0.13071896141893452,2.2970588235294116,0.7696078431372548,1.0,0.8848039215686274
RAP-MUSIC,-10,20,scenario_macro,185,4,0.7085889384106916,0.6498016492917389,1.1006966466088022,4.490215780363372,8.199794669498878,0.0,0.0,4.490215780363372,8.199794669498878,53.91847184924037,53.91847184924037,0.43423254067852485,0.0,2.307843137254902,0.7647058823529411,1.0,0.8823529411764706
RAP-MUSIC,-5,-10,scenario_macro,185,4,0.6381009016842285,0.6411419057852054,1.4137587941945147,6.767720904608456,11.863986594818892,0.0,0.0,6.767720904608456,11.863986594818892,154.87220637547765,154.87220637547765,0.25261677306079916,0.0,1.8669117647058822,0.338235294117647,1.0,0.6691176470588235
RAP-MUSIC,-5,-5,scenario_macro,185,4,0.6438249447004583,0.643465761898594,1.3306089907945822,6.145717822877994,10.073982756024753,1.333333382496522,1.333333382496522,6.145717822877994,10.073982756024753,145.79263336512096,145.79263336512096,0.27935100577568334,1.333333382496522,2.050490196078431,0.37745098039215685,1.0,0.6887254901960784
RAP-MUSIC,-5,0,scenario_macro,185,4,0.6611017534973672,0.6473950101486446,1.2361974293411757,5.31825468477961,8.34227890932827,1.874371810577397,1.874371810577397,5.31825468477961,8.34227890932827,118.6670781590202,118.6670781590202,0.33074802096991845,1.874371810577397,2.2311274509803924,0.4803921568627451,1.0,0.7401960784313726
RAP-MUSIC,-5,5,scenario_macro,185,4,0.6903592149286828,0.6508970280424641,1.153905574257173,4.616571614934698,7.501599660886019,0.5616828662601939,0.5616828662601939,4.616571614934698,7.501599660886019,80.56950964308169,80.56950964308169,0.4093843903119345,0.5616828662601939,2.342892156862745,0.6519607843137255,0.9852941176470589,0.8186274509803921
RAP-MUSIC,-5,10,scenario_macro,185,4,0.7087348773483794,0.6516102732988838,1.1007490821230386,4.765100726224794,9.137642745166227,0.2424242535426958,0.2424242535426958,4.765100726224794,9.137642745166227,51.820147232191296,51.820147232191296,0.43898711207240104,0.2424242535426958,2.3683823529411763,0.7794117647058824,1.0,0.8897058823529411
RAP-MUSIC,-5,15,scenario_macro,185,4,0.7096665476652606,0.65167079415532,1.0813972832983407,3.795464541634079,8.768333268054885,0.12578616816004923,0.12578616816004923,3.795464541634079,8.768333268054885,51.7221080111271,51.7221080111271,0.44122578817992575,0.12578616816004923,2.3649509803921567,0.7794117647058822,1.0,0.8897058823529411
RAP-MUSIC,-5,20,scenario_macro,185,4,0.7052949969045162,0.6495875263417666,1.1040298828103423,4.119603726041738,9.449225120501614,0.15779174035961024,0.15779174035961024,4.119603726041738,9.449225120501614,56.331218711924556,56.331218711924556,0.4308569949278995,0.15779174035961024,2.3024509803921567,0.75,1.0,0.875
RAP-MUSIC,0,-10,scenario_macro,185,4,0.639758963453464,0.6408487022968774,1.3595428419288165,4.8667308807782,9.145459258276846,5.5473784263991135,5.5473784263991135,4.8667308807782,9.145459258276846,149.32386672621925,149.32386672621925,0.2678000879549511,5.5473784263991135,1.6718137254901961,0.35294117647058826,1.0,0.6764705882352942
RAP-MUSIC,0,-5,scenario_macro,185,4,0.6544604824870207,0.6445938201866231,1.2850919795385631,3.9465816119878276,8.913413623963935,0.0,0.0,3.9465816119878276,8.913413623963935,133.07537733004008,133.07537733004008,0.3057668682144833,0.0,1.9284313725490196,0.43137254901960786,1.0,0.7156862745098039
RAP-MUSIC,0,0,scenario_macro,185,4,0.6670354797684072,0.6475884237694516,1.2307015772368664,4.69825672573892,8.951700453524886,0.8698252600678485,0.8698252600678485,4.69825672573892,8.951700453524886,110.51509319416046,110.51509319416046,0.339886821101302,0.8698252600678485,2.2639705882352943,0.5196078431372548,1.0,0.7598039215686274
RAP-MUSIC,0,5,scenario_macro,185,4,0.6989537107558425,0.652964237641342,1.1171189733266775,3.3041999677354963,8.216548007062977,0.39649165208015075,0.39649165208015075,3.3041999677354963,8.216548007062977,67.97059741360856,67.97059741360856,0.43264314327939296,0.39649165208015075,2.3411764705882354,0.7009803921568628,0.9852941176470589,0.8431372549019609
RAP-MUSIC,0,10,scenario_macro,185,4,0.7115629982186764,0.6533815925559849,1.0875160136333708,3.710150550405191,8.440412859833906,0.4294174842439061,0.4294174842439061,3.710150550405191,8.440412859833906,46.20248338947525,46.20248338947525,0.45596211663132846,0.4294174842439061,2.4090686274509805,0.7990196078431372,1.0,0.8995098039215685
RAP-MUSIC,0,15,scenario_macro,185,4,0.7124670351821244,0.6525330376578923,1.0790231614931995,4.2360093238597205,7.871257304568029,0.14902553444612696,0.14902553444612696,4.2360093238597205,7.871257304568029,48.300808012470206,48.300808012470206,0.44319254069519504,0.14902553444612696,2.403676470588235,0.7892156862745098,1.0,0.8946078431372548
RAP-MUSIC,0,20,scenario_macro,185,4,0.7090146592137792,0.6512648347702475,1.0872778794590552,4.611960024166376,8.442716993822723,0.0,0.0,4.611960024166376,8.442716993822723,55.065673377947604,55.065673377947604,0.4370530524165756,0.0,2.3539215686274506,0.7598039215686274,1.0,0.8799019607843137
RAP-MUSIC,5,-10,scenario_macro,185,4,0.6478651732228768,0.6414692239185456,1.3084769216438623,5.007418860634025,9.517373463833222,1.0346102051264214,1.0346102051264214,5.007418860634025,9.517373463833222,136.68434533169693,136.68434533169693,0.29375276868554817,1.0346102051264214,1.7264705882352942,0.41176470588235287,1.0,0.7058823529411764
RAP-MUSIC,5,-5,scenario_macro,185,4,0.6653266049053888,0.64674483767993,1.2350464645450088,4.466455602180235,9.363989822413473,1.1428572007530773,1.1428572007530773,4.466455602180235,9.363989822413473,111.62168555656422,111.62168555656422,0.3494584277394981,1.1428572007530773,2.0105392156862743,0.5245098039215687,1.0,0.7622549019607843
RAP-MUSIC,5,0,scenario_macro,185,4,0.6854553612029757,0.6501756799894698,1.1736001773799465,3.9624911417099606,8.570466013677118,0.30758682098036993,0.30758682098036993,3.9624911417099606,8.570466013677118,88.50188112775577,88.50188112775577,0.38602343320543303,0.30758682098036993,2.2823529411764705,0.6176470588235293,1.0,0.8088235294117647
RAP-MUSIC,5,5,scenario_macro,185,4,0.7013765044762441,0.6528013205071218,1.1113398359532545,3.39375120169491,7.921949033012882,0.09820927799808386,0.09820927799808386,3.39375120169491,7.921949033012882,68.90141591866846,68.90141591866846,0.41813222569698233,0.09820927799808386,2.3080882352941177,0.7009803921568628,0.9705882352941176,0.8357843137254902
RAP-MUSIC,5,10,scenario_macro,185,4,0.709109468109442,0.6534345575394586,1.0777128221398176,3.4068760219071925,7.302662563848848,0.24691358935120775,0.24691358935120775,3.4068760219071925,7.302662563848848,52.967348759135554,52.967348759135554,0.43975878647865696,0.24691358935120775,2.4313725490196076,0.7745098039215685,1.0,0.8872549019607843
RAP-MUSIC,5,15,scenario_macro,185,4,0.710852481875441,0.6532345388782816,1.0777704172400449,3.746190838487204,8.007031576696937,0.06289308294905244,0.06289308294905244,3.746190838487204,8.007031576696937,53.967491458009476,53.967491458009476,0.4402738299910908,0.06289308294905244,2.386764705882353,0.7696078431372548,1.0,0.8848039215686274
RAP-MUSIC,5,20,scenario_macro,185,4,0.7086569862368656,0.6515696935082088,1.0783246860815134,4.31232389096515,8.389855023080743,0.12578616816004923,0.12578616816004923,4.31232389096515,8.389855023080743,54.01651106854158,54.01651106854158,0.44087667587778284,0.12578616816004923,2.3355392156862744,0.7696078431372548,1.0,0.8848039215686274
RAP-MUSIC,10,-10,scenario_macro,185,4,0.6819270960400302,0.6468539760321335,1.2065809401773822,4.286779321055607,9.285124866746054,0.5555555860304718,0.5555555860304718,4.286779321055607,9.285124866746054,87.43241423441089,87.43241423441089,0.3842187994278523,0.5555555860304718,1.8973039215686276,0.6274509803921569,1.0,0.8137254901960784
RAP-MUSIC,10,-5,scenario_macro,185,4,0.6829756682620601,0.6468615960720493,1.20196447426006,4.849181948310092,9.213270872862926,0.22992511080637643,0.22992511080637643,4.849181948310092,9.213270872862926,88.45286151749032,88.45286151749032,0.38391278927032385,0.22992511080637643,1.9541666666666666,0.6176470588235294,1.0,0.8088235294117647
RAP-MUSIC,10,0,scenario_macro,185,4,0.6947919780908521,0.6496746480693442,1.1584371896397778,4.033564335047323,8.374027018797536,0.182894970353108,0.182894970353108,4.033564335047323,8.374027018797536,73.53924164160962,73.53924164160962,0.40565225047796283,0.182894970353108,2.283333333333333,0.6813725490196078,1.0,0.8406862745098038
RAP-MUSIC,10,5,scenario_macro,185,4,0.7070949305551488,0.6534884917047546,1.1037931634634341,3.293702101694914,8.482429475536469,0.0,0.0,3.293702101694914,8.482429475536469,60.80168102148383,60.80168102148383,0.4232999115285507,0.0,2.2188725490196077,0.7401960784313726,1.0,0.8700980392156863
RAP-MUSIC,10,10,scenario_macro,185,4,0.7106042724019009,0.6529500286009657,1.0878966583782503,2.9663050536929503,8.163059490696979,0.30423281878068004,0.30423281878068004,2.9663050536929503,8.163059490696979,50.67294570348406,50.67294570348406,0.44066825077247157,0.30423281878068004,2.3357843137254903,0.7843137254901961,1.0,0.892156862745098
RAP-MUSIC,10,15,scenario_macro,185,4,0.7102207541954065,0.6535297037924395,1.0741597891989678,3.236328288976121,7.980149501714863,0.06060606175090508,0.06060606175090508,3.236328288976121,7.980149501714863,56.26189451542397,56.26189451542397,0.4338753945062351,0.06060606175090508,2.2987745098039216,0.7598039215686274,1.0,0.8799019607843137
RAP-MUSIC,10,20,scenario_macro,185,4,0.7108634852188436,0.6538847486887116,1.0590805831563896,3.4420183831696414,7.505302979165229,0.13071895906828646,0.13071895906828646,3.4420183831696414,7.505302979165229,51.7221080111271,51.7221080111271,0.4465411157011188,0.13071895906828646,2.433333333333333,0.7794117647058824,1.0,0.8897058823529411
RAP-MUSIC,15,-10,scenario_macro,185,4,0.6995270348019369,0.647713101356157,1.164194145579128,4.843886516220925,9.817717903863267,0.07751938409727513,0.07751938409727513,4.843886516220925,9.817717903863267,63.14510368943041,63.14510368943041,0.4214029200769393,0.07751938409727513,1.9669117647058822,0.7303921568627452,1.0,0.8651960784313726
RAP-MUSIC,15,-5,scenario_macro,185,4,0.6995939057950966,0.6477637977413044,1.171687459843126,4.393915765504427,9.665615942968998,0.14115992007940667,0.0724637720909311,4.393915765504427,9.665615942968998,64.33877614177692,64.29230521813764,0.41228965014529756,0.0724637720909311,1.9375,0.7254901960784315,1.0,0.8627450980392157
RAP-MUSIC,15,0,scenario_macro,185,4,0.6995549636439198,0.6496429718471325,1.1517988734143467,4.138898350945593,9.198483129551159,0.17122082464553448,0.17122082464553448,4.138898350945593,9.198483129551159,65.5088309415825,65.5088309415825,0.41374196175082933,0.17122082464553448,2.029901960784314,0.7156862745098039,1.0,0.857843137254902
RAP-MUSIC,15,5,scenario_macro,185,4,0.7067670680495683,0.6518027707011965,1.1166285818426487,3.732362246141294,8.509820830624847,0.06666667032365664,0.06666667032365664,3.732362246141294,8.509820830624847,57.409096045894195,57.409096045894195,0.4192331979628828,0.06666667032365664,2.1279411764705882,0.7549019607843137,1.0,0.8774509803921569
RAP-MUSIC,15,10,scenario_macro,185,4,0.7119635910605349,0.6538060016299277,1.0831314579417364,3.150841838223968,7.697798636595926,0.0,0.0,3.150841838223968,7.697798636595926,53.91847184924037,53.91847184924037,0.424263964038807,0.0,2.44828431372549,0.7696078431372548,1.0,0.8848039215686274
RAP-MUSIC,15,15,scenario_macro,185,4,0.7125795748347094,0.6531956689053461,1.0853665811612978,3.5824932442862427,8.397368709730031,0.0,0.0,3.5824932442862427,8.397368709730031,51.62406879182589,51.62406879182589,0.43311035285503474,0.0,2.376470588235294,0.7794117647058822,1.0,0.8897058823529411
RAP-MUSIC,15,20,scenario_macro,185,4,0.7107764021372965,0.65497542249617,1.0679683751281008,3.202113270608758,7.959440609644443,0.14902553222607046,0.14902553222607046,3.202113270608758,7.959440609644443,55.18401718295067,55.18401718295067,0.4234335226049546,0.14902553222607046,2.409313725490196,0.7598039215686274,1.0,0.8799019607843137
RAP-MUSIC,20,-10,scenario_macro,185,4,0.7013178649306325,0.6470910880198069,1.1769154023804718,5.140143932635819,9.738515698444779,0.0724637720909311,0.0724637720909311,5.140143932635819,9.738515698444779,59.70349910330868,59.70349910330868,0.42131253088149023,0.0724637720909311,2.0,0.7450980392156863,1.0,0.8725490196078431
RAP-MUSIC,20,-5,scenario_macro,185,4,0.7070797206631797,0.64922403759345,1.1450384347188747,4.734318694648588,9.170439475748479,0.0,0.0,4.734318694648588,9.170439475748479,52.77127032053313,52.77127032053313,0.42807557140637964,0.0,2.061029411764706,0.7745098039215687,1.0,0.8872549019607843
RAP-MUSIC,20,0,scenario_macro,185,4,0.7028154596939828,0.6487490735851977,1.1528208942776519,4.564241500071353,9.08749543783893,0.06851106471633274,0.0,4.564241500071353,9.08749543783893,60.84701922607551,60.80168102148382,0.42190208955056246,0.0,2.1759803921568626,0.7401960784313726,1.0,0.8700980392156863
RAP-MUSIC,20,5,scenario_macro,185,4,0.703499281103255,0.6494602346390593,1.1416827487106072,4.222600457125648,8.45930986753907,0.06944444825380898,0.06944444825380898,4.222600457125648,8.45930986753907,59.70349910330867,59.70349910330867,0.41917089899010124,0.06944444825380898,2.242647058823529,0.7450980392156863,1.0,0.8725490196078431
RAP-MUSIC,20,10,scenario_macro,185,4,0.7085030524253413,0.6524811258647581,1.1018788996783278,3.951485663131106,8.292560837095184,0.06666667032365661,0.06666667032365661,3.951485663131106,8.292560837095184,55.11469298847971,55.11469298847971,0.4284089420532277,0.06666667032365661,2.4573529411764707,0.7647058823529411,1.0,0.8823529411764706
RAP-MUSIC,20,15,scenario_macro,185,4,0.71179542892419,0.6541060706464943,1.0864360345625375,3.135273132487006,8.271192615182647,0.0,0.0,3.135273132487006,8.271192615182647,55.06567337794761,55.06567337794761,0.4204443650147506,0.0,2.405882352941177,0.7647058823529411,1.0,0.8823529411764706
RAP-MUSIC,20,20,scenario_macro,185,4,0.7107504126792188,0.6543449012542621,1.0683364425298967,3.169253739696481,8.025856289723746,0.0,0.0,3.169253739696481,8.025856289723746,55.06567337794761,55.06567337794761,0.4258419576602577,0.0,2.392892156862745,0.7647058823529411,1.0,0.8823529411764706
dSPM,-10,-10,scenario_macro,185,4,0.7970581053718032,0.8671365914382387,1.955349919990595,64.3114838810917,21.394221203330655,22.24748183209374,18.08671445822755,64.3114838810917,21.394221203330655,22.24748183209374,18.08671445822755,0.6312071084605799,18.20196581572417,7484.389705882353,0.39673202614379083,0.0,0.19836601307189541
dSPM,-10,-5,scenario_macro,185,4,0.8537554061548475,0.9037879275774067,1.938871430068548,62.54159160680681,15.403122276913228,21.849379264648533,14.12233473542444,62.54159160680681,15.403122276913228,21.849379264648533,14.12233473542444,0.5683735535351432,13.65430264079607,6998.680147058823,0.5343137254901961,0.0,0.26715686274509803
dSPM,-10,0,scenario_macro,185,4,0.8871672682710179,0.9286037169298959,1.913800337056909,45.565560070908504,13.630891103773706,21.038271151696204,10.459238393241309,45.565560070908504,13.630891103773706,21.038271151696204,10.459238393241309,0.5110105423106589,10.74419238207956,4963.468382352941,0.6372549019607843,0.0,0.31862745098039214
dSPM,-10,5,scenario_macro,185,4,0.902775649288469,0.9335181935019945,1.8783147951908408,26.985003623302948,13.198653521122106,19.98985004205849,9.000857872795072,26.985003623302948,13.198653521122106,19.98985004205849,9.000857872795072,0.4709666867258856,9.06057630727855,2530.7688725490198,0.6715686274509803,0.014705882352941176,0.34313725490196073
dSPM,-10,10,scenario_macro,185,4,0.9075215320097683,0.9402811348976343,1.837665705146015,20.94955835996619,13.751695851819612,18.7150576550955,8.507160337064713,20.94955835996619,13.751695851819612,18.7150576550955,8.507160337064713,0.44147758197384257,8.498356076185512,713.2639705882352,0.6666666666666666,0.1323529411764706,0.3995098039215686
dSPM,-10,15,scenario_macro,185,4,0.9057600996986874,0.9404530231119321,1.810150613393703,20.500030433754223,13.327413043075959,17.659219635485563,8.234489100018443,20.500030433754223,13.327413043075959,17.659219635485563,8.234489100018443,0.41278237452090155,8.234489100018443,530.2656862745098,0.6666666666666666,0.35294117647058826,0.5098039215686274
dSPM,-10,20,scenario_macro,185,4,0.9011178655424118,0.9390682749973429,1.8026143889485071,20.79943162955611,15.84427692861887,17.194518911439157,8.586607366961074,20.79943162955611,15.84427692861887,17.194518911439157,8.586607366961074,0.38695221324421425,8.586607366961074,504.71691176470586,0.6199346405228758,0.36764705882352944,0.49379084967320264
dSPM,-5,-10,scenario_macro,185,4,0.8478272679069996,0.8968187976711863,1.940603256708709,60.18350346726303,16.75550112012323,21.91522428275333,13.711704657148578,60.18350346726303,16.75550112012323,21.91522428275333,13.711704657148578,0.5640038909829262,14.105900976822591,6702.816176470587,0.4800653594771242,0.0,0.2400326797385621
dSPM,-5,-5,scenario_macro,185,4,0.8701475913668546,0.9148720527370791,1.923194930011259,52.78463149720411,15.385851717463074,21.521589347435853,13.397771636777415,52.78463149720411,15.385851717463074,21.521589347435853,13.397771636777415,0.512383930381056,13.752493374668374,5771.72794117647,0.5362745098039216,0.0,0.2681372549019608
dSPM,-5,0,scenario_macro,185,4,0.890977560595607,0.9287981803119844,1.8980221322936666,36.98043798455497,14.220267753294648,20.866726858992035,9.514032618851035,36.98043798455497,14.220267753294648,20.866726858992035,9.514032618851035,0.4756634152003211,9.631920760759181,3961.1887254901962,0.6617647058823529,0.0,0.33088235294117646
dSPM,-5,5,scenario_macro,185,4,0.905282312431858,0.9409589711531499,1.8651284107806412,24.253983714904525,13.83146440422047,19.853356704319697,8.70250334625335,24.253983714904525,13.83146440422047,19.853356704319697,8.70250334625335,0.45178186766228956,9.073158460053316,2066.3848039215686,0.6519607843137255,0.014705882352941176,0.3333333333333333
dSPM,-5,10,scenario_macro,185,4,0.9128793388999683,0.9401793413424796,1.8281128611125128,20.03689727320754,13.790003881896384,18.83121138379649,7.763667647488354,20.03689727320754,13.790003881896384,18.83121138379649,7.763667647488354,0.4372686297050046,7.60219752837853,660.7186274509804,0.7303921568627452,0.17647058823529413,0.45343137254901966
dSPM,-5,15,scenario_macro,185,4,0.9111376441717376,0.9418672699530063,1.8017165086274185,19.702150021435827,13.759140941466114,17.835113189967842,8.078976844860312,19.702150021435827,13.759140941466114,17.835113189967842,8.078976844860312,0.4315687753605822,7.978098298576984,521.4580882352941,0.676470588235294,0.35294117647058826,0.5147058823529411
dSPM,-5,20,scenario_macro,185,4,0.906516993068119,0.9406569419561946,1.7946821236497814,20.221200649492527,14.82026660871018,17.169362418572913,7.685281406214382,20.221200649492527,14.82026660871018,17.169362418572913,7.685281406214382,0.4081023373361664,7.685281406214382,504.5747549019608,0.6617647058823529,0.4117647058823529,0.5367647058823529
dSPM,0,-10,scenario_macro,185,4,0.8565124978240282,0.9107484934567776,1.919045237024531,49.27906814941148,17.627749092046262,21.591444603306012,14.160301431198997,49.27906814941148,17.627749092046262,21.591444603306012,14.160301431198997,0.4861996588793547,13.996576952885926,5376.386029411765,0.4996732026143791,0.0,0.24983660130718954
dSPM,0,-5,scenario_macro,185,4,0.8778109748370542,0.9254449542289264,1.9012197017876877,40.02782312735104,15.748302831898586,21.241430693112367,11.056969691979821,40.02782312735104,15.748302831898586,21.241430693112367,11.056969691979821,0.4553034644067594,11.023363926072372,4174.44068627451,0.6297385620915033,0.0,0.3148692810457516
dSPM,0,0,scenario_macro,185,4,0.893566872160419,0.9357966814948334,1.8771410349987399,28.46140559319943,15.612237327377569,20.485593019238895,11.001447465899195,28.46140559319943,15.612237327377569,20.485593019238895,11.001447465899195,0.436401390692616,11.358765078042197,2630.7794117647063,0.6225490196078431,0.029411764705882353,0.32598039215686275
dSPM,0,5,scenario_macro,185,4,0.910129817298573,0.9430785128550736,1.8464294927808358,21.491066703571448,14.17420878327244,19.62157888280544,8.922419946261146,21.491066703571448,14.17420878327244,19.62157888280544,8.922419946261146,0.4272726103621109,9.159604766439505,1367.9090686274508,0.6617647058823529,0.11764705882352941,0.3897058823529412
dSPM,0,10,scenario_macro,185,4,0.9154728852082212,0.94320999304935,1.8142009473123768,19.535948563589045,14.070940116706751,18.500912350060485,7.881475191065372,19.535948563589045,14.070940116706751,18.500912350060485,7.881475191065372,0.4256136706862974,7.84118820955218,583.6632352941176,0.6715686274509803,0.3235294117647059,0.49754901960784315
dSPM,0,15,scenario_macro,185,4,0.9156505262417578,0.9447778726896083,1.790058167833993,19.092363449939953,14.33980845607944,17.676018235221076,7.9236466197983075,19.092363449939953,14.33980845607944,17.676018235221076,7.9236466197983075,0.42617883420923686,7.9033420308830715,475.605637254902,0.6715686274509803,0.4264705882352941,0.5490196078431372
dSPM,0,20,scenario_macro,185,4,0.9124090168814312,0.9420039244685803,1.7832697076044175,19.468993944511855,13.915113289769684,17.092011586604514,8.374847996586903,19.468993944511855,13.915113289769684,17.092011586604514,8.374847996586903,0.4241586592087352,8.325828387817788,481.728431372549,0.6715686274509803,0.39705882352941174,0.5343137254901961
dSPM,5,-10,scenario_macro,185,4,0.8700405955928384,0.9220134716706168,1.8908272590689157,36.1803193766149,17.607146289001594,21.005064278273462,12.176902829831823,36.1803193766149,17.607146289001594,21.005064278273462,12.176902829831823,0.4227531554512242,11.896286444524579,3787.143382352941,0.5388888888888889,0.07352941176470588,0.30620915032679735
dSPM,5,-5,scenario_macro,185,4,0.8846756096817453,0.9317822395622246,1.873467191847628,29.92159088933326,17.355046181410753,20.49778988985422,11.11039930247012,29.92159088933326,17.355046181410753,20.49778988985422,11.11039930247012,0.4000928141892359,11.099839013511136,2787.1274509803916,0.5705882352941177,0.08823529411764706,0.3294117647058824
dSPM,5,0,scenario_macro,185,4,0.8981005863459474,0.9403020376133614,1.8511602423197964,22.820165059344177,17.14125232864841,19.831081233802095,9.30910184499969,22.820165059344177,17.14125232864841,19.831081233802095,9.30910184499969,0.3930942752872942,9.841172433177247,1361.4186274509802,0.6346405228758171,0.22058823529411764,0.42761437908496736
dSPM,5,5,scenario_macro,185,4,0.9098163396735439,0.9438900765822841,1.825130489992194,20.43216156978518,15.532563820956595,19.026074905868708,8.890150710842933,20.43216156978518,15.532563820956595,19.026074905868708,8.890150710842933,0.39898153899185046,8.732481312418996,665.5132352941176,0.6493464052287582,0.25,0.4496732026143791
dSPM,5,10,scenario_macro,185,4,0.9190547240718139,0.9486317026086082,1.7978100368396288,19.636054730052162,14.285947451061759,18.152758717479262,7.8346734095773725,19.636054730052162,14.285947451061759,18.152758717479262,7.8346734095773725,0.40739656966750426,7.880531508651781,479.69828431372554,0.6666666666666666,0.4264705882352941,0.5465686274509803
dSPM,5,15,scenario_macro,185,4,0.9187272429695542,0.9478626068754715,1.7784917413961503,18.961397475458735,14.08225038073441,17.44676795954229,7.719404742976335,18.961397475458735,14.08225038073441,17.44676795954229,7.719404742976335,0.4140730454296443,7.719404742976335,439.66936274509806,0.6617647058823529,0.4852941176470588,0.5735294117647058
dSPM,5,20,scenario_macro,185,4,0.9177253900214977,0.9452304764246631,1.7714511815220333,18.846984272237886,14.361572618217815,16.916517873959545,7.08768041928155,18.846984272237886,14.361572618217815,16.916517873959545,7.08768041928155,0.42178669944698977,7.08768041928155,447.79681372549027,0.6911764705882352,0.4264705882352941,0.5588235294117646
dSPM,10,-10,scenario_macro,185,4,0.8787247191199048,0.9288412617091057,1.8582308600082649,27.356638044018325,18.940291328198434,20.0149879192064,11.289872527714218,27.356638044018325,18.940291328198434,20.0149879192064,11.289872527714218,0.3756350903815038,11.332379146612874,1664.74068627451,0.5313725490196078,0.17647058823529413,0.353921568627451
dSPM,10,-5,scenario_macro,185,4,0.8924699776176391,0.935907855096074,1.8434536676289182,23.884636850430553,17.97367974779131,19.480098212218735,10.54714952295489,23.884636850430553,17.97367974779131,19.480098212218735,10.54714952295489,0.3695570663229736,10.513710168024586,931.9664215686275,0.5558823529411764,0.20588235294117646,0.38088235294117645
dSPM,10,0,scenario_macro,185,4,0.9008325690546501,0.9406198547370399,1.8255650175132712,21.483030469399406,17.641829866644063,18.72960630118986,9.54903149423348,21.483030469399406,17.641829866644063,18.72960630118986,9.54903149423348,0.36452315233147903,9.676107924964183,530.4585784313725,0.5656862745098039,0.4117647058823529,0.4887254901960784
dSPM,10,5,scenario_macro,185,4,0.9110449504644782,0.9458575369938083,1.804459956686829,20.5456628957407,17.096846128447087,18.167015769406433,8.417725068969412,20.5456628957407,17.096846128447087,18.167015769406433,8.417725068969412,0.37040728053640887,8.438029657279953,446.5210784313726,0.6542483660130719,0.47058823529411764,0.5624183006535948
dSPM,10,10,scenario_macro,185,4,0.916430869622305,0.9488646312243915,1.7833146009460243,19.829766959234558,16.10986098592579,17.68359762410147,7.985578262238026,19.829766959234558,16.10986098592579,17.68359762410147,7.985578262238026,0.383165479206142,8.005882848785582,420.7098039215686,0.6421568627450981,0.5294117647058824,0.5857843137254902
dSPM,10,15,scenario_macro,185,4,0.9190738856085586,0.9499812910258139,1.7674843951323924,19.271327405933047,13.925197502011736,17.164404427004424,7.571170628906214,19.271327405933047,13.925197502011736,17.164404427004424,7.571170628906214,0.40020679111134183,7.571170628906214,413.9877450980392,0.6421568627450981,0.5588235294117647,0.6004901960784315
dSPM,10,20,scenario_macro,185,4,0.9192664802292194,0.9488987881953406,1.761021286557201,18.84077988778836,14.13463133392125,16.837001440279508,7.401872053639671,18.84077988778836,14.13463133392125,16.837001440279508,7.401872053639671,0.41349587651981495,7.4221766386845855,417.221568627451,0.6715686274509803,0.5,0.5857843137254901
dSPM,15,-10,scenario_macro,185,4,0.8807504670280477,0.9297575399148325,1.8305926172546991,23.761851057745464,21.271189022134866,18.810572390629726,11.103249632345616,23.761851057745464,21.271189022134866,18.810572390629726,11.103249632345616,0.3457649111153587,11.152269242877717,648.8936274509804,0.5068627450980392,0.3088235294117647,0.40784313725490196
dSPM,15,-5,scenario_macro,185,4,0.8912060750742249,0.9350721929754957,1.818561707706467,22.251400478778876,18.982368593126534,18.481345132911084,10.889235259404069,22.251400478778876,18.982368593126534,18.481345132911084,10.889235259404069,0.3481979182418554,10.936525643919381,538.3424019607843,0.5215686274509804,0.35294117647058826,0.4372549019607843
dSPM,15,0,scenario_macro,185,4,0.8983166056422618,0.9395636762440829,1.8047841195542855,21.374901412869434,18.137490317971523,17.928882993363583,10.251697013930443,21.374901412869434,18.137490317971523,17.928882993363583,10.251697013930443,0.3458318955489009,10.031687316822232,476.0174019607843,0.5215686274509804,0.4411764705882353,0.48137254901960785
dSPM,15,5,scenario_macro,185,4,0.9050363389867131,0.9436867957933653,1.7884789301846458,20.715932511047246,17.448502360385323,17.451011947713102,9.199206871221591,20.715932511047246,17.448502360385323,17.451011947713102,9.199206871221591,0.34824071876849333,9.268531067455532,428.0759803921569,0.5830065359477125,0.5441176470588235,0.563562091503268
dSPM,15,10,scenario_macro,185,4,0.911659599015422,0.9475345592617641,1.7735597807423993,20.185989445613696,17.057481060618525,17.035898621551105,8.828640815668384,20.185989445613696,17.057481060618525,17.035898621551105,8.828640815668384,0.3592073809451075,8.707457677783905,399.1411764705882,0.6,0.6323529411764706,0.6161764705882353
dSPM,15,15,scenario_macro,185,4,0.9167245255968131,0.9493256821444627,1.7611418371471979,19.651945919484497,15.857565763466718,16.530882590839443,7.502308501244894,19.651945919484497,15.857565763466718,16.530882590839443,7.502308501244894,0.380842182968819,7.502308501244894,395.69460784313725,0.6519607843137255,0.5882352941176471,0.6200980392156863
dSPM,15,20,scenario_macro,185,4,0.9192736484800185,0.9510643627283624,1.7540298526762677,19.170502798333672,13.93155276381774,16.544428842088102,7.665902319876516,19.170502798333672,13.93155276381774,16.544428842088102,7.665902319876516,0.39801880449858595,7.665902319876516,397.26495098039214,0.6470588235294118,0.6029411764705882,0.625
dSPM,20,-10,scenario_macro,185,4,0.8744029907280442,0.9269799986119708,1.8140149820880103,23.42070178135087,21.529671198914972,18.143550193067743,11.61890668864408,23.42070178135087,21.529671198914972,18.143550193067743,11.61890668864408,0.3299591485739296,11.644782373540972,530.6882352941177,0.4823529411764706,0.35294117647058826,0.4176470588235294
dSPM,20,-5,scenario_macro,185,4,0.883938643185934,0.932466168337622,1.8053701077574091,22.578871037870485,20.852061324011572,17.817705652577825,11.211855403392036,22.578871037870485,20.852061324011572,17.817705652577825,11.211855403392036,0.33269487212879206,11.397410759400088,498.52377450980396,0.48235294117647065,0.39705882352941174,0.43970588235294117
dSPM,20,0,scenario_macro,185,4,0.893865646626251,0.9369751532785309,1.7931492806223654,21.70460924732969,19.948614112861485,17.408520148589236,10.024879541728541,21.70460924732969,19.948614112861485,17.408520148589236,10.024879541728541,0.3381238700590433,10.024879541728541,468.69240196078425,0.5166666666666667,0.45588235294117646,0.4862745098039216
dSPM,20,5,scenario_macro,185,4,0.8994204467117164,0.940618297160317,1.7806076154841015,21.060856052445143,17.945930093962208,16.988532722162404,9.735399461690655,21.060856052445143,17.945930093962208,16.988532722162404,9.735399461690655,0.3381055895895009,9.743354249273134,433.940931372549,0.511764705882353,0.5147058823529411,0.513235294117647
dSPM,20,10,scenario_macro,185,4,0.9062347346095223,0.9443649022933714,1.7694189328593692,20.59381308631451,17.643835914597492,16.509306250668914,9.78192133041305,20.59381308631451,17.643835914597492,16.509306250668914,9.78192133041305,0.34174816222471643,9.888693169229542,405.5754901960784,0.5411764705882353,0.5735294117647058,0.5573529411764706
dSPM,20,15,scenario_macro,185,4,0.9125594613236034,0.9470629115804783,1.7585404531740112,20.075677661504965,17.129763480095537,16.154034149916196,8.713592424235516,20.075677661504965,17.129763480095537,16.154034149916196,8.713592424235516,0.35509971364830467,8.713592424235516,384.8845588235294,0.6003267973856209,0.6323529411764706,0.6163398692810458
dSPM,20,20,scenario_macro,185,4,0.9169450020038283,0.9497793341724988,1.751509003568454,19.601771987712556,15.478750609080185,16.11835280550799,8.248776939297981,19.601771987712556,15.478750609080185,16.11835280550799,8.248776939297981,0.3784322134011689,8.248776939297981,388.32279411764705,0.6150326797385621,0.6176470588235294,0.6163398692810458
eLORETA,-10,-10,scenario_macro,185,4,0.8154592881077254,0.7937333895201053,1.9530151371068478,67.14488631873473,47.33050549164256,22.597920186866826,22.716106914374194,67.14488631873473,47.33050549164256,22.597920186866826,22.716106914374194,0.8287809394428958,20.141517693924342,6981.821078431373,0.342156862745098,0.0,0.171078431372549
eLORETA,-10,-5,scenario_macro,185,4,0.8685937134481363,0.8624819654080915,1.9360433086804576,65.40946570336418,31.54748219506882,22.08188865158702,16.37497781612817,65.40946570336418,31.54748219506882,22.08188865158702,16.37497781612817,0.7428294163220722,15.155058361682867,6674.315441176471,0.4826797385620915,0.0,0.24133986928104575
eLORETA,-10,0,scenario_macro,185,4,0.9054947596702366,0.917233750045915,1.910708895664731,56.67893859769563,15.959254092170104,21.209715441657583,13.307532704668875,56.67893859769563,15.959254092170104,21.209715441657583,13.307532704668875,0.6472786039956105,11.944622994762646,5546.325980392156,0.5784313725490196,0.0,0.2892156862745098
eLORETA,-10,5,scenario_macro,185,4,0.9202747336707721,0.9397710983559872,1.8755857790533603,37.835185025525014,9.91022708396527,20.135111650122866,10.82814266408119,37.835185025525014,9.91022708396527,20.135111650122866,10.82814266408119,0.5732334398772868,9.954783319423802,3262.5098039215686,0.6323529411764706,0.0,0.3161764705882353
eLORETA,-10,10,scenario_macro,185,4,0.9220041151873372,0.9454286403064249,1.8347532958576036,25.173250222176296,9.60809547857691,18.986421583343958,8.580099480824494,25.173250222176296,9.60809547857691,18.986421583343958,8.580099480824494,0.5340077340415255,7.7232847356413785,1137.8715686274509,0.7352941176470589,0.0,0.36764705882352944
eLORETA,-10,15,scenario_macro,185,4,0.9225669846383179,0.9458625946575192,1.8053021673224132,22.831610722558782,9.414062246955039,17.95629061206277,7.579907099176078,22.831610722558782,9.414062246955039,17.95629061206277,7.579907099176078,0.524177451484217,7.503944238953245,724.7637254901962,0.7352941176470589,0.07352941176470588,0.40441176470588236
eLORETA,-10,20,scenario_macro,185,4,0.9211622083907148,0.9444015010450711,1.7940162951984882,23.076878789740643,9.84394869670477,17.513969133042938,7.3757819415757835,23.076878789740643,9.84394869670477,17.513969133042938,7.3757819415757835,0.5199979215846985,7.24805883655042,709.155637254902,0.7254901960784315,0.17647058823529413,0.4509803921568628
eLORETA,-5,-10,scenario_macro,185,4,0.8434853431290822,0.8246218336344499,1.9378423723603215,66.23674245597955,39.603995854830174,22.31343788451648,21.156970248410808,66.23674245597955,39.603995854830174,22.31343788451648,21.156970248410808,0.7653502521938984,17.14018688963569,6286.249019607843,0.41830065359477125,0.0,0.20915032679738563
eLORETA,-5,-5,scenario_macro,185,4,0.881645238832216,0.8750140811485521,1.9190652565770605,62.67584510970667,25.743280390440002,21.82188768904503,15.808497873079096,62.67584510970667,25.743280390440002,21.82188768904503,15.808497873079096,0.6971685303441604,14.450012948957934,5672.35637254902,0.5316993464052288,0.0,0.2658496732026144
eLORETA,-5,0,scenario_macro,185,4,0.9118307654990137,0.920084585051526,1.8924631011646664,49.76353190621373,14.073354106160082,21.02590203072118,13.404317808132395,49.76353190621373,14.073354106160082,21.02590203072118,13.404317808132395,0.6094770763890813,11.29738888817616,4463.801225490196,0.5980392156862745,0.0,0.29901960784313725
eLORETA,-5,5,scenario_macro,185,4,0.9258966770360059,0.9442128700039455,1.8591248312471162,33.46462828694923,8.766367677816346,19.97505577704524,10.122708071033687,33.46462828694923,8.766367677816346,19.97505577704524,10.122708071033687,0.5529369864115043,9.127204966777533,2636.9943627450984,0.6568627450980392,0.0,0.3284313725490196
eLORETA,-5,10,scenario_macro,185,4,0.928885809284195,0.9488882204537269,1.8221461333731594,23.123972844294258,9.432749163732046,18.936404594432485,7.949563701765023,23.123972844294258,9.432749163732046,18.936404594432485,7.949563701765023,0.5258509950648579,7.1416005737211705,956.8460784313725,0.7450980392156863,0.014705882352941176,0.3799019607843137
eLORETA,-5,15,scenario_macro,185,4,0.9256454375429963,0.9475027067500839,1.796067157678009,21.52388067915038,9.756072803435643,18.04348210324935,6.797656956075417,21.52388067915038,9.756072803435643,18.04348210324935,6.797656956075417,0.5168082594085579,7.253469775293851,660.722794117647,0.7107843137254902,0.10294117647058823,0.4068627450980392
eLORETA,-5,20,scenario_macro,185,4,0.9235481942021452,0.9457383426351654,1.7880828916196672,22.249004250382637,9.479045666993935,17.35512527337703,6.757023327090027,22.249004250382637,9.479045666993935,17.35512527337703,6.757023327090027,0.5167247157374323,6.757023319349382,664.2193627450981,0.7401960784313726,0.19117647058823528,0.46568627450980393
eLORETA,0,-10,scenario_macro,185,4,0.8695602521610915,0.8645864490810309,1.9153592192668472,61.341378711820504,28.654421160459066,21.963653419683283,16.427006501961404,61.341378711820504,28.654421160459066,21.963653419683283,16.427006501961404,0.685852661738499,13.943646593059702,5227.138480392157,0.5196078431372549,0.0,0.25980392156862747
eLORETA,0,-5,scenario_macro,185,4,0.8959906448142181,0.8990045983948052,1.8953615577454066,53.14841293109578,19.509962448292537,21.530253630332542,14.99622320468695,53.14841293109578,19.509962448292537,21.530253630332542,14.99622320468695,0.6386513744631368,14.274671380153228,4446.717892156863,0.5245098039215687,0.0,0.2622549019607843
eLORETA,0,0,scenario_macro,185,4,0.9152513771175964,0.9260699169975083,1.8686139239084738,40.244090723570224,11.256345077136002,20.656014212368238,12.60080154297203,40.244090723570224,11.256345077136002,20.656014212368238,12.60080154297203,0.5763097623816918,11.634051160795146,3314.6870098039217,0.5833333333333334,0.0,0.2916666666666667
eLORETA,0,5,scenario_macro,185,4,0.9277511718833388,0.943570242252682,1.8357143026350125,27.90853758189272,9.496356780444522,19.790361133391823,9.812990104557464,27.90853758189272,9.496356780444522,19.790361133391823,9.812990104557464,0.5265844673828822,8.81266917581691,1737.635539215686,0.6666666666666666,0.014705882352941176,0.3406862745098039
eLORETA,0,10,scenario_macro,185,4,0.9319858495077161,0.9505382251241639,1.8028371228797522,20.915945176249256,9.370735577646224,18.640887728632173,8.728623551339393,20.915945176249256,9.370735577646224,18.640887728632173,8.728623551339393,0.5104066816916486,7.315391680489806,727.715931372549,0.7303921568627452,0.04411764705882353,0.3872549019607843
eLORETA,0,15,scenario_macro,185,4,0.930238563798035,0.9514019268060561,1.780405830683673,20.109177534990003,9.351414988635469,17.73475353172073,6.529323431776145,20.109177534990003,9.351414988635469,17.73475353172073,6.529323431776145,0.504468355037733,6.509018841696271,576.7495098039216,0.7598039215686274,0.16176470588235295,0.46078431372549017
eLORETA,0,20,scenario_macro,185,4,0.9264773378345376,0.9475852893231733,1.7758585138491756,21.053782492192408,9.539318751888073,17.21166694004451,7.075254764960069,21.053782492192408,9.539318751888073,17.21166694004451,7.075254764960069,0.5091997742297188,7.075254764960069,596.5835784313725,0.7254901960784313,0.2647058823529412,0.4950980392156863
eLORETA,5,-10,scenario_macro,185,4,0.8944504582556102,0.9022094031086985,1.8844732376030346,46.85483140643863,18.797269692775334,21.285091602368592,13.701747782564127,46.85483140643863,18.797269692775334,21.285091602368592,13.701747782564127,0.6004983981463191,11.64522051896977,3980.228921568628,0.6029411764705882,0.0,0.3014705882352941
eLORETA,5,-5,scenario_macro,185,4,0.9095193447765592,0.9194776518309984,1.864573645922413,39.77746909404585,13.214122753140769,20.70690560624005,12.582711734109262,39.77746909404585,13.214122753140769,20.70690560624005,12.582711734109262,0.5674516018502598,11.141466939535704,3227.3495098039216,0.6029411764705882,0.0,0.3014705882352941
eLORETA,5,0,scenario_macro,185,4,0.9217469832824148,0.936359146854232,1.839100138340454,32.65606132224884,10.147614146883384,20.011960561192538,11.139849667831285,32.65606132224884,10.147614146883384,20.011960561192538,11.139849667831285,0.5348151199386664,8.93042265356841,2138.7593137254903,0.6862745098039215,0.014705882352941176,0.3504901960784313
eLORETA,5,5,scenario_macro,185,4,0.928715238583079,0.9456853632997043,1.8093296881495124,23.292141285871423,9.735093663803507,19.232046465755804,9.159626738016847,23.292141285871423,9.735093663803507,19.232046465755804,9.159626738016847,0.5080003904657304,8.265749164541846,1031.6693627450982,0.7107843137254902,0.04411764705882353,0.37745098039215685
eLORETA,5,10,scenario_macro,185,4,0.9331166575956782,0.9522551071296322,1.780382443551199,19.302776727508217,9.63907521542661,18.2050162529651,7.041818820441601,19.302776727508217,9.63907521542661,18.2050162529651,7.041818820441601,0.49264489480339785,6.439944843981692,575.6801470588235,0.75,0.17647058823529413,0.4632352941176471
eLORETA,5,15,scenario_macro,185,4,0.9324743150535824,0.9525891327362499,1.7623377465138663,19.102895810648565,9.855926720152672,17.466531875287757,6.149373677679473,19.102895810648565,9.855926720152672,17.466531875287757,6.149373677679473,0.493714255279705,6.178088690397402,518.3117647058824,0.7647058823529411,0.2647058823529412,0.5147058823529411
eLORETA,5,20,scenario_macro,185,4,0.9295656081807072,0.9509250546203167,1.759773474794576,19.727580365887942,9.584446648331635,17.027199481249955,6.2788118320440205,19.727580365887942,9.584446648331635,17.027199481249955,6.2788118320440205,0.4978826933593031,6.2788118320440205,534.3053921568627,0.7450980392156863,0.27941176470588236,0.5122549019607843
eLORETA,10,-10,scenario_macro,185,4,0.9106534471189967,0.9260461797717776,1.8467096068193383,34.034661574479294,12.029673024842273,20.054962003863736,11.106079424994363,34.034661574479294,12.029673024842273,20.054962003863736,11.106079424994363,0.5359456148747787,9.5112427391108,2580.443137254902,0.6519607843137255,0.029411764705882353,0.34068627450980393
eLORETA,10,-5,scenario_macro,185,4,0.9192476661488505,0.9344437039538718,1.8295120546118224,29.66957736909112,10.248484475307592,19.56914807550281,10.049379809012944,29.66957736909112,10.248484475307592,19.56914807550281,10.049379809012944,0.5179063746242774,8.405585912332839,1866.6833333333332,0.6911764705882352,0.029411764705882353,0.36029411764705876
eLORETA,10,0,scenario_macro,185,4,0.925678324171267,0.9425747271840081,1.8074159954078364,24.64731725078862,9.695495536741857,18.978054270487643,8.15391737015335,24.64731725078862,9.695495536741857,18.978054270487643,8.15391737015335,0.501483059003855,7.337616657746135,1140.6321078431372,0.7303921568627452,0.11764705882352941,0.4240196078431373
eLORETA,10,5,scenario_macro,185,4,0.9309121181775895,0.9495243487709877,1.7826657898468268,20.21942341281841,9.58493755765948,18.22694880690473,7.547346571324101,20.21942341281841,9.58493755765948,18.22694880690473,7.547346571324101,0.49012933042715345,6.96168889230717,660.4504901960785,0.7450980392156863,0.14705882352941177,0.44607843137254904
eLORETA,10,10,scenario_macro,185,4,0.9330653544275953,0.9528580893878256,1.759241135300329,18.320473547445726,9.445058594216915,17.731521797491435,6.428617454473684,18.320473547445726,9.445058594216915,17.731521797491435,6.428617454473684,0.47802707618791934,5.95251044358455,499.76053921568626,0.75,0.20588235294117646,0.4779411764705882
eLORETA,10,15,scenario_macro,185,4,0.9339610384529233,0.9546202393860577,1.7446286910218436,18.356103898963514,9.660361245626216,17.160940090033336,5.99165787452677,18.356103898963514,9.660361245626216,17.160940090033336,5.99165787452677,0.4804978169207949,5.897949144243138,475.74313725490197,0.75,0.27941176470588236,0.5147058823529411
eLORETA,10,20,scenario_macro,185,4,0.9321951828112544,0.9542675079429087,1.742452205303831,18.837382395958866,9.692612530092386,16.921845737342768,7.275181321843824,18.837382395958866,9.692612530092386,16.921845737342768,7.275181321843824,0.4883404250677035,7.250474597355989,487.6154411764706,0.7107843137254902,0.3382352941176471,0.5245098039215687
eLORETA,15,-10,scenario_macro,185,4,0.9158736263073708,0.9370052927437205,1.8113752053049945,25.664053181313363,10.75192718826616,18.77637312792437,8.292492766724584,25.664053181313363,10.75192718826616,18.77637312792437,8.292492766724584,0.500235568591553,7.715744517670579,1259.584068627451,0.6960784313725491,0.17647058823529413,0.43627450980392163
eLORETA,15,-5,scenario_macro,185,4,0.9218023563704438,0.9408269632870423,1.7979194425833258,22.917037463927713,10.33751566709728,18.48750758982713,7.904727921818711,22.917037463927713,10.33751566709728,18.48750758982713,7.904727921818711,0.49491291836543994,7.382333090418086,925.7507352941177,0.7058823529411765,0.16176470588235295,0.4338235294117647
eLORETA,15,0,scenario_macro,185,4,0.9258908092114415,0.9451435724617693,1.780542847932169,20.55008689805452,10.024499744350088,17.93581045153329,7.342486867096484,20.55008689805452,10.024499744350088,17.93581045153329,7.342486867096484,0.4851964530801205,6.913832634062227,674.1946078431374,0.7352941176470589,0.19117647058823528,0.4632352941176471
eLORETA,15,5,scenario_macro,185,4,0.9306720781719109,0.9505790106025288,1.76073364634256,18.698203684990048,10.343354451834387,17.495851336101655,6.522909476469742,18.698203684990048,10.343354451834387,17.495851336101655,6.522909476469742,0.475438277238958,5.9316561084170525,526.6024509803922,0.7549019607843137,0.25,0.5024509803921569
eLORETA,15,10,scenario_macro,185,4,0.9324097265118443,0.9540477061519583,1.7431352255207297,18.01640535584814,10.078874156680058,17.054590111807105,5.9510892365969985,18.01640535584814,10.078874156680058,17.054590111807105,5.9510892365969985,0.47058674535126943,5.5732360861580785,470.5928921568627,0.7352941176470589,0.2647058823529412,0.5
eLORETA,15,15,scenario_macro,185,4,0.933292492152425,0.9547005797606628,1.731147739079337,17.883922824737578,9.691637397981284,16.510521947311002,5.181771834194192,17.883922824737578,9.691637397981284,16.510521947311002,5.181771834194192,0.4711354623770488,5.206084717873165,456.24264705882354,0.7598039215686274,0.3088235294117647,0.5343137254901961
eLORETA,15,20,scenario_macro,185,4,0.9334706733125921,0.9558475155672609,1.7285353686023022,18.146203468493887,9.576183344071639,16.494284220921028,5.407271484772541,18.146203468493887,9.576183344071639,16.494284220921028,5.407271484772541,0.4739885733459416,5.407271484772541,459.6235294117647,0.7549019607843137,0.35294117647058826,0.553921568627451
eLORETA,20,-10,scenario_macro,185,4,0.9126874932160867,0.9390659932547947,1.7883358941027938,22.61095499373299,11.185372038326243,18.004179195437214,7.7407300619297486,22.61095499373299,11.185372038326243,18.004179195437214,7.7407300619297486,0.4898264787928097,7.60774211258435,808.3897058823529,0.6666666666666666,0.27941176470588236,0.4730392156862745
eLORETA,20,-5,scenario_macro,185,4,0.9180029485756579,0.9424088992827278,1.7787776772650499,21.11812697939644,10.42638477071301,17.73540927798469,7.679966026213751,21.11812697939644,10.42638477071301,17.73540927798469,7.679966026213751,0.4831407161529566,7.828754077353957,689.221568627451,0.6519607843137254,0.27941176470588236,0.4656862745098039
eLORETA,20,0,scenario_macro,185,4,0.9228462192863597,0.9451252590677592,1.7647194085639202,19.71541455071829,10.168689711866664,17.38721743191422,6.7912133055894826,19.71541455071829,10.168689711866664,17.38721743191422,6.7912133055894826,0.4763681395429386,6.6160675685097345,578.6632352941176,0.6862745098039217,0.35294117647058826,0.5196078431372549
eLORETA,20,5,scenario_macro,185,4,0.9271495103332129,0.9493937233390569,1.748788633753921,18.713832164208387,10.135442947791157,16.887249272195106,6.069583044193492,18.713832164208387,10.135442947791157,16.887249272195106,6.069583044193492,0.4686993202969242,5.971543825705571,506.18186274509804,0.7205882352941176,0.3382352941176471,0.5294117647058824
eLORETA,20,10,scenario_macro,185,4,0.9307263644181951,0.9528444356191896,1.7346101607641025,18.124243011148312,10.312717988130808,16.434980314768932,6.037012848530407,18.124243011148312,10.312717988130808,16.434980314768932,6.037012848530407,0.4657406635295421,5.938973627466207,469.7188725490196,0.7549019607843137,0.3235294117647059,0.5392156862745098
eLORETA,20,15,scenario_macro,185,4,0.9336065491199388,0.955550535087915,1.7238016589243512,17.82292745783366,10.069373930274345,16.010641875149954,5.7258959258596205,17.82292745783366,10.069373930274345,16.010641875149954,5.7258959258596205,0.46589833737547415,5.7258959258596205,449.0147058823529,0.7352941176470589,0.39705882352941174,0.5661764705882353
eLORETA,20,20,scenario_macro,185,4,0.9330059281749317,0.9557281411078398,1.7200025209445964,17.792119850731883,9.508603313109116,16.024116247195675,5.3861961691066575,17.792119850731883,9.508603313109116,16.024116247195675,5.3861961691066575,0.4679171903622828,5.3861961691066575,445.6,0.7352941176470589,0.35294117647058826,0.5441176470588236
sLORETA,-10,-10,scenario_macro,185,4,0.8128532766218443,0.7867301433693406,1.9528953402299327,61.15380485956109,61.72381131372853,21.99609554533364,20.09410983942404,61.15380485956109,61.72381131372853,21.99609554533364,20.09410983942404,0.9196541060158628,17.573439152012778,2868.979901960784,0.3666666666666667,0.0,0.18333333333333335
sLORETA,-10,-5,scenario_macro,185,4,0.8257771308814994,0.8156147791756805,1.9381203900492108,58.30816497185197,47.66271993670852,21.451848452013948,16.53604918540626,58.30816497185197,47.66271993670852,21.451848452013948,16.53604918540626,0.8534018923555188,14.769921339859707,2585.0637254901962,0.430718954248366,0.0,0.215359477124183
sLORETA,-10,0,scenario_macro,185,4,0.8452514408349665,0.8514400601764056,1.9171548068701736,54.349630247744166,29.761202638736133,20.540516498162493,12.9018743448355,54.349630247744166,29.761202638736133,20.540516498162493,12.9018743448355,0.7346128500900767,12.142708150569455,2092.2563725490195,0.4944444444444444,0.0,0.2472222222222222
sLORETA,-10,5,scenario_macro,185,4,0.8682142909217023,0.8842540162698692,1.888753757920234,46.71212361626899,19.281635218695858,19.522621821363625,11.971470587328854,46.71212361626899,19.281635218695858,19.522621821363625,11.971470587328854,0.6405398281218105,11.746283250163927,1424.829411764706,0.5238562091503268,0.0,0.2619281045751634
sLORETA,-10,10,scenario_macro,185,4,0.886736226987282,0.9127720439315025,1.8536132817957922,33.840657200915835,17.962709766140065,18.142862021603875,11.068683985069887,33.840657200915835,17.962709766140065,18.142862021603875,11.068683985069887,0.5882718524073459,10.832677066353263,750.6120098039216,0.5558823529411765,0.0,0.27794117647058825
sLORETA,-10,15,scenario_macro,185,4,0.8958088838196546,0.925657437603455,1.8282109007729117,26.934237551673025,17.639548866472612,17.227813624152134,10.74346740553448,26.934237551673025,17.639548866472612,17.227813624152134,10.74346740553448,0.5660828236892478,10.356881637256874,452.28406862745095,0.5754901960784314,0.014705882352941176,0.2950980392156863
sLORETA,-10,20,scenario_macro,185,4,0.8968098966092062,0.9286916139906328,1.818910060789756,26.438749267867355,17.516226232351638,16.693944995009215,9.94331008781132,26.438749267867355,17.516226232351638,16.693944995009215,9.94331008781132,0.5508503455960764,9.94331008781132,419.28431372549016,0.6,0.10294117647058823,0.3514705882352941
sLORETA,-5,-10,scenario_macro,185,4,0.8579435626514791,0.8352516814498804,1.9361023900651952,61.021903875128906,49.98164765186262,21.998955622427577,19.82037251979141,61.021903875128906,49.98164765186262,21.998955622427577,19.82037251979141,0.9045670903597722,16.064518378666516,3140.2843137254904,0.5094771241830065,0.0,0.25473856209150325
sLORETA,-5,-5,scenario_macro,185,4,0.8682711196919882,0.8594698772225601,1.9187562798010074,56.52785325316947,38.68875018236545,21.27694327117845,16.67364623814515,56.52785325316947,38.68875018236545,21.27694327117845,16.67364623814515,0.8271891406435632,14.733877815750816,2290.9723039215687,0.48986928104575167,0.0,0.24493464052287583
sLORETA,-5,0,scenario_macro,185,4,0.8787691088466261,0.8845143765895709,1.8966380139821788,50.02420248443705,23.33485181584619,20.43781376494511,13.41000963654467,50.02420248443705,23.33485181584619,20.43781376494511,13.41000963654467,0.6988611534776323,13.454210462106397,1609.662745098039,0.4970588235294118,0.0,0.2485294117647059
sLORETA,-5,5,scenario_macro,185,4,0.8877789036094705,0.9041073356117523,1.8699729693929,40.35913545005186,18.235480943388616,19.28231342712831,11.872609619992268,40.35913545005186,18.235480943388616,19.28231342712831,11.872609619992268,0.6174062951026692,11.030357297127795,1030.2085784313726,0.5117647058823529,0.0,0.25588235294117645
sLORETA,-5,10,scenario_macro,185,4,0.8976486479278003,0.9198186548759253,1.8383528477112936,29.470461247238614,16.922973745086864,18.17026429216752,10.815900053397705,29.470461247238614,16.922973745086864,18.17026429216752,10.815900053397705,0.5778050196909579,10.390137417767297,592.2531862745097,0.5705882352941177,0.0,0.28529411764705886
sLORETA,-5,15,scenario_macro,185,4,0.901595035309378,0.9282377169341346,1.8172881660477174,25.362833123339993,17.583359512466313,17.269953871377496,10.350701248114312,25.362833123339993,17.583359512466313,17.269953871377496,10.350701248114312,0.5631860840112867,10.30168164321552,425.6705882352941,0.5901960784313726,0.04411764705882353,0.317156862745098
sLORETA,-5,20,scenario_macro,185,4,0.9005651252828466,0.9311461657529527,1.8113807907285129,25.694592167940062,17.996519708401905,16.71068056160695,10.106747567566435,25.694592167940062,17.996519708401905,16.71068056160695,10.106747567566435,0.5570063991075203,9.894759560850988,405.72475490196075,0.5950980392156863,0.10294117647058823,0.34901960784313724
sLORETA,0,-10,scenario_macro,185,4,0.8859530462337775,0.8758214333225169,1.9156353921603104,59.27353531092117,36.82832665360042,22.06213077325599,18.087533261733522,59.27353531092117,36.82832665360042,22.06213077325599,18.087533261733522,0.8015732310844244,15.216752354724003,3107.716176470588,0.4679738562091503,0.0,0.23398692810457514
sLORETA,0,-5,scenario_macro,185,4,0.9001676726741001,0.8989978179096205,1.8929620011578767,52.21508164318502,27.388554897581745,21.346495936355282,16.230429177117472,52.21508164318502,27.388554897581745,21.346495936355282,16.230429177117472,0.7476771231345563,14.147619720429779,1883.1245098039217,0.526797385620915,0.0,0.2633986928104575
sLORETA,0,0,scenario_macro,185,4,0.9014841292815032,0.9109044168347528,1.870313148023656,41.96753577982803,20.685253331866353,20.2596912233286,13.694543998579562,41.96753577982803,20.685253331866353,20.2596912233286,13.694543998579562,0.6678916680584869,13.32924417714849,1092.2063725490195,0.4970588235294118,0.0,0.2485294117647059
sLORETA,0,5,scenario_macro,185,4,0.9031945492186202,0.9209983489123933,1.8436074658627308,32.1237377497834,18.031147060915348,19.064390065387553,11.874498335359206,32.1237377497834,18.031147060915348,19.064390065387553,11.874498335359206,0.5914104849597674,11.178511563163779,643.3720588235294,0.5781045751633986,0.0,0.2890522875816993
sLORETA,0,10,scenario_macro,185,4,0.9074015675019848,0.9294406671076728,1.8184580690030856,25.764917645479823,17.521856829108696,17.881915136232735,10.708582250414514,25.764917645479823,17.521856829108696,17.881915136232735,10.708582250414514,0.5605217453473005,10.204995523688991,441.4134803921568,0.5928104575163399,0.014705882352941176,0.3037581699346405
sLORETA,0,15,scenario_macro,185,4,0.9096258950823876,0.9349073861009379,1.8008498366273185,24.049485717474358,17.060272028184666,17.07854332329157,10.047113634129962,24.049485717474358,17.060272028184666,17.07854332329157,10.047113634129962,0.5477130044461008,9.538683291918346,372.3860294117647,0.6369281045751634,0.029411764705882353,0.33316993464052286
sLORETA,0,20,scenario_macro,185,4,0.9066562254519674,0.9347809111007771,1.7987648072374895,24.646138289533813,17.3338843005364,16.503701353446264,10.456818400295392,24.646138289533813,17.3338843005364,16.503701353446264,10.456818400295392,0.5555394596540291,10.456818400295392,375.0311274509804,0.592483660130719,0.1323529411764706,0.36241830065359476
sLORETA,5,-10,scenario_macro,185,4,0.9006707411910047,0.9041744788168083,1.8890096493193416,52.4806563263609,24.358228021635725,21.48767352094116,15.820981580823437,52.4806563263609,24.358228021635725,21.48767352094116,15.820981580823437,0.688174150139445,13.067855750293164,2337.135294117647,0.5686274509803922,0.0,0.2843137254901961
sLORETA,5,-5,scenario_macro,185,4,0.9115420667938279,0.9201052530889002,1.8645468042391038,41.94179412601752,17.744023860730483,20.8539853498859,14.052737355327546,41.94179412601752,17.744023860730483,20.8539853498859,14.052737355327546,0.6389954624400864,11.982099516348072,1398.3544117647061,0.573529411764706,0.0,0.286764705882353
sLORETA,5,0,scenario_macro,185,4,0.9165613461394366,0.9304510750718684,1.837267987600415,32.1363894815584,16.049237808215146,19.851857800004357,13.177250619157222,32.1363894815584,16.049237808215146,19.851857800004357,13.177250619157222,0.6053089576973175,10.627664753493299,712.5938725490197,0.573202614379085,0.0,0.2866013071895425
sLORETA,5,5,scenario_macro,185,4,0.914040079594703,0.9342233190301801,1.8159272249426937,26.54753901265299,17.106724242005402,18.703037053998713,12.460640555742414,26.54753901265299,17.106724242005402,18.703037053998713,12.460640555742414,0.5718777094790186,11.253953316263571,467.75318627450986,0.5362745098039216,0.014705882352941176,0.27549019607843134
sLORETA,5,10,scenario_macro,185,4,0.9141351386525681,0.9378087566678815,1.7975550341561977,23.948419546704113,17.733914901379148,17.64942304062475,10.058800162475363,23.948419546704113,17.733914901379148,17.64942304062475,10.058800162475363,0.5406872633707294,9.819431935638741,369.3843137254902,0.6,0.04411764705882353,0.32205882352941173
sLORETA,5,15,scenario_macro,185,4,0.9129776410874825,0.9391675673762968,1.7843385374787382,23.451761044232217,17.49770507809427,16.891422873702314,9.195289511079254,23.451761044232217,17.49770507809427,16.891422873702314,9.195289511079254,0.533307647686823,8.997778776115949,342.6343137254902,0.6196078431372549,0.07352941176470588,0.3465686274509804
sLORETA,5,20,scenario_macro,185,4,0.9115229600144353,0.9389902707768202,1.7832361719378573,23.5399451919583,17.31668836786289,16.4232071547436,9.683880407370518,23.5399451919583,17.31668836786289,16.4232071547436,9.683880407370518,0.5364522575568624,9.614556210869923,347.20000000000005,0.6147058823529411,0.1323529411764706,0.37352941176470583
sLORETA,10,-10,scenario_macro,185,4,0.9069877397418511,0.9219740125293716,1.8566697017169675,38.30589619302452,15.994503906181315,20.327380653467603,12.177095207523962,38.30589619302452,15.994503906181315,20.327380653467603,12.177095207523962,0.5899284328140413,9.504343965337213,1484.5742647058826,0.6666666666666666,0.0,0.3333333333333333
sLORETA,10,-5,scenario_macro,185,4,0.9160898942593971,0.9320322730422927,1.8354885036092465,31.73218517020447,13.983140798739862,19.78217154740651,10.591579655540643,31.73218517020447,13.983140798739862,19.78217154740651,10.591579655540643,0.5678189335415937,9.393879782547105,943.8772058823529,0.6470588235294118,0.0,0.3235294117647059
sLORETA,10,0,scenario_macro,185,4,0.920919238698128,0.9386007477019767,1.8083663838591966,25.11542190274793,14.571955383438214,19.036375781140464,9.167235443069238,25.11542190274793,14.571955383438214,19.036375781140464,9.167235443069238,0.5517937457653452,8.010189594969756,538.7784313725491,0.6862745098039215,0.014705882352941176,0.3504901960784313
sLORETA,10,5,scenario_macro,185,4,0.9216279085917827,0.9438303811986709,1.7838259080751064,22.98921082670192,16.06849521850809,18.074548948298304,8.752541197621374,22.98921082670192,16.06849521850809,18.074548948298304,8.752541197621374,0.5448966401485748,8.135381257167923,389.9421568627451,0.6787581699346404,0.04411764705882353,0.36143790849673196
sLORETA,10,10,scenario_macro,185,4,0.9181333080991951,0.9437860590662387,1.7727923176264702,22.69342739513029,17.392071705531407,17.2794052276116,9.32456247785933,22.69342739513029,17.392071705531407,17.2794052276116,9.32456247785933,0.5295581204576121,8.440078723524602,341.68161764705883,0.6663398692810457,0.04411764705882353,0.3552287581699346
sLORETA,10,15,scenario_macro,185,4,0.9162509973669235,0.9432536931858237,1.767495529653562,22.82278205495008,18.043818478621326,16.598392483291374,9.984881548686184,22.82278205495008,18.043818478621326,16.598392483291374,9.984881548686184,0.5226612050844767,9.69373374620765,319.4691176470588,0.6490196078431373,0.10294117647058823,0.37598039215686274
sLORETA,10,20,scenario_macro,185,4,0.9145839726567321,0.942938978235384,1.7674318711171582,23.0435876344917,17.46765576882034,16.401332607891145,9.972996096915704,23.0435876344917,17.46765576882034,16.401332607891145,9.972996096915704,0.5249866820995809,10.033587666739436,321.85661764705884,0.6049019607843137,0.1323529411764706,0.3686274509803921
sLORETA,15,-10,scenario_macro,185,4,0.9076653965504117,0.9307183466886084,1.8250935860991429,28.257121748506353,15.49285169934681,19.03099688675681,8.738881618315972,28.257121748506353,15.49285169934681,19.03099688675681,8.738881618315972,0.5374395404197482,8.113203129545711,905.3110294117648,0.7058823529411765,0.029411764705882353,0.36764705882352944
sLORETA,15,-5,scenario_macro,185,4,0.9149677813710989,0.9367947033762525,1.8081310061015148,24.700714880832294,13.679702659339588,18.6417444254774,8.724941788567872,24.700714880832294,13.679702659339588,18.6417444254774,8.724941788567872,0.5328147152257463,7.818808642132879,656.128431372549,0.7009803921568628,0.029411764705882353,0.3651960784313726
sLORETA,15,0,scenario_macro,185,4,0.9189027618793357,0.9416039564932784,1.7880172868547974,22.32179352779578,14.541427387756514,18.098615630668238,7.229250540681679,22.32179352779578,14.541427387756514,18.098615630668238,7.229250540681679,0.5221749588671262,6.518961910779585,488.98676470588236,0.7549019607843137,0.029411764705882353,0.39215686274509803
sLORETA,15,5,scenario_macro,185,4,0.9224853287599746,0.9463587734660771,1.7663329088217234,21.47772338761789,14.423101010423862,17.52124881863568,7.460202514105643,21.47772338761789,14.423101010423862,17.52124881863568,7.460202514105643,0.5143758601972022,6.730479464992442,397.0183823529412,0.7130718954248367,0.07352941176470588,0.3933006535947713
sLORETA,15,10,scenario_macro,185,4,0.9212445063683229,0.9476785939020482,1.750922433551646,21.69382648737475,15.670592655038085,16.77335850667984,7.612910636402049,21.69382648737475,15.670592655038085,16.77335850667984,7.612910636402049,0.5142689079046701,7.187147979107775,338.9718137254902,0.7130718954248366,0.07352941176470588,0.39330065359477123
sLORETA,15,15,scenario_macro,185,4,0.9179691054216494,0.9466496370699123,1.7513470454675568,22.325963800415142,17.44842666243198,16.11249932474766,9.210303188261635,22.325963800415142,17.44842666243198,16.11249932474766,9.210303188261635,0.5168711759347137,8.866987186623232,317.6875,0.6663398692810457,0.17647058823529413,0.42140522875816994
sLORETA,15,20,scenario_macro,185,4,0.9156704095053936,0.94533410744158,1.7560931752832036,22.637604924409228,17.496488096806104,16.07561317553218,9.782773410042802,22.637604924409228,17.496488096806104,16.07561317553218,9.782773410042802,0.5158119655652657,9.91793808046267,314.9502450980392,0.6294117647058824,0.20588235294117646,0.4176470588235295
sLORETA,20,-10,scenario_macro,185,4,0.9041433592420894,0.9351880725496599,1.8030210519405132,24.80457000045756,15.870958876402241,18.266989666433684,8.036922518820637,24.80457000045756,15.870958876402241,18.266989666433684,8.036922518820637,0.524365831757788,7.922987965476454,688.9379901960784,0.6960784313725491,0.17647058823529413,0.43627450980392163
sLORETA,20,-5,scenario_macro,185,4,0.9097234795505282,0.9377040800709454,1.792692907888563,23.289356371706862,14.90569757322016,17.88701161258149,7.194575916976788,23.289356371706862,14.90569757322016,17.88701161258149,7.194575916976788,0.5143841258550137,7.188522817667074,594.3507352941176,0.7303921568627452,0.1323529411764706,0.43137254901960786
sLORETA,20,0,scenario_macro,185,4,0.9149353643108976,0.9413081166865422,1.7771042376729642,21.962194348703434,13.982005936831008,17.462619533892845,6.886117968715297,21.962194348703434,13.982005936831008,17.462619533892845,6.886117968715297,0.5072124743755217,6.483481031208463,499.3125,0.7401960784313726,0.19117647058823528,0.46568627450980393
sLORETA,20,5,scenario_macro,185,4,0.9195050268674945,0.9456944044717649,1.7590910119659837,21.239389420813477,13.987639622018458,16.898331459318133,6.428952072342504,21.239389420813477,13.987639622018458,16.898331459318133,6.428952072342504,0.4991964604466822,6.28362246381608,426.51691176470587,0.75,0.16176470588235295,0.45588235294117646
sLORETA,20,10,scenario_macro,185,4,0.922143177547624,0.949174778976968,1.7437489756484426,21.08667119141343,14.799474022811046,16.348295440166257,6.22350239553077,21.08667119141343,14.799474022811046,16.348295440166257,6.22350239553077,0.5018083391062662,6.260950044405945,373.7210784313726,0.7401960784313726,0.20588235294117646,0.4730392156862745
sLORETA,20,15,scenario_macro,185,4,0.9215233799576015,0.9488230189297067,1.7370672144483503,21.608594115193412,15.872918215383784,15.8178256417317,7.659801730605172,21.608594115193412,15.872918215383784,15.8178256417317,7.659801730605172,0.5116033538848747,7.6328159297739475,333.26176470588234,0.6885620915032679,0.2647058823529412,0.47663398692810455
sLORETA,20,20,scenario_macro,185,4,0.9174592223123059,0.947529930341438,1.7435561589476487,22.2680293036415,16.983290023843207,15.679093111128017,9.210970788267318,22.2680293036415,16.983290023843207,15.679093111128017,9.210970788267318,0.5154433154488134,9.200508934255495,313.2279411764706,0.6245098039215686,0.2647058823529412,0.4446078431372549
