method,eeg_snr_db,meg_snr_db,aggregation,case_count,scenario_count,auc,auc_tie_corrected,rmse,surface_sd_mm,surface_dle_mm,deep_sd_mm,deep_dle_mm,deep_score,deep_peak_distance_mm,active_count,surface_sd_mm_penalized,surface_dle_mm_penalized,deep_sd_mm_penalized,deep_dle_mm_penalized,deep_sensitivity,deep_specificity,deep_balanced_accuracy
Dipole fitting (grid),-10,-10,case_weighted,186,4,0.5249196930740002,0.5282267028999006,1.7610227354349879,9.535171152422585,16.049750351976023,3.749999873450805,3.749999873450805,0.043010752688172046,3.749999873450805,1.2311827956989247,9.535171152422585,16.049750351976023,218.41696867100097,218.41696867100097,0.06779661016949153,1.0,0.5338983050847458
Dipole fitting (grid),-10,-5,case_weighted,186,4,0.5450813387205601,0.5490459474687495,1.6503981037490683,8.056318933089416,10.701784661878282,1.9999999564837074,1.9999999564837074,0.08064516129032258,1.9999999564837074,1.39247311827957,8.056318933089416,10.701784661878282,204.53388576732056,204.53388576732056,0.1271186440677966,1.0,0.5635593220338984
Dipole fitting (grid),-10,0,case_weighted,186,4,0.5552746661214465,0.5590326103788509,1.5673444711869273,7.614246293064705,11.34649678323136,2.1052630729978943,2.1052630729978943,0.09863595814165592,2.1052630729978943,1.5053763440860215,7.614246293064705,11.34649678323136,196.68544128947812,196.68544128947812,0.16101694915254236,1.0,0.5805084745762712
Dipole fitting (grid),-10,5,case_weighted,186,4,0.5641880721026724,0.5626113951905791,1.542986585099554,8.553286597285004,10.531264219620905,1.7656853760924103,1.7656853760924103,0.11935090384126258,1.7656853760924103,1.6666666666666667,8.553286597285004,10.531264219620905,184.82075878844157,184.82075878844157,0.2033898305084746,1.0,0.6016949152542372
Dipole fitting (grid),-10,10,case_weighted,186,4,0.569939001753347,0.5623280835951602,1.527116712744379,5.932013180073295,10.731563558354988,1.6129031543972112,1.6129031543972112,0.14838566688424043,1.6129031543972112,1.6129032258064515,5.932013180073295,10.731563558354988,172.9706163498512,172.9706163498512,0.2627118644067797,0.9852941176470589,0.6240029910269193
Dipole fitting (grid),-10,15,case_weighted,186,4,0.5693138245189202,0.5628536229178007,1.5226560765183803,7.399181302630295,10.895971600826153,1.3793103560586455,1.3793103560586455,0.13098613019803054,1.3793103560586455,1.6881720430107527,7.399181302630295,10.895971600826153,176.85246572486767,176.85246572486767,0.2457627118644068,1.0,0.6228813559322034
Dipole fitting (grid),-10,20,case_weighted,186,4,0.5693847890316367,0.5631814125680003,1.5260853340271099,7.065632056924243,11.090986562708839,1.379310316431234,1.379310316431234,0.1321577242606918,1.379310316431234,1.6989247311827957,7.065632056924243,11.090986562708839,176.85246571512874,176.85246571512874,0.2457627118644068,1.0,0.6228813559322034
Dipole fitting (grid),-5,-10,case_weighted,186,4,0.5342805035023713,0.5381229983641147,1.7038797692515257,7.070851813436056,11.828151570835706,1.999999958825289,1.999999958825289,0.053763440860215055,1.999999958825289,1.2741935483870968,7.070851813436056,11.828151570835706,214.36562779717124,214.36562779717124,0.0847457627118644,1.0,0.5423728813559322
Dipole fitting (grid),-5,-5,case_weighted,186,4,0.5567313746272017,0.5608548282349601,1.5966739004226385,5.7908797642558,8.844289808532261,0.5882352587855032,0.5882352587855032,0.08947978805742637,0.5882352587855032,1.435483870967742,5.7908797642558,8.844289808532261,200.39779912613022,200.39779912613022,0.1440677966101695,1.0,0.5720338983050848
Dipole fitting (grid),-5,0,case_weighted,186,4,0.5635500577137117,0.5635271182366965,1.5377437507488934,5.073918380157269,9.148152241360998,0.4761904475882643,0.4761904475882643,0.10950009360678413,0.4761904475882643,1.521505376344086,5.073918380157269,9.148152241360998,192.46460889371406,192.46460889371406,0.17796610169491525,1.0,0.5889830508474576
Dipole fitting (grid),-5,5,case_weighted,186,4,0.5665481925876824,0.5643080569098056,1.5361474195113067,6.354497727038375,9.31878888927078,1.3656853886141875,1.3656853886141875,0.12318358094958097,1.3656853886141875,1.618279569892473,6.354497727038375,9.31878888927078,184.73601302838262,184.73601302838262,0.2033898305084746,1.0,0.6016949152542372
Dipole fitting (grid),-5,10,case_weighted,186,4,0.5693289000853152,0.563894780338446,1.5213347220838953,6.894528409349426,10.238197038445024,1.2193619816415648,1.2193619816415648,0.1259035192169893,1.2193619816415648,1.7795698924731183,6.894528409349426,10.238197038445024,178.78612036060107,178.78612036060107,0.2288135593220339,1.0,0.614406779661017
Dipole fitting (grid),-5,15,case_weighted,186,4,0.571655749246075,0.562767445965681,1.5233548304582183,6.507646080631748,10.000422021087099,1.2903225540808316,1.2903225540808316,0.1365478652361862,1.2903225540808316,1.7150537634408602,6.507646080631748,10.000422021087099,172.88587059892063,172.88587059892063,0.2627118644067797,1.0,0.6313559322033898
Dipole fitting (grid),-5,20,case_weighted,186,4,0.566954342599185,0.5621778796101602,1.533045131885882,7.086163200331405,12.121300142765572,1.428571370962857,1.428571370962857,0.12745236649635805,1.428571370962857,1.6344086021505377,7.086163200331405,12.121300142765572,178.83576326654173,178.83576326654173,0.23728813559322035,1.0,0.6186440677966102
Dipole fitting (grid),0,-10,case_weighted,186,4,0.5571352624984147,0.5591139567161487,1.607964818035655,3.598705410757495,9.836970367383953,0.5555555221863085,0.5555555221863085,0.0925347072298257,0.5555555221863085,1.3225806451612903,3.598705410757495,9.836970367383953,198.41450156802617,198.41450156802617,0.15254237288135594,1.0,0.576271186440678
Dipole fitting (grid),0,-5,case_weighted,186,4,0.5591603184649192,0.5599310979589209,1.5712346652240539,4.644188310852816,9.374200296900241,1.6258159583959364,1.6258159583959364,0.10817198831250774,1.6258159583959364,1.446236559139785,4.644188310852816,9.374200296900241,192.6692032642815,192.6692032642815,0.1694915254237288,1.0,0.5847457627118644
Dipole fitting (grid),0,0,case_weighted,186,4,0.5690439252348133,0.5657097299295692,1.5104918160238974,4.55940499891976,8.126120271395568,0.8000000438838794,0.8000000438838794,0.12264351637450653,0.8000000438838794,1.5591397849462365,4.55940499891976,8.126120271395568,184.6161644383974,184.6161644383974,0.211864406779661,1.0,0.6059322033898304
Dipole fitting (grid),0,5,case_weighted,186,4,0.5716819094237343,0.566014954487661,1.5080473041654665,5.363739148539349,8.863122134674523,1.3793103560586453,1.3793103560586453,0.13772654862668202,1.3793103560586453,1.6612903225806452,5.363739148539349,8.863122134674523,176.85246572486767,176.85246572486767,0.2457627118644068,1.0,0.6228813559322034
Dipole fitting (grid),0,10,case_weighted,186,4,0.576056164993528,0.5663111844212987,1.490118041872118,4.92963910864891,8.971699410558658,0.7787785622928268,0.7787785622928268,0.13783082820531894,0.7787785622928268,1.7258064516129032,4.92963910864891,8.971699410558658,172.75148192311195,172.75148192311195,0.2542372881355932,1.0,0.6271186440677966
Dipole fitting (grid),0,15,case_weighted,186,4,0.5744245974669656,0.5642474315353992,1.5001981582673904,6.198212905842794,9.930718232238062,0.6451612515711969,0.6451612515711969,0.14143147317703542,0.6451612515711969,1.7688172043010753,6.198212905842794,9.930718232238062,172.71637907029523,172.71637907029523,0.2627118644067797,1.0,0.6313559322033898
Dipole fitting (grid),0,20,case_weighted,186,4,0.5698527601449037,0.5625545526281697,1.5201426453879587,5.343495348366087,10.24630482825765,1.333333305883526,1.333333305883526,0.13603207316695473,1.333333305883526,1.6129032258064515,5.343495348366087,10.24630482825765,174.86916815702472,174.86916815702472,0.2542372881355932,1.0,0.6271186440677966
Dipole fitting (grid),5,-10,case_weighted,186,4,0.5664361432728612,0.5607525236643587,1.5714399991577521,4.612699482183401,9.72347280470294,0.8941532086914636,0.8941532086914636,0.1265025753963206,0.8941532086914636,1.4838709677419355,4.612699482183401,9.72347280470294,180.68467216572805,180.68467216572805,0.22033898305084745,0.9852941176470589,0.6028165503489532
Dipole fitting (grid),5,-5,case_weighted,186,4,0.5700513459835624,0.5636585404866579,1.5270724232650985,4.102947891214234,9.012599570785687,2.0137551193099,2.0137551193099,0.14262884253794775,2.0137551193099,1.5,4.102947891214234,9.012599570785687,173.07592491690457,173.07592491690457,0.23728813559322035,0.9852941176470589,0.6112911266201396
Dipole fitting (grid),5,0,case_weighted,186,4,0.5781288172258165,0.5666159898253514,1.4898055852983088,4.31840628066713,8.34869729389548,1.5039482384183556,1.5039482384183556,0.1598347565172568,1.5039482384183556,1.6344086021505377,4.31840628066713,8.34869729389548,163.0892314304899,163.0892314304899,0.2966101694915254,1.0,0.6483050847457628
Dipole fitting (grid),5,5,case_weighted,186,4,0.578179067530814,0.567779204904491,1.4798757549774209,5.066157468611449,7.761770753982364,1.4285713653232441,1.4285713653232441,0.1552935489075609,1.4285713653232441,1.7526881720430108,5.066157468611449,7.761770753982364,165.03742611743505,165.03742611743505,0.2966101694915254,0.9852941176470589,0.6409521435692922
Dipole fitting (grid),5,10,case_weighted,186,4,0.5728847934352205,0.5662617795676835,1.5006948107635096,5.2429189437412225,8.695374591100157,1.177314962958928,1.177314962958928,0.12855648257541374,1.177314962958928,1.8118279569892473,5.2429189437412225,8.695374591100157,176.8028227892754,176.8028227892754,0.23728813559322035,1.0,0.6186440677966102
Dipole fitting (grid),5,15,case_weighted,186,4,0.575193881336301,0.5662558310168248,1.4995627752726155,5.956027640138052,9.015505134564256,1.1013591959678661,1.1013591959678661,0.1319326609068734,1.1013591959678661,1.8709677419354838,5.956027640138052,9.015505134564256,172.83622768280622,172.83622768280622,0.2542372881355932,1.0,0.6271186440677966
Dipole fitting (grid),5,20,case_weighted,186,4,0.5692147533007386,0.5644772963189282,1.5231877890719274,5.922572578838064,9.613925146461762,1.264523551092891,1.2645235510928907,0.11929893737059913,1.2645235510928907,1.7150537634408602,5.922572578838064,9.613925146461762,180.76941792204025,180.76941792204025,0.22033898305084745,1.0,0.6101694915254238
Dipole fitting (grid),10,-10,case_weighted,186,4,0.5747538202470814,0.5618353031536911,1.5580538730697615,5.1856903816412565,9.262606202762967,2.26369925647518,2.26369925647518,0.15651237696078577,2.26369925647518,1.575268817204301,5.1856903816412565,9.262606202762967,157.42867887837667,157.42867887837667,0.3135593220338983,0.9852941176470589,0.6494267198404786
Dipole fitting (grid),10,-5,case_weighted,186,4,0.5850954332124662,0.5644017344581272,1.519070015580833,4.500181041728687,8.909232498628223,2.1792852878860702,2.17928528788607,0.17809757898338494,2.17928528788607,1.6559139784946237,4.500181041728687,8.909232498628223,141.68214703666388,141.68214703666388,0.3728813559322034,0.9852941176470589,0.6790877367896311
Dipole fitting (grid),10,0,case_weighted,186,4,0.5879268505651176,0.5667117526953428,1.4878345319480641,4.670875708866067,8.572698820578896,0.3535533884515441,0.35355338845154416,0.15659770890195446,0.35355338845154416,1.6935483870967742,4.670875708866067,8.572698820578896,154.81705813837033,154.81705813837033,0.3305084745762712,0.9852941176470589,0.657901296111665
Dipole fitting (grid),10,5,case_weighted,186,4,0.5847130720371976,0.5682593456266818,1.4623946571802793,4.261959067904182,8.81078774707644,1.3205399078880888,1.3205399078880888,0.16576460136764276,1.3205399078880888,1.7258064516129032,4.261959067904182,8.81078774707644,153.17274363692175,153.17274363692175,0.3389830508474576,0.9852941176470589,0.6621385842472582
Dipole fitting (grid),10,10,case_weighted,186,4,0.5847655467909693,0.5678951460263617,1.4699863674874456,4.272060368294309,8.369923419795331,1.1318496221513636,1.1318496221513636,0.16084435392112173,1.1318496221513636,1.7473118279569892,4.272060368294309,8.369923419795331,157.05459298228658,157.05459298228658,0.3220338983050847,0.9852941176470589,0.6536640079760718
Dipole fitting (grid),10,15,case_weighted,186,4,0.5760510055278542,0.5670986697329847,1.4959845623112,4.67734969384115,8.666668327756522,0.9677419398968186,0.9677419398968186,0.1345309957451933,0.9677419398968186,1.8172043010752688,4.67734969384115,8.666668327756522,172.80112484434687,172.80112484434687,0.2627118644067797,1.0,0.6313559322033898
Dipole fitting (grid),10,20,case_weighted,186,4,0.5724555116499485,0.5659611354974766,1.5006326010482105,5.287534000264246,8.76743958184742,1.8749999726377444,1.8749999726377444,0.137823125672616,1.8749999726377444,1.8172043010752688,5.287534000264246,8.76743958184742,171.07206456579885,171.07206456579885,0.2711864406779661,1.0,0.635593220338983
Dipole fitting (grid),15,-10,case_weighted,186,4,0.5810252623364515,0.5621424334791847,1.544242151281716,6.669186482851295,10.282634354954476,1.603553377509251,1.603553377509251,0.15655968657342104,1.603553377509251,1.6021505376344085,6.669186482851295,10.282634354954476,155.2407869482204,155.2407869482204,0.3220338983050847,1.0,0.6610169491525424
Dipole fitting (grid),15,-5,case_weighted,186,4,0.5886827989939675,0.5629549776680238,1.5307919063028985,5.66469075160892,9.618833480275585,1.8315696824993914,1.831569682499392,0.18137348791546096,1.831569682499392,1.6451612903225807,5.66469075160892,9.618833480275585,137.6080985807255,137.6080985807255,0.3813559322033898,0.9852941176470589,0.6833250249252243
Dipole fitting (grid),15,0,case_weighted,186,4,0.5907710679154331,0.5642625514138339,1.5076388950528843,5.331369543874931,9.457541946373107,1.0273249066609709,1.0273249066609709,0.18411208095343984,1.0273249066609709,1.6827956989247312,5.331369543874931,9.457541946373107,141.22331535939628,141.22331535939628,0.3813559322033898,0.9852941176470589,0.6833250249252243
Dipole fitting (grid),15,5,case_weighted,186,4,0.5895272316884391,0.5665142614103467,1.476491697131966,4.1335577376206425,8.43869185686129,1.452856816399829,1.452856816399829,0.1811955182478169,1.452856816399829,1.8064516129032258,4.1335577376206425,8.43869185686129,141.39280688276682,141.39280688276682,0.3813559322033898,1.0,0.6906779661016949
Dipole fitting (grid),15,10,case_weighted,186,4,0.5837373307958534,0.5672971593260768,1.474879664135364,4.466409142053721,8.588160462170107,1.6419636127653956,1.6419636127653956,0.1589806270055994,1.6419636127653956,1.8225806451612903,4.466409142053721,8.588160462170107,153.28442475471812,153.28442475471812,0.3389830508474576,1.0,0.6694915254237288
Dipole fitting (grid),15,15,case_weighted,186,4,0.5854443678880756,0.5686650845394657,1.4710645081634643,4.143461747115083,8.571372061471292,1.353553395311292,1.353553395311292,0.15882606101105098,1.353553395311292,1.7795698924731183,4.143461747115083,8.571372061471292,155.1560411915431,155.1560411915431,0.3305084745762712,1.0,0.6652542372881356
Dipole fitting (grid),15,20,case_weighted,186,4,0.5829804675151181,0.5697250660942887,1.4553579726920614,3.801431354849,8.061104664517492,0.5882352587855032,0.5882352587855032,0.1378343424227033,0.5882352587855032,1.7419354838709677,3.801431354849,8.061104664517492,166.76648639598312,166.76648639598312,0.288135593220339,1.0,0.6440677966101696
Dipole fitting (grid),20,-10,case_weighted,186,4,0.5837961489094657,0.5620954394135438,1.5541041786979537,6.3796243756348865,10.432840418380305,2.6489117884535545,2.6489117884535545,0.1711639798524827,2.6489117884535545,1.7258064516129032,6.3796243756348865,10.432840418380305,139.90835250665413,139.90835250665413,0.3644067796610169,1.0,0.6822033898305084
Dipole fitting (grid),20,-5,case_weighted,186,4,0.5875458218975007,0.5629952407246853,1.5313023052351036,6.359020209024218,9.602598981517161,1.8493894811076887,1.8493894811076887,0.1775026254545887,1.8493894811076887,1.8494623655913978,6.359020209024218,9.602598981517161,141.55074785938777,141.55074785938777,0.3644067796610169,1.0,0.6822033898305084
Dipole fitting (grid),20,0,case_weighted,186,4,0.5839751658759815,0.562900160535587,1.5377014770834163,5.491135140300191,10.145937875464266,2.1792852827480593,2.1792852827480593,0.17599581688309018,2.1792852827480593,1.8440860215053763,5.491135140300191,10.145937875464266,141.68214703461737,141.68214703461737,0.3728813559322034,0.9852941176470589,0.6790877367896311
Dipole fitting (grid),20,5,case_weighted,186,4,0.5911063607896916,0.5648287114202333,1.5091638428629737,4.714436959277493,9.250001088433786,1.027324890265032,1.027324890265032,0.17341127312400884,1.027324890265032,1.8064516129032258,4.714436959277493,9.250001088433786,141.22331535286568,141.22331535286568,0.3813559322033898,0.9852941176470589,0.6833250249252243
Dipole fitting (grid),20,10,case_weighted,186,4,0.590806201029321,0.5677139694717049,1.4611414482588136,4.083621574845802,8.40002306298549,0.5486849028854794,0.5486849028854794,0.17667473485164203,0.5486849028854794,1.8387096774193548,4.083621574845802,8.40002306298549,146.96861367026685,146.96861367026685,0.3644067796610169,0.9852941176470589,0.6748504486540379
Dipole fitting (grid),20,15,case_weighted,186,4,0.583680067103843,0.5686529950927022,1.4608922561142612,3.993584842284483,8.624070516416074,1.707106786639748,1.707106786639748,0.1616913654865725,1.707106786639748,1.8387096774193548,3.993584842284483,8.624070516416074,155.27588979877314,155.27588979877314,0.3220338983050847,0.9852941176470589,0.6536640079760718
Dipole fitting (grid),20,20,case_weighted,186,4,0.5792949129740355,0.5670375541831809,1.4807047488902716,4.249269492737782,8.50735953500153,1.6190075407820217,1.6190075407820217,0.14080886278075913,1.6190075407820217,1.7903225806451613,4.249269492737782,8.50735953500153,163.1243342684991,163.1243342684991,0.288135593220339,1.0,0.6440677966101696
LCMV,-10,-10,case_weighted,186,4,0.7220228564438823,0.6786663391616327,1.9614586780933818,56.75031108259639,61.70306028538338,22.82077035985448,18.301740769330316,0.0,nan,1436.8333333333333,56.75031108259639,61.70306028538338,22.82077035985448,18.301740769330316,0.0,1.0,0.5
LCMV,-10,-5,case_weighted,186,4,0.7322888453136323,0.6956205494678592,1.9565206906567987,54.89740951201062,55.89771336911857,22.0006596700106,17.4563073725004,0.0,nan,1055.967741935484,54.89740951201062,55.89771336911857,22.0006596700106,17.4563073725004,0.0,1.0,0.5
LCMV,-10,0,case_weighted,186,4,0.7383043420702207,0.7021749340727083,1.9522282724155728,53.55672656678924,54.15083733877054,20.96472466737665,15.527158033417892,0.0,nan,771.3118279569892,53.55672656678924,54.15083733877054,20.96472466737665,15.527158033417892,0.0,1.0,0.5
LCMV,-10,5,case_weighted,186,4,0.7426014129614581,0.7047304447520633,1.9447427066050427,52.597025555036346,51.76493441230339,19.271475059409802,12.13030555728867,0.0,nan,540.7204301075269,52.597025555036346,51.76493441230339,19.271475059409802,12.13030555728867,0.0,1.0,0.5
LCMV,-10,10,case_weighted,186,4,0.753057573038955,0.7104719394896389,1.9270937050482955,52.37930612456617,50.92844254673669,17.10619954075417,8.654607479323344,0.0,nan,427.7903225806452,52.37930612456617,50.92844254673669,17.10619954075417,8.654607479323344,0.0,1.0,0.5
LCMV,-10,15,case_weighted,186,4,0.759916130405253,0.7113784666445717,1.9003580813116678,52.16090240306285,51.73734351655619,14.493217382673876,6.880289358163423,0.08064516129032258,0.9428090358707845,370.3494623655914,52.16090240306285,51.73734351655619,14.493217382673876,6.880289358163423,0.11864406779661017,1.0,0.559322033898305
LCMV,-10,20,case_weighted,186,4,0.7684803697388287,0.7153452544078659,1.8472469045801916,52.09230515459178,50.90991657458202,11.552886403344958,4.798664337623464,0.5549932746295938,3.167934620972208,331.60752688172045,52.09230515459178,50.90991657458202,11.552886403344958,4.798664337623464,0.7627118644067796,0.5588235294117647,0.6607676969092722
LCMV,-5,-10,case_weighted,186,4,0.7440867389331511,0.6947977609993733,1.955848495686913,57.497843536218355,59.41254138943348,22.913367437891306,19.192134469959107,0.0,nan,1542.4354838709678,57.497843536218355,59.41254138943348,22.913367437891306,19.192134469959107,0.0,1.0,0.5
LCMV,-5,-5,case_weighted,186,4,0.743078316795259,0.6945559614216577,1.9526140748020377,55.92204735163045,55.29226190159013,22.049629089263075,16.577746497260094,0.0,nan,1257.274193548387,55.92204735163045,55.29226190159013,22.049629089263075,16.577746497260094,0.0,1.0,0.5
LCMV,-5,0,case_weighted,186,4,0.7484067077113747,0.7015368670750954,1.9484268436551286,54.22637525998995,51.42074219155385,20.847491127039955,14.395923874536233,0.0,nan,1001.6505376344086,54.22637525998995,51.42074219155385,20.847491127039955,14.395923874536233,0.0,1.0,0.5
LCMV,-5,5,case_weighted,186,4,0.753358796094094,0.7096655018086179,1.9417574443575045,53.1922582969875,51.634645719126425,19.035062448750473,12.039572772029517,0.0,nan,732.0913978494624,53.1922582969875,51.634645719126425,19.035062448750473,12.039572772029517,0.0,1.0,0.5
LCMV,-5,10,case_weighted,186,4,0.7587952840961854,0.7147812725409095,1.9272356648236626,52.37650285082437,50.969509992478926,17.361622865050826,9.93794263626549,0.0,nan,522.6397849462365,52.37650285082437,50.969509992478926,17.361622865050826,9.93794263626549,0.0,1.0,0.5
LCMV,-5,15,case_weighted,186,4,0.7641538081012248,0.7132766515437007,1.8997138106103184,52.387659641626115,49.914409981246436,14.630054183238942,5.600047068731908,0.06451612903225806,1.178511260591817,433.0376344086022,52.387659641626115,49.914409981246436,14.630054183238942,5.600047068731908,0.09322033898305085,1.0,0.5466101694915254
LCMV,-5,20,case_weighted,186,4,0.7677181254668248,0.7128067153296761,1.8462516282794688,52.209276865366505,49.36837020022015,11.494187983701169,3.4206437708136814,0.5570278438362758,2.4216859977169922,358.005376344086,52.209276865366505,49.36837020022015,11.494187983701169,3.4206437708136814,0.7966101694915254,0.5882352941176471,0.6924227318045862
LCMV,0,-10,case_weighted,186,4,0.754018251367085,0.7014288413472322,1.9504148393401333,57.19894606836336,54.41165766600474,22.29681884755047,15.598520276427507,0.0,nan,1435.3440860215053,57.19894606836336,54.41165766600474,22.29681884755047,15.598520276427507,0.0,1.0,0.5
LCMV,0,-5,case_weighted,186,4,0.7530518135351228,0.6982833994071679,1.9482337110458203,56.55186609718897,52.50894775453192,21.844622342303378,15.681659061031956,0.0,nan,1350.516129032258,56.55186609718897,52.50894775453192,21.844622342303378,15.681659061031956,0.0,1.0,0.5
LCMV,0,0,case_weighted,186,4,0.7625770199569375,0.7062136667029729,1.944493356137777,54.85760635605814,50.76143317112579,20.541859229814808,12.736217887637206,0.0,nan,1167.784946236559,54.85760635605814,50.76143317112579,20.541859229814808,12.736217887637206,0.0,1.0,0.5
LCMV,0,5,case_weighted,186,4,0.7609899378629086,0.706547405767336,1.937756895614799,53.72857979682698,47.77129232577587,19.2104865831874,11.026937911997166,0.0,nan,900.7849462365591,53.72857979682698,47.77129232577587,19.2104865831874,11.026937911997166,0.0,1.0,0.5
LCMV,0,10,case_weighted,186,4,0.7658332482332153,0.7134402529727653,1.9218537701211271,52.83940261839429,50.36855716533738,17.01464702253509,8.858979183096066,0.0,nan,716.0752688172043,52.83940261839429,50.36855716533738,17.01464702253509,8.858979183096066,0.0,1.0,0.5
LCMV,0,15,case_weighted,186,4,0.7671193902800435,0.7123643908769489,1.893624218945077,52.309734192132346,50.95710394436848,14.445497437316188,5.82058321003467,0.062137389273031036,0.8333333490749443,530.3602150537635,52.309734192132346,50.95710394436848,14.445497437316188,5.82058321003467,0.1016949152542373,1.0,0.5508474576271186
LCMV,0,20,case_weighted,186,4,0.7698076287448549,0.7141695651689494,1.8462054238166365,52.198317657270145,49.75991826017891,11.322961375969754,3.876670875648026,0.5610067069411032,2.0872201919547324,411.1774193548387,52.198317657270145,49.75991826017891,11.322961375969754,3.876670875648026,0.7796610169491526,0.6029411764705882,0.6913010967098704
LCMV,5,-10,case_weighted,186,4,0.7568929976310463,0.7039372651928558,1.946108564594906,56.69524011329094,52.114049823533115,21.48535728074218,12.710355893139907,0.0,nan,1211.1236559139784,56.69524011329094,52.114049823533115,21.48535728074218,12.710355893139907,0.0,1.0,0.5
LCMV,5,-5,case_weighted,186,4,0.7635886588595224,0.7049401761615063,1.9452194877810463,55.96175225542669,50.88928379818686,21.36986836043439,14.376570984491373,0.0,nan,1241.3387096774193,55.96175225542669,50.88928379818686,21.36986836043439,14.376570984491373,0.0,1.0,0.5
LCMV,5,0,case_weighted,186,4,0.7676363269787705,0.7059577000444793,1.941038405788128,54.928952882434714,49.23427119908066,20.08468001042585,11.5941591551394,0.0,nan,1147.8763440860216,54.928952882434714,49.23427119908066,20.08468001042585,11.5941591551394,0.0,1.0,0.5
LCMV,5,5,case_weighted,186,4,0.7662438393029346,0.701301990760353,1.9348783303524935,53.821173329176645,49.28418601363548,18.544775237201506,9.255912190316169,0.0,nan,1025.263440860215,53.821173329176645,49.28418601363548,18.544775237201506,9.255912190316169,0.0,1.0,0.5
LCMV,5,10,case_weighted,186,4,0.7697242532700337,0.7095869056497001,1.9195623095303802,53.06447102154075,48.83536896592557,16.642388325678546,6.021366645015058,0.0,nan,880.4677419354839,53.06447102154075,48.83536896592557,16.642388325678546,6.021366645015058,0.0,1.0,0.5
LCMV,5,15,case_weighted,186,4,0.7709061684677113,0.7115358605057506,1.890252258762625,52.427812508488636,49.872613950334916,14.07633887300844,4.851071542525908,0.0967741935483871,0.7856741737278781,664.6720430107526,52.427812508488636,49.872613950334916,14.07633887300844,4.851071542525908,0.1440677966101695,1.0,0.5720338983050848
LCMV,5,20,case_weighted,186,4,0.7704347901664063,0.7112063584146503,1.839350574377536,52.24048133608725,50.317671019376874,11.21187440784602,3.402720614286032,0.623652411065687,2.0495769452926864,500.8225806451613,52.24048133608725,50.317671019376874,11.21187440784602,3.402720614286032,0.8389830508474576,0.5294117647058824,0.6841974077766699
LCMV,10,-10,case_weighted,186,4,0.7708539802199291,0.7094738258010577,1.940142249356025,55.406708735024004,49.91737371752815,19.723630752566297,8.650766653248809,0.0,nan,980.3172043010753,55.406708735024004,49.91737371752815,19.723630752566297,8.650766653248809,0.0,1.0,0.5
LCMV,10,-5,case_weighted,186,4,0.7698651634992119,0.7058419367708892,1.9398670359731771,54.696901326451865,48.790116443686756,19.60959233513915,8.062029789969987,0.0,nan,1008.4139784946236,54.696901326451865,48.790116443686756,19.60959233513915,8.062029789969987,0.0,1.0,0.5
LCMV,10,0,case_weighted,186,4,0.7705101526502885,0.703531698330637,1.933769918111313,54.15453063330703,48.85201079034902,18.490854329847153,6.650980327608944,0.0,nan,1005.8118279569892,54.15453063330703,48.85201079034902,18.490854329847153,6.650980327608944,0.0,1.0,0.5
LCMV,10,5,case_weighted,186,4,0.7730694125972312,0.7028505713579498,1.9246574830151366,53.44276829309788,47.70466751354409,17.317889326633118,6.069576640220166,0.0,nan,968.9354838709677,53.44276829309788,47.70466751354409,17.317889326633118,6.069576640220166,0.0,1.0,0.5
LCMV,10,10,case_weighted,186,4,0.7722889360863757,0.7027594988889726,1.906152183993853,52.6553380553904,47.25691494928602,15.485940505412982,4.302285131372329,0.0,nan,914.9462365591398,52.6553380553904,47.25691494928602,15.485940505412982,4.302285131372329,0.0,1.0,0.5
LCMV,10,15,case_weighted,186,4,0.7761332283596877,0.7099798568252452,1.880658942672943,52.41789755900887,49.03219754853096,13.533899731754827,2.835878616226018,0.15053763440860216,0.0,803.2849462365591,52.41789755900887,49.03219754853096,13.533899731754827,2.835878616226018,0.23728813559322035,1.0,0.6186440677966102
LCMV,10,20,case_weighted,186,4,0.7738945832934747,0.7103063485976694,1.8326702659066267,52.03190654436039,49.26217642565197,10.611685619935953,2.025380927652697,0.600906288959536,1.1131327436265275,620.4139784946236,52.03190654436039,49.26217642565197,10.611685619935953,2.025380927652697,0.8305084745762712,0.5588235294117647,0.694666001994018
LCMV,15,-10,case_weighted,186,4,0.7765955885162868,0.7143453258642418,1.926060684585334,53.54507120402555,48.374683763227985,17.13999938392101,4.2702155203843395,0.010752688172043012,0.0,818.752688172043,53.54507120402555,48.374683763227985,17.13999938392101,4.2702155203843395,0.01694915254237288,1.0,0.5084745762711864
LCMV,15,-5,case_weighted,186,4,0.7752620433569067,0.7092678612224295,1.9223610662020907,54.07619992245983,49.210400837612134,16.534699530285064,3.960218931708375,0.016129032258064516,0.0,840.010752688172,54.07619992245983,49.210400837612134,16.534699530285064,3.960218931708375,0.025423728813559324,1.0,0.5127118644067796
LCMV,15,0,case_weighted,186,4,0.7747949770111685,0.7072707435094657,1.9191505683174261,53.89733654310604,47.6223474646794,15.9968083348504,4.200566823963673,0.015954977292471813,0.0,906.0591397849462,53.89733654310604,47.6223474646794,15.9968083348504,4.200566823963673,0.025423728813559324,1.0,0.5127118644067796
LCMV,15,5,case_weighted,186,4,0.7747221162330665,0.7050759247243162,1.9083288447947886,53.15354345384054,47.40705494619146,15.184716587666694,3.8234016926634298,0.02400932995573698,0.0,870.3494623655914,53.15354345384054,47.40705494619146,15.184716587666694,3.8234016926634298,0.0423728813559322,1.0,0.521186440677966
LCMV,15,10,case_weighted,186,4,0.7798184277771376,0.7054940110921954,1.8920361620858583,53.09468025549271,46.43435422994983,13.703115369935308,2.2033276554426524,0.04241762772429391,0.0,904.8548387096774,53.09468025549271,46.43435422994983,13.703115369935308,2.2033276554426524,0.06779661016949153,1.0,0.5338983050847458
LCMV,15,15,case_weighted,186,4,0.7769595372376373,0.7062713252248103,1.861654864270057,52.47525063925493,47.70770005231387,11.865583506592097,1.478544709172901,0.26064160910565043,0.5029611548141173,841.8817204301075,52.47525063925493,47.70770005231387,11.865583506592097,1.478544709172901,0.3983050847457627,0.9558823529411765,0.6770937188434696
LCMV,15,20,case_weighted,186,4,0.7801714688443605,0.7126247583222688,1.8218305362173293,51.906759426427584,49.15860877215301,9.479660572539487,1.0674367867146903,0.6128537531880734,0.5828427134693807,731.9301075268817,51.906759426427584,49.15860877215301,9.479660572539487,1.0674367867146903,0.8305084745762712,0.5588235294117647,0.694666001994018
LCMV,20,-10,case_weighted,186,4,0.7787863566049444,0.7142421292283744,1.8920597475561658,52.899644779671775,48.01175500136698,12.767818747142623,1.254501616475183,0.19378994972076435,1.161635202036041,744.3172043010753,52.899644779671775,48.01175500136698,12.767818747142623,1.254501616475183,0.3135593220338983,0.9705882352941176,0.6420737786640079
LCMV,20,-5,case_weighted,186,4,0.7781887585764747,0.709725945660378,1.888279915586651,52.54207246790336,47.44594163571439,12.613951639203735,1.289047428644012,0.20496675407357384,0.9571068029583584,736.4462365591398,52.54207246790336,47.44594163571439,12.613951639203735,1.289047428644012,0.3220338983050847,0.9558823529411765,0.6389581256231306
LCMV,20,0,case_weighted,186,4,0.7777755424799174,0.7079007784303671,1.8876114567210276,53.309257074300184,48.06096400882406,12.499952260667063,1.402523446781211,0.20072173274927088,0.8754394135595146,804.3010752688172,53.309257074300184,48.06096400882406,12.499952260667063,1.402523446781211,0.3220338983050847,0.9558823529411765,0.6389581256231306
LCMV,20,5,case_weighted,186,4,0.7791728463055076,0.7078723742155977,1.8787874031337333,52.7556118434507,48.44138319016641,11.871731995531727,0.8680204169226036,0.23120079475053076,0.5364919240060572,806.3010752688172,52.7556118434507,48.44138319016641,11.871731995531727,0.8680204169226036,0.3728813559322034,0.9411764705882353,0.6570289132602194
LCMV,20,10,case_weighted,186,4,0.781368356766511,0.707428053512861,1.863749677302688,52.549902819992134,48.76790746684755,10.86247120890027,1.089918725918153,0.2651610737786311,0.5656854231765176,840.0806451612904,52.549902819992134,48.76790746684755,10.86247120890027,1.089918725918153,0.4067796610169492,0.9411764705882353,0.6739780658025922
LCMV,20,15,case_weighted,186,4,0.779685707413864,0.7066668720420515,1.835213614347806,52.175440828933034,47.03541050562575,9.460131811831141,0.6407184743296696,0.42188347840821844,0.35481180450487576,803.752688172043,52.175440828933034,47.03541050562575,9.460131811831141,0.6407184743296696,0.6440677966101694,0.9117647058823529,0.7779162512462612
LCMV,20,20,case_weighted,186,4,0.7780946915151585,0.7061708926573377,1.792025953706846,51.94844791376488,49.25202927179063,7.547373959709139,0.47122694934744885,0.6831524588930385,0.21364722200540057,759.5752688172043,51.94844791376488,49.25202927179063,7.547373959709139,0.47122694934744885,0.9491525423728814,0.5294117647058824,0.7392821535393819
MNE,-10,-10,case_weighted,186,4,0.5860048464626265,0.7142597815391342,1.9510954138124752,73.19976406786775,71.867798525645,24.321672536389084,22.955889982530604,0.23512324316156108,22.95553382930533,771.3655913978495,73.19976406786775,71.867798525645,24.321672536389084,22.955889982530604,0.2033898305084746,0.029411764705882353,0.11640079760717847
MNE,-10,-5,case_weighted,186,4,0.6446172189009278,0.7702967042256811,1.9360478132563395,71.28906317864026,74.86430724975443,23.833201811824857,22.458150720192123,0.20431520512012447,20.851094145143406,283.2096774193548,71.28906317864026,74.86430724975443,23.833201811824857,22.458150720192123,0.2627118644067797,0.014705882352941176,0.13870887337986043
MNE,-10,0,case_weighted,186,4,0.7070295057827823,0.8314937923452086,1.9158848676913374,67.81683665974933,73.40696573038683,23.53121708774697,20.937715659646386,0.19629694917561757,20.208715367278103,178.8279569892473,67.81683665974933,73.40696573038683,23.53121708774697,20.937715659646386,0.288135593220339,0.04411764705882353,0.16612662013958127
MNE,-10,5,case_weighted,186,4,0.7711848139445727,0.8873039307667374,1.8857762750666072,58.99160318864842,56.96649317594406,22.929633836658006,20.009194464434334,0.2222509327633165,20.282401959951347,186.77956989247312,58.99160318864842,56.96649317594406,22.929633836658006,20.009194464434334,0.2966101694915254,0.058823529411764705,0.17771684945164506
MNE,-10,10,case_weighted,186,4,0.8133665479613373,0.9177894338666741,1.8449828097864571,40.031034841913076,36.7040774927526,22.006620348578547,18.630452988384906,0.2730157657663122,19.059843460777895,273.13978494623655,40.031034841913076,36.7040774927526,22.006620348578547,18.630452988384906,0.288135593220339,0.1323529411764706,0.21024426719840478
MNE,-10,15,case_weighted,186,4,0.8341912551149322,0.9302547144230873,1.8113973437757718,25.15399211672127,20.906562714574562,21.346789085616535,19.93059884624292,0.2942507145158306,19.89403617722409,348.8494623655914,25.15399211672127,20.906562714574562,21.346789085616535,19.93059884624292,0.2796610169491525,0.11764705882352941,0.19865403788634095
MNE,-10,20,case_weighted,186,4,0.8448931643901352,0.9335126140305501,1.794072001895709,21.432207014638067,17.15374583905073,21.028860544469705,19.221063908566833,0.2977565441146766,19.221063908566833,347.1182795698925,21.432207014638067,17.15374583905073,21.028860544469705,19.221063908566833,0.2796610169491525,0.08823529411764706,0.1839481555333998
MNE,-5,-10,case_weighted,186,4,0.6212814974646348,0.7468236672383214,1.9347662932762644,71.58138005265145,69.01609426467206,24.109576088605543,22.586152421843966,0.23698785437240166,22.073200342013692,1439.2096774193549,71.58138005265145,69.01609426467206,24.109576088605543,22.586152421843966,0.211864406779661,0.04411764705882353,0.12799102691924227
MNE,-5,-5,case_weighted,186,4,0.6811318525859681,0.8126318719948751,1.915611181673309,67.34525059918617,59.015513541775256,23.66911986764835,21.82808826096033,0.24550988469594665,20.52602852398301,702.2849462365591,67.34525059918617,59.015513541775256,23.66911986764835,21.82808826096033,0.2627118644067797,0.029411764705882353,0.14606181455633102
MNE,-5,0,case_weighted,186,4,0.7370159078725248,0.862132401369261,1.8933077745319526,61.57816624927655,56.73701509782233,23.233406305235537,20.871693989741086,0.22241617474497935,20.318260459212837,291.2204301075269,61.57816624927655,56.73701509782233,23.233406305235537,20.871693989741086,0.23728813559322035,0.029411764705882353,0.13334995014955134
MNE,-5,5,case_weighted,186,4,0.7807873701481896,0.8970975095344756,1.8659866395032414,53.296299977961816,51.04340478172422,22.880947578603916,18.945890816092042,0.2197612070467738,18.12462132462379,202.55913978494624,53.296299977961816,51.04340478172422,22.880947578603916,18.945890816092042,0.3813559322033898,0.10294117647058823,0.242148554336989
MNE,-5,10,case_weighted,186,4,0.8167211035051447,0.9220614649968792,1.8333603655419957,39.9732890754093,34.66365746267628,22.03656234467099,19.019885466601924,0.25120226140199076,19.438032977941443,234.1236559139785,39.9732890754093,34.66365746267628,22.03656234467099,19.019885466601924,0.2542372881355932,0.19117647058823528,0.22270687936191425
MNE,-5,15,case_weighted,186,4,0.8358262772514263,0.9313803613191847,1.8061232684079251,26.409392824082396,22.65850800227026,21.535383644516198,20.08118923911138,0.2849928411992674,19.990858600238617,307.5483870967742,26.409392824082396,22.65850800227026,21.535383644516198,20.08118923911138,0.2627118644067797,0.16176470588235295,0.21223828514456633
MNE,-5,20,case_weighted,186,4,0.8470025697017325,0.9334178903926913,1.7913178904794562,21.072213013602614,17.693822463635076,20.971554173413725,18.42763589942478,0.2931030888614761,18.02580052389602,312.6182795698925,21.072213013602614,17.693822463635076,20.971554173413725,18.42763589942478,0.3135593220338983,0.16176470588235295,0.23766201395812564
MNE,0,-10,case_weighted,186,4,0.6552136792983078,0.7850587211863309,1.9123810218400488,68.58694304615388,60.028222298973965,23.48993190706356,20.55836535955182,0.2022634329534123,20.018338741332027,1428.8763440860216,68.58694304615388,60.028222298973965,23.48993190706356,20.55836535955182,0.2796610169491525,0.14705882352941177,0.21335992023928213
MNE,0,-5,case_weighted,186,4,0.7164503869870819,0.8482631601585906,1.8895640303012997,61.69758674859817,39.44232712312633,23.305008712788865,21.77050308804978,0.2461413903474777,19.715946181413365,1136.1505376344087,61.69758674859817,39.44232712312633,23.305008712788865,21.77050308804978,0.2966101694915254,0.11764705882352941,0.20712861415752742
MNE,0,0,case_weighted,186,4,0.7713246885688002,0.8869140631679878,1.8652728247842658,50.651831016983465,39.70737075532616,22.776607348684617,18.914129582455747,0.2531249569990893,18.031919375695345,507.2043010752688,50.651831016983465,39.70737075532616,22.776607348684617,18.914129582455747,0.3305084745762712,0.11764705882352941,0.22407776669990032
MNE,0,5,case_weighted,186,4,0.8070403774442294,0.9119007302313163,1.8369055043352724,41.110134772531175,33.62201006246748,22.329184789557267,18.48079951784856,0.2421396704922865,18.220137445208884,258.14516129032256,41.110134772531175,33.62201006246748,22.329184789557267,18.48079951784856,0.3135593220338983,0.14705882352941177,0.23030907278165502
MNE,0,10,case_weighted,186,4,0.830785250354856,0.9307361628567407,1.8112321400900637,33.0222060427108,27.56059591692574,21.643158959469506,17.82858922576194,0.24487726503278007,17.99918072331203,224.55913978494624,33.0222060427108,27.56059591692574,21.643158959469506,17.82858922576194,0.3135593220338983,0.2647058823529412,0.28913260219341974
MNE,0,15,case_weighted,186,4,0.8441193992459557,0.9340266329348764,1.7903535701588358,25.335590821332453,22.36121396051193,21.143748807012564,18.641068081143306,0.2731022530076043,18.34455944227802,264.4301075268817,25.335590821332453,22.36121396051193,21.143748807012564,18.641068081143306,0.3220338983050847,0.2647058823529412,0.29336989032901295
MNE,0,20,case_weighted,186,4,0.8500709677936652,0.9358608393705878,1.7814105157278994,20.62545239015675,17.599508633743078,20.986860912014087,18.13126694802348,0.28044548614927695,18.560477878219334,285.4731182795699,20.62545239015675,17.599508633743078,20.986860912014087,18.13126694802348,0.3050847457627119,0.19117647058823528,0.24813060817547358
MNE,5,-10,case_weighted,186,4,0.6824305876809774,0.8121441100952475,1.8835922828748706,60.937717134939476,44.83290800151983,23.157955937570463,20.053766027915852,0.18315631148477513,18.490183784365502,1019.241935483871,60.937717134939476,44.83290800151983,23.157955937570463,20.053766027915852,0.288135593220339,0.2647058823529412,0.2764207377866401
MNE,5,-5,case_weighted,186,4,0.7432181764243683,0.8684457237543255,1.8587757293060156,53.77940619230347,34.06380670847954,22.750581676494768,20.06511830001678,0.23294745218456755,19.511007459584338,1016.1827956989247,53.77940619230347,34.06380670847954,22.750581676494768,20.06511830001678,0.2796610169491525,0.29411764705882354,0.28688933200398803
MNE,5,0,case_weighted,186,4,0.7916442472869168,0.9059324634400094,1.8308242359963112,40.662242700601716,25.886956274970636,22.324371820148947,18.92387038827086,0.2676203038656846,17.86195493960944,727.1559139784946,40.662242700601716,25.886956274970636,22.324371820148947,18.92387038827086,0.3474576271186441,0.23529411764705882,0.29137587238285145
MNE,5,5,case_weighted,186,4,0.8318116646931564,0.9257027464521446,1.803261832276345,29.5013724254354,24.85173513043549,21.670508717696055,18.784805509853836,0.2787970879851615,18.49776790547834,361.60215053763443,29.5013724254354,24.85173513043549,21.670508717696055,18.784805509853836,0.3050847457627119,0.22058823529411764,0.26283649052841473
MNE,5,10,case_weighted,186,4,0.8483383049881471,0.9359146568517773,1.7823536554282338,24.75976771666181,21.883106537039822,21.287666456829403,17.854091082010136,0.2686893842850801,17.26993215337621,257.7741935483871,24.75976771666181,21.883106537039822,21.287666456829403,17.854091082010136,0.3050847457627119,0.27941176470588236,0.2922482552342971
MNE,5,15,case_weighted,186,4,0.8556887536563822,0.9381413466254331,1.7693463410587227,21.741968796226185,20.759476291616902,20.702870876300587,17.053619875299244,0.26635388463314746,16.91977413213728,236.78494623655914,21.741968796226185,20.759476291616902,20.702870876300587,17.053619875299244,0.3474576271186441,0.3235294117647059,0.335493519441675
MNE,5,20,case_weighted,186,4,0.8605216251071979,0.9397102160901422,1.765818304078772,19.89359559986223,18.769821508492846,20.463951666060357,17.04149025995486,0.272566934029224,17.111138940860112,253.27956989247312,19.89359559986223,18.769821508492846,20.463951666060357,17.04149025995486,0.3135593220338983,0.2647058823529412,0.28913260219341974
MNE,10,-10,case_weighted,186,4,0.7156766041219097,0.852695182027451,1.846913279552858,44.855563911301694,35.348726111699534,22.70586007355146,17.90517971626005,0.17833320575011954,17.550101706861888,769.6559139784946,44.855563911301694,35.348726111699534,22.70586007355146,17.90517971626005,0.2966101694915254,0.38235294117647056,0.339481555333998
MNE,10,-5,case_weighted,186,4,0.7587184080163143,0.8838475936758439,1.826244137945511,40.168021103036814,30.457213972192605,22.22550208349118,18.809978397689655,0.21908171727894024,17.956666504351993,782.5806451612904,40.168021103036814,30.457213972192605,22.22550208349118,18.809978397689655,0.3050847457627119,0.4264705882352941,0.365777666999003
MNE,10,0,case_weighted,186,4,0.8049587997101584,0.9145950302427776,1.796315515297984,31.589778031498817,18.98569700880949,21.83321779843267,16.526627703752258,0.255007858401553,16.48026510709793,655.0322580645161,31.589778031498817,18.98569700880949,21.83321779843267,16.526627703752258,0.3644067796610169,0.38235294117647056,0.3733798604187437
MNE,10,5,case_weighted,186,4,0.8418332615635623,0.9328740330706478,1.7696713048997958,22.921935763370087,15.418502676771496,21.39927179556563,17.274465012344873,0.2742672347041285,17.583614550794273,407.1720430107527,22.921935763370087,15.418502676771496,21.39927179556563,17.274465012344873,0.3220338983050847,0.3088235294117647,0.31542871385842475
MNE,10,10,case_weighted,186,4,0.8650997631125765,0.9408496857599545,1.7527741202995701,19.756251256129925,15.826152557545669,20.88505178395813,17.2666364599583,0.2902588408036272,17.035106711355194,302.5752688172043,19.756251256129925,15.826152557545669,20.88505178395813,17.2666364599583,0.3220338983050847,0.3088235294117647,0.31542871385842475
MNE,10,15,case_weighted,186,4,0.8708912075890098,0.9436560672513288,1.7460540545518202,19.024414215027896,17.138210441159497,20.642063616452955,16.94471913087478,0.27672841693702505,16.55823793398456,250.247311827957,19.024414215027896,17.138210441159497,20.642063616452955,16.94471913087478,0.3559322033898305,0.2647058823529412,0.31031904287138584
MNE,10,20,case_weighted,186,4,0.8725225661122713,0.9441268489378694,1.74637785279826,18.678439001903843,17.669247119544707,20.373207834921445,17.274900773133123,0.26923380904598676,17.274900773133123,230.19354838709677,18.678439001903843,17.669247119544707,20.373207834921445,17.274900773133123,0.2966101694915254,0.3382352941176471,0.31742273180458624
MNE,15,-10,case_weighted,186,4,0.7661511297425858,0.8889178961083347,1.808803526487211,31.061275812131743,24.948848092180267,22.363720928624307,16.884410118294134,0.1923450216178858,17.495550386602936,618.5967741935484,31.061275812131743,24.948848092180267,22.363720928624307,16.884410118294134,0.2966101694915254,0.4264705882352941,0.36154037886340973
MNE,15,-5,case_weighted,186,4,0.7887586166731815,0.9037006156841236,1.7932452214982848,28.569154848762984,22.74434992866646,21.898220341731637,16.657170918148708,0.2121891845755761,16.57186813203656,618.6720430107526,28.569154848762984,22.74434992866646,21.898220341731637,16.657170918148708,0.3559322033898305,0.4117647058823529,0.38384845463609174
MNE,15,0,case_weighted,186,4,0.8150734666300707,0.9178323545788888,1.7713349151864497,24.640618892009687,17.03403218953871,21.476559376997525,16.82142354865982,0.2334649739391066,16.97086587241118,566.9623655913979,24.640618892009687,17.03403218953871,21.476559376997525,16.82142354865982,0.3135593220338983,0.4117647058823529,0.3626620139581256
MNE,15,5,case_weighted,186,4,0.8444403149834954,0.9345737173481085,1.743383274352783,19.40480864500443,12.99083628079392,21.242958724166687,16.916174994343702,0.25359250141439715,16.712594585355006,395.994623655914,19.40480864500443,12.99083628079392,21.242958724166687,16.916174994343702,0.3474576271186441,0.4117647058823529,0.37961116650049853
MNE,15,10,case_weighted,186,4,0.8720199039186075,0.9430845154920937,1.7262516713524176,17.52361523532027,13.029430527272073,20.79075967635722,16.88786577182186,0.27545955554521434,16.88012203269449,319.6290322580645,17.52361523532027,13.029430527272073,20.79075967635722,16.88786577182186,0.3474576271186441,0.36764705882352944,0.35755234297108673
MNE,15,15,case_weighted,186,4,0.8824317316160221,0.946611887719177,1.7228961478555802,17.72175435085888,14.140451538168586,20.425018714476217,17.563544383266102,0.2879666311849626,17.577839669042127,276.8709677419355,17.72175435085888,14.140451538168586,20.425018714476217,17.563544383266102,0.3305084745762712,0.27941176470588236,0.3049601196410768
MNE,15,20,case_weighted,186,4,0.8831790158244542,0.9468148313062303,1.7272755085791454,17.992115072703886,16.861885499557175,20.227202671760722,17.23464538836987,0.2781741247451156,17.23464538836987,238.40322580645162,17.992115072703886,16.861885499557175,20.227202671760722,17.23464538836987,0.3305084745762712,0.3088235294117647,0.31966600199401796
MNE,20,-10,case_weighted,186,4,0.8124907356055846,0.9145910627410035,1.7799403680092465,23.229404778145433,21.17316508263086,22.197243780849437,18.891698617981824,0.21904771225699846,18.798966738879944,563.3279569892474,23.229404778145433,21.17316508263086,22.197243780849437,18.891698617981824,0.2288135593220339,0.4117647058823529,0.3202891326021934
MNE,20,-5,case_weighted,186,4,0.8172821372604622,0.9179053772951371,1.7718248493650242,21.87235076107929,20.12214502497639,21.88187805170287,17.407407353814456,0.21660710968490543,17.741725992432794,523.3494623655914,21.87235076107929,20.12214502497639,21.88187805170287,17.407407353814456,0.2627118644067797,0.4411764705882353,0.35194416749750745
MNE,20,0,case_weighted,186,4,0.8348317545989926,0.925880761894324,1.7550423462548745,20.245488255991532,18.083836803398096,21.53889446297543,17.159481847348818,0.2253787516084768,17.159481826423352,463.0430107526882,20.245488255991532,18.083836803398096,21.53889446297543,17.159481847348818,0.288135593220339,0.45588235294117646,0.37200897308075775
MNE,20,5,case_weighted,186,4,0.849871150937444,0.934522461026884,1.73283344587064,17.744227280420237,14.074501869780956,21.136799332632332,17.760167126014647,0.2334783817898296,17.760167126014647,362.48924731182797,17.744227280420237,14.074501869780956,21.136799332632332,17.760167126014647,0.2966101694915254,0.47058823529411764,0.3835992023928215
MNE,20,10,case_weighted,186,4,0.8713655526972915,0.9429396973223,1.711422680943231,16.5641823919942,12.547063112047608,20.725041213603827,16.5558959726068,0.2529023993428754,16.36639869256509,315.53225806451616,16.5641823919942,12.547063112047608,20.725041213603827,16.5558959726068,0.3305084745762712,0.4411764705882353,0.38584247258225324
MNE,20,15,case_weighted,186,4,0.8848259280982173,0.9480801126567102,1.703155969313829,16.813608129635014,12.773518385045504,20.388597317611868,16.92519063285679,0.2741575249864601,16.92519063285679,296.5860215053763,16.813608129635014,12.773518385045504,20.388597317611868,16.92519063285679,0.3389830508474576,0.36764705882352944,0.3533150548354935
MNE,20,20,case_weighted,186,4,0.8875951738917652,0.9480594433065567,1.7109039058167417,17.439487654370478,14.56401004635843,20.2285703754475,17.43360026382724,0.28978293456756854,17.43360026382724,270.1236559139785,17.439487654370478,14.56401004635843,20.2285703754475,17.43360026382724,0.3135593220338983,0.25,0.2817796610169492
OASTER-ERP,-10,-10,case_weighted,186,4,0.6568631640506633,0.709614723443165,1.5092074040661252,36.766759526580884,40.36579564989844,nan,nan,0.0,nan,8.28494623655914,37.92712630499087,41.504991627583024,234.02911185627735,234.02911185627735,0.0,1.0,0.5
OASTER-ERP,-10,-5,case_weighted,186,4,0.6800635694078657,0.7407672923028689,1.3634625121759687,31.496664997795822,32.503308158391036,nan,nan,0.0,nan,9.048387096774194,31.496664997795822,32.503308158391036,234.02911185627735,234.02911185627735,0.0,1.0,0.5
OASTER-ERP,-10,0,case_weighted,186,4,0.7071681376352841,0.7746408766446766,1.2064750017613273,21.93774374054763,23.305049172179967,nan,nan,0.0,nan,9.919354838709678,21.93774374054763,23.305049172179967,234.02911185627735,234.02911185627735,0.0,1.0,0.5
OASTER-ERP,-10,5,case_weighted,186,4,0.7403773917082707,0.812195988789464,1.0969123180893252,11.103035603404741,12.634966207297309,0.0,0.0,0.03646226350828443,0.0,9.17741935483871,11.103035603404741,12.634966207297309,220.14602894954905,220.14602894954905,0.059322033898305086,1.0,0.5296610169491526
OASTER-ERP,-10,10,case_weighted,186,4,0.7595158751803972,0.8357308497624356,1.084087613085755,13.626899086513196,15.836301429801193,1.0878565482386005,1.0878565482386005,0.06576751632994382,1.0878565482386005,7.951612903225806,13.626899086513196,15.836301429801193,208.3660922036968,208.3660922036968,0.1016949152542373,1.0,0.5508474576271186
OASTER-ERP,-10,15,case_weighted,186,4,0.7782995781318827,0.8441838293185153,1.042475899540596,13.40414505509906,17.054178069622655,3.0577105376089246,3.0577105376089246,0.1314030073665634,3.0577105376089246,7.451612903225806,13.40414505509906,17.054178069622655,173.35018439120347,173.35018439120347,0.2457627118644068,1.0,0.6228813559322034
OASTER-ERP,-10,20,case_weighted,186,4,0.798226446733731,0.8478342347164175,1.0213818397896446,14.4239404330731,18.576265155104352,2.710538518571133,2.710538518571133,0.20619854381914637,2.710538518571133,8.473118279569892,14.4239404330731,18.576265155104352,136.01276722165608,136.01276722165608,0.3983050847457627,1.0,0.6991525423728814
OASTER-ERP,-5,-10,case_weighted,186,4,0.6754800876468801,0.7300096962035387,1.3472119449744788,29.374303651198673,35.163429246637875,nan,nan,0.0,nan,7.349462365591398,29.374303651198673,35.163429246637875,234.02911185627735,234.02911185627735,0.0,1.0,0.5
OASTER-ERP,-5,-5,case_weighted,186,4,0.7075003621740209,0.7716519993382256,1.2104338217817656,23.783051313486833,24.034519425054434,nan,nan,0.0,nan,8.731182795698924,23.783051313486833,24.034519425054434,234.02911185627735,234.02911185627735,0.0,1.0,0.5
OASTER-ERP,-5,0,case_weighted,186,4,0.717691903724452,0.7888501974743581,1.1300801873378554,18.19369882359517,19.631291141779165,7.071067769030884,7.071067769030884,0.010752688172043012,7.071067769030884,9.188172043010752,18.19369882359517,19.631291141779165,230.18236534632402,230.18236534632402,0.00847457627118644,1.0,0.5042372881355932
OASTER-ERP,-5,5,case_weighted,186,4,0.7274345782785288,0.7999709419898072,1.0944768984720126,11.37509365673272,13.944073563376636,7.0710675710301105,7.0710675710301105,0.00797233786302824,7.0710675710301105,8.897849462365592,11.37509365673272,13.944073563376636,230.18236534296807,230.18236534296807,0.00847457627118644,1.0,0.5042372881355932
OASTER-ERP,-5,10,case_weighted,186,4,0.7690973796125177,0.842117979379899,1.018528635855495,11.52789549598249,16.180853446099604,3.631844029680631,3.631844029680631,0.083398264149523,3.631844029680631,8.591397849462366,11.52789549598249,16.180853446099604,198.88376591662703,198.88376591662703,0.13559322033898305,1.0,0.5677966101694916
OASTER-ERP,-5,15,case_weighted,186,4,0.7873363555866604,0.8549834737718921,1.003167607132051,13.822550503556856,16.526776766781794,3.041035230944869,3.041035230944869,0.13960871923886098,3.041035230944869,7.946236559139785,13.822550503556856,16.526776766781794,175.30332966339623,175.30332966339623,0.2457627118644068,1.0,0.6228813559322034
OASTER-ERP,-5,20,case_weighted,186,4,0.8115119452782936,0.8556523966596992,1.0105329537533612,13.525417823439966,17.00472694971624,2.63916132479812,2.63916132479812,0.24182403042915873,2.63916132479812,8.21505376344086,13.525417823439966,17.00472694971624,120.2950683747028,120.2950683747028,0.423728813559322,0.9852941176470589,0.7045114656031904
OASTER-ERP,0,-10,case_weighted,186,4,0.7046199875062402,0.7678704609070013,1.1550032729688333,14.819795263291649,18.306074573354717,nan,nan,0.0,nan,8.833333333333334,14.819795263291649,18.306074573354717,234.02911185627735,234.02911185627735,0.0,1.0,0.5
OASTER-ERP,0,-5,case_weighted,186,4,0.7198375744624546,0.7913134967494047,1.1081209435471069,16.4317475513484,16.705679550866062,4.999999699676777,4.999999699676777,0.010752688172043012,4.999999699676777,8.46236559139785,16.4317475513484,16.705679550866062,230.1472624976909,230.1472624976909,0.01694915254237288,1.0,0.5084745762711864
OASTER-ERP,0,0,case_weighted,186,4,0.7463729002260189,0.8241348317096369,1.0136287075412398,12.107396644737683,15.96780100043828,1.4285714555570481,1.4285714555570481,0.036233174113594294,1.4285714555570481,9.56989247311828,12.107396644737683,15.96780100043828,220.23077471386173,220.23077471386173,0.059322033898305086,1.0,0.5296610169491526
OASTER-ERP,0,5,case_weighted,186,4,0.756662245509755,0.8329710107456609,0.9875050486482114,10.657521068732082,13.40395667274894,0.7692307230271962,0.7692307230271962,0.06850849675498791,0.7692307230271962,8.25268817204301,10.657521068732082,13.40395667274894,208.33098935854642,208.33098935854642,0.11016949152542373,1.0,0.5550847457627118
OASTER-ERP,0,10,case_weighted,186,4,0.7699755664930295,0.8376619423609986,0.985877686429015,11.08986536387705,13.918125790552986,0.5263157994157546,0.5263157994157546,0.09729816041217704,0.5263157994157546,8.489247311827956,11.08986536387705,13.918125790552986,196.4312040166132,196.4312040166132,0.16101694915254236,0.9852941176470589,0.5731555333998006
OASTER-ERP,0,15,case_weighted,186,4,0.7947558764234885,0.8587750541302305,0.9711431809305506,12.639116712676563,16.20163086704882,2.7763913418390143,2.7763913418390143,0.14887288624104247,2.7763913418390143,7.924731182795699,12.639116712676563,16.20163086704882,167.39697204703245,167.39697204703245,0.2711864406779661,1.0,0.635593220338983
OASTER-ERP,0,20,case_weighted,186,4,0.8197389935818532,0.8603335481153762,0.9772913259327198,12.266945120164417,16.602331708922332,1.775959115003816,1.775959115003816,0.2553941391693211,1.775959115003816,8.478494623655914,12.266945120164417,16.602331708922332,119.87078254277003,119.87078254277003,0.4576271186440678,0.9852941176470589,0.7214606181455634
OASTER-ERP,5,-10,case_weighted,186,4,0.7133831818747247,0.7815999919667482,1.0785487008097816,12.272393254779134,15.831528388439201,0.0,0.0,0.005376344086021506,0.0,8.720430107526882,12.272393254779134,15.831528388439201,232.0458142981733,232.0458142981733,0.00847457627118644,1.0,0.5042372881355932
OASTER-ERP,5,-5,case_weighted,186,4,0.7376212207035622,0.8106832792677485,1.0341215809643511,13.688308800031686,17.226119300389822,0.0,0.0,0.026881720430107527,0.0,8.586021505376344,13.688308800031686,17.226119300389822,224.11262406575713,224.11262406575713,0.0423728813559322,1.0,0.521186440677966
OASTER-ERP,5,0,case_weighted,186,4,0.7561206594347231,0.8304097901960984,0.9812469249626339,10.753505617316435,15.191115725424488,0.0,0.0,0.053643361086693736,0.0,8.118279569892474,10.753505617316435,15.191115725424488,214.1961362752369,214.1961362752369,0.0847457627118644,1.0,0.5423728813559322
OASTER-ERP,5,5,case_weighted,186,4,0.7587336459349906,0.8285949469336373,0.977793665199742,12.095788778224646,14.682466762485328,1.6094757117100198,1.6094757117100198,0.07551757415397618,1.6094757117100198,8.043010752688172,12.095788778224646,14.682466762485328,204.48424285484933,204.48424285484933,0.11864406779661017,1.0,0.559322033898305
OASTER-ERP,5,10,case_weighted,186,4,0.78746045655539,0.8630821678934958,0.928313182966631,11.95509024541098,14.47675963594657,2.4921960526668454,2.4921960526668454,0.12040071625785709,2.4921960526668454,8.026881720430108,11.95509024541098,14.47675963594657,188.89903504709903,188.89903504709903,0.17796610169491525,1.0,0.5889830508474576
OASTER-ERP,5,15,case_weighted,186,4,0.7978135959149385,0.8554160615671036,0.9486990603171158,11.710401352353577,14.516117298972922,1.2071067605722476,1.2071067605722476,0.18510653953066153,1.2071067605722476,7.623655913978495,11.710401352353577,14.516117298972922,155.10639826451293,155.10639826451293,0.3220338983050847,1.0,0.6610169491525424
OASTER-ERP,5,20,case_weighted,186,4,0.8215872202027268,0.8619533621341791,0.9372021134405896,11.404323757899032,16.272741969532966,3.290924305523769,3.290924305523769,0.24438060977659912,3.290924305523769,7.693548387096774,11.404323757899032,16.272741969532966,114.74920134275219,114.74920134275219,0.4576271186440678,1.0,0.728813559322034
OASTER-ERP,10,-10,case_weighted,186,4,0.7275448924933653,0.8006555914161753,1.0821276333296126,13.709480079399162,17.729159624528155,0.0,0.0,0.01587143832031393,0.0,8.306451612903226,13.709480079399162,17.729159624528155,228.07921918196521,228.07921918196521,0.025423728813559324,1.0,0.5127118644067796
OASTER-ERP,10,-5,case_weighted,186,4,0.7497008507099402,0.822804234584476,1.0301462286259515,14.549005863496308,18.673205680599786,0.0,0.0,0.053763440860215055,0.0,8.026881720430108,14.549005863496308,18.673205680599786,214.19613627523688,214.19613627523688,0.0847457627118644,1.0,0.5423728813559322
OASTER-ERP,10,0,case_weighted,186,4,0.766807270413228,0.8371580407237788,0.9607392894429185,14.258319259492701,18.649017288371272,0.6249999624595974,0.6249999624595974,0.08341709898824556,0.6249999624595974,8.564516129032258,14.258319259492701,18.649017288371272,202.38109668423425,202.38109668423425,0.13559322033898305,1.0,0.5677966101694916
OASTER-ERP,10,5,case_weighted,186,4,0.7844087886786099,0.8571768564059566,0.903094277586752,12.96360553937213,15.057204713922385,0.9090909426112649,0.9090909426112649,0.1086363328972938,0.9090909426112649,8.5,12.96360553937213,15.057204713922385,190.56605710966167,190.56605710966167,0.1864406779661017,1.0,0.5932203389830508
OASTER-ERP,10,10,case_weighted,186,4,0.7859822266525452,0.853145605780468,0.9123086403521489,13.644799101096632,16.614548315100414,1.3328752840452336,1.3328752840452336,0.13881999040704987,1.3328752840452336,8.28494623655914,13.644799101096632,16.614548315100414,178.81305572049348,178.81305572049348,0.2288135593220339,1.0,0.614406779661017
OASTER-ERP,10,15,case_weighted,186,4,0.8142669632585295,0.867797733529121,0.8528840025846572,12.606966978767613,16.441587842648282,1.5279873899457384,1.5279873899457384,0.22040743410558872,1.5279873899457384,8.306451612903226,12.606966978767613,16.441587842648282,141.42273177223,141.42273177223,0.3813559322033898,1.0,0.6906779661016949
OASTER-ERP,10,20,case_weighted,186,4,0.8352146228276247,0.8661070300029358,0.8586313216074094,11.290121751637264,14.994662852353786,2.4942323046837602,2.4942323046837602,0.32279990175126544,2.4942323046837602,8.46236559139785,11.290121751637264,14.994662852353786,86.86711214128142,86.86711214128142,0.576271186440678,0.9852941176470589,0.7807826520438684
OASTER-ERP,15,-10,case_weighted,186,4,0.752090743808265,0.814552692764689,1.0473024724789015,15.300400858786888,21.030697152734792,0.7443229519011068,0.7443229519011068,0.08481260482074114,0.7443229519011068,7.32258064516129,15.300400858786888,21.030697152734792,196.46630686319983,196.46630686319983,0.15254237288135594,1.0,0.576271186440678
OASTER-ERP,15,-5,case_weighted,186,4,0.7666234841738827,0.8282766722521517,1.0117371580329635,15.363694071242373,19.942285292720328,2.557800534772038,2.557800534772038,0.11354968450015315,2.557800534772038,8.586021505376344,15.363694071242373,19.942285292720328,183.02695851425077,183.02695851425077,0.2033898305084746,1.0,0.6016949152542372
OASTER-ERP,15,0,case_weighted,186,4,0.781873306025459,0.8470929899517194,0.942779700824817,15.247047012783785,17.672693790224603,0.3703703906869812,0.3703703906869812,0.12736532688438565,0.3703703906869812,8.688172043010752,15.247047012783785,17.672693790224603,180.56482355482873,180.56482355482873,0.2288135593220339,1.0,0.614406779661017
OASTER-ERP,15,5,case_weighted,186,4,0.8019789578320379,0.8613105164389399,0.9227850643976832,14.853411620455876,18.607826401145186,2.059590841456155,2.0595908414561546,0.1942413296280171,2.0595908414561546,8.46774193548387,14.853411620455876,18.607826401145186,151.4636891221885,151.4636891221885,0.3389830508474576,1.0,0.6694915254237288
OASTER-ERP,15,10,case_weighted,186,4,0.8282915079567369,0.8754869076393066,0.8112249699681504,12.842532244728636,15.232097323376017,1.0597140057437413,1.0597140057437413,0.2572427181906412,1.0597140057437413,8.629032258064516,12.842532244728636,15.232097323376017,125.44168065475748,125.44168065475748,0.4491525423728814,0.9852941176470589,0.7172233300099702
OASTER-ERP,15,15,case_weighted,186,4,0.8379852789418969,0.8694664879801184,0.7927600600997554,10.962443138423035,14.599891550277688,0.5173050776714342,0.5173050776714342,0.2894213326506038,0.5173050776714342,9.327956989247312,10.962443138423035,14.599891550277688,103.42081314959948,103.42081314959948,0.5508474576271186,1.0,0.7754237288135593
OASTER-ERP,15,20,case_weighted,186,4,0.848431203545487,0.8685056377894621,0.7932144773647054,10.861740323422021,13.17526011898363,1.582279433130508,1.582279433130508,0.3627135945575914,1.582279433130508,8.903225806451612,10.861740323422021,13.17526011898363,72.49826220629396,72.49826220629396,0.652542372881356,0.9852941176470589,0.8189182452642074
OASTER-ERP,20,-10,case_weighted,186,4,0.7864827194471588,0.8394134780137406,0.9746317508087059,14.283462502740639,16.555321080196652,2.4388204050227653,2.4388204050227653,0.19528586764247932,2.4388204050227653,8.758064516129032,14.283462502740639,16.555321080196652,145.71078037062944,145.71078037062944,0.3474576271186441,1.0,0.673728813559322
OASTER-ERP,20,-5,case_weighted,186,4,0.8045390630658552,0.8500722864774656,0.9243526132133071,14.198791762230686,16.877844158805985,1.3673815842596115,1.3673815842596115,0.20657608622876997,1.3673815842596115,8.919354838709678,14.198791762230686,16.877844158805985,137.4153425060327,137.4153425060327,0.3898305084745763,1.0,0.6949152542372882
OASTER-ERP,20,0,case_weighted,186,4,0.8230693365503274,0.8594593472888411,0.8819195916391692,12.307487927941882,13.808979682080125,3.3112206402861872,3.3112206402861872,0.2729403218835227,3.3112206402861872,9.053763440860216,12.307487927941882,13.808979682080125,106.93874805085848,106.93874805085848,0.4915254237288136,1.0,0.7457627118644068
OASTER-ERP,20,5,case_weighted,186,4,0.8252419360506188,0.8623910713069038,0.8613215242527563,12.532316126593699,14.689019400524378,2.739589343474835,2.7395893434748353,0.2815560817537797,2.7395893434748353,9.064516129032258,12.532316126593699,14.689019400524378,104.66378570504882,104.66378570504882,0.5,1.0,0.75
OASTER-ERP,20,10,case_weighted,186,4,0.8469714080206859,0.8754814031083261,0.7976598176292594,11.644014357695442,13.698184670285205,1.5608990196412118,1.5608990196412118,0.31362403159405133,1.5608990196412118,9.13978494623656,11.644014357695442,13.698184670285205,86.27389183299167,86.27389183299167,0.5847457627118644,1.0,0.7923728813559322
OASTER-ERP,20,15,case_weighted,186,4,0.8666652709145998,0.8826842978132746,0.727082236749301,10.797252187148358,11.900789816898236,1.4396651234283,1.4396651234282998,0.3659806684166978,1.4396651234282998,9.96236559139785,10.797252187148358,11.900789816898236,64.51476932216703,64.51476932216703,0.6949152542372882,0.9852941176470589,0.8401046859421735
OASTER-ERP,20,20,case_weighted,186,4,0.8761593783101171,0.8786507883493376,0.7238522367963937,9.190957882271828,12.50227055936251,1.8382643823721012,1.8382643823721012,0.41575309126582216,1.8382643823721012,10.150537634408602,9.190957882271828,12.50227055936251,37.2572072173746,37.2572072173746,0.7966101694915254,1.0,0.8983050847457628
RAP-MUSIC,-10,-10,case_weighted,186,4,0.5223404819848837,0.5256416493117095,1.7640815805635894,7.29364004051125,14.208704690405698,4.285714141086634,4.285714141086634,0.03763440860215054,4.285714141086634,1.2204301075268817,7.29364004051125,14.208704690405698,220.40026622910503,220.40026622910503,0.059322033898305086,1.0,0.5296610169491526
RAP-MUSIC,-10,-5,case_weighted,186,4,0.5523216510370956,0.5562229423675551,1.645321226145343,6.8453445331313585,9.866540470170595,0.6250000342842807,0.6250000342842807,0.08476209291718464,0.6250000342842807,1.4301075268817205,6.8453445331313585,9.866540470170595,202.3810966939732,202.3810966939732,0.13559322033898305,1.0,0.5677966101694916
RAP-MUSIC,-10,0,case_weighted,186,4,0.5658128031582201,0.5666943975369911,1.5287182844982365,6.119889420126211,9.298561836951695,0.7106695014338581,0.47619044758826445,0.1093156580400823,0.47619044758826445,1.6505376344086022,6.119889420126211,9.298561836951695,192.50633821685608,192.46460889371406,0.17796610169491525,1.0,0.5889830508474576
RAP-MUSIC,-10,5,case_weighted,186,4,0.5711330166001999,0.5676522743214196,1.5113634811324461,7.453561785465869,10.480346356547159,0.7692307533943417,0.7692307533943417,0.13250290631518238,0.7692307533943417,1.946236559139785,7.453561785465869,10.480346356547159,182.63286686750652,182.63286686750652,0.22033898305084745,0.9852941176470589,0.6028165503489532
RAP-MUSIC,-10,10,case_weighted,186,4,0.5790512450096006,0.5680764806949462,1.4769867676329533,5.496103445260896,9.173514832197135,0.8823528881782549,0.8823528881782549,0.15925476370669606,0.8823528881782549,2.032258064516129,5.496103445260896,9.173514832197135,166.85123215360474,166.85123215360474,0.288135593220339,1.0,0.6440677966101696
RAP-MUSIC,-10,15,case_weighted,186,4,0.579206363745217,0.5680749200784985,1.472771884891918,6.013877491819291,8.579102908052025,0.6060605696577914,0.6060605696577914,0.14796888013029963,0.6060605696577914,1.989247311827957,6.013877491819291,8.579102908052025,168.74978395408715,168.74978395408715,0.2796610169491525,1.0,0.6398305084745762
RAP-MUSIC,-10,20,case_weighted,186,4,0.5780234667420193,0.5677207693552506,1.4737591328771675,6.5732861562192575,9.88903020721479,0.4561979365072282,0.4561979365072282,0.1403302545680119,0.4561979365072282,2.0053763440860215,6.5732861562192575,9.88903020721479,172.66673616549028,172.66673616549028,0.2542372881355932,1.0,0.6271186440677966
RAP-MUSIC,-5,-10,case_weighted,186,4,0.5329330521757002,0.53696834345964,1.6973733763225927,5.850056983738175,12.341265864293446,2.2222221764725436,2.2222221764725436,0.04838709677419355,2.2222221764725436,1.2634408602150538,5.850056983738175,12.341265864293446,216.3489253552753,216.3489253552753,0.07627118644067797,1.0,0.538135593220339
RAP-MUSIC,-5,-5,case_weighted,186,4,0.5561400444993349,0.5599333004125001,1.578610368078194,4.843375639293304,9.435325553050133,0.5882352587855032,0.5882352587855032,0.0913978494623656,0.5882352587855032,1.478494623655914,4.843375639293304,9.435325553050133,200.39779912613022,200.39779912613022,0.1440677966101695,1.0,0.5720338983050848
RAP-MUSIC,-5,0,case_weighted,186,4,0.5668955317450092,0.565851483045135,1.520961069346093,4.835508525542939,8.358765114905832,0.0,0.0,0.10713273251199924,0.0,1.6720430107526882,4.835508525542939,8.358765114905832,192.3798631360924,192.3798631360924,0.17796610169491525,1.0,0.5889830508474576
RAP-MUSIC,-5,5,case_weighted,186,4,0.5736334299375998,0.5691450619890471,1.4896794901543688,5.7336920236327416,9.100762920662122,1.9354838056520287,1.9354838056520287,0.1446669776478573,1.9354838056520287,1.956989247311828,5.7336920236327416,9.100762920662122,173.05536211416393,173.05536211416393,0.2627118644067797,1.0,0.6313559322033898
RAP-MUSIC,-5,10,case_weighted,186,4,0.578369776096377,0.5689230763343359,1.4699396167433552,4.983991303445808,8.060409944230251,1.4285713653232446,1.4285713653232446,0.154672966839443,1.4285713653232446,2.0698924731182795,4.983991303445808,8.060409944230251,165.03742611743505,165.03742611743505,0.2966101694915254,1.0,0.6483050847457628
RAP-MUSIC,-5,15,case_weighted,186,4,0.582976724300421,0.5680901832437683,1.4781422671135547,5.833010246836166,9.190740152252982,0.5555555441181359,0.5555555441181359,0.15907483080181595,0.5555555441181359,2.0698924731182795,5.833010246836166,9.190740152252982,162.79989128646608,162.79989128646608,0.3050847457627119,1.0,0.652542372881356
RAP-MUSIC,-5,20,case_weighted,186,4,0.5794147608257492,0.5682616702843093,1.4816665929637747,6.607422669235982,9.997523592125665,0.6060605696577914,0.6060605696577914,0.1444637444883821,0.6060605696577914,2.1129032258064515,6.607422669235982,9.997523592125665,168.74978395408715,168.74978395408715,0.2796610169491525,1.0,0.6398305084745762
RAP-MUSIC,0,-10,case_weighted,186,4,0.5572796088481534,0.5590201952476458,1.6055388215954247,3.2925325959787113,9.803797274715723,0.5555555221863085,0.5555555221863085,0.09038635262582492,0.5555555221863085,1.3602150537634408,3.2925325959787113,9.803797274715723,198.41450156802617,198.41450156802617,0.15254237288135594,1.0,0.576271186440678
RAP-MUSIC,0,-5,case_weighted,186,4,0.5615325324429915,0.5641835290179603,1.5563424427606949,4.26982800445018,8.708988804726037,0.0,0.0,0.0967741935483871,0.0,1.5268817204301075,4.26982800445018,8.708988804726037,198.32975581040452,198.32975581040452,0.15254237288135594,1.0,0.576271186440678
RAP-MUSIC,0,0,case_weighted,186,4,0.5698168488110127,0.5685962475991304,1.5040506348099476,5.09839357461995,7.95327556051015,0.8333333311625851,0.8333333311625853,0.11813052815878777,0.8333333311625853,1.7365591397849462,5.09839357461995,7.95327556051015,186.5994619867625,186.5994619867625,0.2033898305084746,1.0,0.6016949152542372
RAP-MUSIC,0,5,case_weighted,186,4,0.5779191744930969,0.5717789617397006,1.4719833937345925,5.472167899260586,8.061705708279698,0.6896551978430285,0.6896551978430285,0.135238038580183,0.6896551978430285,1.9838709677419355,5.472167899260586,8.061705708279698,176.68297420293334,176.68297420293334,0.2457627118644068,1.0,0.6228813559322034
RAP-MUSIC,0,10,case_weighted,186,4,0.58519404497992,0.5722015143277093,1.4483843000292522,5.1146015552149136,7.663207702185071,0.5714285371059177,0.5714285371059177,0.15479130793033846,0.5714285371059177,2.1344086021505375,5.1146015552149136,7.663207702185071,164.78318883787904,164.78318883787904,0.2966101694915254,1.0,0.6483050847457628
RAP-MUSIC,0,15,case_weighted,186,4,0.5830994698870577,0.5704652789469058,1.448095839266554,5.112478152835849,8.444509496583974,0.6897752980307895,0.6897752980307895,0.16171324736601553,0.6897752980307895,2.118279569892473,5.112478152835849,8.444509496583974,164.81829169069573,164.81829169069573,0.288135593220339,1.0,0.6440677966101696
RAP-MUSIC,0,20,case_weighted,186,4,0.577407331147696,0.5671079057409218,1.4842525948296836,6.755850646645907,10.225715464377657,0.3225806257855985,0.3225806257855985,0.143372236503267,0.3225806257855985,2.0483870967741935,6.755850646645907,10.225715464377657,172.63163331267359,172.63163331267359,0.2627118644067797,1.0,0.6313559322033898
RAP-MUSIC,5,-10,case_weighted,186,4,0.5665606870001445,0.562179614273821,1.5755424744531785,4.524887602460998,9.423487722231927,1.8669702210973014,1.8669702210973014,0.13660187940317448,1.8669702210973014,1.6666666666666667,4.524887602460998,9.423487722231927,176.97231433576704,176.97231433576704,0.23728813559322035,1.0,0.6186440677966102
RAP-MUSIC,5,-5,case_weighted,186,4,0.5771921057251299,0.5666905131269115,1.5145985225604006,4.418010346643811,8.71024295847077,0.6249999983719389,0.6249999983719389,0.14423063382070428,0.6249999983719389,1.7634408602150538,4.418010346643811,8.71024295847077,170.73308152193016,170.73308152193016,0.2711864406779661,1.0,0.635593220338983
RAP-MUSIC,5,0,case_weighted,186,4,0.5847275208168096,0.5712684271753087,1.4626796075278305,3.766178957954168,8.27547566921324,0.5714285699400585,0.5714285699400585,0.1583115298279852,0.5714285699400585,1.8709677419354838,3.766178957954168,8.27547566921324,164.783188847618,164.783188847618,0.2966101694915254,1.0,0.6483050847457628
RAP-MUSIC,5,5,case_weighted,186,4,0.5894730344201823,0.5725634252679154,1.4377340004340846,4.564802860606377,7.721371680081021,0.2631578789303567,0.2631578789303567,0.1661884750048768,0.2631578789303567,2.043010752688172,4.564802860606377,7.721371680081021,158.7485504059453,158.7485504059453,0.3220338983050847,1.0,0.6610169491525424
RAP-MUSIC,5,10,case_weighted,186,4,0.5879002487088051,0.5731910973959498,1.436540348788101,4.286530642868557,7.372151165238067,0.39283711199233534,0.39283711199233534,0.16066003419142716,0.39283711199233534,2.1344086021505375,4.286530642868557,7.372151165238067,162.75024837497006,162.75024837497006,0.2966101694915254,1.0,0.6483050847457628
RAP-MUSIC,5,15,case_weighted,186,4,0.589886826971852,0.5724242850202195,1.4366191129473072,4.03212603045442,7.754354257568554,0.8535533707607798,0.8535533707607798,0.16057444054162018,0.8535533707607798,2.10752688172043,4.03212603045442,7.754354257568554,154.98654965779716,154.98654965779716,0.3305084745762712,1.0,0.6652542372881356
RAP-MUSIC,5,20,case_weighted,186,4,0.5849240689957672,0.5708639793692284,1.4447864445301895,5.684631192204401,9.126696199549052,0.9227604008224646,0.9227604008224646,0.16270759344034438,0.9227604008224646,2.0698924731182795,5.684631192204401,9.126696199549052,160.9364423321093,160.9364423321093,0.3050847457627119,1.0,0.652542372881356
RAP-MUSIC,10,-10,case_weighted,186,4,0.5885753910646379,0.5666738306369943,1.50977465603991,4.946210133551391,9.339401082059197,1.5774922282177717,1.5774922282177717,0.18792991527431385,1.5774922282177717,1.903225806451613,4.946210133551391,9.339401082059197,141.4424498010333,141.4424498010333,0.3898305084745763,1.0,0.6949152542372882
RAP-MUSIC,10,-5,case_weighted,186,4,0.5932589677924881,0.5682544771918041,1.4936832147003383,4.9875796722557855,8.519560823094878,1.1279611877699465,1.1279611877699465,0.18978157551916297,1.1279611877699465,1.9731182795698925,4.9875796722557855,8.519560823094878,139.28966073688454,139.28966073688454,0.3983050847457627,1.0,0.6991525423728814
RAP-MUSIC,10,0,case_weighted,186,4,0.6021144770046999,0.571792188556,1.4445337219951633,4.381652641274564,8.481030319579574,0.8942849001918065,0.8942849001918065,0.19786519440976055,0.8942849001918065,2.0376344086021505,4.381652641274564,8.481030319579574,131.291730485799,131.291730485799,0.423728813559322,1.0,0.711864406779661
RAP-MUSIC,10,5,case_weighted,186,4,0.5993163538732147,0.5742498522098722,1.4154647905873217,4.062913455052687,8.138903188040615,0.42553191378514993,0.42553191378514993,0.1939448490579018,0.42553191378514993,2.0268817204301075,4.062913455052687,8.138903188040615,140.98361815036947,140.98361815036947,0.3983050847457627,1.0,0.6991525423728814
RAP-MUSIC,10,10,case_weighted,186,4,0.6011911073301689,0.5736422195762666,1.4023687390940578,3.9873835581041344,7.747510426947777,0.20833334476142693,0.20833334476142693,0.19762536245943527,0.20833334476142693,2.1236559139784945,3.9873835581041344,7.747510426947777,138.9155748346438,138.9155748346438,0.4067796610169492,1.0,0.7033898305084746
RAP-MUSIC,10,15,case_weighted,186,4,0.5887692779308871,0.572735144416676,1.4384467046036402,4.25603692799687,7.772479346970161,0.27027025403658267,0.27027025403658267,0.15560615964845592,0.27027025403658267,2.118279569892473,4.25603692799687,7.772479346970161,160.73184796404934,160.73184796404934,0.3135593220338983,1.0,0.6567796610169492
RAP-MUSIC,10,20,case_weighted,186,4,0.5860320570314608,0.5729761427676237,1.4389357931115276,4.725295900269439,8.06792998100946,0.9483926341786442,0.9483926341786442,0.1520478755251521,0.9483926341786442,2.150537634408602,4.725295900269439,8.06792998100946,162.91973989021338,162.91973989021338,0.2966101694915254,1.0,0.6483050847457628
RAP-MUSIC,15,-10,case_weighted,186,4,0.611106377362225,0.5697263451587787,1.4540973111011781,5.345617641996946,9.504019048408784,0.4023689279275049,0.4023689279275049,0.2272882559146003,0.4023689279275049,2.0806451612903225,5.345617641996946,9.504019048408784,115.23585274016729,115.23585274016729,0.5,1.0,0.75
RAP-MUSIC,15,-5,case_weighted,186,4,0.6148878283033318,0.5718037975538793,1.4466453087970217,4.693992159272622,9.041830147100962,0.0,0.0,0.21835910631563343,0.0,2.10752688172043,4.693992159272622,9.041830147100962,115.03125837003465,115.03125837003465,0.5084745762711864,1.0,0.7542372881355932
RAP-MUSIC,15,0,case_weighted,186,4,0.6118715848599134,0.5712744194216944,1.4378791390842252,4.9458714323795645,9.089103332625877,0.6944373962358775,0.6944373962358775,0.22821332995810317,0.6944373962358775,2.150537634408602,4.9458714323795645,9.089103332625877,113.40694963540848,113.40694963540848,0.5084745762711864,1.0,0.7542372881355932
RAP-MUSIC,15,5,case_weighted,186,4,0.6118775464363021,0.574180131645087,1.4102055394281454,3.8008420975064996,8.482210416547318,0.34482760512236177,0.34482760512236177,0.21371296933886472,0.34482760512236177,2.1559139784946235,3.8008420975064996,8.482210416547318,119.16734502096391,119.16734502096391,0.4915254237288136,1.0,0.7457627118644068
RAP-MUSIC,15,10,case_weighted,186,4,0.6088946366836775,0.5753400155542227,1.3829748721531991,3.4813165936061083,7.749134791744138,0.7627881576975878,0.36363634179467486,0.21353257051744318,0.36363634179467486,2.193548387096774,3.4813165936061083,7.749134791744138,125.30328301371901,125.11723767579818,0.4661016949152542,1.0,0.7330508474576272
RAP-MUSIC,15,15,case_weighted,186,4,0.59738790102898,0.5746651139947802,1.399340284081604,3.4640515799848357,7.1939580012614,0.8510638275702999,0.8510638275702999,0.19104370591691855,0.8510638275702999,2.10752688172043,3.4640515799848357,7.1939580012614,141.15310967535166,141.15310967535166,0.3983050847457627,1.0,0.6991525423728814
RAP-MUSIC,15,20,case_weighted,186,4,0.5940130949139435,0.5755856781406156,1.402611924056545,3.5186004455737523,7.4884887442147186,0.4878048767780987,0.4878048767780987,0.15949715818080898,0.4878048767780987,2.1129032258064515,3.5186004455737523,7.4884887442147186,152.88340349899372,152.88340349899372,0.3474576271186441,1.0,0.673728813559322
RAP-MUSIC,20,-10,case_weighted,186,4,0.6120415298671127,0.5674257002583897,1.4749526176077552,5.72954058838408,9.57544266133694,1.009304282397845,1.009304282397845,0.23639079761282827,1.009304282397845,2.1451612903225805,5.72954058838408,9.57544266133694,105.67074327744544,105.67074327744544,0.5254237288135594,1.0,0.7627118644067796
RAP-MUSIC,20,-5,case_weighted,186,4,0.6131339001396736,0.5687083170296974,1.4624389204948067,5.239720096337912,9.130622105542505,0.6952327767434663,0.6952327767434663,0.23112613599940174,0.6952327767434663,2.2688172043010755,5.239720096337912,9.130622105542505,107.47514354195391,107.47514354195391,0.5338983050847458,1.0,0.7669491525423728
RAP-MUSIC,20,0,case_weighted,186,4,0.6177487188411894,0.5709453304540107,1.4412487796407716,4.880320534792954,8.961099869254713,0.9120855682925169,0.9120855682925169,0.23320595986128623,0.9120855682925169,2.263440860215054,4.880320534792954,8.961099869254713,103.64162257655704,103.64162257655704,0.5423728813559322,1.0,0.771186440677966
RAP-MUSIC,20,5,case_weighted,186,4,0.6169215155142389,0.5711023693915311,1.4256815565692211,4.301704960060511,8.362901820359559,0.3076923068908006,0.3076923068908006,0.2322605169483631,0.3076923068908006,2.1881720430107525,4.301704960060511,8.362901820359559,105.28426210449665,105.28426210449665,0.5508474576271186,1.0,0.7754237288135593
RAP-MUSIC,20,10,case_weighted,186,4,0.6084545265103766,0.5743660067886952,1.4040347861859404,3.9015552344533817,8.289321629113749,0.0,0.0,0.20798390098091116,0.0,2.139784946236559,3.9015552344533817,8.289321629113749,126.93104371865891,126.93104371865891,0.4576271186440678,1.0,0.728813559322034
RAP-MUSIC,20,15,case_weighted,186,4,0.6071350539589381,0.5759469159474839,1.3886505990365174,3.733947271539459,7.642579000087049,0.0,0.0,0.1999066104529707,0.0,2.139784946236559,3.733947271539459,7.642579000087049,132.88093639297105,132.88093639297105,0.4322033898305085,1.0,0.7161016949152542
RAP-MUSIC,20,20,case_weighted,186,4,0.5928571113720928,0.5722327276129896,1.423113504924383,3.7629716311811228,7.255554616611051,0.47619050231183296,0.47619050231183296,0.16683950941889272,0.47619050231183296,2.0698924731182795,3.7629716311811228,7.255554616611051,150.9001059506286,150.9001059506286,0.3559322033898305,1.0,0.6779661016949152
dSPM,-10,-10,case_weighted,186,4,0.6982269101912716,0.8254234071061485,1.9484626482969996,67.19034080253523,25.93899208886147,23.823654462445372,21.7402076546775,0.5240272938721536,21.467264756590783,7419.881720430108,67.19034080253523,25.93899208886147,23.823654462445372,21.7402076546775,0.2457627118644068,0.0,0.1228813559322034
dSPM,-10,-5,case_weighted,186,4,0.7587986275414481,0.8693513050061329,1.9302384157888313,65.55400259813638,16.471636834039973,23.352612910319028,18.140002268246196,0.45504294471881573,18.430738088462096,6664.725806451613,65.55400259813638,16.471636834039973,23.352612910319028,18.140002268246196,0.3389830508474576,0.0,0.1694915254237288
dSPM,-10,0,case_weighted,186,4,0.7940988679484529,0.8981485900993268,1.903845372718516,48.62634954050025,13.01711037591013,23.188089208202598,17.46723396569068,0.38912000383946116,18.225248500933336,4131.6505376344085,48.62634954050025,13.01711037591013,23.188089208202598,17.46723396569068,0.3728813559322034,0.0,0.1864406779661017
dSPM,-10,5,case_weighted,186,4,0.8191242649335727,0.9180462478192749,1.8650612286766057,27.84002580256098,12.143193266768085,22.730420190790632,18.025473989867933,0.3336689735204798,18.261083370205682,1844.8548387096773,27.84002580256098,12.143193266768085,22.730420190790632,18.025473989867933,0.3389830508474576,0.014705882352941176,0.1768444666001994
dSPM,-10,10,case_weighted,186,4,0.8394903420182585,0.9285955165866161,1.820627678976817,20.68670680565439,12.547442695417564,21.85276724737805,17.198704560914045,0.29729804971508983,17.27882936220098,566.5752688172043,20.68670680565439,12.547442695417564,21.85276724737805,17.198704560914045,0.3813559322033898,0.11764705882352941,0.24950149551345963
dSPM,-10,15,case_weighted,186,4,0.8474802143079968,0.9302529317354132,1.7888867331063074,20.133121644944396,12.95368265607853,21.151311109846336,19.10709747498586,0.29717374342040276,19.10709747498586,447.35483870967744,20.133121644944396,12.95368265607853,21.151311109846336,19.10709747498586,0.3220338983050847,0.11764705882352941,0.21984047856430705
dSPM,-10,20,case_weighted,186,4,0.8523463654707095,0.9325620952824937,1.7802788068937703,20.55925006677476,14.082904589602418,20.84824559137302,19.151347979212204,0.3051118217594553,19.151347979212204,428.3279569892473,20.55925006677476,14.082904589602418,20.84824559137302,19.151347979212204,0.3135593220338983,0.11764705882352941,0.21560319042871384
dSPM,-5,-10,case_weighted,186,4,0.7517057328851486,0.8507701822605156,1.9311980516661946,64.06423157995853,19.024136214649577,23.61680074942311,18.36373465682564,0.4967253741537772,19.34870234990184,6443.456989247312,64.06423157995853,19.024136214649577,23.61680074942311,18.36373465682564,0.3050847457627119,0.0,0.15254237288135594
dSPM,-5,-5,case_weighted,186,4,0.7883398393324549,0.89101289324138,1.911379301392647,55.4675263394409,16.0279013033983,23.202718334906304,18.268384941920797,0.43324709217898144,17.744432923616486,5093.215053763441,55.4675263394409,16.0279013033983,23.202718334906304,18.268384941920797,0.3559322033898305,0.0,0.17796610169491525
dSPM,-5,0,case_weighted,186,4,0.8216653567211393,0.9134729296670117,1.8837074672725196,38.550643962970476,13.461022999286183,22.771811666388057,17.095140838969115,0.3807993160168451,16.90500829311216,2913.516129032258,38.550643962970476,13.461022999286183,22.771811666388057,17.095140838969115,0.3305084745762712,0.0,0.1652542372881356
dSPM,-5,5,case_weighted,186,4,0.8334748038409681,0.9236992921931553,1.8497167777608428,24.913920005713248,13.48986544680836,22.571351654386156,18.494785352423236,0.33239843965194643,18.103683215490054,1510.747311827957,24.913920005713248,13.48986544680836,22.571351654386156,18.494785352423236,0.3135593220338983,0.058823529411764705,0.1861914257228315
dSPM,-5,10,case_weighted,186,4,0.8448348302861235,0.9308352937224954,1.8107921171976218,19.949198648525094,12.74771433186078,21.94164079010044,18.671277131371397,0.2977968361116944,19.18861340295804,591.1344086021505,19.949198648525094,12.74771433186078,21.94164079010044,18.671277131371397,0.3305084745762712,0.11764705882352941,0.22407776669990032
dSPM,-5,15,case_weighted,186,4,0.8479400610711394,0.9316984126401894,1.7815707115918786,19.424878729815596,12.539853929810691,21.261244726118065,18.658694385557734,0.28540689978943057,18.615424059095677,440.1720430107527,19.424878729815596,12.539853929810691,21.261244726118065,18.658694385557734,0.3389830508474576,0.17647058823529413,0.2577268195413759
dSPM,-5,20,case_weighted,186,4,0.8504170350388257,0.9301891851144192,1.7721927192315174,19.954646203673274,12.871401095581327,20.79838937752599,19.137866075115756,0.2918719752253637,19.137866075115756,423.8494623655914,19.954646203673274,12.871401095581327,20.79838937752599,19.137866075115756,0.3389830508474576,0.16176470588235295,0.25037387836490527
dSPM,0,-10,case_weighted,186,4,0.8013668775132013,0.8907076895956757,1.9050642524333998,52.34740936066007,17.210349122407806,23.052207770346875,17.196550444700367,0.4624963374019398,17.46971807173512,4771.182795698925,52.34740936066007,17.210349122407806,23.052207770346875,17.196550444700367,0.3898305084745763,0.0,0.19491525423728814
dSPM,0,-5,case_weighted,186,4,0.823447504296181,0.906687277507739,1.8854115640663094,43.096940077136516,15.675154786143006,22.759227503681462,17.342344249517502,0.41718100338510367,17.744482479222043,3336.569892473118,43.096940077136516,15.675154786143006,22.759227503681462,17.342344249517502,0.3559322033898305,0.0,0.17796610169491525
dSPM,0,0,case_weighted,186,4,0.8482007650840575,0.9208696601893268,1.859638856597004,29.962687180969706,14.981458753919341,22.452713240212542,16.416964887387504,0.37750561447658765,16.773567369032605,1923.483870967742,29.962687180969706,14.981458753919341,22.452713240212542,16.416964887387504,0.4152542372881356,0.014705882352941176,0.2149800598205384
dSPM,0,5,case_weighted,186,4,0.8629846127530219,0.9324966815597241,1.8264673050162912,21.76895822669564,13.208768924885467,21.96983875923444,16.783121513935765,0.34171612048286015,16.115413463916624,1038.989247311828,21.76895822669564,13.208768924885467,21.96983875923444,16.783121513935765,0.3898305084745763,0.029411764705882353,0.20962113659022932
dSPM,0,10,case_weighted,186,4,0.8653959416339904,0.9391164309371006,1.7943630655152831,19.40632449357714,13.064150345589265,21.40115210502522,16.936077839399346,0.3094030948824359,16.878267437287587,514.258064516129,19.40632449357714,13.064150345589265,21.40115210502522,16.936077839399346,0.3559322033898305,0.10294117647058823,0.22943668993020938
dSPM,0,15,case_weighted,186,4,0.8636521264096092,0.935362242470179,1.7703539708280442,18.907536756386527,12.5817680666232,20.866306223330593,17.382842179928158,0.2885162708066528,17.382842179928158,429.10752688172045,18.907536756386527,12.5817680666232,20.866306223330593,17.382842179928158,0.3644067796610169,0.20588235294117646,0.2851445663010967
dSPM,0,20,case_weighted,186,4,0.8544652409468889,0.9332940667146615,1.7618749461661822,19.112694660171194,12.15368435703452,20.81954840559942,18.649936071791707,0.28009004656514214,18.649936076197026,415.1774193548387,19.112694660171194,12.15368435703452,20.81954840559942,18.649936071791707,0.3305084745762712,0.23529411764705882,0.28290129611166503
dSPM,5,-10,case_weighted,186,4,0.839031092467909,0.9100735621591295,1.8710287638177856,38.74904326070246,16.727792136032765,22.674375171014887,17.3545470927608,0.43142943678083034,16.971128482873407,2902.1236559139784,38.74904326070246,16.727792136032765,22.674375171014887,17.3545470927608,0.3813559322033898,0.0,0.1906779661016949
dSPM,5,-5,case_weighted,186,4,0.8489001686347096,0.9188243674193033,1.8526527990346355,31.58652998352197,15.990046567417997,22.31742870544067,16.861354235703224,0.40387922434017376,16.83029383007278,2034.7043010752689,31.58652998352197,15.990046567417997,22.31742870544067,16.861354235703224,0.3983050847457627,0.0,0.19915254237288135
dSPM,5,0,case_weighted,186,4,0.8647767901246891,0.9269560235576868,1.8287325540069705,23.910568618488345,15.581767062787195,21.869148726642518,16.91974306910963,0.3781399608410295,16.827386838916624,1110.8494623655913,23.910568618488345,15.581767062787195,21.869148726642518,16.91974306910963,0.3644067796610169,0.04411764705882353,0.20426221335992023
dSPM,5,5,case_weighted,186,4,0.876355638962456,0.9371294493640254,1.801131811693793,20.40957270813629,15.715426015736526,21.52812152783267,16.8533394731814,0.34660979905803274,16.854256324475017,572.6827956989247,20.40957270813629,15.715426015736526,21.52812152783267,16.8533394731814,0.3898305084745763,0.07352941176470588,0.2316799601196411
dSPM,5,10,case_weighted,186,4,0.8797423150914804,0.9417156992952008,1.7747659748929088,19.41278747591243,13.400283272118363,21.037348442089193,16.575269104069683,0.3261060206988471,16.892358719000782,441.01612903225805,19.41278747591243,13.400283272118363,21.037348442089193,16.575269104069683,0.3389830508474576,0.10294117647058823,0.2209621136590229
dSPM,5,15,case_weighted,186,4,0.880714254249248,0.9413558796770352,1.7568716432226703,18.85577092900685,13.375910654332767,20.469900663882573,17.27889437841008,0.30129972363986574,17.23195325781616,404.752688172043,18.85577092900685,13.375910654332767,20.469900663882573,17.27889437841008,0.3389830508474576,0.22058823529411764,0.2797856430707876
dSPM,5,20,case_weighted,186,4,0.868201735113637,0.937171906252221,1.7505622213314025,18.764878440201446,12.931501176757385,20.254078002118693,17.11085086705791,0.283667309210576,17.11085086705791,402.2204301075269,18.764878440201446,12.931501176757385,20.254078002118693,17.11085086705791,0.3728813559322034,0.23529411764705882,0.3040877367896311
dSPM,10,-10,case_weighted,186,4,0.8600387303858066,0.9204407154681512,1.8338400957736416,28.575890019540083,18.14240849785278,22.293972584108598,16.750531127275536,0.40914875622979935,16.893190044557915,1514.505376344086,28.575890019540083,18.14240849785278,22.293972584108598,16.750531127275536,0.3898305084745763,0.029411764705882353,0.20962113659022932
dSPM,10,-5,case_weighted,186,4,0.871995076556982,0.9271698402715577,1.8173277681556013,24.588424356248694,16.79018063041644,21.847729802569706,16.216943951209068,0.3970231195829176,16.100761048765186,861.763440860215,24.588424356248694,16.79018063041644,21.847729802569706,16.216943951209068,0.3983050847457627,0.029411764705882353,0.21385842472582253
dSPM,10,0,case_weighted,186,4,0.8833533280588013,0.935638082367339,1.796902466845128,21.541529560053714,16.167230292146026,21.474453565417182,15.48346748935143,0.381897115130628,15.30158068607957,503.13440860215053,21.541529560053714,16.167230292146026,21.474453565417182,15.48346748935143,0.423728813559322,0.04411764705882353,0.23392323030907278
dSPM,10,5,case_weighted,186,4,0.8888031810476849,0.9412113936787949,1.7752604518728599,20.55160008058599,16.291472082142548,21.055519587291894,16.077505435954727,0.3620793325319156,15.639210152159896,417.1182795698925,20.55160008058599,16.291472082142548,21.055519587291894,16.077505435954727,0.4152542372881356,0.08823529411764706,0.25174476570289134
dSPM,10,10,case_weighted,186,4,0.8907425129962515,0.9427109109577766,1.7555712648339377,19.78219586306011,14.99305069937114,20.69078261506118,16.474355092957605,0.34650058617796126,16.559100860318186,395.9516129032258,19.78219586306011,14.99305069937114,20.69078261506118,16.474355092957605,0.3813559322033898,0.1323529411764706,0.2568544366899302
dSPM,10,15,case_weighted,186,4,0.8903846452238681,0.9451587560396881,1.74269088004834,19.131792807151385,13.239276067915323,20.402003479635262,17.256512089191617,0.32264111739926143,17.256512089191617,386.59139784946234,19.131792807151385,13.239276067915323,20.402003479635262,17.256512089191617,0.3389830508474576,0.14705882352941177,0.2430209371884347
dSPM,10,20,case_weighted,186,4,0.8843446388691332,0.9438369684574119,1.7378111014226152,18.651741638485557,13.50688349481918,20.042271607351022,17.612831287090177,0.3004665336299023,17.612831287090177,381.6559139784946,18.651741638485557,13.50688349481918,20.042271607351022,17.612831287090177,0.3389830508474576,0.19117647058823528,0.26507976071784645
dSPM,15,-10,case_weighted,186,4,0.8703618333845843,0.9236973786765157,1.80215076434721,24.279980080547936,19.917936366410473,21.92686401018199,17.508493748459838,0.4020452281010675,17.583612216427994,601.747311827957,24.279980080547936,19.917936366410473,21.92686401018199,17.508493748459838,0.3559322033898305,0.029411764705882353,0.19267198404785643
dSPM,15,-5,case_weighted,186,4,0.879097455457392,0.9299020420989604,1.7886884064694877,22.543919388154688,18.378336424514146,21.534845228303407,16.928006812672916,0.39370554149216075,16.843261055051276,490.36021505376345,22.543919388154688,18.378336424514146,21.534845228303407,16.928006812672916,0.3644067796610169,0.058823529411764705,0.21161515453639082
dSPM,15,0,case_weighted,186,4,0.8847991799878515,0.9341881164256587,1.7727743535321108,21.617860785577683,17.878342848495457,21.16022232400168,16.16257193823728,0.38672396700770323,16.02818325465661,437.3494623655914,21.617860785577683,17.878342848495457,21.16022232400168,16.16257193823728,0.3983050847457627,0.04411764705882353,0.22121136590229312
dSPM,15,5,case_weighted,186,4,0.8879340855418458,0.9393580666621119,1.7561485293336383,20.91867766210092,16.68877999809776,20.99366954925341,15.726493549874307,0.3750974729806758,15.846342160312647,396.7043010752688,20.91867766210092,16.68877999809776,20.99366954925341,15.726493549874307,0.3813559322033898,0.058823529411764705,0.22008973080757727
dSPM,15,10,case_weighted,186,4,0.8934279220769643,0.9420123985557184,1.7412803638539323,20.251207101610216,16.25973579297679,20.523809906702617,15.698191162892961,0.36303241144375825,16.01436389878879,375.3709677419355,20.251207101610216,16.25973579297679,20.523809906702617,15.698191162892961,0.4067796610169492,0.10294117647058823,0.2548604187437687
dSPM,15,15,case_weighted,186,4,0.8953951963212996,0.9446478200959684,1.7313921054625925,19.624537413984328,14.708427180697036,20.19741670161825,16.56841144954148,0.3424302152413655,16.3789141751078,369.73655913978496,19.624537413984328,14.708427180697036,20.19741670161825,16.56841144954148,0.3813559322033898,0.1323529411764706,0.2568544366899302
dSPM,15,20,case_weighted,186,4,0.8910701743050653,0.9464200991254887,1.7282023150733905,19.108289655064784,14.034968432548562,20.038799711205375,17.539056859501052,0.32391326340069454,17.539056859501052,373.71505376344084,19.108289655064784,14.034968432548562,20.038799711205375,17.539056859501052,0.3389830508474576,0.14705882352941177,0.2430209371884347
dSPM,20,-10,case_weighted,186,4,0.8689601397166831,0.92497392365911,1.7840371413192033,24.058606193487023,20.23230775440411,21.80352267295838,18.309978955542263,0.4082033870262915,18.21840634885716,502.005376344086,24.058606193487023,20.23230775440411,21.80352267295838,18.309978955542263,0.3135593220338983,0.04411764705882353,0.17883848454636092
dSPM,20,-5,case_weighted,186,4,0.8761997209877808,0.9290526880468192,1.7739401968271222,22.90741105511353,20.269930263998184,21.518806337397518,17.04892165741829,0.3968472858690616,17.15367318376716,465.6720430107527,22.90741105511353,20.269930263998184,21.518806337397518,17.04892165741829,0.3559322033898305,0.058823529411764705,0.2073778664007976
dSPM,20,0,case_weighted,186,4,0.8855256104957331,0.9346753998333427,1.7592848526465794,22.002489042728467,18.648353314517202,21.26500586063543,16.35130043380755,0.3922876804704469,16.35130043380755,434.1774193548387,22.002489042728467,18.648353314517202,21.26500586063543,16.35130043380755,0.4067796610169492,0.058823529411764705,0.23280159521435695
dSPM,20,5,case_weighted,186,4,0.8888555351119646,0.9384871302875585,1.745233286323205,21.25215254962562,16.79874980694315,20.860214261531745,16.275649552559713,0.3837839262033094,16.55671945745307,403.0860215053763,21.25215254962562,16.79874980694315,20.860214261531745,16.275649552559713,0.3983050847457627,0.07352941176470588,0.2359172482552343
dSPM,20,10,case_weighted,186,4,0.8926742329096978,0.9412379862972091,1.7338994221231392,20.773324309374807,16.5809249825087,20.491682441072953,16.104831471047454,0.3731964071601053,16.104831471047454,379.1559139784946,20.773324309374807,16.5809249825087,20.491682441072953,16.104831471047454,0.4067796610169492,0.10294117647058823,0.2548604187437687
dSPM,20,15,case_weighted,186,4,0.8941246642590716,0.9434383947476374,1.724928819665559,20.118379578892597,16.051864545625357,20.187759039869672,15.485248938229041,0.3606973611437518,15.485248938229041,364.64516129032256,20.118379578892597,16.051864545625357,20.187759039869672,15.485248938229041,0.4067796610169492,0.11764705882352941,0.2622133599202393
dSPM,20,20,case_weighted,186,4,0.8947687271359859,0.9454531050710793,1.7222123027673302,19.587423310482386,14.86558013661733,20.054728464430074,16.461155914281786,0.3447062480723503,16.461155914281786,363.8709677419355,19.587423310482386,14.86558013661733,20.054728464430074,16.461155914281786,0.3728813559322034,0.10294117647058823,0.2379112662013958
eLORETA,-10,-10,case_weighted,186,4,0.6276027778048375,0.7256274188963183,1.9486881497645543,70.21707742548747,50.82183207155667,23.919838441813457,22.59028432664553,0.40225454368040053,22.006499757730097,6717.548387096775,70.21707742548747,50.82183207155667,23.919838441813457,22.59028432664553,0.2457627118644068,0.0,0.1228813559322034
eLORETA,-10,-5,case_weighted,186,4,0.7255576559729421,0.8261635934880617,1.929864354591232,68.23220885607884,33.793515758032335,23.432470254999515,18.855732712934838,0.42110319568649374,19.285141620180656,6295.569892473119,68.23220885607884,33.793515758032335,23.432470254999515,18.855732712934838,0.2966101694915254,0.0,0.1483050847457627
eLORETA,-10,0,case_weighted,186,4,0.7928557517311106,0.8933759750533833,1.9035974254360741,59.23532418102262,17.301528991389155,23.095887217565732,17.25527966433297,0.4226028645368801,17.178216717768994,4921.344086021505,59.23532418102262,17.301528991389155,23.095887217565732,17.25527966433297,0.3898305084745763,0.0,0.19491525423728814
eLORETA,-10,5,case_weighted,186,4,0.8334808574106879,0.9256448776157368,1.866497694183353,39.291999719934594,8.679540152307366,22.53736126553541,16.89565547848445,0.3995319697267456,16.63720752000081,2747.451612903226,39.291999719934594,8.679540152307366,22.53736126553541,16.89565547848445,0.4067796610169492,0.014705882352941176,0.21074277168494518
eLORETA,-10,10,case_weighted,186,4,0.8608192438062676,0.9346741123358278,1.8241874187151235,24.831526997939758,7.751410854599033,21.66258116764089,16.600370384417268,0.37363248869131843,16.35451043595455,1058.215053763441,24.831526997939758,7.751410854599033,21.66258116764089,16.600370384417268,0.423728813559322,0.029411764705882353,0.2265702891326022
eLORETA,-10,15,case_weighted,186,4,0.8709603154005537,0.9359056168067789,1.793547357617814,22.33790857386442,7.719644236159855,20.934497827583435,16.942775633030156,0.37797031621822863,16.47903530394127,679.8440860215054,22.33790857386442,7.719644236159855,20.934497827583435,16.942775633030156,0.3728813559322034,0.014705882352941176,0.1937936191425723
eLORETA,-10,20,case_weighted,186,4,0.8711997706986726,0.9356660989265031,1.7824690312596547,22.557678528834607,7.707978438532422,20.522471996141967,16.44374924535677,0.38129259195279747,16.35900348773513,654.1344086021505,22.557678528834607,7.707978438532422,20.522471996141967,16.44374924535677,0.3813559322033898,0.029411764705882353,0.2053838484546361
eLORETA,-5,-10,case_weighted,186,4,0.652650695593311,0.7502837337282764,1.9321816215945824,69.40725276556681,41.289354146135146,23.767191346553105,20.98084994071868,0.3579965022608899,19.805691437768118,5902.510752688172,69.40725276556681,41.289354146135146,23.767191346553105,20.98084994071868,0.3050847457627119,0.0,0.15254237288135594
eLORETA,-5,-5,case_weighted,186,4,0.7338785244490967,0.8384992711909107,1.911552624128673,65.3520598892391,28.500843786782582,23.337056824928425,19.5882896601441,0.3738630724225037,18.634437804452094,5120.4838709677415,65.3520598892391,28.500843786782582,23.337056824928425,19.5882896601441,0.3559322033898305,0.0,0.17796610169491525
eLORETA,-5,0,case_weighted,186,4,0.7912701686889855,0.8993900560874872,1.8828588529305053,51.740511780762915,14.056281903435073,22.902781259328222,17.635822119087326,0.3795436540576771,17.600284901182672,3832.8225806451615,51.740511780762915,14.056281903435073,22.902781259328222,17.635822119087326,0.3305084745762712,0.029411764705882353,0.17996011964107678
eLORETA,-5,5,case_weighted,186,4,0.8314629488337322,0.9274039489338279,1.8478231395161613,34.309644928919816,8.536115173437421,22.533194845975178,17.12445948436982,0.363176148928103,17.354396776169597,2225.048387096774,34.309644928919816,8.536115173437421,22.533194845975178,17.12445948436982,0.3559322033898305,0.058823529411764705,0.2073778664007976
eLORETA,-5,10,case_weighted,186,4,0.8605473952054303,0.9388139888485864,1.810098674699154,22.934722551903793,7.764908904525211,21.709027625053974,16.89987447355783,0.35473084555189255,17.111552793250578,944.0322580645161,22.934722551903793,7.764908904525211,21.709027625053974,16.89987447355783,0.3728813559322034,0.07352941176470588,0.22320538384845465
eLORETA,-5,15,case_weighted,186,4,0.8702113365901362,0.9383880601358859,1.7834433994659717,21.100204584460364,7.7208752039554085,21.092417114995907,16.764882578212596,0.35914160465407374,16.812350122364307,620.252688172043,21.100204584460364,7.7208752039554085,21.092417114995907,16.764882578212596,0.3898305084745763,0.058823529411764705,0.2243270189431705
eLORETA,-5,20,case_weighted,186,4,0.8729901953540137,0.9363184679286433,1.7749518895080572,21.697502069210714,7.557995853112389,20.562735994350557,17.094989584725266,0.368285442834208,17.121924945790507,615.5430107526881,21.697502069210714,7.557995853112389,20.562735994350557,17.094989584725266,0.3813559322033898,0.029411764705882353,0.2053838484546361
eLORETA,0,-10,case_weighted,186,4,0.697966365777831,0.8131499735820178,1.907189454480522,63.816738234425685,29.642732970473116,23.228168482874263,20.318200493103923,0.33614052260911953,18.99382385675648,4709.919354838709,63.816738234425685,29.642732970473116,23.228168482874263,20.318200493103923,0.3474576271186441,0.0,0.17372881355932204
eLORETA,0,-5,case_weighted,186,4,0.7592807668967347,0.8673586539278172,1.8862418990796208,55.63535914258612,19.36324679527611,23.004874718200647,19.628041795462767,0.3547208886796181,17.89171881214865,3957.3333333333335,55.63535914258612,19.36324679527611,23.004874718200647,19.628041795462767,0.3389830508474576,0.0,0.1694915254237288
eLORETA,0,0,case_weighted,186,4,0.7976161353309368,0.9026139042765134,1.8579782124172701,42.66330270526256,11.84056756183601,22.699149033163387,17.18314771303937,0.3477066053028985,16.65601466262407,2990.069892473118,42.66330270526256,11.84056756183601,22.699149033163387,17.18314771303937,0.4067796610169492,0.058823529411764705,0.23280159521435695
eLORETA,0,5,case_weighted,186,4,0.8363126082920732,0.9278817645221298,1.8221584711027519,28.540936804324218,8.10429369049137,22.222079411523698,15.734231061627435,0.3390087048973105,15.889940633504501,1586.758064516129,28.540936804324218,8.10429369049137,22.222079411523698,15.734231061627435,0.423728813559322,0.10294117647058823,0.2633349950149551
eLORETA,0,10,case_weighted,186,4,0.8667169105793244,0.9430379926013275,1.7888506267516164,20.594702596099918,7.607255589031001,21.54321258451913,16.411318388182647,0.33678708719721606,16.070689449151512,703.1720430107526,20.594702596099918,7.607255589031001,21.54321258451913,16.411318388182647,0.4152542372881356,0.1323529411764706,0.2738035892323031
eLORETA,0,15,case_weighted,186,4,0.880301187128517,0.9428351478600405,1.7668210117004952,19.705863212320285,7.885342650371682,20.880619824553524,16.050656211474482,0.34124703032304565,16.35209091805637,549.6129032258065,19.705863212320285,7.885342650371682,20.880619824553524,16.050656211474482,0.3898305084745763,0.11764705882352941,0.25373878364905283
eLORETA,0,20,case_weighted,186,4,0.8751325173789217,0.9395415453860216,1.7621020133782175,20.50714279005286,7.849516012311361,20.572992096828838,17.472296915405636,0.35091189302453596,17.71199413893727,565.4462365591398,20.50714279005286,7.849516012311361,20.572992096828838,17.472296915405636,0.3728813559322034,0.07352941176470588,0.22320538384845465
eLORETA,5,-10,case_weighted,186,4,0.7497663775949641,0.8698024438650597,1.8728805024340722,49.035076128674135,20.326278297759263,22.963447820935166,18.536679456811637,0.3358509526107521,18.358842656891465,3457.2795698924733,49.035076128674135,20.326278297759263,22.963447820935166,18.536679456811637,0.3813559322033898,0.014705882352941176,0.1980309072781655
eLORETA,5,-5,case_weighted,186,4,0.7870670439846419,0.8952124686045161,1.853211375999737,42.131351195786394,13.975041369027739,22.544096198269695,17.531425955675832,0.33750292490584216,16.26809631213149,2915.9032258064517,42.131351195786394,13.975041369027739,22.544096198269695,17.531425955675832,0.4067796610169492,0.07352941176470588,0.24015453639082754
eLORETA,5,0,case_weighted,186,4,0.8145069909672655,0.9149543035944192,1.8263389593290134,34.19822568179735,9.271697965199326,22.25394898553508,16.980890884152462,0.32459877262229625,16.49384041422965,2054.8763440860216,34.19822568179735,9.271697965199326,22.25394898553508,16.980890884152462,0.4322033898305085,0.11764705882352941,0.27492522432701894
eLORETA,5,5,case_weighted,186,4,0.8486708689448139,0.9319443896460967,1.7948835295868217,23.466998118642113,8.82047295789843,21.81414090584714,15.575306010735167,0.3173884842401936,14.994590575203615,1054.9354838709678,23.466998118642113,8.82047295789843,21.81414090584714,15.575306010735167,0.4830508474576271,0.14705882352941177,0.3150548354935194
eLORETA,5,10,case_weighted,186,4,0.8762104751168877,0.9431502563626664,1.765293895629036,19.070311972388758,8.455214749003481,21.412397824855685,15.80316002752089,0.32198673836604264,16.04739637041377,550.0860215053764,19.070311972388758,8.455214749003481,21.412397824855685,15.80316002752089,0.3728813559322034,0.16176470588235295,0.26732303090727816
eLORETA,5,15,case_weighted,186,4,0.8869848406603341,0.9462047113556536,1.7471648727690463,18.76664517995488,7.927414643750073,20.681110349410012,15.846620359079445,0.3265339216970481,15.791511753958222,490.5860215053763,18.76664517995488,7.927414643750073,20.681110349410012,15.846620359079445,0.3728813559322034,0.19117647058823528,0.28202891326021934
eLORETA,5,20,case_weighted,186,4,0.8847922242168889,0.94331207422288,1.7445628199143761,19.318854932061345,7.78477584792494,20.194862318003327,16.556561895680748,0.33520034204709975,16.55492945368048,503.9569892473118,19.318854932061345,7.78477584792494,20.194862318003327,16.556561895680748,0.3813559322033898,0.17647058823529413,0.278913260219342
eLORETA,10,-10,case_weighted,186,4,0.7977822669889187,0.9061411631090789,1.8321737003414496,35.734947707436646,12.880435442109453,22.596936229960843,16.752854981175773,0.33802875345862887,16.74093480621502,2401.043010752688,35.734947707436646,12.880435442109453,22.596936229960843,16.752854981175773,0.4067796610169492,0.04411764705882353,0.22544865403788636
eLORETA,10,-5,case_weighted,186,4,0.8157247893303334,0.9149583218137909,1.8153156775325952,31.13524540512899,9.609745846540461,22.16738319435894,16.014919439502886,0.325897249231822,15.94631881606129,1884.6129032258063,31.13524540512899,9.609745846540461,22.16738319435894,16.014919439502886,0.423728813559322,0.1323529411764706,0.2780408773678963
eLORETA,10,0,case_weighted,186,4,0.8424513967930838,0.928088828639073,1.7926801176200742,25.023220215549138,9.168238590128428,21.8639057699727,15.676753690648706,0.321315313201924,15.648686259590251,1306.967741935484,25.023220215549138,9.168238590128428,21.8639057699727,15.676753690648706,0.4576271186440678,0.14705882352941177,0.3023429710867398
eLORETA,10,5,case_weighted,186,4,0.8644692500803156,0.9385782501408743,1.7669598903355228,20.083620664739186,8.625129644012025,21.50369427700287,15.324844370137999,0.31594357221769814,15.375044302860589,712.6989247311828,20.083620664739186,8.625129644012025,21.50369427700287,15.324844370137999,0.423728813559322,0.17647058823529413,0.3000997008973081
eLORETA,10,10,case_weighted,186,4,0.8820062653072179,0.9434912122322381,1.7432078871140684,18.132956890621358,8.81347115646538,21.19380821369785,15.04395219829618,0.3146399547878511,15.341578979440806,478.9032258064516,18.132956890621358,8.81347115646538,21.19380821369785,15.04395219829618,0.423728813559322,0.19117647058823528,0.30745264207377865
eLORETA,10,15,case_weighted,186,4,0.8900092657475435,0.9479579731966813,1.728629242529055,18.132708081845276,8.560611246425632,20.820492082102113,15.639637715663866,0.3178604253997738,15.738135825953792,454.3225806451613,18.132708081845276,8.560611246425632,20.820492082102113,15.639637715663866,0.3983050847457627,0.16176470588235295,0.28003489531405784
eLORETA,10,20,case_weighted,186,4,0.8919994246272449,0.9473302547854132,1.7262150760861312,18.478548206288895,7.830686684800705,20.298949138832313,15.832929958519884,0.32490426083051505,15.832929958519884,458.758064516129,18.478548206288895,7.830686684800705,20.298949138832313,15.832929958519884,0.3813559322033898,0.20588235294117646,0.29361914257228316
eLORETA,15,-10,case_weighted,186,4,0.8410615248655455,0.9235209422914052,1.7939688226120187,26.27504065395804,9.577311212310397,22.215173260440295,16.61293287616219,0.33461441428082017,16.69025622602539,1447.4193548387098,26.27504065395804,9.577311212310397,22.215173260440295,16.61293287616219,0.3813559322033898,0.10294117647058823,0.242148554336989
eLORETA,15,-5,case_weighted,186,4,0.850456076145753,0.9281095312270922,1.781341131010028,23.42368431968429,9.632120587671197,21.742079744774216,15.046517834494209,0.32683471789926183,15.08229273797498,1135.967741935484,23.42368431968429,9.632120587671197,21.742079744774216,15.046517834494209,0.4406779661016949,0.10294117647058823,0.2718095712861416
eLORETA,15,0,case_weighted,186,4,0.8668332038053717,0.935397224646507,1.7637186528004025,20.60209571515641,9.157349532183012,21.522741457787525,14.893690101116285,0.31894141959838995,14.928792940010462,793.4032258064516,20.60209571515641,9.157349532183012,21.522741457787525,14.893690101116285,0.4322033898305085,0.16176470588235295,0.29698404785643073
eLORETA,15,5,case_weighted,186,4,0.876705178024529,0.9416200762742017,1.7441330869225395,18.538838095574327,9.36539537506396,21.398768080572523,15.368607895489417,0.31379098589666415,15.368607889843755,525.2795698924731,18.538838095574327,9.36539537506396,21.398768080572523,15.368607895489417,0.4322033898305085,0.17647058823529413,0.3043369890329013
eLORETA,15,10,case_weighted,186,4,0.8900138823663595,0.9468272535925728,1.7256537489781394,17.804763809346444,8.718774167375638,21.009553341969607,14.854726920411995,0.31234119323115705,14.877953699816839,453.26881720430106,17.804763809346444,8.718774167375638,21.009553341969607,14.854726920411995,0.4491525423728814,0.20588235294117646,0.32751744765702895
eLORETA,15,15,case_weighted,186,4,0.8943345949359023,0.9480674606887363,1.7146259414583158,17.745688789270616,8.474214376622054,20.74135546591737,15.056229061693028,0.31338848368532213,15.01351573517828,436.4516129032258,17.745688789270616,8.474214376622054,20.74135546591737,15.056229061693028,0.4406779661016949,0.20588235294117646,0.3232801595214357
eLORETA,15,20,case_weighted,186,4,0.8952029842665152,0.9496226566794937,1.7119273655542804,17.976732065916757,8.327677168541994,20.46024622718795,15.593560243967826,0.31657933350249173,15.672052592182226,437.10215053763443,17.976732065916757,8.327677168541994,20.46024622718795,15.593560243967826,0.4067796610169492,0.19117647058823528,0.29897806580259223
eLORETA,20,-10,case_weighted,186,4,0.8670287033229581,0.9323197772824118,1.7696280608626094,22.70935185613385,9.744235012912664,22.087665547473076,17.59486823042582,0.3424636282411972,17.581115884323918,847.6827956989247,22.70935185613385,9.744235012912664,22.087665547473076,17.59486823042582,0.3474576271186441,0.10294117647058823,0.22519940179461617
eLORETA,20,-5,case_weighted,186,4,0.8710950473167937,0.9348643587238489,1.7602547145669716,21.087139476209483,9.669284408901229,21.73873863214464,17.41776568757323,0.3317487436618049,17.55215436961202,701.4354838709677,21.087139476209483,9.669284408901229,21.73873863214464,17.41776568757323,0.3559322033898305,0.10294117647058823,0.22943668993020938
eLORETA,20,0,case_weighted,186,4,0.8799202451354534,0.9393109763975535,1.745827072311764,19.618955718218956,9.486887185460407,21.49671777890499,15.759898715634002,0.3223099320662021,15.724795868046288,568.6021505376344,19.618955718218956,9.486887185460407,21.49671777890499,15.759898715634002,0.4491525423728814,0.16176470588235295,0.30545862412761715
eLORETA,20,5,case_weighted,186,4,0.8877400420695888,0.942513007680033,1.7304232504748027,18.462385882756454,9.377188046615712,21.191762576617283,14.94604365241928,0.31533411226867974,14.94604365241928,492.5967741935484,18.462385882756454,9.377188046615712,21.191762576617283,14.94604365241928,0.4661016949152542,0.17647058823529413,0.3212861415752742
eLORETA,20,10,case_weighted,186,4,0.8925775119901962,0.9461484383860038,1.7167502230643445,17.911609259307024,9.329254933802591,20.91180923922521,14.645524502440372,0.31280924634354634,14.765373112878711,453.09139784946234,17.911609259307024,9.329254933802591,20.91180923922521,14.645524502440372,0.4491525423728814,0.17647058823529413,0.31281156530408777
eLORETA,20,15,case_weighted,186,4,0.8961472004541926,0.9492147769627088,1.7060010297251955,17.575734693351247,8.988036090796724,20.68362922751429,15.364958631190618,0.31130583342657736,15.39189399079378,430.05913978494624,17.575734693351247,8.988036090796724,20.68362922751429,15.364958631190618,0.4152542372881356,0.20588235294117646,0.310568295114656
eLORETA,20,20,case_weighted,186,4,0.8967354411998433,0.9496112722276508,1.7028700186512251,17.6741502131737,8.338490413609387,20.65603877823125,15.693625909835632,0.3131778117638811,15.693625909835632,425.741935483871,17.6741502131737,8.338490413609387,20.65603877823125,15.693625909835632,0.3813559322033898,0.19117647058823528,0.28626620139581255
sLORETA,-10,-10,case_weighted,186,4,0.6940158680442075,0.7409997914394183,1.952108780590613,63.69686294895989,64.43959466723106,23.915567753750068,20.87272385681596,0.4884166126383761,21.860385188400585,2673.1021505376343,63.69686294895989,64.43959466723106,23.915567753750068,20.87272385681596,0.2457627118644068,0.0,0.1228813559322034
sLORETA,-10,-5,case_weighted,186,4,0.7390981575863118,0.7800707683776076,1.936711428841685,60.73361118402698,50.59710289502355,23.422997018497945,18.388419394322398,0.516407236031858,19.25429489782259,2338.6827956989246,60.73361118402698,50.59710289502355,23.422997018497945,18.388419394322398,0.288135593220339,0.0,0.1440677966101695
sLORETA,-10,0,case_weighted,186,4,0.7787638927408689,0.8245636706278271,1.9163589247417698,56.411666701158005,29.476070228364726,23.091988686699782,16.867701639859863,0.5144373321736991,17.348105468402114,1884.3655913978494,56.411666701158005,29.476070228364726,23.091988686699782,16.867701639859863,0.3898305084745763,0.0,0.19491525423728814
sLORETA,-10,5,case_weighted,186,4,0.8188212834614044,0.8708315857077119,1.8881625391558876,47.72998705380703,18.740592200616003,22.557121562414583,16.870726334511563,0.4854268415708522,16.478417085034383,1264.3978494623657,47.72998705380703,18.740592200616003,22.557121562414583,16.870726334511563,0.4152542372881356,0.0,0.2076271186440678
sLORETA,-10,10,case_weighted,186,4,0.8478956191488871,0.9024232372314259,1.8545728979432659,33.605832000482515,16.10720480853775,21.705556069803478,16.824995113756174,0.4521255124127977,16.1459110200853,666.252688172043,33.605832000482515,16.10720480853775,21.705556069803478,16.824995113756174,0.4322033898305085,0.0,0.21610169491525424
sLORETA,-10,15,case_weighted,186,4,0.8571169293129922,0.9179360500636433,1.8297092393018335,26.258989680727495,16.038209046033657,20.95593364391041,16.8565311462547,0.44845985843503344,17.04602842858215,424.3494623655914,26.258989680727495,16.038209046033657,20.95593364391041,16.8565311462547,0.3898305084745763,0.014705882352941176,0.20226819541375873
sLORETA,-10,20,case_weighted,186,4,0.8586765909092516,0.922289320199583,1.8198740037196313,25.800333029380983,15.888174559033217,20.537294754067265,16.889659083050045,0.44247394721442607,16.889659083050045,387.13978494623655,25.800333029380983,15.888174559033217,20.537294754067265,16.889659083050045,0.4152542372881356,0.014705882352941176,0.2149800598205384
sLORETA,-5,-10,case_weighted,186,4,0.7373334581870462,0.7910450456537701,1.9358016859951328,63.47876992884882,52.69085729788659,23.729330326269316,19.742277956234727,0.45094307229368286,19.65309944410746,2858.0860215053763,63.47876992884882,52.69085729788659,23.729330326269316,19.742277956234727,0.2796610169491525,0.0,0.13983050847457626
sLORETA,-5,-5,case_weighted,186,4,0.782989847226331,0.833241046017708,1.9179586290930615,58.75575299790978,37.36855118876164,23.278867598171924,18.696626493967038,0.47456852156217405,17.92285986905298,2124.8924731182797,58.75575299790978,37.36855118876164,23.278867598171924,18.696626493967038,0.3644067796610169,0.0,0.18220338983050846
sLORETA,-5,0,case_weighted,186,4,0.8104650688971636,0.8643699180162038,1.8949738519077746,51.59140220624139,23.00171679113424,22.8619808237408,17.36673055600118,0.46782290254534237,17.213741778310098,1462.967741935484,51.59140220624139,23.00171679113424,22.8619808237408,17.36673055600118,0.3728813559322034,0.0,0.1864406779661017
sLORETA,-5,5,case_weighted,186,4,0.8365269507934187,0.8906992640954148,1.869056286866673,40.91147219077325,17.046524997929385,22.501205020857192,17.191547153195813,0.4450051784726816,17.404223013931954,923.3655913978495,40.91147219077325,17.046524997929385,22.501205020857192,17.191547153195813,0.3728813559322034,0.0,0.1864406779661017
sLORETA,-5,10,case_weighted,186,4,0.8538219574550189,0.9113365977989893,1.840556422301083,29.262637526642433,16.217504200485898,21.77189541510046,17.288456971758524,0.43013004644332337,17.631612621876393,540.7795698924731,29.262637526642433,16.217504200485898,21.77189541510046,17.288456971758524,0.3728813559322034,0.0,0.1864406779661017
sLORETA,-5,15,case_weighted,186,4,0.8611636785231135,0.9213708783343868,1.8200722978917483,24.939511988474887,15.824792038329782,21.102893515832932,17.218260880198304,0.43299496946699595,17.243020854719706,397.63978494623655,24.939511988474887,15.824792038329782,21.102893515832932,17.218260880198304,0.3813559322033898,0.0,0.1906779661016949
sLORETA,-5,20,case_weighted,186,4,0.8626088867901031,0.9229980451514395,1.812935087279499,25.040013760212396,15.526623130195494,20.543489351980494,17.43270691583951,0.4378894939182045,17.53745844928512,378.2043010752688,25.040013760212396,15.526623130195494,20.543489351980494,17.43270691583951,0.3813559322033898,0.014705882352941176,0.1980309072781655
sLORETA,0,-10,case_weighted,186,4,0.7734933514542881,0.8458430348745288,1.9126382051444704,61.675415658902466,37.28566885317599,23.19515833960498,18.909497665019682,0.41521717444902406,18.4728733488395,2708.2204301075267,61.675415658902466,37.28566885317599,23.19515833960498,18.909497665019682,0.3728813559322034,0.0,0.1864406779661017
sLORETA,0,-5,case_weighted,186,4,0.8147956250754739,0.8748190360914154,1.8920976758401022,53.760407301369625,25.923308233820524,22.940427379645598,18.89347788394105,0.4346799279318856,17.471765191724337,1823.9569892473119,53.760407301369625,25.923308233820524,22.940427379645598,18.89347788394105,0.3644067796610169,0.0,0.18220338983050846
sLORETA,0,0,case_weighted,186,4,0.8385266667031565,0.8938584078748709,1.8696713439739099,42.77292829371535,17.95907354799654,22.503892975192997,16.248232686564148,0.43294586755334125,16.654269155039643,1072.3870967741937,42.77292829371535,17.95907354799654,22.503892975192997,16.248232686564148,0.423728813559322,0.0,0.211864406779661
sLORETA,0,5,case_weighted,186,4,0.8544936912666358,0.909459220549713,1.8432040785080308,32.00187179673164,17.729457795807303,22.03598647430328,16.385327691426202,0.4189747017988649,16.586583721197297,625.4408602150538,32.00187179673164,17.729457795807303,22.03598647430328,16.385327691426202,0.3983050847457627,0.0,0.19915254237288135
sLORETA,0,10,case_weighted,186,4,0.8663682765971575,0.9227467791401996,1.8193361158571846,25.310493213532283,17.115954701258097,21.435576125488087,15.968860346535505,0.41133136851780944,15.991567910217936,427.0698924731183,25.310493213532283,17.115954701258097,21.435576125488087,15.968860346535505,0.423728813559322,0.0,0.211864406779661
sLORETA,0,15,case_weighted,186,4,0.8706486693294285,0.9260947547634703,1.8037686145094538,23.807179675252996,16.883127837805844,20.801155682000758,16.97395846991152,0.41348318492927766,17.08587517433303,362.6989247311828,23.807179675252996,16.883127837805844,20.801155682000758,16.97395846991152,0.3983050847457627,0.029411764705882353,0.21385842472582253
sLORETA,0,20,case_weighted,186,4,0.8677597003415133,0.9275338814347838,1.8000161359842082,23.670746347050517,15.615959703638817,20.594180872128057,17.785379494350675,0.41998350216208463,18.102212010048373,356.7903225806452,23.670746347050517,15.615959703638817,20.594180872128057,17.785379494350675,0.3728813559322034,0.014705882352941176,0.1937936191425723
sLORETA,5,-10,case_weighted,186,4,0.8012920066086772,0.8816339578873499,1.8834775935568226,54.498588473996314,25.529906381822055,22.90505758700417,19.27459119404727,0.40450420933873105,18.465912678156798,2109.7795698924733,54.498588473996314,25.529906381822055,22.90505758700417,19.27459119404727,0.3559322033898305,0.0,0.17796610169491525
sLORETA,5,-5,case_weighted,186,4,0.8309569345151003,0.9028361327112862,1.8610801286903982,44.21319899257927,16.46844281246334,22.466251590069568,17.527181166064103,0.39851596180271925,16.607555795142645,1353.8010752688172,44.21319899257927,16.46844281246334,22.466251590069568,17.527181166064103,0.3983050847457627,0.0,0.19915254237288135
sLORETA,5,0,case_weighted,186,4,0.8543716384681261,0.915660837476628,1.8373836567442148,32.35863114154574,15.112823707836956,22.04291426634425,17.511509607593563,0.39476204347108096,17.21108316305289,713.741935483871,32.35863114154574,15.112823707836956,22.04291426634425,17.511509607593563,0.3813559322033898,0.014705882352941176,0.1980309072781655
sLORETA,5,5,case_weighted,186,4,0.8683018040134823,0.9233864036840963,1.8149240188890277,25.81037058112239,16.85893045742921,21.53929840485781,15.516360575759663,0.39688761013246676,15.427661768736588,455.494623655914,25.81037058112239,16.85893045742921,21.53929840485781,15.516360575759663,0.4576271186440678,0.04411764705882353,0.25087238285144564
sLORETA,5,10,case_weighted,186,4,0.8765339555356995,0.929870650092321,1.7970393544833994,23.29875630913508,17.28394310368323,21.098038225990702,16.09462798182843,0.39889693225369416,16.128386092428702,359.98387096774195,23.29875630913508,17.28394310368323,21.098038225990702,16.09462798182843,0.3813559322033898,0.014705882352941176,0.1980309072781655
sLORETA,5,15,case_weighted,186,4,0.8787611848554069,0.9311475599740844,1.7862044223774758,23.13078319304687,17.14267625477923,20.426442071903068,16.43176319136224,0.3999378384793598,16.461155570927314,328.9516129032258,23.13078319304687,17.14267625477923,20.426442071903068,16.43176319136224,0.3898305084745763,0.04411764705882353,0.2169740777666999
sLORETA,5,20,case_weighted,186,4,0.8759931835853393,0.9318039351035733,1.784700368429952,23.174255871927166,16.497001045684396,20.154511580856568,16.142768169734182,0.40506494243483576,16.203173922877298,329.758064516129,23.174255871927166,16.497001045684396,20.154511580856568,16.142768169734182,0.423728813559322,0.014705882352941176,0.2192173479561316
sLORETA,10,-10,case_weighted,186,4,0.8272821197565934,0.9064727030548262,1.8488804615879189,39.117691430394295,16.780088553294867,22.520803707150623,16.92850924301195,0.3885256936678575,16.84107780220308,1410.274193548387,39.117691430394295,16.780088553294867,22.520803707150623,16.92850924301195,0.4067796610169492,0.0,0.2033898305084746
sLORETA,10,-5,case_weighted,186,4,0.8466350178058417,0.9167652035126024,1.8283085969872614,32.051894113719854,13.86632923851242,22.01172730537592,17.093502374666624,0.3756480224178916,16.04906082703316,888.236559139785,32.051894113719854,13.86632923851242,22.01172730537592,17.093502374666624,0.423728813559322,0.0,0.211864406779661
sLORETA,10,0,case_weighted,186,4,0.8665008052598089,0.9278811830797643,1.8042220565403804,24.71316032158679,13.726754455438705,21.61579781013835,15.242061676593856,0.37439967326245477,15.51251402304491,501.8225806451613,24.71316032158679,13.726754455438705,21.61579781013835,15.242061676593856,0.4491525423728814,0.014705882352941176,0.23192921236291128
sLORETA,10,5,case_weighted,186,4,0.8788203246830132,0.9341158991206387,1.7853636688813563,22.35776562255349,15.262934860508304,21.187074143326086,16.81363457250601,0.37816473845342063,16.48985134933596,378.8333333333333,22.35776562255349,15.262934860508304,21.187074143326086,16.81363457250601,0.4152542372881356,0.058823529411764705,0.23703888334995016
sLORETA,10,10,case_weighted,186,4,0.8826997554328223,0.9350673194906001,1.7744862582253584,22.244229477974013,17.225725131296883,20.739201219816877,15.371470371096065,0.39512205756858826,15.371470371096065,334.7043010752688,22.244229477974013,17.225725131296883,20.739201219816877,15.371470371096065,0.423728813559322,0.04411764705882353,0.23392323030907278
sLORETA,10,15,case_weighted,186,4,0.8830916484852975,0.9363730240724485,1.769442656646284,22.460108120627908,17.148307206148335,20.45342816955529,15.578490879875202,0.3963900997061206,15.578490879875202,316.31720430107526,22.460108120627908,17.148307206148335,20.45342816955529,15.578490879875202,0.423728813559322,0.058823529411764705,0.24127617148554337
sLORETA,10,20,case_weighted,186,4,0.8836797686367699,0.9364865291041843,1.7693486564572167,22.710289810667547,16.87119962543782,20.068117447257563,16.12907524688232,0.39814107807664667,16.12907524688232,311.05913978494624,22.710289810667547,16.87119962543782,20.068117447257563,16.12907524688232,0.4152542372881356,0.04411764705882353,0.22968594217347957
sLORETA,15,-10,case_weighted,186,4,0.8503467582614795,0.9192120733624413,1.8148872142765367,28.736464582003528,14.91289391947209,22.15763919811063,15.74292640549704,0.3829837737320156,16.319931783393262,887.9032258064516,28.736464582003528,14.91289391947209,22.15763919811063,15.74292640549704,0.3983050847457627,0.014705882352941176,0.20650548354935194
sLORETA,15,-5,case_weighted,186,4,0.8617962581350216,0.9255330621304078,1.7987068620894133,24.741708346783525,14.16117269676917,21.726962307980955,15.42411719083447,0.3744881377757724,15.631701053556702,637.3064516129032,24.741708346783525,14.16117269676917,21.726962307980955,15.42411719083447,0.4322033898305085,0.014705882352941176,0.22345463609172483
sLORETA,15,0,case_weighted,186,4,0.8740932879341378,0.9313934974850607,1.7797679002368794,21.824719779171627,14.082701843708385,21.34248561341602,15.516633068874807,0.36744145749526075,15.454594854992866,454.96774193548384,21.824719779171627,14.082701843708385,21.34248561341602,15.516633068874807,0.4322033898305085,0.04411764705882353,0.23816051844466601
sLORETA,15,5,case_weighted,186,4,0.8816292865475361,0.9386374102898923,1.761486112606443,21.034381476736918,14.285745814759714,21.13222633741196,16.426670130194662,0.3679163347421056,16.36463191631272,369.10215053763443,21.034381476736918,14.285745814759714,21.13222633741196,16.426670130194662,0.4152542372881356,0.04411764705882353,0.22968594217347957
sLORETA,15,10,case_weighted,186,4,0.8865627536769891,0.9395127100049916,1.7528729157110863,21.277037913995436,15.871908032997148,20.676827060450968,15.500919887870785,0.3767099101219567,15.465817039237663,330.4301075268817,21.277037913995436,15.871908032997148,20.676827060450968,15.500919887870785,0.4491525423728814,0.07352941176470588,0.2613409770687936
sLORETA,15,15,case_weighted,186,4,0.8879862923509306,0.9399797454186958,1.7531255699897703,21.874178988566918,16.691669865494507,20.339617958339105,15.621582601729985,0.38944325013977954,15.621582601729985,316.48924731182797,21.874178988566918,16.691669865494507,20.339617958339105,15.621582601729985,0.4067796610169492,0.07352941176470588,0.24015453639082754
sLORETA,15,20,case_weighted,186,4,0.8851574335605429,0.938994248310608,1.7568697526447248,22.270373059053334,17.24128571083697,20.09302353869054,16.092842719926058,0.39518165152378876,16.092842719926058,306.0537634408602,22.270373059053334,17.24128571083697,20.09302353869054,16.092842719926058,0.3983050847457627,0.08823529411764706,0.2432701894317049
sLORETA,20,-10,case_weighted,186,4,0.863421028435694,0.9266859899496679,1.791434423605429,24.840193994850292,14.966120289563177,22.060956221484094,17.247250305983,0.3896188957796505,17.394034275460346,663.7150537634409,24.840193994850292,14.966120289563177,22.060956221484094,17.247250305983,0.3305084745762712,0.014705882352941176,0.1726071784646062
sLORETA,20,-5,case_weighted,186,4,0.8687414238805246,0.9295170415863919,1.781366494105593,23.068922185134987,13.770650946902284,21.748958467913727,16.632123212271466,0.3786922719982049,16.512274606016703,556.0483870967741,23.068922185134987,13.770650946902284,21.748958467913727,16.632123212271466,0.4152542372881356,0.0,0.2076271186440678
sLORETA,20,0,case_weighted,186,4,0.8779387729300624,0.9349796440230344,1.7661732941908028,21.72980850333485,13.405374708371074,21.401599149407495,14.712333943038228,0.3689911529698009,15.176207527374823,462.19354838709677,21.72980850333485,13.405374708371074,21.401599149407495,14.712333943038228,0.4576271186440678,0.07352941176470588,0.2655782652043868
sLORETA,20,5,case_weighted,186,4,0.8834239906329124,0.9390787818871628,1.7501958556971917,20.85084630667932,13.60185429755684,21.01323684602093,15.391752940098105,0.3634724111069066,15.391752940098105,395.63978494623655,20.85084630667932,13.60185429755684,21.01323684602093,15.391752940098105,0.4322033898305085,0.058823529411764705,0.2455134596211366
sLORETA,20,10,case_weighted,186,4,0.8886075467235763,0.9424115395490722,1.7392780165348987,20.753376939808888,14.350478728036107,20.620315848474345,16.26148279216644,0.36698484031578327,15.994850210224518,348.5752688172043,20.753376939808888,14.350478728036107,20.620315848474345,16.26148279216644,0.4406779661016949,0.1323529411764706,0.28651545363908276
sLORETA,20,15,case_weighted,186,4,0.8885631994654358,0.9426811133670704,1.7375614607821366,21.08772114228276,15.250182110490192,20.325327244316238,15.611638679873993,0.3749362126823674,15.611638679873993,321.11290322580646,21.08772114228276,15.250182110490192,20.325327244316238,15.611638679873993,0.4152542372881356,0.08823529411764706,0.25174476570289134
sLORETA,20,20,case_weighted,186,4,0.887663200157247,0.9408935636719435,1.745629164567208,21.87340105664098,17.09935893375874,20.1666540847322,16.267964553320628,0.39039485696210396,16.267964564195275,310.8440860215054,21.87340105664098,17.09935893375874,20.1666540847322,16.267964553320628,0.3898305084745763,0.058823529411764705,0.2243270189431705
