method,eeg_snr_db,meg_snr_db,aggregation,case_count,scenario_count,auc,auc_tie_corrected,rmse,surface_sd_mm,surface_dle_mm,deep_sd_mm,deep_dle_mm,surface_sd_mm_penalized,surface_dle_mm_penalized,deep_sd_mm_penalized,deep_dle_mm_penalized,deep_score,deep_peak_distance_mm,active_count,deep_sensitivity,deep_specificity,deep_balanced_accuracy
Dipole fitting (grid),-10,-10,scenario_macro,186,4,0.5478250917502444,0.5504151679133713,1.7327277960243181,9.436364458574786,18.598715025783562,3.749999873450805,3.749999873450805,9.436364458574786,18.598715025783562,195.64925985913962,195.64925985913962,0.125,3.749999873450805,1.2757352941176472,0.16666666666666666,1.0,0.5833333333333334
Dipole fitting (grid),-10,-5,scenario_macro,186,4,0.6039034416542932,0.6071012613637321,1.4883208781170472,8.371639422868071,11.856617722399548,5.714285945656643,5.714285945656643,8.371639422868071,11.856617722399548,165.08910562166105,165.08910562166105,0.22242647058823528,5.714285945656643,1.46875,0.2965686274509804,1.0,0.6482843137254902
Dipole fitting (grid),-10,0,scenario_macro,186,4,0.6230295860129865,0.6262107288986744,1.3607872450491914,7.338520214764611,11.774586522150193,3.958333120250753,3.958333120250754,7.338520214764611,11.774586522150193,153.09250918594938,153.09250918594938,0.25862605961157353,3.958333120250754,1.6011029411764706,0.34803921568627455,1.0,0.6740196078431373
Dipole fitting (grid),-10,5,scenario_macro,186,4,0.6409284067414136,0.6404277243258503,1.2865752136232316,8.126766501844871,10.775537392770227,2.4523408001283475,2.4523408001283475,8.126766501844871,10.775537392770227,145.91097715759577,145.91097715759577,0.27279142689145164,2.4523408001283475,1.7389705882352942,0.37254901960784315,1.0,0.6862745098039216
Dipole fitting (grid),-10,10,scenario_macro,186,4,0.6447916551117814,0.6401188679248523,1.2716430846274744,6.014097061144192,11.652754872099848,4.285714047093089,4.285714047093089,6.014097061144192,11.652754872099848,137.9583010781321,137.9583010781321,0.2963225516193703,4.285714047093089,1.838235294117647,0.41176470588235287,0.9852941176470589,0.6985294117647058
Dipole fitting (grid),-10,15,scenario_macro,186,4,0.6443938098644384,0.6404800651125159,1.2664264009851651,7.325774398509203,11.316304573258032,3.939393893116325,3.939393893116325,7.325774398509203,11.316304573258032,139.10550262021331,139.10550262021331,0.28454405090415413,3.939393893116325,1.9283088235294117,0.40686274509803927,1.0,0.7034313725490197
Dipole fitting (grid),-10,20,scenario_macro,186,4,0.6444993238640877,0.6408091317320959,1.2693025339210633,6.8972497977142275,11.475640656040419,3.939393750626902,3.939393750626902,6.8972497977142275,11.475640656040419,139.1055026107097,139.1055026107097,0.28747869569840606,3.939393750626902,1.9393382352941178,0.40686274509803927,1.0,0.7034313725490197
Dipole fitting (grid),-5,-10,scenario_macro,186,4,0.5723854128542571,0.575408811334007,1.6362761238860466,6.888282207416506,13.830924107097756,1.999999958825289,1.999999958825289,6.888282207416506,13.830924107097756,185.6897135443082,185.6897135443082,0.15625,1.999999958825289,1.3198529411764706,0.20833333333333334,1.0,0.6041666666666666
Dipole fitting (grid),-5,-5,scenario_macro,186,4,0.6360230057241671,0.6393839958873881,1.3653139916127677,5.73540992529469,9.319828866620767,4.999999699676777,4.999999699676777,5.73540992529469,9.319828866620767,154.92122598037648,154.92122598037648,0.2523648550686813,4.999999699676777,1.625,0.338235294117647,1.0,0.6691176470588235
Dipole fitting (grid),-5,0,scenario_macro,186,4,0.6406255184509967,0.6412287280705314,1.290854750815466,5.190763904620073,9.831333726639429,0.999999939935355,0.999999939935355,5.190763904620073,9.831333726639429,150.3324198655475,150.3324198655475,0.26605521106934504,0.999999939935355,1.65625,0.35784313725490197,1.0,0.678921568627451
Dipole fitting (grid),-5,5,scenario_macro,186,4,0.642553936117755,0.6415745914241044,1.2814164404977673,6.425519785184098,9.59366889986228,1.8967852619641492,1.8967852619641492,6.425519785184098,9.59366889986228,145.86195755128716,145.86195755128716,0.2754123016787576,1.8967852619641492,1.6930147058823528,0.37254901960784315,1.0,0.6862745098039216
Dipole fitting (grid),-5,10,scenario_macro,186,4,0.6451988307598,0.6415352985896318,1.2628951170031675,6.7544684334430976,10.575785520899617,2.471404436112601,2.471404436112601,6.7544684334430976,10.575785520899617,140.17496951642724,140.17496951642724,0.2821388887725911,2.471404436112601,1.9898897058823528,0.39705882352941174,1.0,0.6985294117647058
Dipole fitting (grid),-5,15,scenario_macro,186,4,0.6460485809287294,0.6405146528096785,1.266353879537459,6.443784252396938,10.318943687132178,3.84615376697171,3.84615376697171,6.443784252396938,10.318943687132178,136.81109955716553,136.81109955716553,0.2883585892814472,3.84615376697171,1.9742647058823528,0.4166666666666667,1.0,0.7083333333333334
Dipole fitting (grid),-5,20,scenario_macro,186,4,0.6433009587993495,0.6399700163547656,1.2723631099652186,7.114872336116601,12.50441561006465,2.9629628727209547,2.9629628727209547,7.114872336116601,12.50441561006465,139.10550261070966,139.10550261070966,0.2872969148038902,2.9629628727209547,1.9200367647058822,0.40686274509803916,1.0,0.7034313725490196
Dipole fitting (grid),0,-10,scenario_macro,186,4,0.6301564321561139,0.6320519181550972,1.3993345559566202,3.778548112233158,10.958920638015783,3.333333133117851,3.333333133117851,3.778548112233158,10.958920638015783,156.40424749615931,156.40424749615931,0.2461452539666368,3.333333133117851,1.401654411764706,0.3321078431372549,1.0,0.6660539215686274
Dipole fitting (grid),0,-5,scenario_macro,186,4,0.6316504880185263,0.6327969187449517,1.355007194825716,4.782454343129758,9.771534084092396,4.720178011958125,4.720178011958125,4.782454343129758,9.771534084092396,149.5118954641136,149.5118954641136,0.26882349200781774,4.720178011958125,1.5275735294117647,0.35784313725490197,1.0,0.678921568627451
Dipole fitting (grid),0,0,scenario_macro,186,4,0.6446723554271241,0.6430835012228686,1.2653261822521102,4.350478464515175,8.316274476913739,1.1111111720609435,1.1111111720609435,4.350478464515175,8.316274476913739,145.79263336688393,145.79263336688393,0.2750429928149199,1.1111111720609435,1.6332720588235294,0.37745098039215685,1.0,0.6887254901960784
Dipole fitting (grid),0,5,scenario_macro,186,4,0.6461229145488324,0.6428563457468827,1.2602923686354346,5.333306574638112,9.290159975187368,1.538461550988489,1.538461550988489,5.333306574638112,9.290159975187368,141.3018664639599,141.3018664639599,0.28535712516383405,1.538461550988489,1.754595588235294,0.39705882352941174,1.0,0.6985294117647058
Dipole fitting (grid),0,10,scenario_macro,186,4,0.6505090860255449,0.6433934277380101,1.238855013916687,4.8647840559921,9.467359115694682,0.6190291136173751,0.6190291136173751,4.8647840559921,9.467359115694682,136.63532571729453,136.63532571729453,0.2891284910764021,0.6190291136173751,1.9145220588235292,0.411764705882353,1.0,0.7058823529411765
Dipole fitting (grid),0,15,scenario_macro,186,4,0.6491402281359433,0.6416162029004921,1.2452487244683172,6.113853286112064,10.237025610307901,0.5128204820181309,0.5128204820181309,6.113853286112064,10.237025610307901,136.61502112595937,136.61502112595937,0.2932786058409192,0.5128204820181309,1.9917279411764708,0.4166666666666667,1.0,0.7083333333333334
Dipole fitting (grid),0,20,scenario_macro,186,4,0.6455040650279691,0.640492035729058,1.258012739697264,5.289795677353721,10.712598468267364,2.499999893702043,2.499999893702043,5.289795677353721,10.712598468267364,137.90928147710363,137.90928147710363,0.2895925939748946,2.499999893702043,1.8897058823529413,0.411764705882353,1.0,0.7058823529411765
Dipole fitting (grid),5,-10,scenario_macro,186,4,0.6442818943250127,0.6392502668252471,1.3126925604561235,4.675151607903689,10.200273744528843,1.0059223597778966,1.0059223597778966,4.675151607903689,10.200273744528843,140.07693030931623,140.07693030931623,0.2851281538860649,1.0059223597778966,1.5165441176470589,0.39705882352941174,0.9852941176470589,0.6911764705882353
Dipole fitting (grid),5,-5,scenario_macro,186,4,0.6469552307531098,0.6415032234537443,1.2738958641655482,4.120674184612038,9.302347555998686,2.422012413895962,2.422012413895962,4.120674184612038,9.302347555998686,134.5776102766255,134.5776102766255,0.30052362791359294,2.422012413895962,1.5477941176470589,0.411764705882353,0.9852941176470589,0.698529411764706
Dipole fitting (grid),5,0,scenario_macro,186,4,0.6525927996227114,0.6437061595192962,1.2428392758316436,4.243192588054821,8.693566517857517,2.241479458214163,2.241479458214163,4.243192588054821,8.693566517857517,126.60462961406874,126.60462961406874,0.3174913131662859,2.241479458214163,1.6838235294117647,0.45588235294117646,1.0,0.7279411764705882
Dipole fitting (grid),5,5,scenario_macro,186,4,0.6521189098270653,0.6445999462671327,1.2308001237204929,5.0244763206267224,7.853249582509743,1.9444444153793892,1.9444444153793892,5.0244763206267224,7.853249582509743,131.07509190975898,131.07509190975898,0.30436954557484,1.9444444153793892,1.7987132352941178,0.4411764705882353,0.9852941176470589,0.7132352941176471
Dipole fitting (grid),5,10,scenario_macro,186,4,0.6471648155618765,0.6432987491591494,1.2481563316313453,5.212004944744618,8.947092313545857,5.269600564553577,5.269600564553577,5.212004944744618,8.947092313545857,140.19527409568013,140.19527409568013,0.28276288881995204,5.269600564553577,2.0229779411764706,0.39215686274509803,1.0,0.696078431372549
Dipole fitting (grid),5,15,scenario_macro,186,4,0.6493457669112705,0.6433421470038152,1.24375069082622,5.825832659078832,9.058826410031457,2.8698430326683018,2.8698430326683018,5.825832659078832,9.058826410031457,136.75366951519172,136.75366951519172,0.286136240955543,2.8698430326683018,2.1075367647058822,0.40686274509803916,1.0,0.7034313725490196
Dipole fitting (grid),5,20,scenario_macro,186,4,0.6443432869292801,0.6416954288919611,1.2662754801306855,5.953651581077884,10.042956577503446,1.551915267250366,1.5519152672503658,5.953651581077884,10.042956577503446,143.5675544995793,143.5675544995793,0.27275589099607145,1.5519152672503658,1.9393382352941178,0.38235294117647056,1.0,0.6911764705882353
Dipole fitting (grid),10,-10,scenario_macro,186,4,0.6499200663504419,0.6399351931330497,1.2918445159865957,5.450742878112687,9.765819775584843,2.7972929772465918,2.7972929772465918,5.450742878112687,9.765819775584843,124.44887493140658,124.44887493140658,0.31076506279737276,2.7972929772465918,1.5744485294117647,0.45588235294117646,0.9852941176470589,0.7205882352941176
Dipole fitting (grid),10,-5,scenario_macro,186,4,0.6572188438378128,0.6420069417418025,1.2592741553378919,4.627035796966585,9.270082638795555,2.390082157844024,2.3900821578440237,4.627035796966585,9.270082638795555,115.32028232405041,115.32028232405041,0.3264106819754892,2.3900821578440237,1.6534926470588236,0.4950980392156863,0.9852941176470589,0.7401960784313726
Dipole fitting (grid),10,0,scenario_macro,186,4,0.6598728819679631,0.643752322285783,1.2337988620562799,4.736699694759831,9.061620653314804,0.23570225896769606,0.23570225896769612,4.736699694759831,9.061620653314804,123.96708929419617,123.96708929419617,0.30808276185672123,0.23570225896769612,1.6801470588235294,0.4656862745098039,0.9852941176470589,0.7254901960784313
Dipole fitting (grid),10,5,scenario_macro,186,4,0.658545497571466,0.6452474231293819,1.2078806498729788,4.314444131886724,9.381085122427445,1.3299790189228078,1.3299790189228078,4.314444131886724,9.381085122427445,120.77058275333864,120.77058275333864,0.32032937977307996,1.3299790189228078,1.761029411764706,0.4803921568627451,0.9852941176470589,0.732843137254902
Dipole fitting (grid),10,10,scenario_macro,186,4,0.655910646333927,0.6444809052872498,1.224783511130278,4.281711151516094,8.86304517535176,2.2086053501340777,2.2086053501340777,4.281711151516094,8.86304517535176,127.6047723112725,127.6047723112725,0.3057472487585509,2.2086053501340777,1.9439338235294117,0.45098039215686275,0.9852941176470589,0.7181372549019608
Dipole fitting (grid),10,15,scenario_macro,186,4,0.6493414478987463,0.6439146502332495,1.2422767767580247,4.685389580937094,9.053840274700237,3.809523871249828,3.809523871249828,4.685389580937094,9.053840274700237,137.86026187783816,137.86026187783816,0.28617838885093305,3.809523871249828,2.0229779411764706,0.41176470588235287,1.0,0.7058823529411764
Dipole fitting (grid),10,20,scenario_macro,186,4,0.6474657516732553,0.6431689302895462,1.2441696218453548,5.184679588853886,9.106681017665288,3.2478632209593497,3.2478632209593497,5.184679588853886,9.106681017665288,134.6147357169449,134.6147357169449,0.2924457532835425,3.2478632209593497,2.015625,0.4264705882352941,1.0,0.7132352941176471
Dipole fitting (grid),15,-10,scenario_macro,186,4,0.6541885150352583,0.6400877260638146,1.276816564576676,6.749392062814735,10.94761999451165,2.3112300311306146,2.3112300311306146,6.749392062814735,10.94761999451165,123.18332959925738,123.18332959925738,0.31158680002725514,2.3112300311306146,1.5854779411764706,0.46078431372549017,1.0,0.7303921568627451
Dipole fitting (grid),15,-5,scenario_macro,186,4,0.6599771997471331,0.6406205457076983,1.2668048906457705,5.698732786260909,9.889015006345677,2.5646798413630374,2.5646798413630374,5.698732786260909,9.889015006345677,109.6607686801292,109.6607686801292,0.33390714644547703,2.5646798413630374,1.6102941176470589,0.5049019607843138,0.9852941176470589,0.7450980392156863
Dipole fitting (grid),15,0,scenario_macro,186,4,0.6620995932591388,0.6417025127011468,1.247283547083427,5.598311060590223,10.140668526349325,1.2409026468740623,1.2409026468740623,5.598311060590223,10.140668526349325,113.87896313486091,113.87896313486091,0.3327741448868258,1.2409026468740623,1.6948529411764706,0.5,0.9852941176470589,0.7426470588235294
Dipole fitting (grid),15,5,scenario_macro,186,4,0.6614469714664558,0.6435321150953907,1.2212799486671826,4.26326755367199,9.001615240410326,1.8048444803898,1.8048444803898,4.26326755367199,9.001615240410326,111.76033392047525,111.76033392047525,0.33642537905620934,1.8048444803898,2.010110294117647,0.5147058823529412,1.0,0.7573529411764706
Dipole fitting (grid),15,10,scenario_macro,186,4,0.6564603805915643,0.6442104792245982,1.2218551219174052,4.555239233859592,8.932304479028012,1.7431826813683078,1.7431826813683078,4.555239233859592,8.932304479028012,123.1295856712449,123.1295856712449,0.3100773175760611,1.7431826813683078,2.1020220588235294,0.4705882352941177,1.0,0.7352941176470589
Dipole fitting (grid),15,15,scenario_macro,186,4,0.6563563996264518,0.6449882076424017,1.224940442259482,4.29507745486689,9.012935855095902,2.3354869348703797,2.3354869348703797,4.29507745486689,9.012935855095902,126.50659039309737,126.50659039309737,0.30415339049233087,2.3354869348703797,2.0450367647058822,0.45588235294117646,1.0,0.7279411764705882
Dipole fitting (grid),15,20,scenario_macro,186,4,0.6546170453721927,0.6456158340766843,1.2119736370546808,4.066582322881698,8.630972002567612,1.8749998873787914,1.8749998873787914,4.066582322881698,8.630972002567612,133.22243614473643,133.22243614473643,0.2893624874097305,1.8749998873787914,1.9641544117647058,0.43137254901960786,1.0,0.7156862745098039
Dipole fitting (grid),20,-10,scenario_macro,186,4,0.657218281294443,0.6400389835666289,1.2797660456025648,6.349876965551796,11.026688707339085,2.7143338013526175,2.7143338013526175,6.349876965551796,11.026688707339085,110.92198351948139,110.92198351948139,0.3271513827073345,2.7143338013526175,1.824448529411765,0.5,1.0,0.75
Dipole fitting (grid),20,-5,scenario_macro,186,4,0.6584742953194059,0.6404947302842865,1.2708063729854366,6.577035584056791,9.92436858275411,2.7753977714356073,2.7753977714356073,6.577035584056791,9.92436858275411,114.18670417228084,114.18670417228084,0.3286459105957851,2.7753977714356073,2.067095588235294,0.4852941176470589,1.0,0.7426470588235294
Dipole fitting (grid),20,0,scenario_macro,186,4,0.6562290826750692,0.6406762191190893,1.271032055974844,5.556046700036126,10.85964880903876,2.95569439500389,2.95569439500389,5.556046700036126,10.85964880903876,112.04604114867641,112.04604114867641,0.3315170825112925,2.95569439500389,2.108455882352941,0.5049019607843137,0.9852941176470589,0.7450980392156863
Dipole fitting (grid),20,5,scenario_macro,186,4,0.6618095129554364,0.6421881545103097,1.2465757627742557,4.8523052118102745,9.837509249834858,1.961949377837194,1.961949377837194,4.8523052118102745,9.837509249834858,112.8501054029448,112.8501054029448,0.3266019833635161,1.961949377837194,2.106617647058824,0.5,0.9852941176470589,0.7426470588235294
Dipole fitting (grid),20,10,scenario_macro,186,4,0.6635125840485594,0.6444130944454043,1.204336158297155,4.184525193370878,8.94493248117857,0.38320850360255715,0.38320850360255715,4.184525193370878,8.94493248117857,115.98569820201458,115.98569820201458,0.33075245464237546,0.38320850360255715,2.088235294117647,0.5,0.9852941176470589,0.7426470588235294
Dipole fitting (grid),20,15,scenario_macro,186,4,0.6565026007825209,0.6452469091125794,1.2093333557216526,3.864250781446188,9.276507845979983,2.1804257561749094,2.1804257561749094,3.864250781446188,9.276507845979983,123.18332960238222,123.18332960238222,0.31569065102703525,2.1804257561749094,2.0542279411764706,0.4656862745098039,0.9852941176470589,0.7254901960784313
Dipole fitting (grid),20,20,scenario_macro,186,4,0.6522005913992259,0.6439944315894878,1.2276424863841435,4.244023200792757,8.909599616460826,2.9728942792727313,2.9728942792727313,4.244023200792757,8.909599616460826,130.01751917629875,130.01751917629875,0.2953779603567074,2.9728942792727313,2.0689338235294117,0.4362745098039216,1.0,0.7181372549019608
LCMV,-10,-10,scenario_macro,186,4,0.7759203403159313,0.73143339720968,1.9583776426939787,54.420051757611866,59.518817549459705,22.039828659522726,15.947607119019288,54.420051757611866,59.518817549459705,22.039828659522726,15.947607119019288,0.0,nan,1295.4761029411766,0.0,1.0,0.5
LCMV,-10,-5,scenario_macro,186,4,0.7853701742207824,0.746780030970833,1.949571591334579,52.69755156152629,54.20536209210841,20.89136247340633,14.540988539501976,52.69755156152629,54.20536209210841,20.89136247340633,14.540988539501976,0.0,nan,939.4420955882352,0.0,1.0,0.5
LCMV,-10,0,scenario_macro,186,4,0.794996171968437,0.7534368610691327,1.9369950597433534,51.491518122552414,52.895616199777066,19.07584837429882,12.87193004394662,51.491518122552414,52.895616199777066,19.07584837429882,12.87193004394662,0.0,nan,702.4650735294117,0.0,1.0,0.5
LCMV,-10,5,scenario_macro,186,4,0.7995463911642106,0.7573326453112136,1.910153576670492,50.57114732912803,50.45511877312409,16.598801626630035,9.39443206723986,50.57114732912803,50.45511877312409,16.598801626630035,9.39443206723986,0.0,nan,495.79136029411757,0.0,1.0,0.5
LCMV,-10,10,scenario_macro,186,4,0.8086316604135065,0.7627273993452564,1.8591290215944998,50.368375972904204,49.74628635410849,13.873249357021813,7.02818776528255,50.368375972904204,49.74628635410849,13.873249357021813,7.02818776528255,0.0,nan,396.8860294117647,0.0,1.0,0.5
LCMV,-10,15,scenario_macro,186,4,0.8140978006982402,0.7625597825201458,1.7960762466926168,50.15572604401455,50.15183891734492,11.485583257222556,5.545074664750021,50.15572604401455,50.15183891734492,11.485583257222556,5.545074664750021,0.07720588235294118,1.1785112948384806,348.5569852941177,0.09313725490196079,1.0,0.5465686274509804
LCMV,-10,20,scenario_macro,186,4,0.8211833757255379,0.7660143845233981,1.673019313520315,50.0815464516557,49.627880115418826,9.117464505264772,3.9067991192000164,50.0815464516557,49.627880115418826,9.117464505264772,3.9067991192000164,0.5652469227990053,2.377549097641993,322.16819852941177,0.6899509803921569,0.5588235294117647,0.6243872549019608
LCMV,-5,-10,scenario_macro,186,4,0.7943478128402048,0.7460839074176329,1.9525314122700697,55.08604662276898,57.607662720150074,22.1128770424138,17.03973714821657,55.08604662276898,57.607662720150074,22.1128770424138,17.03973714821657,0.0,nan,1421.4503676470588,0.0,1.0,0.5
LCMV,-5,-5,scenario_macro,186,4,0.7979768097506796,0.7471895108554863,1.9454836224895367,53.59326710972322,53.64692273819941,20.816426621679184,13.147947033989624,53.59326710972322,53.64692273819941,20.816426621679184,13.147947033989624,0.0,nan,1142.8566176470588,0.0,1.0,0.5
LCMV,-5,0,scenario_macro,186,4,0.8038596672748985,0.7540305108995167,1.929527400191054,52.03575225891706,50.43591343139482,18.89859423100694,11.771296826895322,52.03575225891706,50.43591343139482,18.89859423100694,11.771296826895322,0.0,nan,903.8033088235293,0.0,1.0,0.5
LCMV,-5,5,scenario_macro,186,4,0.8082785384688437,0.7610146118582924,1.90535289396656,51.13298211671421,50.75723482281318,16.236671561656284,9.945516009181235,51.13298211671421,50.75723482281318,16.236671561656284,9.945516009181235,0.0,nan,664.9880514705883,0.0,1.0,0.5
LCMV,-5,10,scenario_macro,186,4,0.8126105351882938,0.7650183189999946,1.8621401390402872,50.31430614334659,49.75080088960497,14.125544553790428,7.868292918875196,50.31430614334659,49.75080088960497,14.125544553790428,7.868292918875196,0.0,nan,481.13786764705884,0.0,1.0,0.5
LCMV,-5,15,scenario_macro,186,4,0.8177143905140591,0.764702983832863,1.7933357573152293,50.35454243384323,48.99626044079139,11.49850651861045,4.6310223240885175,50.35454243384323,48.99626044079139,11.49850651861045,4.6310223240885175,0.05514705882352941,0.7856741737278781,403.04319852941177,0.06862745098039215,1.0,0.5343137254901961
LCMV,-5,20,scenario_macro,186,4,0.8208977424471715,0.7644037813788795,1.6720852321860749,50.20894318131712,48.02227328611718,9.040161202263093,2.8107003910604837,50.20894318131712,48.02227328611718,9.040161202263093,2.8107003910604837,0.5897578020243279,1.9743226415356887,338.97610294117646,0.7463235294117646,0.5882352941176471,0.6672794117647058
LCMV,0,-10,scenario_macro,186,4,0.8076199743157364,0.7535852857020653,1.9433827600396754,54.81572663437522,53.319879198726404,21.361935774171712,13.19181885566078,54.81572663437522,53.319879198726404,21.361935774171712,13.19181885566078,0.0,nan,1369.1038602941176,0.0,1.0,0.5
LCMV,0,-5,scenario_macro,186,4,0.8074727993449543,0.7514888273420168,1.9352540953008028,54.216465397493856,51.131525617895655,20.211519818511466,12.340158512513057,54.216465397493856,51.131525617895655,20.211519818511466,12.340158512513057,0.0,nan,1242.3805147058824,0.0,1.0,0.5
LCMV,0,0,scenario_macro,186,4,0.8151351588925583,0.7582075383285519,1.9233675957135217,52.57481837465201,49.12611693639912,18.487000000302512,10.063795524039678,52.57481837465201,49.12611693639912,18.487000000302512,10.063795524039678,0.0,nan,1052.7683823529412,0.0,1.0,0.5
LCMV,0,5,scenario_macro,186,4,0.8144398823148744,0.7584267183238036,1.8980516757583479,51.46206324506115,46.353445163682714,16.374699326717437,8.698299498006664,51.46206324506115,46.353445163682714,16.374699326717437,8.698299498006664,0.0,nan,802.3841911764706,0.0,1.0,0.5
LCMV,0,10,scenario_macro,186,4,0.8186283896636227,0.7638931347818134,1.8514408005470113,50.65810834539843,49.20296374860033,13.87507501315976,7.04923787774127,50.65810834539843,49.20296374860033,13.87507501315976,7.04923787774127,0.0,nan,638.9917279411765,0.0,1.0,0.5
LCMV,0,15,scenario_macro,186,4,0.8203073033736175,0.76427423098293,1.780939631077888,50.22201826859813,49.51351071530214,11.412005340420473,4.660870313527536,50.22201826859813,49.51351071530214,11.412005340420473,4.660870313527536,0.0535204206058227,0.5555555660499629,481.65441176470586,0.07352941176470588,1.0,0.5367647058823529
LCMV,0,20,scenario_macro,186,4,0.8229203736652159,0.7660282665028543,1.6734662730402312,50.15491471706188,48.62542934796079,8.87218731123939,3.0457657534343063,50.15491471706188,48.62542934796079,8.87218731123939,3.0457657534343063,0.5829147150337568,1.363787748663566,386.05055147058823,0.7303921568627451,0.6029411764705882,0.6666666666666666
LCMV,5,-10,scenario_macro,186,4,0.8105333734943574,0.7570838422898442,1.9323597018629477,54.27874419694757,50.30167153950873,20.081586176045406,10.303493893509287,54.27874419694757,50.30167153950873,20.081586176045406,10.303493893509287,0.0,nan,1126.3474264705883,0.0,1.0,0.5
LCMV,5,-5,scenario_macro,186,4,0.8160178292182458,0.7573032711497335,1.928163024565949,53.51246445532971,48.87149289749317,19.679653098923982,11.711776867763197,53.51246445532971,48.87149289749317,19.679653098923982,11.711776867763197,0.0,nan,1150.0643382352941,0.0,1.0,0.5
LCMV,5,0,scenario_macro,186,4,0.8196992705821762,0.7578365918448681,1.9143244652807003,52.520146621137854,48.12725716528782,17.778460499058827,9.000355973136841,52.520146621137854,48.12725716528782,17.778460499058827,9.000355973136841,0.0,nan,1040.6691176470588,0.0,1.0,0.5
LCMV,5,5,scenario_macro,186,4,0.8193143133874605,0.7553422357079527,1.8932017947857307,51.469694051792565,47.67083715744429,15.509326130640574,7.407395213686868,51.469694051792565,47.67083715744429,15.509326130640574,7.407395213686868,0.0,nan,922.0965073529412,0.0,1.0,0.5
LCMV,5,10,scenario_macro,186,4,0.8227039256180488,0.7621561273476497,1.8492891290990963,50.83237221629357,47.85486561024706,13.499663216067425,4.937857803928358,50.83237221629357,47.85486561024706,13.499663216067425,4.937857803928358,0.0,nan,776.6415441176471,0.0,1.0,0.5
LCMV,5,15,scenario_macro,186,4,0.8234146434599114,0.763042574740586,1.7782308092010726,50.222498917474354,48.08278062571984,11.08738173352531,4.067745112963766,50.222498917474354,48.08278062571984,11.08738173352531,4.067745112963766,0.08455882352941177,0.5439282741193002,589.0900735294117,0.10784313725490197,1.0,0.553921568627451
LCMV,5,20,scenario_macro,186,4,0.8232919620696466,0.7630898002827531,1.6605841236014003,50.165474494892855,49.10703093531047,8.874350038344607,2.7429030358007567,50.165474494892855,49.10703093531047,8.874350038344607,2.7429030358007567,0.654056470216545,1.5186813441095435,456.4172794117647,0.7965686274509803,0.5294117647058824,0.6629901960784313
LCMV,10,-10,scenario_macro,186,4,0.821850178376242,0.7603021959349563,1.9160175594637687,53.01209235317625,48.29242633128774,17.220713152028363,6.650699633625007,53.01209235317625,48.29242633128774,17.220713152028363,6.650699633625007,0.0,nan,924.6369485294118,0.0,1.0,0.5
LCMV,10,-5,scenario_macro,186,4,0.8218024397342119,0.7591721216194818,1.913390900613082,52.1658509501882,46.92579923215337,17.144920269192898,6.483105527330377,52.1658509501882,46.92579923215337,17.144920269192898,6.483105527330377,0.0,nan,912.9025735294117,0.0,1.0,0.5
LCMV,10,0,scenario_macro,186,4,0.8225644764194423,0.7565411594588591,1.8971406288445967,51.77754499982428,47.369618581566904,15.558998581016498,5.022733264090367,51.77754499982428,47.369618581566904,15.558998581016498,5.022733264090367,0.0,nan,912.689338235294,0.0,1.0,0.5
LCMV,10,5,scenario_macro,186,4,0.8249171690180354,0.7562155452573995,1.8699870027748884,50.922092876003376,46.23320404179086,14.138517094607879,4.820345665573556,50.922092876003376,46.23320404179086,14.138517094607879,4.820345665573556,0.0,nan,860.5661764705883,0.0,1.0,0.5
LCMV,10,10,scenario_macro,186,4,0.824567954699343,0.7567929042303359,1.8218931562891472,50.182081242759956,45.81779392500395,12.13041138754719,3.4770211198543315,50.182081242759956,45.81779392500395,12.13041138754719,3.4770211198543315,0.0,nan,819.7996323529412,0.0,1.0,0.5
LCMV,10,15,scenario_macro,186,4,0.827806307937533,0.7625292879573526,1.7603687458556,50.07232899021457,47.22017512675476,10.572596935755842,2.1899081874006985,50.07232899021457,47.22017512675476,10.572596935755842,2.1899081874006985,0.1323529411764706,0.0,706.5441176470589,0.17647058823529413,1.0,0.5882352941176471
LCMV,10,20,scenario_macro,186,4,0.8261006044612959,0.7626045762782827,1.6531678234082174,49.77204627770834,48.04401440331977,8.374299184356738,1.4369465012271554,49.77204627770834,48.04401440331977,8.374299184356738,1.4369465012271554,0.6051371366466576,0.6548462757170559,546.4356617647059,0.7487745098039215,0.5588235294117647,0.6537990196078431
LCMV,15,-10,scenario_macro,186,4,0.8270910336966727,0.7650771572177675,1.8834135544450405,50.85178910575899,46.69505808381033,14.340265546483579,3.34556785505689,50.85178910575899,46.69505808381033,14.340265546483579,3.34556785505689,0.007352941176470588,0.0,737.4742647058824,0.00980392156862745,1.0,0.5049019607843137
LCMV,15,-5,scenario_macro,186,4,0.826749949701058,0.761498035966638,1.8726004896730024,51.365352648617865,47.67215678364594,13.35051870856251,3.000777690006115,51.365352648617865,47.67215678364594,13.35051870856251,3.000777690006115,0.014705882352941176,0.0,777.9457720588235,0.0196078431372549,1.0,0.5098039215686274
LCMV,15,0,scenario_macro,186,4,0.8263073984706455,0.7607714918368882,1.8639805830946474,51.08996650306056,45.78595272332759,12.597390665307215,3.1263454916586935,51.08996650306056,45.78595272332759,12.597390665307215,3.1263454916586935,0.014467836591174687,0.0,786.4549632352941,0.0196078431372549,1.0,0.5098039215686274
LCMV,15,5,scenario_macro,186,4,0.8260605428274905,0.7576183723528259,1.8357138182798447,50.42776269233209,45.799164421830845,11.851419950802368,3.0787062759653465,50.42776269233209,45.799164421830845,11.851419950802368,3.0787062759653465,0.021806877733581455,0.0,761.3529411764705,0.034313725490196074,1.0,0.5171568627450981
LCMV,15,10,scenario_macro,186,4,0.8299677952939923,0.7586234858886314,1.7956973630927968,50.1980182062698,44.99711002447339,10.644302686244593,1.441837250660468,50.1980182062698,44.99711002447339,10.644302686244593,1.441837250660468,0.04003558366440686,0.0,785.2169117647059,0.05392156862745098,1.0,0.5269607843137255
LCMV,15,15,scenario_macro,186,4,0.8284726583738571,0.7596823666997716,1.7248439840598317,49.898552275123414,46.52135634258722,9.22459187155831,1.0226000586172155,49.898552275123414,46.52135634258722,9.22459187155831,1.0226000586172155,0.23843537071882537,0.5772354902964485,726.3400735294118,0.3088235294117647,0.9558823529411765,0.6323529411764706
LCMV,15,20,scenario_macro,186,4,0.8303973572798176,0.7637430136101453,1.643704798772403,49.48226713558066,47.82594288850631,7.56813693210534,0.7357827243615137,49.48226713558066,47.82594288850631,7.56813693210534,0.7357827243615137,0.6262023966934239,0.4411591078732026,624.2803308823529,0.7598039215686274,0.5588235294117647,0.6593137254901961
LCMV,20,-10,scenario_macro,186,4,0.8287696630963702,0.7642033799797715,1.8128931504125536,49.8972316898349,46.34786943413726,10.03221713849789,1.1655789629605435,49.8972316898349,46.34786943413726,10.03221713849789,1.1655789629605435,0.1883735764538419,1.1706149324349961,670.3299632352941,0.2647058823529412,0.9705882352941176,0.6176470588235294
LCMV,20,-5,scenario_macro,186,4,0.8283452151637605,0.7612726870654697,1.8058797982682757,49.607848195480976,45.72161025786943,10.108621190857642,1.2258483109202507,49.607848195480976,45.72161025786943,10.108621190857642,1.2258483109202507,0.19572563401480708,1.0129469500115675,665.1332720588234,0.2647058823529412,0.9558823529411765,0.6102941176470589
LCMV,20,0,scenario_macro,186,4,0.8282234676551155,0.7604651944182104,1.8038934842429357,50.26814018727497,46.578568672197186,9.766544242221547,1.1172753699666018,50.26814018727497,46.578568672197186,9.766544242221547,1.1172753699666018,0.19021293137525674,0.9373355803359906,734.0891544117646,0.2647058823529412,0.9558823529411765,0.6102941176470589
LCMV,20,5,scenario_macro,186,4,0.829694752559593,0.7610519214457192,1.7794570723079195,49.67915413723578,46.682200272366096,9.308426908143701,0.7387778549598497,49.67915413723578,46.682200272366096,9.308426908143701,0.7387778549598497,0.21855444200832877,0.5644691773757565,714.3345588235294,0.30392156862745096,0.9411764705882353,0.6225490196078431
LCMV,20,10,scenario_macro,186,4,0.8312305570385308,0.7601761460248697,1.745530095054718,49.50289197076605,46.99827918769444,8.526914353081136,0.8093785469587168,49.50289197076605,46.99827918769444,8.526914353081136,0.8093785469587168,0.2504764529471209,0.580547434607683,728.8115808823529,0.3333333333333333,0.9411764705882353,0.6372549019607843
LCMV,20,15,scenario_macro,186,4,0.8301823984452354,0.7592823672259998,1.6820957864672617,49.105017930746904,45.43913092257613,7.536603785049832,0.4889554708701533,49.105017930746904,45.43913092257613,7.536603785049832,0.4889554708701533,0.38610030327608474,0.27878070353954526,699.9108455882354,0.5098039215686274,0.9117647058823529,0.7107843137254901
LCMV,20,20,scenario_macro,186,4,0.8293274094724025,0.7593485482091652,1.591214175514847,49.14058872578277,48.08918747236294,6.079561868804638,0.3418966449071605,49.14058872578277,48.08918747236294,6.079561868804638,0.3418966449071605,0.7314729799713596,0.18839963413824803,656.3970588235294,0.9019607843137255,0.5294117647058824,0.7156862745098039
MNE,-10,-10,scenario_macro,186,4,0.5547094459995974,0.7200582839387079,1.9577646444565047,69.85435696722672,69.71728305812424,24.13209573283596,21.92847331017266,69.85435696722672,69.71728305812424,24.13209573283596,21.92847331017266,0.23359605777142275,22.198520977972834,682.9549632352941,0.2267156862745098,0.029411764705882353,0.12806372549019607
MNE,-10,-5,scenario_macro,186,4,0.6268416688537909,0.781222346328645,1.944236099088264,68.11539175270825,71.70772357491822,23.510618359254778,20.439417491538418,68.11539175270825,71.70772357491822,23.510618359254778,20.439417491538418,0.20896848760053158,18.2585009630078,256.1709558823529,0.33946078431372545,0.014705882352941176,0.17708333333333331
MNE,-10,0,scenario_macro,186,4,0.7061829407482416,0.8409772011050034,1.926204767073981,65.08488539277428,69.90123055839571,22.933700540268983,18.50439100481584,65.08488539277428,69.90123055839571,22.933700540268983,18.50439100481584,0.2118530855516878,17.65414089174421,162.36305147058823,0.3590686274509804,0.04411764705882353,0.20159313725490197
MNE,-10,5,scenario_macro,186,4,0.7894919110735735,0.8950568234556348,1.8992476156177194,56.98405572773756,56.32479342911179,22.02804072714457,17.813981437468396,56.98405572773756,56.32479342911179,22.02804072714457,17.813981437468396,0.26581259596640205,17.87873991139466,183.64889705882354,0.34313725490196073,0.058823529411764705,0.20098039215686272
MNE,-10,10,scenario_macro,186,4,0.8399019050140103,0.925125784580698,1.8621458237588928,39.250235067135314,37.356445580354226,20.445597127507142,16.178357156041063,39.250235067135314,37.356445580354226,20.445597127507142,16.178357156041063,0.36333123990822724,16.496690506863875,316.69393382352945,0.3700980392156863,0.1323529411764706,0.2512254901960784
MNE,-10,15,scenario_macro,186,4,0.8592573254825544,0.9365616366587027,1.8319410041237534,24.93985574991632,22.340735630175633,19.56864501735065,17.270109285886676,24.93985574991632,22.340735630175633,19.56864501735065,17.270109285886676,0.39573750236757177,17.2202452618707,407.1516544117647,0.36519607843137253,0.11764705882352941,0.24142156862745096
MNE,-10,20,scenario_macro,186,4,0.8701362782914646,0.9397013291329573,1.8152571769149701,21.336674029823133,17.988709714001363,19.27122923323193,16.346584145132066,21.336674029823133,17.988709714001363,19.27122923323193,16.346584145132066,0.4082959139525,16.346584145132066,407.6433823529411,0.375,0.08823529411764706,0.23161764705882354
MNE,-5,-10,scenario_macro,186,4,0.5909393131615999,0.7502549849636253,1.9436318556272847,68.40986779748573,67.51327394419984,23.87041510497059,20.794392940274545,68.40986779748573,67.51327394419984,23.87041510497059,20.794392940274545,0.24671684523795348,20.78600512069431,1266.3722426470588,0.26348039215686275,0.04411764705882353,0.15379901960784315
MNE,-5,-5,scenario_macro,186,4,0.6656236658944467,0.8167985777647981,1.927159481792412,64.44096924723895,57.7065812425684,23.20610131433909,20.20097458959917,64.44096924723895,57.7065812425684,23.20610131433909,20.20097458959917,0.25229674516851636,18.734362234825714,618.9319852941176,0.33455882352941174,0.029411764705882353,0.18198529411764705
MNE,-5,0,scenario_macro,186,4,0.7396164489361117,0.8689274293923626,1.9069577717201367,59.18694347289253,55.33535677910396,22.68363195941842,18.396256998022114,59.18694347289253,55.33535677910396,22.68363195941842,18.396256998022114,0.24339472110382826,17.812108813213438,259.3391544117647,0.31495098039215685,0.029411764705882353,0.1721813725490196
MNE,-5,5,scenario_macro,186,4,0.7997682260078806,0.903870942359719,1.8827463617499385,51.61976248863792,50.6165869247852,22.06718056051973,16.949771926832664,51.61976248863792,50.6165869247852,22.06718056051973,16.949771926832664,0.26178162114895975,16.34936218538277,186.73621323529412,0.4448529411764706,0.10294117647058823,0.27389705882352944
MNE,-5,10,scenario_macro,186,4,0.8433703177989144,0.9287104775273839,1.8526497889397076,39.11911065964809,35.20715653342071,20.63691774180572,16.795521206390422,39.11911065964809,35.20715653342071,20.63691774180572,16.795521206390422,0.33234572828274456,16.98784088527053,239.03125,0.3406862745098039,0.19117647058823528,0.26593137254901955
MNE,-5,15,scenario_macro,186,4,0.861354944005959,0.9379450444826044,1.8273356587680982,26.155440294855612,23.85889197684884,19.915294053248164,17.12164242250297,26.155440294855612,23.85889197684884,19.915294053248164,17.12164242250297,0.3936783543993533,17.06939234707657,380.5321691176471,0.3602941176470588,0.16176470588235295,0.2610294117647059
MNE,-5,20,scenario_macro,186,4,0.870711467808299,0.9396939153041607,1.8128862411251494,20.99767082741874,18.57622023610592,19.245084032097044,15.408863906358567,20.99767082741874,18.57622023610592,19.245084032097044,15.408863906358567,0.3989305019561499,14.94399553074686,369.59375,0.43137254901960786,0.16176470588235295,0.2965686274509804
MNE,0,-10,scenario_macro,186,4,0.6448908418478825,0.7891359307661637,1.9246545001958062,65.68687316281141,58.468038934838205,23.04989821037538,18.55390593965605,65.68687316281141,58.468038934838205,23.04989821037538,18.55390593965605,0.24899016658631506,17.57664598859952,1321.0349264705883,0.3713235294117647,0.14705882352941177,0.25919117647058826
MNE,0,-5,scenario_macro,186,4,0.7132975884038717,0.8531288350079387,1.9048112169632232,59.31152638804547,40.75192383388666,22.714221488739014,19.277328634180666,59.31152638804547,40.75192383388666,22.714221488739014,19.277328634180666,0.2818483114661073,17.619242584997664,1010.4393382352941,0.3700980392156863,0.11764705882352941,0.24387254901960786
MNE,0,0,scenario_macro,186,4,0.7867986570104333,0.8946078003605077,1.8822170425310334,49.000888759223415,39.5806959303234,22.090869643186977,16.030504011471937,49.000888759223415,39.5806959303234,22.090869643186977,16.030504011471937,0.29387849642350505,15.04547265432066,469.8419117647059,0.42524509803921573,0.11764705882352941,0.2714460784313726
MNE,0,5,scenario_macro,186,4,0.8304127594980688,0.9188481062853228,1.8570603263910956,39.79682572688387,33.879440168450266,21.527058370251662,15.919259929845746,39.79682572688387,33.879440168450266,21.527058370251662,15.919259929845746,0.30026870703037944,15.806500344640662,250.55606617647058,0.3958333333333333,0.14705882352941177,0.27144607843137253
MNE,0,10,scenario_macro,186,4,0.8574667816488178,0.9363145705148517,1.8333999594383072,32.28645137118326,28.48251987157617,20.475005638292288,15.855374530502138,32.28645137118326,28.48251987157617,20.475005638292288,15.855374530502138,0.3264519561373409,15.867250129922192,223.87408088235296,0.40563725490196084,0.2647058823529412,0.335171568627451
MNE,0,15,scenario_macro,186,4,0.8697355131638149,0.9408313626754117,1.8131075158266388,25.04673160681591,23.4036691893488,19.742066177892198,16.421734066096356,25.04673160681591,23.4036691893488,19.742066177892198,16.421734066096356,0.3878252485541997,16.0734814515874,320.2380514705882,0.4044117647058824,0.2647058823529412,0.3345588235294118
MNE,0,20,scenario_macro,186,4,0.8745317779622703,0.9417313134424292,1.8043240333839128,20.56676559967879,18.81548206166376,19.297513005658377,15.582963158548992,20.56676559967879,18.81548206166376,19.297513005658377,15.582963158548992,0.3876084429116328,15.98624584068194,340.29319852941177,0.3897058823529412,0.19117647058823528,0.2904411764705882
MNE,5,-10,scenario_macro,186,4,0.6823837284762378,0.8109255569875259,1.9009664842961862,58.56243920339997,44.94492003838834,22.66255040428797,18.29061431050873,58.56243920339997,44.94492003838834,22.66255040428797,18.29061431050873,0.24856458142923202,16.392515946542037,1164.1700367647059,0.3700980392156863,0.2647058823529412,0.3174019607843137
MNE,5,-5,scenario_macro,186,4,0.7695614601829514,0.8791311735347908,1.8778880160328333,51.723425470708854,34.5921302954203,22.063303439225184,17.467395579139936,51.723425470708854,34.5921302954203,22.063303439225184,17.467395579139936,0.316342664567049,16.942195483664435,975.7647058823528,0.38112745098039214,0.29411764705882354,0.33762254901960786
MNE,5,0,scenario_macro,186,4,0.8166045481564826,0.913192489440075,1.8523083907726785,39.36263797613274,27.00317840008287,21.52516002762279,16.469272394152583,39.36263797613274,27.00317840008287,21.52516002762279,16.469272394152583,0.34944482660323173,15.708803259860167,663.0983455882354,0.43995098039215685,0.23529411764705882,0.33762254901960786
MNE,5,5,scenario_macro,186,4,0.8558824671703418,0.9327146413270683,1.827094114801106,28.84106544880183,26.041800112702145,20.64827758023454,16.33671490891838,28.84106544880183,26.041800112702145,20.64827758023454,16.33671490891838,0.37275008220120714,16.131449390166235,355.55790441176475,0.38480392156862747,0.22058823529411764,0.3026960784313726
MNE,5,10,scenario_macro,186,4,0.8729182170947178,0.9415867792007913,1.807054544556729,24.29691509029441,22.985237437606674,20.289637680806027,15.588958421035306,24.29691509029441,22.985237437606674,20.289637680806027,15.588958421035306,0.36996062771791965,15.05228603793185,279.9669117647059,0.400735294117647,0.27941176470588236,0.3400735294117647
MNE,5,15,scenario_macro,186,4,0.8816581931215747,0.9442756865345923,1.7934701861349283,21.42957784961229,22.105389751300994,19.54590531875137,14.993334746962134,21.42957784961229,22.105389751300994,19.54590531875137,14.993334746962134,0.38270116078082467,14.866894559503015,271.00827205882354,0.45098039215686275,0.3235294117647059,0.3872549019607843
MNE,5,20,scenario_macro,186,4,0.8834488002815795,0.9455002570563116,1.7900591922152527,19.755561398210578,19.879153469305987,19.105932844667716,15.103143200298712,19.755561398210578,19.879153469305987,19.105932844667716,15.103143200298712,0.3895405279079718,15.143430182390967,310.9108455882353,0.3897058823529412,0.2647058823529412,0.3272058823529412
MNE,10,-10,scenario_macro,186,4,0.7170142276566516,0.8484672519166583,1.8704712076959877,43.479292883811546,35.715223706787306,22.183506862951727,16.090561581379944,43.479292883811546,35.715223706787306,22.183506862951727,16.090561581379944,0.23744481465321443,15.494567029413838,973.7297794117648,0.3958333333333333,0.38235294117647056,0.3890931372549019
MNE,10,-5,scenario_macro,186,4,0.7918642367932608,0.8949251585854843,1.8506904067656702,38.779617820912094,30.70490271068181,21.568883809067998,16.10683387333062,38.779617820912094,30.70490271068181,21.568883809067998,16.10683387333062,0.32992661976308246,15.416204211697044,978.4595588235294,0.4166666666666667,0.4264705882352941,0.4215686274509804
MNE,10,0,scenario_macro,186,4,0.8396291262133052,0.9231303180349542,1.8217853400572892,30.679538735595838,20.146740851083294,21.043601155987478,14.160461669623068,30.679538735595838,20.146740851083294,21.043601155987478,14.160461669623068,0.38032005420407733,13.950847061391727,698.1112132352941,0.4877450980392157,0.38235294117647056,0.43504901960784315
MNE,10,5,scenario_macro,186,4,0.8681211479941586,0.938637032344123,1.7974190712911127,22.448042927317342,16.30027119982446,20.589832287097177,15.33000506675625,22.448042927317342,16.30027119982446,20.589832287097177,15.33000506675625,0.3951550431122661,15.551333477029374,441.90441176470586,0.3897058823529412,0.3088235294117647,0.3492647058823529
MNE,10,10,scenario_macro,186,4,0.8885402573633129,0.94641955659921,1.780331256837624,19.434039133308232,16.818952204000798,19.99224826189207,14.86731745098769,19.434039133308232,16.818952204000798,19.99224826189207,14.86731745098769,0.405693483809005,14.684373770185166,344.49816176470586,0.4093137254901961,0.3088235294117647,0.35906862745098045
MNE,10,15,scenario_macro,186,4,0.8929029259675979,0.9487365561342886,1.7736607742619,18.793629388349647,18.171933419090013,19.72786515686261,14.745851276772223,18.793629388349647,18.171933419090013,19.72786515686261,14.745851276772223,0.3911123717417296,14.246358951749334,294.03125,0.44485294117647056,0.2647058823529412,0.35477941176470584
MNE,10,20,scenario_macro,186,4,0.8947462623067393,0.9495628951025872,1.7724346781230158,18.492411764708425,18.882337336100083,19.207241053435805,15.258906651769896,18.492411764708425,18.882337336100083,19.207241053435805,15.258906651769896,0.3867752491846741,15.258906651769896,271.234375,0.3958333333333333,0.3382352941176471,0.3670343137254902
MNE,15,-10,scenario_macro,186,4,0.7787533201425347,0.8908101285422305,1.837497282253474,29.950015586561133,25.593323029583065,22.0837354298617,14.930173197755115,29.950015586561133,25.593323029583065,22.0837354298617,14.930173197755115,0.25840939257142903,15.687927446836023,754.3511029411766,0.3762254901960784,0.4264705882352941,0.4013480392156863
MNE,15,-5,scenario_macro,186,4,0.8172216371107313,0.9115981452670021,1.8234778909359903,27.616075329141722,23.537641097180778,21.45899562615877,14.604410536792138,27.616075329141722,23.537641097180778,21.45899562615877,14.604410536792138,0.315573336750938,14.329765091378723,871.2022058823529,0.4240196078431373,0.4117647058823529,0.4178921568627451
MNE,15,0,scenario_macro,186,4,0.8486502943940093,0.9261666505073699,1.8013675564708531,23.934065985778872,17.622367266608595,20.830430284538853,14.676594019014516,23.934065985778872,17.622367266608595,20.830430284538853,14.676594019014516,0.361565314526593,14.693711951224989,757.529411764706,0.4166666666666667,0.4117647058823529,0.4142156862745098
MNE,15,5,scenario_macro,186,4,0.8730034817228105,0.9404205552084204,1.7733378696313722,19.060779485950547,14.145864372377545,20.469436767749418,14.922384583405005,19.060779485950547,14.145864372377545,20.469436767749418,14.922384583405005,0.3855420449880884,14.73749574099709,473.4283088235294,0.4620098039215686,0.4117647058823529,0.4368872549019608
MNE,15,10,scenario_macro,186,4,0.8944462130807669,0.9485826242418972,1.7564883176618356,17.3553968163374,14.080424439722739,20.03947485526238,14.801567919898913,17.3553968163374,14.080424439722739,20.03947485526238,14.801567919898913,0.3992453280537624,14.86641288534525,367.34191176470586,0.4411764705882353,0.36764705882352944,0.40441176470588236
MNE,15,15,scenario_macro,186,4,0.9029464032520803,0.9515863874829306,1.7524108536165222,17.54450369174221,15.251635092194372,19.712221060884072,14.919432956063082,17.54450369174221,15.251635092194372,19.712221060884072,14.919432956063082,0.40829776183030003,14.92770179783549,318.9641544117647,0.4411764705882353,0.27941176470588236,0.3602941176470588
MNE,15,20,scenario_macro,186,4,0.9036040412092194,0.9513702490934051,1.7554399927930264,17.830314644858337,18.222660232777795,19.33847343966586,15.0323670249818,17.830314644858337,18.222660232777795,19.33847343966586,15.0323670249818,0.39460264318702404,15.0323670249818,277.046875,0.4093137254901961,0.3088235294117647,0.35906862745098045
MNE,20,-10,scenario_macro,186,4,0.8337729272804886,0.9197122579825462,1.8117617552682228,22.62705254768387,22.33698581012689,22.02788461203721,16.663457640126108,22.62705254768387,22.33698581012689,22.02788461203721,16.663457640126108,0.30871692671156986,16.60981861201816,708.8272058823529,0.3112745098039216,0.4117647058823529,0.36151960784313725
MNE,20,-5,scenario_macro,186,4,0.8422223648257037,0.9239702768153697,1.8044587013771731,21.328438157334798,21.101467968115227,21.618360739081037,15.262245513179678,21.328438157334798,21.101467968115227,21.618360739081037,15.262245513179678,0.32160449014455555,15.495912874228779,717.3694852941177,0.35661764705882354,0.4411764705882353,0.39889705882352944
MNE,20,0,scenario_macro,186,4,0.8635664099587841,0.9326761239825075,1.7874154710547043,19.79519097430705,18.877466466794626,21.127299411825295,14.8544612017257,19.79519097430705,18.877466466794626,21.127299411825295,14.8544612017257,0.35159707184839245,14.695147455392425,640.0909926470588,0.3700980392156863,0.45588235294117646,0.41299019607843135
MNE,20,5,scenario_macro,186,4,0.8769012283196389,0.9406520161489127,1.7648347038688434,17.468614794286918,15.087376249721792,20.472019558034173,15.242137325405247,17.468614794286918,15.087376249721792,20.472019558034173,15.242137325405247,0.3653975723372331,15.242137325405247,436.5836397058824,0.39705882352941174,0.47058823529411764,0.4338235294117647
MNE,20,10,scenario_macro,186,4,0.8943364364032241,0.947914089284549,1.7426332681986527,16.394529372980525,13.437310218836787,20.029197675730003,14.129195847537096,16.394529372980525,13.437310218836787,20.029197675730003,14.129195847537096,0.3846021653621061,14.019584675748265,357.73069852941177,0.43137254901960786,0.4411764705882353,0.4362745098039216
MNE,20,15,scenario_macro,186,4,0.9052801179307326,0.9528022004726189,1.7358196724833288,16.691654339456537,13.816838436650073,19.73121561576092,14.571172613915968,16.691654339456537,13.816838436650073,19.73121561576092,14.571172613915968,0.4014250165041879,14.571172613915968,336.31709558823525,0.4411764705882353,0.36764705882352944,0.40441176470588236
MNE,20,20,scenario_macro,186,4,0.9074003337215527,0.9528954924354116,1.7410980840073496,17.265929421833036,15.863600607477585,19.569706253186723,15.042067073362128,17.265929421833036,15.863600607477585,19.569706253186723,15.042067073362128,0.409073148132917,15.042067073362128,309.1617647058823,0.42524509803921573,0.25,0.33762254901960786
OASTER-ERP,-10,-10,scenario_macro,186,4,0.6157003002719099,0.6560456340977581,1.62919860670535,35.88051926072912,40.79994988115316,nan,nan,36.8242281450075,41.73675847567598,234.02911185627738,234.02911185627738,0.0,nan,8.490808823529411,0.0,1.0,0.5
OASTER-ERP,-10,-5,scenario_macro,186,4,0.6371095934300552,0.6858753216232998,1.5071436574796475,29.570900834595363,31.744889207872234,nan,nan,29.570900834595363,31.744889207872234,234.02911185627738,234.02911185627738,0.0,nan,7.693014705882353,0.0,1.0,0.5
OASTER-ERP,-10,0,scenario_macro,186,4,0.6627644856939894,0.7188260370730698,1.371557446147624,20.136688676532405,22.298042894574518,nan,nan,20.136688676532405,22.298042894574518,234.02911185627738,234.02911185627738,0.0,nan,9.103860294117647,0.0,1.0,0.5
OASTER-ERP,-10,5,scenario_macro,186,4,0.7164632825343358,0.7769523232131188,1.215663406748637,11.077011064785344,13.641897958841733,0.0,0.0,11.077011064785344,13.641897958841733,207.356676313834,207.356676313834,0.0820713944974222,0.0,7.9724264705882355,0.11397058823529412,1.0,0.5569852941176471
OASTER-ERP,-10,10,scenario_macro,186,4,0.763391989272747,0.8280158896307167,1.1217861263683107,13.25281430639987,16.112384769169154,4.714045042367268,4.714045042367268,13.25281430639987,16.112384769169154,180.82288915498964,180.82288915498964,0.16086502190869886,4.714045042367268,7.134191176470588,0.2181372549019608,1.0,0.6090686274509804
OASTER-ERP,-10,15,scenario_macro,186,4,0.8135334522968625,0.8694105972620532,0.9903300994757621,13.149887879682444,17.579207072322166,4.880393505166123,4.880393505166123,13.149887879682444,17.579207072322166,133.79308225727038,133.79308225727038,0.2690937263430564,4.880393505166123,6.686580882352941,0.4166666666666667,1.0,0.7083333333333334
OASTER-ERP,-10,20,scenario_macro,186,4,0.8309965164825597,0.8719178738714544,0.9718232610286188,13.999371728221163,18.625442338492388,2.6466286677737343,2.6466286677737343,13.999371728221163,18.625442338492388,105.27128604241165,105.27128604241165,0.3405139939088834,2.6466286677737343,7.538602941176471,0.5343137254901961,1.0,0.767156862745098
OASTER-ERP,-5,-10,scenario_macro,186,4,0.6339714854714694,0.676790750411287,1.504150738557432,27.9433629532094,34.60572836161787,nan,nan,27.9433629532094,34.60572836161787,234.02911185627738,234.02911185627738,0.0,nan,6.985294117647058,0.0,1.0,0.5
OASTER-ERP,-5,-5,scenario_macro,186,4,0.6605205750849126,0.7127362347349189,1.3908019416567992,22.634306310018882,24.15710403268066,nan,nan,22.634306310018882,24.15710403268066,234.02911185627738,234.02911185627738,0.0,nan,7.743566176470589,0.0,1.0,0.5
OASTER-ERP,-5,0,scenario_macro,186,4,0.6787326169390973,0.7393345161177717,1.2918775268195801,16.837763371188025,19.4721146877409,7.071067769030884,7.071067769030884,16.837763371188025,19.4721146877409,224.57252668597542,224.57252668597542,0.03125,7.071067769030884,7.882352941176471,0.020833333333333332,1.0,0.5104166666666666
OASTER-ERP,-5,5,scenario_macro,186,4,0.6847416013515464,0.7462790665616909,1.2715332853111654,11.19322761123361,14.542768508534069,7.0710675710301105,7.0710675710301105,11.19322761123361,14.542768508534069,228.07562802243717,228.07562802243717,0.017400201626923722,7.0710675710301105,7.434742647058824,0.020833333333333332,1.0,0.5104166666666666
OASTER-ERP,-5,10,scenario_macro,186,4,0.782078162600571,0.8444135412952073,1.052965386173625,11.803103907335581,17.39430528948508,5.447766044520946,5.447766044520946,11.803103907335581,17.39430528948508,168.95908154611288,168.95908154611288,0.18952475560120202,5.447766044520946,7.7316176470588225,0.2696078431372549,1.0,0.6348039215686274
OASTER-ERP,-5,15,scenario_macro,186,4,0.8200378057630429,0.876373003238246,0.9522694250378304,14.00663238907969,17.003511183230682,4.344336044206956,4.344336044206956,14.00663238907969,17.003511183230682,132.7245587087801,132.7245587087801,0.29155166146379907,4.344336044206956,7.0735294117647065,0.42647058823529416,1.0,0.7132352941176471
OASTER-ERP,-5,20,scenario_macro,186,4,0.8405611465161956,0.8772368123768164,0.9602954434818313,13.624044243553206,17.677987378177786,2.646871691423526,2.646871691423526,13.624044243553206,17.677987378177786,89.55824270740641,89.55824270740641,0.3837689712696888,2.646871691423526,7.227022058823529,0.5588235294117647,0.9852941176470589,0.7720588235294118
OASTER-ERP,0,-10,scenario_macro,186,4,0.6570161292070821,0.7089706638762732,1.3447072798836954,14.362006058055394,19.510305798393482,nan,nan,14.362006058055394,19.510305798393482,234.02911185627738,234.02911185627738,0.0,nan,7.943014705882353,0.0,1.0,0.5
OASTER-ERP,0,-5,scenario_macro,186,4,0.6774794595485747,0.7372605429839285,1.2894092965019972,15.008259547430583,16.456306327657735,4.999999699676777,4.999999699676777,15.008259547430583,16.456306327657735,224.4862321830857,224.4862321830857,0.03125,4.999999699676777,7.397977941176471,0.041666666666666664,1.0,0.5208333333333334
OASTER-ERP,0,0,scenario_macro,186,4,0.7301251346803583,0.7955393136036716,1.1309369572015369,11.708423647578892,16.6919945315296,5.0000000944496685,5.0000000944496685,11.708423647578892,16.6919945315296,202.5791090343664,202.5791090343664,0.09918654694947454,5.0000000944496685,8.302389705882353,0.13480392156862744,1.0,0.5674019607843137
OASTER-ERP,0,5,scenario_macro,186,4,0.7606055387168361,0.8247390598283194,1.0380111587326335,10.226428583769264,13.770606135664822,1.666666566558925,1.666666566558925,10.226428583769264,13.770606135664822,180.7332603762894,180.7332603762894,0.16693370104712477,1.666666566558925,7.3152573529411775,0.22794117647058823,1.0,0.6139705882352942
OASTER-ERP,0,10,scenario_macro,186,4,0.7783214487948484,0.8371098964893657,1.0179036773932717,11.279794614231342,15.144917048777428,1.6666666981498894,1.6666666981498894,11.279794614231342,15.144917048777428,169.02346431967962,169.02346431967962,0.1977576984276265,1.6666666981498894,7.7931985294117645,0.27818627450980393,0.9852941176470589,0.6317401960784315
OASTER-ERP,0,15,scenario_macro,186,4,0.8218507699353117,0.87516602584997,0.9589761975380618,12.849806910961258,17.29289200869349,3.2802078654902735,3.2802078654902735,12.849806910961258,17.29289200869349,131.69308619485975,131.69308619485975,0.2785891761424053,3.2802078654902735,6.9402573529411775,0.42524509803921573,1.0,0.7126225490196079
OASTER-ERP,0,20,scenario_macro,186,4,0.8454144686871417,0.8810565733908379,0.9311641361824364,12.341521728784045,17.90198936936977,2.1247729251026812,2.1247729251026812,12.341521728784045,17.90198936936977,93.75424755822222,93.75424755822222,0.3895856372060244,2.1247729251026812,7.356617647058823,0.5735294117647058,0.9852941176470589,0.7794117647058824
OASTER-ERP,5,-10,scenario_macro,186,4,0.6659900980033144,0.72294208972374,1.2795446173151641,12.173680786418814,16.944456684277792,0.0,0.0,12.173680786418814,16.944456684277792,232.88191032757013,232.88191032757013,0.003676470588235294,0.0,7.624080882352941,0.004901960784313725,1.0,0.5024509803921569
OASTER-ERP,5,-5,scenario_macro,186,4,0.711455938668425,0.7728931240968484,1.1723341666373224,13.069414642947953,17.34994194481111,0.0,0.0,13.069414642947953,17.34994194481111,212.2322828108398,212.2322828108398,0.06985294117647059,0.0,7.68841911764706,0.09313725490196079,1.0,0.5465686274509804
OASTER-ERP,5,0,scenario_macro,186,4,0.7480651948048022,0.8107515549192669,1.0804837115029926,10.978715163247307,16.547770819487358,0.0,0.0,10.978715163247307,16.547770819487358,192.72985682281663,192.72985682281663,0.13227082780193028,0.0,7.053308823529411,0.17647058823529413,1.0,0.5882352941176471
OASTER-ERP,5,5,scenario_macro,186,4,0.7569927749160238,0.8160013544059628,1.0420179296907075,11.60267256179028,14.7044725869116,2.845178018683233,2.845178018683233,11.60267256179028,14.7044725869116,181.13840456643115,181.13840456643115,0.16443860998312038,2.845178018683233,7.536764705882353,0.22181372549019607,1.0,0.610906862745098
OASTER-ERP,5,10,scenario_macro,186,4,0.811161205475676,0.8749036588534793,0.9080084832401667,11.866967100638732,15.227482453629662,3.1844727339631915,3.1844727339631915,11.866967100638732,15.227482453629662,149.12456374416956,149.12456374416956,0.2693016648841323,3.1844727339631915,7.369485294117647,0.3455882352941176,1.0,0.6727941176470588
OASTER-ERP,5,15,scenario_macro,186,4,0.8302380785972937,0.8781664420683529,0.8970374385216187,12.15656448378484,15.11323687417576,1.4631597097845426,1.4631597097845426,12.15656448378484,15.11323687417576,116.34072959965586,116.34072959965586,0.3428541425155391,1.4631597097845426,7.0119485294117645,0.4852941176470588,1.0,0.7426470588235294
OASTER-ERP,5,20,scenario_macro,186,4,0.8475680450901014,0.8835776588437478,0.8846049389673205,11.340277021649916,16.655535016459684,3.9020438932245476,3.9020438932245476,11.340277021649916,16.655535016459684,87.86115762116447,87.86115762116447,0.3881575627342724,3.9020438932245476,7.125,0.5686274509803921,1.0,0.7843137254901961
OASTER-ERP,10,-10,scenario_macro,186,4,0.6910969900974856,0.7527845883208228,1.2481227524182208,14.152588858947754,18.463621842376785,0.0,0.0,14.152588858947754,18.463621842376785,223.13069733355857,223.13069733355857,0.03417783820664765,0.0,7.319852941176471,0.04656862745098039,1.0,0.5232843137254902
OASTER-ERP,10,-5,scenario_macro,186,4,0.7380576568627764,0.7999212824039439,1.1259742837913784,15.06437925510995,19.657115246417785,0.0,0.0,15.06437925510995,19.657115246417785,195.31106026240795,195.31106026240795,0.12408088235294118,0.0,7.176470588235294,0.16544117647058823,1.0,0.5827205882352942
OASTER-ERP,10,0,scenario_macro,186,4,0.7683752274864044,0.8275099240762877,1.0191735906584953,14.199187719540221,19.022364027397984,0.8333332832794632,0.8333332832794632,14.199187719540221,19.022364027397984,176.14445426146042,176.14445426146042,0.18388081033755027,0.8333332832794632,7.757352941176471,0.24754901960784315,1.0,0.6237745098039216
OASTER-ERP,10,5,scenario_macro,186,4,0.8120324329518104,0.8714183784194611,0.9024634846210605,13.014358667837078,15.157010756067708,1.333333382496522,1.333333382496522,13.014358667837078,15.157010756067708,147.32467449530623,147.32467449530623,0.26445346801008707,1.333333382496522,7.650735294117647,0.3713235294117647,1.0,0.6856617647058824
OASTER-ERP,10,10,scenario_macro,186,4,0.814905919414703,0.8724498093162436,0.8892082594008965,13.75850077163289,17.727433014375794,2.3081669787227734,2.3081669787227734,13.75850077163289,17.727433014375794,141.67357129714335,141.67357129714335,0.28665079506954444,2.3081669787227734,7.923713235294118,0.3909313725490196,1.0,0.6954656862745098
OASTER-ERP,10,15,scenario_macro,186,4,0.8465358350328198,0.889996852843524,0.8001361390540161,12.282146509690888,16.538201684566847,1.5649541031231937,1.5649541031231937,12.282146509690888,16.538201684566847,104.93031909443096,104.93031909443096,0.38007667253296806,1.5649541031231937,7.607536764705882,0.5392156862745098,1.0,0.7696078431372548
OASTER-ERP,10,20,scenario_macro,186,4,0.8608641695766038,0.8869472233695064,0.8162886269759576,11.274307061655213,16.242877292806142,2.304299285853045,2.304299285853045,11.274307061655213,16.242877292806142,62.30567286786661,62.30567286786661,0.4715807595265548,2.304299285853045,7.771139705882352,0.6813725490196078,0.9852941176470589,0.8333333333333333
OASTER-ERP,15,-10,scenario_macro,186,4,0.7468332806412364,0.7978959397455665,1.127689437481583,15.527699942150832,22.21025057463807,0.7856742270067238,0.7856742270067238,15.527699942150832,22.21025057463807,175.6604822852092,175.6604822852092,0.1692419027314126,0.7856742270067238,6.5891544117647065,0.24019607843137256,1.0,0.6200980392156863
OASTER-ERP,15,-5,scenario_macro,186,4,0.7635593004047492,0.8147187995795704,1.0938634495932162,15.298721067130067,20.755478189990725,2.724654285820849,2.724654285820849,15.298721067130067,20.755478189990725,162.07158393225407,162.07158393225407,0.20089597579271382,2.724654285820849,7.8005514705882355,0.29044117647058826,1.0,0.6452205882352942
OASTER-ERP,15,0,scenario_macro,186,4,0.7895457574064938,0.8436981570690015,0.9948786833517806,15.454507397250742,18.200083865438554,0.47619050231183296,0.47619050231183296,15.454507397250742,18.200083865438554,154.10984445001142,154.10984445001142,0.23578729581333763,0.47619050231183296,7.9568014705882355,0.3419117647058823,1.0,0.6709558823529411
OASTER-ERP,15,5,scenario_macro,186,4,0.8263244927700429,0.8727055732935354,0.9142159341395373,14.534713511519461,18.749420242894953,2.0889514464013357,2.0889514464013357,14.534713511519461,18.749420242894953,116.72524700871004,116.72524700871004,0.34537317869110506,2.0889514464013357,7.729779411764706,0.49387254901960786,1.0,0.7469362745098039
OASTER-ERP,15,10,scenario_macro,186,4,0.8552473563883878,0.891403787832723,0.7933511953703798,12.534023022941547,15.62895135251609,1.0528833143174257,1.0528833143174257,12.534023022941547,15.62895135251609,91.15131557783515,91.15131557783515,0.4140608280167361,1.0528833143174257,7.986213235294118,0.5931372549019608,0.9852941176470589,0.7892156862745099
OASTER-ERP,15,15,scenario_macro,186,4,0.8664221537571231,0.8910099541985516,0.7473854600826628,10.875643729133174,14.342912907821997,0.5134800332199467,0.5134800332199467,10.875643729133174,14.342912907821997,76.00100810474305,76.00100810474305,0.442560255769165,0.5134800332199467,8.639705882352942,0.6666666666666666,1.0,0.8333333333333333
OASTER-ERP,15,20,scenario_macro,186,4,0.8720175979645365,0.8894672288631942,0.7402037086929998,10.482459618360078,13.21454317570931,1.6234690429644691,1.6234690429644691,10.482459618360078,13.21454317570931,53.89624006585566,53.89624006585566,0.5091901462285146,1.6234690429644691,8.327205882352942,0.7303921568627452,0.9852941176470589,0.857843137254902
OASTER-ERP,20,-10,scenario_macro,186,4,0.8024269470763599,0.8451961525308425,0.9880423728690039,14.242900453170597,17.727662699832013,2.38653282139545,2.38653282139545,14.242900453170597,17.727662699832013,117.7056665053472,117.7056665053472,0.3172226350355933,2.38653282139545,7.857536764705882,0.4620098039215686,1.0,0.7310049019607843
OASTER-ERP,20,-5,scenario_macro,186,4,0.8303434912473964,0.8663653454651024,0.9194843874461656,14.325573757304966,17.585763487029148,1.3843152442241216,1.3843152442241216,14.325573757304966,17.585763487029148,105.22940770519233,105.22940770519233,0.35100548681770405,1.3843152442241216,8.09375,0.5281862745098039,1.0,0.764093137254902
OASTER-ERP,20,0,scenario_macro,186,4,0.8387939578579059,0.8690252414580926,0.9068030854301786,12.309579414698229,14.489076437981112,3.10882521552996,3.10882521552996,12.309579414698229,14.489076437981112,83.93096766268357,83.93096766268357,0.3920026970717011,3.10882521552996,7.963235294117647,0.5857843137254902,1.0,0.7928921568627452
OASTER-ERP,20,5,scenario_macro,186,4,0.8533155284225558,0.8842985295283929,0.8374531081259233,12.25621228794303,14.675732892523015,2.6426792843588487,2.6426792843588487,12.25621228794303,14.675732892523015,78.2529942611208,78.2529942611208,0.4304501913692388,2.6426792843588487,8.354779411764707,0.6225490196078431,1.0,0.8112745098039216
OASTER-ERP,20,10,scenario_macro,186,4,0.8734152024942824,0.8942981155618209,0.7696832381513138,11.740850456250174,13.936025867821671,1.3832171958519213,1.3832171958519213,11.740850456250174,13.936025867821671,61.67682843208839,61.67682843208839,0.4639226183986132,1.3832171958519213,8.296875,0.6960784313725491,1.0,0.8480392156862746
OASTER-ERP,20,15,scenario_macro,186,4,0.8849677747131155,0.8963894874186165,0.7035016345478494,10.639834931335297,12.421305120016603,1.4825959281254886,1.4825959281254886,10.639834931335297,12.421305120016603,45.905675309195765,45.905675309195765,0.5049859588262343,1.4825959281254886,9.055147058823529,0.7696078431372548,0.9852941176470589,0.8774509803921569
OASTER-ERP,20,20,scenario_macro,186,4,0.8945450189785655,0.897604151100958,0.680524141972176,9.033416257501733,12.637823617464832,1.8274281229505505,1.8274281229505505,9.033416257501733,12.637823617464832,29.037777496109555,29.037777496109555,0.5476495849182048,1.8274281229505505,9.147977941176471,0.8382352941176471,1.0,0.9191176470588236
RAP-MUSIC,-10,-10,scenario_macro,186,4,0.5400774887025694,0.542676570641325,1.751489072394392,7.280833131921739,17.176071986939988,4.285714141086634,4.285714141086634,7.280833131921739,17.176071986939988,200.5248663561454,200.5248663561454,0.109375,4.285714141086634,1.2610294117647058,0.14583333333333334,1.0,0.5729166666666666
RAP-MUSIC,-10,-5,scenario_macro,186,4,0.6266645073735376,0.6298464590260251,1.4357750395909679,7.109111373225116,10.962334156184392,5.000000274274246,5.000000274274246,7.109111373225116,10.962334156184392,159.79683248301555,159.79683248301555,0.23719025471542773,5.000000274274246,1.5257352941176472,0.3174019607843137,1.0,0.6587009803921569
RAP-MUSIC,-10,0,scenario_macro,186,4,0.6425520077349426,0.6439387572658546,1.301446117017407,5.99806651651474,9.605090702961428,1.153876819021526,0.9999999399353554,5.99806651651474,9.605090702961428,150.43500445160495,150.3324198655475,0.26592908968917395,0.9999999399353554,1.7068014705882353,0.35784313725490197,1.0,0.678921568627451
RAP-MUSIC,-10,5,scenario_macro,186,4,0.6473526771019669,0.6445755766388789,1.2572582816679916,6.804376484255813,10.84055190229246,0.8333333161772035,0.8333333161772035,6.804376484255813,10.84055190229246,142.35102877336593,142.35102877336593,0.28731457188413556,0.8333333161772035,1.9292279411764706,0.39215686274509803,0.9852941176470589,0.6887254901960784
RAP-MUSIC,-10,10,scenario_macro,186,4,0.6534684440063089,0.6450710034609429,1.2179418178711774,5.175351452577414,9.548284111297058,0.6666666266235703,0.6666666266235703,5.175351452577414,9.548284111297058,132.07523461602918,132.07523461602918,0.30933828546203207,0.6666666266235703,2.157169117647059,0.4362745098039216,1.0,0.7181372549019608
RAP-MUSIC,-10,15,scenario_macro,186,4,0.6535554201033451,0.6450442400315689,1.212231527622549,5.740859589653371,8.894998857787463,0.47619044758826473,0.47619044758826473,5.740859589653371,8.894998857787463,133.17341653983763,133.17341653983763,0.30145577250792155,0.47619044758826473,2.1167279411764706,0.4313725490196078,1.0,0.7156862745098039
RAP-MUSIC,-10,20,scenario_macro,186,4,0.6527664239586211,0.6448397478438839,1.2136493716593986,6.121556091660899,10.321284350958189,0.39283711199233534,0.39283711199233534,6.121556091660899,10.321284350958189,135.43910458368848,135.43910458368848,0.29625999961189287,0.39283711199233534,2.124080882352941,0.4166666666666667,1.0,0.7083333333333334
RAP-MUSIC,-5,-10,scenario_macro,186,4,0.5655475369376357,0.5686972987449885,1.6498289975299718,5.790004640293791,14.114074780587098,2.2222221764725436,2.2222221764725436,5.790004640293791,14.114074780587098,190.56532004131395,190.56532004131395,0.140625,2.2222221764725436,1.3125,0.1875,1.0,0.59375
RAP-MUSIC,-5,-5,scenario_macro,186,4,0.6302213608458528,0.6327698920964384,1.369789534359338,5.107210370974825,10.276590587488297,0.31249998122979855,0.31249998122979855,5.107210370974825,10.276590587488297,153.93333816759028,153.93333816759028,0.25735294117647056,0.31249998122979855,1.6056985294117647,0.34313725490196073,1.0,0.6715686274509803
RAP-MUSIC,-5,0,scenario_macro,186,4,0.6431677145171011,0.6431792385536086,1.2857971426153731,5.041550994812412,9.027342330310892,0.0,0.0,5.041550994812412,9.027342330310892,150.2834002606487,150.2834002606487,0.2644363538501171,0.0,1.7601102941176472,0.35784313725490197,1.0,0.678921568627451
RAP-MUSIC,-5,5,scenario_macro,186,4,0.6492167965893592,0.6457720032672338,1.236252208922865,5.736386746717213,9.611570245053253,1.5384614865439203,1.5384614865439203,5.736386746717213,9.611570245053253,136.8110995532952,136.8110995532952,0.2956394108325294,1.5384614865439203,1.9273897058823533,0.4166666666666667,1.0,0.7083333333333334
RAP-MUSIC,-5,10,scenario_macro,186,4,0.6530237125353089,0.645641694046799,1.2133338677314267,4.709645038439933,8.289314110226204,1.0416666205481993,1.0416666205481993,4.709645038439933,8.289314110226204,131.02607230098985,131.02607230098985,0.3060618401594492,1.0416666205481993,2.2270220588235294,0.4411764705882353,1.0,0.7205882352941176
RAP-MUSIC,-5,15,scenario_macro,186,4,0.6559849470007961,0.64482491944718,1.2191508451143922,5.55844780119772,9.482882678993581,0.39215685467162525,0.39215685467162525,5.55844780119772,9.482882678993581,129.73181195758625,129.73181195758625,0.309062706763923,0.39215685467162525,2.1875,0.446078431372549,1.0,0.7230392156862745
RAP-MUSIC,-5,20,scenario_macro,186,4,0.6534851872513389,0.6448748019944258,1.2227219406964573,6.323971247457222,10.38058420845001,0.47619044758826473,0.47619044758826473,6.323971247457222,10.38058420845001,133.17341653983763,133.17341653983763,0.29913365522252344,0.47619044758826473,2.240808823529412,0.4313725490196078,1.0,0.7156862745098039
RAP-MUSIC,0,-10,scenario_macro,186,4,0.6302254556125974,0.6319419848520723,1.397869418021395,3.6128194256359,10.9775120542036,3.333333133117851,3.333333133117851,3.6128194256359,10.9775120542036,156.40424749615931,156.40424749615931,0.24320706311116513,3.333333133117851,1.4108455882352942,0.3321078431372549,1.0,0.6660539215686274
RAP-MUSIC,0,-5,scenario_macro,186,4,0.6398495244481541,0.6417058299196106,1.3220290073579408,4.443055811353506,9.356774538114049,0.0,0.0,4.443055811353506,9.356774538114049,152.5778033180632,152.5778033180632,0.26102941176470584,0.0,1.598345588235294,0.34803921568627444,1.0,0.6740196078431372
RAP-MUSIC,0,0,scenario_macro,186,4,0.6453374746388285,0.6452958555574496,1.2606771877823455,4.838851588213319,8.274975558307286,1.2499999967438777,1.249999996743878,4.838851588213319,8.274975558307286,146.93983488995787,146.93983488995787,0.2719569052850534,1.249999996743878,1.7610294117647058,0.37254901960784315,1.0,0.6862745098039216
RAP-MUSIC,0,5,scenario_macro,186,4,0.6515690762647578,0.6475803067626913,1.2263794099990295,5.216794908352802,8.409973891447706,0.5555555760402174,0.5555555760402174,5.216794908352802,8.409973891447706,140.05662572158474,140.05662572158474,0.2859427702692052,0.5555555760402174,1.9852941176470589,0.40196078431372545,1.0,0.7009803921568627
RAP-MUSIC,0,10,scenario_macro,186,4,0.6570769899662084,0.6478787146061761,1.2042682974353598,4.847586824139165,7.839172630900552,0.3921568391903356,0.3921568391903356,4.847586824139165,7.839172630900552,132.0262150111304,132.0262150111304,0.3024605119626668,0.3921568391903356,2.2435661764705883,0.4362745098039216,1.0,0.7181372549019608
RAP-MUSIC,0,15,scenario_macro,186,4,0.6567756598333878,0.6467471280101093,1.1929580296790423,4.8608271508151875,8.45060792461096,0.5364918984683918,0.5364918984683918,4.8608271508151875,8.45060792461096,129.75211654505108,129.75211654505108,0.31312534738257164,0.5364918984683918,2.2435661764705883,0.4411764705882353,1.0,0.7205882352941176
RAP-MUSIC,0,20,scenario_macro,186,4,0.6521288924456328,0.6440929941284701,1.2220275218599745,6.233781587243821,10.501209437790735,0.2777777610931543,0.2777777610931543,6.233781587243821,10.501209437790735,135.41879999235334,135.41879999235334,0.2983221406165942,0.2777777610931543,2.1893382352941178,0.4215686274509804,1.0,0.7107843137254902
RAP-MUSIC,5,-10,scenario_macro,186,4,0.6438972218320497,0.640322449154373,1.3181576671306585,4.743716165787487,10.093072315765035,2.931190271615982,2.931190271615982,4.743716165787487,10.093072315765035,136.88042376493271,136.88042376493271,0.2966183794838448,2.931190271615982,1.6599264705882353,0.411764705882353,1.0,0.7058823529411765
RAP-MUSIC,5,-5,scenario_macro,186,4,0.6519899077985949,0.643798410934451,1.2646852657603773,4.254949279153255,9.0956959928672,1.3333333298601362,1.3333333298601362,4.254949279153255,9.0956959928672,132.12425423219463,132.12425423219463,0.30316401944746757,1.3333333298601362,1.7389705882352944,0.4362745098039216,1.0,0.7181372549019608
RAP-MUSIC,5,0,scenario_macro,186,4,0.6567311048969432,0.647184334548939,1.2199674899417705,3.8892988888168034,8.628370913097319,1.6666666623251707,1.6666666623251707,3.8892988888168034,8.628370913097319,129.82985117478015,129.82985117478015,0.3120701879167173,1.6666666623251707,1.8667279411764706,0.44607843137254904,1.0,0.7230392156862745
RAP-MUSIC,5,5,scenario_macro,186,4,0.6613329219026503,0.6483005005274004,1.1914006490153144,4.251636616784439,7.9295232782762,0.6666666266235702,0.6666666266235702,4.251636616784439,7.9295232782762,125.14300583888695,125.14300583888695,0.31747684611767885,0.6666666266235702,2.020220588235294,0.4656862745098039,1.0,0.7328431372549019
RAP-MUSIC,5,10,scenario_macro,186,4,0.6595187205224818,0.6485458370399582,1.1916999921798388,4.216750243078828,7.410803464339668,0.27729678493576615,0.27729678493576615,4.216750243078828,7.410803464339668,129.70309694015228,129.70309694015228,0.30879439545787374,0.27729678493576615,2.2426470588235294,0.4411764705882353,1.0,0.7205882352941176
RAP-MUSIC,5,15,scenario_macro,186,4,0.6611316154475606,0.6483692205432803,1.1833710145470604,3.749020804597197,8.097465675244806,0.5419386481020824,0.5419386481020824,3.749020804597197,8.097465675244806,125.21233003512089,125.21233003512089,0.30930160202600454,0.5419386481020824,2.2536764705882355,0.46078431372549017,1.0,0.7303921568627451
RAP-MUSIC,5,20,scenario_macro,186,4,0.6575033177461126,0.6470657926025403,1.1928461277189655,5.415384779816551,9.420961528988022,0.6322617561190961,0.6322617561190961,5.415384779816551,9.420961528988022,128.6539346212426,128.6539346212426,0.31226340278475107,0.6322617561190961,2.1875,0.446078431372549,1.0,0.7230392156862745
RAP-MUSIC,10,-10,scenario_macro,186,4,0.6607334032107046,0.6435812088183995,1.2509931240225276,4.88666752613122,9.802165816371325,1.998786525659994,1.998786525659994,4.88666752613122,9.802165816371325,110.69086701801702,110.69086701801702,0.3402662855545237,1.998786525659994,1.8318014705882353,0.5245098039215687,1.0,0.7622549019607843
RAP-MUSIC,10,-5,scenario_macro,186,4,0.664833623833744,0.6450605254677222,1.2341146441836954,5.007509736893883,8.771610007579369,1.0647523218372854,1.0647523218372854,5.007509736893883,8.771610007579369,111.59297052755103,111.59297052755103,0.3391230469011625,1.0647523218372854,1.8915441176470589,0.5196078431372549,1.0,0.7598039215686274
RAP-MUSIC,10,0,scenario_macro,186,4,0.6730248522893323,0.6481148663294196,1.1915603327469102,4.350007123792719,8.698533267816863,0.5741088248144931,0.5741088248144931,4.350007123792719,8.698533267816863,104.62329408691771,104.62329408691771,0.3489557934321861,0.5741088248144931,1.963235294117647,0.5441176470588235,1.0,0.7720588235294117
RAP-MUSIC,10,5,scenario_macro,186,4,0.6705935959511801,0.6498187278611471,1.1667387876606619,3.9755760229351007,8.523626495757682,0.521885507950698,0.521885507950698,3.9755760229351007,8.523626495757682,110.2784055762249,110.2784055762249,0.3489642723371227,0.521885507950698,1.9604779411764706,0.5294117647058824,1.0,0.7647058823529411
RAP-MUSIC,10,10,scenario_macro,186,4,0.6716506911068937,0.6491262304932786,1.156467320310309,3.858771458680924,8.007267230713763,0.13888889650761796,0.13888889650761796,3.858771458680924,8.007267230713763,110.18036636642732,110.18036636642732,0.34847358649192023,0.13888889650761796,2.2738970588235294,0.5294117647058824,1.0,0.7647058823529411
RAP-MUSIC,10,15,scenario_macro,186,4,0.660215001158908,0.6483790279427186,1.1907399382826251,4.157350493689051,8.043863509065831,0.18518517406210297,0.18518517406210297,4.157350493689051,8.043863509065831,128.5355908201099,128.5355908201099,0.30572224370862766,0.18518517406210297,2.2159926470588234,0.4509803921568627,1.0,0.7254901960784313
RAP-MUSIC,10,20,scenario_macro,186,4,0.6584194588729975,0.6486482803763345,1.1879794055581432,4.453630236680835,8.209652333823378,0.6694536241261018,0.6694536241261018,4.453630236680835,8.209652333823378,129.80113614994988,129.80113614994988,0.30340333370386385,0.6694536241261018,2.261029411764706,0.4411764705882353,1.0,0.7205882352941176
RAP-MUSIC,15,-10,scenario_macro,186,4,0.6793356604997661,0.6460881706281215,1.1953303476599109,5.237952016376588,9.832113783931044,0.6706148798791749,0.6706148798791749,5.237952016376588,9.832113783931044,92.01280990124259,92.01280990124259,0.376594874936768,0.6706148798791749,1.953125,0.5980392156862745,1.0,0.7990196078431373
RAP-MUSIC,15,-5,scenario_macro,186,4,0.6827038059170704,0.647800582679198,1.1893609471553643,4.671491149728781,9.287724304394722,0.0,0.0,4.671491149728781,9.287724304394722,92.9233238252866,92.9233238252866,0.3666654024022059,0.0,1.9751838235294117,0.6029411764705882,1.0,0.8014705882352942
RAP-MUSIC,15,0,scenario_macro,186,4,0.681204060256098,0.6474062036056248,1.1791501436308993,4.898714174658111,9.451567281401063,0.427885668387763,0.427885668387763,4.898714174658111,9.451567281401063,90.83657116576619,90.83657116576619,0.3787663996052745,0.427885668387763,2.0597426470588234,0.607843137254902,1.0,0.803921568627451
RAP-MUSIC,15,5,scenario_macro,186,4,0.6807641571744032,0.6496269301262115,1.1584884689187738,3.8536750062933174,9.111573459232543,0.21505377523760197,0.21505377523760197,3.8536750062933174,9.111573459232543,95.31576610376528,95.31576610376528,0.3678741388139075,0.21505377523760197,2.278492647058824,0.5931372549019608,1.0,0.7965686274509804
RAP-MUSIC,15,10,scenario_macro,186,4,0.6791343261388286,0.6510077311636148,1.129759874094642,3.363972728365038,7.807937120575751,0.4994446270638968,0.23809522379413237,3.363972728365038,7.807937120575751,98.8649851387903,98.75737067862038,0.3668631197489442,0.23809522379413237,2.375919117647059,0.5784313725490196,1.0,0.7892156862745098
RAP-MUSIC,15,15,scenario_macro,186,4,0.6686317144763693,0.6500651972231382,1.1523965342911102,3.358964704784615,7.328577343391005,0.5555555541083902,0.5555555541083902,3.358964704784615,7.328577343391005,112.62182824417148,112.62182824417148,0.33988792892889785,0.5555555541083902,2.2840073529411766,0.5196078431372549,1.0,0.7598039215686274
RAP-MUSIC,15,20,scenario_macro,186,4,0.6650985390061037,0.650534234016788,1.1603610356775493,3.445115581560056,7.864235435589979,0.3333333324650341,0.3333333324650341,3.445115581560056,7.864235435589979,121.70140125839855,121.70140125839855,0.3119161201689533,0.3333333324650341,2.2794117647058827,0.4803921568627451,1.0,0.7401960784313726
RAP-MUSIC,20,-10,scenario_macro,186,4,0.679094333411776,0.6440794955368495,1.2161023524152985,5.6919986042933965,10.207895005623698,1.369236796839247,1.369236796839247,5.6919986042933965,10.207895005623698,86.56495495343843,86.56495495343843,0.3816391036237821,1.369236796839247,2.1167279411764706,0.6078431372549019,1.0,0.803921568627451
RAP-MUSIC,20,-5,scenario_macro,186,4,0.6811990781427507,0.6452348444051834,1.2011908545518857,5.371278821498489,9.358123339867456,0.5971749889692485,0.5971749889692485,5.371278821498489,9.358123339867456,87.4544480359667,87.4544480359667,0.3800982006359404,0.5971749889692485,2.407169117647059,0.6225490196078431,1.0,0.8112745098039216
RAP-MUSIC,20,0,scenario_macro,186,4,0.6852016675208084,0.6471666777148295,1.1803580931727384,4.8465252414485915,9.290076675677954,1.1419970252421783,1.1419970252421783,4.8465252414485915,9.290076675677954,84.21754080927343,84.21754080927343,0.384056518669828,1.1419970252421783,2.4080882352941178,0.6274509803921569,1.0,0.8137254901960784
RAP-MUSIC,20,5,scenario_macro,186,4,0.6852290983017905,0.6473173028990767,1.164552178587793,4.167205011682068,8.478275365172875,0.18518518470279666,0.18518518470279666,4.167205011682068,8.478275365172875,84.99095233976679,84.99095233976679,0.3833557429906922,0.18518518470279666,2.344669117647059,0.6372549019607843,1.0,0.8186274509803921
RAP-MUSIC,20,10,scenario_macro,186,4,0.6790269539150574,0.6497865857443152,1.1505038283783433,3.826300016547782,8.707995048747291,0.0,0.0,3.826300016547782,8.707995048747291,98.65933146882281,98.65933146882281,0.36324306332910744,0.0,2.321691176470588,0.5784313725490197,1.0,0.7892156862745099
RAP-MUSIC,20,15,scenario_macro,186,4,0.6771270050895016,0.6510743771867156,1.1384153788814635,3.59670368153382,7.81121190509304,0.0,0.0,3.59670368153382,7.81121190509304,104.39533911235903,104.39533911235903,0.3559067288363534,0.0,2.2886029411764706,0.553921568627451,1.0,0.7769607843137255
RAP-MUSIC,20,20,scenario_macro,186,4,0.6643597938381418,0.648327855719012,1.172405293348634,3.626720193317698,7.364938355566015,0.3174603348745553,0.3174603348745553,3.626720193317698,7.364938355566015,120.55419973532462,120.55419973532462,0.31901079602682947,0.3174603348745553,2.2582720588235294,0.4852941176470588,1.0,0.7426470588235294
dSPM,-10,-10,scenario_macro,186,4,0.7088412696741831,0.8285897514322029,1.9552533600786737,64.27352707607211,27.17748064163267,23.639529396235076,20.26987438571143,64.27352707607211,27.17748064163267,23.639529396235076,20.26987438571143,0.581260003165656,20.085809228945795,7446.591911764706,0.27205882352941174,0.0,0.13602941176470587
dSPM,-10,-5,scenario_macro,186,4,0.7929568955640991,0.8818091418307531,1.9394716601889235,62.79674785039492,17.472530643438414,23.061723919579276,15.29282883668418,62.79674785039492,17.472530643438414,23.061723919579276,15.29282883668418,0.53225377918806,15.665711580017918,6892.415441176471,0.46813725490196084,0.0,0.23406862745098042
dSPM,-10,0,scenario_macro,186,4,0.8321624781531478,0.9100548163649065,1.9166752636150777,47.63313207178549,13.207413136619175,22.63926431152716,14.436622136729994,47.63313207178549,13.207413136619175,22.63926431152716,14.436622136729994,0.4862924302687519,15.26010152993891,4841.5496323529405,0.48774509803921573,0.0,0.24387254901960786
dSPM,-10,5,scenario_macro,186,4,0.8543791522864805,0.9268177303150892,1.8826435437285882,27.71615477979542,12.19594904446659,21.884828911184773,14.733718834660666,27.71615477979542,12.19594904446659,21.884828911184773,14.733718834660666,0.44908610126815796,15.023096108270508,2759.0413602941176,0.4571078431372549,0.014705882352941176,0.23590686274509803
dSPM,-10,10,scenario_macro,186,4,0.8687241802015591,0.9358177826826514,1.8424588671319406,20.641977438311912,13.096143112220362,20.257826938351638,14.569298855317006,20.641977438311912,13.096143112220362,20.257826938351638,14.569298855317006,0.41515160044125626,14.575358571466909,750.5064338235294,0.49142156862745096,0.11764705882352941,0.30453431372549017
dSPM,-10,15,scenario_macro,186,4,0.8744336913174457,0.9369071090673643,1.813504693157727,20.016060705068167,13.611309990376348,19.416246890575696,15.880404844337626,20.016060705068167,13.611309990376348,19.416246890575696,15.880404844337626,0.41072339942816927,15.880404844337626,532.4494485294117,0.4571078431372549,0.11764705882352941,0.28737745098039214
dSPM,-10,20,scenario_macro,186,4,0.8773501182524861,0.938815845859009,1.8050314315368525,20.46589556767072,14.731177666448525,19.160118379741835,16.23607505367859,20.46589556767072,14.731177666448525,19.160118379741835,16.23607505367859,0.41297814914663805,16.23607505367859,495.42463235294116,0.42034313725490197,0.11764705882352941,0.2689950980392157
dSPM,-5,-10,scenario_macro,186,4,0.7922275607331406,0.8647083641955384,1.9398750766244024,61.391842320399896,20.780064665470515,23.36851658047353,15.933096234370675,61.391842320399896,20.780064665470515,23.36851658047353,15.933096234370675,0.5732718009162753,16.48777363258498,6690.08455882353,0.38602941176470584,0.0,0.19301470588235292
dSPM,-5,-5,scenario_macro,186,4,0.8226075835534764,0.9013435458746233,1.9232792509105237,53.671163977383166,17.20131620840876,22.793845445078855,15.468963808530182,53.671163977383166,17.20131620840876,22.793845445078855,15.468963808530182,0.5257552982648641,14.859552238818019,5603.35294117647,0.4718137254901961,0.0,0.23590686274509806
dSPM,-5,0,scenario_macro,186,4,0.8558016948067619,0.9218080406058411,1.8991198327692664,37.78191417877719,13.872787941477682,22.277314627769044,14.023944068793867,37.78191417877719,13.872787941477682,22.277314627769044,14.023944068793867,0.49063452692353915,14.089283634779994,3809.856617647059,0.44852941176470584,0.0,0.22426470588235292
dSPM,-5,5,scenario_macro,186,4,0.8653988851159445,0.9314427821222506,1.8697472336181402,24.793530206711925,13.88401029667426,21.8292259523856,15.287170240698067,24.793530206711925,13.88401029667426,21.8292259523856,15.287170240698067,0.44692362213257275,14.921935370239032,2538.1121323529414,0.4424019607843137,0.058823529411764705,0.2506127450980392
dSPM,-5,10,scenario_macro,186,4,0.8734713338017437,0.9380770181143685,1.8348398553003884,19.784891134954393,13.052493054427018,20.67470889921404,15.429992798461521,19.784891134954393,13.052493054427018,20.67470889921404,15.429992798461521,0.4151682987975671,15.876295154412114,884.9761029411765,0.4522058823529412,0.11764705882352941,0.2849264705882353
dSPM,-5,15,scenario_macro,186,4,0.8752495932707651,0.9390341872538821,1.8075493681802919,19.327905308008365,13.091135892559747,19.6471350953554,15.11276201430197,19.327905308008365,13.091135892559747,19.6471350953554,15.11276201430197,0.4039455453722847,15.087733099975878,537.6351102941176,0.4669117647058823,0.17647058823529413,0.3216911764705882
dSPM,-5,20,scenario_macro,186,4,0.8760728314474763,0.9370621817904191,1.7981473281186042,19.834936192418592,13.475857493600023,19.114032784269245,15.834092589808277,19.834936192418592,13.475857493600023,19.114032784269245,15.834092589808277,0.40599715333945313,15.834092589808277,494.7683823529412,0.45588235294117646,0.16176470588235295,0.3088235294117647
dSPM,0,-10,scenario_macro,186,4,0.8404959354434433,0.9035222967095897,1.9171360082131024,50.510070526797364,18.165514368129944,22.66330071091887,14.866991184217765,50.510070526797364,18.165514368129944,22.66330071091887,14.866991184217765,0.5590601723657465,14.52537305785152,5301.8125,0.5134803921568628,0.0,0.2567401960784314
dSPM,0,-5,scenario_macro,186,4,0.8586303427470937,0.917949487635199,1.8998080591490916,41.69340418097196,16.38725963949474,22.17867611049621,14.120008681639227,41.69340418097196,16.38725963949474,22.17867611049621,14.120008681639227,0.5211151705827672,14.610540004086822,4113.366727941177,0.5036764705882354,0.0,0.2518382352941177
dSPM,0,0,scenario_macro,186,4,0.8777135505285856,0.9290071881309789,1.8770544816981167,29.478629450551807,15.485413150380381,21.87326424438221,13.260378460764157,29.478629450551807,15.485413150380381,21.87326424438221,13.260378460764157,0.4891065956216418,13.36860931211595,2956.4852941176473,0.5490196078431372,0.014705882352941176,0.28186274509803916
dSPM,0,5,scenario_macro,186,4,0.8891945638733517,0.9394406129558711,1.8488011638975834,21.567348352645084,13.689092993989668,21.293939568042898,14.123405994925141,21.567348352645084,13.689092993989668,21.293939568042898,14.123405994925141,0.458703511945901,13.699735063376046,1960.3556985294117,0.48774509803921573,0.029411764705882353,0.25857843137254904
dSPM,0,10,scenario_macro,186,4,0.8911578175431439,0.9450245955978076,1.8201607817296532,19.253388560862728,13.45949331048684,20.373936913359234,13.789078438697274,19.253388560862728,13.45949331048684,20.373936913359234,13.789078438697274,0.4277789300092045,13.70661947792406,743.7095588235294,0.49264705882352944,0.10294117647058823,0.2977941176470588
dSPM,0,15,scenario_macro,186,4,0.888318230159715,0.942641814824126,1.7980856835935695,18.786506619315375,12.942225291677788,19.471759985985525,14.583347020421016,18.786506619315375,12.942225291677788,19.471759985985525,14.583347020421016,0.40933705143123034,14.583347020421016,536.4227941176471,0.48161764705882354,0.20588235294117646,0.34375
dSPM,0,20,scenario_macro,186,4,0.8803652728817777,0.9399963517943172,1.7896308809598764,18.997003727290544,12.617784836426132,19.19697923270103,15.116779798496793,18.997003727290544,12.617784836426132,19.19697923270103,15.116779798496793,0.39938686427256787,15.116779803593142,498.1259191176471,0.4620098039215686,0.23529411764705882,0.3486519607843137
dSPM,5,-10,scenario_macro,186,4,0.8712692438099459,0.9202258314888415,1.8867184403320132,37.60480487968192,17.384724055139213,22.204440867624218,14.561644274858523,37.60480487968192,17.384724055139213,22.204440867624218,14.561644274858523,0.5341611744515016,14.197901920972134,3747.3106617647054,0.5183823529411765,0.0,0.25919117647058826
dSPM,5,-5,scenario_macro,186,4,0.8777800100354828,0.92743872146731,1.8702706379804457,30.90341397890441,16.827409305893237,21.69506821292785,14.090308050523484,30.90341397890441,16.827409305893237,21.69506821292785,14.090308050523484,0.5111927997310928,13.996229343076664,2986.888786764706,0.5330882352941176,0.0,0.2665441176470588
dSPM,5,0,scenario_macro,186,4,0.891813367533425,0.9347339973181394,1.8486017449575467,23.652313173732015,16.085247863874898,21.079954598474913,13.497809451423658,23.652313173732015,16.085247863874898,21.079954598474913,13.497809451423658,0.4907190106950563,13.481835362675632,2015.779411764706,0.4987745098039216,0.04411764705882353,0.27144607843137253
dSPM,5,5,scenario_macro,186,4,0.9008240354791645,0.9438890498290287,1.8246693946232866,20.26526110816222,16.36323292951127,20.70032460463857,13.5501169574638,20.26526110816222,16.36323292951127,20.70032460463857,13.5501169574638,0.4630508314747569,13.55064729301599,916.0983455882354,0.5232843137254902,0.07352941176470588,0.29840686274509803
dSPM,5,10,scenario_macro,186,4,0.902065734551027,0.947492783836446,1.8015973262618912,19.276885480970687,13.819720790246569,20.244034845628594,13.630052110352759,19.276885480970687,13.819720790246569,20.244034845628594,13.630052110352759,0.4451130663735473,13.813466691538395,588.3180147058823,0.48406862745098045,0.10294117647058823,0.2935049019607843
dSPM,5,15,scenario_macro,186,4,0.9030495766628679,0.9472661246096779,1.785426696124065,18.734007870534786,13.865996731993457,19.399761137000574,14.160972757204798,18.734007870534786,13.865996731993457,19.399761137000574,14.160972757204798,0.42162464523755017,14.133820540390667,500.69485294117646,0.47794117647058826,0.22058823529411764,0.3492647058823529
dSPM,5,20,scenario_macro,186,4,0.8917181468853194,0.9437558904707022,1.779637358079204,18.617101095442496,13.585045559939095,18.92624216627816,14.047988191704585,18.617101095442496,13.585045559939095,18.92624216627816,14.047988191704585,0.40442577466786034,14.047988191704585,485.80514705882354,0.5073529411764706,0.23529411764705882,0.3713235294117647
dSPM,10,-10,scenario_macro,186,4,0.8870644971938872,0.9281018703728313,1.85266487688054,27.680353037815312,19.076233002005587,21.83316464378873,14.51951598790516,27.680353037815312,19.076233002005587,21.83316464378873,14.51951598790516,0.5128111189493434,14.593683381368628,2115.5854779411766,0.48651960784313725,0.029411764705882353,0.2579656862745098
dSPM,10,-5,scenario_macro,186,4,0.897229634070638,0.9342578083478907,1.8374466827909879,24.039709349753608,17.765966636256387,21.270112966166433,13.57039133343516,24.039709349753608,17.765966636256387,21.270112966166433,13.57039133343516,0.5051528926709872,13.50713636581832,1222.0018382352941,0.5330882352941176,0.029411764705882353,0.28125
dSPM,10,0,scenario_macro,186,4,0.9050389986233502,0.9413007924465218,1.8188144337513301,21.275700882264175,17.19319333462671,20.79393307335798,12.67486301146819,21.275700882264175,17.19319333462671,20.79393307335798,12.67486301146819,0.49275863973895695,12.529044812142287,653.7141544117646,0.5367647058823529,0.04411764705882353,0.2904411764705882
dSPM,10,5,scenario_macro,186,4,0.9098521276978431,0.9462598114813532,1.7998796671772823,20.38145787280258,17.116762578415532,20.387323909366994,13.245780289037421,20.38145787280258,17.116762578415532,20.387323909366994,13.245780289037421,0.47720996425182616,12.992256546450214,512.1580882352941,0.5330882352941176,0.08823529411764706,0.31066176470588236
dSPM,10,10,scenario_macro,186,4,0.9115544018760176,0.9482417592539911,1.7825715899672452,19.650188618664686,15.294443390757232,19.947057619966653,13.341012678519766,19.650188618664686,15.294443390757232,19.947057619966653,13.341012678519766,0.4646525218418148,13.390032289051867,486.89430147058823,0.5183823529411765,0.1323529411764706,0.32536764705882354
dSPM,10,15,scenario_macro,186,4,0.9103845954428741,0.9500824934963692,1.7715324192025534,19.006279552649477,13.62647687948632,19.61157934870851,14.016642476128808,19.006279552649477,13.62647687948632,19.61157934870851,14.016642476128808,0.4425264400207268,14.016642476128808,472.0330882352941,0.47794117647058826,0.14705882352941177,0.3125
dSPM,10,20,scenario_macro,186,4,0.9060479845114939,0.9494000223378782,1.7675727827070353,18.51546642945607,13.807827405601978,18.933339419573667,14.43776053414137,18.51546642945607,13.807827405601978,18.933339419573667,14.43776053414137,0.4203965371194196,14.43776053414137,458.7876838235294,0.47794117647058826,0.19117647058823528,0.3345588235294118
dSPM,15,-10,scenario_macro,186,4,0.8940313140349679,0.930020194803519,1.822538409556169,23.70846514089072,20.697132324872793,21.668203669981676,15.400725863411603,23.70846514089072,20.697132324872793,21.668203669981676,15.400725863411603,0.5048238061210142,15.451742776308942,622.4136029411765,0.43504901960784315,0.029411764705882353,0.23223039215686275
dSPM,15,-5,scenario_macro,186,4,0.9014036284008246,0.9359812525661475,1.8102108333905922,22.127490400177436,19.48277697314508,21.143057124080034,14.8810129648573,22.127490400177436,19.48277697314508,21.143057124080034,14.8810129648573,0.5000019153451178,14.672679644037435,524.3704044117646,0.4448529411764706,0.058823529411764705,0.25183823529411764
dSPM,15,0,scenario_macro,186,4,0.9068813226996063,0.940333631986801,1.7953698547507078,21.31790065242006,18.938166610091006,20.625284005253818,13.368565325158983,21.31790065242006,18.938166610091006,20.625284005253818,13.368565325158983,0.4963261205795343,13.29083069446036,475.4365808823529,0.5171568627450981,0.04411764705882353,0.2806372549019608
dSPM,15,5,scenario_macro,186,4,0.9092376805309637,0.9446555056461603,1.7799789539248698,20.674091558420766,17.438803725642398,20.325647523162942,12.432700744846136,20.674091558420766,17.438803725642398,20.325647523162942,12.432700744846136,0.48659505498778466,12.571349137314021,441.61856617647055,0.5085784313725491,0.058823529411764705,0.2837009803921569
dSPM,15,10,scenario_macro,186,4,0.9134552083753037,0.947543806409041,1.7664440531779615,20.066306456634155,17.142270847779738,19.858812050445632,12.952023159425424,20.066306456634155,17.142270847779738,19.858812050445632,12.952023159425424,0.47791585071881343,13.134907389012232,430.69944852941177,0.5330882352941176,0.10294117647058823,0.3180147058823529
dSPM,15,15,scenario_macro,186,4,0.9149769803265028,0.9497351362596866,1.7586089765531,19.483806856875177,15.20741709767625,19.56512812269035,13.259386298036498,19.483806856875177,15.20741709767625,19.56512812269035,13.259386298036498,0.4602179846184586,13.040163960946552,437.8345588235294,0.5232843137254902,0.1323529411764706,0.3278186274509804
dSPM,15,20,scenario_macro,186,4,0.9109797445047422,0.9509702532594044,1.7574189438461272,18.99890916068881,14.71859059942644,19.270175323219743,14.252560947898358,18.99890916068881,14.71859059942644,19.270175323219743,14.252560947898358,0.44334120409973093,14.252560947898358,447.33639705882354,0.47303921568627455,0.14705882352941177,0.31004901960784315
dSPM,20,-10,scenario_macro,186,4,0.8932398637422846,0.9305097144859917,1.8040584284003902,23.554388242933566,21.26919031634187,21.638345848794327,16.226231345265088,23.554388242933566,21.26919031634187,21.638345848794327,16.226231345265088,0.5094168833070511,16.173262876692338,501.25367647058823,0.3848039215686274,0.04411764705882353,0.21446078431372548
dSPM,20,-5,scenario_macro,186,4,0.8991645889400596,0.9342448928277441,1.7946257796384488,22.485477963696543,21.32834313024227,21.282064987526528,15.003698559946622,22.485477963696543,21.32834313024227,21.282064987526528,15.003698559946622,0.5013924675539031,15.064290129109203,473.7803308823529,0.43382352941176466,0.058823529411764705,0.2463235294117647
dSPM,20,0,scenario_macro,186,4,0.9069983480846717,0.940070788230944,1.7809555592196311,21.59927529499049,19.711537626162364,20.87905329974998,14.092108377946042,21.59927529499049,19.711537626162364,20.87905329974998,14.092108377946042,0.49943191127141384,14.092108377946042,450.1360294117647,0.4901960784313726,0.058823529411764705,0.27450980392156865
dSPM,20,5,scenario_macro,186,4,0.9097327722092913,0.9436798442055766,1.7676560106304426,20.93343252724664,17.899712439790466,20.344426307880912,13.541624495143447,20.93343252724664,17.899712439790466,20.344426307880912,13.541624495143447,0.49384394335847104,13.704204146013131,426.60110294117646,0.5392156862745098,0.07352941176470588,0.3063725490196078
dSPM,20,10,scenario_macro,186,4,0.9131447357139595,0.9462364000070421,1.7577325741169187,20.54921817607068,17.37566652830485,19.907264003062508,12.970284032358895,20.54921817607068,17.37566652830485,19.907264003062508,12.970284032358895,0.4858571138466309,12.970284032358895,414.4191176470588,0.5490196078431373,0.10294117647058823,0.32598039215686275
dSPM,20,15,scenario_macro,186,4,0.9146714488151517,0.9488720846515917,1.75091293402887,19.951618489249906,16.886897464274682,19.572470848705873,12.261904249912684,19.951618489249906,16.886897464274682,19.572470848705873,12.261904249912684,0.4764393397979013,12.261904249912684,415.3556985294117,0.5428921568627451,0.11764705882352941,0.33026960784313725
dSPM,20,20,scenario_macro,186,4,0.9144852183897503,0.9505555107615244,1.7499051081633967,19.444527782994786,15.586876881647436,19.46297362144802,13.475677854185347,19.444527782994786,15.586876881647436,19.46297362144802,13.475677854185347,0.46121469660423037,13.475677854185347,426.6084558823529,0.49754901960784315,0.10294117647058823,0.3002450980392157
eLORETA,-10,-10,scenario_macro,186,4,0.6141253471247118,0.7234879904199003,1.9557322185968131,67.1386059762899,50.864612888323734,23.721615054822305,20.51585573816553,67.1386059762899,50.864612888323734,23.721615054822305,20.51585573816553,0.4553225588857304,19.539608914733112,6877.66268382353,0.31985294117647056,0.0,0.15992647058823528
eLORETA,-10,-5,scenario_macro,186,4,0.7495580927121256,0.8378376718378112,1.9389751578722323,65.34119163635296,34.08332625243083,23.110234237943473,16.12219174820783,65.34119163635296,34.08332625243083,23.110234237943473,16.12219174820783,0.4896652949309994,16.285013213563694,6560.783088235294,0.4436274509803922,0.0,0.2218137254901961
eLORETA,-10,0,scenario_macro,186,4,0.8297127825465356,0.9025504744581802,1.915799293057109,57.35626624248027,18.696200109907217,22.519101522257113,14.09178409840591,57.35626624248027,18.696200109907217,22.519101522257113,14.09178409840591,0.5172219012534855,13.77376751789331,5419.324448529412,0.5330882352941176,0.0,0.2665441176470588
eLORETA,-10,5,scenario_macro,186,4,0.8667313691351772,0.9325447441702943,1.8826193982218669,38.52816393155075,9.95138540659943,21.650324501411518,12.694557459484287,38.52816393155075,9.95138540659943,21.650324501411518,12.694557459484287,0.5078902214630105,12.455692635803274,3431.2325367647063,0.5343137254901961,0.014705882352941176,0.2745098039215686
eLORETA,-10,10,scenario_macro,186,4,0.8886813337808342,0.9417550789918608,1.8437092203070926,24.600979565276432,8.601612160797885,20.20721915949096,12.352554555658601,24.600979565276432,8.601612160797885,20.20721915949096,12.352554555658601,0.486035430016011,12.11631052097853,1377.3216911764705,0.5735294117647058,0.029411764705882353,0.3014705882352941
eLORETA,-10,15,scenario_macro,186,4,0.8957805486947545,0.9424534045746499,1.8154756594369112,22.137644705871065,8.60521698464724,19.305315933228062,12.574593659361213,22.137644705871065,8.60521698464724,19.305315933228062,12.574593659361213,0.48982031834805284,12.127416335650757,808.078125,0.5392156862745098,0.014705882352941176,0.27696078431372545
eLORETA,-10,20,scenario_macro,186,4,0.8954931926403469,0.942309899961387,1.8046080137110343,22.37426476926687,8.538723873491035,18.974251148968392,12.13500452078131,22.37426476926687,8.538723873491035,18.974251148968392,12.13500452078131,0.4915856604481843,12.036965310983726,757.0661764705882,0.5441176470588235,0.029411764705882353,0.2867647058823529
eLORETA,-5,-10,scenario_macro,186,4,0.6359545628332428,0.7371720429629638,1.9415607034099156,66.43366629417496,41.55747023370255,23.535054964901622,18.08388343266979,66.43366629417496,41.55747023370255,23.535054964901622,18.08388343266979,0.41133427451022886,16.226641937727592,6197.66268382353,0.40196078431372545,0.0,0.20098039215686272
eLORETA,-5,-5,scenario_macro,186,4,0.7648708158579435,0.849383180611818,1.9237418815879075,62.78645889607037,29.777635950681088,22.94391931087679,15.823215508430394,62.78645889607037,29.777635950681088,22.94391931087679,15.823215508430394,0.45832395874010934,14.545454368760389,5592.24080882353,0.5036764705882354,0.0,0.2518382352941177
eLORETA,-5,0,scenario_macro,186,4,0.8309087754215908,0.9085637647717675,1.8983323689024938,50.41084461260842,15.749554484709122,22.38385001343291,13.50460058593062,50.41084461260842,15.749554484709122,22.38385001343291,13.50460058593062,0.49103443480465414,13.344352655716127,4502.664522058823,0.4950980392156863,0.029411764705882353,0.2622549019607843
eLORETA,-5,5,scenario_macro,186,4,0.8630643282991608,0.9338702836560264,1.8670399993104003,33.522774392087406,9.587204832947107,21.74944065742746,13.212000253168924,33.522774392087406,9.587204832947107,21.74944065742746,13.212000253168924,0.4765680502155153,13.597211633647781,3011.3124999999995,0.5,0.058823529411764705,0.27941176470588236
eLORETA,-5,10,scenario_macro,186,4,0.887263922146528,0.9454086797538839,1.8324299780791073,22.78857546207021,8.624687611338578,20.45950349540392,12.854690080298127,22.78857546207021,8.624687611338578,20.45950349540392,12.854690080298127,0.46963509046011576,13.164494906598078,1301.1590073529412,0.5147058823529411,0.07352941176470588,0.2941176470588235
eLORETA,-5,15,scenario_macro,186,4,0.8955252818298233,0.9453045223158035,1.8070107756698488,20.926880191198784,8.543660653515333,19.536176179452408,12.49043357442117,20.926880191198784,8.543660653515333,19.536176179452408,12.49043357442117,0.4733555816843489,12.581231845952184,749.9402573529412,0.5392156862745098,0.058823529411764705,0.29901960784313725
eLORETA,-5,20,scenario_macro,186,4,0.8968307840804095,0.9427485407877978,1.7982140764007324,21.529333284313264,8.41407987881678,18.98630665924844,12.695753196278366,21.529333284313264,8.41407987881678,18.98630665924844,12.695753196278366,0.48072475705274487,12.71133345414944,721.2040441176471,0.5392156862745098,0.029411764705882353,0.28431372549019607
eLORETA,0,-10,scenario_macro,186,4,0.6976850065540792,0.8071957579492934,1.9206592050786626,61.36822752172492,30.545145449173262,22.892139915650272,16.848158077352373,61.36822752172492,30.545145449173262,22.892139915650272,16.848158077352373,0.408470159615273,15.724210089667684,5180.674632352941,0.47303921568627455,0.0,0.23651960784313728
eLORETA,0,-5,scenario_macro,186,4,0.7997906691292839,0.8808299123037423,1.9020103322461015,53.87103749138001,21.1905393098254,22.490872805727193,15.27939036395444,53.87103749138001,21.1905393098254,22.490872805727193,15.27939036395444,0.4615185884837418,13.747633393972686,4569.888786764706,0.5049019607843137,0.0,0.25245098039215685
eLORETA,0,0,scenario_macro,186,4,0.8368349060745883,0.9131241377536037,1.8764199014017318,41.30561778525125,13.210341899863764,22.133788410920857,13.1148721844056,41.30561778525125,13.210341899863764,22.133788410920857,13.1148721844056,0.46427207650624,12.74291676703107,3734.2316176470586,0.5490196078431373,0.058823529411764705,0.303921568627451
eLORETA,0,5,scenario_macro,186,4,0.8679565980873957,0.9356116044087958,1.8446725987215364,27.887200669808347,9.009855863747228,21.512369384692438,12.157866451168891,27.887200669808347,9.009855863747228,21.512369384692438,12.157866451168891,0.4580044551571989,12.212546852339672,2283.3033088235293,0.553921568627451,0.10294117647058823,0.3284313725490196
eLORETA,0,10,scenario_macro,186,4,0.8930660888027698,0.9486179501110875,1.8138741471309885,20.400664468920784,8.388834662597038,20.485591592466204,12.079305968158325,20.400664468920784,8.388834662597038,20.485591592466204,12.079305968158325,0.45559206745593733,11.841666335600836,940.1957720588235,0.5686274509803921,0.1323529411764706,0.35049019607843135
eLORETA,0,15,scenario_macro,186,4,0.9027517948820123,0.9492812868599622,1.7927684775438137,19.520544748714386,8.751093164929825,19.553107383606406,12.21761564066749,19.520544748714386,8.751093164929825,19.553107383606406,12.21761564066749,0.4587362680289994,12.604983699772076,666.3327205882352,0.5294117647058824,0.11764705882352941,0.3235294117647059
eLORETA,0,20,scenario_macro,186,4,0.8985367317752493,0.9458116792177966,1.7873133932463938,20.35031463645794,8.772165850825278,19.044355666662238,13.104120223520928,20.35031463645794,8.772165850825278,19.044355666662238,13.104120223520928,0.4677109829916158,13.242768617524524,668.6801470588234,0.5294117647058824,0.07352941176470588,0.3014705882352941
eLORETA,5,-10,scenario_macro,186,4,0.7769896360908295,0.8787298176770441,1.89149442331518,47.30536079450639,21.8191460509757,22.548858069125885,14.866834302433332,47.30536079450639,21.8191460509757,22.548858069125885,14.866834302433332,0.43030171148012497,14.323418345460496,4081.7591911764707,0.5245098039215687,0.014705882352941176,0.2696078431372549
eLORETA,5,-5,scenario_macro,186,4,0.8275659249548677,0.9068859832190082,1.8735389549497532,40.596586297582625,15.692642648804343,22.029465246130258,13.426435021653774,40.596586297582625,15.692642648804343,22.029465246130258,13.426435021653774,0.45416958941692537,12.288728243238154,3647.5992647058824,0.5539215686274509,0.07352941176470588,0.31372549019607837
eLORETA,5,0,scenario_macro,186,4,0.8510341270104169,0.924684317238007,1.8489778704768565,32.910222474315326,10.598849277394402,21.62542662151861,12.566022519786559,32.910222474315326,10.598849277394402,21.62542662151861,12.566022519786559,0.44654055144733923,12.125666442391319,2852.1755514705883,0.5784313725490197,0.11764705882352941,0.34803921568627455
eLORETA,5,5,scenario_macro,186,4,0.8782230331214685,0.9397043873885074,1.8204388332135815,23.141291085659073,10.295274277148382,21.069045873831296,11.455451724929157,23.141291085659073,10.295274277148382,21.069045873831296,11.455451724929157,0.4403281672473901,11.155432526969747,1549.4531250000002,0.6127450980392157,0.14705882352941177,0.37990196078431376
eLORETA,5,10,scenario_macro,186,4,0.8994768468495176,0.9489570580733796,1.7931347115195095,18.863107642246607,9.720106346768869,20.588028785327424,11.79305453053444,18.863107642246607,9.720106346768869,20.588028785327424,11.79305453053444,0.44392440381244835,11.86138712732257,695.2215073529412,0.5392156862745098,0.16176470588235295,0.35049019607843135
eLORETA,5,15,scenario_macro,186,4,0.9087603027969364,0.9515683638722235,1.7753548688010876,18.529021671978473,8.71631659775062,19.613498446495253,11.963330500335353,18.529021671978473,8.71631659775062,19.613498446495253,11.963330500335353,0.447589629943824,11.968901601950316,580.6066176470588,0.5294117647058824,0.19117647058823528,0.3602941176470588
eLORETA,5,20,scenario_macro,186,4,0.9058984477864143,0.9492586792408555,1.7721641247185969,19.120682306758344,8.67481686908188,18.94747392573305,12.624171335275184,19.120682306758344,8.67481686908188,18.94747392573305,12.624171335275184,0.4537867676320219,12.65816766230879,594.2564338235294,0.5294117647058824,0.17647058823529413,0.35294117647058826
eLORETA,10,-10,scenario_macro,186,4,0.8355187106841464,0.9165742228549548,1.8559325634229236,34.44319946793191,14.282985259475778,22.125882096971306,12.90347106249105,34.44319946793191,14.282985259475778,22.125882096971306,12.90347106249105,0.4557335743493976,12.807194767277359,3201.348345588235,0.5490196078431373,0.04411764705882353,0.2965686274509804
eLORETA,10,-5,scenario_macro,186,4,0.8514356217324635,0.9245655462548414,1.840506472153024,30.11732457107054,11.132570990431262,21.645681135970932,12.10812042830058,30.11732457107054,11.132570990431262,21.645681135970932,12.10812042830058,0.4468854878618841,12.218671891163263,2734.055147058824,0.5686274509803922,0.1323529411764706,0.3504901960784314
eLORETA,10,0,scenario_macro,186,4,0.8730087946772261,0.9358165676575642,1.8196814042162446,24.46745822247918,10.561958430091499,21.343241638289765,11.98250251132636,24.46745822247918,10.561958430091499,21.343241638289765,11.98250251132636,0.44326167968236135,12.015287039187394,1977.4071691176468,0.5784313725490197,0.14705882352941177,0.36274509803921573
eLORETA,10,5,scenario_macro,186,4,0.8905957255163178,0.9447035183419263,1.7956557878089674,19.766905311391813,9.829514532895045,20.910607063574925,11.36393407725989,19.766905311391813,9.829514532895045,20.910607063574925,11.36393407725989,0.43958333520252973,11.462295487060516,1006.5220588235294,0.5735294117647058,0.17647058823529413,0.375
eLORETA,10,10,scenario_macro,186,4,0.9048281668832854,0.9493789639803123,1.7733625900597723,17.891448471500247,10.34747006126641,20.524072101805963,11.125776965447661,17.891448471500247,10.34747006126641,20.524072101805963,11.125776965447661,0.4384549147032353,11.335381280686994,579.4659926470588,0.5735294117647058,0.19117647058823528,0.38235294117647056
eLORETA,10,15,scenario_macro,186,4,0.9107966225952229,0.9528799435197972,1.7588280193445796,17.87543941201547,9.885450371647613,19.978838020931807,11.556507071186985,17.87543941201547,9.885450371647613,19.978838020931807,11.556507071186985,0.4404695210955583,11.621436256674846,531.9733455882352,0.5588235294117647,0.16176470588235295,0.3602941176470588
eLORETA,10,20,scenario_macro,186,4,0.9126765808944594,0.9526211370249966,1.755530633641389,18.233991373751746,8.649389259465847,19.193141379727464,11.866718462623233,18.233991373751746,8.649389259465847,19.193141379727464,11.866718462623233,0.4463854446756835,11.866718462623233,531.0174632352941,0.5392156862745098,0.20588235294117646,0.37254901960784315
eLORETA,15,-10,scenario_macro,186,4,0.8710152869047965,0.9308774454616946,1.8216853723053725,25.611547934349918,11.062279278887267,21.915776376589367,12.914103886901247,25.611547934349918,11.062279278887267,21.915776376589367,12.914103886901247,0.4530235546131254,13.114896795218998,2201.7380514705883,0.5245098039215687,0.10294117647058823,0.3137254901960784
eLORETA,15,-5,scenario_macro,186,4,0.8791850649759283,0.9352894570603469,1.81004150929259,22.893759385229913,11.130161661014698,21.33766634552464,11.508474234204487,22.893759385229913,11.130161661014698,21.33766634552464,11.508474234204487,0.44809475112870667,11.451432921004221,1774.016544117647,0.5784313725490197,0.10294117647058823,0.34068627450980393
eLORETA,15,0,scenario_macro,186,4,0.8920551243593284,0.9420341419453497,1.793550158899437,20.23967068774881,10.543151927637778,21.065488111740315,11.213464954024388,20.23967068774881,10.543151927637778,21.065488111740315,11.213464954024388,0.441453608238998,11.184749924354302,1180.0174632352941,0.573529411764706,0.16176470588235295,0.36764705882352944
eLORETA,15,5,scenario_macro,186,4,0.8999685443484926,0.9472321627964195,1.774952139967967,18.274006264640406,10.957765873588626,20.88976708524584,11.57708268053097,18.274006264640406,10.957765873588626,20.88976708524584,11.57708268053097,0.43709165630149077,11.577082677265343,661.5248161764706,0.573529411764706,0.17647058823529413,0.37500000000000006
eLORETA,15,10,scenario_macro,186,4,0.9106128933549438,0.9521003197986195,1.7572479447155396,17.565362363108076,10.088816382222218,20.501982200869097,11.048746108332315,17.565362363108076,10.088816382222218,20.501982200869097,11.048746108332315,0.43640967889249016,11.07561630411439,538.9990808823529,0.5931372549019608,0.20588235294117646,0.39950980392156865
eLORETA,15,15,scenario_macro,186,4,0.9140115868099584,0.9530555046870236,1.7464972234867093,17.485428433795054,9.65750844889421,20.22529909049809,11.047279664792521,17.485428433795054,9.65750844889421,20.22529909049809,11.047279664792521,0.43721189919715286,11.02257293671046,510.94577205882354,0.5882352941176471,0.20588235294117646,0.3970588235294118
eLORETA,15,20,scenario_macro,186,4,0.9148662132827571,0.9540912325389963,1.7430685096799905,17.729346317151144,9.413826007437883,19.70260169760452,11.620236805724849,17.729346317151144,9.413826007437883,19.70260169760452,11.620236805724849,0.4394388166934962,11.6656392424371,505.6746323529412,0.5637254901960784,0.19117647058823528,0.37745098039215685
eLORETA,20,-10,scenario_macro,186,4,0.891371471433283,0.9379349898306003,1.7982971842289062,22.31350949959352,11.111606468033306,21.90601016221379,13.93494538968333,22.31350949959352,11.111606468033306,21.90601016221379,13.93494538968333,0.45934016908173003,13.919035812820345,1137.2242647058824,0.5,0.10294117647058823,0.3014705882352941
eLORETA,20,-5,scenario_macro,186,4,0.8946126128808958,0.9402686671232068,1.7895945986441606,20.761095580600713,11.090893720731415,21.48441072577266,13.860570930640975,20.761095580600713,11.090893720731415,21.48441072577266,13.860570930640975,0.45078794044458165,14.016040190254474,906.9825367647059,0.5,0.10294117647058823,0.3014705882352941
eLORETA,20,0,scenario_macro,186,4,0.9019731440530013,0.9446542294344474,1.776157278316402,19.33350071663593,10.939599256649373,21.134463268513045,11.76453672609754,19.33350071663593,10.939599256649373,21.134463268513045,11.76453672609754,0.4434277990492907,11.744232137787,682.7941176470588,0.5980392156862745,0.16176470588235295,0.3799019607843137
eLORETA,20,5,scenario_macro,186,4,0.9083106789949139,0.9479072715782024,1.761824128411703,18.200029825835042,10.834014254804403,20.77140170989775,11.29299245763682,18.200029825835042,10.834014254804403,20.77140170989775,11.29299245763682,0.43831726884052347,11.29299245763682,580.265625,0.5931372549019608,0.17647058823529413,0.38480392156862747
eLORETA,20,10,scenario_macro,186,4,0.912374892946435,0.9514120404625912,1.7488207539831262,17.658249490623113,10.85094796060517,20.467793126235705,10.939251768475442,17.658249490623113,10.85094796060517,20.467793126235705,10.939251768475442,0.4370025656331818,11.008575964709381,529.2959558823529,0.5882352941176471,0.17647058823529413,0.3823529411764706
eLORETA,20,15,scenario_macro,186,4,0.9154695316760959,0.9541394850861779,1.7387082098598656,17.32830082414002,10.540797406815882,20.223648402139816,11.377619823356076,17.32830082414002,10.540797406815882,20.223648402139816,11.377619823356076,0.435585171604004,11.393200080381433,502.43749999999994,0.5637254901960783,0.20588235294117646,0.3848039215686274
eLORETA,20,20,scenario_macro,186,4,0.9160326361083629,0.9544932562092259,1.7352406478124331,17.43273020585097,9.54027577487382,20.132127321470154,11.553179329659821,17.43273020585097,9.54027577487382,20.132127321470154,11.553179329659821,0.4369424446627914,11.553179329659821,494.15349264705884,0.5490196078431372,0.19117647058823528,0.37009803921568624
sLORETA,-10,-10,scenario_macro,186,4,0.7172396925199254,0.7744409148191205,1.9564524661557015,60.95795077395861,62.683969643950455,23.706994553716843,19.005556258168188,60.95795077395861,62.683969643950455,23.706994553716843,19.005556258168188,0.5301661506821567,19.582113761390563,2658.167279411765,0.31004901960784315,0.0,0.15502450980392157
sLORETA,-10,-5,scenario_macro,186,4,0.7754805404114031,0.8105947661004129,1.9417341014910767,58.176676089277315,50.02054084003047,23.094120480211433,15.744313127114282,58.176676089277315,50.02054084003047,23.094120480211433,15.744313127114282,0.5728966917138545,16.117291244338503,2349.7564338235297,0.4227941176470588,0.0,0.2113970588235294
sLORETA,-10,0,scenario_macro,186,4,0.8213562993485668,0.8477820271634727,1.9225394218462246,54.27749176610092,30.628882625220324,22.51053638720482,13.609505000249278,54.27749176610092,30.628882625220324,22.51053638720482,13.609505000249278,0.5955218116561208,13.9341908650669,1946.652573529412,0.5330882352941176,0.0,0.2665441176470588
sLORETA,-10,5,scenario_macro,186,4,0.8551372640448811,0.8860777913624415,1.8952830602085287,46.47017559384696,20.379491758347616,21.712061206218095,12.871110135115353,46.47017559384696,20.379491758347616,21.712061206218095,12.871110135115353,0.5827060230345537,12.553769441115639,1389.4466911764707,0.553921568627451,0.0,0.2769607843137255
sLORETA,-10,10,scenario_macro,186,4,0.8781570968846432,0.9132813247824673,1.8622375877227377,33.54954121413363,16.621729576917712,20.285780058223846,12.656232087581193,33.54954121413363,16.621729576917712,20.285780058223846,12.656232087581193,0.5552765276129941,12.01833049935737,764.873161764706,0.5784313725490197,0.0,0.28921568627450983
sLORETA,-10,15,scenario_macro,186,4,0.8853231507271909,0.9268159986665526,1.838136314455136,26.362847153089607,16.684136046127065,19.331023348804873,12.620940571607457,26.362847153089607,16.684136046127065,19.331023348804873,12.620940571607457,0.5510865126713972,12.730551744718435,492.8198529411765,0.5441176470588235,0.014705882352941176,0.2794117647058823
sLORETA,-10,20,scenario_macro,186,4,0.8860066277945543,0.9306164274271107,1.8283371155520167,25.914125715966463,16.610597593139516,18.96986945354524,12.592323795934433,25.914125715966463,16.610597593139516,18.96986945354524,12.592323795934433,0.5448209810290279,12.592323795934433,445.9696691176471,0.5686274509803921,0.014705882352941176,0.29166666666666663
sLORETA,-5,-10,scenario_macro,186,4,0.7632966500900701,0.8172822654144509,1.9416802054705484,60.85206617053155,52.852580479026734,23.473587235767795,16.873878917141337,60.85206617053155,52.852580479026734,23.473587235767795,16.873878917141337,0.5112578508519792,16.094247953415167,2865.6599264705883,0.4031862745098039,0.0,0.20159313725490194
sLORETA,-5,-5,scenario_macro,186,4,0.8178595000927383,0.8543654565277042,1.9255972024797945,56.44830710817131,38.1056843963318,22.82406886511313,14.804127473764892,56.44830710817131,38.1056843963318,22.82406886511313,14.804127473764892,0.5517745173766158,13.75774177397569,2200.6525735294117,0.5294117647058824,0.0,0.2647058823529412
sLORETA,-5,0,scenario_macro,186,4,0.8475042690428722,0.8813745921702909,1.9037317982926583,49.87578008601492,24.087018963494387,22.310658580140892,13.305229665738432,49.87578008601492,24.087018963494387,22.310658580140892,13.305229665738432,0.5670939864201178,13.12674661849754,1630.297794117647,0.5196078431372549,0.0,0.25980392156862747
sLORETA,-5,5,scenario_macro,186,4,0.8683568075905586,0.9033125985828483,1.8789798523763988,40.23620290435884,17.541245657111045,21.733353824622075,13.018902023688812,40.23620290435884,17.541245657111045,21.733353824622075,13.018902023688812,0.5481576764428054,13.317238615035526,1104.609375,0.5343137254901961,0.0,0.26715686274509803
sLORETA,-5,10,scenario_macro,186,4,0.8822902549412168,0.921348382688518,1.85072898152714,29.35187581052493,16.348047588396096,20.543944217974143,13.142060397443316,29.35187581052493,16.348047588396096,20.543944217974143,13.142060397443316,0.5347495194661109,13.503374961863587,659.4678308823529,0.5196078431372549,0.0,0.25980392156862747
sLORETA,-5,15,scenario_macro,186,4,0.8887300840589687,0.9302509394452094,1.8300432178920358,25.101243027298818,16.14000450637107,19.55923608364812,12.690038824575117,25.101243027298818,16.14000450637107,19.55923608364812,12.690038824575117,0.538414918965105,12.718682716668502,470.375,0.5392156862745098,0.0,0.2696078431372549
sLORETA,-5,20,scenario_macro,186,4,0.8890924461301526,0.9315788816328762,1.8223642917837475,25.167639540039215,16.00299277085347,18.97791705780369,12.999621142368115,25.167639540039215,16.00299277085347,18.97791705780369,12.999621142368115,0.541091811562637,13.12080428890323,438.5625,0.5441176470588235,0.014705882352941176,0.2794117647058823
sLORETA,0,-10,scenario_macro,186,4,0.8069933919327581,0.8651255315269128,1.9215090100734735,59.155876540562865,38.48923732582437,22.760872762236545,15.753653052963807,59.155876540562865,38.48923732582437,22.760872762236545,15.753653052963807,0.49562772030171454,15.065077694939136,2768.578125,0.5134803921568628,0.0,0.2567401960784314
sLORETA,0,-5,scenario_macro,186,4,0.8499435149916986,0.8910369684066882,1.9024082246872027,51.989594099228306,27.44167867182335,22.33348417384134,14.706178216377234,51.989594099228306,27.44167867182335,22.33348417384134,14.706178216377234,0.5384056101411103,13.523294408079975,2019.3483455882354,0.5147058823529412,0.0,0.2573529411764706
sLORETA,0,0,scenario_macro,186,4,0.8701068545245225,0.9075247900605257,1.8801981389514466,41.94409969293523,19.07535048812071,21.874991308423045,12.421185737785152,41.94409969293523,19.07535048812071,21.874991308423045,12.421185737785152,0.5391161185439477,12.993812703259783,1275.330882352941,0.5588235294117647,0.0,0.27941176470588236
sLORETA,0,5,scenario_macro,186,4,0.8828601983601146,0.9203602459441844,1.8554663184158913,31.81015002860892,17.99948647306623,21.308935693699894,12.57414368850492,31.81015002860892,17.99948647306623,21.308935693699894,12.57414368850492,0.5272444002533855,12.807728619070403,783.8943014705883,0.5294117647058824,0.0,0.2647058823529412
sLORETA,0,10,scenario_macro,186,4,0.8927892180751643,0.9312167157153255,1.831975386563643,25.383830033008284,17.32574075039538,20.431560570875018,11.86728801047795,25.383830033008284,17.32574075039538,20.431560570875018,11.86728801047795,0.5193134620255533,11.880422777706023,527.1360294117648,0.5735294117647058,0.0,0.2867647058823529
sLORETA,0,15,scenario_macro,186,4,0.8955300571825235,0.9346001920976066,1.8156619129304619,23.89529360497032,16.988510395436915,19.514106097648195,12.964291549933762,23.89529360497032,16.988510395436915,19.514106097648195,12.964291549933762,0.5218350683818407,13.029027682883461,421.95863970588243,0.5441176470588235,0.029411764705882353,0.2867647058823529
sLORETA,0,20,scenario_macro,186,4,0.893222201140826,0.93534759389393,1.8111639212354576,23.787739130102207,15.933559968218054,19.057527922894128,13.214163587468652,23.787739130102207,15.933559968218054,19.057527922894128,13.214163587468652,0.5285042670014092,13.450397926391732,413.6415441176471,0.5343137254901961,0.014705882352941176,0.2745098039215686
sLORETA,5,-10,scenario_macro,186,4,0.837875623254441,0.8970672524836532,1.896282123740208,52.509489635902014,27.933769836506155,22.40700730952697,15.345647452294926,52.509489635902014,27.933769836506155,22.40700730952697,15.345647452294926,0.511045777450436,13.983559035073915,2382.139705882353,0.5196078431372549,0.0,0.25980392156862747
sLORETA,5,-5,scenario_macro,186,4,0.8626557338142635,0.9150106693883079,1.8743599435682015,43.11517404846535,17.61214118621326,21.81160072862367,13.653423174484145,43.11517404846535,17.61214118621326,21.81160072862367,13.653423174484145,0.5095649911343321,12.968834844189894,1569.5413602941178,0.5232843137254902,0.0,0.2616421568627451
sLORETA,5,0,scenario_macro,186,4,0.8826935235816596,0.9261030300879634,1.8512052316140584,32.192048430926384,15.639009355111398,21.294803200860994,13.575456866016198,32.192048430926384,15.639009355111398,21.294803200860994,13.575456866016198,0.5075544834569579,13.198955386585931,863.4145220588235,0.5392156862745098,0.014705882352941176,0.27696078431372545
sLORETA,5,5,scenario_macro,186,4,0.8943733389861491,0.932765749372144,1.8290905212329278,25.9742932560756,17.121994813244417,20.71005939084644,11.676155373260755,25.9742932560756,17.121994813244417,20.71005939084644,11.676155373260755,0.5092711396321754,11.569289615636421,562.6369485294118,0.5931372549019608,0.04411764705882353,0.31862745098039214
sLORETA,5,10,scenario_macro,186,4,0.9004614643399832,0.9377914677198056,1.8111488509380174,23.39068791566343,17.446474303537283,20.258097458002478,12.186075890487002,23.39068791566343,17.446474303537283,20.258097458002478,12.186075890487002,0.5107506037258189,12.193252843127055,425.4227941176471,0.5343137254901961,0.014705882352941176,0.2745098039215686
sLORETA,5,15,scenario_macro,186,4,0.9023892744376151,0.9389428233070596,1.7992740419134992,23.173137621427845,17.3416948835477,19.37954346782182,12.335237189177327,23.173137621427845,17.3416948835477,19.37954346782182,12.335237189177327,0.5105419703028864,12.32383770137369,371.06709558823525,0.5441176470588235,0.04411764705882353,0.2941176470588235
sLORETA,5,20,scenario_macro,186,4,0.8997347223619868,0.939377738458257,1.797295021858301,23.231692967433787,16.68237132128826,18.904608242778565,12.29672185082588,23.231692967433787,16.68237132128826,18.904608242778565,12.29672185082588,0.515184335648187,12.366603016226739,375.0376838235294,0.5637254901960784,0.014705882352941176,0.2892156862745098
sLORETA,10,-10,scenario_macro,186,4,0.8597801293937273,0.9179943481566385,1.8658618459957994,38.38989989901762,18.320547097360983,22.007833009609957,12.86530902211539,38.38989989901762,18.320547097360983,22.007833009609957,12.86530902211539,0.5006152911255817,12.797679275935735,1815.3345588235295,0.5490196078431373,0.0,0.27450980392156865
sLORETA,10,-5,scenario_macro,186,4,0.8761980131722314,0.9273559881536033,1.8453472464120988,31.67626907317354,14.565980527519109,21.41065790973106,13.134959989679578,31.67626907317354,14.565980527519109,21.41065790973106,13.134959989679578,0.49054181164800803,12.493374584020232,1130.5395220588234,0.5588235294117647,0.0,0.27941176470588236
sLORETA,10,0,scenario_macro,186,4,0.8920271122093844,0.9367434888566994,1.8209833663510866,24.732958674866705,14.33300578205332,20.913372326204765,11.763296951177233,24.732958674866705,14.33300578205332,20.913372326204765,11.763296951177233,0.48934087484163924,12.116782369968904,584.1268382352941,0.5588235294117646,0.014705882352941176,0.28676470588235287
sLORETA,10,5,scenario_macro,186,4,0.9021707193552655,0.9416450900605905,1.802335764327789,22.455669906527714,15.36776405256621,20.50073266978374,12.882693431618975,22.455669906527714,15.36776405256621,20.50073266978374,12.882693431618975,0.4935795233653951,12.602151604813265,435.32628676470586,0.5588235294117647,0.058823529411764705,0.3088235294117647
sLORETA,10,10,scenario_macro,186,4,0.905838369519864,0.9425871595192918,1.790219999474639,22.308176016865264,17.535783382416344,20.011002197420776,11.562878428370455,22.308176016865264,17.535783382416344,20.011002197420776,11.562878428370455,0.5089222750966134,11.562878428370455,379.3023897058824,0.5686274509803922,0.04411764705882353,0.30637254901960786
sLORETA,10,15,scenario_macro,186,4,0.9058295397073259,0.9433591892945352,1.7845181244710822,22.496659958920763,17.408450079227638,19.631925399990845,11.584543924895227,22.496659958920763,17.408450079227638,19.631925399990845,11.584543924895227,0.5086240192912856,11.584543924895227,356.65992647058823,0.5735294117647058,0.058823529411764705,0.3161764705882353
sLORETA,10,20,scenario_macro,186,4,0.906409619591832,0.9435016002986056,1.783054769330584,22.74907525671591,17.059534637749948,19.013027542129592,11.932090735601143,22.74907525671591,17.059534637749948,19.013027542129592,11.932090735601143,0.5092792849775186,11.932090735601143,348.0579044117647,0.573529411764706,0.04411764705882353,0.3088235294117647
sLORETA,15,-10,scenario_macro,186,4,0.8783929236580547,0.9283737564971867,1.8350475750722461,28.390919786243824,16.09186503066123,21.87665813409725,12.543431662301884,28.390919786243824,16.09186503066123,21.87665813409725,12.543431662301884,0.49538352996698937,12.839742027292061,1164.6516544117646,0.5343137254901961,0.014705882352941176,0.2745098039215686
sLORETA,15,-5,scenario_macro,186,4,0.888278728257364,0.9342679067577776,1.8193593174321285,24.609533447149246,14.801444387875764,21.299168552637433,11.66802044971809,24.609533447149246,14.801444387875764,21.299168552637433,11.66802044971809,0.48932515976442914,11.788093468351539,806.0606617647059,0.573529411764706,0.014705882352941176,0.29411764705882354
sLORETA,15,0,scenario_macro,186,4,0.8980683566814613,0.9394962139025012,1.7994523233333322,21.806346378921678,14.882543998495587,20.764533377665295,11.922718922977637,21.806346378921678,14.882543998495587,20.764533377665295,11.922718922977637,0.4837385814067468,11.886834073771416,517.9439338235294,0.5637254901960785,0.04411764705882353,0.303921568627451
sLORETA,15,5,scenario_macro,186,4,0.9043059646424306,0.9453283937139241,1.7802807082320933,21.01831547778798,14.819013903775874,20.47846811356409,12.843551422042013,21.01831547778798,14.819013903775874,20.47846811356409,12.843551422042013,0.48460561486958637,12.807666572835794,403.14797794117646,0.5441176470588236,0.04411764705882353,0.29411764705882354
sLORETA,15,10,scenario_macro,186,4,0.9082397674584543,0.9464365186903683,1.7708669159913648,21.309382926040573,16.221822262480437,20.06159720663992,11.865240160043484,21.309382926040573,16.221822262480437,20.06159720663992,11.865240160043484,0.4924008576020971,11.824630982213014,365.7509191176471,0.5784313725490197,0.07352941176470588,0.32598039215686275
sLORETA,15,15,scenario_macro,186,4,0.9096200435540387,0.9465687826684869,1.7699472330432868,21.933154365301224,16.930690200371583,19.76340660067403,11.866181968304403,21.933154365301224,16.930690200371583,19.76340660067403,11.866181968304403,0.5028098263879374,11.866181968304403,353.6534926470588,0.5539215686274509,0.07352941176470588,0.31372549019607837
sLORETA,15,20,scenario_macro,186,4,0.9072533120668481,0.9452969427720719,1.7720905000789098,22.3061191641752,17.650025104288233,19.334136244711516,12.162984609404509,22.3061191641752,17.650025104288233,19.334136244711516,12.162984609404509,0.5072367581903046,12.162984609404509,341.9172794117647,0.5490196078431372,0.08823529411764706,0.31862745098039214
sLORETA,20,-10,scenario_macro,186,4,0.888766388557201,0.9341855388350416,1.8126015731328669,24.698363998283128,15.845971427747104,21.86616312272122,13.749163974097629,24.698363998283128,15.845971427747104,21.86616312272122,13.749163974097629,0.5006362769346547,13.834068427030607,789.8373161764706,0.4852941176470589,0.014705882352941176,0.25
sLORETA,20,-5,scenario_macro,186,4,0.893260285871274,0.9367150784072481,1.802822775695341,22.984006923226342,14.422447484621031,21.484439447188077,13.07173539599601,22.984006923226342,14.422447484621031,21.484439447188077,13.07173539599601,0.4919084403297107,12.933087008367954,640.9356617647059,0.553921568627451,0.0,0.2769607843137255
sLORETA,20,0,scenario_macro,186,4,0.9010134894584103,0.9419769902345785,1.7870383407385853,21.59335745993668,14.06787076135469,21.002637191993124,10.999357466459193,21.59335745993668,14.06787076135469,21.002637191993124,10.999357466459193,0.4839509152724572,11.352580957339539,507.1452205882353,0.5980392156862745,0.07352941176470588,0.33578431372549017
sLORETA,20,5,scenario_macro,186,4,0.9053152902230847,0.9457606298954573,1.770441576867373,20.777118601291647,14.279011247253464,20.472667862456877,11.97567576873694,20.777118601291647,14.279011247253464,20.472667862456877,11.97567576873694,0.48027224431469706,11.97567576873694,425.2150735294117,0.5588235294117647,0.058823529411764705,0.3088235294117647
sLORETA,20,10,scenario_macro,186,4,0.909639191683405,0.9484284811742619,1.758409334833152,20.739031761429032,15.10019149983141,20.018353425853643,12.458450212981006,20.739031761429032,15.10019149983141,20.018353425853643,12.458450212981006,0.4841733883307102,12.30422156264205,371.7086397058824,0.5686274509803922,0.1323529411764706,0.3504901960784314
sLORETA,20,15,scenario_macro,186,4,0.910178538754596,0.9489001503078537,1.7565866810037902,21.146797359749034,15.617008536636325,19.75306353646548,11.898160446588589,21.146797359749034,15.617008536636325,19.75306353646548,11.898160446588589,0.4912657101085182,11.898160446588589,353.21599264705884,0.553921568627451,0.08823529411764706,0.32107843137254904
sLORETA,20,20,scenario_macro,186,4,0.9093639957385249,0.9473045760446537,1.7625945973625476,21.94013271650888,17.41964997182375,19.60717732485123,12.576232951438536,21.94013271650888,17.41964997182375,19.60717732485123,12.576232951438536,0.5034809378747613,12.576232957728772,345.80790441176475,0.5392156862745098,0.058823529411764705,0.29901960784313725
