method,eeg_snr_db,meg_snr_db,scenario,aggregation,case_count,scenario_count,auc,auc_tie_corrected,rmse,surface_sd_mm,surface_dle_mm,deep_sd_mm,deep_dle_mm,deep_score,deep_peak_distance_mm,active_count,surface_sd_mm_penalized,surface_dle_mm_penalized,deep_sd_mm_penalized,deep_dle_mm_penalized,deep_sensitivity,deep_specificity,deep_balanced_accuracy
Dipole fitting (grid),-10,-10,deep_only,case_weighted_within_scenario,16,1,0.6559375000000001,0.6561876081458804,1.5538337870624976,nan,nan,3.749999873450805,3.749999873450805,0.5,3.749999873450805,1.25,nan,nan,118.88955586486408,118.88955586486408,0.5,nan,nan
Dipole fitting (grid),-10,-10,deep_plus_surface,case_weighted_within_scenario,68,1,0.5088268210324942,0.5165303951885536,1.7948603219500345,9.554091027568754,13.437173471526739,nan,nan,0.0,nan,1.1323529411764706,9.554091027568754,13.437173471526739,234.02911185627738,234.02911185627738,0.0,nan,nan
Dipole fitting (grid),-10,-10,deep_plus_two_surface,case_weighted_within_scenario,34,1,0.507782707185366,0.5100295091020502,1.8515404353075549,8.942330989335792,31.34353839482126,nan,nan,0.0,nan,1.5588235294117647,8.942330989335792,31.34353839482126,234.02911185627735,234.02911185627735,0.0,nan,nan
Dipole fitting (grid),-10,-10,surface_only,case_weighted_within_scenario,68,1,0.5187533387831175,0.5189131592170009,1.7306766397771847,9.812671358819811,11.015433211002689,nan,nan,0.0,nan,1.161764705882353,9.812671358819811,11.015433211002689,nan,nan,nan,1.0,nan
Dipole fitting (grid),-10,-5,deep_only,case_weighted_within_scenario,16,1,0.875,0.8749708838014109,0.701385399810651,nan,nan,1.4285713427647941,1.4285713427647941,0.875,1.4285713427647941,1.375,nan,nan,30.503638906953864,30.503638906953864,0.875,nan,nan
Dipole fitting (grid),-10,-5,deep_plus_surface,case_weighted_within_scenario,68,1,0.5097368024585505,0.5184317831859029,1.755554876231982,8.762550491292041,10.446881906338229,10.000000548548492,10.000000548548492,0.014705882352941176,10.000000548548492,1.2352941176470589,8.762550491292041,10.446881906338229,230.73456610175194,230.73456610175194,0.014705882352941176,nan,nan
Dipole fitting (grid),-10,-5,deep_plus_two_surface,case_weighted_within_scenario,34,1,0.5110766802336348,0.515015026590423,1.8052114929516565,9.948241871761347,17.630783025005886,nan,nan,0.0,nan,2.0294117647058822,9.948241871761347,17.630783025005886,234.02911185627735,234.02911185627735,0.0,nan,nan
Dipole fitting (grid),-10,-5,surface_only,case_weighted_within_scenario,68,1,0.5198002839249877,0.5199873518771918,1.6911317434738995,6.404125905550826,7.49218823585453,nan,nan,0.0,nan,1.2352941176470589,6.404125905550826,7.49218823585453,nan,nan,nan,1.0,nan
Dipole fitting (grid),-10,0,deep_only,case_weighted_within_scenario,16,1,0.9375,0.937487521629176,0.34486988111129074,nan,nan,1.2499999742658052,1.2499999742658052,1.0,1.2499999742658052,1.625,nan,nan,1.2499999742658052,1.2499999742658052,1.0,nan,nan
Dipole fitting (grid),-10,0,deep_plus_surface,case_weighted_within_scenario,68,1,0.5160633323235386,0.5237701336106847,1.6978576785741157,9.147821813342762,11.47018275699387,6.666666266235701,6.666666266235702,0.03450423844629415,6.666666266235702,1.4411764705882353,9.147821813342762,11.47018275699387,223.99841572730497,223.99841572730497,0.04411764705882353,nan,nan
Dipole fitting (grid),-10,0,deep_plus_two_surface,case_weighted_within_scenario,34,1,0.5127341028512735,0.5176441648604705,1.784553682200718,5.9598898232641515,13.915035216744354,nan,nan,0.0,nan,2.088235294117647,5.9598898232641515,13.915035216744354,234.02911185627735,234.02911185627735,0.0,nan,nan
Dipole fitting (grid),-10,0,surface_only,case_weighted_within_scenario,68,1,0.5258209088771341,0.5259410954943662,1.6158677383106412,6.907849007686919,9.938541592712355,nan,nan,0.0,nan,1.25,6.907849007686919,9.938541592712355,nan,nan,nan,1.0,nan
Dipole fitting (grid),-10,5,deep_only,case_weighted_within_scenario,16,1,1.0,1.0,0.049514368713755946,nan,nan,0.0,0.0,1.0,0.0,1.75,nan,nan,0.0,0.0,1.0,nan,nan
Dipole fitting (grid),-10,5,deep_plus_surface,case_weighted_within_scenario,68,1,0.5285753719242483,0.5216377005319791,1.6804343988615509,10.592244614355874,11.774139379027682,4.904681600256695,4.904681600256695,0.09116570756580647,4.904681600256695,1.6029411764705883,10.592244614355874,11.774139379027682,203.70381961650995,203.70381961650995,0.11764705882352941,nan,nan
Dipole fitting (grid),-10,5,deep_plus_two_surface,case_weighted_within_scenario,34,1,0.511574859487278,0.5161947503289285,1.7758295912907824,5.994166024644216,11.996903258516845,nan,nan,0.0,nan,2.1176470588235294,5.994166024644216,11.996903258516845,234.02911185627735,234.02911185627735,0.0,nan,nan
Dipole fitting (grid),-10,5,surface_only,case_weighted_within_scenario,68,1,0.5235633955541285,0.5238784464424935,1.6405224956268374,7.7938888665345285,8.555569540766157,nan,nan,0.0,nan,1.4852941176470589,7.7938888665345285,8.555569540766157,nan,nan,nan,1.0,nan
Dipole fitting (grid),-10,10,deep_only,case_weighted_within_scenario,16,1,1.0,1.0,0.017748082043443074,nan,nan,0.0,0.0,1.0,0.0,2.5,nan,nan,0.0,0.0,1.0,nan,nan
Dipole fitting (grid),-10,10,deep_plus_surface,case_weighted_within_scenario,68,1,0.5472744361894516,0.5238781928093051,1.6247636455707357,7.173942502034685,10.34056249002585,2.857142741925714,2.857142741925714,0.15361899715055718,2.857142741925714,1.5294117647058822,7.173942502034685,10.34056249002585,186.43488292096967,186.43488292096967,0.20588235294117646,nan,nan
Dipole fitting (grid),-10,10,deep_plus_two_surface,case_weighted_within_scenario,34,1,0.5110198783612354,0.5152737802017655,1.7917738288811629,6.424516466498674,16.258711440824147,9.999999399353554,9.999999399353554,0.029411764705882353,9.999999399353554,2.0588235294117645,6.424516466498674,16.258711440824147,227.44002031342666,227.44002031342666,0.029411764705882353,nan,nan
Dipole fitting (grid),-10,10,surface_only,case_weighted_within_scenario,68,1,0.5208723058964386,0.5213234986883385,1.652286782014556,4.443832214899218,8.358990685449546,nan,nan,0.00225944462104167,nan,1.2647058823529411,4.443832214899218,8.358990685449546,nan,nan,nan,0.9852941176470589,nan
Dipole fitting (grid),-10,15,deep_only,case_weighted_within_scenario,16,1,1.0,1.0,0.004573053602977635,nan,nan,0.0,0.0,1.0,0.0,2.625,nan,nan,0.0,0.0,1.0,nan,nan
Dipole fitting (grid),-10,15,deep_plus_surface,case_weighted_within_scenario,68,1,0.5431703006310422,0.5230483076909788,1.6436881855653855,7.430990741991332,9.617542028353434,1.8181818852225298,1.8181818852225298,0.10780674393731537,1.8181818852225298,1.5147058823529411,7.430990741991332,9.617542028353434,196.46557906684205,196.46557906684205,0.16176470588235295,nan,nan
Dipole fitting (grid),-10,15,deep_plus_two_surface,case_weighted_within_scenario,34,1,0.51125720360612,0.5152883484674531,1.7945927072997434,6.958739877903753,13.41796943541743,9.999999794126445,9.999999794126445,0.03036945967930108,9.999999794126445,2.176470588235294,6.958739877903753,13.41796943541743,220.8509287937979,220.8509287937979,0.058823529411764705,nan,nan
Dipole fitting (grid),-10,15,surface_only,case_weighted_within_scenario,68,1,0.5231477352205912,0.5235836042916316,1.6228516574725538,7.587592575632527,10.913402256003238,nan,nan,0.0,nan,1.3970588235294117,7.587592575632527,10.913402256003238,nan,nan,nan,1.0,nan
Dipole fitting (grid),-10,20,deep_only,case_weighted_within_scenario,16,1,1.0,1.0,0.00104953916121537,nan,nan,0.0,0.0,1.0,0.0,2.625,nan,nan,0.0,0.0,1.0,nan,nan
Dipole fitting (grid),-10,20,deep_plus_surface,case_weighted_within_scenario,68,1,0.5437710913257083,0.5240920873505596,1.6481423787061793,8.288165643184035,11.64309657977509,1.8181818525271518,1.8181818525271518,0.1024774734560428,1.8181818525271518,1.6029411764705883,8.288165643184035,11.64309657977509,196.4655790615531,196.4655790615531,0.16176470588235295,nan,nan
Dipole fitting (grid),-10,20,deep_plus_two_surface,case_weighted_within_scenario,34,1,0.5117130979749248,0.5161276792200599,1.8042306194442232,6.05533850166415,13.398911122698314,9.999999399353554,9.999999399353554,0.04743730933758146,9.999999399353554,2.2058823529411766,6.05533850166415,13.398911122698314,220.85092877057596,220.85092877057596,0.058823529411764705,nan,nan
Dipole fitting (grid),-10,20,surface_only,case_weighted_within_scenario,68,1,0.5225131061557174,0.5230167603577639,1.623787598372635,6.348245248294497,9.38491426564785,nan,nan,0.0,nan,1.3235294117647058,6.348245248294497,9.38491426564785,nan,nan,nan,1.0,nan
Dipole fitting (grid),-5,-10,deep_only,case_weighted_within_scenario,16,1,0.75,0.749958405430587,1.2733981757871864,nan,nan,1.999999958825289,1.999999958825289,0.625,1.999999958825289,1.25,nan,nan,89.01091692036982,89.01091692036982,0.625,nan,nan
Dipole fitting (grid),-5,-10,deep_plus_surface,case_weighted_within_scenario,68,1,0.5098457864448191,0.5185927875107437,1.7621200561701618,7.613400352491408,9.437109808717636,nan,nan,0.0,nan,1.1470588235294117,7.613400352491408,9.437109808717636,234.02911185627738,234.02911185627738,0.0,nan,nan
Dipole fitting (grid),-5,-10,deep_plus_two_surface,case_weighted_within_scenario,34,1,0.5091958424975551,0.5124259383745311,1.821434219861388,5.975434177318765,23.84478678840801,nan,nan,0.0,nan,1.6764705882352942,5.975434177318765,23.84478678840801,234.02911185627735,234.02911185627735,0.0,nan,nan
Dipole fitting (grid),-5,-10,surface_only,case_weighted_within_scenario,68,1,0.5205000224746543,0.5206581140201664,1.6881520437254505,7.076012092439346,8.210875724167622,nan,nan,0.0,nan,1.2058823529411764,7.076012092439346,8.210875724167622,nan,nan,nan,1.0,nan
Dipole fitting (grid),-5,-5,deep_only,case_weighted_within_scenario,16,1,1.0,1.0,0.27521875298241294,nan,nan,0.0,0.0,1.0,0.0,2.0,nan,nan,0.0,0.0,1.0,nan,nan
Dipole fitting (grid),-5,-5,deep_plus_surface,case_weighted_within_scenario,68,1,0.5098972097486985,0.51882966838872,1.749882448656099,4.790805606557725,8.109181185588165,9.999999399353554,9.999999399353554,0.009459420274725058,9.999999399353554,1.2205882352941178,4.790805606557725,8.109181185588165,230.73456608485205,230.73456608485205,0.014705882352941176,nan,nan
Dipole fitting (grid),-5,-5,deep_plus_two_surface,case_weighted_within_scenario,34,1,0.5131241728327629,0.5174543773431468,1.7668436789699005,5.458060730489142,11.697524157063306,nan,nan,0.0,nan,2.088235294117647,5.458060730489142,11.697524157063306,234.02911185627735,234.02911185627735,0.0,nan,nan
Dipole fitting (grid),-5,-5,surface_only,case_weighted_within_scenario,68,1,0.5210706403152071,0.5212519378176856,1.6693110858426585,6.957363438837205,8.152781257210835,nan,nan,0.0,nan,1.1911764705882353,6.957363438837205,8.152781257210835,nan,nan,nan,1.0,nan
Dipole fitting (grid),-5,0,deep_only,case_weighted_within_scenario,16,1,1.0,1.0,0.10064940320426637,nan,nan,0.0,0.0,1.0,0.0,1.875,nan,nan,0.0,0.0,1.0,nan,nan
Dipole fitting (grid),-5,0,deep_plus_surface,case_weighted_within_scenario,68,1,0.5263710766761209,0.5236290558835507,1.6752481875487737,4.553434002661078,8.244802999074253,1.99999987987071,1.99999987987071,0.0642208442773801,1.99999987987071,1.3529411764705883,4.553434002661078,8.244802999074253,216.96814774036514,216.96814774036514,0.07352941176470588,nan,nan
Dipole fitting (grid),-5,0,deep_plus_two_surface,case_weighted_within_scenario,34,1,0.5126420671741391,0.5175932365634996,1.7605407534085504,5.774991526934099,13.24724115303158,nan,nan,0.0,nan,2.0588235294117645,5.774991526934099,13.24724115303158,234.02911185627735,234.02911185627735,0.0,nan,nan
Dipole fitting (grid),-5,0,surface_only,case_weighted_within_scenario,68,1,0.5234889299537269,0.5236926198350752,1.6269806591002733,5.243866184265043,8.001957027812452,nan,nan,0.0,nan,1.338235294117647,5.243866184265043,8.001957027812452,nan,nan,nan,1.0,nan
Dipole fitting (grid),-5,5,deep_only,case_weighted_within_scenario,16,1,1.0,1.0,0.03549635417659571,nan,nan,0.0,0.0,1.0,0.0,1.625,nan,nan,0.0,0.0,1.0,nan,nan
Dipole fitting (grid),-5,5,deep_plus_surface,case_weighted_within_scenario,68,1,0.5342179696807421,0.5255694867566285,1.6472157973454848,7.532279142395289,8.590369207608035,3.7935705239282984,3.7935705239282984,0.10164920671503029,3.7935705239282984,1.6029411764705883,7.532279142395289,8.590369207608035,203.55676079758413,203.55676079758413,0.11764705882352941,nan,nan
Dipole fitting (grid),-5,5,deep_plus_two_surface,case_weighted_within_scenario,34,1,0.5116678471388365,0.5160879494744876,1.7934129814443116,6.780630075912713,10.968068952819792,nan,nan,0.0,nan,2.2058823529411766,6.780630075912713,10.968068952819792,234.02911185627735,234.02911185627735,0.0,nan,nan
Dipole fitting (grid),-5,5,surface_only,case_weighted_within_scenario,68,1,0.5243299276514415,0.5246409294653016,1.6495406290246768,4.963650137244292,9.222568539159015,nan,nan,0.0,nan,1.338235294117647,4.963650137244292,9.222568539159015,nan,nan,nan,1.0,nan
Dipole fitting (grid),-5,10,deep_only,case_weighted_within_scenario,16,1,1.0,1.0,0.016750721653706446,nan,nan,0.0,0.0,1.0,0.0,2.5625,nan,nan,0.0,0.0,1.0,nan,nan
Dipole fitting (grid),-5,10,deep_plus_surface,case_weighted_within_scenario,68,1,0.541070485711035,0.5255463362183774,1.6350957342840133,7.85417717006232,10.447607541390104,2.4142136086610257,2.4142136086610257,0.08962252062610675,2.4142136086610257,1.6470588235294117,7.85417717006232,10.447607541390104,199.96809740809852,199.96809740809852,0.1323529411764706,nan,nan
Dipole fitting (grid),-5,10,deep_plus_two_surface,case_weighted_within_scenario,34,1,0.5176148985528517,0.5180344727479089,1.7549463526842428,6.054168553911458,12.263727933172587,4.999999699676777,4.999999699676777,0.038933034464257464,4.999999699676777,2.264705882352941,6.054168553911458,12.263727933172587,220.5568111411832,220.5568111411832,0.058823529411764705,nan,nan
Dipole fitting (grid),-5,10,surface_only,case_weighted_within_scenario,68,1,0.5221099387753134,0.5225603853922407,1.644787659390707,6.355059576355516,9.01602108813616,nan,nan,0.0,nan,1.4852941176470589,6.355059576355516,9.01602108813616,nan,nan,nan,1.0,nan
Dipole fitting (grid),-5,15,deep_only,case_weighted_within_scenario,16,1,1.0,1.0,0.0034863556258302245,nan,nan,0.0,0.0,1.0,0.0,2.75,nan,nan,0.0,0.0,1.0,nan,nan
Dipole fitting (grid),-5,15,deep_plus_surface,case_weighted_within_scenario,68,1,0.5502396705372595,0.5232866486504335,1.6383863381036392,8.734819125138646,10.73293253422808,1.5384615067886835,1.5384615067886835,0.1229745526957004,1.5384615067886835,1.6470588235294117,8.734819125138646,10.73293253422808,189.58236987769868,189.58236987769868,0.19117647058823528,nan,nan
Dipole fitting (grid),-5,15,deep_plus_two_surface,case_weighted_within_scenario,34,1,0.5116836662601306,0.5160364886651727,1.791851949306385,6.124475111222894,11.91155201735757,9.999999794126445,9.999999794126445,0.030459804430088354,9.999999794126445,2.2058823529411766,6.124475111222894,11.91155201735757,220.8509287937979,220.8509287937979,0.058823529411764705,nan,nan
Dipole fitting (grid),-5,15,surface_only,case_weighted_within_scenario,68,1,0.5222709869175274,0.5227354739231075,1.6316908751139816,4.4720585208292745,8.312346509810885,nan,nan,0.0,nan,1.2941176470588236,4.4720585208292745,8.312346509810885,nan,nan,nan,1.0,nan
Dipole fitting (grid),-5,20,deep_only,case_weighted_within_scenario,16,1,1.0,1.0,0.0010007114206326217,nan,nan,0.0,0.0,1.0,0.0,2.8125,nan,nan,0.0,0.0,1.0,nan,nan
Dipole fitting (grid),-5,20,deep_plus_surface,case_weighted_within_scenario,68,1,0.5362477038585786,0.5229651374535241,1.6627981451874387,9.126407122365784,14.094586437423224,2.222222088745234,2.222222088745234,0.07746352220569215,2.222222088745234,1.4705882352941178,9.126407122365784,14.094586437423224,203.34878821057458,203.34878821057458,0.1323529411764706,nan,nan
Dipole fitting (grid),-5,20,deep_plus_two_surface,case_weighted_within_scenario,34,1,0.5154221491169021,0.5149046717943068,1.790715717232134,7.258418015042588,14.419992946560034,6.66666652941763,6.66666652941763,0.07172413700986861,6.66666652941763,2.1176470588235294,7.258418015042588,14.419992946560034,213.96771962155444,213.96771962155444,0.08823529411764706,nan,nan
Dipole fitting (grid),-5,20,surface_only,case_weighted_within_scenario,68,1,0.5215339822219173,0.5220102561712313,1.6349378660206693,4.959791870941434,8.998667446210687,nan,nan,0.0,nan,1.2794117647058822,4.959791870941434,8.998667446210687,nan,nan,nan,1.0,nan
Dipole fitting (grid),0,-10,deep_only,case_weighted_within_scenario,16,1,0.96875,0.9687458405430587,0.39682191732352856,nan,nan,0.0,0.0,0.9375,0.0,1.3125,nan,nan,14.626819491017335,14.626819491017335,0.9375,nan,nan
Dipole fitting (grid),0,-10,deep_plus_surface,case_weighted_within_scenario,68,1,0.5182204192275011,0.5212692806251223,1.7451262166118815,3.5476711649540387,8.382072365376235,0.0,0.0,0.017961794273087507,0.0,1.1764705882352942,3.5476711649540387,8.382072365376235,227.14590268403393,227.14590268403393,0.029411764705882353,nan,nan
Dipole fitting (grid),0,-10,deep_plus_two_surface,case_weighted_within_scenario,34,1,0.5117761976987603,0.5161218259042282,1.791258922492511,4.677761619611473,16.56867199117495,9.999999399353554,9.999999399353554,0.029119221593459695,9.999999399353554,1.9705882352941178,4.677761619611473,16.56867199117495,227.44002031342666,227.44002031342666,0.029411764705882353,nan,nan
Dipole fitting (grid),0,-10,surface_only,case_weighted_within_scenario,68,1,0.5218791116981945,0.5220707255479798,1.6641311673985595,3.110211552133962,7.926017557496167,nan,nan,0.0,nan,1.1470588235294117,3.110211552133962,7.926017557496167,nan,nan,nan,1.0,nan
Dipole fitting (grid),0,-5,deep_only,case_weighted_within_scenario,16,1,0.96875,0.9687458405430587,0.30582204171122496,nan,nan,0.6249999624595974,0.6249999624595974,1.0,0.6249999624595974,1.375,nan,nan,0.6249999624595974,0.6249999624595974,1.0,nan,nan
Dipole fitting (grid),0,-5,deep_plus_surface,case_weighted_within_scenario,68,1,0.5214848072707925,0.5209469313801859,1.7089880611288886,5.576143533924122,9.337190917592885,3.5355338845154414,3.5355338845154414,0.04588220332538881,3.5355338845154414,1.338235294117647,5.576143533924122,9.337190917592885,220.47066609323258,220.47066609323258,0.04411764705882353,nan,nan
Dipole fitting (grid),0,-5,deep_plus_two_surface,case_weighted_within_scenario,34,1,0.5126503972518877,0.5176115873537797,1.7767518556452064,5.473784504514461,11.758203020053179,10.000000188899337,10.000000188899337,0.029411764705882353,10.000000188899337,2.2058823529411766,5.473784504514461,11.758203020053179,227.4400203366486,227.4400203366486,0.029411764705882353,nan,nan
Dipole fitting (grid),0,-5,surface_only,case_weighted_within_scenario,68,1,0.5237167475514248,0.5238833157027823,1.628466820817544,3.297434990950689,8.219208314631123,nan,nan,0.0,nan,1.1911764705882353,3.297434990950689,8.219208314631123,nan,nan,nan,1.0,nan
Dipole fitting (grid),0,0,deep_only,case_weighted_within_scenario,16,1,1.0,1.0,0.08569494172682765,nan,nan,0.0,0.0,1.0,0.0,1.5625,nan,nan,0.0,0.0,1.0,nan,nan
Dipole fitting (grid),0,0,deep_plus_surface,case_weighted_within_scenario,68,1,0.5377630366274494,0.5255586260780549,1.6458241902402657,5.742043004340638,7.559235340558083,2.222222344121887,2.222222344121887,0.10017197125967965,2.222222344121887,1.5441176470588236,5.742043004340638,7.559235340558083,203.34878824437445,203.34878824437445,0.1323529411764706,nan,nan
Dipole fitting (grid),0,0,deep_plus_two_surface,case_weighted_within_scenario,34,1,0.5149620759559551,0.5204912519329525,1.7282678477157063,3.305845792492241,9.267045504504598,nan,nan,0.0,nan,2.1470588235294117,3.305845792492241,9.267045504504598,234.02911185627735,234.02911185627735,0.0,nan,nan
Dipole fitting (grid),0,0,surface_only,case_weighted_within_scenario,68,1,0.5259643091250916,0.5262841268804669,1.601517749325641,4.003546596712644,8.122542585678536,nan,nan,0.0,nan,1.2794117647058822,4.003546596712644,8.122542585678536,nan,nan,nan,1.0,nan
Dipole fitting (grid),0,5,deep_only,case_weighted_within_scenario,16,1,1.0,1.0,0.03725081782173716,nan,nan,0.0,0.0,1.0,0.0,1.8125,nan,nan,0.0,0.0,1.0,nan,nan
Dipole fitting (grid),0,5,deep_plus_surface,case_weighted_within_scenario,68,1,0.5453698889676131,0.5270571441469083,1.6217583129051343,6.5554572260368404,8.406253005795099,3.076923101976978,3.076923101976978,0.14142850065533613,3.076923101976978,1.6470588235294117,6.5554572260368404,8.406253005795099,189.8764875356023,189.8764875356023,0.19117647058823528,nan,nan
Dipole fitting (grid),0,5,deep_plus_two_surface,case_weighted_within_scenario,34,1,0.5121352236608177,0.5170042502484458,1.7754612696273826,5.181143705131923,11.425349177751595,nan,nan,0.0,nan,2.176470588235294,5.181143705131923,11.425349177751595,234.02911185627735,234.02911185627735,0.0,nan,nan
Dipole fitting (grid),0,5,surface_only,case_weighted_within_scenario,68,1,0.5269865455668986,0.5273639885921769,1.6066990741874843,4.263318792745572,8.038877742015412,nan,nan,0.0,nan,1.3823529411764706,4.263318792745572,8.038877742015412,nan,nan,nan,1.0,nan
Dipole fitting (grid),0,10,deep_only,case_weighted_within_scenario,16,1,1.0,1.0,0.015139044438938565,nan,nan,0.0,0.0,1.0,0.0,2.4375,nan,nan,0.0,0.0,1.0,nan,nan
Dipole fitting (grid),0,10,deep_plus_surface,case_weighted_within_scenario,68,1,0.5519854015764409,0.5265790982813907,1.6054478438958975,5.791747546278176,8.350976402206587,1.8570873408521253,1.8570873408521253,0.1269135076411364,1.8570873408521253,1.6470588235294117,5.791747546278176,8.350976402206587,189.64328364009313,189.64328364009313,0.17647058823529413,nan,nan
Dipole fitting (grid),0,10,deep_plus_two_surface,case_weighted_within_scenario,34,1,0.523294844416236,0.5196803541875654,1.7358640495970619,4.5405087927080485,11.945657641374806,0.0,0.0,0.029600456664472165,0.0,2.1470588235294117,4.5405087927080485,11.945657641374806,220.26269351179045,220.26269351179045,0.058823529411764705,nan,nan
Dipole fitting (grid),0,10,surface_only,case_weighted_within_scenario,68,1,0.5267560981095025,0.5273142584830844,1.5989691177348502,4.262095828990076,8.105443303502655,nan,nan,0.0,nan,1.4264705882352942,4.262095828990076,8.105443303502655,nan,nan,nan,1.0,nan
Dipole fitting (grid),0,15,deep_only,case_weighted_within_scenario,16,1,1.0,1.0,0.004208852409537039,nan,nan,0.0,0.0,1.0,0.0,2.6875,nan,nan,0.0,0.0,1.0,nan,nan
Dipole fitting (grid),0,15,deep_plus_surface,case_weighted_within_scenario,68,1,0.5516948941808006,0.5257168976167564,1.5930559947107645,7.163946751491578,10.336204692997946,1.5384614460543926,1.5384614460543926,0.13001069460481104,1.5384614460543926,1.6764705882352942,7.163946751491578,10.336204692997946,189.58236986608767,189.58236986608767,0.19117647058823528,nan,nan
Dipole fitting (grid),0,15,deep_plus_two_surface,case_weighted_within_scenario,34,1,0.5212696154153226,0.5167524977455766,1.7485863321279915,5.692055187458398,11.768562500657097,0.0,0.0,0.0431037287588658,0.0,2.1470588235294117,5.692055187458398,11.768562500657097,220.26269351179045,220.26269351179045,0.058823529411764705,nan,nan
Dipole fitting (grid),0,15,surface_only,case_weighted_within_scenario,68,1,0.52359640294765,0.5239954162396353,1.6351437186249758,5.4855579193862125,8.60630963726866,nan,nan,0.0,nan,1.4558823529411764,5.4855579193862125,8.60630963726866,nan,nan,nan,1.0,nan
Dipole fitting (grid),0,20,deep_only,case_weighted_within_scenario,16,1,1.0,1.0,0.0009974301254998094,nan,nan,0.0,0.0,1.0,0.0,2.75,nan,nan,0.0,0.0,1.0,nan,nan
Dipole fitting (grid),0,20,deep_plus_surface,case_weighted_within_scenario,68,1,0.5429684883486985,0.5226528196837972,1.6475847535451789,7.215514869118296,11.043965519926498,2.4999999814293523,2.4999999814293523,0.11521684789611512,2.4999999814293523,1.4852941176470589,7.215514869118296,11.043965519926498,193.17103329012775,193.17103329012775,0.17647058823529413,nan,nan
Dipole fitting (grid),0,20,deep_plus_two_surface,case_weighted_within_scenario,34,1,0.5171909500192792,0.517020203807772,1.746501964381454,5.021297322291892,13.044066668315931,4.999999699676777,4.999999699676777,0.04315352800346335,4.999999699676777,2.088235294117647,5.021297322291892,13.044066668315931,220.5568111411832,220.5568111411832,0.058823529411764705,nan,nan
Dipole fitting (grid),0,20,surface_only,case_weighted_within_scenario,68,1,0.5218568217438987,0.522295119424663,1.636966810736923,3.632574840650976,8.049763216559661,nan,nan,0.0,nan,1.2352941176470589,3.632574840650976,8.049763216559661,nan,nan,nan,1.0,nan
Dipole fitting (grid),5,-10,deep_only,case_weighted_within_scenario,16,1,1.0,1.0,0.10830828147227711,nan,nan,0.0,0.0,1.0,0.0,1.125,nan,nan,0.0,0.0,1.0,nan,nan
Dipole fitting (grid),5,-10,deep_plus_surface,case_weighted_within_scenario,68,1,0.5316076785805399,0.5203671534915322,1.7068911058506575,5.350431760921246,9.49164924731079,3.01776707933369,3.01776707933369,0.07493611961918059,3.01776707933369,1.4558823529411764,5.350431760921246,9.49164924731079,206.85130658840166,206.85130658840166,0.10294117647058823,nan,nan
Dipole fitting (grid),5,-10,deep_plus_two_surface,case_weighted_within_scenario,34,1,0.5261044884603314,0.5169442110263671,1.7391913518872122,4.9874122365051266,12.584278443658361,0.0,0.0,0.059569965685118166,0.0,2.2941176470588234,4.9874122365051266,12.584278443658361,213.379484339547,213.379484339547,0.08823529411764706,nan,nan
Dipole fitting (grid),5,-10,surface_only,case_weighted_within_scenario,68,1,0.5194154102591794,0.5196897027830889,1.6963795026143464,3.6876108262846943,8.524893542617376,nan,nan,0.006006530239960831,nan,1.1911764705882353,3.6876108262846943,8.524893542617376,nan,nan,nan,0.9852941176470589,nan
Dipole fitting (grid),5,-5,deep_only,case_weighted_within_scenario,16,1,1.0,1.0,0.08836152949984921,nan,nan,0.0,0.0,1.0,0.0,1.25,nan,nan,0.0,0.0,1.0,nan,nan
Dipole fitting (grid),5,-5,deep_plus_surface,case_weighted_within_scenario,68,1,0.5364502994846561,0.5229413783378658,1.6683367341233866,4.811923596116582,9.15668713445995,4.766037104550764,4.766037104550764,0.10071789071998798,4.766037104550764,1.4558823529411764,4.811923596116582,9.15668713445995,196.94243799938045,196.94243799938045,0.11764705882352941,nan,nan
Dipole fitting (grid),5,-5,deep_plus_two_surface,case_weighted_within_scenario,34,1,0.5277138944677424,0.5190702426147085,1.702041317403783,4.209305651601055,10.751087482063689,2.5000001371371225,2.5000001371371225,0.09451359060114685,2.5000001371371225,2.264705882352941,4.209305651601055,10.751087482063689,206.79039283049613,206.79039283049613,0.11764705882352941,nan,nan
Dipole fitting (grid),5,-5,surface_only,case_weighted_within_scenario,68,1,0.5236567290600407,0.5240012728624033,1.636843875635174,3.3407933061184742,7.99926805147242,nan,nan,0.006863030333236798,nan,1.2205882352941178,3.3407933061184742,7.99926805147242,nan,nan,nan,0.9852941176470589,nan
Dipole fitting (grid),5,0,deep_only,case_weighted_within_scenario,16,1,1.0,1.0,0.05551058204302327,nan,nan,0.0,0.0,1.0,0.0,1.5,nan,nan,0.0,0.0,1.0,nan,nan
Dipole fitting (grid),5,0,deep_plus_surface,case_weighted_within_scenario,68,1,0.5565709509047295,0.5287437115412904,1.6007960592543724,4.754610514826174,8.05683583629458,1.7244382919007326,1.7244382919007326,0.13383665063514338,1.7244382919007326,1.588235294117647,4.754610514826174,8.05683583629458,186.2016790636116,186.2016790636116,0.19117647058823528,nan,nan
Dipole fitting (grid),5,0,deep_plus_two_surface,case_weighted_within_scenario,34,1,0.528625926275754,0.5205147435803889,1.7077027616024836,3.8671241249932744,10.417912637667701,5.000000082741757,5.000000082741757,0.13612860203000027,5.000000082741757,2.235294117647059,3.8671241249932744,10.417912637667701,193.61220977859458,193.61220977859458,0.17647058823529413,nan,nan
Dipole fitting (grid),5,0,surface_only,case_weighted_within_scenario,68,1,0.5251743213103623,0.5255661829555058,1.6073477004266952,4.107843124345014,7.605951079610271,nan,nan,0.0,nan,1.411764705882353,4.107843124345014,7.605951079610271,nan,nan,nan,1.0,nan
Dipole fitting (grid),5,5,deep_only,case_weighted_within_scenario,16,1,1.0,1.0,0.025560903789613895,nan,nan,0.0,0.0,1.0,0.0,1.5625,nan,nan,0.0,0.0,1.0,nan,nan
Dipole fitting (grid),5,5,deep_plus_surface,case_weighted_within_scenario,68,1,0.5570075992741921,0.5297557735856159,1.5720943532311153,5.471108830255397,7.480397002118787,2.499999849838388,2.499999849838388,0.15813338165933408,2.499999849838388,1.7205882352941178,5.471108830255397,7.480397002118787,179.55167373711527,179.55167373711527,0.23529411764705882,nan,nan
Dipole fitting (grid),5,5,deep_plus_two_surface,case_weighted_within_scenario,34,1,0.5245599091832456,0.5213015668360232,1.7115169479151129,4.816070580703091,8.310643725146642,3.333333396299779,3.333333396299779,0.05599753822206343,3.333333396299779,2.411764705882353,4.816070580703091,8.310643725146642,213.67360199216165,213.67360199216165,0.08823529411764706,nan,nan
Dipole fitting (grid),5,5,surface_only,case_weighted_within_scenario,68,1,0.5269081308508237,0.5273424446468918,1.6140282899461293,4.7862495509216805,7.768708020263798,nan,nan,0.003347262417962469,nan,1.5,4.7862495509216805,7.768708020263798,nan,nan,nan,0.9852941176470589,nan
Dipole fitting (grid),5,10,deep_only,case_weighted_within_scenario,16,1,1.0,1.0,0.012079923260652768,nan,nan,0.0,0.0,1.0,0.0,2.5625,nan,nan,0.0,0.0,1.0,nan,nan
Dipole fitting (grid),5,10,deep_plus_surface,case_weighted_within_scenario,68,1,0.5491409900060537,0.5278949776946239,1.604389181469136,6.476032319448232,8.512500065165307,1.6666665665589253,1.6666665665589253,0.10163979057392582,1.6666665665589253,1.7647058823529411,6.476032319448232,8.512500065165307,193.02397445220942,193.02397445220942,0.17647058823529413,nan,nan
Dipole fitting (grid),5,10,deep_plus_two_surface,case_weighted_within_scenario,34,1,0.513889948643512,0.5191931991676331,1.7570920997693864,5.057434949761593,10.205680925774374,14.142135127101806,14.142135127101806,0.029411764705882353,14.142135127101806,2.3529411764705883,5.057434949761593,10.205680925774374,227.561847834831,227.561847834831,0.0,nan,nan
Dipole fitting (grid),5,10,surface_only,case_weighted_within_scenario,68,1,0.5256283235979404,0.5261068197743409,1.6190641220262054,4.102547565024029,8.123095949697895,nan,nan,0.0,nan,1.411764705882353,4.102547565024029,8.123095949697895,nan,nan,nan,1.0,nan
Dipole fitting (grid),5,15,deep_only,case_weighted_within_scenario,16,1,1.0,1.0,0.003105820775040599,nan,nan,0.0,0.0,1.0,0.0,2.8125,nan,nan,0.0,0.0,1.0,nan,nan
Dipole fitting (grid),5,15,deep_plus_surface,case_weighted_within_scenario,68,1,0.5521321335264675,0.5267820014423418,1.6252412440749044,8.298279016105697,9.916788810150484,1.5384615344540036,1.5384615344540036,0.10661606349189988,1.5384615344540036,1.8970588235294117,8.298279016105697,9.916788810150484,189.5823698829876,189.5823698829876,0.19117647058823528,nan,nan
Dipole fitting (grid),5,15,deep_plus_two_surface,case_weighted_within_scenario,34,1,0.5187054903327539,0.519572923997304,1.7417649712859768,5.174857753782739,9.275432787367455,7.071067563550903,7.071067563550903,0.03792890033027239,7.071067563550903,2.323529411764706,5.174857753782739,9.275432787367455,220.67863866258756,220.67863866258756,0.029411764705882353,nan,nan
Dipole fitting (grid),5,15,surface_only,case_weighted_within_scenario,68,1,0.5265454437858611,0.527013662575615,1.6048907271689579,4.00436120734806,7.984257632576432,nan,nan,0.0,nan,1.3970588235294117,4.00436120734806,7.984257632576432,nan,nan,nan,1.0,nan
Dipole fitting (grid),5,20,deep_only,case_weighted_within_scenario,16,1,1.0,1.0,0.001170378911883042,nan,nan,0.0,0.0,1.0,0.0,2.625,nan,nan,0.0,0.0,1.0,nan,nan
Dipole fitting (grid),5,20,deep_plus_surface,case_weighted_within_scenario,68,1,0.5409475649976226,0.5251949920703661,1.6460712724874451,6.530893011043928,9.288228701092166,3.103830534500732,3.1038305345007315,0.09102356398428585,3.1038305345007315,1.6029411764705883,6.530893011043928,9.288228701092166,196.67355164246058,196.67355164246058,0.14705882352941177,nan,nan
Dipole fitting (grid),5,20,deep_plus_two_surface,case_weighted_within_scenario,34,1,0.5113949979654954,0.5161288100968459,1.7956806507279421,6.109046592276975,12.188113732711862,nan,nan,0.0,nan,2.1176470588235294,6.109046592276975,12.188113732711862,234.02911185627735,234.02911185627735,0.0,nan,nan
Dipole fitting (grid),5,20,surface_only,case_weighted_within_scenario,68,1,0.5250305847540027,0.5254579134006322,1.6221796183954715,5.221015139912748,8.652527298706309,nan,nan,0.0,nan,1.411764705882353,5.221015139912748,8.652527298706309,nan,nan,nan,1.0,nan
Dipole fitting (grid),10,-10,deep_only,case_weighted_within_scenario,16,1,1.0,1.0,0.03780638395334557,nan,nan,0.0,0.0,1.0,0.0,1.0625,nan,nan,0.0,0.0,1.0,nan,nan
Dipole fitting (grid),10,-10,deep_plus_surface,case_weighted_within_scenario,68,1,0.5530298485569688,0.5219119747398658,1.6890843944579266,5.135816489530136,8.556853681062835,3.563452026448703,3.563452026448703,0.1375146274837645,3.563452026448703,1.5588235294117647,5.135816489530136,8.556853681062835,173.0234960189698,173.0234960189698,0.25,nan,nan
Dipole fitting (grid),10,-10,deep_plus_two_surface,case_weighted_within_scenario,34,1,0.5257072788636185,0.5165001807530281,1.7534634115236596,6.776005360469842,12.281887639694242,4.828426905291072,4.828426905291072,0.10049396959350727,4.828426905291072,2.3529411764705883,6.776005360469842,12.281887639694242,200.32312877524993,200.32312877524993,0.11764705882352941,nan,nan
Dipole fitting (grid),10,-10,surface_only,case_weighted_within_scenario,68,1,0.5209431379811801,0.5213286170393047,1.687023874011451,4.440406784338082,8.458718005997454,nan,nan,0.00505165411221937,nan,1.3235294117647058,4.440406784338082,8.458718005997454,nan,nan,nan,0.9852941176470589,nan
Dipole fitting (grid),10,-5,deep_only,case_weighted_within_scenario,16,1,1.0,1.0,0.03543859743408949,nan,nan,0.0,0.0,1.0,0.0,1.1875,nan,nan,0.0,0.0,1.0,nan,nan
Dipole fitting (grid),10,-5,deep_plus_surface,case_weighted_within_scenario,68,1,0.5800441717164408,0.5272446756027679,1.6033966793917482,4.985370356064392,8.598409330851608,3.1702464839516633,3.1702464839516633,0.19207368131361746,3.1702464839516633,1.75,4.985370356064392,8.598409330851608,145.75954568450578,145.75954568450578,0.3382352941176471,nan,nan
Dipole fitting (grid),10,-5,deep_plus_two_surface,case_weighted_within_scenario,34,1,0.5275227925401879,0.5190342807223117,1.7097864790382082,5.26130957315608,11.074333339632231,3.9999999895804086,3.999999989580408,0.10757517077716058,3.999999989580408,2.3529411764705883,5.26130957315608,11.074333339632231,200.20130128764546,200.20130128764546,0.14705882352941177,nan,nan
Dipole fitting (grid),10,-5,surface_only,case_weighted_within_scenario,68,1,0.5213084110946228,0.5217488106421303,1.6884748654875221,3.634427461679284,8.13750524590283,nan,nan,0.005993875811178808,nan,1.3235294117647058,3.634427461679284,8.13750524590283,nan,nan,nan,0.9852941176470589,nan
Dipole fitting (grid),10,0,deep_only,case_weighted_within_scenario,16,1,1.0,1.0,0.02926552381509392,nan,nan,0.0,0.0,1.0,0.0,1.25,nan,nan,0.0,0.0,1.0,nan,nan
Dipole fitting (grid),10,0,deep_plus_surface,case_weighted_within_scenario,68,1,0.580863488552761,0.5288489622354821,1.5855849018454833,5.2409411696596395,7.999318232939044,0.7071067769030882,0.7071067769030883,0.14713349030572245,0.7071067769030883,1.75,5.2409411696596395,7.999318232939044,165.40499271528495,165.40499271528495,0.27941176470588236,nan,nan
Dipole fitting (grid),10,0,deep_plus_two_surface,case_weighted_within_scenario,34,1,0.5332655791227675,0.5203601664823319,1.6863017734877435,5.065819624228644,11.506229816994345,0.0,0.0,0.07856874615484254,0.0,2.264705882352941,5.065819624228644,11.506229816994345,206.49627516730354,206.49627516730354,0.11764705882352941,nan,nan
Dipole fitting (grid),10,0,surface_only,case_weighted_within_scenario,68,1,0.525362460196324,0.5258001604253186,1.634043249076799,3.9033382903912077,7.679313910011025,nan,nan,0.0066288109663199405,nan,1.4558823529411764,3.9033382903912077,7.679313910011025,nan,nan,nan,0.9852941176470589,nan
Dipole fitting (grid),10,5,deep_only,case_weighted_within_scenario,16,1,1.0,1.0,0.016727939884064215,nan,nan,0.0,0.0,1.0,0.0,1.5,nan,nan,0.0,0.0,1.0,nan,nan
Dipole fitting (grid),10,5,deep_plus_surface,case_weighted_within_scenario,68,1,0.5679824096402565,0.5306359254114518,1.5778371668950615,4.3814736603475914,7.907350138352981,2.323270298677008,2.323270298677008,0.1517591211395324,2.323270298677008,1.75,4.3814736603475914,7.907350138352981,169.2877737740067,169.2877737740067,0.2647058823529412,nan,nan
Dipole fitting (grid),10,5,deep_plus_two_surface,case_weighted_within_scenario,34,1,0.5402277629564702,0.523854729547914,1.6373022839984386,4.576869451799432,12.232571999182472,1.6666667580914154,1.6666667580914154,0.12639339540871183,1.6666667580914154,2.3529411764705883,4.576869451799432,12.232571999182472,193.02397448600922,193.02397448600922,0.17647058823529413,nan,nan
Dipole fitting (grid),10,5,surface_only,case_weighted_within_scenario,68,1,0.5259718176891369,0.5264990375581617,1.5996552087143505,3.984989283513147,8.003333229746882,nan,nan,0.003165002544075684,nan,1.4411764705882353,3.984989283513147,8.003333229746882,nan,nan,nan,0.9852941176470589,nan
Dipole fitting (grid),10,10,deep_only,case_weighted_within_scenario,16,1,1.0,1.0,0.010968253073734061,nan,nan,0.0,0.0,1.0,0.0,2.4375,nan,nan,0.0,0.0,1.0,nan,nan
Dipole fitting (grid),10,10,deep_plus_surface,case_weighted_within_scenario,68,1,0.5793404201292652,0.5322496047706435,1.5309933109815335,3.7819563964072027,7.262613284452069,1.6258159559525642,1.6258159559525642,0.17853677887789693,1.6258159559525642,1.6470588235294117,3.7819563964072027,7.262613284452069,162.25750576941238,162.25750576941238,0.29411764705882354,nan,nan
Dipole fitting (grid),10,10,deep_plus_two_surface,case_weighted_within_scenario,34,1,0.5188618852855256,0.5197149728596657,1.7398029857334287,4.3299650676250225,11.328653953133912,5.0000000944496685,5.0000000944496685,0.036652995088153076,5.0000000944496685,2.264705882352941,4.3299650676250225,11.328653953133912,220.55681116440513,220.55681116440513,0.058823529411764705,nan,nan
Dipole fitting (grid),10,10,surface_only,case_weighted_within_scenario,68,1,0.5254402799209171,0.5259590435186896,1.617369494732416,4.733211990516058,7.997868288469298,nan,nan,0.0077992210681535985,nan,1.4264705882352942,4.733211990516058,7.997868288469298,nan,nan,nan,0.9852941176470589,nan
Dipole fitting (grid),10,15,deep_only,case_weighted_within_scenario,16,1,1.0,1.0,0.0032381775820388235,nan,nan,0.0,0.0,1.0,0.0,2.5625,nan,nan,0.0,0.0,1.0,nan,nan
Dipole fitting (grid),10,15,deep_plus_surface,case_weighted_within_scenario,68,1,0.5565644387117717,0.528721268814673,1.5980257490555938,4.901382700070681,7.606781433002067,1.4285714248501458,1.4285714248501458,0.1206618919082076,1.4285714248501458,1.7647058823529411,4.901382700070681,7.606781433002067,186.1407652968659,186.1407652968659,0.20588235294117646,nan,nan
Dipole fitting (grid),10,15,deep_plus_two_surface,case_weighted_within_scenario,34,1,0.5139819647140618,0.5195421262679029,1.7493461604127494,4.725589016416813,10.989700009418824,10.000000188899337,10.000000188899337,0.02405166349552463,10.000000188899337,2.323529411764706,4.725589016416813,10.989700009418824,227.4400203366486,227.4400203366486,0.029411764705882353,nan,nan
Dipole fitting (grid),10,15,surface_only,case_weighted_within_scenario,68,1,0.5268193881691514,0.5273952058504219,1.6184970199817166,4.429197026323788,8.565039381679822,nan,nan,0.0,nan,1.4411764705882353,4.429197026323788,8.565039381679822,nan,nan,nan,1.0,nan
Dipole fitting (grid),10,20,deep_only,case_weighted_within_scenario,16,1,1.0,1.0,0.0010538153605459872,nan,nan,0.0,0.0,1.0,0.0,2.5625,nan,nan,0.0,0.0,1.0,nan,nan
Dipole fitting (grid),10,20,deep_plus_surface,case_weighted_within_scenario,68,1,0.5448386781058803,0.5260496187992606,1.6251569479560517,6.510822881384908,8.775569064273908,3.076923013577367,3.076923013577367,0.1136023214277881,3.076923013577367,1.7205882352941178,6.510822881384908,8.775569064273908,189.87648751870236,189.87648751870236,0.19117647058823528,nan,nan
Dipole fitting (grid),10,20,deep_plus_two_surface,case_weighted_within_scenario,34,1,0.5186458614186765,0.5197993481242916,1.7424022043594396,4.6704075318020815,10.802888196754632,6.666666649300683,6.666666649300683,0.056180691706381874,6.666666649300683,2.264705882352941,4.6704075318020815,10.802888196754632,213.96771963213234,213.96771963213234,0.08823529411764706,nan,nan
Dipole fitting (grid),10,20,surface_only,case_weighted_within_scenario,68,1,0.5263784671684641,0.5268267542346328,1.6080655197053821,4.3728083533746664,7.741585791967325,nan,nan,0.0,nan,1.5147058823529411,4.3728083533746664,7.741585791967325,nan,nan,nan,1.0,nan
Dipole fitting (grid),15,-10,deep_only,case_weighted_within_scenario,16,1,1.0,1.0,0.01091672491363435,nan,nan,0.0,0.0,1.0,0.0,1.0625,nan,nan,0.0,0.0,1.0,nan,nan
Dipole fitting (grid),15,-10,deep_plus_surface,case_weighted_within_scenario,68,1,0.5714481618660494,0.5240392441000562,1.6489575230138696,8.332128123663997,9.904093059056295,2.105263188100773,2.105263188100773,0.1395381440867533,2.105263188100773,1.7205882352941178,8.332128123663997,9.904093059056295,169.22686002252215,169.22686002252215,0.2647058823529412,nan,nan
Dipole fitting (grid),15,-10,deep_plus_two_surface,case_weighted_within_scenario,34,1,0.5255463910297136,0.5160402606538007,1.7499234038514027,7.150419962631942,14.272548192297526,4.828426905291071,4.828426905291071,0.1068090560222673,4.828426905291071,2.2941176470588234,7.150419962631942,14.272548192297526,200.32312877524996,200.32312877524996,0.11764705882352941,nan,nan
Dipole fitting (grid),15,-10,surface_only,case_weighted_within_scenario,68,1,0.5197595072452702,0.5202713995014013,1.6974686065277975,4.765628102148266,8.666218732181129,nan,nan,0.0,nan,1.2647058823529411,4.765628102148266,8.666218732181129,nan,nan,nan,1.0,nan
Dipole fitting (grid),15,-5,deep_only,case_weighted_within_scenario,16,1,1.0,1.0,0.010505403910596192,nan,nan,0.0,0.0,1.0,0.0,1.0,nan,nan,0.0,0.0,1.0,nan,nan
Dipole fitting (grid),15,-5,deep_plus_surface,case_weighted_within_scenario,68,1,0.5899163358037043,0.5260082091807796,1.6155000086383333,6.604503123642945,10.198107991035425,1.6585057793974878,1.6585057793974878,0.1817379367423656,1.6585057793974878,1.75,6.604503123642945,10.198107991035425,148.59874197507156,148.59874197507156,0.3382352941176471,nan,nan
Dipole fitting (grid),15,-5,deep_plus_two_surface,case_weighted_within_scenario,34,1,0.5299646387747711,0.5158577231247503,1.744039843528218,5.868942959520858,11.239922636696132,6.035533744691625,6.035533744691625,0.14962573767335338,6.035533744691625,2.3529411764705883,5.868942959520858,11.239922636696132,180.383564065316,180.383564065316,0.17647058823529413,nan,nan
Dipole fitting (grid),15,-5,surface_only,case_weighted_within_scenario,68,1,0.5200278244100569,0.5206162505252632,1.6971743065059346,4.622752275618927,8.229014391305473,nan,nan,0.00426491136618913,nan,1.338235294117647,4.622752275618927,8.229014391305473,nan,nan,nan,0.9852941176470589,nan
Dipole fitting (grid),15,0,deep_only,case_weighted_within_scenario,16,1,1.0,1.0,0.011045383672106186,nan,nan,0.0,0.0,1.0,0.0,1.25,nan,nan,0.0,0.0,1.0,nan,nan
Dipole fitting (grid),15,0,deep_plus_surface,case_weighted_within_scenario,68,1,0.5900454969923309,0.5261954932205335,1.5977528581250144,5.468456008278103,8.686784027786311,1.3656854194385528,1.3656854194385528,0.19969629123489138,1.3656854194385528,1.7352941176470589,5.468456008278103,8.686784027786311,148.491087430969,148.491087430969,0.35294117647058826,nan,nan
Dipole fitting (grid),15,0,deep_plus_two_surface,case_weighted_within_scenario,34,1,0.5355197274769187,0.5173602615217302,1.7137038345854743,6.933018644166684,13.556301426230434,2.357022521183634,2.357022521183634,0.1255800103493174,2.357022521183634,2.4411764705882355,6.933018644166684,13.556301426230434,193.14580197361374,193.14580197361374,0.14705882352941177,nan,nan
Dipole fitting (grid),15,0,surface_only,case_weighted_within_scenario,68,1,0.522833148567306,0.5232542960623233,1.6666321119511125,4.3934585293258825,8.178920125031235,nan,nan,0.0058202779630941994,nan,1.3529411764705883,4.3934585293258825,8.178920125031235,nan,nan,nan,0.9852941176470589,nan
Dipole fitting (grid),15,5,deep_only,case_weighted_within_scenario,16,1,1.0,1.0,0.01065436944754908,nan,nan,0.0,0.0,1.0,0.0,2.4375,nan,nan,0.0,0.0,1.0,nan,nan
Dipole fitting (grid),15,5,deep_plus_surface,case_weighted_within_scenario,68,1,0.5854639944329334,0.530748586187567,1.5620229012753095,3.753579420789081,7.176601099857825,1.6645335227624503,1.6645335227624503,0.17495631889557262,1.6645335227624503,1.6911764705882353,3.753579420789081,7.176601099857825,155.43521036111792,155.43521036111792,0.3088235294117647,nan,nan
Dipole fitting (grid),15,5,deep_plus_two_surface,case_weighted_within_scenario,34,1,0.5371032689654802,0.5196789024594642,1.6766665635192777,4.911816633928721,11.81623215815551,3.7499999184069503,3.7499999184069503,0.17074519732926483,3.7499999184069503,2.4705882352941178,4.911816633928721,11.81623215815551,179.84579140030783,179.84579140030783,0.23529411764705882,nan,nan
Dipole fitting (grid),15,5,surface_only,case_weighted_within_scenario,68,1,0.5232206224674099,0.5237009717345312,1.6357759604265936,4.124406606298166,8.012012463217644,nan,nan,0.0,nan,1.4411764705882353,4.124406606298166,8.012012463217644,nan,nan,nan,1.0,nan
Dipole fitting (grid),15,10,deep_only,case_weighted_within_scenario,16,1,1.0,1.0,0.005842120850434388,nan,nan,0.0,0.0,1.0,0.0,2.9375,nan,nan,0.0,0.0,1.0,nan,nan
Dipole fitting (grid),15,10,deep_plus_surface,case_weighted_within_scenario,68,1,0.5706872833219553,0.5291652597680268,1.5891440135837678,4.550447558466088,8.463039765511956,2.7295479968800898,2.7295479968800898,0.15882004213815237,2.7295479968800898,1.7205882352941178,4.550447558466088,8.463039765511956,162.59836419381645,162.59836419381645,0.29411764705882354,nan,nan
Dipole fitting (grid),15,10,deep_plus_two_surface,case_weighted_within_scenario,34,1,0.5288847056728453,0.5208229033658944,1.6974466278862919,4.999389692888947,10.653024563317537,2.5000000472248343,2.5000000472248343,0.08148922816609185,2.5000000472248343,2.3529411764705883,4.999389692888947,10.653024563317537,206.79039281991822,206.79039281991822,0.11764705882352941,nan,nan
Dipole fitting (grid),15,10,surface_only,case_weighted_within_scenario,68,1,0.5262695333714568,0.5268537537644713,1.594987725349127,4.115880450223742,7.680849108254542,nan,nan,0.0,nan,1.3970588235294117,4.115880450223742,7.680849108254542,nan,nan,nan,1.0,nan
Dipole fitting (grid),15,15,deep_only,case_weighted_within_scenario,16,1,1.0,1.0,0.0031414011378710174,nan,nan,0.0,0.0,1.0,0.0,2.8125,nan,nan,0.0,0.0,1.0,nan,nan
Dipole fitting (grid),15,15,deep_plus_surface,case_weighted_within_scenario,68,1,0.5795920101305126,0.5327675788993758,1.525920702487487,3.8455376946772275,7.481245529380452,2.00646071016147,2.00646071016147,0.18167018356172038,2.00646071016147,1.6470588235294117,3.8455376946772275,7.481245529380452,158.96296001488696,158.96296001488696,0.3088235294117647,nan,nan
Dipole fitting (grid),15,15,deep_plus_two_surface,case_weighted_within_scenario,34,1,0.5187143609180234,0.5195613751291963,1.747130850500162,5.053155993625925,11.220754823218956,5.0000000944496685,5.0000000944496685,0.0349433784076029,5.0000000944496685,2.323529411764706,5.053155993625925,11.220754823218956,220.55681116440513,220.55681116440513,0.058823529411764705,nan,nan
Dipole fitting (grid),15,15,surface_only,case_weighted_within_scenario,68,1,0.5271192274572711,0.5276238765410352,1.6235688149124083,3.986538676297517,8.336807212688301,nan,nan,0.0,nan,1.3970588235294117,3.986538676297517,8.336807212688301,nan,nan,nan,1.0,nan
Dipole fitting (grid),15,20,deep_only,case_weighted_within_scenario,16,1,1.0,1.0,0.0010249608964536991,nan,nan,0.0,0.0,1.0,0.0,2.5625,nan,nan,0.0,0.0,1.0,nan,nan
Dipole fitting (grid),15,20,deep_plus_surface,case_weighted_within_scenario,68,1,0.5682718788918387,0.531235598434357,1.5471631902516867,3.4062831734052876,7.242432727251715,0.6249999624595971,0.6249999624595971,0.12599674714410194,0.6249999624595971,1.588235294117647,3.4062831734052876,7.242432727251715,179.11049729302613,179.11049729302613,0.23529411764705882,nan,nan
Dipole fitting (grid),15,20,deep_plus_two_surface,case_weighted_within_scenario,34,1,0.5182785112771889,0.5187836639800132,1.7325573056333587,5.392337163045186,11.480308692818216,4.999999699676777,4.999999699676777,0.03145320249481995,4.999999699676777,2.264705882352941,5.392337163045186,11.480308692818216,220.5568111411832,220.5568111411832,0.058823529411764705,nan,nan
Dipole fitting (grid),15,20,surface_only,case_weighted_within_scenario,68,1,0.5319177913197428,0.5324440738923674,1.567149091437224,3.4011266321946207,7.170174587632907,nan,nan,0.0,nan,1.4411764705882353,3.4011266321946207,7.170174587632907,nan,nan,nan,1.0,nan
Dipole fitting (grid),20,-10,deep_only,case_weighted_within_scenario,16,1,1.0,1.0,0.005540286420417342,nan,nan,0.0,0.0,1.0,0.0,1.8125,nan,nan,0.0,0.0,1.0,nan,nan
Dipole fitting (grid),20,-10,deep_plus_surface,case_weighted_within_scenario,68,1,0.5756624757334773,0.5251362855089087,1.6521876121605654,7.173690899906971,10.31697706496242,3.875234663331737,3.875234663331737,0.15641686776140676,3.875234663331737,1.6911764705882353,7.173690899906971,10.31697706496242,152.79833167053187,152.79833167053187,0.29411764705882354,nan,nan
Dipole fitting (grid),20,-10,deep_plus_two_surface,case_weighted_within_scenario,34,1,0.5346261416155255,0.5159074058589382,1.72779094918284,6.201139915136338,13.995930152132987,4.267766740726115,4.267766740726115,0.1514316424656824,4.267766740726115,2.3823529411764706,6.201139915136338,13.995930152132987,179.96761888791232,179.96761888791232,0.20588235294117646,nan,nan
Dipole fitting (grid),20,-10,surface_only,case_weighted_within_scenario,68,1,0.5185845078287695,0.5191122428986684,1.7335453346464365,5.674800081612077,8.767158904921846,nan,nan,0.0007570206022488353,nan,1.411764705882353,5.674800081612077,8.767158904921846,nan,nan,nan,1.0,nan
Dipole fitting (grid),20,-5,deep_only,case_weighted_within_scenario,16,1,1.0,1.0,0.005525572604208051,nan,nan,0.0,0.0,1.0,0.0,2.5625,nan,nan,0.0,0.0,1.0,nan,nan
Dipole fitting (grid),20,-5,deep_plus_surface,case_weighted_within_scenario,68,1,0.5906519021069332,0.5277669038852227,1.5903736055119337,7.119576193791501,9.872084118919737,1.945481354011602,1.945481354011602,0.18587189686843314,1.945481354011602,1.8235294117647058,7.119576193791501,9.872084118919737,148.7042477010326,148.7042477010326,0.3382352941176471,nan,nan
Dipole fitting (grid),20,-5,deep_plus_two_surface,case_weighted_within_scenario,34,1,0.5241613368806848,0.5146309371333669,1.7808757324379618,7.667112459219659,11.533216588938847,6.38071196029522,6.38071196029522,0.1287117455147071,6.38071196029522,2.5,7.667112459219659,11.533216588938847,193.8558648158099,193.8558648158099,0.11764705882352941,nan,nan
Dipole fitting (grid),20,-5,surface_only,case_weighted_within_scenario,68,1,0.5190839422900057,0.5195810801185564,1.7064505813876427,4.944418099159212,8.367805040403741,nan,nan,0.0,nan,1.3823529411764706,4.944418099159212,8.367805040403741,nan,nan,nan,1.0,nan
Dipole fitting (grid),20,0,deep_only,case_weighted_within_scenario,16,1,1.0,1.0,0.004441536352757824,nan,nan,0.0,0.0,1.0,0.0,2.875,nan,nan,0.0,0.0,1.0,nan,nan
Dipole fitting (grid),20,0,deep_plus_surface,case_weighted_within_scenario,68,1,0.5790757299713101,0.5253948703575919,1.639549817843113,6.131020089672351,8.618370199363381,2.099316187271029,2.099316187271029,0.16181876167141931,2.099316187271029,1.7941176470588236,6.131020089672351,8.618370199363381,155.58226920352524,155.58226920352524,0.3088235294117647,nan,nan
Dipole fitting (grid),20,0,deep_plus_two_surface,case_weighted_within_scenario,34,1,0.5257332245495951,0.5166029923756809,1.7493318999205503,5.880604498715796,14.428203476911229,6.767766997740639,6.767766997740639,0.15992425008284666,6.767766997740639,2.3823529411764706,5.880604498715796,14.428203476911229,180.55585424250398,180.55585424250398,0.20588235294117646,nan,nan
Dipole fitting (grid),20,0,surface_only,case_weighted_within_scenario,68,1,0.5201073761793714,0.5207070137430848,1.690804969782955,4.656515511720231,9.532372750841668,nan,nan,0.004325318290904122,nan,1.3823529411764706,4.656515511720231,9.532372750841668,nan,nan,nan,0.9852941176470589,nan
Dipole fitting (grid),20,5,deep_only,case_weighted_within_scenario,16,1,1.0,1.0,0.003370071802757305,nan,nan,0.0,0.0,1.0,0.0,3.0,nan,nan,0.0,0.0,1.0,nan,nan
Dipole fitting (grid),20,5,deep_plus_surface,case_weighted_within_scenario,68,1,0.5947464694055583,0.528892296955549,1.5930413002365482,4.875748065615673,7.970573970955407,0.4166666416397316,0.4166666416397316,0.1671339801880344,0.4166666416397316,1.6911764705882353,4.875748065615673,7.970573970955407,151.57766060405234,151.57766060405234,0.35294117647058826,nan,nan
Dipole fitting (grid),20,5,deep_plus_two_surface,case_weighted_within_scenario,34,1,0.5313648357940027,0.5181481677247319,1.7114379108335622,5.541646474474183,12.775050056840215,5.46918149187185,5.46918149187185,0.13474243158266844,5.46918149187185,2.3823529411764706,5.541646474474183,12.775050056840215,186.9726556047821,186.9726556047821,0.14705882352941177,nan,nan
Dipole fitting (grid),20,5,surface_only,case_weighted_within_scenario,68,1,0.5211267466221848,0.5217121533609582,1.6784537682241552,4.139521095340969,8.766903721708948,nan,nan,0.004531521683361418,nan,1.3529411764705883,4.139521095340969,8.766903721708948,nan,nan,nan,0.9852941176470589,nan
Dipole fitting (grid),20,10,deep_only,case_weighted_within_scenario,16,1,1.0,1.0,0.0029204785517886805,nan,nan,0.0,0.0,1.0,0.0,2.75,nan,nan,0.0,0.0,1.0,nan,nan
Dipole fitting (grid),20,10,deep_plus_surface,case_weighted_within_scenario,68,1,0.5828001552360967,0.5323162283019801,1.5433890365489644,3.796623842416121,7.078267623943245,1.1496255108076714,1.1496255108076714,0.166845488900499,1.1496255108076714,1.7205882352941178,3.796623842416121,7.078267623943245,162.11044695547056,162.11044695547056,0.29411764705882354,nan,nan
Dipole fitting (grid),20,10,deep_plus_two_surface,case_weighted_within_scenario,34,1,0.5466314549927782,0.5201636284533183,1.6369194351762886,4.6890432859962585,11.669479572143977,0.0,0.0,0.1500931464800208,0.0,2.4411764705882355,4.6890432859962585,11.669479572143977,185.84664765057317,185.84664765057317,0.20588235294117646,nan,nan
Dipole fitting (grid),20,10,surface_only,case_weighted_within_scenario,68,1,0.5246187259653627,0.5251725210263183,1.6341156829115786,4.067908451700255,8.087050247448492,nan,nan,0.006071183188981997,nan,1.4411764705882353,4.067908451700255,8.087050247448492,nan,nan,nan,0.9852941176470589,nan
Dipole fitting (grid),20,15,deep_only,case_weighted_within_scenario,16,1,1.0,1.0,0.0020373414575878836,nan,nan,0.0,0.0,1.0,0.0,2.6875,nan,nan,0.0,0.0,1.0,nan,nan
Dipole fitting (grid),20,15,deep_plus_surface,case_weighted_within_scenario,68,1,0.5673292029591556,0.5295164475225881,1.583464486918555,4.943675467848169,7.750413985838719,2.541277508783306,2.541277508783306,0.14353950135727134,2.541277508783306,1.7794117647058822,4.943675467848169,7.750413985838719,169.3486875533011,169.3486875533011,0.25,nan,nan
Dipole fitting (grid),20,15,deep_plus_two_surface,case_weighted_within_scenario,34,1,0.5295357332803192,0.521697123275853,1.679610922448305,3.2175804772547134,12.538694493799522,3.9999997597414216,3.9999997597414216,0.11156656173091456,3.9999997597414216,2.264705882352941,3.2175804772547134,12.538694493799522,200.20130125384557,200.20130125384557,0.14705882352941177,nan,nan
Dipole fitting (grid),20,15,surface_only,case_weighted_within_scenario,68,1,0.5291454668906085,0.5297740656518765,1.5722206720621623,3.431496399235681,7.5404150583017095,nan,nan,0.0076565410199550855,nan,1.4852941176470589,3.431496399235681,7.5404150583017095,nan,nan,nan,0.9852941176470589,nan
Dipole fitting (grid),20,20,deep_only,case_weighted_within_scenario,16,1,1.0,1.0,0.0008054983638060015,nan,nan,0.0,0.0,1.0,0.0,2.9375,nan,nan,0.0,0.0,1.0,nan,nan
Dipole fitting (grid),20,20,deep_plus_surface,case_weighted_within_scenario,68,1,0.563469967807724,0.5287298739658263,1.5953576435657315,4.687307388671032,7.848740164143258,2.2520159253355856,2.2520159253355856,0.11820723143261731,2.2520159253355856,1.6764705882352942,4.687307388671032,7.848740164143258,176.08483787354194,176.08483787354194,0.22058823529411764,nan,nan
Dipole fitting (grid),20,20,deep_plus_two_surface,case_weighted_within_scenario,34,1,0.5191090308064376,0.5205147151255602,1.7195819731758388,4.217791741067632,10.920800023757305,6.666666912482609,6.666666912482609,0.06330460999421238,6.666666912482609,2.264705882352941,4.217791741067632,10.920800023757305,213.96771965535427,213.96771965535427,0.08823529411764706,nan,nan
Dipole fitting (grid),20,20,surface_only,case_weighted_within_scenario,68,1,0.5262233669827425,0.5267331372665649,1.5948248304311974,3.826970472639607,7.959258661481912,nan,nan,0.0,nan,1.3970588235294117,3.826970472639607,7.959258661481912,nan,nan,nan,1.0,nan
LCMV,-10,-10,deep_only,case_weighted_within_scenario,16,1,0.96375,0.9929538799414348,1.9424508205673112,nan,nan,19.237665639243573,8.260832509348493,0.0,nan,582.625,nan,nan,19.237665639243573,8.260832509348493,0.0,nan,nan
LCMV,-10,-10,deep_plus_surface,case_weighted_within_scenario,68,1,0.8029011879017318,0.6649121215509308,1.9647269245604386,60.19970211476456,63.05288819584968,23.266657667585154,20.048366759096545,0.0,nan,1497.264705882353,60.19970211476456,63.05288819584968,23.266657667585154,20.048366759096545,0.0,nan,nan
LCMV,-10,-10,deep_plus_two_surface,case_weighted_within_scenario,34,1,0.7835023902167993,0.6201277411769022,1.9658812358203823,42.7687551326892,48.597603869841336,23.615162671739455,19.533622088612827,0.0,nan,1612.4117647058824,42.7687551326892,48.597603869841336,23.615162671739455,19.533622088612827,0.0,nan,nan
LCMV,-10,-10,surface_only,case_weighted_within_scenario,68,1,0.5535277831451939,0.6477398461694521,1.960451589827783,60.29169802538183,66.9059605826881,nan,nan,0.0,nan,1489.6029411764705,60.29169802538183,66.9059605826881,nan,nan,nan,1.0,nan
LCMV,-10,-5,deep_only,case_weighted_within_scenario,16,1,0.9675,0.9942682683348861,1.9167382449904031,nan,nan,17.07133662780602,5.151650401531548,0.0,nan,391.8125,nan,nan,17.07133662780602,5.151650401531548,0.0,nan,nan
LCMV,-10,-5,deep_plus_surface,case_weighted_within_scenario,68,1,0.8109320981217646,0.6787314401711263,1.9605690735835126,58.35502680421634,58.31132558350353,22.718909649244512,19.68803371039453,0.0,nan,1098.8676470588234,58.35502680421634,58.31132558350353,22.718909649244512,19.68803371039453,0.0,nan,nan
LCMV,-10,-5,deep_plus_two_surface,case_weighted_within_scenario,34,1,0.7972047694034471,0.6481410667538429,1.9617716365100013,41.6982618091046,45.743605707057625,22.883841143168457,18.783281506579847,0.0,nan,1139.5294117647059,41.6982618091046,45.743605707057625,22.883841143168457,18.783281506579847,0.0,nan,nan
LCMV,-10,-5,surface_only,case_weighted_within_scenario,68,1,0.5658438293579179,0.6659793486234766,1.9592074102543995,58.0393660712579,58.56115498576406,nan,nan,0.0,nan,1127.5588235294117,58.0393660712579,58.56115498576406,nan,nan,nan,1.0,nan
LCMV,-10,0,deep_only,case_weighted_within_scenario,16,1,0.995,0.998993411420205,1.8686257321776634,nan,nan,12.47325650082075,3.6427669936280878,0.0,nan,328.375,nan,nan,12.47325650082075,3.6427669936280878,0.0,nan,nan
LCMV,-10,0,deep_plus_surface,case_weighted_within_scenario,68,1,0.807683055762545,0.6811123589198189,1.9600039511756056,56.54631963667517,55.162048028630124,22.13587039960997,17.201105569001825,0.0,nan,789.9852941176471,56.54631963667517,55.162048028630124,22.13587039960997,17.201105569001825,0.0,nan,nan
LCMV,-10,0,deep_plus_two_surface,case_weighted_within_scenario,34,1,0.7992456220692308,0.6583126788067555,1.958225279636972,41.16547590136837,46.619510504809725,22.61841822246574,17.771917569209943,0.0,nan,897.9705882352941,41.16547590136837,46.619510504809725,22.61841822246574,17.771917569209943,0.0,nan,nan
LCMV,-10,0,surface_only,case_weighted_within_scenario,68,1,0.5780560100419723,0.6753289951297514,1.9611252759831728,56.76275882961372,56.90529006589134,nan,nan,0.0,nan,793.5294117647059,56.76275882961372,56.90529006589134,nan,nan,nan,1.0,nan
LCMV,-10,5,deep_only,case_weighted_within_scenario,16,1,1.0,1.0,1.7559870945669807,nan,nan,7.415885193983898,0.0,0.0,nan,251.8125,nan,nan,7.415885193983898,0.0,0.0,nan,nan
LCMV,-10,5,deep_plus_surface,case_weighted_within_scenario,68,1,0.8223729191683927,0.6833706666777773,1.9597318478454127,55.73751635502623,55.603091055964846,21.013006605464803,13.915999555929332,0.0,nan,543.0588235294117,55.73751635502623,55.603091055964846,21.013006605464803,13.915999555929332,0.0,nan,nan
LCMV,-10,5,deep_plus_two_surface,case_weighted_within_scenario,34,1,0.8044928113480613,0.6739593176695968,1.956714720833908,40.44175619958641,43.90604057722754,21.3675130804414,14.267296645790248,0.0,nan,623.1470588235294,40.44175619958641,43.90604057722754,21.3675130804414,14.267296645790248,0.0,nan,nan
LCMV,-10,5,surface_only,case_weighted_within_scenario,68,1,0.5713198341403883,0.6720005968974802,1.9681806434356672,55.53416943277145,51.856224686179864,nan,nan,0.0,nan,565.1470588235294,55.53416943277145,51.856224686179864,nan,nan,nan,1.0,nan
LCMV,-10,10,deep_only,case_weighted_within_scenario,16,1,1.0,1.0,1.5559810706929524,nan,nan,2.565171628719288,0.0,0.0,nan,233.75,nan,nan,2.565171628719288,0.0,0.0,nan,nan
LCMV,-10,10,deep_plus_surface,case_weighted_within_scenario,68,1,0.8405032557319673,0.6899253304246394,1.9542466175138922,55.5523025219942,53.207729835707944,19.106858844403376,8.952015602980419,0.0,nan,431.22058823529414,55.5523025219942,53.207729835707944,19.106858844403376,8.952015602980419,0.0,nan,nan
LCMV,-10,10,deep_plus_two_surface,case_weighted_within_scenario,34,1,0.8199736190361224,0.6857079963775558,1.9509602664319814,40.31372521459434,43.83550539096751,19.947717597942773,12.132547692867233,0.0,nan,477.3235294117647,40.31372521459434,43.83550539096751,19.947717597942773,12.132547692867233,0.0,nan,nan
LCMV,-10,10,surface_only,case_weighted_within_scenario,68,1,0.5740497668859367,0.6752762705788304,1.9753281317391729,55.23910018212407,52.19562383565002,nan,nan,0.0,nan,445.25,55.23910018212407,52.19562383565002,nan,nan,nan,1.0,nan
LCMV,-10,15,deep_only,case_weighted_within_scenario,16,1,1.0,1.0,1.3321758473812655,nan,nan,0.9426349598055347,0.0,0.0,nan,254.125,nan,nan,0.9426349598055347,0.0,0.0,nan,nan
LCMV,-10,15,deep_plus_surface,case_weighted_within_scenario,68,1,0.8585439703379679,0.695940348800192,1.935636625690655,55.119131732545135,54.00026324021467,16.3422820057446,7.24342730761123,0.1323529411764706,0.0,354.97058823529414,55.119131732545135,54.00026324021467,16.3422820057446,7.24342730761123,0.1323529411764706,nan,nan
LCMV,-10,15,deep_plus_two_surface,case_weighted_within_scenario,34,1,0.8261823980748327,0.6794078249879205,1.9350879974292847,40.129844248773054,42.22431592128851,17.171832806117532,9.39179668663883,0.17647058823529413,2.357022589676961,373.7647058823529,40.129844248773054,42.22431592128851,17.171832806117532,9.39179668663883,0.14705882352941177,nan,nan
LCMV,-10,15,surface_only,case_weighted_within_scenario,68,1,0.5716648343801605,0.6748909562924706,1.9814045162692613,55.21820215072545,54.230937590531575,nan,nan,0.0,nan,411.36764705882354,55.21820215072545,54.230937590531575,nan,nan,nan,1.0,nan
LCMV,-10,20,deep_only,case_weighted_within_scenario,16,1,1.0,1.0,0.8957031665142938,nan,nan,0.0,0.0,0.4375,0.0,283.1875,nan,nan,0.0,0.0,0.4375,nan,nan
LCMV,-10,20,deep_plus_surface,case_weighted_within_scenario,68,1,0.8731739658221432,0.7019781107986169,1.9029673870893669,54.80736317249665,54.49016370578579,12.742918119344074,4.9337906376813825,0.825523054649526,3.0808802336059005,287.79411764705884,54.80736317249665,54.49016370578579,12.742918119344074,4.9337906376813825,0.8088235294117647,nan,nan
LCMV,-10,20,deep_plus_two_surface,case_weighted_within_scenario,34,1,0.8360155713507115,0.6853439785441539,1.9087283637313746,40.0277529369753,43.217697819602876,14.609475396450243,6.786606719918668,0.8167180564772063,4.051767059320078,330.1470588235294,40.0277529369753,43.217697819602876,14.609475396450243,6.786606719918668,0.8235294117647058,nan,nan
LCMV,-10,20,surface_only,case_weighted_within_scenario,68,1,0.575543965729297,0.6767354487508216,1.9846783367462255,55.40952324549515,51.17577882086781,nan,nan,0.18124658006928912,nan,387.54411764705884,55.40952324549515,51.17577882086781,nan,nan,nan,0.5588235294117647,nan
LCMV,-5,-10,deep_only,case_weighted_within_scenario,16,1,0.975,0.9972547584187408,1.9366345388238233,nan,nan,19.115335204016787,8.881724572422614,0.0,nan,766.375,nan,nan,19.115335204016787,8.881724572422614,0.0,nan,nan
LCMV,-5,-10,deep_plus_surface,case_weighted_within_scenario,68,1,0.8219510737965287,0.6758760339086722,1.9594414241834404,60.57422164803243,61.204354661120924,23.3041156769785,20.190874136490944,0.0,nan,1528.1617647058824,60.57422164803243,61.204354661120924,23.3041156769785,20.190874136490944,0.0,nan,nan
LCMV,-5,-10,deep_plus_two_surface,case_weighted_within_scenario,34,1,0.7930138720873413,0.642505642174653,1.958697880025127,43.02706205552219,48.58326937373303,23.919180246246107,22.046612735736154,0.0,nan,1761.4705882352941,43.02706205552219,48.58326937373303,23.919180246246107,22.046612735736154,0.0,nan,nan
LCMV,-5,-10,surface_only,case_weighted_within_scenario,68,1,0.5874263054769495,0.6686991951684655,1.9553518060478878,61.656856164752355,63.03536412559626,nan,nan,0.0,nan,1629.7941176470588,61.656856164752355,63.03536412559626,nan,nan,nan,1.0,nan
LCMV,-5,-5,deep_only,case_weighted_within_scenario,16,1,0.990625,0.9991348329562093,1.9136893170185283,nan,nan,16.78418031461055,3.9016504798214084,0.0,nan,593.0,nan,nan,16.78418031461055,3.9016504798214084,0.0,nan,nan
LCMV,-5,-5,deep_plus_surface,case_weighted_within_scenario,68,1,0.8230272245038951,0.6768360919896853,1.9582323308084062,59.45999348987584,60.624854749914874,22.961645964257507,20.15627052489808,0.0,nan,1323.3088235294117,59.45999348987584,60.624854749914874,22.961645964257507,20.15627052489808,0.0,nan,nan
LCMV,-5,-5,deep_plus_two_surface,case_weighted_within_scenario,34,1,0.8036654508313724,0.6497978474865022,1.955102438794455,41.94936590018716,45.42022692124576,22.7034535861695,15.385920097249382,0.0,nan,1357.8823529411766,41.94936590018716,45.42022692124576,22.7034535861695,15.385920097249382,0.0,nan,nan
LCMV,-5,-5,surface_only,case_weighted_within_scenario,68,1,0.5745895636674511,0.6629892709895486,1.954910403336757,59.37044193910666,54.89568654343759,nan,nan,0.0,nan,1297.235294117647,59.37044193910666,54.89568654343759,nan,nan,nan,1.0,nan
LCMV,-5,0,deep_only,case_weighted_within_scenario,16,1,1.0,0.9999334486889392,1.845709466330801,nan,nan,11.958872036281342,2.500000047224834,0.0,nan,420.875,nan,nan,11.958872036281342,2.500000047224834,0.0,nan,nan
LCMV,-5,0,deep_plus_surface,case_weighted_within_scenario,68,1,0.8335361989229579,0.6827558970129531,1.9576782809206592,57.42547711382064,55.558556947927876,21.988442296502107,15.9719629912353,0.0,nan,989.1764705882352,57.42547711382064,55.558556947927876,21.988442296502107,15.9719629912353,0.0,nan,nan
LCMV,-5,0,deep_plus_two_surface,case_weighted_within_scenario,34,1,0.8072406430722554,0.665114775202233,1.9543284612620924,41.08263725355261,45.511769630599666,22.748468360237364,16.84192744222583,0.0,nan,1107.1176470588234,41.08263725355261,45.511769630599666,22.748468360237364,16.84192744222583,0.0,nan,nan
LCMV,-5,0,surface_only,case_weighted_within_scenario,68,1,0.5746618271043807,0.6683179226939411,1.9603933922506636,57.59914240937793,50.23741371565692,nan,nan,0.0,nan,1098.0441176470588,57.59914240937793,50.23741371565692,nan,nan,nan,1.0,nan
LCMV,-5,5,deep_only,case_weighted_within_scenario,16,1,1.0,1.0,1.7430479840485344,nan,nan,6.09513183045892,0.0,0.0,nan,305.1875,nan,nan,6.09513183045892,0.0,0.0,nan,nan
LCMV,-5,5,deep_plus_surface,case_weighted_within_scenario,68,1,0.8383579673884822,0.6907735448509358,1.957065238923084,56.42090674629024,53.314391846628965,20.579683606231637,11.947851593029325,0.0,nan,744.3529411764706,56.42090674629024,53.314391846628965,20.579683606231637,11.947851593029325,0.0,nan,nan
LCMV,-5,5,deep_plus_two_surface,case_weighted_within_scenario,34,1,0.8155007761771759,0.6764173849721357,1.9544296275848458,40.8366012153477,46.37018034124701,22.035199248278293,17.888696434514383,0.0,nan,848.1764705882352,40.8366012153477,46.37018034124701,22.035199248278293,17.888696434514383,0.0,nan,nan
LCMV,-5,5,surface_only,case_weighted_within_scenario,68,1,0.5792554103097166,0.6768675176100984,1.9668687253097759,56.14143838850468,52.587132280563566,nan,nan,0.0,nan,762.2352941176471,56.14143838850468,52.587132280563566,nan,nan,nan,1.0,nan
LCMV,-5,10,deep_only,case_weighted_within_scenario,16,1,1.0,1.0,1.5731246164342019,nan,nan,2.8833972806403496,0.0,0.0,nan,278.875,nan,nan,2.8833972806403496,0.0,0.0,nan,nan
LCMV,-5,10,deep_plus_surface,case_weighted_within_scenario,68,1,0.8513805127857319,0.6997195649718823,1.9521924339488956,55.357030284535945,51.41793599118036,19.40491484237942,10.885628039825233,0.0,nan,518.0294117647059,55.357030284535945,51.41793599118036,19.40491484237942,10.885628039825233,0.0,nan,nan
LCMV,-5,10,deep_plus_two_surface,case_weighted_within_scenario,34,1,0.8204159626272194,0.6804607669232178,1.9480530619758327,40.00332260595771,43.65725537523519,20.088321538351515,12.719250716800355,0.0,nan,563.4411764705883,40.00332260595771,43.65725537523519,20.088321538351515,12.719250716800355,0.0,nan,nan
LCMV,-5,10,surface_only,case_weighted_within_scenario,68,1,0.5786456653402242,0.6798929441048787,1.9751904438022185,55.58256553954612,54.177211302399364,nan,nan,0.0,nan,564.2058823529412,55.58256553954612,54.177211302399364,nan,nan,nan,1.0,nan
LCMV,-5,15,deep_only,case_weighted_within_scenario,16,1,1.0,1.0,1.31956968246452,nan,nan,0.41856083096406904,0.0,0.0,nan,272.9375,nan,nan,0.41856083096406904,0.0,0.0,nan,nan
LCMV,-5,15,deep_plus_surface,case_weighted_within_scenario,68,1,0.8647408507606489,0.6968812558784881,1.9361033885474919,55.179732878667494,52.74236712261638,16.500965402390662,5.542390501568715,0.1323529411764706,1.5713483474557561,411.6029411764706,55.179732878667494,52.74236712261638,16.500965402390662,5.542390501568715,0.11764705882352941,nan,nan
LCMV,-5,15,deep_plus_two_surface,case_weighted_within_scenario,34,1,0.8319325268528313,0.6861692475120702,1.9359686390608246,40.18895639492888,44.40551273851617,17.575993322476624,8.350676470696838,0.08823529411764706,0.0,437.94117647058823,40.18895639492888,44.40551273851617,17.575993322476624,8.350676470696838,0.08823529411764706,nan,nan
LCMV,-5,15,surface_only,case_weighted_within_scenario,68,1,0.5741841844427565,0.6757614319408933,1.9817013191880803,55.69493802793332,49.84090146124162,nan,nan,0.0,nan,489.69117647058823,55.69493802793332,49.84090146124162,nan,nan,nan,1.0,nan
LCMV,-5,20,deep_only,case_weighted_within_scenario,16,1,1.0,1.0,0.8963125525515303,nan,nan,0.0,0.0,0.5625,0.0,262.375,nan,nan,0.0,0.0,0.5625,nan,nan
LCMV,-5,20,deep_plus_surface,case_weighted_within_scenario,68,1,0.8741707118836625,0.6986074187796034,1.9018415761653122,54.8651071620383,53.81131330242005,12.771109983703012,3.4395448549366208,0.8037370521065391,2.0048181468272555,317.95588235294116,54.8651071620383,53.81131330242005,12.771109983703012,3.4395448549366208,0.8235294117647058,nan,nan
LCMV,-5,20,deep_plus_two_surface,case_weighted_within_scenario,34,1,0.8379004296706241,0.6863464554039844,1.9057684577044602,40.20727476107018,41.29178871560236,14.349373623086267,4.99255631824483,0.8104983293255859,3.9181497777798113,352.02941176470586,40.20727476107018,41.29178871560236,14.349373623086267,4.99255631824483,0.8529411764705882,nan,nan
LCMV,-5,20,surface_only,case_weighted_within_scenario,68,1,0.5715198282343996,0.67266125133193,1.9844183423229964,55.554447620842865,48.96371784032914,nan,nan,0.18229582666518704,nan,423.54411764705884,55.554447620842865,48.96371784032914,nan,nan,nan,0.5882352941176471,nan
LCMV,0,-10,deep_only,case_weighted_within_scenario,16,1,0.99875,0.9997254758418741,1.9132687444601904,nan,nan,17.84454849628513,4.160533826458938,0.0,nan,950.0625,nan,nan,17.84454849628513,4.160533826458938,0.0,nan,nan
LCMV,0,-10,deep_plus_surface,case_weighted_within_scenario,68,1,0.8339080117081308,0.6831605325569776,1.9551305244676953,60.49010500829421,55.82733735111149,22.744383764075657,16.763219947567865,0.0,nan,1429.9264705882354,60.49010500829421,55.82733735111149,22.744383764075657,16.763219947567865,0.0,nan,nan
LCMV,0,-10,deep_plus_two_surface,case_weighted_within_scenario,34,1,0.8085364194000731,0.6624620140176213,1.9509698794587356,42.89962946443449,47.86098686233476,23.496875062154352,18.651702792955536,0.0,nan,1647.6176470588234,42.89962946443449,47.86098686233476,23.496875062154352,18.651702792955536,0.0,nan,nan
LCMV,0,-10,surface_only,case_weighted_within_scenario,68,1,0.5892854661547418,0.6689931203917883,1.9541618917720802,61.05744543039697,56.271313382732984,nan,nan,0.0,nan,1448.8088235294117,61.05744543039697,56.271313382732984,nan,nan,nan,1.0,nan
LCMV,0,-5,deep_only,case_weighted_within_scenario,16,1,1.0,0.9999417676028218,1.8785676133781424,nan,nan,14.562939151115724,0.8838835053825643,0.0,nan,633.125,nan,nan,14.562939151115724,0.8838835053825643,0.0,nan,nan
LCMV,0,-5,deep_plus_surface,case_weighted_within_scenario,68,1,0.8361686057457761,0.6789693708151132,1.9557142554031117,60.22270860938878,55.524383226959884,22.88892116540331,17.872044235950742,0.0,nan,1386.25,60.22270860938878,55.524383226959884,22.88892116540331,17.872044235950742,0.0,nan,nan
LCMV,0,-5,deep_plus_two_surface,case_weighted_within_scenario,34,1,0.8107342383616106,0.662566965645548,1.9509449344597765,42.53946189901828,44.244414934714385,23.18269913901537,18.264547796205864,0.0,nan,1582.6176470588234,42.53946189901828,44.244414934714385,23.18269913901537,18.264547796205864,0.0,nan,nan
LCMV,0,-5,surface_only,case_weighted_within_scenario,68,1,0.5829883532724308,0.6644772053045843,1.9557895779621808,59.88722568407452,53.62577869201271,nan,nan,0.0,nan,1367.5294117647059,59.88722568407452,53.62577869201271,nan,nan,nan,1.0,nan
LCMV,0,0,deep_only,case_weighted_within_scenario,16,1,1.0,0.9999916810861174,1.8309181993917882,nan,nan,11.2825114043957,0.0,0.0,nan,488.75,nan,nan,11.2825114043957,0.0,0.0,nan,nan
LCMV,0,0,deep_plus_surface,case_weighted_within_scenario,68,1,0.8501273113072711,0.6858089361377001,1.9546089079739115,58.28056669163718,52.47002363825558,21.804429246070995,14.010781390857154,0.0,nan,1141.8529411764705,58.28056669163718,52.47002363825558,21.804429246070995,14.010781390857154,0.0,nan,nan
LCMV,0,0,deep_plus_two_surface,case_weighted_within_scenario,34,1,0.8199246325525144,0.672857088298091,1.9491904536493636,41.160878467621416,40.949535762765834,22.374059350440838,16.180605181261882,0.0,nan,1286.1764705882354,41.160878467621416,40.949535762765834,22.374059350440838,16.180605181261882,0.0,nan,nan
LCMV,0,0,surface_only,case_weighted_within_scenario,68,1,0.5904886917104477,0.6741724477922993,1.9587528218390233,58.28300996469744,53.958791408175955,nan,nan,0.0,nan,1294.2941176470588,58.28300996469744,53.958791408175955,nan,nan,nan,1.0,nan
LCMV,0,5,deep_only,case_weighted_within_scenario,16,1,1.0,1.0,1.7229042805581725,nan,nan,6.555135186864113,0.0,0.0,nan,361.625,nan,nan,6.555135186864113,0.0,0.0,nan,nan
LCMV,0,5,deep_plus_surface,case_weighted_within_scenario,68,1,0.8534486228975232,0.6888741420095102,1.953533452387478,56.8236642641171,49.685046253698374,21.01795643689673,12.175062494676066,0.0,nan,907.9117647058823,56.8236642641171,49.685046253698374,21.01795643689673,12.175062494676066,0.0,nan,nan
LCMV,0,5,deep_plus_two_surface,case_weighted_within_scenario,34,1,0.8230446925630827,0.6727720562161785,1.948713253908616,40.12948048623201,39.26420935321693,21.55100635639147,13.919835999343924,0.0,nan,938.1764705882352,40.12948048623201,39.26420935321693,21.55100635639147,13.919835999343924,0.0,nan,nan
LCMV,0,5,surface_only,case_weighted_within_scenario,68,1,0.5812662137988917,0.6720606750695257,1.9670557161791242,57.43304498483434,50.111079884132835,nan,nan,0.0,nan,1001.8235294117648,57.43304498483434,50.111079884132835,nan,nan,nan,1.0,nan
LCMV,0,10,deep_only,case_weighted_within_scenario,16,1,1.0,1.0,1.5407290254128192,nan,nan,2.9534233366954723,0.0,0.0,nan,320.1875,nan,nan,2.9534233366954723,0.0,0.0,nan,nan
LCMV,0,10,deep_plus_surface,case_weighted_within_scenario,68,1,0.8621324104834013,0.6976916073383288,1.9489813398119882,55.955116815711754,54.00594967267912,18.989185805216575,9.598155296344885,0.0,nan,682.9117647058823,55.955116815711754,54.00594967267912,18.989185805216575,9.598155296344885,0.0,nan,nan
LCMV,0,10,deep_plus_two_surface,case_weighted_within_scenario,34,1,0.8300569946213923,0.6787954590505569,1.9414466819056126,39.751636980419086,43.3749966649151,19.682615897567235,11.549558336878924,0.0,nan,704.8823529411765,39.751636980419086,43.3749966649151,19.682615897567235,11.549558336878924,0.0,nan,nan
LCMV,0,10,surface_only,case_weighted_within_scenario,68,1,0.5823241535496972,0.679085472738368,1.9746061550576248,56.26757124006444,50.22794490820678,nan,nan,0.0,nan,847.9852941176471,56.26757124006444,50.22794490820678,nan,nan,nan,1.0,nan
LCMV,0,15,deep_only,case_weighted_within_scenario,16,1,1.0,1.0,1.279781118299176,nan,nan,0.5172506582707644,0.0,0.0,nan,275.75,nan,nan,0.5172506582707644,0.0,0.0,nan,nan
LCMV,0,15,deep_plus_surface,case_weighted_within_scenario,68,1,0.8701239863426727,0.6955632220427423,1.9320698943226153,55.15774922480515,54.139337344959394,16.172196021449867,6.218236670714189,0.1258463883056437,1.1111111320999258,489.69117647058823,55.15774922480515,54.139337344959394,16.172196021449867,6.218236670714189,0.1323529411764706,nan,nan
LCMV,0,15,deep_plus_two_surface,case_weighted_within_scenario,34,1,0.8364523507510543,0.6877298271836606,1.9309663758189421,39.78343865092704,42.2955445699705,17.54656934154079,7.764374269868417,0.08823529411764706,0.0,530.1176470588235,39.78343865092704,42.2955445699705,17.54656934154079,7.764374269868417,0.08823529411764706,nan,nan
LCMV,0,15,surface_only,case_weighted_within_scenario,68,1,0.5746528764007425,0.6738038747053171,1.980941135870818,55.72486693006217,52.10565023097653,nan,nan,0.0,nan,631.0588235294117,55.72486693006217,52.10565023097653,nan,nan,nan,1.0,nan
LCMV,0,20,deep_only,case_weighted_within_scenario,16,1,1.0,1.0,0.9056055792852163,nan,nan,0.0,0.0,0.5,0.0,287.6875,nan,nan,0.0,0.0,0.5,nan,nan
LCMV,0,20,deep_plus_surface,case_weighted_within_scenario,68,1,0.8735450707606024,0.6966121959147615,1.9013674737475394,55.004493517558394,53.87208951015237,12.68077460641216,4.317031072828463,0.8104998142907961,2.8010406664406466,359.5,55.004493517558394,53.87208951015237,12.68077460641216,4.317031072828463,0.7794117647058824,nan,nan
LCMV,0,20,deep_plus_two_surface,case_weighted_within_scenario,34,1,0.8426506673645797,0.6918867460985817,1.9028566857122717,39.93790001602054,42.952984786870225,13.935787327306011,4.820266187474457,0.8295751470040195,1.2903225795500504,399.02941176470586,39.93790001602054,42.952984786870225,13.935787327306011,4.820266187474457,0.9117647058823529,nan,nan
LCMV,0,20,surface_only,case_weighted_within_scenario,68,1,0.5754857565356813,0.6756141239980739,1.9840353534158974,55.5223506176067,49.05121374685976,nan,nan,0.19158389884021162,nan,497.9852941176471,55.5223506176067,49.05121374685976,nan,nan,nan,0.6029411764705882,nan
LCMV,5,-10,deep_only,case_weighted_within_scenario,16,1,0.999375,0.9999833621722348,1.8737749651452669,nan,nan,14.951356188621165,0.8838835053825643,0.0,nan,701.125,nan,nan,14.951356188621165,0.8838835053825643,0.0,nan,nan
LCMV,5,-10,deep_plus_surface,case_weighted_within_scenario,68,1,0.8445689662568042,0.6853869305304039,1.9519554876614549,60.57307135573454,56.67209810007994,22.237493546062552,13.669868274983768,0.0,nan,1144.6911764705883,60.57307135573454,56.67209810007994,22.237493546062552,13.669868274983768,0.0,nan,nan
LCMV,5,-10,deep_plus_two_surface,case_weighted_within_scenario,34,1,0.8151611773850184,0.6763334983532409,1.9467455207210382,42.196264615230724,41.23978011938687,23.0559087934525,16.35672990016153,0.0,nan,1312.9117647058824,42.196264615230724,41.23978011938687,23.0559087934525,16.35672990016153,0.0,nan,nan
LCMV,5,-10,surface_only,case_weighted_within_scenario,68,1,0.5830283503356071,0.6666315781034969,1.956962833924031,60.06689661987745,52.993136399059395,nan,nan,0.0,nan,1346.6617647058824,60.06689661987745,52.993136399059395,nan,nan,nan,1.0,nan
LCMV,5,-5,deep_only,case_weighted_within_scenario,16,1,1.0,0.9999750432583523,1.8564589986348463,nan,nan,13.589403795935217,1.7075317352729502,0.0,nan,698.125,nan,nan,13.589403795935217,1.7075317352729502,0.0,nan,nan
LCMV,5,-5,deep_plus_surface,case_weighted_within_scenario,68,1,0.8502212390575218,0.6845578890816566,1.9528092599982372,59.9763179369453,53.77725823731478,22.321444669642524,15.663814908619077,0.0,nan,1240.0294117647059,59.9763179369453,53.77725823731478,22.321444669642524,15.663814908619077,0.0,nan,nan
LCMV,5,-5,deep_plus_two_surface,case_weighted_within_scenario,34,1,0.8214517352791674,0.6726151393309721,1.9445191184015145,41.266025454844865,38.7825383940247,23.128110831194203,17.763983959397564,0.0,nan,1341.9411764705883,41.266025454844865,38.7825383940247,23.128110831194203,17.763983959397564,0.0,nan,nan
LCMV,5,-5,surface_only,case_weighted_within_scenario,68,1,0.5923983425362943,0.6720650129279533,1.9588647212291979,59.29504997419897,54.05468206114002,nan,nan,0.0,nan,1320.1617647058824,59.29504997419897,54.05468206114002,nan,nan,nan,1.0,nan
LCMV,5,0,deep_only,case_weighted_within_scenario,16,1,1.0,1.0,1.7995983102504693,nan,nan,9.585959661988724,0.0,0.0,nan,550.75,nan,nan,9.585959661988724,0.0,0.0,nan,nan
LCMV,5,0,deep_plus_surface,case_weighted_within_scenario,68,1,0.8615830421205676,0.6931261378078091,1.951719366809563,58.83953369220626,51.62297351700359,21.445192477707266,13.23748444254387,0.0,nan,1128.9558823529412,58.83953369220626,51.62297351700359,21.445192477707266,13.23748444254387,0.0,nan,nan
LCMV,5,0,deep_plus_two_surface,case_weighted_within_scenario,34,1,0.8287601405970774,0.6712770815744404,1.9436470278451248,40.47611531465362,42.59218699632362,22.304229357480498,13.763583476866653,0.0,nan,1203.4705882352941,40.47611531465362,42.59218699632362,22.304229357480498,13.763583476866653,0.0,nan,nan
LCMV,5,0,surface_only,case_weighted_within_scenario,68,1,0.5884538996110598,0.6669431479972229,1.962333156217644,58.2447908565537,50.16661098253624,nan,nan,0.0,nan,1279.5,58.2447908565537,50.16661098253624,nan,nan,nan,1.0,nan
LCMV,5,5,deep_only,case_weighted_within_scenario,16,1,1.0,1.0,1.7120952400181948,nan,nan,4.86983422403304,0.0,0.0,nan,458.5625,nan,nan,4.86983422403304,0.0,0.0,nan,nan
LCMV,5,5,deep_plus_surface,case_weighted_within_scenario,68,1,0.867442837666756,0.681653604163018,1.9500733854405459,57.40885733599379,51.76240329452393,20.411447902853915,9.901274313566105,0.0,nan,998.7941176470588,57.40885733599379,51.76240329452393,20.411447902853915,9.901274313566105,0.0,nan,nan
LCMV,5,5,deep_plus_two_surface,case_weighted_within_scenario,34,1,0.8332982097365724,0.6767917009158072,1.9421931251532034,39.71229766487217,39.60409287648831,21.24669626503476,12.320911327494498,0.0,nan,1066.6470588235295,39.71229766487217,39.60409287648831,21.24669626503476,12.320911327494498,0.0,nan,nan
LCMV,5,5,surface_only,case_weighted_within_scenario,68,1,0.5765162061465141,0.6629236377529851,1.9684454285309787,57.28792715451172,51.64601530132063,nan,nan,0.0,nan,1164.3823529411766,57.28792715451172,51.64601530132063,nan,nan,nan,1.0,nan
LCMV,5,10,deep_only,case_weighted_within_scenario,16,1,1.0,1.0,1.541048284725406,nan,nan,2.562530130978592,0.0,0.0,nan,388.875,nan,nan,2.562530130978592,0.0,0.0,nan,nan
LCMV,5,10,deep_plus_surface,case_weighted_within_scenario,68,1,0.8739759011332067,0.6965060234021548,1.9442300784702407,56.27876761263981,53.273051247199255,18.616521080847225,6.084110826796598,0.0,nan,830.8088235294117,56.27876761263981,53.273051247199255,18.616521080847225,6.084110826796598,0.0,nan,nan
LCMV,5,10,deep_plus_two_surface,case_weighted_within_scenario,34,1,0.8413751958789126,0.6859794761093096,1.9362806687230094,39.67187819005775,42.95234883185453,19.31993843637646,8.729462584988475,0.0,nan,801.7058823529412,39.67187819005775,42.95234883185453,19.31993843637646,8.729462584988475,0.0,nan,nan
LCMV,5,10,surface_only,case_weighted_within_scenario,68,1,0.575464605460076,0.6661390098791347,1.9755974844777289,56.54647084618317,47.339196751687396,nan,nan,0.0,nan,1085.1764705882354,56.54647084618317,47.339196751687396,nan,nan,nan,1.0,nan
LCMV,5,15,deep_only,case_weighted_within_scenario,16,1,1.0,1.0,1.2818764868437564,nan,nan,0.20655565194849795,0.0,0.0,nan,316.125,nan,nan,0.20655565194849795,0.0,0.0,nan,nan
LCMV,5,15,deep_plus_surface,case_weighted_within_scenario,68,1,0.8761109516919472,0.6982289889953188,1.9251204575077916,55.43266736354205,56.49875570438593,15.700383880308452,4.632836485169207,0.19117647058823528,1.0878565482386005,593.5588235294117,55.43266736354205,56.49875570438593,15.700383880308452,4.632836485169207,0.17647058823529413,nan,nan
LCMV,5,15,deep_plus_two_surface,case_weighted_within_scenario,34,1,0.8405951672382819,0.6824091257461709,1.9245377252049447,39.1959309624029,39.13361400264446,17.355205668318977,7.570398853722089,0.14705882352941177,0.0,593.0882352941177,39.1959309624029,39.13361400264446,17.355205668318977,7.570398853722089,0.14705882352941177,nan,nan
LCMV,5,15,surface_only,case_weighted_within_scenario,68,1,0.5769524549094165,0.6715321842208548,1.9813885672477975,56.0388984264781,48.61597217012914,nan,nan,0.0,nan,853.5882352941177,56.0388984264781,48.61597217012914,nan,nan,nan,1.0,nan
LCMV,5,20,deep_only,case_weighted_within_scenario,16,1,1.0,1.0,0.8658628687762577,nan,nan,0.0,0.0,0.625,0.0,298.125,nan,nan,0.0,0.0,0.625,nan,nan
LCMV,5,20,deep_plus_surface,case_weighted_within_scenario,68,1,0.8784897840305765,0.696850322092497,1.8941564523630385,54.970441111622804,55.81751197447837,12.288749300431784,3.580733024531603,0.8978496479316443,2.2391022652005117,430.6764705882353,54.970441111622804,55.81751197447837,12.288749300431784,3.580733024531603,0.8529411764705882,nan,nan
LCMV,5,20,deep_plus_two_surface,case_weighted_within_scenario,34,1,0.842192432705656,0.6845895003465854,1.8980825179115797,39.790440288920834,43.05383051497843,14.334300814602036,4.647976082870668,0.8648238659024248,2.316941767128119,455.5882352941176,39.790440288920834,43.05383051497843,14.334300814602036,4.647976082870668,0.9117647058823529,nan,nan
LCMV,5,20,surface_only,case_weighted_within_scenario,68,1,0.5724856315423538,0.6709193786919301,1.9842346553547245,55.73554208413492,48.44975031647461,nan,nan,0.22855236703211082,nan,641.2794117647059,55.73554208413492,48.44975031647461,nan,nan,nan,0.5294117647058824,nan
LCMV,10,-10,deep_only,case_weighted_within_scenario,16,1,1.0,1.0,1.8147748784087645,nan,nan,8.579673856301607,0.0,0.0,nan,696.3125,nan,nan,8.579673856301607,0.0,0.0,nan,nan
LCMV,10,-10,deep_plus_surface,case_weighted_within_scenario,68,1,0.8648194581861391,0.694262646137523,1.9477903320435932,59.90755970253571,53.98138188719197,21.332641667922314,10.071150072164965,0.0,nan,904.4705882352941,59.90755970253571,53.98138188719197,21.332641667922314,10.071150072164965,0.0,nan,nan
LCMV,10,-10,deep_plus_two_surface,case_weighted_within_scenario,34,1,0.8283649469832649,0.6717666380973927,1.9388830622549624,41.039010443937485,40.16768940008575,21.749823931861165,9.880948828710055,0.0,nan,969.2352941176471,41.039010443937485,40.16768940008575,21.749823931861165,9.880948828710055,0.0,nan,nan
LCMV,10,-10,surface_only,case_weighted_within_scenario,68,1,0.5942163083355643,0.6751794995049094,1.962621965147755,58.08970691305556,50.7282077065855,nan,nan,0.0,nan,1128.5294117647059,58.08970691305556,50.7282077065855,nan,nan,nan,1.0,nan
LCMV,10,-5,deep_only,case_weighted_within_scenario,16,1,1.0,1.0,1.8013417136722054,nan,nan,8.60054695258509,0.0,0.0,nan,572.875,nan,nan,8.60054695258509,0.0,0.0,nan,nan
LCMV,10,-5,deep_plus_surface,case_weighted_within_scenario,68,1,0.8661992829145635,0.6831099483344015,1.9473636686562648,58.95664825574751,50.22660172981546,21.17529038927284,8.530669159669406,0.0,nan,977.4264705882352,58.95664825574751,50.22660172981546,21.17529038927284,8.530669159669406,0.0,nan,nan
LCMV,10,-5,deep_plus_two_surface,case_weighted_within_scenario,34,1,0.8333924469662414,0.6825946129739305,1.9399202107291964,39.51059906886988,37.60421317448645,21.65892346572076,10.918647422321724,0.0,nan,910.4411764705883,39.51059906886988,37.60421317448645,21.65892346572076,10.918647422321724,0.0,nan,nan
LCMV,10,-5,surface_only,case_weighted_within_scenario,68,1,0.5876180290560423,0.670983925169595,1.9649380093946613,58.03030552594721,52.94658279215821,nan,nan,0.0,nan,1190.8676470588234,58.03030552594721,52.94658279215821,nan,nan,nan,1.0,nan
LCMV,10,0,deep_only,case_weighted_within_scenario,16,1,1.0,1.0,1.7412558873577222,nan,nan,5.3203935053714755,0.0,0.0,nan,622.375,nan,nan,5.3203935053714755,0.0,0.0,nan,nan
LCMV,10,0,deep_plus_surface,case_weighted_within_scenario,68,1,0.8690445595570617,0.687576012030705,1.9448328877753553,58.03770943816711,51.182040714309665,20.313824669263756,8.014614285901116,0.0,nan,936.6470588235294,58.03770943816711,51.182040714309665,20.313824669263756,8.014614285901116,0.0,nan,nan
LCMV,10,0,deep_plus_two_surface,case_weighted_within_scenario,34,1,0.8359602703863134,0.674185278920919,1.935168827483072,39.89261683241051,39.95765753765633,21.042777568414266,7.053585506369987,0.0,nan,847.2647058823529,39.89261683241051,39.95765753765633,21.042777568414266,7.053585506369987,0.0,nan,nan
LCMV,10,0,surface_only,case_weighted_within_scenario,68,1,0.585253075734394,0.6644033468838131,1.9673049127622373,57.402308728895214,50.96915749273472,nan,nan,0.0,nan,1244.4705882352941,57.402308728895214,50.96915749273472,nan,nan,nan,1.0,nan
LCMV,10,5,deep_only,case_weighted_within_scenario,16,1,1.0,1.0,1.6319834339811834,nan,nan,2.9839983043819664,0.0,0.0,nan,521.0,nan,nan,2.9839983043819664,0.0,0.0,nan,nan
LCMV,10,5,deep_plus_surface,case_weighted_within_scenario,68,1,0.8715712983474738,0.6806835843626877,1.9413925338427613,57.36684640474188,48.88541528660202,19.26747548151704,6.603964284043438,0.0,nan,895.6617647058823,57.36684640474188,48.88541528660202,19.26747548151704,6.603964284043438,0.0,nan,nan
LCMV,10,5,deep_plus_two_surface,case_weighted_within_scenario,34,1,0.8407811538182548,0.6753065305127643,1.9349127749097845,38.31871579053085,38.875886683024746,20.164077497924634,7.85707271267723,0.0,nan,787.0588235294117,38.31871579053085,38.875886683024746,20.164077497924634,7.85707271267723,0.0,nan,nan
LCMV,10,5,surface_only,case_weighted_within_scenario,68,1,0.587316223906413,0.6688720661541459,1.9716592683658245,57.080716432737404,50.938310155745825,nan,nan,0.0,nan,1238.5441176470588,57.080716432737404,50.938310155745825,nan,nan,nan,1.0,nan
LCMV,10,10,deep_only,case_weighted_within_scenario,16,1,1.0,1.0,1.4518791452239541,nan,nan,0.28631985798636245,0.0,0.0,nan,530.125,nan,nan,0.28631985798636245,0.0,0.0,nan,nan
LCMV,10,10,deep_plus_surface,case_weighted_within_scenario,68,1,0.8785257305173174,0.6845183615823622,1.931677992755775,55.937841248025855,48.24001267085612,17.505669869196268,4.500396802258617,0.0,nan,766.4411764705883,55.937841248025855,48.24001267085612,17.505669869196268,4.500396802258617,0.0,nan,nan
LCMV,10,10,deep_plus_two_surface,case_weighted_within_scenario,34,1,0.842257104886923,0.6804236222736021,1.9268504922395793,37.81579717960769,38.62218880359358,18.59924443545893,5.930666557304378,0.0,nan,742.3235294117648,37.81579717960769,38.62218880359358,18.59924443545893,5.930666557304378,0.0,nan,nan
LCMV,10,10,surface_only,case_weighted_within_scenario,68,1,0.577488983393131,0.662229633065379,1.97716499493728,56.79260530064633,50.59118030056215,nan,nan,0.0,nan,1240.3088235294117,56.79260530064633,50.59118030056215,nan,nan,nan,1.0,nan
LCMV,10,15,deep_only,case_weighted_within_scenario,16,1,1.0,1.0,1.2298853635871692,nan,nan,0.0,0.0,0.0,nan,430.25,nan,nan,0.0,0.0,0.0,nan,nan
LCMV,10,15,deep_plus_surface,case_weighted_within_scenario,68,1,0.8791384212186086,0.6900133456927935,1.9163486758436912,55.75869456289347,53.612893588697474,15.252802379410987,3.2724423999940866,0.29411764705882354,0.0,694.5735294117648,55.75869456289347,53.612893588697474,15.252802379410987,3.2724423999940866,0.29411764705882354,nan,nan
LCMV,10,15,deep_plus_two_surface,case_weighted_within_scenario,34,1,0.8471333907090317,0.6868150869089494,1.9136381361477373,38.34448614624311,38.16006301787374,16.46498842785654,3.2972821622080084,0.23529411764705882,0.0,599.8823529411765,38.34448614624311,38.16006301787374,16.46498842785654,3.2972821622080084,0.23529411764705882,nan,nan
LCMV,10,15,surface_only,case_weighted_within_scenario,68,1,0.5849534198224915,0.6732887192276675,1.9816028078438033,56.11380626150714,49.88756877369306,nan,nan,0.0,nan,1101.4705882352941,56.11380626150714,49.88756877369306,nan,nan,nan,1.0,nan
LCMV,10,20,deep_only,case_weighted_within_scenario,16,1,1.0,1.0,0.8592225870115837,nan,nan,0.0,0.0,0.4375,0.0,329.375,nan,nan,0.0,0.0,0.4375,nan,nan
LCMV,10,20,deep_plus_surface,case_weighted_within_scenario,68,1,0.8831275128256769,0.6954210531518981,1.8841513403299204,54.915801013464886,53.59971475459888,11.705893716119276,2.7184237158190716,0.8971699948624696,1.6520388212480634,496.5147058823529,54.915801013464886,53.59971475459888,11.705893716119276,2.7184237158190716,0.8676470588235294,nan,nan
LCMV,10,20,deep_plus_two_surface,case_weighted_within_scenario,34,1,0.8457344682613571,0.6856312914272472,1.885453058347064,38.472744944448074,41.953204291658764,13.417003836950942,1.5924157878623948,0.8846685712181513,0.3125000059031043,473.70588235294116,38.472744944448074,41.953204291658764,13.417003836950942,1.5924157878623948,0.9411764705882353,nan,nan
LCMV,10,20,surface_only,case_weighted_within_scenario,68,1,0.5755404367581493,0.6693659605339859,1.983844307944301,55.927592875212056,48.57912416370168,nan,nan,0.20120998050600902,nan,886.1470588235294,55.927592875212056,48.57912416370168,nan,nan,nan,0.5588235294117647,nan
LCMV,15,-10,deep_only,case_weighted_within_scenario,16,1,1.0,1.0,1.7053384502362916,nan,nan,4.531875470853812,0.0,0.0,nan,534.75,nan,nan,4.531875470853812,0.0,0.0,nan,nan
LCMV,15,-10,deep_plus_surface,case_weighted_within_scenario,68,1,0.8786947977084664,0.7024791585067955,1.9353133935873714,58.022412837798655,47.616479928283006,18.86431176578595,4.7834561820455646,0.029411764705882353,0.0,712.9411764705883,58.022412837798655,47.616479928283006,18.86431176578595,4.7834561820455646,0.029411764705882353,nan,nan
LCMV,15,-10,deep_plus_two_surface,case_weighted_within_scenario,34,1,0.8388818147489889,0.6833163574259935,1.9224588254085806,37.38537861442615,38.29692968672212,19.624609402810975,5.253247383125106,0.0,nan,602.8823529411765,37.38537861442615,38.29692968672212,19.624609402810975,5.253247383125106,0.0,nan,nan
LCMV,15,-10,surface_only,case_weighted_within_scenario,68,1,0.5907875223292357,0.6745131129382809,1.9705435485479181,57.147575865052154,54.17176463642587,nan,nan,0.0,nan,1099.3235294117646,57.147575865052154,54.17176463642587,nan,nan,nan,1.0,nan
LCMV,15,-5,deep_only,case_weighted_within_scenario,16,1,1.0,1.0,1.6607274137998873,nan,nan,2.1653868710005515,0.0,0.0,nan,633.5625,nan,nan,2.1653868710005515,0.0,0.0,nan,nan
LCMV,15,-5,deep_plus_surface,case_weighted_within_scenario,68,1,0.8767422906711557,0.6938562749788886,1.9328377860266832,59.02195273792251,51.42828330130269,18.479958822890357,4.741956163557782,0.029411764705882353,0.0,742.7647058823529,59.02195273792251,51.42828330130269,18.479958822890357,4.741956163557782,0.029411764705882353,nan,nan
LCMV,15,-5,deep_plus_two_surface,case_weighted_within_scenario,34,1,0.8434484192442084,0.6824601057515773,1.9244220399962857,37.81111627940799,39.980936513814974,19.40621043179662,4.260376906460563,0.029411764705882353,0.0,659.2352941176471,37.81111627940799,39.980936513814974,19.40621043179662,4.260376906460563,0.029411764705882353,nan,nan
LCMV,15,-5,surface_only,case_weighted_within_scenario,68,1,0.5868090888888674,0.669675763136086,1.9724147188691536,57.262988928523086,51.60725053582016,nan,nan,0.0,nan,1076.2205882352941,57.262988928523086,51.60725053582016,nan,nan,nan,1.0,nan
LCMV,15,0,deep_only,case_weighted_within_scenario,16,1,1.0,1.0,1.628364246698156,nan,nan,0.692127427688905,0.0,0.0,nan,463.4375,nan,nan,0.692127427688905,0.0,0.0,nan,nan
LCMV,15,0,deep_plus_surface,case_weighted_within_scenario,68,1,0.8746535170050658,0.68648517450854,1.931208798041378,59.15221263350674,50.59341034490917,18.09258321615916,5.199401325839018,0.029411764705882353,0.0,806.7794117647059,59.15221263350674,50.59341034490917,18.09258321615916,5.199401325839018,0.029411764705882353,nan,nan
LCMV,15,0,deep_plus_two_surface,case_weighted_within_scenario,34,1,0.842463137057007,0.6875731613786163,1.922522707835256,37.05311630283317,36.60397901656853,19.007461352073577,4.179635149137063,0.028459581658816395,0.0,626.1764705882352,37.05311630283317,36.60397901656853,19.007461352073577,4.179635149137063,0.029411764705882353,nan,nan
LCMV,15,0,surface_only,case_weighted_within_scenario,68,1,0.5881129398205093,0.6690276314603967,1.9738265798038,57.06457057284177,50.16046880850506,nan,nan,0.0,nan,1249.4264705882354,57.06457057284177,50.16046880850506,nan,nan,nan,1.0,nan
LCMV,15,5,deep_only,case_weighted_within_scenario,16,1,1.0,1.0,1.5225130825090423,nan,nan,0.2371673307807773,0.0,0.0,nan,465.75,nan,nan,0.2371673307807773,0.0,0.0,nan,nan
LCMV,15,5,deep_plus_surface,case_weighted_within_scenario,68,1,0.8812715005781664,0.6935354712921296,1.926449265276966,57.524788334974076,47.00741611004296,17.2711980681436,4.033334105465275,0.04411764705882353,0.0,713.25,57.524788334974076,47.00741611004296,17.2711980681436,4.033334105465275,0.04411764705882353,nan,nan
LCMV,15,5,deep_plus_two_surface,case_weighted_within_scenario,34,1,0.8408868832272661,0.6743551553307597,1.9174797985240255,36.798858884789816,37.75971180002777,18.045894453482727,5.202784722430764,0.04310986387550228,0.0,617.1764705882352,36.798858884789816,37.75971180002777,18.045894453482727,5.202784722430764,0.058823529411764705,nan,nan
LCMV,15,5,surface_only,case_weighted_within_scenario,68,1,0.5820837875045295,0.6625828627884145,1.976413126809345,56.95964085723235,52.630365355421795,nan,nan,0.0,nan,1249.235294117647,56.95964085723235,52.630365355421795,nan,nan,nan,1.0,nan
LCMV,15,10,deep_only,case_weighted_within_scenario,16,1,1.0,1.0,1.3773174158273718,nan,nan,0.0,0.0,0.0,nan,504.25,nan,nan,0.0,0.0,0.0,nan,nan
LCMV,15,10,deep_plus_surface,case_weighted_within_scenario,68,1,0.8825344659503869,0.682686210402142,1.9170917346145955,57.72603249328061,47.678316714920435,15.6249629310417,3.321331287496036,0.0719070405399804,0.0,740.8970588235294,57.72603249328061,47.678316714920435,15.6249629310417,3.321331287496036,0.07352941176470588,nan,nan
LCMV,15,10,deep_plus_two_surface,case_weighted_within_scenario,34,1,0.8442650809828921,0.6801088852517463,1.908542676183758,35.71470796015527,37.81088899709123,16.30794512769208,1.0041804644853674,0.08823529411764706,0.0,560.4411764705883,35.71470796015527,37.81088899709123,16.30794512769208,1.0041804644853674,0.08823529411764706,nan,nan
LCMV,15,10,surface_only,case_weighted_within_scenario,68,1,0.5930716342426905,0.6716988479006374,1.979837625745462,57.15331416537351,49.50212436140853,nan,nan,0.0,nan,1335.2794117647059,57.15331416537351,49.50212436140853,nan,nan,nan,1.0,nan
LCMV,15,15,deep_only,case_weighted_within_scenario,16,1,1.0,1.0,1.124780439529658,nan,nan,0.0,0.0,0.0,nan,461.375,nan,nan,0.0,0.0,0.0,nan,nan
LCMV,15,15,deep_plus_surface,case_weighted_within_scenario,68,1,0.8843658478270374,0.6887678213292817,1.8984750043307648,56.00148956638655,50.310092271151404,13.506778908203534,2.0636196971601874,0.4525132798575733,0.32258062578559854,594.3529411764706,56.00148956638655,50.310092271151404,13.506778908203534,2.0636196971601874,0.45588235294117646,nan,nan
LCMV,15,15,deep_plus_two_surface,case_weighted_within_scenario,34,1,0.8479437985731946,0.6843275661918569,1.8941522368971022,37.01506045446587,40.58963779395394,14.166996706471396,1.0041804786914585,0.48162004534910374,0.8318903548072986,499.5,37.01506045446587,40.58963779395394,14.166996706471396,1.0041804786914585,0.47058823529411764,nan,nan
LCMV,15,15,surface_only,case_weighted_within_scenario,68,1,0.5815809870951965,0.6656340792779477,1.9819682554818026,56.67910680451782,48.6643389626563,nan,nan,0.019608157668624424,nan,1350.1323529411766,56.67910680451782,48.6643389626563,nan,nan,nan,0.9558823529411765,nan
LCMV,15,20,deep_only,case_weighted_within_scenario,16,1,1.0,1.0,0.859947652006585,nan,nan,0.0,0.0,0.5,0.0,387.5625,nan,nan,0.0,0.0,0.5,nan,nan
LCMV,15,20,deep_plus_surface,case_weighted_within_scenario,68,1,0.8871970054289913,0.6966320911013012,1.863040601733142,54.623717624385236,51.36967324520442,10.19558766132103,1.4972853808076199,0.8736107554356778,0.5690356068253791,527.4117647058823,54.623717624385236,51.36967324520442,10.19558766132103,1.4972853808076199,0.8676470588235294,nan,nan
LCMV,15,20,deep_plus_two_surface,case_weighted_within_scenario,34,1,0.8457702345605682,0.6820557251181614,1.8679396360390579,37.35980568134615,41.16261347027284,12.508823134994993,0.7100627922769212,0.8922427590479313,0.7544417167942287,397.4117647058824,37.35980568134615,41.16261347027284,12.508823134994993,0.7100627922769212,0.9117647058823529,nan,nan
LCMV,15,20,surface_only,case_weighted_within_scenario,68,1,0.5886221891297111,0.676284238221118,1.9838913053108276,56.46327810101063,50.94554195004168,nan,nan,0.23895607229008692,nan,1184.735294117647,56.46327810101063,50.94554195004168,nan,nan,nan,0.5588235294117647,nan
LCMV,20,-10,deep_only,case_weighted_within_scenario,16,1,1.0,1.0,1.4769230338360133,nan,nan,0.19922848706314755,0.0,0.0,nan,594.1875,nan,nan,0.19922848706314755,0.0,0.0,nan,nan
LCMV,20,-10,deep_plus_surface,case_weighted_within_scenario,68,1,0.8837692157927628,0.7030208196423067,1.9042171629410058,57.823464765039986,48.27603922059542,14.32066402362298,0.8571216624145922,0.29139279538436563,1.0000000548548496,571.6617647058823,57.823464765039986,48.27603922059542,14.32066402362298,0.8571216624145922,0.29411764705882354,nan,nan
LCMV,20,-10,deep_plus_two_surface,case_weighted_within_scenario,34,1,0.8403260598145,0.6768906858241241,1.8936419443322057,34.88516624065058,38.02844159798871,15.57675890480754,2.639615226467038,0.4468435925700831,1.3412298100151427,382.02941176470586,34.88516624065058,38.02844159798871,15.57675890480754,2.639615226467038,0.5,nan,nan
LCMV,20,-10,surface_only,case_weighted_within_scenario,68,1,0.5909833767782179,0.6769020144526552,1.9767904605409896,56.98306406381414,52.739127483827644,nan,nan,0.015257917860918934,nan,1133.4411764705883,56.98306406381414,52.739127483827644,nan,nan,nan,0.9705882352941176,nan
LCMV,20,-5,deep_only,case_weighted_within_scenario,16,1,1.0,1.0,1.4526170099057307,nan,nan,0.5388788117353466,0.0,0.0,nan,594.8125,nan,nan,0.5388788117353466,0.0,0.0,nan,nan
LCMV,20,-5,deep_plus_surface,case_weighted_within_scenario,68,1,0.8790235872381439,0.6888582810521716,1.8980515943366305,57.76760231468775,48.40026497768973,13.737257369699924,0.7962079078272905,0.31747436587118555,0.45454547947947715,529.3088235294117,57.76760231468775,48.40026497768973,13.737257369699924,0.7962079078272905,0.3235294117647059,nan,nan
LCMV,20,-5,deep_plus_two_surface,case_weighted_within_scenario,34,1,0.8401996890976047,0.6781513232052192,1.8953869504339969,34.93672683336907,37.099953368644606,16.049727391137655,2.8813370249334618,0.4445163586571408,1.571348420543658,382.55882352941177,34.93672683336907,37.099953368644606,16.049727391137655,2.8813370249334618,0.47058823529411764,nan,nan
LCMV,20,-5,surface_only,case_weighted_within_scenario,68,1,0.5941575843192934,0.6780811440044882,1.9774636383967443,56.11921543838611,51.66461242727394,nan,nan,0.0209118115309019,nan,1153.8529411764705,56.11921543838611,51.66461242727394,nan,nan,nan,0.9558823529411765,nan
LCMV,20,0,deep_only,case_weighted_within_scenario,16,1,1.0,1.0,1.4498118127557267,nan,nan,0.0,0.0,0.0,nan,709.3125,nan,nan,0.0,0.0,0.0,nan,nan
LCMV,20,0,deep_plus_surface,case_weighted_within_scenario,68,1,0.8817514144953287,0.6893066262026536,1.9001218987796131,58.38736267640635,47.195659481680835,14.082554530944567,1.5157552642232215,0.3217106087859461,0.45454547947947715,580.9558823529412,58.38736267640635,47.195659481680835,14.082554530944567,1.5157552642232215,0.3235294117647059,nan,nan
LCMV,20,0,deep_plus_two_surface,case_weighted_within_scenario,34,1,0.8414862441449047,0.6816761204030858,1.8874436029608712,35.06255575214886,39.16659198906285,15.217078195720076,1.8360708456765844,0.42363750125604294,1.420125681192504,387.88235294117646,35.06255575214886,39.16659198906285,15.217078195720076,1.8360708456765844,0.47058823529411764,nan,nan
LCMV,20,0,surface_only,case_weighted_within_scenario,68,1,0.5896562119802284,0.6708780310671022,1.9781966224755319,57.3545021332697,53.37345454584787,nan,nan,0.015503615459037978,nan,1258.2058823529412,57.3545021332697,53.37345454584787,nan,nan,nan,0.9558823529411765,nan
LCMV,20,5,deep_only,case_weighted_within_scenario,16,1,1.0,1.0,1.3528875577934347,nan,nan,0.0,0.0,0.0,nan,597.75,nan,nan,0.0,0.0,0.0,nan,nan
LCMV,20,5,deep_plus_surface,case_weighted_within_scenario,68,1,0.8814533104222743,0.6884943930061906,1.8960846141675787,57.85190815383572,51.14192730891963,13.276612671826058,0.7962078820871343,0.37672939450089765,0.38461540571340375,587.2647058823529,57.85190815383572,51.14192730891963,13.276612671826058,0.7962078820871343,0.38235294117647056,nan,nan
LCMV,20,5,deep_plus_two_surface,case_weighted_within_scenario,34,1,0.8456124495113206,0.6865253243863068,1.8884621670476789,34.2968656061612,37.88628568336456,14.648668052605048,1.4201256827924145,0.4836311883137268,0.7443229490381092,389.52941176470586,34.2968656061612,37.88628568336456,14.648668052605048,1.4201256827924145,0.5294117647058824,nan,nan
LCMV,20,5,surface_only,case_weighted_within_scenario,68,1,0.5917132503047775,0.6691879683903792,1.9803939502229857,56.88868865171042,51.01838782481413,nan,nan,0.013857185218690645,nan,1282.7941176470588,56.88868865171042,51.01838782481413,nan,nan,nan,0.9411764705882353,nan
LCMV,20,10,deep_only,case_weighted_within_scenario,16,1,1.0,1.0,1.2343231102043841,nan,nan,0.0,0.0,0.0,nan,503.6875,nan,nan,0.0,0.0,0.0,nan,nan
LCMV,20,10,deep_plus_surface,case_weighted_within_scenario,68,1,0.8829599684192415,0.6855855897845299,1.8856157210075613,57.0717718998303,51.01852130421181,12.118421724586938,1.3545234667221462,0.423459608507017,0.48765986316289917,565.8235294117648,57.0717718998303,51.01852130421181,12.118421724586938,1.3545234667221462,0.4117647058823529,nan,nan
LCMV,20,10,deep_plus_two_surface,case_weighted_within_scenario,34,1,0.8458881516443927,0.6819498166286001,1.8806454160575095,34.26783772463559,38.1501377919289,13.462321334656469,1.0736121741540043,0.5532245729056324,0.6734350060524669,464.4117647058824,34.26783772463559,38.1501377919289,13.462321334656469,1.0736121741540043,0.5882352941176471,nan,nan
LCMV,20,10,surface_only,case_weighted_within_scenario,68,1,0.5960741080904889,0.6731691776863487,1.9815361329494166,57.16906628783225,51.82617846694262,nan,nan,0.025221630375834064,nan,1381.3235294117646,57.16906628783225,51.82617846694262,nan,nan,nan,0.9411764705882353,nan
LCMV,20,15,deep_only,case_weighted_within_scenario,16,1,1.0,1.0,1.015547835351384,nan,nan,0.0,0.0,0.0,nan,542.4375,nan,nan,0.0,0.0,0.0,nan,nan
LCMV,20,15,deep_plus_surface,case_weighted_within_scenario,68,1,0.8853725457652167,0.6927782196042701,1.8651149254391493,56.365452944177775,50.65232077246211,10.222410815323288,0.7568035865336875,0.7157052309152437,0.5575614070790905,500.61764705882354,56.365452944177775,50.65232077246211,10.222410815323288,0.7568035865336875,0.7058823529411765,nan,nan
LCMV,20,15,deep_plus_two_surface,case_weighted_within_scenario,34,1,0.8467079646507447,0.6789636966367769,1.8638774768273885,33.75290343981628,37.45773300732802,12.387400539826206,0.7100628260767723,0.780851632563718,0.0,372.6764705882353,33.75290343981628,37.45773300732802,12.387400539826206,0.7100628260767723,0.8235294117647058,nan,nan
LCMV,20,15,surface_only,case_weighted_within_scenario,68,1,0.58864908336498,0.6653875526629526,1.9838429082511249,57.19669740824666,48.20733898793827,nan,nan,0.04784434962537725,nan,1383.9117647058824,57.19669740824666,48.20733898793827,nan,nan,nan,0.9117647058823529,nan
LCMV,20,20,deep_only,case_weighted_within_scenario,16,1,1.0,1.0,0.7148369565262878,nan,nan,0.0,0.0,0.75,0.0,507.25,nan,nan,0.0,0.0,0.75,nan,nan
LCMV,20,20,deep_plus_surface,case_weighted_within_scenario,68,1,0.8844048227157876,0.6890802707397374,1.8327481759224753,55.24642203283885,49.90648882342854,7.955141665517812,0.6097447718373118,0.983172076164985,0.14925373953057458,439.54411764705884,55.24642203283885,49.90648882342854,7.955141665517812,0.6097447718373118,0.9852941176470589,nan,nan
LCMV,20,20,deep_plus_two_surface,case_weighted_within_scenario,34,1,0.8485718457257057,0.6822064434890623,1.832997253270532,35.10129278587226,42.274978475224415,10.2835439408961,0.4159451628841696,0.9674792117089595,0.4159451628841696,320.05882352941177,35.10129278587226,42.274978475224415,10.2835439408961,0.4159451628841696,0.9705882352941176,nan,nan
LCMV,20,20,surface_only,case_weighted_within_scenario,68,1,0.5843329694481169,0.666107478607861,1.984274316340093,57.07405135863719,52.08609511843585,nan,nan,0.2252406320114935,nan,1358.735294117647,57.07405135863719,52.08609511843585,nan,nan,nan,0.5294117647058824,nan
MNE,-10,-10,deep_only,case_weighted_within_scenario,16,1,0.35875,0.7903051377612138,1.984453125702599,nan,nan,23.39329695753713,17.78349723167618,0.21673371256110277,19.124554477527028,177.6875,nan,nan,23.39329695753713,17.78349723167618,0.3125,nan,nan
MNE,-10,-10,deep_plus_surface,case_weighted_within_scenario,68,1,0.5756865555834638,0.7196040089554325,1.9511130426448222,78.34458370906934,76.35142014029154,24.398909993538595,23.29981442562268,0.225600133890362,23.198406844126094,724.8823529411765,78.34458370906934,76.35142014029154,24.398909993538595,23.29981442562268,0.19117647058823528,nan,nan
MNE,-10,-10,deep_plus_two_surface,case_weighted_within_scenario,34,1,0.6832078785247635,0.6443431382784262,1.953431581956286,53.127321464021634,58.96470572052044,24.60408024743215,24.70210827321911,0.2510309244882142,24.27260161226538,972.0588235294117,53.127321464021634,58.96470572052044,24.60408024743215,24.70210827321911,0.17647058823529413,nan,nan
MNE,-10,-10,surface_only,case_weighted_within_scenario,68,1,0.6011933498901619,0.7259808507597589,1.9420608275223117,78.09116572858917,73.83572331356076,nan,nan,0.24101946014601203,nan,857.1911764705883,78.09116572858917,73.83572331356076,nan,nan,nan,0.029411764705882353,nan
MNE,-10,-5,deep_only,case_weighted_within_scenario,16,1,0.50875,0.8803241048848662,1.9780811093300923,nan,nan,22.23522427798804,14.46251119431577,0.23332552986703364,9.620187542471324,139.375,nan,nan,22.23522427798804,14.46251119431577,0.5625,nan,nan
MNE,-10,-5,deep_plus_surface,case_weighted_within_scenario,68,1,0.6112901038648415,0.7607913208705115,1.9380263571309533,76.32081666193672,83.35656494321691,23.954964063386228,24.281364774806956,0.20553718457611628,22.68309960778268,275.77941176470586,76.32081666193672,83.35656494321691,23.954964063386228,24.281364774806956,0.19117647058823528,nan,nan
MNE,-10,-5,deep_plus_two_surface,case_weighted_within_scenario,34,1,0.7102097415487811,0.6894246400412261,1.9372678823871727,52.247034623048144,55.92480520073714,24.34166673639006,22.57437650549253,0.19717273299752036,22.47221573876939,286.88235294117646,52.247034623048144,55.92480520073714,24.34166673639006,22.57437650549253,0.2647058823529412,nan,nan
MNE,-10,-5,surface_only,case_weighted_within_scenario,68,1,0.6771168300015409,0.7943493195179762,1.9235690475048373,75.77832397313989,75.8418005808006,nan,nan,0.19983850296145597,nan,322.6470588235294,75.77832397313989,75.8418005808006,nan,nan,nan,0.014705882352941176,nan
MNE,-10,0,deep_only,case_weighted_within_scenario,16,1,0.676875,0.9364102222813789,1.968913994114529,nan,nan,20.887120514180037,10.48202339027718,0.28596475438386304,8.71425638291186,104.1875,nan,nan,20.887120514180037,10.48202339027718,0.5625,nan,nan
MNE,-10,0,deep_plus_surface,case_weighted_within_scenario,68,1,0.6582267552947053,0.831352706278101,1.9193320414237112,72.62299150613289,75.53533268833729,23.9239508971161,22.702323128589622,0.19107754491027176,21.787136978627057,188.10294117647058,72.62299150613289,75.53533268833729,23.9239508971161,22.702323128589622,0.22058823529411764,nan,nan
MNE,-10,0,deep_plus_two_surface,case_weighted_within_scenario,34,1,0.7463756414095354,0.7469006401682484,1.9173406929287813,51.42512905789902,52.372554698440226,23.990030209510802,22.328826495580717,0.18360704398333336,22.46102931369371,161.26470588235293,51.42512905789902,52.372554698440226,23.990030209510802,22.328826495580717,0.29411764705882354,nan,nan
MNE,-10,0,surface_only,case_weighted_within_scenario,68,1,0.7432543662887258,0.8492452356922857,1.8992323398289022,71.20653561429094,81.79580428840961,nan,nan,0.1867629989292831,nan,195.89705882352942,71.20653561429094,81.79580428840961,nan,nan,nan,0.04411764705882353,nan
MNE,-10,5,deep_only,case_weighted_within_scenario,16,1,0.8543749999999999,0.9730134433648343,1.953554069797606,nan,nan,18.904013805423553,10.48202339027718,0.4642787319505436,10.48202339027718,179.875,nan,nan,18.904013805423553,10.48202339027718,0.5,nan,nan
MNE,-10,5,deep_plus_surface,case_weighted_within_scenario,68,1,0.702007896159711,0.887551862615577,1.8884933489678222,63.020452437580346,64.52237704130106,23.50320256042714,21.551037094307784,0.20219706956421046,22.304952392264497,179.22058823529412,63.020452437580346,64.52237704130106,23.50320256042714,21.551037094307784,0.2647058823529412,nan,nan
MNE,-10,5,deep_plus_two_surface,case_weighted_within_scenario,34,1,0.7904095417153373,0.8182419353631789,1.8898868428280953,46.94631842318323,53.11629469495048,23.676905815583016,21.40888382782022,0.20058407492518315,20.849243951642308,172.2941176470588,46.94631842318323,53.11629469495048,23.676905815583016,21.40888382782022,0.2647058823529412,nan,nan
MNE,-10,5,surface_only,case_weighted_within_scenario,68,1,0.8111752064192456,0.9014200524789486,1.8650562008773541,60.98539632244909,51.33570855108383,nan,nan,0.19619050742567112,nan,203.2058823529412,60.98539632244909,51.33570855108383,nan,nan,nan,0.058823529411764705,nan
MNE,-10,10,deep_only,case_weighted_within_scenario,16,1,0.946875,0.9909656595234926,1.9307110986836604,nan,nan,14.993985614488636,8.515608170280187,0.7746838287507459,8.515608170280187,529.6875,nan,nan,14.993985614488636,8.515608170280187,0.625,nan,nan
MNE,-10,10,deep_plus_surface,case_weighted_within_scenario,68,1,0.7461491543202551,0.9171068073714623,1.8472973400396482,41.37243123418232,34.31438086601459,22.977118681980446,20.631822640537454,0.23543533028037367,21.167060109903517,254.97058823529412,41.37243123418232,34.31438086601459,22.977118681980446,20.631822640537454,0.22058823529411764,nan,nan
MNE,-10,10,deep_plus_two_surface,case_weighted_within_scenario,34,1,0.8214600071471189,0.8645636591625547,1.8511730679584546,35.346236193246455,40.61828601836231,23.365687086052347,19.38764065730555,0.22828252139602792,19.807403240407925,229.2058823529412,35.346236193246455,40.61828601836231,23.365687086052347,19.38764065730555,0.2647058823529412,nan,nan
MNE,-10,10,surface_only,case_weighted_within_scenario,68,1,0.845123458588667,0.9278670122652827,1.8194017883538078,41.03203777397715,37.13666985668578,nan,nan,0.21492327920576146,nan,252.91176470588235,41.03203777397715,37.13666985668578,nan,nan,nan,0.1323529411764706,nan
MNE,-10,15,deep_only,case_weighted_within_scenario,16,1,0.96,0.9944679222680687,1.913688315510248,nan,nan,13.74709606198648,9.140608132739784,0.8440393879669994,9.140608132739784,642.0625,nan,nan,13.74709606198648,9.140608132739784,0.625,nan,nan
MNE,-10,15,deep_plus_surface,case_weighted_within_scenario,68,1,0.776003238554963,0.9286734136705439,1.8150549921955952,25.685801861284347,18.64729319349174,22.65785439555122,22.199719502515876,0.2446052161207241,22.22241760561609,317.9117647058824,25.685801861284347,18.64729319349174,22.65785439555122,22.199719502515876,0.20588235294117646,nan,nan
MNE,-10,15,deep_plus_two_surface,case_weighted_within_scenario,34,1,0.8423064435258052,0.8825016567803926,1.8193016109657194,23.869173915891558,29.511600208180983,22.300984594514247,20.47000022240437,0.2652917520515014,20.29771004725623,366.8235294117647,23.869173915891558,29.511600208180983,22.300984594514247,20.47000022240437,0.2647058823529412,nan,nan
MNE,-10,15,surface_only,case_weighted_within_scenario,68,1,0.8587196198494491,0.9406035539158056,1.7797190978234512,25.264591472573056,18.863313488854175,nan,nan,0.22901365333106213,nan,301.80882352941177,25.264591472573056,18.863313488854175,nan,nan,nan,0.11764705882352941,nan
MNE,-10,20,deep_only,case_weighted_within_scenario,16,1,0.975625,0.9962315320111805,1.8984175738830835,nan,nan,13.497101127774314,7.890608135995906,0.9071804148688731,7.890608135995906,658.0,nan,nan,13.497101127774314,7.890608135995906,0.625,nan,nan
MNE,-10,20,deep_plus_surface,case_weighted_within_scenario,68,1,0.7986791411258239,0.9327937937159156,1.7999915923879426,21.829628280867556,15.20771413795781,22.314352434050154,21.84602661339243,0.24297810943759318,21.84602661339243,310.3235294117647,21.829628280867556,15.20771413795781,22.314352434050154,21.84602661339243,0.17647058823529413,nan,nan
MNE,-10,20,deep_plus_two_surface,case_weighted_within_scenario,34,1,0.8468952681974478,0.8870992838206098,1.8039660566573439,20.85900910574846,22.16352908875453,22.00223413787133,19.303117686007866,0.2500114651931989,19.303117686007866,355.8529411764706,20.85900910574846,22.16352908875453,22.00223413787133,19.303117686007866,0.3235294117647059,nan,nan
MNE,-10,20,surface_only,case_weighted_within_scenario,68,1,0.8593457038425866,0.9426807069841234,1.7586534847315107,21.321384702853383,16.594885915291748,nan,nan,0.23301366631033493,nan,306.3970588235294,21.321384702853383,16.594885915291748,nan,nan,nan,0.08823529411764706,nan
MNE,-5,-10,deep_only,case_weighted_within_scenario,16,1,0.41625,0.8158275655530414,1.9792234091893814,nan,nan,22.84550015985221,14.75601192520706,0.2905673086133306,15.391020176513706,282.0625,nan,nan,22.84550015985221,14.75601192520706,0.4375,nan,nan
MNE,-5,-10,deep_plus_surface,case_weighted_within_scenario,68,1,0.576521119213696,0.733749365847793,1.9379408643343425,76.73428577790463,71.93051233237891,24.157842371346874,23.816062368332716,0.23715863887616387,22.39716121247187,1406.4705882352941,76.73428577790463,71.93051233237891,24.157842371346874,23.816062368332716,0.17647058823529413,nan,nan
MNE,-5,-10,deep_plus_two_surface,case_weighted_within_scenario,34,1,0.6921216073980327,0.6687388351476513,1.9376975559820115,52.552306521657165,59.99917234183867,24.60790278371269,23.81110452728385,0.23287473363421893,24.569833973097353,1826.264705882353,52.552306521657165,59.99917234183867,24.60790278371269,23.81110452728385,0.17647058823529413,nan,nan
MNE,-5,-10,surface_only,case_weighted_within_scenario,68,1,0.6788645260346711,0.7827041733060155,1.919665593003403,75.94301109289539,70.61013715838192,nan,nan,0.22626669982810058,nan,1550.6911764705883,75.94301109289539,70.61013715838192,nan,nan,nan,0.04411764705882353,nan
MNE,-5,-5,deep_only,case_weighted_within_scenario,16,1,0.571875,0.8949487554904831,1.9727641030667589,nan,nan,21.586471800889054,13.888616872562206,0.2789487498407429,12.383737625816986,168.625,nan,nan,21.586471800889054,13.888616872562206,0.5625,nan,nan
MNE,-5,-5,deep_plus_surface,case_weighted_within_scenario,68,1,0.623341805218884,0.808189392251232,1.9172761480903104,71.9085798778736,61.395325930725086,23.955597139291825,22.506179716480126,0.2442164445885148,21.590402798308183,697.1617647058823,71.9085798778736,61.395325930725086,23.955597139291825,22.506179716480126,0.20588235294117646,nan,nan
MNE,-5,-5,deep_plus_two_surface,case_weighted_within_scenario,34,1,0.7241650747735123,0.7200691081021532,1.92058723225968,49.919562487502816,51.16191974653412,24.07623500283638,24.208127179755184,0.24866297472563925,22.228946280351977,851.6470588235294,49.919562487502816,51.16191974653412,24.07623500283638,24.208127179755184,0.23529411764705882,nan,nan
MNE,-5,-5,surface_only,case_weighted_within_scenario,68,1,0.7431127835853905,0.8439870552153241,1.8980104437528988,71.49476537634042,60.562498050445974,nan,nan,0.2373588115191684,nan,758.2941176470588,71.49476537634042,60.562498050445974,nan,nan,nan,0.029411764705882353,nan
MNE,-5,0,deep_only,case_weighted_within_scenario,16,1,0.734375,0.9491797550911752,1.9627691852706217,nan,nan,20.652521826209437,10.283375132650292,0.3331955129773551,9.399491630667537,133.3125,nan,nan,20.652521826209437,10.283375132650292,0.5625,nan,nan
MNE,-5,0,deep_plus_surface,case_weighted_within_scenario,68,1,0.673150513863106,0.8605393503473264,1.8959574599013587,66.30350867874787,59.22282441504622,23.516378736143675,22.69242439349701,0.21679223217530794,22.0561907232753,304.3970588235294,66.30350867874787,59.22282441504622,23.516378736143675,22.69242439349701,0.17647058823529413,nan,nan
MNE,-5,0,deep_plus_two_surface,case_weighted_within_scenario,34,1,0.7618592719509629,0.7833613786852628,1.8962726532606362,47.23082959097243,48.32706518551211,23.881995315902145,22.21297146791904,0.22081732243684266,21.980644085697477,277.6764705882353,47.23082959097243,48.32706518551211,23.881995315902145,22.21297146791904,0.20588235294117646,nan,nan
MNE,-5,0,surface_only,case_weighted_within_scenario,68,1,0.7890810099303778,0.8826292334456854,1.8728317884479295,64.02649214895727,58.45618073675356,nan,nan,0.20277381682580728,nan,321.97058823529414,64.02649214895727,58.45618073675356,nan,nan,nan,0.029411764705882353,nan
MNE,-5,5,deep_only,case_weighted_within_scenario,16,1,0.87375,0.9781295754026353,1.9502149146128227,nan,nan,19.11047162093771,9.140608155393144,0.4509084328296452,8.683076328013819,124.3125,nan,nan,19.11047162093771,9.140608155393144,0.6875,nan,nan
MNE,-5,5,deep_plus_surface,case_weighted_within_scenario,68,1,0.7082853520709729,0.895714127260239,1.8692345202324299,56.87200648903686,52.66003009063422,23.326114302327323,19.743215487029598,0.20255458261954706,18.451933744141567,204.72058823529412,56.87200648903686,52.66003009063422,23.326114302327323,19.743215487029598,0.35294117647058826,nan,nan
MNE,-5,5,deep_plus_two_surface,case_weighted_within_scenario,34,1,0.7904560772523601,0.8273535772792365,1.8712447026033385,43.237075042018496,48.482497640090116,23.764955758294164,21.965492138075252,0.20240523337281152,21.91307648399292,195.64705882352942,43.237075042018496,48.482497640090116,23.764955758294164,21.965492138075252,0.29411764705882354,nan,nan
MNE,-5,5,surface_only,case_weighted_within_scenario,68,1,0.8265814747081893,0.9142864894967649,1.8402913095511624,54.7502059348584,50.70723304363129,nan,nan,0.19125823577383538,nan,222.26470588235293,54.7502059348584,50.70723304363129,nan,nan,nan,0.10294117647058823,nan
MNE,-5,10,deep_only,case_weighted_within_scenario,16,1,0.9524999999999999,0.9915479834952747,1.9306594820729583,nan,nan,15.63126195063526,8.515608098455504,0.7044671575112921,8.515608098455504,269.125,nan,nan,15.63126195063526,8.515608098455504,0.625,nan,nan
MNE,-5,10,deep_plus_surface,case_weighted_within_scenario,68,1,0.7474384122077666,0.9208905523333135,1.8374002583676536,41.65947802153792,35.94664675619393,22.84445476818907,20.131890228805986,0.217233588837025,21.00614902563812,239.75,41.65947802153792,35.94664675619393,22.84445476818907,20.131890228805986,0.19117647058823528,nan,nan
MNE,-5,10,deep_plus_two_surface,case_weighted_within_scenario,34,1,0.8222529761572885,0.8689800663610167,1.83886533920575,34.848218580842065,37.92465188714289,23.435036506592837,21.73906529190978,0.20712133181026632,21.44176553171796,219.85294117647058,34.848218580842065,37.92465188714289,23.435036506592837,21.73906529190978,0.20588235294117646,nan,nan
MNE,-5,10,surface_only,case_weighted_within_scenario,68,1,0.8512898828306025,0.9334233079199307,1.8036740761124685,40.84963537656431,31.750170956925317,nan,nan,0.2005608349723949,nan,227.39705882352942,40.84963537656431,31.750170956925317,nan,nan,nan,0.19117647058823528,nan
MNE,-5,15,deep_only,case_weighted_within_scenario,16,1,0.96625,0.994858911220551,1.9129013577606553,nan,nan,14.318292082554539,8.515608170280187,0.8877629997355223,8.515608170280187,695.9375,nan,nan,14.318292082554539,8.515608170280187,0.625,nan,nan
MNE,-5,15,deep_plus_surface,case_weighted_within_scenario,68,1,0.7770195987325037,0.9276998932260206,1.8114971423420534,26.81286426047499,20.70761960825827,22.574839238458242,22.836875005437754,0.23244981719248142,22.680124779158554,269.45588235294116,26.81286426047499,20.70761960825827,22.574839238458242,22.836875005437754,0.16176470588235295,nan,nan
MNE,-5,15,deep_plus_two_surface,case_weighted_within_scenario,34,1,0.840584035319281,0.886812985600924,1.8125147252204297,24.8856776487217,29.860811849741737,22.852750838731712,20.012444091790968,0.23259317492097678,20.012444091790968,297.4117647058824,24.8856776487217,29.860811849741737,22.852750838731712,20.012444091790968,0.29411764705882354,nan,nan
MNE,-5,15,surface_only,case_weighted_within_scenario,68,1,0.8615661419720513,0.9424083878829222,1.7724294097492548,26.767778975370145,21.008244472546522,nan,nan,0.2219074257484327,nan,259.3235294117647,26.767778975370145,21.008244472546522,nan,nan,nan,0.16176470588235295,nan
MNE,-5,20,deep_only,case_weighted_within_scenario,16,1,0.97,0.9959570078530546,1.8998440446753087,nan,nan,13.620851300862988,7.1741929018083965,0.8823943318181335,7.1741929018083965,601.375,nan,nan,13.620851300862988,7.1741929018083965,0.75,nan,nan
MNE,-5,20,deep_plus_surface,case_weighted_within_scenario,68,1,0.8047328835964782,0.9320213365656417,1.7963698094563776,21.40623635991871,16.68553336916105,22.259416017778094,21.526246762238287,0.2483372938865284,21.526246762238287,281.1764705882353,21.40623635991871,16.68553336916105,22.259416017778094,21.526246762238287,0.19117647058823528,nan,nan
MNE,-5,20,deep_plus_two_surface,case_weighted_within_scenario,34,1,0.8485600376275018,0.8879780276862431,1.7978835186395772,20.62495989649936,22.98820909846015,21.854984777650053,17.526152055029016,0.2384534338028017,16.1315469281939,326.79411764705884,20.62495989649936,22.98820909846015,21.854984777650053,17.526152055029016,0.35294117647058826,nan,nan
MNE,-5,20,surface_only,case_weighted_within_scenario,68,1,0.8595529500092158,0.9428192891117035,1.7574475917293335,20.961816225838145,16.054918240696566,nan,nan,0.22653694831713578,nan,269.02941176470586,20.961816225838145,16.054918240696566,nan,nan,nan,0.16176470588235295,nan
MNE,0,-10,deep_only,case_weighted_within_scenario,16,1,0.566875,0.8553590443231731,1.9740017284940659,nan,nan,21.294069974936008,12.120187812638918,0.4626164334516305,8.93283068364416,778.125,nan,nan,21.294069974936008,12.120187812638918,0.6875,nan,nan
MNE,0,-10,deep_plus_surface,case_weighted_within_scenario,68,1,0.5804446194143966,0.7761684626108736,1.9152962195999748,73.63188567338514,63.22422244708756,23.647517856589992,22.104473153226447,0.18592603852022233,21.47461861604775,1546.1911764705883,73.63188567338514,63.22422244708756,23.647517856589992,22.104473153226447,0.22058823529411764,nan,nan
MNE,0,-10,deep_plus_two_surface,case_weighted_within_scenario,34,1,0.7077371950923173,0.7101582565568813,1.9163254149799656,51.18652374609911,50.66712211415947,24.208106799600138,21.437056853102785,0.17789036007818318,22.322488666106644,1561.4117647058824,51.18652374609911,50.66712211415947,24.208106799600138,21.437056853102785,0.20588235294117646,nan,nan
MNE,0,-10,surface_only,case_weighted_within_scenario,68,1,0.724506552884816,0.814857959573727,1.8929946377092184,72.24221006894997,61.512772243267605,nan,nan,0.16952783429522417,nan,1398.4117647058824,72.24221006894997,61.512772243267605,nan,nan,nan,0.14705882352941177,nan
MNE,0,-5,deep_only,case_weighted_within_scenario,16,1,0.680625,0.9275672168241714,1.9655113573327307,nan,nan,20.440557387497698,11.916197588918834,0.4410297117036658,10.390608126452024,270.625,nan,nan,20.440557387497698,11.916197588918834,0.625,nan,nan
MNE,0,-5,deep_plus_surface,case_weighted_within_scenario,68,1,0.6298864815520653,0.8399148534374152,1.8927540332505415,65.88727635598981,37.51146507170788,23.5608961539019,24.03304118541135,0.24225928256837986,21.069113294504483,1117.7205882352941,65.88727635598981,37.51146507170788,23.5608961539019,24.03304118541135,0.25,nan,nan
MNE,0,-5,deep_plus_two_surface,case_weighted_within_scenario,34,1,0.7460197666545847,0.7659000017001352,1.8953867881368496,47.38122458528199,47.29990738768824,24.14121092481745,21.882747128211815,0.23373226781057968,21.398006334036488,1454.2058823529412,47.38122458528199,47.29990738768824,24.14121092481745,21.882747128211815,0.23529411764705882,nan,nan
MNE,0,-5,surface_only,case_weighted_within_scenario,68,1,0.7966591054088368,0.8791332680700332,1.865592689132771,64.6660782228646,37.44439904226384,nan,nan,0.2103719837818037,nan,1199.2058823529412,64.6660782228646,37.44439904226384,nan,nan,nan,0.11764705882352941,nan
MNE,0,0,deep_only,case_weighted_within_scenario,16,1,0.84375,0.9707340609610009,1.9529079948871928,nan,nan,19.61170582563608,7.890608200286005,0.4724981577389067,6.808076410447082,185.75,nan,nan,19.61170582563608,7.890608200286005,0.6875,nan,nan
MNE,0,0,deep_plus_surface,case_weighted_within_scenario,68,1,0.6953933737672243,0.8807508898444351,1.8689877069485925,54.27786855149599,41.03141814560116,23.158284364740073,21.729024387199683,0.23668893707292155,21.049225028805626,477.4264705882353,54.27786855149599,41.03141814560116,23.158284364740073,21.729024387199683,0.23529411764705882,nan,nan
MNE,0,0,deep_plus_two_surface,case_weighted_within_scenario,34,1,0.7843483127365002,0.8202686699658911,1.866796306600988,40.74617747042313,38.94732180530959,23.502618739184783,18.471879446930128,0.24364131832175323,17.27911652370927,699.9411764705883,40.74617747042313,38.94732180530959,23.502618739184783,18.471879446930128,0.35294117647058826,nan,nan
MNE,0,0,surface_only,case_weighted_within_scenario,68,1,0.8237029415380085,0.9066775806707037,1.84017616168736,51.97862025575111,38.76334784005945,nan,nan,0.2226855725604389,nan,516.25,51.97862025575111,38.76334784005945,nan,nan,nan,0.11764705882352941,nan
MNE,0,5,deep_only,case_weighted_within_scenario,16,1,0.92625,0.9860491814188739,1.940330104661839,nan,nan,18.466785949659645,7.631724590041301,0.5557935216000656,7.006724627581705,178.8125,nan,nan,18.466785949659645,7.631724590041301,0.6875,nan,nan
MNE,0,5,deep_plus_surface,case_weighted_within_scenario,68,1,0.7387351153183751,0.9082508995070628,1.842364416579481,44.699403506416566,34.47245099244462,22.690764661645954,20.421790378900226,0.2154633114147798,19.524536078757986,243.75,44.699403506416566,34.47245099244462,22.690764661645954,20.421790378900226,0.2647058823529412,nan,nan
MNE,0,5,deep_plus_two_surface,case_weighted_within_scenario,34,1,0.8116988346720018,0.8540762250823973,1.8399652802824025,33.230280498647325,35.16659069836419,23.423624499449392,19.704264820595714,0.22746607286748585,20.8882403275823,318.7647058823529,33.230280498647325,35.16659069836419,23.423624499449392,19.704264820595714,0.23529411764705882,nan,nan
MNE,0,5,surface_only,case_weighted_within_scenario,68,1,0.8449670880018985,0.9270161191329569,1.8055815040406598,41.46079317558772,31.999278814541988,nan,nan,0.20235192223918658,nan,260.8970588235294,41.46079317558772,31.999278814541988,nan,nan,nan,0.14705882352941177,nan
MNE,0,10,deep_only,case_weighted_within_scenario,16,1,0.9662499999999999,0.9933199121522693,1.9238865723443181,nan,nan,16.22878400379034,7.631724699326615,0.7047985942443924,7.631724699326615,238.6875,nan,nan,16.22878400379034,7.631724699326615,0.6875,nan,nan
MNE,0,10,deep_plus_surface,case_weighted_within_scenario,68,1,0.7658477448920826,0.9303111741506622,1.8153975281636816,34.69503376516694,26.491458207440814,22.28118512293571,18.349893268134423,0.2126215681438908,18.906319314312807,227.9558823529412,34.69503376516694,26.491458207440814,22.28118512293571,18.349893268134423,0.23529411764705882,nan,nan
MNE,0,10,deep_plus_two_surface,case_weighted_within_scenario,34,1,0.8370561188963314,0.8796471016696432,1.8162796808400927,28.60767801354557,33.09213964482831,22.91504778815082,21.58450562404537,0.19406570213385993,21.06370637612716,197.47058823529412,28.60767801354557,33.09213964482831,22.91504778815082,21.58450562404537,0.29411764705882354,nan,nan
MNE,0,10,surface_only,case_weighted_within_scenario,68,1,0.8607132628068573,0.9419800940868318,1.7780360564051365,33.55664233483728,25.86396176245938,nan,nan,0.19432196002722057,nan,231.38235294117646,33.55664233483728,25.86396176245938,nan,nan,nan,0.2647058823529412,nan
MNE,0,15,deep_only,case_weighted_within_scenario,16,1,0.975625,0.9963729535471848,1.9043727336251548,nan,nan,14.696898815568307,8.515608234570287,0.9083012560471538,8.515608234570287,563.9375,nan,nan,14.696898815568307,8.515608234570287,0.625,nan,nan
MNE,0,15,deep_plus_surface,case_weighted_within_scenario,68,1,0.7954517880200486,0.9327098193102438,1.7985411794706765,26.301546980779783,20.330043122723378,21.935758463609055,19.93853256045139,0.2252332257306171,19.954231010269314,233.05882352941177,26.301546980779783,20.330043122723378,21.935758463609055,19.93853256045139,0.23529411764705882,nan,nan
MNE,0,15,deep_plus_two_surface,case_weighted_within_scenario,34,1,0.8479220976708804,0.8931112746285697,1.7980028854939478,23.602435534233194,28.615945333533165,22.593541254499232,20.81106140326739,0.21940538920223282,19.75060510992261,252.8235294117647,23.602435534233194,28.615945333533165,22.593541254499232,20.81106140326739,0.35294117647058826,nan,nan
MNE,0,15,surface_only,case_weighted_within_scenario,68,1,0.8599431669643309,0.9411314032156489,1.7515132647167757,25.236212305434748,21.26501911178986,nan,nan,0.19836112323679503,nan,231.13235294117646,25.236212305434748,21.26501911178986,nan,nan,nan,0.2647058823529412,nan
MNE,0,20,deep_only,case_weighted_within_scenario,16,1,0.974375,0.9953497271396246,1.8957204486139865,nan,nan,13.617386260386667,8.515608170280187,0.8703034553858291,8.515608170280187,576.4375,nan,nan,13.617386260386667,8.515608170280187,0.625,nan,nan
MNE,0,20,deep_plus_surface,case_weighted_within_scenario,68,1,0.8033583053138156,0.9340295904683975,1.7880876319480161,20.9931694631515,15.484367688968852,22.153418050807886,20.685535434112253,0.2327751980944646,20.965301792510797,257.69117647058823,20.9931694631515,15.484367688968852,22.153418050807886,20.685535434112253,0.22058823529411764,nan,nan
MNE,0,20,deep_plus_two_surface,case_weighted_within_scenario,34,1,0.8556453998857589,0.8918416271220846,1.7898917007972863,20.273331647288984,24.89534920126717,22.121734705780586,17.547745871254538,0.2356134225922208,18.477827559254838,279.02941176470586,20.273331647288984,24.89534920126717,22.121734705780586,17.547745871254538,0.3235294117647059,nan,nan
MNE,0,20,surface_only,case_weighted_within_scenario,68,1,0.8647484066495068,0.94570430903961,1.7435963521763629,20.433795688595875,16.066729294755262,nan,nan,0.21174169557401679,nan,248.01470588235293,20.433795688595875,16.066729294755262,nan,nan,nan,0.19117647058823528,nan
MNE,5,-10,deep_only,case_weighted_within_scenario,16,1,0.65625,0.8497354585385332,1.9714637794543513,nan,nan,20.705925114568828,12.070064412601631,0.5435301896163952,8.537655793991576,1780.8125,nan,nan,20.705925114568828,12.070064412601631,0.625,nan,nan
MNE,5,-10,deep_plus_surface,case_weighted_within_scenario,68,1,0.5908356476419673,0.8037553292280206,1.887041708805658,65.47104742236658,45.52905378182825,23.34603857229945,21.116555619088526,0.15520941528326396,19.51420189116735,987.6470588235294,65.47104742236658,45.52905378182825,23.34603857229945,21.116555619088526,0.22058823529411764,nan,nan
MNE,5,-10,deep_plus_two_surface,case_weighted_within_scenario,34,1,0.7220966128492606,0.7449030346731567,1.8881941935944255,46.68604954570246,45.50498022273084,23.93568752599563,21.685222899836038,0.15526242213324656,21.125690154467186,1013.9117647058823,46.68604954570246,45.50498022273084,23.93568752599563,21.685222899836038,0.2647058823529412,nan,nan
MNE,5,-10,surface_only,case_weighted_within_scenario,68,1,0.7603526534137232,0.845308405510393,1.85716625533031,63.53022064213087,43.80072611060592,nan,nan,0.14025629868402234,nan,874.3088235294117,63.53022064213087,43.80072611060592,nan,nan,nan,0.2647058823529412,nan
MNE,5,-5,deep_only,case_weighted_within_scenario,16,1,0.8775,0.9782709969386396,1.955149378651233,nan,nan,19.356293667824595,9.765608198053247,0.6986034856347959,8.881724696070492,769.5,nan,nan,19.356293667824595,9.765608198053247,0.6875,nan,nan
MNE,5,-5,deep_plus_surface,case_weighted_within_scenario,68,1,0.637926396487215,0.8577130943090008,1.863710987889547,57.7291396679239,30.750474108633732,23.015440383713422,22.405604643960746,0.2045208723780545,21.590176041954383,1105.7941176470588,57.7291396679239,30.750474108633732,23.015440383713422,22.405604643960746,0.19117647058823528,nan,nan
MNE,5,-5,deep_plus_two_surface,case_weighted_within_scenario,34,1,0.7485922457303027,0.7859612571279222,1.8642790300043408,41.44352186273583,37.233748230124085,23.81817626613754,20.23097389540582,0.187929335379364,20.35468571296843,1070.1176470588234,41.44352186273583,37.233748230124085,23.81817626613754,20.23097389540582,0.2647058823529412,nan,nan
MNE,5,-5,surface_only,case_weighted_within_scenario,68,1,0.8142271985142878,0.8945793457636008,1.8284126675862122,55.997614881466845,35.792168547503074,nan,nan,0.1743169648759816,nan,957.6470588235294,55.997614881466845,35.792168547503074,nan,nan,nan,0.29411764705882354,nan
MNE,5,0,deep_only,case_weighted_within_scenario,16,1,0.9225000000000001,0.9874218022095035,1.940176158134375,nan,nan,18.55221211319402,9.506724655130279,0.7261460226847307,9.506724655130279,310.1875,nan,nan,18.55221211319402,9.506724655130279,0.6875,nan,nan
MNE,5,0,deep_plus_surface,case_weighted_within_scenario,68,1,0.6988882159411929,0.8976640980155439,1.8369475151216645,43.53184928584992,23.116650078749764,22.72498147051596,21.30211662955127,0.23735060416634415,19.898052769427107,777.0294117647059,43.53184928584992,23.116650078749764,22.72498147051596,21.30211662955127,0.25,nan,nan
MNE,5,0,deep_plus_two_surface,case_weighted_within_scenario,34,1,0.79119432656461,0.8393819180283666,1.8354533579960919,32.86461435378792,32.58428902564406,23.298286499158387,18.598975897776203,0.22094185698399094,17.721632355023115,852.4117647058823,32.86461435378792,32.58428902564406,23.298286499158387,18.598975897776203,0.38235294117647056,nan,nan
MNE,5,0,surface_only,case_weighted_within_scenario,68,1,0.8538356501201275,0.9283021395068859,1.7966565318385823,41.691450288760386,25.308596095854785,nan,nan,0.2133408225778609,nan,712.7647058823529,41.691450288760386,25.308596095854785,nan,nan,nan,0.23529411764705882,nan
MNE,5,5,deep_only,case_weighted_within_scenario,16,1,0.95625,0.9932616797550912,1.9247579343184427,nan,nan,16.73790785645464,8.089256353130526,0.799937276755248,8.089256353130526,289.1875,nan,nan,16.73790785645464,8.089256353130526,0.625,nan,nan
MNE,5,5,deep_plus_surface,case_weighted_within_scenario,68,1,0.7735943551104296,0.921676272787241,1.8081508092789624,31.562353178840613,23.79739284142595,22.125825203541034,20.466727759100813,0.24526818489274163,20.086334982524644,348.1764705882353,31.562353178840613,23.79739284142595,22.125825203541034,20.466727759100813,0.23529411764705882,nan,nan
MNE,5,5,deep_plus_two_surface,case_weighted_within_scenario,34,1,0.8340606305119377,0.8784724780470273,1.8081025246453437,25.53953056563399,31.99212502403544,23.08109968070795,20.4541606145238,0.23338310594751177,20.218756834843536,424.0,25.53953056563399,31.99212502403544,23.08109968070795,20.4541606145238,0.29411764705882354,nan,nan
MNE,5,5,surface_only,case_weighted_within_scenario,68,1,0.8596248830589999,0.9374481347189138,1.7673651909616748,29.421312601930893,22.335882472645046,nan,nan,0.21241176120932717,nan,360.86764705882354,29.421312601930893,22.335882472645046,nan,nan,nan,0.22058823529411764,nan
MNE,5,10,deep_only,case_weighted_within_scenario,16,1,0.9768749999999999,0.9956575269532809,1.9085110013090147,nan,nan,16.392917429756636,7.205372957033275,0.8287656420491113,7.205372957033275,367.5,nan,nan,16.392917429756636,7.205372957033275,0.6875,nan,nan
MNE,5,10,deep_plus_surface,case_weighted_within_scenario,68,1,0.7991664184646579,0.9340548203973852,1.7877388155023757,26.081958003622663,19.776142332377844,21.690415064684522,19.01193241053512,0.22645008004149283,18.594574454586553,245.33823529411765,26.081958003622663,19.776142332377844,21.690415064684522,19.01193241053512,0.22058823529411764,nan,nan
MNE,5,10,deep_plus_two_surface,case_weighted_within_scenario,34,1,0.848392068293172,0.889920187253354,1.7870142394620585,21.98265195845741,28.49589194044092,22.78558054797692,20.549569895537516,0.22227211399104313,19.356910702175725,267.5,21.98265195845741,28.49589194044092,22.78558054797692,20.549569895537516,0.29411764705882354,nan,nan
MNE,5,10,surface_only,case_weighted_within_scenario,68,1,0.8672393816210413,0.9467145821991448,1.7449541219534666,24.826135308803153,20.683678040001254,nan,nan,0.20235467479003133,nan,239.52941176470588,24.826135308803153,20.683678040001254,nan,nan,nan,0.27941176470588236,nan
MNE,5,15,deep_only,case_weighted_within_scenario,16,1,0.99,0.9979452282709969,1.8897475197746836,nan,nan,15.15724530671336,7.174192871947289,0.9147142147638587,7.174192871947289,430.0625,nan,nan,15.15724530671336,7.174192871947289,0.75,nan,nan
MNE,5,15,deep_plus_surface,case_weighted_within_scenario,68,1,0.812598987712394,0.9383163906316844,1.7762017540008004,22.547562747479194,18.68924307271496,21.237848129754997,18.004190376183065,0.21591866093585918,17.918987476998314,218.2941176470588,22.547562747479194,18.68924307271496,21.237848129754997,18.004190376183065,0.25,nan,nan
MNE,5,15,deep_plus_two_surface,case_weighted_within_scenario,34,1,0.8580270690876834,0.8957513057349027,1.7781941224557216,19.867623116542813,28.834957049721407,22.24262251978575,19.80162099275605,0.20552217714406568,19.507503329563445,214.97058823529412,19.867623116542813,28.834957049721407,22.24262251978575,19.80162099275605,0.35294117647058826,nan,nan
MNE,5,15,surface_only,case_weighted_within_scenario,68,1,0.8660067156862213,0.9450898215007851,1.7297373483085077,21.873547684814866,18.791969131466608,nan,nan,0.1946495902795151,nan,220.7058823529412,21.873547684814866,18.791969131466608,nan,nan,nan,0.3235294117647059,nan
MNE,5,20,deep_only,case_weighted_within_scenario,16,1,0.979375,0.9970467855716758,1.8868185941941964,nan,nan,14.117018418938919,8.08925646241584,0.9248100657601891,8.08925646241584,569.6875,nan,nan,14.117018418938919,8.08925646241584,0.625,nan,nan
MNE,5,20,deep_plus_surface,case_weighted_within_scenario,68,1,0.8241816154651663,0.9388152020708702,1.7740044994075967,20.36075269867658,16.994363111786086,21.177866999409307,18.117113546108527,0.22364893173228245,18.237974492385288,228.23529411764707,20.36075269867658,16.994363111786086,21.177866999409307,18.117113546108527,0.25,nan,nan
MNE,5,20,deep_plus_two_surface,case_weighted_within_scenario,34,1,0.8621632766661991,0.8983393199065636,1.7746861419352624,19.0653903899523,25.42581327337169,22.022913115654916,19.10305959237177,0.21080736594125965,19.10305959237177,230.41176470588235,19.0653903899523,25.42581327337169,22.022913115654916,19.10305959237177,0.29411764705882354,nan,nan
MNE,5,20,surface_only,case_weighted_within_scenario,68,1,0.8680753089949522,0.947799720676137,1.7247275333239551,19.840541106002853,17.21728402276019,nan,nan,0.19889574819815586,nan,215.30882352941177,19.840541106002853,17.21728402276019,nan,nan,nan,0.2647058823529412,nan
MNE,10,-10,deep_only,case_weighted_within_scenario,16,1,0.7050000000000001,0.872105017968854,1.968519489133837,nan,nan,20.15046602588785,9.537904785211477,0.5065784823541404,8.654021283228722,1881.875,nan,nan,20.15046602588785,9.537904785211477,0.6875,nan,nan
MNE,10,-10,deep_plus_surface,case_weighted_within_scenario,68,1,0.6234665077265872,0.8493939321848208,1.8521664978334027,48.69611663951235,34.41210954352635,22.920064033058182,18.919300333874673,0.15922602166181665,19.007016103164943,691.0588235294117,48.69611663951235,34.41210954352635,22.920064033058182,18.919300333874673,0.20588235294117646,nan,nan
MNE,10,-10,deep_plus_two_surface,case_weighted_within_scenario,34,1,0.7427065163509999,0.7891861097013168,1.8493907371034548,36.597937746360735,37.547711682226165,23.479990529909145,19.814479625053682,0.14920388922755265,18.822663701847855,701.2058823529412,36.597937746360735,37.547711682226165,23.479990529909145,19.814479625053682,0.29411764705882354,nan,nan
MNE,10,-10,surface_only,case_weighted_within_scenario,68,1,0.7968838865490192,0.8831839478116417,1.8118081067132557,45.143824265561555,35.18584989460942,nan,nan,0.13477086536934796,nan,620.7794117647059,45.143824265561555,35.18584989460942,nan,nan,nan,0.38235294117647056,nan
MNE,10,-5,deep_only,case_weighted_within_scenario,16,1,0.92875,0.987305337415147,1.9519695529608416,nan,nan,18.971936336302726,7.0578305852942655,0.8374529481421271,7.0578305852942655,1893.5,nan,nan,18.971936336302726,7.0578305852942655,0.75,nan,nan
MNE,10,-5,deep_plus_surface,case_weighted_within_scenario,68,1,0.6502277027664776,0.8734825570555278,1.832499260584666,43.353113834498245,34.55685284133916,22.472880922955095,20.697686658322162,0.1768730297934761,19.80808142516862,722.1470588235294,43.353113834498245,34.55685284133916,22.472880922955095,20.697686658322162,0.20588235294117646,nan,nan
MNE,10,-5,deep_plus_two_surface,case_weighted_within_scenario,34,1,0.763836721080367,0.8142386225281504,1.8295283596598084,31.837601410288478,31.943346403127848,23.261834167946173,20.564984376375424,0.16009670171426274,19.38270062462825,650.5588235294117,31.837601410288478,31.943346403127848,23.261834167946173,20.564984376375424,0.29411764705882354,nan,nan
MNE,10,-5,surface_only,case_weighted_within_scenario,68,1,0.8246425233261987,0.9046741173431121,1.7887644538573648,41.14813821794955,25.614508887578427,nan,nan,0.1452837994024639,nan,647.6323529411765,41.14813821794955,25.614508887578427,nan,nan,nan,0.4264705882352941,nan
MNE,10,0,deep_only,case_weighted_within_scenario,16,1,0.98875,0.9981698389458271,1.9250124331234377,nan,nan,17.876978057697208,5.77665053332551,0.9499581916921718,4.892766998081838,910.8125,nan,nan,17.876978057697208,5.77665053332551,0.875,nan,nan
MNE,10,0,deep_plus_surface,case_weighted_within_scenario,68,1,0.709626878011845,0.9053378329430258,1.8033260775738016,33.80856199050329,16.776128010472522,22.10758786302596,17.93396142179626,0.20524407561193414,17.93396142179626,632.4558823529412,33.80856199050329,16.776128010472522,22.10758786302596,17.93396142179626,0.2647058823529412,nan,nan
MNE,10,0,deep_plus_two_surface,case_weighted_within_scenario,34,1,0.8012289877626335,0.8550570369167045,1.8032435331687922,26.128342256080977,25.951960062452343,23.14623754723926,18.770773053747433,0.19464020920080127,19.025812764297083,608.4705882352941,26.128342256080977,25.951960062452343,23.14623754723926,18.770773053747433,0.3235294117647059,nan,nan
MNE,10,0,surface_only,case_weighted_within_scenario,68,1,0.8589106390787422,0.9339565633342597,1.7555593163631258,32.10171196020324,17.712134480325023,nan,nan,0.171437740311402,nan,640.7058823529412,32.10171196020324,17.712134480325023,nan,nan,nan,0.38235294117647056,nan
MNE,10,5,deep_only,case_weighted_within_scenario,16,1,0.985,0.9970883801410888,1.9095129034971632,nan,nan,17.305395114608466,7.46425645060963,0.9467572753824499,7.46425645060963,588.25,nan,nan,17.305395114608466,7.46425645060963,0.625,nan,nan
MNE,10,5,deep_plus_surface,case_weighted_within_scenario,68,1,0.7791128341805451,0.9281270691823054,1.7776186082321737,24.17688108251891,14.696740876797067,21.66024384281718,17.914205022309737,0.22877948461741657,18.323150542579462,390.52941176470586,24.17688108251891,14.696740876797067,21.66024384281718,17.914205022309737,0.27941176470588236,nan,nan
MNE,10,5,deep_plus_two_surface,case_weighted_within_scenario,34,1,0.8331754589290764,0.8807678493860112,1.777778049940241,20.07857874705361,20.709113815089257,22.803857903865886,20.61155372734938,0.2128555221082676,20.866593437899027,408.0882352941176,20.07857874705361,20.709113815089257,22.803857903865886,20.61155372734938,0.2647058823529412,nan,nan
MNE,10,5,surface_only,case_weighted_within_scenario,68,1,0.8751962988670133,0.9485648306670867,1.7247667234948731,23.088668952379503,13.494958907587051,nan,nan,0.19222789034093052,nan,380.75,23.088668952379503,13.494958907587051,nan,nan,nan,0.3088235294117647,nan
MNE,10,10,deep_only,case_weighted_within_scenario,16,1,0.9862500000000001,0.9972381205909756,1.8941208561994225,nan,nan,16.446599400004132,8.08925646241584,0.9303921208206729,8.08925646241584,528.125,nan,nan,16.446599400004132,8.08925646241584,0.625,nan,nan
MNE,10,10,deep_plus_surface,case_weighted_within_scenario,68,1,0.8279926757744359,0.9397894230642454,1.7599083655970107,20.559731649651205,15.505460111011875,21.2136934410042,19.605980546994694,0.24470296459140936,19.35126716777973,280.86764705882354,20.559731649651205,15.505460111011875,21.2136934410042,19.605980546994694,0.22058823529411764,nan,nan
MNE,10,10,deep_plus_two_surface,case_weighted_within_scenario,34,1,0.8673351195259369,0.8991675168500836,1.7570538518159915,17.822978519199754,21.78295043627643,22.31645194466787,16.90671534355253,0.23470861540881527,16.612597680359926,293.0,17.822978519199754,21.78295043627643,22.31645194466787,16.90671534355253,0.38235294117647056,nan,nan
MNE,10,10,surface_only,case_weighted_within_scenario,68,1,0.8725832341528784,0.9494831658915353,1.7102419537380715,19.91940723107373,13.168446064714088,nan,nan,0.21297023441512258,nan,276.0,19.91940723107373,13.168446064714088,nan,nan,nan,0.3088235294117647,nan
MNE,10,15,deep_only,case_weighted_within_scenario,16,1,0.985625,0.9976374284573406,1.8870582749829303,nan,nan,15.931996506341852,8.08925646241584,0.9114667065983539,7.006724672576917,489.875,nan,nan,15.931996506341852,8.08925646241584,0.6875,nan,nan
MNE,10,15,deep_plus_surface,case_weighted_within_scenario,68,1,0.8434540895254071,0.944476903716577,1.7507764597166058,19.369586080731594,15.97958732604775,20.891094054576925,18.853136574586532,0.2252112785248991,18.437191389356787,224.19117647058823,19.369586080731594,15.97958732604775,20.891094054576925,18.853136574586532,0.2647058823529412,nan,nan
MNE,10,15,deep_plus_two_surface,case_weighted_within_scenario,34,1,0.871509742695024,0.9017402494116953,1.7512542986319368,17.63970525495838,23.3405483087426,22.360504909669057,17.295160793314295,0.2210238476573345,17.295160793314295,234.02941176470588,17.63970525495838,23.3405483087426,22.360504909669057,17.295160793314295,0.38235294117647056,nan,nan
MNE,10,15,surface_only,case_weighted_within_scenario,68,1,0.8710228716499606,0.9510916429515417,1.705554063716127,19.371596829358964,15.195664622479693,nan,nan,0.20674765418633068,nan,228.02941176470588,19.371596829358964,15.195664622479693,nan,nan,nan,0.2647058823529412,nan
MNE,10,20,deep_only,case_weighted_within_scenario,16,1,0.9875,0.9979785039265274,1.8786789659017649,nan,nan,14.762247084679036,7.631724706861198,0.924171524868826,7.631724706861198,464.6875,nan,nan,14.762247084679036,7.631724706861198,0.6875,nan,nan
MNE,10,20,deep_plus_surface,case_weighted_within_scenario,68,1,0.8435198036950673,0.9438662058995096,1.755396799691609,19.201715078974154,16.172501310969356,20.900599546897094,18.217672278608248,0.21960956059482786,18.217672278608248,211.66176470588235,19.201715078974154,16.172501310969356,20.900599546897094,18.217672278608248,0.20588235294117646,nan,nan
MNE,10,20,deep_plus_two_surface,case_weighted_within_scenario,34,1,0.8744642956044301,0.9052538635670752,1.7524895765321218,17.56227557873133,24.947788418876943,21.958876528731277,19.927322969840237,0.20789588242643714,19.927322969840237,199.88235294117646,17.56227557873133,24.947788418876943,21.958876528731277,19.927322969840237,0.29411764705882354,nan,nan
MNE,10,20,surface_only,case_weighted_within_scenario,68,1,0.87350094992746,0.9511530070172365,1.7031733703665684,18.713244636419795,15.526722278453944,nan,nan,0.1954240288486054,nan,208.7058823529412,18.713244636419795,15.526722278453944,nan,nan,nan,0.3382352941176471,nan
MNE,15,-10,deep_only,case_weighted_within_scenario,16,1,0.8262499999999999,0.9422916943963795,1.9597477033205815,nan,nan,20.424800143694938,8.455372953777154,0.5652246760235977,8.455372953777154,1387.625,nan,nan,20.424800143694938,8.455372953777154,0.6875,nan,nan
MNE,15,-10,deep_plus_surface,case_weighted_within_scenario,68,1,0.6898640637243959,0.8854757534828763,1.8153776264140973,33.562802325733166,24.659791177505024,22.177189950537766,18.284689439872785,0.176515064337688,18.132442917937112,576.2352941176471,33.562802325733166,24.659791177505024,22.177189950537766,18.284689439872785,0.2647058823529412,nan,nan
MNE,15,-10,deep_plus_two_surface,case_weighted_within_scenario,34,1,0.7750527337249564,0.8224252405507269,1.8074977727545145,24.393714458708118,28.815697716597025,23.649216195352402,18.05045719961541,0.15057345897867216,20.4759664687938,528.4705882352941,24.393714458708118,28.815697716597025,23.649216195352402,18.05045719961541,0.17647058823529413,nan,nan
MNE,15,-10,surface_only,case_weighted_within_scenario,68,1,0.8238464831207868,0.9130478257389391,1.7673660265247033,31.89352997524211,23.30448019464714,nan,nan,0.14132437094575825,nan,525.0735294117648,31.89352997524211,23.30448019464714,nan,nan,nan,0.4264705882352941,nan
MNE,15,-5,deep_only,case_weighted_within_scenario,16,1,0.934375,0.9857413816052176,1.9490303005477752,nan,nan,19.625713901418514,8.774491593134996,0.7897941603131907,7.890608091152242,2050.5,nan,nan,19.625713901418514,8.774491593134996,0.625,nan,nan
MNE,15,-5,deep_plus_surface,case_weighted_within_scenario,68,1,0.700577488615196,0.8959573884594337,1.7988427232303477,31.149592189876476,21.634995462499504,22.012802843578562,18.64226889015234,0.17537980793641367,18.702216055894848,526.8970588235294,31.149592189876476,21.634995462499504,22.012802843578562,18.64226889015234,0.29411764705882354,nan,nan
MNE,15,-5,deep_plus_two_surface,case_weighted_within_scenario,34,1,0.7937553703796224,0.8414067397619489,1.7968470443360047,22.85067773103539,27.504096939752387,22.738470133479243,16.396471127089075,0.155866556732708,16.396471127089075,449.05882352941177,22.85067773103539,27.504096939752387,22.738470133479243,16.396471127089075,0.35294117647058826,nan,nan
MNE,15,-5,surface_only,case_weighted_within_scenario,68,1,0.8401786894481065,0.9232870712414084,1.7491914956298342,28.847956066513298,21.473830889290447,nan,nan,0.14125282202143968,nan,458.3529411764706,28.847956066513298,21.473830889290447,nan,nan,nan,0.4117647058823529,nan
MNE,15,0,deep_only,case_weighted_within_scenario,16,1,0.9937499999999999,0.9990100492479701,1.9238203445268733,nan,nan,18.30509930784465,6.234182281497116,0.9507521612736157,6.234182281497116,1646.25,nan,nan,18.30509930784465,6.234182281497116,0.75,nan,nan
MNE,15,0,deep_plus_surface,case_weighted_within_scenario,68,1,0.7354557771714102,0.9123903932755609,1.776128759110395,26.34025719666924,16.65933925366977,21.735938382469076,17.650902054980197,0.1805752410121546,18.11820102901526,472.63235294117646,26.34025719666924,16.65933925366977,21.735938382469076,17.650902054980197,0.23529411764705882,nan,nan
MNE,15,0,deep_plus_two_surface,case_weighted_within_scenario,34,1,0.8104180965287472,0.8603526007481427,1.778383035882205,20.401301454624797,20.564042651958033,22.45025316330283,20.14469772056624,0.16124023565680765,19.728752543162585,440.8235294117647,20.401301454624797,20.564042651958033,22.45025316330283,20.14469772056624,0.2647058823529412,nan,nan
MNE,15,0,surface_only,case_weighted_within_scenario,68,1,0.85497730387588,0.9329135587578059,1.7271380863639394,25.060639306042585,15.643719894197984,nan,nan,0.15369362016379415,nan,470.4117647058824,25.060639306042585,15.643719894197984,nan,nan,nan,0.4117647058823529,nan
MNE,15,5,deep_only,case_weighted_within_scenario,16,1,0.9975,0.9993261679755091,1.894273405637138,nan,nan,17.256266575418017,7.11395780212526,0.9891311943627341,7.11395780212526,825.875,nan,nan,17.256266575418017,7.11395780212526,0.8125,nan,nan
MNE,15,5,deep_plus_surface,case_weighted_within_scenario,68,1,0.7804184217960671,0.9309873275238223,1.7523444980690457,20.17082408635994,11.592418078713733,21.452922867610376,17.708137125397087,0.1996353809243093,17.556259880248295,350.2352941176471,20.17082408635994,11.592418078713733,21.452922867610376,17.708137125397087,0.25,nan,nan
MNE,15,5,deep_plus_two_surface,case_weighted_within_scenario,34,1,0.8388543659315987,0.8823152604475207,1.7522468946171899,17.340633690681113,19.92100483029569,22.69912086021986,19.945058822692666,0.1842473196123533,19.542269540617717,358.0,17.340633690681113,19.92100483029569,22.69912086021986,19.945058822692666,0.3235294117647059,nan,nan
MNE,15,5,surface_only,case_weighted_within_scenario,68,1,0.8752411391635764,0.9490534648868296,1.6944866802021157,19.67088068081059,10.924170208123217,nan,nan,0.1691542850529571,nan,359.6029411764706,19.67088068081059,10.924170208123217,nan,nan,nan,0.4117647058823529,nan
MNE,15,10,deep_only,case_weighted_within_scenario,16,1,0.99375,0.9988270331425528,1.878382037128374,nan,nan,16.71933123499288,6.74784119394405,0.9633814794223114,6.74784119394405,565.5,nan,nan,16.71933123499288,6.74784119394405,0.75,nan,nan
MNE,15,10,deep_plus_surface,case_weighted_within_scenario,68,1,0.8403830595664465,0.9408192777232978,1.7349977812085526,17.92049350780699,11.87421926367107,20.889152023625314,17.778511021655397,0.22759142837261215,17.557100795403745,288.7647058823529,17.92049350780699,11.87421926367107,20.889152023625314,17.778511021655397,0.27941176470588236,nan,nan
MNE,15,10,deep_plus_two_surface,case_weighted_within_scenario,34,1,0.8652549361502233,0.9018161232015848,1.7354748706410048,16.51430472142303,19.335394001976073,22.509941307168944,19.87835154409729,0.2136298520368619,20.294296666687956,325.29411764705884,16.51430472142303,19.335394001976073,22.509941307168944,19.87835154409729,0.29411764705882354,nan,nan
MNE,15,10,surface_only,case_weighted_within_scenario,68,1,0.8783968566063978,0.9528680629001535,1.6770985816694113,17.631392219782175,11.031660053521072,nan,nan,0.19237855238326396,nan,289.80882352941177,17.631392219782175,11.031660053521072,nan,nan,nan,0.36764705882352944,nan
MNE,15,15,deep_only,case_weighted_within_scenario,16,1,0.9924999999999999,0.9987521629176095,1.8723799280542481,nan,nan,16.357650682007975,6.74784119394405,0.9589311514441166,6.74784119394405,499.3125,nan,nan,16.357650682007975,6.74784119394405,0.75,nan,nan
MNE,15,15,deep_plus_surface,case_weighted_within_scenario,68,1,0.8640176034735262,0.9462963422462847,1.7318487566845595,18.175069280853947,12.738028370206722,20.410099187475367,19.76991815288112,0.2403315649535728,19.79472467819835,252.83823529411765,18.175069280853947,12.738028370206722,20.410099187475367,19.76991815288112,0.22058823529411764,nan,nan
MNE,15,15,deep_plus_two_surface,case_weighted_within_scenario,34,1,0.8782094001172273,0.90666393552572,1.7303915418745637,16.658250396158845,20.807552862323305,22.36891331316888,18.240539521364067,0.22443464536307337,18.240539521364067,273.4117647058824,16.658250396158845,20.807552862323305,22.36891331316888,18.240539521364067,0.35294117647058826,nan,nan
MNE,15,15,surface_only,case_weighted_within_scenario,68,1,0.8770586094175677,0.954633109242108,1.6750231878527164,17.800191398213844,12.209324044053087,nan,nan,0.20949368556043724,nan,250.2941176470588,17.800191398213844,12.209324044053087,nan,nan,nan,0.27941176470588236,nan
MNE,15,20,deep_only,case_weighted_within_scenario,16,1,0.9937499999999999,0.9984859576733662,1.8687619063505267,nan,nan,15.55298929336542,7.890608200286005,0.9242018287130794,7.890608200286005,442.4375,nan,nan,15.55298929336542,7.890608200286005,0.625,nan,nan
MNE,15,20,deep_plus_surface,case_weighted_within_scenario,68,1,0.8659645317025082,0.9471585896598032,1.7360379176255196,18.36355789019716,15.798018140411386,20.418806814777195,18.894637261313225,0.22998002146550475,18.894637261313225,212.8235294117647,18.36355789019716,15.798018140411386,20.418806814777195,18.894637261313225,0.25,nan,nan
MNE,15,20,deep_plus_two_surface,case_weighted_within_scenario,34,1,0.8774706548693876,0.9042317450421263,1.7362004209927853,17.02131250563058,25.026533898880867,22.043624210854972,18.311855613346165,0.22155990150585034,18.311855613346165,235.5,17.02131250563058,25.026533898880867,22.043624210854972,18.311855613346165,0.35294117647058826,nan,nan
MNE,15,20,surface_only,case_weighted_within_scenario,68,1,0.8772309782649819,0.9556047039983245,1.6807597262032739,18.106073538747268,13.843428659041123,nan,nan,0.2026688210636618,nan,217.4264705882353,18.106073538747268,13.843428659041123,nan,nan,nan,0.3088235294117647,nan
MNE,20,-10,deep_only,case_weighted_within_scenario,16,1,0.9237500000000001,0.9840193664315187,1.944648073476695,nan,nan,20.684741145098556,7.691959893464055,0.7241551600267758,7.691959893464055,1395.75,nan,nan,20.684741145098556,7.691959893464055,0.625,nan,nan
MNE,20,-10,deep_plus_surface,case_weighted_within_scenario,68,1,0.7645701967923396,0.9146555333440556,1.7832064618328676,24.744458755833712,20.069866030766498,21.904584597770942,19.647148109157232,0.19168030299574387,19.486231024833387,503.29411764705884,24.744458755833712,20.069866030766498,21.904584597770942,19.647148109157232,0.19117647058823528,nan,nan
MNE,20,-10,deep_plus_two_surface,case_weighted_within_scenario,34,1,0.812587041107475,0.8493761602054982,1.7826055636014295,19.615291395376047,28.156089447607084,23.49432809324212,22.651264917757036,0.16388415483390992,22.651264917757036,454.20588235294116,19.615291395376047,28.156089447607084,23.49432809324212,22.651264917757036,0.11764705882352941,nan,nan
MNE,20,-10,surface_only,case_weighted_within_scenario,68,1,0.8341844712221398,0.9307979719491125,1.7365869221618986,23.521407491841845,18.7850019520071,nan,nan,0.15514808898984978,nan,482.05882352941177,23.521407491841845,18.7850019520071,nan,nan,nan,0.4117647058823529,nan
MNE,20,-5,deep_only,case_weighted_within_scenario,16,1,0.9475,0.9906329029681885,1.940171907892294,nan,nan,19.976053190538813,6.919417343791398,0.8042974290374378,6.919417343791398,1603.625,nan,nan,19.976053190538813,6.919417343791398,0.6875,nan,nan
MNE,20,-5,deep_plus_surface,case_weighted_within_scenario,68,1,0.7592582873550567,0.9161303727149506,1.775478399054867,23.31799727351458,19.053657379326825,21.663463886599143,18.290427576294825,0.176710791877709,18.749707827175857,440.94117647058823,23.31799727351458,19.053657379326825,21.663463886599143,18.290427576294825,0.20588235294117646,nan,nan
MNE,20,-5,deep_plus_two_surface,case_weighted_within_scenario,34,1,0.8176472265336886,0.8551942400746839,1.7754236935969785,18.60887513861235,25.998082683809425,23.21556514010516,20.57689161945281,0.15776566494058586,20.818613451719084,423.3235294117647,18.60887513861235,25.998082683809425,23.21556514010516,20.57689161945281,0.17647058823529413,nan,nan
MNE,20,-5,surface_only,case_weighted_within_scenario,68,1,0.844483945414069,0.9339235915036558,1.7267608049645522,22.05844205987746,18.25266384120943,nan,nan,0.14764407472248942,nan,401.5882352941176,22.05844205987746,18.25266384120943,nan,nan,nan,0.4411764705882353,nan
MNE,20,0,deep_only,case_weighted_within_scenario,16,1,0.9881249999999999,0.9982197524291229,1.9218855432524589,nan,nan,19.308121100648346,7.265608128692644,0.930008841769006,6.640608094408363,1439.1875,nan,nan,19.308121100648346,7.265608128692644,0.625,nan,nan
MNE,20,0,deep_plus_surface,case_weighted_within_scenario,68,1,0.7807463991039649,0.9239298095064659,1.7592519087704697,21.229949047547933,16.804935569661122,21.59268195401739,18.836610639047258,0.17497183658667492,18.983669434331716,366.1764705882353,21.229949047547933,16.804935569661122,21.59268195401739,18.836610639047258,0.22058823529411764,nan,nan
MNE,20,0,deep_plus_two_surface,case_weighted_within_scenario,34,1,0.8302605045110772,0.8696075554289231,1.7588553963042663,17.543704565884667,22.845614783777265,22.481095180810147,18.4611648374372,0.15745576387052237,18.4611648374372,386.5,17.543704565884667,22.845614783777265,22.481095180810147,18.4611648374372,0.2647058823529412,nan,nan
MNE,20,0,surface_only,case_weighted_within_scenario,68,1,0.8551337362200939,0.9389473785655184,1.7096690358916224,20.61191930948856,16.981849046945488,nan,nan,0.14395184516736664,nan,368.5,20.61191930948856,16.981849046945488,nan,nan,nan,0.45588235294117646,nan
MNE,20,5,deep_only,case_weighted_within_scenario,16,1,0.9962500000000001,0.9994426327698656,1.8943047976267493,nan,nan,17.70784596762774,6.549192867524116,0.9678560768554904,6.549192867524116,765.4375,nan,nan,17.70784596762774,6.549192867524116,0.75,nan,nan
MNE,20,5,deep_plus_surface,case_weighted_within_scenario,68,1,0.8021878956591078,0.9333578818903596,1.7407370221741605,18.26629898120743,12.23478825783659,21.31581040436558,19.379034861583147,0.18083740772577803,19.379034861583147,324.95588235294116,18.26629898120743,12.23478825783659,21.31581040436558,19.379034861583147,0.23529411764705882,nan,nan
MNE,20,5,deep_plus_two_surface,case_weighted_within_scenario,34,1,0.842238236134622,0.8842692275726712,1.74188732481751,16.090552363620343,20.15174814942598,22.3924023021092,19.798184247108484,0.16566601959804653,19.798184247108484,338.97058823529414,16.090552363620343,20.15174814942598,22.3924023021092,19.798184247108484,0.20588235294117646,nan,nan
MNE,20,5,surface_only,case_weighted_within_scenario,68,1,0.8669287814848257,0.9455383223627543,1.6824096708569538,18.048993038032982,12.875592341902811,nan,nan,0.14723078516961727,nan,316.97058823529414,18.048993038032982,12.875592341902811,nan,nan,nan,0.47058823529411764,nan
MNE,20,10,deep_only,case_weighted_within_scenario,16,1,0.998125,0.9995674164781047,1.8665693901466198,nan,nan,17.23326042162077,5.609182262130455,0.9828229000191566,5.609182262130455,534.9375,nan,nan,17.23326042162077,5.609182262130455,0.75,nan,nan
MNE,20,10,deep_plus_surface,case_weighted_within_scenario,68,1,0.8396772565376778,0.9422186606466605,1.7208365345502916,16.936227914925453,11.278345399104369,20.963981996175427,18.04067732462256,0.19940831098036538,17.711843809256074,291.70588235294116,16.936227914925453,11.278345399104369,20.963981996175427,18.04067732462256,0.25,nan,nan
MNE,20,10,deep_plus_two_surface,case_weighted_within_scenario,34,1,0.8612652323523745,0.8961277331349442,1.7238241766755402,15.546264277912117,17.888545752782697,21.890350609393817,18.73772795585827,0.19015152646240857,18.73772795585827,317.55882352941177,15.546264277912117,17.888545752782697,21.890350609393817,18.73772795585827,0.29411764705882354,nan,nan
MNE,20,10,surface_only,case_weighted_within_scenario,68,1,0.8782782567228442,0.9537425468784868,1.659302971422159,16.701095926104,11.145039504623298,nan,nan,0.16602592398649393,nan,286.72058823529414,16.701095926104,11.145039504623298,nan,nan,nan,0.4411764705882353,nan
MNE,20,15,deep_only,case_weighted_within_scenario,16,1,0.995625,0.9991681086117397,1.8634964523705015,nan,nan,16.671716187786327,6.74784119394405,0.9799404855930113,6.74784119394405,496.5625,nan,nan,16.671716187786327,6.74784119394405,0.75,nan,nan
MNE,20,15,deep_plus_surface,case_weighted_within_scenario,68,1,0.8647245836934653,0.9473459436844425,1.7107280257429829,17.08330626718115,11.041181521198217,20.39298182502177,18.599236163196043,0.22494198008928254,18.599236163196043,268.97058823529414,17.08330626718115,11.041181521198217,20.39298182502177,18.599236163196043,0.25,nan,nan
MNE,20,15,deep_plus_two_surface,case_weighted_within_scenario,34,1,0.8790020426732607,0.9077222331351122,1.7192389735243274,16.081885388564157,19.033438694672924,22.128948834474674,18.36644048460781,0.21286469384767456,18.36644048460781,308.5882352941176,16.081885388564157,19.033438694672924,22.128948834474674,18.36644048460781,0.3235294117647059,nan,nan
MNE,20,15,surface_only,case_weighted_within_scenario,68,1,0.8817688453562041,0.9569725164591811,1.6498152382955036,16.909771362624316,11.37589509407908,nan,nan,0.1879529064867831,nan,271.1470588235294,16.909771362624316,11.37589509407908,nan,nan,nan,0.36764705882352944,nan
MNE,20,20,deep_only,case_weighted_within_scenario,16,1,0.994375,0.9988436709703181,1.8628617810796069,nan,nan,16.285568569378103,7.631724695926805,0.9595959285445874,7.631724695926805,475.25,nan,nan,16.285568569378103,7.631724695926805,0.6875,nan,nan
MNE,20,20,deep_plus_surface,case_weighted_within_scenario,68,1,0.8742106830326292,0.9466941183051046,1.7204292581524285,17.865913342863347,12.655642876084634,20.117691197840152,19.418971593392914,0.24303144569831847,19.418971593392914,247.36764705882354,17.865913342863347,12.655642876084634,20.117691197840152,19.418971593392914,0.17647058823529413,nan,nan
MNE,20,20,deep_plus_two_surface,case_weighted_within_scenario,34,1,0.8827261302468843,0.9090778410869376,1.7200511691748672,16.39813825914582,22.361553413073352,22.305858992341914,18.07550493076667,0.21968476994903297,18.07550493076667,268.70588235294116,16.39813825914582,22.361553413073352,22.305858992341914,18.07550493076667,0.4117647058823529,nan,nan
MNE,20,20,surface_only,case_weighted_within_scenario,68,1,0.8782895216066976,0.9569663393792858,1.661050127622495,17.53373666348994,12.573605533274765,nan,nan,0.2139804483397291,nan,245.3235294117647,17.53373666348994,12.573605533274765,nan,nan,nan,0.25,nan
OASTER-ERP,-10,-10,deep_only,case_weighted_within_scenario,16,1,0.4934375,0.49673898575801945,2.0,nan,nan,nan,nan,0.0,nan,9.625,nan,nan,234.02911185627735,234.02911185627735,0.0,nan,nan
OASTER-ERP,-10,-10,deep_plus_surface,case_weighted_within_scenario,68,1,0.6390126097890384,0.7660021689348797,1.4309685511246963,41.512499463488204,42.92015857362397,nan,nan,0.0,nan,9.117647058823529,44.343626116323335,45.73058435719241,234.02911185627738,234.02911185627738,0.0,nan,nan
OASTER-ERP,-10,-10,deep_plus_two_surface,case_weighted_within_scenario,34,1,0.5775053870745923,0.6066366663160142,1.7185130549281171,31.309737345090646,42.89559271614077,nan,nan,0.0,nan,7.882352941176471,31.309737345090646,42.89559271614077,234.02911185627735,234.02911185627735,0.0,nan,nan
OASTER-ERP,-10,-10,surface_only,case_weighted_within_scenario,68,1,0.7528457042240092,0.7548047153821189,1.3673128207685874,34.81932097360851,36.584098353694756,nan,nan,0.0,nan,7.338235294117647,34.81932097360851,36.584098353694756,nan,nan,nan,1.0,nan
OASTER-ERP,-10,-5,deep_only,case_weighted_within_scenario,16,1,0.49093749999999997,0.49555769998668975,2.0,nan,nan,nan,nan,0.0,nan,3.375,nan,nan,234.02911185627735,234.02911185627735,0.0,nan,nan
OASTER-ERP,-10,-5,deep_plus_surface,case_weighted_within_scenario,68,1,0.6505387206458715,0.7868453192275171,1.3135258110610213,36.8716945800502,36.92901262980525,nan,nan,0.0,nan,9.426470588235293,36.8716945800502,36.92901262980525,234.02911185627738,234.02911185627738,0.0,nan,nan
OASTER-ERP,-10,-5,deep_plus_two_surface,case_weighted_within_scenario,34,1,0.6256833971503526,0.6766579621734131,1.5393837520509974,19.942080018593067,27.9527944552782,nan,nan,0.0,nan,6.882352941176471,19.942080018593067,27.9527944552782,234.02911185627735,234.02911185627735,0.0,nan,nan
OASTER-ERP,-10,-5,surface_only,case_weighted_within_scenario,68,1,0.7812787559239969,0.7844403051055792,1.1756650668065711,31.898927905142813,30.35286053853325,nan,nan,0.0,nan,11.088235294117647,31.898927905142813,30.35286053853325,nan,nan,nan,1.0,nan
OASTER-ERP,-10,0,deep_only,case_weighted_within_scenario,16,1,0.493125,0.49447208172501,2.0,nan,nan,nan,nan,0.0,nan,4.8125,nan,nan,234.02911185627735,234.02911185627735,0.0,nan,nan
OASTER-ERP,-10,0,deep_plus_surface,case_weighted_within_scenario,68,1,0.6558969591270851,0.7984433025714758,1.2354443483520465,28.117617792493235,26.713038908957678,nan,nan,0.0,nan,9.955882352941176,28.117617792493235,26.713038908957678,234.02911185627738,234.02911185627738,0.0,nan,nan
OASTER-ERP,-10,0,deep_plus_two_surface,case_weighted_within_scenario,34,1,0.6792990149588904,0.7566156111254292,1.313508088957261,11.131413356456301,17.263011506547254,nan,nan,0.0,nan,11.205882352941176,11.131413356456301,17.263011506547254,234.02911185627735,234.02911185627735,0.0,nan,nan
OASTER-ERP,-10,0,surface_only,case_weighted_within_scenario,68,1,0.8227369686899817,0.8257731528703641,0.9372773472811889,21.161034880647687,22.91807826821862,nan,nan,0.0,nan,10.441176470588236,21.161034880647687,22.91807826821862,nan,nan,nan,1.0,nan
OASTER-ERP,-10,5,deep_only,case_weighted_within_scenario,16,1,0.65,0.6528808398775456,1.5763286353182782,nan,nan,0.0,0.0,0.29887381328380647,0.0,4.375,nan,nan,160.89501440119068,160.89501440119068,0.3125,nan,nan
OASTER-ERP,-10,5,deep_plus_surface,case_weighted_within_scenario,68,1,0.676118584521934,0.8251312909822224,1.131049016626461,14.938358737223664,13.631841991526526,0.0,0.0,0.029411764705882353,0.0,10.808823529411764,14.938358737223664,13.631841991526526,227.14590268403393,227.14590268403393,0.029411764705882353,nan,nan
OASTER-ERP,-10,5,deep_plus_two_surface,case_weighted_within_scenario,34,1,0.6872887644588515,0.77390512722046,1.3136960716018908,10.946888371688361,18.676556716563855,nan,nan,0.0,nan,6.882352941176471,10.946888371688361,18.676556716563855,234.02911185627735,234.02911185627735,0.0,nan,nan
OASTER-ERP,-10,5,surface_only,case_weighted_within_scenario,68,1,0.8524457811565573,0.855892034772247,0.8415799034479176,7.345786085444005,8.617295168434824,nan,nan,0.0,nan,9.823529411764707,7.345786085444005,8.617295168434824,nan,nan,nan,1.0,nan
OASTER-ERP,-10,10,deep_only,case_weighted_within_scenario,16,1,0.8109375000000001,0.8115516438173832,1.161673179742823,nan,nan,0.0,0.0,0.5886827569372808,0.0,3.125,nan,nan,87.760916946104,87.760916946104,0.625,nan,nan
OASTER-ERP,-10,10,deep_plus_surface,case_weighted_within_scenario,68,1,0.6805894228056099,0.8341039436804438,1.186357385695154,21.46407922379987,21.236082270122964,0.0,0.0,0.027982490666398727,0.0,7.4411764705882355,21.46407922379987,21.236082270122964,227.14590268403393,227.14590268403393,0.029411764705882353,nan,nan
OASTER-ERP,-10,10,deep_plus_two_surface,case_weighted_within_scenario,34,1,0.7118799499598011,0.8109911307422941,1.2670154409295078,11.382390405833226,17.492801466008952,14.142135127101806,14.142135127101806,0.026794840031115975,14.142135127101806,8.794117647058824,11.382390405833226,17.492801466008952,227.561847834831,227.561847834831,0.0,nan,nan
OASTER-ERP,-10,10,surface_only,case_weighted_within_scenario,68,1,0.8501610843255767,0.8554168402827459,0.8720984991057579,6.911973289566508,9.608270571375542,nan,nan,0.0,nan,9.176470588235293,6.911973289566508,9.608270571375542,nan,nan,nan,1.0,nan
OASTER-ERP,-10,15,deep_only,case_weighted_within_scenario,16,1,1.0,0.9999417676028217,0.6457345621764123,nan,nan,0.0,0.0,0.8882361209168299,0.0,3.4375,nan,nan,0.0,0.0,1.0,nan,nan
OASTER-ERP,-10,15,deep_plus_surface,case_weighted_within_scenario,68,1,0.6963586484591913,0.8255079400617595,1.1587579967904444,19.752250153634748,23.270542257849804,4.316624817676962,4.316624817676962,0.11271949305964886,4.316624817676962,7.029411764705882,19.752250153634748,23.270542257849804,200.24786376236557,200.24786376236557,0.1323529411764706,nan,nan
OASTER-ERP,-10,15,deep_plus_two_surface,case_weighted_within_scenario,34,1,0.7210993380063638,0.8077799496084667,1.232090367931853,11.878602002599361,20.204352085819707,10.324555697821406,10.324555697821406,0.07541929139574681,10.324555697821406,7.470588235294118,11.878602002599361,20.204352085819707,201.1313830094456,201.1313830094456,0.11764705882352941,nan,nan
OASTER-ERP,-10,15,surface_only,case_weighted_within_scenario,68,1,0.8366758227218946,0.8444127317751648,0.9247374710043387,7.818811482813223,9.262726873296982,nan,nan,0.0,nan,8.808823529411764,7.818811482813223,9.262726873296982,nan,nan,nan,1.0,nan
OASTER-ERP,-10,20,deep_only,case_weighted_within_scenario,16,1,1.0,0.9999417676028217,0.6153033825303951,nan,nan,0.0,0.0,0.9045581034495807,0.0,3.625,nan,nan,0.0,0.0,1.0,nan,nan
OASTER-ERP,-10,20,deep_plus_surface,case_weighted_within_scenario,68,1,0.7399378013151022,0.8418300671668887,1.0873670566659506,21.366041331061194,25.197974561928742,4.015681657668615,4.015681657668615,0.24485505414251588,4.015681657668615,8.529411764705882,21.366041331061194,25.197974561928742,156.23045164204208,156.23045164204208,0.3088235294117647,nan,nan
OASTER-ERP,-10,20,deep_plus_two_surface,case_weighted_within_scenario,34,1,0.75179215855242,0.8078682976598591,1.2459743796273492,11.876528203961492,18.87132825543253,3.9242043456525875,3.9242043456525875,0.21264281804343696,3.9242043456525875,8.411764705882353,11.876528203961492,18.87132825543253,159.58340648519285,159.58340648519285,0.29411764705882354,nan,nan
OASTER-ERP,-10,20,surface_only,case_weighted_within_scenario,68,1,0.8322561060627165,0.838031363056248,0.9386482252907802,8.755545649640808,11.807024198115885,nan,nan,0.0,nan,9.588235294117647,8.755545649640808,11.807024198115885,nan,nan,nan,1.0,nan
OASTER-ERP,-5,-10,deep_only,case_weighted_within_scenario,16,1,0.49624999999999997,0.49753344203380806,2.0,nan,nan,nan,nan,0.0,nan,6.75,nan,nan,234.02911185627735,234.02911185627735,0.0,nan,nan
OASTER-ERP,-5,-10,deep_plus_surface,case_weighted_within_scenario,68,1,0.6410788134254252,0.7665764686431463,1.3371549950526112,32.909363506554094,38.65890635133331,nan,nan,0.0,nan,7.044117647058823,32.909363506554094,38.65890635133331,234.02911185627738,234.02911185627738,0.0,nan,nan
OASTER-ERP,-5,-10,deep_plus_two_surface,case_weighted_within_scenario,34,1,0.6175278748799997,0.6598100480074663,1.6043405624226006,20.788659463263023,31.817223936517827,nan,nan,0.0,nan,5.352941176470588,20.788659463263023,31.817223936517827,234.02911185627735,234.02911185627735,0.0,nan,nan
OASTER-ERP,-5,-10,surface_only,case_weighted_within_scenario,68,1,0.7810292535804528,0.7832430429607271,1.0751073967545166,30.13206588981108,33.34105479700247,nan,nan,0.0,nan,8.794117647058824,30.13206588981108,33.34105479700247,nan,nan,nan,1.0,nan
OASTER-ERP,-5,-5,deep_only,case_weighted_within_scenario,16,1,0.4965625,0.4982072740582989,2.0,nan,nan,nan,nan,0.0,nan,2.5625,nan,nan,234.02911185627735,234.02911185627735,0.0,nan,nan
OASTER-ERP,-5,-5,deep_plus_surface,case_weighted_within_scenario,68,1,0.6556168203854995,0.7961107768588928,1.187903170536616,23.47192667589496,20.799536720345735,nan,nan,0.0,nan,9.823529411764707,23.47192667589496,20.799536720345735,234.02911185627738,234.02911185627738,0.0,nan,nan
OASTER-ERP,-5,-5,deep_plus_two_surface,case_weighted_within_scenario,34,1,0.6542729134920098,0.71853546235166,1.4458069788012045,16.890581292679105,24.770027070811775,nan,nan,0.0,nan,10.264705882352942,16.890581292679105,24.770027070811775,234.02911185627735,234.02911185627735,0.0,nan,nan
OASTER-ERP,-5,-5,surface_only,case_weighted_within_scenario,68,1,0.8356300664621412,0.8380914256708241,0.929497617289376,27.54041096148258,26.901748306884464,nan,nan,0.0,nan,8.323529411764707,27.54041096148258,26.901748306884464,nan,nan,nan,1.0,nan
OASTER-ERP,-5,0,deep_only,case_weighted_within_scenario,16,1,0.5234375,0.5272985159057634,1.9093983640688346,nan,nan,7.071067769030884,7.071067769030884,0.125,7.071067769030884,2.25,nan,nan,205.65935634537155,205.65935634537155,0.0625,nan,nan
OASTER-ERP,-5,0,deep_plus_surface,case_weighted_within_scenario,68,1,0.661347944063853,0.8073266231853127,1.1559675263083846,24.44496370743205,22.873134594581337,nan,nan,0.0,nan,10.147058823529411,24.44496370743205,22.873134594581337,234.02911185627738,234.02911185627738,0.0,nan,nan
OASTER-ERP,-5,0,deep_plus_two_surface,case_weighted_within_scenario,34,1,0.7031125798437179,0.792744965491283,1.2325605152501546,10.058086109152294,18.67623241754958,nan,nan,0.0,nan,9.352941176470589,10.058086109152294,18.67623241754958,234.02911185627735,234.02911185627735,0.0,nan,nan
OASTER-ERP,-5,0,surface_only,case_weighted_within_scenario,68,1,0.8270324438488184,0.829967959888728,0.8695837016509463,16.01024029697973,16.86697705109178,nan,nan,0.0,nan,9.779411764705882,16.01024029697973,16.86697705109178,nan,nan,nan,1.0,nan
OASTER-ERP,-5,5,deep_only,case_weighted_within_scenario,16,1,0.5225,0.5268035405297484,1.92069635930251,nan,nan,0.0,0.0,0.0625,0.0,2.5625,nan,nan,219.40229236526,219.40229236526,0.0625,nan,nan
OASTER-ERP,-5,5,deep_plus_surface,case_weighted_within_scenario,68,1,0.6629906797021564,0.8115142561362101,1.1187498125913105,17.054997691783022,17.49862854580106,14.142135142060221,14.142135142060221,0.007100806507694891,14.142135142060221,9.279411764705882,17.054997691783022,17.49862854580106,230.7954798457742,230.7954798457742,0.0,nan,nan
OASTER-ERP,-5,5,deep_plus_two_surface,case_weighted_within_scenario,34,1,0.6993201178768896,0.7882213760920249,1.2472982295621202,10.283897383738065,17.536243234321237,nan,nan,0.0,nan,6.882352941176471,10.283897383738065,17.536243234321237,234.02911185627735,234.02911185627735,0.0,nan,nan
OASTER-ERP,-5,5,surface_only,case_weighted_within_scenario,68,1,0.8541556078271395,0.8585770934887801,0.7993887397887202,6.240787758179745,8.593433745479905,nan,nan,0.0,nan,11.014705882352942,6.240787758179745,8.593433745479905,nan,nan,nan,1.0,nan
OASTER-ERP,-5,10,deep_only,case_weighted_within_scenario,16,1,0.873125,0.8744135165712764,1.0413568151800088,nan,nan,0.0,0.0,0.6930510844560707,0.0,3.75,nan,nan,58.50727796406934,58.50727796406934,0.75,nan,nan
OASTER-ERP,-5,10,deep_plus_surface,case_weighted_within_scenario,68,1,0.6809936858975568,0.8272701405745408,1.1417202550801224,17.018612158061853,20.349246564711237,10.895532089041891,10.895532089041891,0.06504793794873746,10.895532089041891,7.852941176470588,17.018612158061853,20.349246564711237,214.34085481799193,214.34085481799193,0.058823529411764705,nan,nan
OASTER-ERP,-5,10,deep_plus_two_surface,case_weighted_within_scenario,34,1,0.7138425770419711,0.8110893001743764,1.2591089523748087,13.17914596410102,23.461564506412447,nan,nan,0.0,nan,9.117647058823529,13.17914596410102,23.461564506412447,234.02911185627735,234.02911185627735,0.0,nan,nan
OASTER-ERP,-5,10,surface_only,case_weighted_within_scenario,68,1,0.8603513874627557,0.8648812078606355,0.76967552205956,5.211553599843865,8.372104797331557,nan,nan,0.0,nan,10.205882352941176,5.211553599843865,8.372104797331557,nan,nan,nan,1.0,nan
OASTER-ERP,-5,15,deep_only,case_weighted_within_scenario,16,1,1.0,0.9999500865167044,0.5416287653948764,nan,nan,0.0,0.0,0.932808772761163,0.0,3.5,nan,nan,0.0,0.0,1.0,nan,nan
OASTER-ERP,-5,15,deep_plus_surface,case_weighted_within_scenario,68,1,0.6860783536748423,0.8257466363692479,1.1355232985358756,20.665268148375375,22.913159393058457,2.857142962492546,2.857142962492546,0.09137510967801181,2.857142962492546,7.985294117647059,20.665268148375375,22.913159393058457,210.23199741132896,210.23199741132896,0.10294117647058823,nan,nan
OASTER-ERP,-5,15,deep_plus_two_surface,case_weighted_within_scenario,34,1,0.72369767730673,0.8043860664812458,1.3018650847998476,14.927041816693858,19.38718326547514,10.17586517012832,10.17586517012832,0.1420227634160214,10.17586517012832,7.764705882352941,14.927041816693858,19.38718326547514,187.94167871501136,187.94167871501136,0.17647058823529413,nan,nan
OASTER-ERP,-5,15,surface_only,case_weighted_within_scenario,68,1,0.8703751920705991,0.8754092235857859,0.8300605514207219,6.42758720216984,8.710190891158453,nan,nan,0.0,nan,9.044117647058824,6.42758720216984,8.710190891158453,nan,nan,nan,1.0,nan
OASTER-ERP,-5,20,deep_only,case_weighted_within_scenario,16,1,1.0,0.999958405430587,0.6147127822602988,nan,nan,0.0,0.0,0.9291243666276583,0.0,3.4375,nan,nan,0.0,0.0,1.0,nan,nan
OASTER-ERP,-5,20,deep_plus_surface,case_weighted_within_scenario,68,1,0.7504285998109644,0.8386988497055957,1.1018057419350193,21.100159187592027,23.300969001890397,2.260112571961393,2.260112571961393,0.27565808961840554,2.260112571961393,7.735294117647059,21.100159187592027,23.300969001890397,148.81992094292593,148.81992094292593,0.3235294117647059,nan,nan
OASTER-ERP,-5,20,deep_plus_two_surface,case_weighted_within_scenario,34,1,0.7556297067836065,0.8076244148646902,1.2140048985705119,14.117176344119377,21.044289520485506,5.680502502309186,5.680502502309186,0.32621833708510606,5.680502502309186,7.617647058823529,14.117176344119377,21.044289520485506,119.85480717929327,119.85480717929327,0.35294117647058826,nan,nan
OASTER-ERP,-5,20,surface_only,case_weighted_within_scenario,68,1,0.8561862794702115,0.8626655795063924,0.9106583511614953,5.654797198948207,8.688703612157452,nan,nan,0.004075091747585448,nan,10.117647058823529,5.654797198948207,8.688703612157452,nan,nan,nan,0.9852941176470589,nan
OASTER-ERP,0,-10,deep_only,case_weighted_within_scenario,16,1,0.495,0.4978287634766405,2.0,nan,nan,nan,nan,0.0,nan,5.375,nan,nan,234.02911185627735,234.02911185627735,0.0,nan,nan
OASTER-ERP,0,-10,deep_plus_surface,case_weighted_within_scenario,68,1,0.6537708417607075,0.7918902198556903,1.1993363254414073,20.88110246817736,22.57652046756763,nan,nan,0.0,nan,9.632352941176471,20.88110246817736,22.57652046756763,234.02911185627738,234.02911185627738,0.0,nan,nan
OASTER-ERP,0,-10,deep_plus_two_surface,case_weighted_within_scenario,34,1,0.6443843961225185,0.7096770336723148,1.3802873928282988,12.073060031874109,25.531461923587305,nan,nan,0.0,nan,7.0,12.073060031874109,25.531461923587305,234.02911185627735,234.02911185627735,0.0,nan,nan
OASTER-ERP,0,-10,surface_only,case_weighted_within_scenario,68,1,0.8349092789451021,0.8364866385004468,0.7992054012650756,10.131855674114714,10.422935004025511,nan,nan,0.0,nan,9.764705882352942,10.131855674114714,10.422935004025511,nan,nan,nan,1.0,nan
OASTER-ERP,0,-5,deep_only,case_weighted_within_scenario,16,1,0.525625,0.5295321442832424,1.9142979246042113,nan,nan,4.999999699676777,4.999999699676777,0.125,4.999999699676777,2.8125,nan,nan,205.40047283670228,205.40047283670228,0.125,nan,nan
OASTER-ERP,0,-5,deep_plus_surface,case_weighted_within_scenario,68,1,0.6693594521402995,0.8217575452549798,1.1217734125880727,23.06259224359402,22.28942062435557,nan,nan,0.0,nan,9.088235294117647,23.06259224359402,22.28942062435557,234.02911185627738,234.02911185627738,0.0,nan,nan
OASTER-ERP,0,-5,deep_plus_two_surface,case_weighted_within_scenario,34,1,0.6780036513881118,0.7592613468679609,1.325451207922421,7.890819527841494,15.20944021161606,nan,nan,0.0,nan,8.588235294117647,7.890819527841494,15.20944021161606,234.02911185627735,234.02911185627735,0.0,nan,nan
OASTER-ERP,0,-5,surface_only,case_weighted_within_scenario,68,1,0.8369297346658877,0.838491135529531,0.7961146408932834,14.071366870856236,11.87005814700157,nan,nan,0.0,nan,9.102941176470589,14.071366870856236,11.87005814700157,nan,nan,nan,1.0,nan
OASTER-ERP,0,0,deep_only,case_weighted_within_scenario,16,1,0.683125,0.6861814521496074,1.4863922346378096,nan,nan,0.0,0.0,0.375,0.0,3.3125,nan,nan,146.26819491017335,146.26819491017335,0.375,nan,nan
OASTER-ERP,0,0,deep_plus_surface,case_weighted_within_scenario,68,1,0.6784271222699055,0.8412052241122185,1.06111190882524,16.23423022799313,19.38583269933563,nan,nan,0.0,nan,10.661764705882353,16.23423022799313,19.38583269933563,234.02911185627738,234.02911185627738,0.0,nan,nan
OASTER-ERP,0,0,deep_plus_two_surface,case_weighted_within_scenario,34,1,0.7131228585593513,0.8063582085419592,1.2290446045582735,9.71355866178493,20.312962186986184,10.000000188899337,10.000000188899337,0.021746187797898178,10.000000188899337,9.0,9.71355866178493,20.312962186986184,227.44002033664856,227.44002033664856,0.029411764705882353,nan,nan
OASTER-ERP,0,0,surface_only,case_weighted_within_scenario,68,1,0.8458255578921764,0.8484123696109012,0.7471990807848244,9.177482052958613,10.377188708266978,nan,nan,0.0,nan,10.235294117647058,9.177482052958613,10.377188708266978,nan,nan,nan,1.0,nan
OASTER-ERP,0,5,deep_only,case_weighted_within_scenario,16,1,0.80875,0.8104743444695861,1.1257838922043333,nan,nan,0.0,0.0,0.6089112747767343,0.0,3.1875,nan,nan,87.760916946104,87.760916946104,0.625,nan,nan
OASTER-ERP,0,5,deep_plus_surface,case_weighted_within_scenario,68,1,0.6819620220483507,0.8398799461706352,1.0877824140433956,18.238274782427716,18.68602805299712,4.999999699676775,4.999999699676775,0.029411764705882353,4.999999699676775,8.794117647058824,18.238274782427716,18.68602805299712,227.2929614987303,227.2929614987303,0.029411764705882353,nan,nan
OASTER-ERP,0,5,deep_plus_two_surface,case_weighted_within_scenario,34,1,0.7085449666519112,0.8015220694762201,1.1800686391789315,8.070966158955171,15.603853450244227,0.0,0.0,0.029411764705882353,0.0,8.5,8.070966158955171,15.603853450244227,227.1459026840339,227.1459026840339,0.029411764705882353,nan,nan
OASTER-ERP,0,5,surface_only,case_weighted_within_scenario,68,1,0.8431651661670827,0.8470798791968362,0.7584096895038736,4.370044809924904,7.0219369037531205,nan,nan,0.0,nan,8.779411764705882,4.370044809924904,7.0219369037531205,nan,nan,nan,1.0,nan
OASTER-ERP,0,10,deep_only,case_weighted_within_scenario,16,1,0.8418749999999999,0.8432051111406895,1.010962317517102,nan,nan,0.0,0.0,0.6622025303267494,0.0,4.1875,nan,nan,73.13409745508667,73.13409745508667,0.6875,nan,nan
OASTER-ERP,0,10,deep_plus_surface,case_weighted_within_scenario,68,1,0.6866535659938601,0.8183363583907408,1.0845092448570373,16.69316291754905,16.343142156917,0.0,0.0,0.0882172901638304,0.0,7.9411764705882355,16.69316291754905,16.343142156917,213.37948433954702,213.37948433954702,0.08823529411764706,nan,nan
OASTER-ERP,0,10,deep_plus_two_surface,case_weighted_within_scenario,34,1,0.7267787854263333,0.8247677878425241,1.2037208842436422,12.229440866002792,21.278873339899633,5.0000000944496685,5.0000000944496685,0.03700307525466207,5.0000000944496685,9.5,12.229440866002792,21.278873339899633,220.55681116440513,220.55681116440513,0.058823529411764705,nan,nan
OASTER-ERP,0,10,surface_only,case_weighted_within_scenario,68,1,0.8579784437592006,0.8621303285835082,0.7724222629553057,4.916780059142181,7.812735649515653,nan,nan,0.003607897965264135,nan,9.544117647058824,4.916780059142181,7.812735649515653,nan,nan,nan,0.9852941176470589,nan
OASTER-ERP,0,15,deep_only,case_weighted_within_scenario,16,1,0.968125,0.9683049381072807,0.7702053481878899,nan,nan,0.0,0.0,0.8352513009805043,0.0,3.6875,nan,nan,14.626819491017335,14.626819491017335,0.9375,nan,nan
OASTER-ERP,0,15,deep_plus_surface,case_weighted_within_scenario,68,1,0.7073525417046702,0.8373070312714718,1.0830510862639215,20.526489308312446,22.17181216841688,5.102588089446149,5.102588089446149,0.14225742067987798,5.102588089446149,7.382352941176471,20.526489308312446,22.17181216841688,193.63031354448364,193.63031354448364,0.16176470588235295,nan,nan
OASTER-ERP,0,15,deep_plus_two_surface,case_weighted_within_scenario,34,1,0.7463622472834092,0.8223865347467768,1.181123999161768,13.903257902384745,22.749197716916814,4.738035507024671,4.738035507024671,0.13684798290923905,4.738035507024671,6.529411764705882,13.903257902384745,22.749197716916814,186.82212554907827,186.82212554907827,0.17647058823529413,nan,nan
OASTER-ERP,0,15,surface_only,case_weighted_within_scenario,68,1,0.8655632907531673,0.8726655992743512,0.801524356538668,4.119673522186588,6.957666140746771,nan,nan,0.0,nan,10.161764705882353,4.119673522186588,6.957666140746771,nan,nan,nan,1.0,nan
OASTER-ERP,0,20,deep_only,case_weighted_within_scenario,16,1,1.0,0.9999667243444696,0.5773726417224175,nan,nan,0.0,0.0,0.9349171041974849,0.0,3.75,nan,nan,0.0,0.0,1.0,nan,nan
OASTER-ERP,0,20,deep_plus_surface,case_weighted_within_scenario,68,1,0.7699387301083119,0.8404679527475492,1.0401221888227257,19.034360648455053,21.386758306043305,1.2587177869510464,1.2587177869510464,0.321255156830473,1.2587177869510464,8.941176470588236,19.034360648455053,21.386758306043305,134.7593849737706,134.7593849737706,0.39705882352941174,nan,nan
OASTER-ERP,0,20,deep_plus_two_surface,case_weighted_within_scenario,34,1,0.7494494904905239,0.8125611278510432,1.2199141484873852,12.714404771882185,24.400277671606943,5.115600988356998,5.115600988356998,0.2896557063610502,5.115600988356998,6.735294117647059,12.714404771882185,24.400277671606943,146.50335770089603,146.50335770089603,0.3235294117647059,nan,nan
OASTER-ERP,0,20,surface_only,case_weighted_within_scenario,68,1,0.862269654149731,0.8712304886202894,0.8872475656972174,5.275799766014898,7.918932130459061,nan,nan,0.012514581435089591,nan,10.0,5.275799766014898,7.918932130459061,nan,nan,nan,0.9852941176470589,nan
OASTER-ERP,5,-10,deep_only,case_weighted_within_scenario,16,1,0.4925,0.49796602555570346,2.0,nan,nan,nan,nan,0.0,nan,3.1875,nan,nan,234.02911185627735,234.02911185627735,0.0,nan,nan
OASTER-ERP,5,-10,deep_plus_surface,case_weighted_within_scenario,68,1,0.6710627143550271,0.8176447303988701,1.0723677772958085,19.30081720942557,19.61500958642532,0.0,0.0,0.014705882352941176,0.0,9.779411764705882,19.30081720942557,19.61500958642532,230.58750727015564,230.58750727015564,0.014705882352941176,nan,nan
OASTER-ERP,5,-10,deep_plus_two_surface,case_weighted_within_scenario,34,1,0.6720598478883162,0.7461298991219278,1.2772375752678027,11.680118444617214,22.50909816347075,nan,nan,0.0,nan,8.411764705882353,11.680118444617214,22.50909816347075,234.02911185627735,234.02911185627735,0.0,nan,nan
OASTER-ERP,5,-10,surface_only,case_weighted_within_scenario,68,1,0.8283378297699142,0.8300277038184584,0.7685731166970455,5.540106705213658,8.709262302937304,nan,nan,0.0,nan,9.117647058823529,5.540106705213658,8.709262302937304,nan,nan,nan,1.0,nan
OASTER-ERP,5,-5,deep_only,case_weighted_within_scenario,16,1,0.62,0.6236689737787835,1.6744830814333518,nan,nan,0.0,0.0,0.25,0.0,4.0625,nan,nan,175.521833892208,175.521833892208,0.25,nan,nan
OASTER-ERP,5,-5,deep_plus_surface,case_weighted_within_scenario,68,1,0.6715357947558555,0.8258638158093425,1.1113308696593467,21.092995427070225,22.53310607755918,nan,nan,0.0,nan,8.455882352941176,21.092995427070225,22.53310607755918,234.02911185627738,234.02911185627738,0.0,nan,nan
OASTER-ERP,5,-5,deep_plus_two_surface,case_weighted_within_scenario,34,1,0.7081902431455593,0.7943839168836706,1.1604458538661195,9.974943857529276,17.96905516691754,0.0,0.0,0.029411764705882353,0.0,8.323529411764707,9.974943857529276,17.96905516691754,227.1459026840339,227.1459026840339,0.029411764705882353,nan,nan
OASTER-ERP,5,-5,surface_only,case_weighted_within_scenario,68,1,0.8460977167722853,0.8476557899155972,0.7430768615904713,8.140304644244356,11.547664589956613,nan,nan,0.0,nan,9.911764705882353,8.140304644244356,11.547664589956613,nan,nan,nan,1.0,nan
OASTER-ERP,5,0,deep_only,case_weighted_within_scenario,16,1,0.745,0.7478620391321709,1.3233650370502108,nan,nan,0.0,0.0,0.5,0.0,3.375,nan,nan,117.01455592813868,117.01455592813868,0.5,nan,nan
OASTER-ERP,5,0,deep_plus_surface,case_weighted_within_scenario,68,1,0.6859771310109025,0.8409421396929402,1.0439892208007235,16.260617922488212,17.914902624722192,0.0,0.0,0.02908331120772111,0.0,8.514705882352942,16.260617922488212,17.914902624722192,227.14590268403393,227.14590268403393,0.029411764705882353,nan,nan
OASTER-ERP,5,0,deep_plus_two_surface,case_weighted_within_scenario,34,1,0.7086850097661079,0.799393409608629,1.2519017517397995,12.104762892901677,23.33104628980169,nan,nan,0.0,nan,6.852941176470588,12.104762892901677,23.33104628980169,234.02911185627735,234.02911185627735,0.0,nan,nan
OASTER-ERP,5,0,surface_only,case_weighted_within_scenario,68,1,0.8525986384421982,0.8548086312433275,0.7026788364212371,4.570764674352031,8.397363543938189,nan,nan,0.0,nan,9.470588235294118,4.570764674352031,8.397363543938189,nan,nan,nan,1.0,nan
OASTER-ERP,5,5,deep_only,case_weighted_within_scenario,16,1,0.7775000000000001,0.7798399440968987,1.2282246944866986,nan,nan,0.0,0.0,0.5551606439978571,0.0,4.25,nan,nan,102.38773643712135,102.38773643712135,0.5625,nan,nan
OASTER-ERP,5,5,deep_plus_surface,case_weighted_within_scenario,68,1,0.6791766411105118,0.8215384267864193,1.1017091682332982,21.852769298099254,22.821163105184883,3.5355337817754515,3.5355337817754515,0.04927968902637144,3.5355337817754515,7.573529411764706,21.852769298099254,22.821163105184883,220.47066608718904,220.47066608718904,0.04411764705882353,nan,nan
OASTER-ERP,5,5,deep_plus_two_surface,case_weighted_within_scenario,34,1,0.7161051950955953,0.8024126816390167,1.1085756186885904,9.13709147961845,14.814501709042938,5.000000274274246,5.000000274274246,0.053314106908252834,5.000000274274246,9.794117647058824,9.13709147961845,14.814501709042938,220.55681117498304,220.55681117498304,0.058823529411764705,nan,nan
OASTER-ERP,5,5,surface_only,case_weighted_within_scenario,68,1,0.8551892634579881,0.8602143651015159,0.7295622373542423,3.818156907653139,6.477752946506973,nan,nan,0.0,nan,8.529411764705882,3.818156907653139,6.477752946506973,nan,nan,nan,1.0,nan
OASTER-ERP,5,10,deep_only,case_weighted_within_scenario,16,1,0.935625,0.9370091840809264,0.722493703260823,nan,nan,0.0,0.0,0.8652839817394984,0.0,4.375,nan,nan,29.25363898203467,29.25363898203467,0.875,nan,nan
OASTER-ERP,5,10,deep_plus_surface,case_weighted_within_scenario,68,1,0.6917324194578367,0.8466860429237131,1.0726605493863692,18.913696996178345,19.257558897908613,0.0,0.0,0.03954760208912925,0.0,7.632352941176471,18.913696996178345,19.257558897908613,223.70429809791221,223.70429809791221,0.04411764705882353,nan,nan
OASTER-ERP,5,10,deep_plus_two_surface,case_weighted_within_scenario,34,1,0.7504618520612161,0.8445892472867064,1.0806583188226242,11.426351376777472,18.981096542045112,9.553418201889574,9.553418201889574,0.17237507570790164,9.553418201889574,8.352941176470589,11.426351376777472,18.981096542045112,194.41575415256185,194.41575415256185,0.11764705882352941,nan,nan
OASTER-ERP,5,10,surface_only,case_weighted_within_scenario,68,1,0.8668255503836512,0.8713301611225719,0.7562213614908508,5.260852928960375,7.44379192093526,nan,nan,0.0,nan,9.117647058823529,5.260852928960375,7.44379192093526,nan,nan,nan,1.0,nan
OASTER-ERP,5,15,deep_only,case_weighted_within_scenario,16,1,1.0,0.9999833621722348,0.5380462111578697,nan,nan,0.0,0.0,0.9708168325471773,0.0,4.5625,nan,nan,0.0,0.0,1.0,nan,nan
OASTER-ERP,5,15,deep_plus_surface,case_weighted_within_scenario,68,1,0.7229678719050546,0.8416974923814543,1.0498838407119062,17.523776455330363,18.770924374096925,0.0,0.0,0.15518693989526236,0.0,7.588235294117647,17.523776455330363,18.770924374096925,189.28825223669494,189.28825223669494,0.19117647058823528,nan,nan
OASTER-ERP,5,15,deep_plus_two_surface,case_weighted_within_scenario,34,1,0.7479831923025104,0.816316175239839,1.1634633846672795,14.38738014094115,18.09883475018995,4.389479129353628,4.389479129353628,0.24541279761971674,4.389479129353628,7.411764705882353,14.38738014094115,18.09883475018995,159.73393656227265,159.73393656227265,0.2647058823529412,nan,nan
OASTER-ERP,5,15,surface_only,case_weighted_within_scenario,68,1,0.85000125018161,0.8546687384798836,0.8367563175494191,4.558536855082998,8.469951498240409,nan,nan,0.0,nan,8.485294117647058,4.558536855082998,8.469951498240409,nan,nan,nan,1.0,nan
OASTER-ERP,5,20,deep_only,case_weighted_within_scenario,16,1,1.0,0.9999667243444695,0.5482556826018145,nan,nan,0.0,0.0,0.9457137527906605,0.0,4.25,nan,nan,0.0,0.0,1.0,nan,nan
OASTER-ERP,5,20,deep_plus_surface,case_weighted_within_scenario,68,1,0.7743318466611235,0.8471739081493436,1.0549223164051802,17.77290396833195,23.432110175986548,1.0344827509362837,1.0344827509362837,0.2849474246123029,1.0344827509362837,7.382352941176471,17.77290396833195,23.432110175986548,134.6637553260584,134.6637553260584,0.4117647058823529,nan,nan
OASTER-ERP,5,20,deep_plus_two_surface,case_weighted_within_scenario,34,1,0.7565672149058936,0.8238684759596974,1.1112839648196229,11.020043340404348,18.569500251093256,10.671648928737358,10.671648928737358,0.321969073534126,10.671648928737358,8.411764705882353,11.020043340404348,18.569500251093256,128.919717537435,128.919717537435,0.29411764705882354,nan,nan
OASTER-ERP,5,20,surface_only,case_weighted_within_scenario,68,1,0.8593731187933886,0.863301526921481,0.8239577920426644,5.227883756213453,7.964994622299245,nan,nan,0.0,nan,8.455882352941176,5.227883756213453,7.964994622299245,nan,nan,nan,1.0,nan
OASTER-ERP,10,-10,deep_only,case_weighted_within_scenario,16,1,0.5571875,0.5611939305204312,1.8341437651425498,nan,nan,0.0,0.0,0.12200547047364943,0.0,2.75,nan,nan,204.77547287424267,204.77547287424267,0.125,nan,nan
OASTER-ERP,10,-10,deep_plus_surface,case_weighted_within_scenario,68,1,0.6715360246703006,0.8228962120214929,1.1579325016295539,22.73042426385175,26.80967339063222,0.0,0.0,0.014705882352941176,0.0,7.911764705882353,22.73042426385175,26.80967339063222,230.58750727015564,230.58750727015564,0.014705882352941176,nan,nan
OASTER-ERP,10,-10,deep_plus_two_surface,case_weighted_within_scenario,34,1,0.6965082736102982,0.783923048023318,1.2599462667951613,16.36813275669073,22.13593293161991,nan,nan,0.0,nan,8.911764705882353,16.36813275669073,22.13593293161991,234.02911185627735,234.02911185627735,0.0,nan,nan
OASTER-ERP,10,-10,surface_only,case_weighted_within_scenario,68,1,0.8391561621093439,0.8431251627180492,0.7404684761056176,3.359209556300785,6.4452592048782185,nan,nan,0.0,nan,9.705882352941176,3.359209556300785,6.4452592048782185,nan,nan,nan,1.0,nan
OASTER-ERP,10,-5,deep_only,case_weighted_within_scenario,16,1,0.71375,0.7175188007453748,1.4110448526427024,nan,nan,0.0,0.0,0.4375,0.0,4.25,nan,nan,131.64137541915602,131.64137541915602,0.4375,nan,nan
OASTER-ERP,10,-5,deep_plus_surface,case_weighted_within_scenario,68,1,0.6823256936660209,0.8335502593358491,1.1009105712173477,24.369520960298797,28.299190961712732,0.0,0.0,0.029411764705882353,0.0,8.382352941176471,24.369520960298797,28.299190961712732,227.14590268403393,227.14590268403393,0.029411764705882353,nan,nan
OASTER-ERP,10,-5,deep_plus_two_surface,case_weighted_within_scenario,34,1,0.7115389539595975,0.8007653983059031,1.2142198332178664,17.641246213178174,24.576663075507774,0.0,0.0,0.029411764705882353,0.0,7.0,17.641246213178174,24.576663075507774,227.1459026840339,227.1459026840339,0.029411764705882353,nan,nan
OASTER-ERP,10,-5,surface_only,case_weighted_within_scenario,68,1,0.8446159798254873,0.8478506712286484,0.7777218780875973,3.1823705918528766,6.095491702032851,nan,nan,0.0,nan,9.073529411764707,3.1823705918528766,6.095491702032851,nan,nan,nan,1.0,nan
OASTER-ERP,10,0,deep_only,case_weighted_within_scenario,16,1,0.806875,0.8115225276187941,1.1377821583295518,nan,nan,0.0,0.0,0.625,0.0,4.25,nan,nan,87.760916946104,87.760916946104,0.625,nan,nan
OASTER-ERP,10,0,deep_plus_surface,case_weighted_within_scenario,68,1,0.6854414683151047,0.833837603705768,1.0980193461533059,25.959440311668374,30.29980741664759,2.4999998498383897,2.4999998498383897,0.051699711938436387,2.4999998498383897,8.852941176470589,25.959440311668374,30.29980741664759,220.40975232648685,220.40975232648685,0.058823529411764705,nan,nan
OASTER-ERP,10,0,deep_plus_two_surface,case_weighted_within_scenario,34,1,0.7180708699835756,0.7991803628808851,1.1574422526350339,13.903530019777836,20.889097722531538,0.0,0.0,0.058823529411764705,0.0,8.705882352941176,13.903530019777836,20.889097722531538,220.26269351179042,220.26269351179042,0.058823529411764705,nan,nan
OASTER-ERP,10,0,surface_only,case_weighted_within_scenario,68,1,0.8631135716469371,0.8654992020997035,0.6834506055160897,2.7345928271744584,5.878186943014826,nan,nan,0.0,nan,9.220588235294118,2.7345928271744584,5.878186943014826,nan,nan,nan,1.0,nan
OASTER-ERP,10,5,deep_only,case_weighted_within_scenario,16,1,0.96875,0.9685753028084654,0.7368175931160879,nan,nan,0.0,0.0,0.9310729850263999,0.0,4.0,nan,nan,14.626819491017335,14.626819491017335,0.9375,nan,nan
OASTER-ERP,10,5,deep_plus_surface,case_weighted_within_scenario,68,1,0.6868704047832279,0.8446736532519555,1.0503841418900248,22.978933155331315,23.08197986505746,0.0,0.0,0.029411764705882353,0.0,8.411764705882353,22.978933155331315,23.08197986505746,227.14590268403393,227.14590268403393,0.029411764705882353,nan,nan
OASTER-ERP,10,5,deep_plus_two_surface,case_weighted_within_scenario,34,1,0.723464325549147,0.8007349380160389,1.1523534512869407,13.268124310161813,15.656040966794327,4.0000001474895654,4.0000001474895654,0.09732912230806609,4.0000001474895654,8.588235294117647,13.268124310161813,15.656040966794327,200.2013013108674,200.2013013108674,0.14705882352941177,nan,nan
OASTER-ERP,10,5,surface_only,case_weighted_within_scenario,68,1,0.8690450014748669,0.871689619601385,0.6702987521911886,2.7960185380180995,6.733011436351338,nan,nan,0.0,nan,9.602941176470589,2.7960185380180995,6.733011436351338,nan,nan,nan,1.0,nan
OASTER-ERP,10,10,deep_only,case_weighted_within_scenario,16,1,0.9684375000000001,0.9687208838014109,0.6544266355240609,nan,nan,0.0,0.0,0.9366967673431584,0.0,5.3125,nan,nan,14.626819491017335,14.626819491017335,0.9375,nan,nan
OASTER-ERP,10,10,deep_plus_surface,case_weighted_within_scenario,68,1,0.7006151428436548,0.8336892548421492,1.0625977748444286,24.061344540907943,23.67556389506662,1.9245008417186524,1.9245008417186524,0.10872211465970834,1.9245008417186524,7.426470588235294,24.061344540907943,23.67556389506662,203.3093839278799,203.3093839278799,0.11764705882352941,nan,nan
OASTER-ERP,10,10,deep_plus_two_surface,case_weighted_within_scenario,34,1,0.7383225271595828,0.8308170441522897,1.1219133648321467,14.327009124314186,23.291856510752698,5.0000000944496685,5.0000000944496685,0.10118429827531097,5.0000000944496685,9.941176470588236,14.327009124314186,23.291856510752698,207.08451047253288,207.08451047253288,0.11764705882352941,nan,nan
OASTER-ERP,10,10,surface_only,case_weighted_within_scenario,68,1,0.8522485076555746,0.8565720544691245,0.71789526240295,2.887148649676545,6.214878637308069,nan,nan,0.0,nan,9.014705882352942,2.887148649676545,6.214878637308069,nan,nan,nan,1.0,nan
OASTER-ERP,10,15,deep_only,case_weighted_within_scenario,16,1,0.99875,0.999958405430587,0.5122503432928869,nan,nan,0.0,0.0,0.9658821839106874,0.0,4.5625,nan,nan,0.0,0.0,1.0,nan,nan
OASTER-ERP,10,15,deep_plus_surface,case_weighted_within_scenario,68,1,0.732860588571555,0.8476899341908632,1.0052321568611728,23.265983566380864,26.38064588128809,2.0291116654251935,2.0291116654251935,0.19680101733965355,2.0291116654251935,8.661764705882353,23.265983566380864,26.38064588128809,176.02911180856435,176.02911180856435,0.23529411764705882,nan,nan
OASTER-ERP,10,15,deep_plus_two_surface,case_weighted_within_scenario,34,1,0.7902674106717787,0.8432626016068083,0.9518702203151767,10.658044164307254,17.021270894159695,2.665750643944387,2.665750643944387,0.3576234888815314,2.665750643944387,8.441176470588236,10.658044164307254,17.021270894159695,138.7618454747285,138.7618454747285,0.38235294117647056,nan,nan
OASTER-ERP,10,15,surface_only,case_weighted_within_scenario,68,1,0.8642653408879457,0.8690764701458377,0.731191835746828,2.922411798384542,6.2126882782527595,nan,nan,0.0,nan,8.764705882352942,2.922411798384542,6.2126882782527595,nan,nan,nan,1.0,nan
OASTER-ERP,10,20,deep_only,case_weighted_within_scenario,16,1,0.999375,0.9999667243444695,0.527330038742565,nan,nan,0.0,0.0,0.9672757558530773,0.0,4.6875,nan,nan,0.0,0.0,1.0,nan,nan
OASTER-ERP,10,20,deep_plus_surface,case_weighted_within_scenario,68,1,0.7904395327114374,0.8503440439913361,0.9347062740599442,18.57278108253709,19.912600722454894,1.9234431154420748,1.9234431154420748,0.38718095144923886,1.9234431154420748,8.205882352941176,18.57278108253709,19.912600722454894,114.56295882790626,114.56295882790626,0.4852941176470588,nan,nan
OASTER-ERP,10,20,deep_plus_two_surface,case_weighted_within_scenario,34,1,0.7893421846734722,0.8281019855896252,1.0265858442314402,11.195233611744971,22.483949495067918,4.9894547421170605,4.9894547421170605,0.5273778106213974,4.9894547421170605,8.705882352941176,11.195233611744971,22.483949495067918,72.3540597756936,72.3540597756936,0.5588235294117647,nan,nan
OASTER-ERP,10,20,surface_only,case_weighted_within_scenario,68,1,0.8642999609215058,0.8693761395525949,0.7765323508698811,4.054906490683578,6.332081660895608,nan,nan,0.004488520182505546,nan,9.485294117647058,4.054906490683578,6.332081660895608,nan,nan,nan,0.9852941176470589,nan
OASTER-ERP,15,-10,deep_only,case_weighted_within_scenario,16,1,0.746875,0.7489227006522028,1.353577005488697,nan,nan,0.0,0.0,0.5,0.0,4.3125,nan,nan,117.01455592813868,117.01455592813868,0.5,nan,nan
OASTER-ERP,15,-10,deep_plus_surface,case_weighted_within_scenario,68,1,0.6823434842062581,0.8179411856116473,1.1826710405783918,25.97870260231103,31.595662973149842,0.0,0.0,0.05171310956428643,0.0,7.014705882352941,25.97870260231103,31.595662973149842,216.82108892566873,216.82108892566873,0.07352941176470588,nan,nan
OASTER-ERP,15,-10,deep_plus_two_surface,case_weighted_within_scenario,34,1,0.718008058414088,0.7816739506661001,1.2219783184853712,16.66419535897054,28.108017684154476,2.3570226810201715,2.3570226810201715,0.12525450136136396,2.3570226810201715,6.0588235294117645,16.66419535897054,28.108017684154476,193.14580200182016,193.14580200182016,0.14705882352941177,nan,nan
OASTER-ERP,15,-10,surface_only,case_weighted_within_scenario,68,1,0.8401065799445999,0.8430459220523158,0.7525313853738719,3.9402018651709207,6.927071066609895,nan,nan,0.0,nan,8.970588235294118,3.9402018651709207,6.927071066609895,nan,nan,nan,1.0,nan
OASTER-ERP,15,-5,deep_only,case_weighted_within_scenario,16,1,0.779375,0.7803307600159723,1.316117632590141,nan,nan,0.0,0.0,0.5612008521682849,0.0,4.4375,nan,nan,102.38773643712135,102.38773643712135,0.5625,nan,nan
OASTER-ERP,15,-5,deep_plus_surface,case_weighted_within_scenario,68,1,0.6951963975002355,0.823556091619457,1.1407359220401367,27.159178164065167,29.870495949552833,1.1111110443726167,1.1111110443726167,0.114705998477898,1.1111110443726167,8.367647058823529,27.159178164065167,29.870495949552833,203.20172939587823,203.20172939587823,0.1323529411764706,nan,nan
OASTER-ERP,15,-5,deep_plus_two_surface,case_weighted_within_scenario,34,1,0.7226076956985173,0.7931427331150693,1.2032244117804805,14.97385604656854,24.821442676342706,7.062851813089931,7.062851813089931,0.1276770525246724,7.062851813089931,8.647058823529411,14.97385604656854,24.821442676342706,180.62528596376268,180.62528596376268,0.17647058823529413,nan,nan
OASTER-ERP,15,-5,surface_only,case_weighted_within_scenario,68,1,0.8570581084202439,0.8618456135677831,0.7153758319621073,3.7631289907564947,7.574495944076638,nan,nan,0.0,nan,9.75,3.7631289907564947,7.574495944076638,nan,nan,nan,1.0,nan
OASTER-ERP,15,0,deep_only,case_weighted_within_scenario,16,1,0.8412499999999999,0.8423274657260749,1.1267463739038703,nan,nan,0.0,0.0,0.6703440505560084,0.0,3.8125,nan,nan,73.13409745508667,73.13409745508667,0.6875,nan,nan
OASTER-ERP,15,0,deep_plus_surface,case_weighted_within_scenario,68,1,0.7177551786499338,0.8558744828762096,1.0443339723094862,26.251930293311045,26.25956606625663,0.0,0.0,0.10850210234970473,0.0,9.044117647058824,26.251930293311045,26.25956606625663,203.05467058118185,203.05467058118185,0.1323529411764706,nan,nan
OASTER-ERP,15,0,deep_plus_two_surface,case_weighted_within_scenario,34,1,0.7524415027597332,0.827222775705668,1.0782107669196197,16.49180931958553,20.83703424150832,1.428571506935499,1.428571506935499,0.16430303034763735,1.428571506935499,10.294117647058824,16.49180931958553,20.83703424150832,186.14076531376577,186.14076531376577,0.20588235294117646,nan,nan
OASTER-ERP,15,0,surface_only,case_weighted_within_scenario,68,1,0.8467363482163082,0.8493679039680536,0.7302236202741462,3.61978257885565,7.503651288550707,nan,nan,0.0,nan,8.676470588235293,3.61978257885565,7.503651288550707,nan,nan,nan,1.0,nan
OASTER-ERP,15,5,deep_only,case_weighted_within_scenario,16,1,0.9675,0.9682966191933982,0.7455271108593504,nan,nan,0.0,0.0,0.9268902114897661,0.0,5.125,nan,nan,14.626819491017335,14.626819491017335,0.9375,nan,nan
OASTER-ERP,15,5,deep_plus_surface,case_weighted_within_scenario,68,1,0.723698384652275,0.8577950269152735,1.0529906181633546,27.45566243918472,29.885179370975393,3.7668544235701376,3.7668544235701376,0.17182820045990235,3.7668544235701376,9.441176470588236,27.45566243918472,29.885179370975393,183.2359668343567,183.2359668343567,0.19117647058823528,nan,nan
OASTER-ERP,15,5,deep_plus_two_surface,case_weighted_within_scenario,34,1,0.7435934081380191,0.7888451670630028,1.12533242186173,12.941222966837396,19.45738945164381,2.49999991563387,2.49999991563387,0.2827743028147518,2.49999991563387,7.676470588235294,12.941222966837396,19.45738945164381,152.3129547007561,152.3129547007561,0.35294117647058826,nan,nan
OASTER-ERP,15,5,surface_only,case_weighted_within_scenario,68,1,0.8705061782898778,0.875885480002467,0.7330135856737141,3.2072551285362705,6.905691906065653,nan,nan,0.0,nan,8.676470588235293,3.2072551285362705,6.905691906065653,nan,nan,nan,1.0,nan
OASTER-ERP,15,10,deep_only,case_weighted_within_scenario,16,1,1.0,0.9999750432583523,0.6362703820362094,nan,nan,0.0,0.0,0.9768203375378575,0.0,4.5625,nan,nan,0.0,0.0,1.0,nan,nan
OASTER-ERP,15,10,deep_plus_surface,case_weighted_within_scenario,68,1,0.7608535905120203,0.8667052439089563,0.9063874397883391,22.929196451632446,23.17510679100155,0.47619044758826445,0.47619044758826445,0.26650589521328444,0.47619044758826445,8.794117647058824,22.929196451632446,23.17510679100155,161.90247436241754,161.90247436241754,0.3088235294117647,nan,nan
OASTER-ERP,15,10,deep_plus_two_surface,case_weighted_within_scenario,34,1,0.7813253075790716,0.8124283300045659,0.9358123782583656,10.99147691400608,17.61322149821646,2.682459495364012,2.682459495364012,0.4112571201507164,2.682459495364012,9.705882352941176,10.99147691400608,17.61322149821646,111.55147237108793,111.55147237108793,0.47058823529411764,nan,nan
OASTER-ERP,15,10,surface_only,case_weighted_within_scenario,68,1,0.8788105274624594,0.886506534159017,0.6949345813986048,3.6813957031861104,6.098525768330256,nan,nan,0.0016599591650860656,nan,8.882352941176471,3.6813957031861104,6.098525768330256,nan,nan,nan,0.9852941176470589,nan
OASTER-ERP,15,15,deep_only,case_weighted_within_scenario,16,1,1.0,0.9999667243444696,0.5071975061928231,nan,nan,0.0,0.0,0.9731384297691112,0.0,4.75,nan,nan,0.0,0.0,1.0,nan,nan
OASTER-ERP,15,15,deep_plus_surface,case_weighted_within_scenario,68,1,0.7810781317572879,0.8479147246802415,0.9158168085835705,19.207507184051835,24.020347383268724,0.3333333133117851,0.3333333133117851,0.3282548477720552,0.3333333133117851,8.411764705882353,19.207507184051835,24.020347383268724,130.92803308732198,130.92803308732198,0.4411764705882353,nan,nan
OASTER-ERP,15,15,deep_plus_two_surface,case_weighted_within_scenario,34,1,0.8176930570219012,0.8422256209350475,0.8665059894677344,10.441646682683867,13.05801969554356,1.2071067863480551,1.2071067863480551,0.4688477455354935,1.2071067863480551,10.823529411764707,10.441646682683867,13.05801969554356,97.07499122690717,97.07499122690717,0.5588235294117647,nan,nan
OASTER-ERP,15,15,surface_only,case_weighted_within_scenario,68,1,0.8669174262493031,0.8739327468344477,0.7000215360865233,2.977777320663817,5.95037164465371,nan,nan,0.0,nan,10.573529411764707,2.977777320663817,5.95037164465371,nan,nan,nan,1.0,nan
OASTER-ERP,15,20,deep_only,case_weighted_within_scenario,16,1,1.0,0.9999833621722348,0.4798862547284777,nan,nan,0.0,0.0,0.9923277601768732,0.0,4.75,nan,nan,0.0,0.0,1.0,nan,nan
OASTER-ERP,15,20,deep_plus_surface,case_weighted_within_scenario,68,1,0.8305692953592994,0.865526661659835,0.8591874368636122,18.007140135381377,17.414109731113143,0.7142856901811055,0.7142856901811055,0.46828177829935325,0.7142856901811055,9.279411764705882,18.007140135381377,17.414109731113143,89.92289569486495,89.92289569486495,0.6029411764705882,nan,nan
OASTER-ERP,15,20,deep_plus_two_surface,case_weighted_within_scenario,34,1,0.8053112584380396,0.835114787911549,0.8483361979052916,8.586056093050372,13.410958459337708,4.156121438712302,4.156121438712302,0.5715866958013694,4.156121438712302,10.647058823529411,8.586056093050372,13.410958459337708,71.76582450270202,71.76582450270202,0.5882352941176471,nan,nan
OASTER-ERP,15,20,surface_only,case_weighted_within_scenario,68,1,0.8521898380608072,0.8572441037091579,0.7734049452746178,4.854182626648485,8.818561336677078,nan,nan,0.004564350636462539,nan,8.632352941176471,4.854182626648485,8.818561336677078,nan,nan,nan,0.9852941176470589,nan
OASTER-ERP,20,-10,deep_only,case_weighted_within_scenario,16,1,0.905,0.9057758219086915,0.9254893542918528,nan,nan,0.0,0.0,0.7663809457958841,0.0,3.8125,nan,nan,43.880458473052,43.880458473052,0.8125,nan,nan
OASTER-ERP,20,-10,deep_plus_surface,case_weighted_within_scenario,68,1,0.732669769073903,0.8485106090252447,1.0878189580582553,24.45693287929988,22.99080555996024,1.176470631614578,1.176470631614578,0.2051691188525407,1.176470631614578,8.911764705882353,24.45693287929988,22.99080555996024,175.81595155011172,175.81595155011172,0.25,nan,nan
OASTER-ERP,20,-10,deep_plus_two_surface,case_weighted_within_scenario,34,1,0.7327748172823054,0.7841795246641602,1.1570756866698073,14.040090205320407,23.58937079800883,5.983127832571773,5.983127832571773,0.29734047549394843,5.983127832571773,9.117647058823529,14.040090205320407,23.58937079800883,133.42058949287784,133.42058949287784,0.3235294117647059,nan,nan
OASTER-ERP,20,-10,surface_only,case_weighted_within_scenario,68,1,0.8392632019492312,0.8423186545252737,0.7817854924561004,4.231678274891504,6.602811741526972,nan,nan,0.0,nan,9.588235294117647,4.231678274891504,6.602811741526972,nan,nan,nan,1.0,nan
OASTER-ERP,20,-5,deep_only,case_weighted_within_scenario,16,1,0.966875,0.9686168973778784,0.7855265231048476,nan,nan,0.0,0.0,0.8964385985159001,0.0,4.375,nan,nan,14.626819491017335,14.626819491017335,0.9375,nan,nan
OASTER-ERP,20,-5,deep_plus_surface,case_weighted_within_scenario,68,1,0.7396455389562364,0.8400553852321977,1.0605844615279802,23.861563068299418,23.220560887326123,1.1768779096588728,1.1768779096588728,0.2006559001361665,1.1768779096588728,8.764705882352942,23.861563068299418,23.220560887326123,168.96745825354574,168.96745825354574,0.2647058823529412,nan,nan
OASTER-ERP,20,-5,deep_plus_two_surface,case_weighted_within_scenario,34,1,0.7626959967365513,0.7991132358249871,1.0977290625361713,14.959483732676354,21.125360128144976,2.9760678230134916,2.9760678230134916,0.3069274486187497,2.9760678230134916,9.264705882352942,14.959483732676354,21.125360128144976,132.0939453710139,132.0939453710139,0.38235294117647056,nan,nan
OASTER-ERP,20,-5,surface_only,case_weighted_within_scenario,68,1,0.8521574292967979,0.8576758634253461,0.7340975026156629,4.155674470939122,8.411369445616346,nan,nan,0.0,nan,9.970588235294118,4.155674470939122,8.411369445616346,nan,nan,nan,1.0,nan
OASTER-ERP,20,0,deep_only,case_weighted_within_scenario,16,1,0.934375,0.9365973978437374,0.8819951023515004,nan,nan,0.0,0.0,0.8199030796191993,0.0,4.25,nan,nan,29.25363898203467,29.25363898203467,0.875,nan,nan
OASTER-ERP,20,0,deep_plus_surface,case_weighted_within_scenario,68,1,0.7780711069437342,0.8532677130108172,0.935950820988444,21.463603210568277,18.52219391381748,1.435268199089257,1.435268199089257,0.3591996618155726,1.435268199089257,10.0,21.463603210568277,18.52219391381748,134.83467853188836,134.83467853188836,0.4117647058823529,nan,nan
OASTER-ERP,20,0,deep_plus_two_surface,case_weighted_within_scenario,34,1,0.7786341158526328,0.818010658617716,1.080872054995444,12.32003684847999,17.88956021748606,7.891207447500623,7.891207447500623,0.3889080468520324,7.891207447500623,7.676470588235294,12.32003684847999,17.88956021748606,87.7045854741277,87.7045854741277,0.47058823529411764,nan,nan
OASTER-ERP,20,0,surface_only,case_weighted_within_scenario,68,1,0.8640956086352567,0.8682251963600993,0.728394363385326,3.1450981850464252,7.055475182639796,nan,nan,0.0,nan,9.926470588235293,3.1450981850464252,7.055475182639796,nan,nan,nan,1.0,nan
OASTER-ERP,20,5,deep_only,case_weighted_within_scenario,16,1,1.0,0.9999750432583523,0.6596867575418364,nan,nan,0.0,0.0,0.9805111319730919,0.0,4.625,nan,nan,0.0,0.0,1.0,nan,nan
OASTER-ERP,20,5,deep_plus_surface,case_weighted_within_scenario,68,1,0.7722908950706838,0.8477064432725572,0.9961119932936365,22.809598531665802,22.57908658883349,2.5150147884070617,2.5150147884070617,0.33757075163241823,2.5150147884070617,9.338235294117647,22.809598531665802,22.57908658883349,128.48592054592473,128.48592054592473,0.39705882352941174,nan,nan
OASTER-ERP,20,5,deep_plus_two_surface,case_weighted_within_scenario,34,1,0.7825536360447082,0.827228191741308,0.9787567796194995,10.8756930946897,14.609300352516192,5.413023064669484,5.413023064669484,0.40371888187144495,5.413023064669484,10.176470588235293,10.8756930946897,14.609300352516192,106.27306223743766,106.27306223743766,0.47058823529411764,nan,nan
OASTER-ERP,20,5,surface_only,case_weighted_within_scenario,68,1,0.8584175825748315,0.8622844398413544,0.7152569020487213,3.0833452374735955,6.83881173621936,nan,nan,0.0,nan,9.279411764705882,3.0833452374735955,6.83881173621936,nan,nan,nan,1.0,nan
OASTER-ERP,20,10,deep_only,case_weighted_within_scenario,16,1,1.0,0.9999833621722347,0.5469776642097757,nan,nan,0.0,0.0,0.9948844963630898,0.0,4.4375,nan,nan,0.0,0.0,1.0,nan,nan
OASTER-ERP,20,10,deep_plus_surface,case_weighted_within_scenario,68,1,0.7977621372898808,0.8652077147056366,0.8779592336834245,20.30572017128402,19.77431100290041,1.5887080337956887,1.5887080337956887,0.38672102084758153,1.5887080337956887,9.779411764705882,20.30572017128402,19.77431100290041,114.39066871235298,114.39066871235298,0.47058823529411764,nan,nan
OASTER-ERP,20,10,deep_plus_two_surface,case_weighted_within_scenario,34,1,0.8244780348999186,0.8356003418150124,0.9572434164472587,12.225030949023836,15.125231855504028,2.5609435537600747,2.5609435537600747,0.4740849563837815,2.5609435537600747,9.588235294117647,12.225030949023836,15.125231855504028,70.63981658391221,70.63981658391221,0.6176470588235294,nan,nan
OASTER-ERP,20,10,surface_only,case_weighted_within_scenario,68,1,0.8714206377873301,0.8764010435544001,0.6965526382647963,2.6918002484426653,6.908534745060577,nan,nan,0.0,nan,9.382352941176471,2.6918002484426653,6.908534745060577,nan,nan,nan,1.0,nan
OASTER-ERP,20,15,deep_only,case_weighted_within_scenario,16,1,1.0,0.9999833621722347,0.47282694777716505,nan,nan,0.0,0.0,0.9950002171507681,0.0,4.75,nan,nan,0.0,0.0,1.0,nan,nan
OASTER-ERP,20,15,deep_plus_surface,case_weighted_within_scenario,68,1,0.8473446543451982,0.885630003318207,0.7638334805418348,19.269449636521696,16.073667985722008,0.23255815229182544,0.2325581522918254,0.506948916301915,0.2325581522918254,11.0,19.269449636521696,16.073667985722008,86.18717348463944,86.18717348463944,0.6323529411764706,nan,nan
OASTER-ERP,20,15,deep_plus_two_surface,case_weighted_within_scenario,34,1,0.809161597995642,0.8129272456364235,0.9272984493303661,9.852748652270007,15.02388163560844,4.2152296320846405,4.2152296320846405,0.5159930936291178,4.2152296320846405,10.676470588235293,9.852748652270007,15.02388163560844,51.52985244294785,51.52985244294785,0.6764705882352942,nan,nan
OASTER-ERP,20,15,surface_only,case_weighted_within_scenario,68,1,0.8833648465116218,0.8870173385476006,0.6500476605420316,2.7973065052141917,6.166365738719364,nan,nan,0.0020016082231363716,nan,9.794117647058824,2.7973065052141917,6.166365738719364,nan,nan,nan,0.9852941176470589,nan
OASTER-ERP,20,20,deep_only,case_weighted_within_scenario,16,1,1.0,0.9999916810861174,0.43726314027907187,nan,nan,0.0,0.0,0.9987915460612387,0.0,4.0625,nan,nan,0.0,0.0,1.0,nan,nan
OASTER-ERP,20,20,deep_plus_surface,case_weighted_within_scenario,68,1,0.8715011481757194,0.867630762906225,0.7506352564397573,15.513461772004462,17.881723589747125,1.0829455681915667,1.0829455681915667,0.6119202764776664,1.0829455681915667,10.558823529411764,15.513461772004462,17.881723589747125,42.191092560206705,42.191092560206705,0.7794117647058824,nan,nan
OASTER-ERP,20,20,deep_plus_two_surface,case_weighted_within_scenario,34,1,0.8338411998967066,0.8446975014707545,0.8155402140526747,8.245708133651249,13.315588907976455,4.399338800660084,4.399338800660084,0.5792191684448341,4.399338800660084,11.441176470588236,8.245708133651249,13.315588907976455,44.922239928121954,44.922239928121954,0.7352941176470589,nan,nan
OASTER-ERP,20,20,surface_only,case_weighted_within_scenario,68,1,0.8728377278418362,0.8780966589407349,0.7186579571172005,3.341078866849485,6.716158354670917,nan,nan,0.0006673486890799023,nan,10.529411764705882,3.341078866849485,6.716158354670917,nan,nan,nan,1.0,nan
RAP-MUSIC,-10,-10,deep_only,case_weighted_within_scenario,16,1,0.6246875000000001,0.6249417676028217,1.6399595413708288,nan,nan,4.285714141086634,4.285714141086634,0.4375,4.285714141086634,1.25,nan,nan,133.51637535588142,133.51637535588142,0.4375,nan,nan
RAP-MUSIC,-10,-10,deep_plus_surface,case_weighted_within_scenario,68,1,0.5087061993623158,0.5163394504448542,1.795087088184231,6.22841905244987,9.857258037964488,nan,nan,0.0,nan,1.1176470588235294,6.22841905244987,9.857258037964488,234.02911185627738,234.02911185627738,0.0,nan,nan
RAP-MUSIC,-10,-10,deep_plus_two_surface,case_weighted_within_scenario,34,1,0.5077058022914848,0.5100502507975205,1.8531752222107045,7.21679858897418,32.012908469611446,nan,nan,0.0,nan,1.5,7.21679858897418,32.012908469611446,234.02911185627735,234.02911185627735,0.0,nan,nan
RAP-MUSIC,-10,-10,surface_only,case_weighted_within_scenario,68,1,0.5192104531564768,0.5193748137201035,1.7177344378118045,8.397281754341167,9.658049453244036,nan,nan,0.0,nan,1.1764705882352942,8.397281754341167,9.658049453244036,nan,nan,nan,1.0,nan
RAP-MUSIC,-10,-5,deep_only,case_weighted_within_scenario,16,1,0.96875,0.9687458405430587,0.4382745908915598,nan,nan,0.0,0.0,0.9375,0.0,1.5,nan,nan,14.626819491017335,14.626819491017335,0.9375,nan,nan
RAP-MUSIC,-10,-5,deep_plus_surface,case_weighted_within_scenario,68,1,0.5093282714101114,0.5177499460729498,1.7648201663541898,6.5590654439285165,8.193865011834387,10.000000548548492,10.000000548548492,0.01126101886171094,10.000000548548492,1.2352941176470589,6.5590654439285165,8.193865011834387,230.73456610175194,230.73456610175194,0.014705882352941176,nan,nan
RAP-MUSIC,-10,-5,deep_plus_two_surface,case_weighted_within_scenario,34,1,0.5101740856677188,0.514293701955134,1.8150230582161284,8.427945573693904,16.44130258625338,nan,nan,0.0,nan,2.088235294117647,8.427945573693904,16.44130258625338,234.02911185627735,234.02911185627735,0.0,nan,nan
RAP-MUSIC,-10,-5,surface_only,case_weighted_within_scenario,68,1,0.5184056724163203,0.5185963475329581,1.7249823429019933,6.340323102052926,8.251834870465412,nan,nan,0.0,nan,1.2794117647058822,6.340323102052926,8.251834870465412,nan,nan,nan,1.0,nan
RAP-MUSIC,-10,0,deep_only,case_weighted_within_scenario,16,1,1.0,1.0,0.20701616030419373,nan,nan,0.3077537581723418,0.0,1.0,0.0,1.5625,nan,nan,0.3077537581723418,0.0,1.0,nan,nan
RAP-MUSIC,-10,0,deep_plus_surface,case_weighted_within_scenario,68,1,0.5283545134163973,0.5274061244120637,1.6438045636375502,6.581021165395674,10.039353625046362,1.9999998798707104,1.9999998798707108,0.06371635875669568,1.9999998798707108,1.4705882352941178,6.581021165395674,10.039353625046362,216.96814774036514,216.96814774036514,0.07352941176470588,nan,nan
RAP-MUSIC,-10,0,deep_plus_two_surface,case_weighted_within_scenario,34,1,0.5156754328375129,0.5219465892480022,1.7319677228307226,5.388951998457381,11.137735033010097,nan,nan,0.0,nan,2.235294117647059,5.388951998457381,11.137735033010097,234.02911185627735,234.02911185627735,0.0,nan,nan
RAP-MUSIC,-10,0,surface_only,case_weighted_within_scenario,68,1,0.5261780846858604,0.5264023154033523,1.622996021297161,6.024226385691164,7.638183450827826,nan,nan,0.0,nan,1.5588235294117647,6.024226385691164,7.638183450827826,nan,nan,nan,1.0,nan
RAP-MUSIC,-10,5,deep_only,case_weighted_within_scenario,16,1,1.0,1.0,0.05723266927905698,nan,nan,0.0,0.0,1.0,0.0,1.6875,nan,nan,0.0,0.0,1.0,nan,nan
RAP-MUSIC,-10,5,deep_plus_surface,case_weighted_within_scenario,68,1,0.5344346482840701,0.5261143138209969,1.6598695612442809,10.622386232487377,11.71079958996227,2.4999999485316104,2.4999999485316104,0.09613898778759526,2.4999999485316104,2.0441176470588234,10.622386232487377,11.71079958996227,206.7903928083073,206.7903928083073,0.11764705882352941,nan,nan
RAP-MUSIC,-10,5,deep_plus_two_surface,case_weighted_within_scenario,34,1,0.5249760907087582,0.5218009947644416,1.7024866564866974,3.5584499782055325,12.641579631018985,0.0,0.0,0.04423596993708665,0.0,2.2058823529411766,3.5584499782055325,12.641579631018985,220.26269351179045,220.26269351179045,0.058823529411764705,nan,nan
RAP-MUSIC,-10,5,surface_only,case_weighted_within_scenario,68,1,0.529999969415039,0.5303869979700769,1.6094442396619313,6.232293242074529,8.16927648589613,nan,nan,0.00888332981186031,nan,1.7794117647058822,6.232293242074529,8.16927648589613,nan,nan,nan,0.9852941176470589,nan
RAP-MUSIC,-10,10,deep_only,case_weighted_within_scenario,16,1,1.0,1.0,0.021859310046597233,nan,nan,0.0,0.0,1.0,0.0,2.4375,nan,nan,0.0,0.0,1.0,nan,nan
RAP-MUSIC,-10,10,deep_plus_surface,case_weighted_within_scenario,68,1,0.5580191423627648,0.5311078840141423,1.5769052741501617,6.6047534908193075,8.886310947743533,1.999999879870711,1.999999879870711,0.16327585960615,1.999999879870711,2.073529411764706,6.6047534908193075,8.886310947743533,182.8462195085406,182.8462195085406,0.22058823529411764,nan,nan
RAP-MUSIC,-10,10,deep_plus_two_surface,case_weighted_within_scenario,34,1,0.5305848587626557,0.5234437509446029,1.630116222317879,3.571591489160003,11.422130506796666,0.0,0.0,0.07407728224197842,0.0,2.411764705882353,3.571591489160003,11.422130506796666,213.37948433954696,213.37948433954696,0.08823529411764706,nan,nan
RAP-MUSIC,-10,10,surface_only,case_weighted_within_scenario,68,1,0.5252697748998149,0.5257323788850264,1.6428864649700718,5.34970937775293,8.33641087935097,nan,nan,0.0,nan,1.7058823529411764,5.34970937775293,8.33641087935097,nan,nan,nan,1.0,nan
RAP-MUSIC,-10,15,deep_only,case_weighted_within_scenario,16,1,1.0,1.0,0.005201037013028826,nan,nan,0.0,0.0,1.0,0.0,2.4375,nan,nan,0.0,0.0,1.0,nan,nan
RAP-MUSIC,-10,15,deep_plus_surface,case_weighted_within_scenario,68,1,0.556924180240342,0.5295135627150073,1.5903782012045753,7.903533117092834,8.226969708175302,1.4285713427647941,1.4285713427647941,0.13306548950465877,1.4285713427647941,2.0294117647058822,7.903533117092834,8.226969708175302,186.140765279966,186.140765279966,0.20588235294117646,nan,nan
RAP-MUSIC,-10,15,deep_plus_two_surface,case_weighted_within_scenario,34,1,0.5304320768088087,0.5232381809995893,1.6329691470223229,4.375770078823772,10.474478606464649,0.0,0.0,0.07275760052702739,0.0,2.323529411764706,4.375770078823772,10.474478606464649,213.37948433954696,213.37948433954696,0.08823529411764706,nan,nan
RAP-MUSIC,-10,15,surface_only,case_weighted_within_scenario,68,1,0.5268654233642296,0.5274252164116792,1.620377725250269,4.943275573043507,7.983548258722438,nan,nan,0.0,nan,1.6764705882352942,4.943275573043507,7.983548258722438,nan,nan,nan,1.0,nan
RAP-MUSIC,-10,20,deep_only,case_weighted_within_scenario,16,1,1.0,1.0,0.0010504205453911704,nan,nan,0.0,0.0,1.0,0.0,2.4375,nan,nan,0.0,0.0,1.0,nan,nan
RAP-MUSIC,-10,20,deep_plus_surface,case_weighted_within_scenario,68,1,0.5524188356977267,0.5272305491098416,1.6093159072431533,9.646894193492026,11.391114541491048,1.178511335977006,1.178511335977006,0.1120608059539054,1.178511335977006,1.9705882352941178,9.646894193492026,11.391114541491048,192.9378294115185,192.9378294115185,0.16176470588235295,nan,nan
RAP-MUSIC,-10,20,deep_plus_two_surface,case_weighted_within_scenario,34,1,0.5305912500802743,0.5235396562782302,1.6452590737600858,3.8629057688691026,12.482555069675184,0.0,0.0,0.07297919249366602,0.0,2.2941176470588234,3.8629057688691026,12.482555069675184,213.37948433954696,213.37948433954696,0.08823529411764706,nan,nan
RAP-MUSIC,-10,20,surface_only,case_weighted_within_scenario,68,1,0.5280556100564832,0.5285887859874637,1.5989720850889646,4.854868312621569,7.0901834417083345,nan,nan,0.0,nan,1.7941176470588236,4.854868312621569,7.0901834417083345,nan,nan,nan,1.0,nan
RAP-MUSIC,-5,-10,deep_only,case_weighted_within_scenario,16,1,0.71875,0.7187000865167044,1.3707334557895003,nan,nan,2.2222221764725436,2.2222221764725436,0.5625,2.2222221764725436,1.25,nan,nan,103.63773641138715,103.63773641138715,0.5625,nan,nan
RAP-MUSIC,-5,-10,deep_plus_surface,case_weighted_within_scenario,68,1,0.5106265744675083,0.519962475070502,1.7564247557706285,8.139576523388149,11.721283493993795,nan,nan,0.0,nan,1.1323529411764706,8.139576523388149,11.721283493993795,234.02911185627738,234.02911185627738,0.0,nan,nan
RAP-MUSIC,-5,-10,deep_plus_two_surface,case_weighted_within_scenario,34,1,0.5096583041869609,0.5128573198904486,1.8165852832675324,5.489742923071869,22.978119362055352,nan,nan,0.0,nan,1.6764705882352942,5.489742923071869,22.978119362055352,234.02911185627735,234.02911185627735,0.0,nan,nan
RAP-MUSIC,-5,-10,surface_only,case_weighted_within_scenario,68,1,0.5231552690960735,0.5232693135022993,1.655572495292226,3.740694474421354,7.642821485712149,nan,nan,0.0,nan,1.1911764705882353,3.740694474421354,7.642821485712149,nan,nan,nan,1.0,nan
RAP-MUSIC,-5,-5,deep_only,case_weighted_within_scenario,16,1,0.96875,0.9687458405430587,0.3805339336045127,nan,nan,0.6249999624595971,0.6249999624595971,1.0,0.6249999624595971,1.6875,nan,nan,0.6249999624595971,0.6249999624595971,1.0,nan,nan
RAP-MUSIC,-5,-5,deep_plus_surface,case_weighted_within_scenario,68,1,0.5117567345201128,0.5221250472124347,1.708167026363346,4.184428157463228,8.41797848528169,nan,nan,0.0,nan,1.2941176470588236,4.184428157463228,8.41797848528169,234.02911185627738,234.02911185627738,0.0,nan,nan
RAP-MUSIC,-5,-5,deep_plus_two_surface,case_weighted_within_scenario,34,1,0.5177400550939901,0.517383325449035,1.7403958922282696,6.42638402938244,14.48291575967912,0.0,0.0,0.029411764705882353,0.0,2.176470588235294,6.42638402938244,14.48291575967912,227.1459026840339,227.1459026840339,0.029411764705882353,nan,nan
RAP-MUSIC,-5,-5,surface_only,case_weighted_within_scenario,68,1,0.5226386537693081,0.5228253551812256,1.6500612852412235,4.71081892607881,7.92887751750408,nan,nan,0.0,nan,1.2647058823529411,4.71081892607881,7.92887751750408,nan,nan,nan,1.0,nan
RAP-MUSIC,-5,0,deep_only,case_weighted_within_scenario,16,1,1.0,1.0,0.1482681572204158,nan,nan,0.0,0.0,1.0,0.0,1.6875,nan,nan,0.0,0.0,1.0,nan,nan
RAP-MUSIC,-5,0,deep_plus_surface,case_weighted_within_scenario,68,1,0.5300545524763622,0.5240766433977319,1.6671662612436855,6.192579838795612,7.6662766909554065,0.0,0.0,0.05774541540046851,0.0,1.6029411764705883,6.192579838795612,7.6662766909554065,216.82108892566873,216.82108892566873,0.07352941176470588,nan,nan
RAP-MUSIC,-5,0,deep_plus_two_surface,case_weighted_within_scenario,34,1,0.5146779248258762,0.520481677652542,1.7390623446337217,6.071763341159779,12.370228407336183,nan,nan,0.0,nan,2.3529411764705883,6.071763341159779,12.370228407336183,234.02911185627735,234.02911185627735,0.0,nan,nan
RAP-MUSIC,-5,0,surface_only,case_weighted_within_scenario,68,1,0.5279383807661658,0.5281586331641603,1.5886918073636693,2.8603098044818465,7.045521892641082,nan,nan,0.0,nan,1.3970588235294117,2.8603098044818465,7.045521892641082,nan,nan,nan,1.0,nan
RAP-MUSIC,-5,5,deep_only,case_weighted_within_scenario,16,1,1.0,1.0,0.03835286200124411,nan,nan,0.0,0.0,1.0,0.0,1.5625,nan,nan,0.0,0.0,1.0,nan,nan
RAP-MUSIC,-5,5,deep_plus_surface,case_weighted_within_scenario,68,1,0.5387078337324621,0.5276160789597164,1.6412255952982169,6.512171207919329,9.111211179934969,4.615384459631761,4.615384459631761,0.13826758733168992,4.615384459631761,1.9411764705882353,6.512171207919329,9.111211179934969,190.17060514809515,190.17060514809515,0.19117647058823528,nan,nan
RAP-MUSIC,-5,5,deep_plus_two_surface,case_weighted_within_scenario,34,1,0.526210314820944,0.5232059811389664,1.6819372598306457,5.749860362139574,12.16560686700892,0.0,0.0,0.044290055998427745,0.0,2.323529411764706,5.749860362139574,12.16560686700892,220.26269351179045,220.26269351179045,0.058823529411764705,nan,nan
RAP-MUSIC,-5,5,surface_only,case_weighted_within_scenario,68,1,0.5319490378040301,0.5322659529702525,1.5834931185613532,4.947128670092736,7.557892688215874,nan,nan,0.0,nan,1.8823529411764706,4.947128670092736,7.557892688215874,nan,nan,nan,1.0,nan
RAP-MUSIC,-5,10,deep_only,case_weighted_within_scenario,16,1,1.0,1.0,0.01934786049596328,nan,nan,0.0,0.0,1.0,0.0,2.6875,nan,nan,0.0,0.0,1.0,nan,nan
RAP-MUSIC,-5,10,deep_plus_surface,case_weighted_within_scenario,68,1,0.5551533666995389,0.5325244954916145,1.5819439851826527,6.2733695283051,8.472543086745409,3.1249998616445978,3.1249998616445978,0.15131651677797953,3.1249998616445978,2.0441176470588234,6.2733695283051,8.472543086745409,179.6987325634226,179.6987325634226,0.23529411764705882,nan,nan
RAP-MUSIC,-5,10,deep_plus_two_surface,case_weighted_within_scenario,34,1,0.5307550428140555,0.5233778994865554,1.635645722438058,3.3379137134105616,9.433834940205971,0.0,0.0,0.07293084385981737,0.0,2.3823529411764706,3.3379137134105616,9.433834940205971,213.37948433954696,213.37948433954696,0.08823529411764706,nan,nan
RAP-MUSIC,-5,10,surface_only,case_weighted_within_scenario,68,1,0.5261864406276411,0.5266643812090266,1.6163979028090334,4.5176518736041364,6.961564303727233,nan,nan,0.0,nan,1.7941176470588236,4.5176518736041364,6.961564303727233,nan,nan,nan,1.0,nan
RAP-MUSIC,-5,15,deep_only,case_weighted_within_scenario,16,1,1.0,1.0,0.003750579912536905,nan,nan,0.0,0.0,1.0,0.0,2.5,nan,nan,0.0,0.0,1.0,nan,nan
RAP-MUSIC,-5,15,deep_plus_surface,case_weighted_within_scenario,68,1,0.5682087122703877,0.5308273214428563,1.582858235576724,6.667977765155444,8.514613074486263,1.1764705640148758,1.1764705640148758,0.16339383556600695,1.1764705640148758,2.0294117647058822,6.667977765155444,8.514613074486263,175.81595153321177,175.81595153321177,0.25,nan,nan
RAP-MUSIC,-5,15,deep_plus_two_surface,case_weighted_within_scenario,34,1,0.5292422018923013,0.5214001178321203,1.6611628833100474,4.185635573005488,10.943595312696576,0.0,0.0,0.07285699148968512,0.0,2.3529411764705883,4.185635573005488,10.943595312696576,213.37948433954696,213.37948433954696,0.08823529411764706,nan,nan
RAP-MUSIC,-5,15,surface_only,case_weighted_within_scenario,68,1,0.5264888738404958,0.5270722385137436,1.6288316816582609,5.821730065432227,8.990439649797903,nan,nan,0.0,nan,1.8676470588235294,5.821730065432227,8.990439649797903,nan,nan,nan,1.0,nan
RAP-MUSIC,-5,20,deep_only,case_weighted_within_scenario,16,1,1.0,1.0,0.00104099705859175,nan,nan,0.0,0.0,1.0,0.0,2.625,nan,nan,0.0,0.0,1.0,nan,nan
RAP-MUSIC,-5,20,deep_plus_surface,case_weighted_within_scenario,68,1,0.5572566452929711,0.5301933150394063,1.6024345380642184,9.004285935043283,11.25128013074309,1.4285713427647941,1.4285713427647941,0.12317880484046716,1.4285713427647941,2.073529411764706,9.004285935043283,11.25128013074309,186.14076527996596,186.14076527996596,0.20588235294117646,nan,nan
RAP-MUSIC,-5,20,deep_plus_two_surface,case_weighted_within_scenario,34,1,0.5287301593757292,0.5208610432235963,1.67459558032728,4.906714138563416,12.295887290071741,0.0,0.0,0.07335581604962656,0.0,2.3529411764705883,4.906714138563416,12.295887290071741,213.37948433954696,213.37948433954696,0.08823529411764706,nan,nan
RAP-MUSIC,-5,20,surface_only,case_weighted_within_scenario,68,1,0.5279539443366548,0.5284448497147007,1.6128166473357393,5.060913668764965,7.5945852045352,nan,nan,0.0,nan,1.911764705882353,5.060913668764965,7.5945852045352,nan,nan,nan,1.0,nan
RAP-MUSIC,0,-10,deep_only,case_weighted_within_scenario,16,1,0.96875,0.9687458405430587,0.39529042615031623,nan,nan,0.0,0.0,0.9375,0.0,1.1875,nan,nan,14.626819491017335,14.626819491017335,0.9375,nan,nan
RAP-MUSIC,0,-10,deep_plus_surface,case_weighted_within_scenario,68,1,0.5175096979101708,0.5199962844752379,1.7572890740081273,3.3493574772854275,8.489721638901147,0.0,0.0,0.017961794273087507,0.0,1.25,3.3493574772854275,8.489721638901147,227.14590268403393,227.14590268403393,0.029411764705882353,nan,nan
RAP-MUSIC,0,-10,deep_plus_two_surface,case_weighted_within_scenario,34,1,0.5115387259079401,0.5157552898665445,1.7951517272133537,5.2142535739218445,16.84608595164298,9.999999399353554,9.999999399353554,0.017366458171573052,9.999999399353554,2.0294117647058822,5.2142535739218445,16.84608595164298,227.44002031342666,227.44002031342666,0.029411764705882353,nan,nan
RAP-MUSIC,0,-10,surface_only,case_weighted_within_scenario,68,1,0.5231033986322786,0.5232705245234482,1.6437464447137835,2.274847225700428,7.596728572066672,nan,nan,0.0,nan,1.1764705882352942,2.274847225700428,7.596728572066672,nan,nan,nan,1.0,nan
RAP-MUSIC,0,-5,deep_only,case_weighted_within_scenario,16,1,1.0,1.0,0.1979346690731642,nan,nan,0.0,0.0,1.0,0.0,1.4375,nan,nan,0.0,0.0,1.0,nan,nan
RAP-MUSIC,0,-5,deep_plus_surface,case_weighted_within_scenario,68,1,0.515305719147673,0.5222026095353861,1.717306787280473,4.874488094810627,7.907117314960023,0.0,0.0,0.014705882352941176,0.0,1.3529411764705883,4.874488094810627,7.907117314960023,230.58750727015564,230.58750727015564,0.014705882352941176,nan,nan
RAP-MUSIC,0,-5,deep_plus_two_surface,case_weighted_within_scenario,34,1,0.5174711651618088,0.5178190982586308,1.7593997898842977,5.309194845870139,12.595703205054114,0.0,0.0,0.029411764705882353,0.0,2.235294117647059,5.309194845870139,12.595703205054114,227.1459026840339,227.1459026840339,0.029411764705882353,nan,nan
RAP-MUSIC,0,-5,surface_only,case_weighted_within_scenario,68,1,0.5266212134831347,0.5268016118844253,1.6134747831938283,3.1454844933797528,7.567503094328011,nan,nan,0.0,nan,1.3676470588235294,3.1454844933797528,7.567503094328011,nan,nan,nan,1.0,nan
RAP-MUSIC,0,0,deep_only,case_weighted_within_scenario,16,1,1.0,1.0,0.09412812969570958,nan,nan,0.0,0.0,1.0,0.0,1.5,nan,nan,0.0,0.0,1.0,nan,nan
RAP-MUSIC,0,0,deep_plus_surface,case_weighted_within_scenario,68,1,0.5363735066500419,0.5295529068094912,1.6422241674304994,6.390313725821128,7.118126270452306,2.4999999934877555,2.499999993487756,0.08782762114021357,2.499999993487756,1.7205882352941178,6.390313725821128,7.118126270452306,206.79039281359624,206.79039281359624,0.11764705882352941,nan,nan
RAP-MUSIC,0,0,deep_plus_two_surface,case_weighted_within_scenario,34,1,0.5160546830268524,0.5223991370055308,1.7134151252344367,3.5411416561801663,9.883475547292958,nan,nan,0.0,nan,2.2941176470588234,3.5411416561801663,9.883475547292958,234.02911185627735,234.02911185627735,0.0,nan,nan
RAP-MUSIC,0,0,surface_only,case_weighted_within_scenario,68,1,0.5289217088784196,0.5292313784147765,1.5929413287687364,4.585099382638663,7.823324857176593,nan,nan,0.0,nan,1.5294117647058822,4.585099382638663,7.823324857176593,nan,nan,nan,1.0,nan
RAP-MUSIC,0,5,deep_only,case_weighted_within_scenario,16,1,1.0,1.0,0.03616538920134413,nan,nan,0.0,0.0,1.0,0.0,1.75,nan,nan,0.0,0.0,1.0,nan,nan
RAP-MUSIC,0,5,deep_plus_surface,case_weighted_within_scenario,68,1,0.5529927890964187,0.5349604688476086,1.576047958353671,6.863821141959954,7.559680187218838,1.6666667281206522,1.6666667281206522,0.12547230645006247,1.6666667281206522,2.0294117647058822,6.863821141959954,7.559680187218838,193.0239744807203,193.0239744807203,0.17647058823529413,nan,nan
RAP-MUSIC,0,5,deep_plus_two_surface,case_weighted_within_scenario,34,1,0.5215830084793557,0.5232634281137567,1.7031084719597622,3.93992995381388,10.151314807287747,0.0,0.0,0.01829877462675839,0.0,2.3529411764705883,3.93992995381388,10.151314807287747,227.1459026840339,227.1459026840339,0.029411764705882353,nan,nan
RAP-MUSIC,0,5,surface_only,case_weighted_within_scenario,68,1,0.531700507483257,0.5320973300893997,1.5901958204813407,4.846633629284571,7.518926679836532,nan,nan,0.0,nan,1.8088235294117647,4.846633629284571,7.518926679836532,nan,nan,nan,1.0,nan
RAP-MUSIC,0,10,deep_only,case_weighted_within_scenario,16,1,1.0,1.0,0.018387718885845707,nan,nan,0.0,0.0,1.0,0.0,2.5625,nan,nan,0.0,0.0,1.0,nan,nan
RAP-MUSIC,0,10,deep_plus_surface,case_weighted_within_scenario,68,1,0.570860849961448,0.5361461081821863,1.5333514019432157,5.738009447255641,7.5909092659363315,1.1764705175710068,1.1764705175710068,0.1663692249447136,1.1764705175710068,2.2205882352941178,5.738009447255641,7.5909092659363315,175.8159515216008,175.8159515216008,0.25,nan,nan
RAP-MUSIC,0,10,deep_plus_two_surface,case_weighted_within_scenario,34,1,0.5258484971924586,0.5233390796448812,1.682509873968028,3.5125131687604263,8.718997274477951,0.0,0.0,0.04347282290595374,0.0,2.3529411764705883,3.5125131687604263,8.718997274477951,220.26269351179045,220.26269351179045,0.058823529411764705,nan,nan
RAP-MUSIC,0,10,surface_only,case_weighted_within_scenario,68,1,0.5315986127109272,0.5320296705976367,1.5828241949443496,5.292237856401429,7.207611352287372,nan,nan,0.0,nan,1.838235294117647,5.292237856401429,7.207611352287372,nan,nan,nan,1.0,nan
RAP-MUSIC,0,15,deep_only,case_weighted_within_scenario,16,1,1.0,1.0,0.005261986033786276,nan,nan,0.0,0.0,1.0,0.0,2.5625,nan,nan,0.0,0.0,1.0,nan,nan
RAP-MUSIC,0,15,deep_plus_surface,case_weighted_within_scenario,68,1,0.5618249675805556,0.5323221042308206,1.5530536330004892,5.504013298814606,8.60113371154944,1.6094756954051757,1.6094756954051757,0.16157696370732774,1.6094756954051757,2.0,5.504013298814606,8.60113371154944,182.7600744678497,182.7600744678497,0.20588235294117646,nan,nan
RAP-MUSIC,0,15,deep_plus_two_surface,case_weighted_within_scenario,34,1,0.5348964139908453,0.5237846157242718,1.6136804322165759,3.602572140711881,8.481100064745885,0.0,0.0,0.0909244258229589,0.0,2.4411764705882355,3.602572140711881,8.481100064745885,206.49627516730357,206.49627516730357,0.11764705882352941,nan,nan
RAP-MUSIC,0,15,surface_only,case_weighted_within_scenario,68,1,0.5303812577621504,0.5308817920853443,1.5998360674653178,5.475896012919076,8.269589997537555,nan,nan,0.0,nan,1.9705882352941178,5.475896012919076,8.269589997537555,nan,nan,nan,1.0,nan
RAP-MUSIC,0,20,deep_only,case_weighted_within_scenario,16,1,1.0,1.0,0.0010558358691710196,nan,nan,0.0,0.0,1.0,0.0,2.625,nan,nan,0.0,0.0,1.0,nan,nan
RAP-MUSIC,0,20,deep_plus_surface,case_weighted_within_scenario,68,1,0.5527790580824956,0.5280537400734091,1.6027179995686922,9.628950507204145,10.777382497799787,0.8333332832794628,0.8333332832794628,0.12045367252208398,0.8333332832794628,1.9852941176470589,9.628950507204145,10.777382497799787,192.87691563751304,192.87691563751304,0.17647058823529413,nan,nan
RAP-MUSIC,0,20,deep_plus_two_surface,case_weighted_within_scenario,34,1,0.5288616221100186,0.5209183510333061,1.654870583599854,3.6234362902333865,11.878679304856119,0.0,0.0,0.07283488994429274,0.0,2.2941176470588234,3.6234362902333865,11.878679304856119,213.37948433954696,213.37948433954696,0.08823529411764706,nan,nan
RAP-MUSIC,0,20,surface_only,case_weighted_within_scenario,68,1,0.5268748895900168,0.5273998854071651,1.6294656684021809,5.448957964293933,8.847566510716296,nan,nan,0.0,nan,1.8529411764705883,5.448957964293933,8.847566510716296,nan,nan,nan,1.0,nan
RAP-MUSIC,5,-10,deep_only,case_weighted_within_scenario,16,1,1.0,1.0,0.10989480337662597,nan,nan,0.0,0.0,1.0,0.0,1.125,nan,nan,0.0,0.0,1.0,nan,nan
RAP-MUSIC,5,-10,deep_plus_surface,case_weighted_within_scenario,68,1,0.5329450393467037,0.5230193856965171,1.701445194872205,3.8995473223671127,8.308853203407574,3.79357063048599,3.79357063048599,0.09023088115257552,3.79357063048599,1.588235294117647,3.8995473223671127,8.308853203407574,203.55676081168735,203.55676081168735,0.11764705882352941,nan,nan
RAP-MUSIC,5,-10,deep_plus_two_surface,case_weighted_within_scenario,34,1,0.5223457810673715,0.5177146445605519,1.7580428069312748,5.837858982419928,13.44099528343058,5.000000184361957,5.000000184361957,0.09624263678280351,5.000000184361957,2.4411764705882355,5.837858982419928,13.44099528343058,207.08451048311082,207.08451048311082,0.11764705882352941,nan,nan
RAP-MUSIC,5,-10,surface_only,case_weighted_within_scenario,68,1,0.5202980669141235,0.5205557663604231,1.7032478633425283,4.493742192575421,8.52936846045695,nan,nan,0.0,nan,1.4852941176470589,4.493742192575421,8.52936846045695,nan,nan,nan,1.0,nan
RAP-MUSIC,5,-5,deep_only,case_weighted_within_scenario,16,1,1.0,1.0,0.08835418472184917,nan,nan,0.0,0.0,1.0,0.0,1.25,nan,nan,0.0,0.0,1.0,nan,nan
RAP-MUSIC,5,-5,deep_plus_surface,case_weighted_within_scenario,68,1,0.5523986942451589,0.5273890206382388,1.6310828434204279,4.930049874629781,8.015976262563992,0.0,0.0,0.10578209546457092,0.0,1.75,4.930049874629781,8.015976262563992,196.17146140893843,196.17146140893843,0.16176470588235295,nan,nan
RAP-MUSIC,5,-5,deep_plus_two_surface,case_weighted_within_scenario,34,1,0.5289271545983422,0.5208450686048556,1.6966073377956443,3.4396439417004743,11.022961164849349,3.9999999895804086,3.9999999895804086,0.10687398232529922,3.9999999895804086,2.3529411764705883,3.4396439417004743,11.022961164849349,200.20130128764544,200.20130128764544,0.14705882352941177,nan,nan
RAP-MUSIC,5,-5,surface_only,case_weighted_within_scenario,68,1,0.5266337823508787,0.5269595544947095,1.6426966971035877,4.39515402112951,8.248150551188255,nan,nan,0.0,nan,1.6029411764705883,4.39515402112951,8.248150551188255,nan,nan,nan,1.0,nan
RAP-MUSIC,5,0,deep_only,case_weighted_within_scenario,16,1,1.0,1.0,0.05693200987988098,nan,nan,0.0,0.0,1.0,0.0,1.4375,nan,nan,0.0,0.0,1.0,nan,nan
RAP-MUSIC,5,0,deep_plus_surface,case_weighted_within_scenario,68,1,0.5697125191474814,0.5339562782961722,1.5545661572025389,3.4986647919674314,7.527329675320439,0.0,0.0,0.14718820562740254,0.0,1.838235294117647,3.4986647919674314,7.527329675320439,182.40504306445152,182.40504306445152,0.22058823529411764,nan,nan
RAP-MUSIC,5,0,deep_plus_two_surface,case_weighted_within_scenario,34,1,0.5256335782365283,0.5228885747854113,1.6709495808891555,4.504898543129982,10.39284713251772,4.999999986975512,4.999999986975512,0.10109254603946681,4.999999986975512,2.5,4.504898543129982,10.39284713251772,207.0845104598889,207.0845104598889,0.11764705882352941,nan,nan
RAP-MUSIC,5,0,surface_only,case_weighted_within_scenario,68,1,0.531578322203763,0.5318924851141723,1.5974222117955066,3.6643333313529975,7.964935931453796,nan,nan,0.0,nan,1.6911764705882353,3.6643333313529975,7.964935931453796,nan,nan,nan,1.0,nan
RAP-MUSIC,5,5,deep_only,case_weighted_within_scenario,16,1,1.0,1.0,0.025353356817756672,nan,nan,0.0,0.0,1.0,0.0,1.625,nan,nan,0.0,0.0,1.0,nan,nan
RAP-MUSIC,5,5,deep_plus_surface,case_weighted_within_scenario,68,1,0.5787971138655635,0.537885172013153,1.5141310293828008,5.042815410150454,7.196793248238937,0.0,0.0,0.16865309643831639,0.0,2.1176470588235294,5.042815410150454,7.196793248238937,175.52183389220804,175.52183389220804,0.25,nan,nan
RAP-MUSIC,5,5,deep_plus_two_surface,case_weighted_within_scenario,34,1,0.5364873633931464,0.524733501282961,1.6271787616736004,2.685805397674754,8.970281269252094,1.9999998798707108,1.9999998798707108,0.10125428803239907,1.9999998798707108,2.5,2.685805397674754,8.970281269252094,199.9071836244528,199.9071836244528,0.14705882352941177,nan,nan
RAP-MUSIC,5,5,surface_only,case_weighted_within_scenario,68,1,0.5300472103518912,0.5305833288134877,1.5989394481870995,5.026289042528111,7.621495317337568,nan,nan,0.0,nan,1.838235294117647,5.026289042528111,7.621495317337568,nan,nan,nan,1.0,nan
RAP-MUSIC,5,10,deep_only,case_weighted_within_scenario,16,1,1.0,1.0,0.01258286598936047,nan,nan,0.0,0.0,1.0,0.0,2.5,nan,nan,0.0,0.0,1.0,nan,nan
RAP-MUSIC,5,10,deep_plus_surface,case_weighted_within_scenario,68,1,0.575654816322111,0.5385354141271518,1.5097852367728297,4.304576724374877,7.059751213227393,0.8318903548072984,0.8318903548072984,0.17313907580395935,0.8318903548072984,2.1323529411764706,4.304576724374877,7.059751213227393,175.72980648090987,175.72980648090987,0.23529411764705882,nan,nan
RAP-MUSIC,5,10,deep_plus_two_surface,case_weighted_within_scenario,34,1,0.5305778153610988,0.5232624576241764,1.6556348225553725,3.8678482441301876,7.604064959847665,0.0,0.0,0.062038506027535766,0.0,2.4411764705882355,3.8678482441301876,7.604064959847665,213.37948433954696,213.37948433954696,0.08823529411764706,nan,nan
RAP-MUSIC,5,10,surface_only,case_weighted_within_scenario,68,1,0.5318422504067177,0.5323854764085044,1.5887970434017924,4.47782576073142,7.568594219943945,nan,nan,0.0,nan,1.8970588235294117,4.47782576073142,7.568594219943945,nan,nan,nan,1.0,nan
RAP-MUSIC,5,15,deep_only,case_weighted_within_scenario,16,1,1.0,1.0,0.003253864539399697,nan,nan,0.0,0.0,1.0,0.0,2.75,nan,nan,0.0,0.0,1.0,nan,nan
RAP-MUSIC,5,15,deep_plus_surface,case_weighted_within_scenario,68,1,0.5810950883160874,0.5361134601293576,1.5281884934880723,4.289664311326854,7.510343997911882,1.6258159443062472,1.6258159443062472,0.17064200191778653,1.6258159443062472,2.073529411764706,4.289664311326854,7.510343997911882,162.25750576581572,162.25750576581572,0.29411764705882354,nan,nan
RAP-MUSIC,5,15,deep_plus_two_surface,case_weighted_within_scenario,34,1,0.5326132230874124,0.5260444404121009,1.6028399997809566,2.333494675311081,9.813022763626059,0.0,0.0,0.0665644061862315,0.0,2.2941176470588234,2.333494675311081,9.813022763626059,213.37948433954696,213.37948433954696,0.08823529411764706,nan,nan
RAP-MUSIC,5,15,surface_only,case_weighted_within_scenario,68,1,0.5308181503867428,0.5313189816316626,1.5992017003798127,4.623903427153656,6.969030264196476,nan,nan,0.0,nan,1.8970588235294117,4.623903427153656,6.969030264196476,nan,nan,nan,1.0,nan
RAP-MUSIC,5,20,deep_only,case_weighted_within_scenario,16,1,1.0,1.0,0.0012042322244178645,nan,nan,0.0,0.0,1.0,0.0,2.5,nan,nan,0.0,0.0,1.0,nan,nan
RAP-MUSIC,5,20,deep_plus_surface,case_weighted_within_scenario,68,1,0.5699346957589553,0.5342357036294335,1.5361919275194922,7.047355607781245,9.879669044850786,1.8967852683572883,1.8967852683572883,0.17046440003464444,1.8967852683572883,2.014705882352941,7.047355607781245,9.879669044850786,172.5823195241809,172.5823195241809,0.25,nan,nan
RAP-MUSIC,5,20,deep_plus_two_surface,case_weighted_within_scenario,34,1,0.5307360468744102,0.5241528066239541,1.6370955288609894,4.069152717877305,10.892288176182856,0.0,0.0,0.07858921110435979,0.0,2.3529411764705883,4.069152717877305,10.892288176182856,213.37948433954696,213.37948433954696,0.08823529411764706,nan,nan
RAP-MUSIC,5,20,surface_only,case_weighted_within_scenario,68,1,0.529342528351085,0.529874660156773,1.5968928222709622,5.129646013791104,7.49092736593042,nan,nan,0.0,nan,1.8823529411764706,5.129646013791104,7.49092736593042,nan,nan,nan,1.0,nan
RAP-MUSIC,10,-10,deep_only,case_weighted_within_scenario,16,1,1.0,1.0,0.03780638395334557,nan,nan,0.0,0.0,1.0,0.0,1.0625,nan,nan,0.0,0.0,1.0,nan,nan
RAP-MUSIC,10,-10,deep_plus_surface,case_weighted_within_scenario,68,1,0.5816003537870115,0.5299705863979175,1.5959546449205408,5.506867867268185,8.703958721326273,1.5519152718011875,1.5519152718011873,0.19643380604726918,1.5519152718011873,1.9705882352941178,5.506867867268185,8.703958721326273,158.81590119659393,158.81590119659393,0.3088235294117647,nan,nan
RAP-MUSIC,10,-10,deep_plus_two_surface,case_weighted_within_scenario,34,1,0.5366018510379117,0.5191987147095223,1.6907679925038328,4.588954489030355,12.115989487931962,4.444444305178795,4.444444305178795,0.16463133617082562,4.444444305178795,2.6176470588235294,4.588954489030355,12.115989487931962,173.25669985745714,173.25669985745714,0.2647058823529412,nan,nan
RAP-MUSIC,10,-10,surface_only,case_weighted_within_scenario,68,1,0.5247314080178951,0.5251555341661588,1.6794434747123916,4.564180222095119,8.586549239855739,nan,nan,0.0,nan,1.6764705882352942,4.564180222095119,8.586549239855739,nan,nan,nan,1.0,nan
RAP-MUSIC,10,-5,deep_only,case_weighted_within_scenario,16,1,1.0,1.0,0.03525043843168789,nan,nan,0.0,0.0,1.0,0.0,1.125,nan,nan,0.0,0.0,1.0,nan,nan
RAP-MUSIC,10,-5,deep_plus_surface,case_weighted_within_scenario,68,1,0.5888081420169677,0.5306861448827425,1.5870246223842432,5.718169679985893,8.258913155244043,1.7656854585763575,1.7656854585763575,0.21113643141194746,1.7656854585763575,2.088235294117647,5.718169679985893,8.258913155244043,148.6381462688873,148.6381462688873,0.35294117647058826,nan,nan
RAP-MUSIC,10,-5,deep_plus_two_surface,case_weighted_within_scenario,34,1,0.5437816962757523,0.5223861814572013,1.647678896625131,5.107160060084362,10.031855930001827,1.428571506935499,1.428571506935499,0.14535575619270263,1.428571506935499,2.6176470588235294,5.107160060084362,10.031855930001827,186.14076531376577,186.14076531376577,0.20588235294117646,nan,nan
RAP-MUSIC,10,-5,surface_only,case_weighted_within_scenario,68,1,0.5267446570422559,0.5271697755309448,1.6665046192937194,4.19719947061139,8.024060937492239,nan,nan,0.0,nan,1.7352941176470589,4.19719947061139,8.024060937492239,nan,nan,nan,1.0,nan
RAP-MUSIC,10,0,deep_only,case_weighted_within_scenario,16,1,1.0,1.0,0.029203185468382895,nan,nan,0.0,0.0,1.0,0.0,1.25,nan,nan,0.0,0.0,1.0,nan,nan
RAP-MUSIC,10,0,deep_plus_surface,case_weighted_within_scenario,68,1,0.6014648373273733,0.5347862339076405,1.5449781220633039,4.8616595928579684,8.321426429897626,1.7223264744434792,1.7223264744434792,0.21602759568935742,1.7223264744434792,2.176470588235294,4.8616595928579684,8.321426429897626,141.78965295466685,141.78965295466685,0.36764705882352944,nan,nan
RAP-MUSIC,10,0,deep_plus_two_surface,case_weighted_within_scenario,34,1,0.5608666794065948,0.5274675461819446,1.5853697815206846,4.191779536383487,9.786048009003316,0.0,0.0,0.17979557803938706,0.0,2.6470588235294117,4.191779536383487,9.786048009003316,172.08022930608627,172.08022930608627,0.2647058823529412,nan,nan
RAP-MUSIC,10,0,surface_only,case_weighted_within_scenario,68,1,0.5297678924233612,0.5302056852280934,1.6066902419352693,3.9965822421367005,7.988125364549647,nan,nan,0.0,nan,1.7794117647058822,3.9965822421367005,7.988125364549647,nan,nan,nan,1.0,nan
RAP-MUSIC,10,5,deep_only,case_weighted_within_scenario,16,1,1.0,1.0,0.01789083385939207,nan,nan,0.0,0.0,1.0,0.0,1.3125,nan,nan,0.0,0.0,1.0,nan,nan
RAP-MUSIC,10,5,deep_plus_surface,case_weighted_within_scenario,68,1,0.5929722982772134,0.5384588750758105,1.5005124488710544,4.358125461329742,7.570623836515658,0.45454547947947693,0.45454547947947693,0.1945470849094429,0.45454547947947693,2.1470588235294117,4.358125461329742,7.570623836515658,158.4608697931957,158.4608697931957,0.3235294117647059,nan,nan
RAP-MUSIC,10,5,deep_plus_two_surface,case_weighted_within_scenario,34,1,0.5567240081853844,0.5276535725645827,1.5631228186402875,3.5388888623471684,10.447243034343016,1.111111044372617,1.111111044372617,0.20131000443904778,1.111111044372617,2.588235294117647,3.5388888623471684,10.447243034343016,172.37434693547902,172.37434693547902,0.2647058823529412,nan,nan
RAP-MUSIC,10,5,surface_only,case_weighted_within_scenario,68,1,0.5326780773421224,0.5331624638041956,1.5854290492719132,4.029713745128392,7.553012616414371,nan,nan,0.0,nan,1.7941176470588236,4.029713745128392,7.553012616414371,nan,nan,nan,1.0,nan
RAP-MUSIC,10,10,deep_only,case_weighted_within_scenario,16,1,1.0,1.0,0.010918802582285824,nan,nan,0.0,0.0,1.0,0.0,2.625,nan,nan,0.0,0.0,1.0,nan,nan
RAP-MUSIC,10,10,deep_plus_surface,case_weighted_within_scenario,68,1,0.6003843235411606,0.5392830316823408,1.4575197561774473,4.3910197383960465,7.2444542414122965,0.41666668952285385,0.41666668952285385,0.21664440160452386,0.41666668952285385,2.1323529411764706,4.3910197383960465,7.2444542414122965,151.57766062095226,151.57766062095226,0.35294117647058826,nan,nan
RAP-MUSIC,10,10,deep_plus_two_surface,case_weighted_within_scenario,34,1,0.5549247652254021,0.525437701558417,1.5632572917244254,3.215710961564873,9.306051249543701,0.0,0.0,0.17724994436315697,0.0,2.5588235294117645,3.215710961564873,9.306051249543701,178.96343847832972,178.96343847832972,0.23529411764705882,nan,nan
RAP-MUSIC,10,10,surface_only,case_weighted_within_scenario,68,1,0.5312936756610119,0.5317841887323563,1.594173430757078,3.969583676081852,7.471296201185292,nan,nan,0.0,nan,1.7794117647058822,3.969583676081852,7.471296201185292,nan,nan,nan,1.0,nan
RAP-MUSIC,10,15,deep_only,case_weighted_within_scenario,16,1,1.0,1.0,0.003257929771840046,nan,nan,0.0,0.0,1.0,0.0,2.4375,nan,nan,0.0,0.0,1.0,nan,nan
RAP-MUSIC,10,15,deep_plus_surface,case_weighted_within_scenario,68,1,0.5784352762907704,0.5374910840131057,1.518658950244112,4.2940754929159235,7.358292323883394,0.5555555221863089,0.5555555221863089,0.15778001618351284,0.5555555221863089,2.1176470588235294,4.2940754929159235,7.358292323883394,172.2272881207827,172.2272881207827,0.2647058823529412,nan,nan
RAP-MUSIC,10,15,deep_plus_two_surface,case_weighted_within_scenario,34,1,0.5313939594140584,0.524422315850522,1.6517871708370948,3.6639183221499536,9.40078431954419,0.0,0.0,0.06510895865099782,0.0,2.411764705882353,3.6639183221499536,9.40078431954419,213.37948433954696,213.37948433954696,0.08823529411764706,nan,nan
RAP-MUSIC,10,15,surface_only,case_weighted_within_scenario,68,1,0.531030768930803,0.5316027119072468,1.5892557022774534,4.514057666001276,7.372513883769912,nan,nan,0.0,nan,1.8970588235294117,4.514057666001276,7.372513883769912,nan,nan,nan,1.0,nan
RAP-MUSIC,10,20,deep_only,case_weighted_within_scenario,16,1,1.0,1.0,0.001195234430657673,nan,nan,0.0,0.0,1.0,0.0,2.5,nan,nan,0.0,0.0,1.0,nan,nan
RAP-MUSIC,10,20,deep_plus_surface,case_weighted_within_scenario,68,1,0.5658705504756781,0.5330739653718422,1.5605093231489737,6.1720042167170295,8.646492280143216,2.0083608723783053,2.0083608723783053,0.14758974893978838,2.0083608723783053,2.1323529411764706,6.1720042167170295,8.646492280143216,176.02392411030263,176.02392411030263,0.23529411764705882,nan,nan
RAP-MUSIC,10,20,deep_plus_two_surface,case_weighted_within_scenario,34,1,0.5320038295765764,0.5252579325760294,1.630182017725783,3.095301918737817,8.91826409789297,0.0,0.0,0.06602358587566702,0.0,2.5,3.095301918737817,8.91826409789297,213.37948433954696,213.37948433954696,0.08823529411764706,nan,nan
RAP-MUSIC,10,20,surface_only,case_weighted_within_scenario,68,1,0.5358034554397355,0.5362612235574664,1.5600310469271588,4.093584574587659,7.064200623433949,nan,nan,0.0,nan,1.911764705882353,4.093584574587659,7.064200623433949,nan,nan,nan,1.0,nan
RAP-MUSIC,15,-10,deep_only,case_weighted_within_scenario,16,1,1.0,1.0,0.01091672491363435,nan,nan,0.0,0.0,1.0,0.0,1.0625,nan,nan,0.0,0.0,1.0,nan,nan
RAP-MUSIC,15,-10,deep_plus_surface,case_weighted_within_scenario,68,1,0.6293883833875954,0.5353902261470107,1.498351160950981,6.21882743717873,9.165410556556091,0.0,0.0,0.2664327237857412,0.0,2.264705882352941,6.21882743717873,9.165410556556091,123.89776510038213,123.89776510038213,0.47058823529411764,nan,nan
RAP-MUSIC,15,-10,deep_plus_two_surface,case_weighted_within_scenario,34,1,0.5621621607812513,0.5225553591563585,1.5911789706814017,4.699623888274794,11.47258746154236,2.0118446396375247,2.0118446396375247,0.23994677596133104,2.0118446396375247,2.6176470588235294,4.699623888274794,11.47258746154236,152.14066460334564,152.14066460334564,0.3235294117647059,nan,nan
RAP-MUSIC,15,-10,surface_only,case_weighted_within_scenario,68,1,0.5257920978302179,0.5264070972091165,1.6808745340936266,4.79540472367624,8.858343333694686,nan,nan,0.0,nan,1.8676470588235294,4.79540472367624,8.858343333694686,nan,nan,nan,1.0,nan
RAP-MUSIC,15,-5,deep_only,case_weighted_within_scenario,16,1,1.0,1.0,0.01350509196907372,nan,nan,0.0,0.0,1.0,0.0,1.0625,nan,nan,0.0,0.0,1.0,nan,nan
RAP-MUSIC,15,-5,deep_plus_surface,case_weighted_within_scenario,68,1,0.6340443750779245,0.5374275973214554,1.5020107600493022,4.9820478434761215,8.997814845810238,0.0,0.0,0.2573029131767002,0.0,2.338235294117647,4.9820478434761215,8.997814845810238,120.45616051426039,120.45616051426039,0.4852941176470588,nan,nan
RAP-MUSIC,15,-5,deep_plus_two_surface,case_weighted_within_scenario,34,1,0.5684205630889251,0.5248897689329506,1.5802319237535662,4.558986102009583,10.517195090863517,0.0,0.0,0.20935869643212343,0.0,2.6470588235294117,4.558986102009583,10.517195090863517,158.3138109615994,158.3138109615994,0.3235294117647059,nan,nan
RAP-MUSIC,15,-5,surface_only,case_weighted_within_scenario,68,1,0.5283502855014319,0.5288849644623861,1.6616960128495155,4.47343950370064,8.348162976510407,nan,nan,0.0,nan,1.8529411764705883,4.47343950370064,8.348162976510407,nan,nan,nan,1.0,nan
RAP-MUSIC,15,0,deep_only,case_weighted_within_scenario,16,1,1.0,1.0,0.01127897285658481,nan,nan,0.0,0.0,1.0,0.0,1.3125,nan,nan,0.0,0.0,1.0,nan,nan
RAP-MUSIC,15,0,deep_plus_surface,case_weighted_within_scenario,68,1,0.6222603467240658,0.5348356981123576,1.5133184493926144,4.899038173619299,8.463079467120446,1.283657005163289,1.283657005163289,0.26280732429087833,1.283657005163289,2.2794117647058822,4.899038173619299,8.463079467120446,121.07911170794262,121.07911170794262,0.47058823529411764,nan,nan
RAP-MUSIC,15,0,deep_plus_two_surface,case_weighted_within_scenario,34,1,0.5729232236974937,0.5246307461263182,1.5499062532175383,4.662927886050842,11.263887025276997,0.0,0.0,0.25225827413021945,0.0,2.7058823529411766,4.662927886050842,11.263887025276997,151.43060178935593,151.43060178935593,0.35294117647058826,nan,nan
RAP-MUSIC,15,0,surface_only,case_weighted_within_scenario,68,1,0.5296326706028329,0.5301583701838236,1.6420968990568596,5.134176464304194,8.627735351805745,nan,nan,0.0,nan,1.9411764705882353,5.134176464304194,8.627735351805745,nan,nan,nan,1.0,nan
RAP-MUSIC,15,5,deep_only,case_weighted_within_scenario,16,1,1.0,1.0,0.010831839157560277,nan,nan,0.0,0.0,1.0,0.0,2.4375,nan,nan,0.0,0.0,1.0,nan,nan
RAP-MUSIC,15,5,deep_plus_surface,case_weighted_within_scenario,68,1,0.6209851744978886,0.5387814962774462,1.4898934053692972,3.7759883444473785,7.4696149632818925,0.6451613257128059,0.6451613257128059,0.22705086524521811,0.6451613257128059,2.161764705882353,3.7759883444473785,7.4696149632818925,127.6334873496965,127.6334873496965,0.45588235294117646,nan,nan
RAP-MUSIC,15,5,deep_plus_two_surface,case_weighted_within_scenario,34,1,0.5693713857142784,0.5265006031865692,1.5366875757670087,4.117839550227404,12.258388672658668,0.0,0.0,0.24444569001041194,0.0,2.7058823529411766,4.117839550227404,12.258388672658668,158.3138109615994,158.3138109615994,0.3235294117647059,nan,nan
RAP-MUSIC,15,5,surface_only,case_weighted_within_scenario,68,1,0.5327000684854457,0.5332256210408305,1.5965410553812287,3.6671971242051695,7.606716741757073,nan,nan,0.0,nan,1.8088235294117647,3.6671971242051695,7.606716741757073,nan,nan,nan,1.0,nan
RAP-MUSIC,15,10,deep_only,case_weighted_within_scenario,16,1,1.0,1.0,0.006099602861659394,nan,nan,0.0,0.0,1.0,0.0,2.8125,nan,nan,0.0,0.0,1.0,nan,nan
RAP-MUSIC,15,10,deep_plus_surface,case_weighted_within_scenario,68,1,0.6104686629564213,0.5388489214737323,1.4872185873873753,3.8850908570822726,7.681046757671705,1.4983338811916904,0.7142856713823971,0.23010805383494162,0.7142856713823971,2.1470588235294117,3.8850908570822726,7.681046757671705,138.2811444547715,137.95830107426178,0.4117647058823529,nan,nan
RAP-MUSIC,15,10,deep_plus_two_surface,case_weighted_within_scenario,34,1,0.5726510084293346,0.5312017642181712,1.463064123071804,2.7772534021596877,8.101948764733821,0.0,0.0,0.23734442516083518,0.0,2.7058823529411766,2.7772534021596877,8.101948764733821,158.3138109615994,158.3138109615994,0.3235294117647059,nan,nan
RAP-MUSIC,15,10,surface_only,case_weighted_within_scenario,68,1,0.5334176331695586,0.5339802389625556,1.5626571830577296,3.4295739258531537,7.6408158393217285,nan,nan,0.0,nan,1.838235294117647,3.4295739258531537,7.6408158393217285,nan,nan,nan,1.0,nan
RAP-MUSIC,15,15,deep_only,case_weighted_within_scenario,16,1,1.0,1.0,0.0031848061726117913,nan,nan,0.0,0.0,1.0,0.0,2.8125,nan,nan,0.0,0.0,1.0,nan,nan
RAP-MUSIC,15,15,deep_plus_surface,case_weighted_within_scenario,68,1,0.5900702458951553,0.5394857792392199,1.4690562089342567,3.8364566872044663,6.729845868118792,1.6666666623251707,1.6666666623251707,0.21498149900637492,1.6666666623251707,2.088235294117647,3.8364566872044663,6.729845868118792,152.0188370819413,152.0188370819413,0.35294117647058826,nan,nan
RAP-MUSIC,15,15,deep_plus_two_surface,case_weighted_within_scenario,34,1,0.5515787278288871,0.5273536012254263,1.5590868990302298,2.8335303287835116,8.001674054039027,0.0,0.0,0.1445702167092164,0.0,2.4411764705882355,2.8335303287835116,8.001674054039027,185.84664765057317,185.84664765057317,0.20588235294117646,nan,nan
RAP-MUSIC,15,15,surface_only,case_weighted_within_scenario,68,1,0.5328778841814347,0.5334214084279064,1.5782582230273425,3.406907098365868,7.254212108015196,nan,nan,0.0,nan,1.7941176470588236,3.406907098365868,7.254212108015196,nan,nan,nan,1.0,nan
RAP-MUSIC,15,20,deep_only,case_weighted_within_scenario,16,1,1.0,1.0,0.0010165520084165131,nan,nan,0.0,0.0,1.0,0.0,2.75,nan,nan,0.0,0.0,1.0,nan,nan
RAP-MUSIC,15,20,deep_plus_surface,case_weighted_within_scenario,68,1,0.583755399027007,0.5406798774694744,1.492515948891382,3.6048665579868757,6.978220762566053,0.9999999973951024,0.9999999973951024,0.15429056113684766,0.9999999973951024,2.073529411764706,3.6048665579868757,6.978220762566053,165.49113778013555,165.49113778013555,0.29411764705882354,nan,nan
RAP-MUSIC,15,20,deep_plus_two_surface,case_weighted_within_scenario,34,1,0.5417754986960809,0.5260698681885848,1.608221268392306,3.0776912614915766,9.742968892466283,0.0,0.0,0.09337391953896554,0.0,2.4705882352941178,3.0776912614915766,9.742968892466283,199.61306599506008,199.61306599506008,0.14705882352941177,nan,nan
RAP-MUSIC,15,20,surface_only,case_weighted_within_scenario,68,1,0.5348632583013273,0.5353871904090931,1.539690373418093,3.652788925201716,6.871516651737601,nan,nan,0.0,nan,1.8235294117647058,3.652788925201716,6.871516651737601,nan,nan,nan,1.0,nan
RAP-MUSIC,20,-10,deep_only,case_weighted_within_scenario,16,1,1.0,1.0,0.012294599512358657,nan,nan,0.0,0.0,1.0,0.0,1.6875,nan,nan,0.0,0.0,1.0,nan,nan
RAP-MUSIC,20,-10,deep_plus_surface,case_weighted_within_scenario,68,1,0.6395245681442743,0.5348733930281435,1.48535027919156,5.750106831235406,8.555200135338927,0.652490146785882,0.652490146785882,0.2960520665632851,0.652490146785882,2.323529411764706,5.750106831235406,8.555200135338927,107.0447735731717,107.0447735731717,0.5294117647058824,nan,nan
RAP-MUSIC,20,-10,deep_plus_two_surface,case_weighted_within_scenario,34,1,0.5551157097858855,0.5190718393518403,1.6411568766845912,5.504288683839974,13.370156727057491,3.455220243731859,3.455220243731859,0.23050434793184332,3.455220243731859,2.6176470588235294,5.504288683839974,13.370156727057491,152.65009128714362,152.65009128714362,0.29411764705882354,nan,nan
RAP-MUSIC,20,-10,surface_only,case_weighted_within_scenario,68,1,0.5217370557169445,0.5223727497674142,1.7256076542726841,5.821600297804809,8.698328154474675,nan,nan,0.0,nan,1.838235294117647,5.821600297804809,8.698328154474675,nan,nan,nan,1.0,nan
RAP-MUSIC,20,-5,deep_only,case_weighted_within_scenario,16,1,1.0,1.0,0.006057924884820343,nan,nan,0.0,0.0,1.0,0.0,2.6875,nan,nan,0.0,0.0,1.0,nan,nan
RAP-MUSIC,20,-5,deep_plus_surface,case_weighted_within_scenario,68,1,0.6374361626872577,0.5375883293442731,1.485476110530093,4.63749984342609,8.583012912755898,0.9581915878620373,0.9581915878620373,0.27341488262943603,0.9581915878620373,2.323529411764706,4.63749984342609,8.583012912755898,110.63862465535159,110.63862465535159,0.5147058823529411,nan,nan
RAP-MUSIC,20,-5,deep_plus_two_surface,case_weighted_within_scenario,34,1,0.5659777596720273,0.5212979620790046,1.599860621531418,6.029072447301371,10.495629511492218,0.8333333790457081,0.8333333790457081,0.24697791991432563,0.8333333790457081,2.735294117647059,6.029072447301371,10.495629511492218,151.72471945254853,151.72471945254853,0.35294117647058826,nan,nan
RAP-MUSIC,20,-5,surface_only,case_weighted_within_scenario,68,1,0.5213823902117181,0.5220530861974557,1.7133687612612112,5.447264173768006,8.995727595354255,nan,nan,0.0,nan,1.8823529411764706,5.447264173768006,8.995727595354255,nan,nan,nan,1.0,nan
RAP-MUSIC,20,0,deep_only,case_weighted_within_scenario,16,1,1.0,1.0,0.0046774240059155574,nan,nan,0.0,0.0,1.0,0.0,2.75,nan,nan,0.0,0.0,1.0,nan,nan
RAP-MUSIC,20,0,deep_plus_surface,case_weighted_within_scenario,68,1,0.6396206620882942,0.5351097856957636,1.5111094040243318,4.868996301875093,8.4131463184105,0.6524901467858818,0.6524901467858818,0.2689594704441951,0.6524901467858818,2.235294117647059,4.868996301875093,8.4131463184105,107.0447735731717,107.0447735731717,0.5294117647058824,nan,nan
RAP-MUSIC,20,0,deep_plus_two_surface,case_weighted_within_scenario,34,1,0.5727527017999603,0.5245148492349296,1.5512324200439331,4.677548774726779,10.934960707794174,2.773500928940653,2.773500928940653,0.26726660423511683,2.773500928940653,2.676470588235294,4.677548774726779,10.934960707794174,145.6078488546486,145.6078488546486,0.35294117647058826,nan,nan
RAP-MUSIC,20,0,surface_only,case_weighted_within_scenario,68,1,0.5284333061949791,0.5290420759286246,1.6544131246167733,4.9930306477439,8.52212300082919,nan,nan,0.0,nan,1.9705882352941178,4.9930306477439,8.52212300082919,nan,nan,nan,1.0,nan
RAP-MUSIC,20,5,deep_only,case_weighted_within_scenario,16,1,1.0,1.0,0.003876979361997734,nan,nan,0.0,0.0,1.0,0.0,2.6875,nan,nan,0.0,0.0,1.0,nan,nan
RAP-MUSIC,20,5,deep_plus_surface,case_weighted_within_scenario,68,1,0.6379849580209767,0.5384443971881512,1.4790541926133014,4.4171789543495175,8.115628176009398,0.55555555410839,0.55555555410839,0.26659044428415896,0.55555555410839,2.264705882352941,4.4171789543495175,8.115628176009398,110.42546440218791,110.42546440218791,0.5294117647058824,nan,nan
RAP-MUSIC,20,5,deep_plus_two_surface,case_weighted_within_scenario,34,1,0.5774974368364274,0.5248607553448272,1.5111711802111962,3.4947052697898457,9.055143089239452,0.0,0.0,0.2668325276786098,0.0,2.676470588235294,3.4947052697898457,9.055143089239452,144.54739261711248,144.54739261711248,0.38235294117647056,nan,nan
RAP-MUSIC,20,5,surface_only,case_weighted_within_scenario,68,1,0.5254339983497575,0.5259640590633287,1.6641063621646766,4.589730810906839,8.264054830269771,nan,nan,0.0,nan,1.75,4.589730810906839,8.264054830269771,nan,nan,nan,1.0,nan
RAP-MUSIC,20,10,deep_only,case_weighted_within_scenario,16,1,1.0,1.0,0.0029432819258735465,nan,nan,0.0,0.0,1.0,0.0,2.875,nan,nan,0.0,0.0,1.0,nan,nan
RAP-MUSIC,20,10,deep_plus_surface,case_weighted_within_scenario,68,1,0.6122268045394815,0.542153301965013,1.4568877689776318,4.052539077109714,7.497001350230429,0.0,0.0,0.21423379322620195,0.0,2.176470588235294,4.052539077109714,7.497001350230429,144.5473926171125,144.5473926171125,0.38235294117647056,nan,nan
RAP-MUSIC,20,10,deep_plus_two_surface,case_weighted_within_scenario,34,1,0.5741996921754577,0.5267610017575433,1.5186329537699716,3.450023927019781,10.80136214691501,0.0,0.0,0.23873846009022776,0.0,2.4705882352941178,3.450023927019781,10.80136214691501,151.43060178935593,151.43060178935593,0.35294117647058826,nan,nan
RAP-MUSIC,20,10,surface_only,case_weighted_within_scenario,68,1,0.5296813189452901,0.5302320392547051,1.6235513088398967,3.976337045513852,7.825621649096435,nan,nan,0.0,nan,1.7647058823529411,3.976337045513852,7.825621649096435,nan,nan,nan,1.0,nan
RAP-MUSIC,20,15,deep_only,case_weighted_within_scenario,16,1,1.0,1.0,0.0020446942675024565,nan,nan,0.0,0.0,1.0,0.0,2.625,nan,nan,0.0,0.0,1.0,nan,nan
RAP-MUSIC,20,15,deep_plus_surface,case_weighted_within_scenario,68,1,0.608565667008049,0.5415758963375429,1.4753820795975843,4.219862171101774,7.54376911843208,0.0,0.0,0.19939160066201436,0.0,2.1176470588235294,4.219862171101774,7.54376911843208,147.98899720323425,147.98899720323425,0.36764705882352944,nan,nan
RAP-MUSIC,20,15,deep_plus_two_surface,case_weighted_within_scenario,34,1,0.5662183925877045,0.5284148302516081,1.507460221560463,2.910485731505621,8.654376430123003,0.0,0.0,0.22423531468339913,0.0,2.588235294117647,2.910485731505621,8.654376430123003,165.19702013384284,165.19702013384284,0.29411764705882354,nan,nan
RAP-MUSIC,20,15,surface_only,case_weighted_within_scenario,68,1,0.533723960762253,0.5343067821577117,1.5687745201003043,3.6597631419940644,7.2354901667240386,nan,nan,0.0,nan,1.8235294117647058,3.6597631419940644,7.2354901667240386,nan,nan,nan,1.0,nan
RAP-MUSIC,20,20,deep_only,case_weighted_within_scenario,16,1,1.0,1.0,0.0008254794432466786,nan,nan,0.0,0.0,1.0,0.0,2.8125,nan,nan,0.0,0.0,1.0,nan,nan
RAP-MUSIC,20,20,deep_plus_surface,case_weighted_within_scenario,68,1,0.5839392710354713,0.5347093781069869,1.5231541080310391,4.093827362604254,6.854595490417789,0.9523810046236659,0.9523810046236659,0.1660788380078013,0.9523810046236659,2.0294117647058822,4.093827362604254,6.854595490417789,162.04953321091375,162.04953321091375,0.3088235294117647,nan,nan
RAP-MUSIC,20,20,deep_plus_two_surface,case_weighted_within_scenario,34,1,0.5421894473166261,0.5267614535163284,1.5927118512895395,2.9454630040005725,7.911857050340835,0.0,0.0,0.10996434609951646,0.0,2.4411764705882355,2.9454630040005725,7.911857050340835,199.61306599506008,199.61306599506008,0.14705882352941177,nan,nan
RAP-MUSIC,20,20,surface_only,case_weighted_within_scenario,68,1,0.5313104570004697,0.5318405912527322,1.5729297346307103,3.840870213348267,7.32836252593942,nan,nan,0.0,nan,1.75,3.840870213348267,7.32836252593942,nan,nan,nan,1.0,nan
dSPM,-10,-10,deep_only,case_weighted_within_scenario,16,1,0.730625,0.8951151337681352,1.9834281576506994,nan,nan,22.938631568526766,15.868672031452459,0.8387574916941545,15.282617399751157,7514.0,nan,nan,22.938631568526766,15.868672031452459,0.375,nan,nan
dSPM,-10,-10,deep_plus_surface,case_weighted_within_scenario,68,1,0.6256137439762466,0.8322099188876103,1.94870260110695,71.65225025576036,28.41306319593938,23.907488129001706,23.042747425750687,0.4980299377612822,22.337406268257702,7452.25,71.65225025576036,28.41306319593938,23.907488129001706,23.042747425750687,0.23529411764705882,nan,nan
dSPM,-10,-10,deep_plus_two_surface,case_weighted_within_scenario,34,1,0.7335917663470979,0.7441668150550749,1.949311681185909,49.68945844375649,33.369923405488684,24.072468491176753,21.898203699931145,0.5005369009629943,22.637404018828526,7489.617647058823,49.68945844375649,33.369923405488684,24.072468491176753,21.898203699931145,0.20588235294117646,nan,nan
dSPM,-10,-10,surface_only,case_weighted_within_scenario,68,1,0.7455345683733879,0.8428671380179914,1.9395710003711357,71.47887252869945,19.749455323469945,nan,nan,0.4877156822441928,nan,7330.5,71.47887252869945,19.749455323469945,nan,nan,nan,0.0,nan
dSPM,-10,-5,deep_only,case_weighted_within_scenario,16,1,0.935,0.984934446958605,1.9784733560989882,nan,nan,21.94566830285276,6.966415286736884,0.8790052040558485,6.142766994825716,7514.0,nan,nan,21.94566830285276,6.966415286736884,0.875,nan,nan
dSPM,-10,-5,deep_plus_surface,case_weighted_within_scenario,68,1,0.6618227476857471,0.855089254065432,1.9324671736281804,70.2780701993333,15.316261858449673,23.480426855056134,20.766094160956744,0.4274926982144488,20.22042115245774,6623.294117647059,70.2780701993333,15.316261858449673,23.480426855056134,20.766094160956744,0.23529411764705882,nan,nan
dSPM,-10,-5,deep_plus_two_surface,case_weighted_within_scenario,34,1,0.7625803197272236,0.792239782499314,1.9303332858093274,49.01047411168767,22.476999690430613,23.759076600828937,18.145977062358913,0.42431675325142565,20.633946592770293,7187.35294117647,49.01047411168767,22.476999690430613,23.759076600828937,18.145977062358913,0.29411764705882354,nan,nan
dSPM,-10,-5,surface_only,case_weighted_within_scenario,68,1,0.8124245148434255,0.8949730837996613,1.9166128252191976,69.10169924016381,14.624330381434955,nan,nan,0.39820046123051706,nan,6245.014705882353,69.10169924016381,14.624330381434955,nan,nan,nan,0.0,nan
dSPM,-10,0,deep_only,case_weighted_within_scenario,16,1,0.99,0.997504325835219,1.97074687633441,nan,nan,20.737137561504134,4.892766926257154,0.9330934175017762,4.892766926257154,7513.875,nan,nan,20.737137561504134,4.892766926257154,0.875,nan,nan
dSPM,-10,0,deep_plus_surface,case_weighted_within_scenario,68,1,0.7020073683222371,0.8835206107458322,1.9080049483739743,51.75999281151439,12.740098100484703,23.537001261741484,19.901998666990277,0.3493106270747354,20.062316815558656,3845.926470588235,51.75999281151439,12.740098100484703,23.537001261741484,19.901998666990277,0.29411764705882354,nan,nan
dSPM,-10,0,deep_plus_two_surface,case_weighted_within_scenario,34,1,0.7989942535071757,0.8414425690984828,1.9041645531843463,42.66704472821171,14.158926940164422,23.643654111335863,18.515100816942557,0.3345400767314234,20.82522084800092,4638.029411764706,42.66704472821171,14.158926940164422,23.643654111335863,18.515100816942557,0.29411764705882354,nan,nan
dSPM,-10,0,surface_only,case_weighted_within_scenario,68,1,0.8376482907831786,0.9177517597800924,1.88378467656758,48.47235867563038,12.723214369208403,nan,nan,0.32822559976707266,nan,3368.3676470588234,48.47235867563038,12.723214369208403,nan,nan,nan,0.0,nan
dSPM,-10,5,deep_only,case_weighted_within_scenario,16,1,0.994375,0.9991514707839745,1.9546005050803255,nan,nan,18.949103051340856,5.151650359894808,0.9695071153710813,5.151650359894808,6725.0625,nan,nan,18.949103051340856,5.151650359894808,0.8125,nan,nan
dSPM,-10,5,deep_plus_surface,case_weighted_within_scenario,68,1,0.7384080631752883,0.9118430484451574,1.8682838227442935,28.5135696390883,12.192310747936707,23.265320249899503,21.085185769033366,0.2799409683432856,21.03475709172899,1372.2205882352941,28.5135696390883,12.192310747936707,23.265320249899503,21.085185769033366,0.23529411764705882,nan,nan
dSPM,-10,5,deep_plus_two_surface,case_weighted_within_scenario,34,1,0.8331328277728867,0.8641748256044837,1.8687773263573666,27.09679966596764,12.459727932959124,23.440063432313963,17.964320375053823,0.28454766090686767,18.88288087318772,1694.5,27.09679966596764,12.459727932959124,23.440063432313963,17.964320375053823,0.3235294117647059,nan,nan
dSPM,-10,5,surface_only,case_weighted_within_scenario,68,1,0.8516007181977467,0.9321015764267412,1.8389125207323676,27.53809503433033,11.93580845250394,nan,nan,0.2623486604513974,nan,1244.3823529411766,27.53809503433033,11.93580845250394,nan,nan,nan,0.014705882352941176,nan
dSPM,-10,10,deep_only,case_weighted_within_scenario,16,1,0.99125,0.9987937574870225,1.9302705310157022,nan,nan,14.677635656193308,5.7766503223544055,0.9513754468546227,5.7766503223544055,1508.6875,nan,nan,14.677635656193308,5.7766503223544055,0.8125,nan,nan
dSPM,-10,10,deep_plus_surface,case_weighted_within_scenario,68,1,0.7849702420849981,0.9266043778560589,1.8252989041997678,20.957966198028107,11.746987159138099,22.83898909677127,19.039951786703,0.24337078128328807,19.29985283095501,454.13235294117646,20.957966198028107,11.746987159138099,22.83898909677127,19.039951786703,0.27941176470588236,nan,nan
dSPM,-10,10,deep_plus_two_surface,case_weighted_within_scenario,34,1,0.841258041159647,0.8790116298601598,1.8275881163936305,20.41833060159952,15.839645196234361,23.25685606209033,18.891294456893615,0.239772789311018,18.64957256109131,597.1470588235294,20.41833060159952,15.839645196234361,23.25685606209033,18.891294456893615,0.38235294117647056,nan,nan
dSPM,-10,10,surface_only,case_weighted_within_scenario,68,1,0.8574184375615908,0.9388613655273645,1.7866779169186617,20.549635515308108,11.701796981288632,nan,nan,0.22608738431609618,nan,442.05882352941177,20.549635515308108,11.701796981288632,nan,nan,nan,0.11764705882352941,nan
dSPM,-10,15,deep_only,case_weighted_within_scenario,16,1,0.98875,0.998277984826301,1.9104949068742958,nan,nan,13.633961358245688,7.225298597121162,0.9263712891047576,7.225298597121162,862.8125,nan,nan,13.633961358245688,7.225298597121162,0.8125,nan,nan
dSPM,-10,15,deep_plus_surface,case_weighted_within_scenario,68,1,0.8024952009816878,0.9283207639270185,1.7943060740725763,20.4465903438903,11.875693591594167,22.37673036975201,22.496811255119834,0.2429017171476318,22.496811255119834,388.0735294117647,20.4465903438903,11.875693591594167,22.37673036975201,22.496811255119834,0.17647058823529413,nan,nan
dSPM,-10,15,deep_plus_two_surface,case_weighted_within_scenario,34,1,0.8470483581487602,0.8794480338990754,1.7998414418725068,19.430756005687016,16.899446661865422,22.2380489437294,17.91910468077188,0.24326886278881582,17.91910468077188,492.70588235294116,19.430756005687016,16.899446661865422,22.2380489437294,17.91910468077188,0.38235294117647056,nan,nan
dSPM,-10,15,surface_only,case_weighted_within_scenario,68,1,0.8594412061393353,0.9415816536170621,1.7493763498115296,20.17083576562718,12.058789717669455,nan,nan,0.23035172867147188,nan,386.20588235294116,20.17083576562718,12.058789717669455,nan,nan,nan,0.11764705882352941,nan
dSPM,-10,20,deep_only,case_weighted_within_scenario,16,1,0.9862500000000001,0.9976790230267536,1.9010504774222785,nan,nan,13.51880039550456,7.743065623963297,0.9086714924757957,7.743065623963297,744.625,nan,nan,13.51880039550456,7.743065623963297,0.6875,nan,nan
dSPM,-10,20,deep_plus_surface,case_weighted_within_scenario,68,1,0.8176078461789174,0.9322973699975149,1.78631545229212,20.87833433315284,13.14302079384966,22.03233271080681,21.85748786185776,0.2572423640395546,21.85748786185776,383.8970588235294,20.87833433315284,13.14302079384966,22.03233271080681,21.85748786185776,0.19117647058823528,nan,nan
dSPM,-10,20,deep_plus_two_surface,case_weighted_within_scenario,34,1,0.8475825937389481,0.8830015045210421,1.793590190288947,19.999123072150542,17.972543050679064,21.929222032914133,19.107671675214714,0.24495117976133784,19.107671675214714,481.3529411764706,19.999123072150542,17.972543050679064,21.929222032914133,19.107671675214714,0.38235294117647056,nan,nan
dSPM,-10,20,surface_only,case_weighted_within_scenario,68,1,0.8579600330920785,0.9422854858907255,1.7391696061440647,20.52022929770878,13.07796915481686,nan,nan,0.24104756030986405,nan,371.8235294117647,20.52022929770878,13.07796915481686,nan,nan,nan,0.11764705882352941,nan
dSPM,-5,-10,deep_only,case_weighted_within_scenario,16,1,0.95875,0.9879458937841075,1.976693451532376,nan,nan,22.32359377050545,6.915309354839886,0.909223566185643,6.549192924711164,7514.0,nan,nan,22.32359377050545,6.915309354839886,0.6875,nan,nan
dSPM,-5,-10,deep_plus_surface,case_weighted_within_scenario,68,1,0.6652226414527749,0.843312545745597,1.9350633528112728,69.390147838487,17.439278601129395,23.677014267433098,19.59471888196279,0.4747350471604926,21.155277629692655,6484.279411764706,69.390147838487,17.439278601129395,23.677014267433098,19.59471888196279,0.2647058823529412,nan,nan
dSPM,-5,-10,deep_plus_two_surface,case_weighted_within_scenario,34,1,0.7592244177287245,0.7524774907046171,1.9310330515365195,48.02989602260673,29.559706919575213,24.104941703482044,21.28926046630935,0.47821720044031957,21.758850343351124,6779.176470588235,48.02989602260673,29.559706919575213,24.104941703482044,21.28926046630935,0.20588235294117646,nan,nan
dSPM,-5,-10,surface_only,case_weighted_within_scenario,68,1,0.785713183751063,0.8750975265478321,1.916710450617441,66.75548310010598,15.341208475706935,nan,nan,0.43091138987864586,nan,5982.882352941177,66.75548310010598,15.341208475706935,nan,nan,nan,0.0,nan
dSPM,-5,-5,deep_only,case_weighted_within_scenario,16,1,0.9593750000000001,0.9904498868627711,1.9717955660912312,nan,nan,21.28638966129538,6.869190499615227,0.9466209556694641,5.665309467103628,7514.0,nan,nan,21.28638966129538,6.869190499615227,0.8125,nan,nan
dSPM,-5,-5,deep_plus_surface,case_weighted_within_scenario,68,1,0.7029029258027516,0.8817576417813497,1.91309565939139,59.8567558169045,14.34344585689417,23.41481005953583,20.63178069616616,0.39390678475700536,20.004244912799194,4941.867647058823,59.8567558169045,14.34344585689417,23.41481005953583,20.63178069616616,0.25,nan,nan
dSPM,-5,-5,deep_plus_two_surface,case_weighted_within_scenario,34,1,0.8008986061973228,0.8215780064157865,1.9141775515260604,44.689352167094434,23.068390733461072,23.680336614405345,18.90592022980916,0.3881527143511865,18.909102336551232,5471.941176470588,44.689352167094434,23.068390733461072,23.680336614405345,18.90592022980916,0.35294117647058826,nan,nan
dSPM,-5,-5,surface_only,case_weighted_within_scenario,68,1,0.8272538022138313,0.9115886484385857,1.8940482266334129,56.46738394815056,14.192112034871037,nan,nan,0.3743407382818006,nan,4485.60294117647,56.46738394815056,14.192112034871037,nan,nan,nan,0.0,nan
dSPM,-5,0,deep_only,case_weighted_within_scenario,16,1,0.99875,0.9997171569279915,1.9640103472792751,nan,nan,20.426375101186867,4.267766963797556,0.9843407459521716,4.267766963797556,7512.0,nan,nan,20.426375101186867,4.267766963797556,0.875,nan,nan
dSPM,-5,0,deep_plus_surface,case_weighted_within_scenario,68,1,0.7535727774684858,0.9134786634719041,1.8871588847840637,41.00566344003195,13.066093010579223,23.013601071256215,19.51776850969815,0.3330004456520078,18.66187803494209,2455.1617647058824,41.00566344003195,13.066093010579223,23.013601071256215,19.51776850969815,0.2647058823529412,nan,nan
dSPM,-5,0,deep_plus_two_surface,case_weighted_within_scenario,34,1,0.8239207246266854,0.8482508813667361,1.8841902218243987,33.93826525781078,15.931612652435163,23.39196771086406,18.28629673288589,0.33641763983989814,19.338205905600336,3051.264705882353,33.93826525781078,15.931612652435163,23.39196771086406,18.28629673288589,0.20588235294117646,nan,nan
dSPM,-5,0,surface_only,case_weighted_within_scenario,68,1,0.8469632771318762,0.9257854606567325,1.861119877189329,38.40181383848885,12.620658161418659,nan,nan,0.308779276250079,nan,2221.0,38.40181383848885,12.620658161418659,nan,nan,nan,0.0,nan
dSPM,-5,5,deep_only,case_weighted_within_scenario,16,1,0.99875,0.9994925462531612,1.952662260408765,nan,nan,19.112986343317022,5.7766503223544055,0.9686076398937802,5.151650359894808,7154.125,nan,nan,19.112986343317022,5.7766503223544055,0.8125,nan,nan
dSPM,-5,5,deep_plus_surface,case_weighted_within_scenario,68,1,0.7684065209755928,0.9180538056633261,1.853828034884966,25.598890934386045,12.83623374793462,22.966829478057097,21.384500377562286,0.2807763681325122,20.79196818063388,959.5294117647059,25.598890934386045,12.83623374793462,22.966829478057097,21.384500377562286,0.19117647058823528,nan,nan
dSPM,-5,5,deep_plus_two_surface,case_weighted_within_scenario,34,1,0.836093624621084,0.8697281171812038,1.8525143923341645,24.1915812117053,15.854734546003764,23.40786203578267,18.70036002217751,0.275574063832976,18.822187570188404,1098.6176470588234,24.1915812117053,15.854734546003764,23.40786203578267,18.70036002217751,0.3235294117647059,nan,nan
dSPM,-5,5,surface_only,case_weighted_within_scenario,68,1,0.8583453948671013,0.9384966593913118,1.8199842468446652,24.59011847404443,12.961062596084394,nan,nan,0.2627364166710226,nan,940.1764705882352,24.59011847404443,12.961062596084394,nan,nan,nan,0.058823529411764705,nan
dSPM,-5,10,deep_only,case_weighted_within_scenario,16,1,0.994375,0.9990100492479702,1.9329975526018588,nan,nan,16.055451907912115,5.151650359894808,0.955497567136848,5.151650359894808,2174.875,nan,nan,16.055451907912115,5.151650359894808,0.8125,nan,nan
dSPM,-5,10,deep_plus_surface,case_weighted_within_scenario,68,1,0.7923976706881819,0.92564225648052,1.8157976436663785,20.44214663382427,12.111637784559127,22.62621881924818,21.23768066284874,0.24515910358459775,21.694234772856465,427.0,20.44214663382427,12.111637784559127,22.62621881924818,21.23768066284874,0.22058823529411764,nan,nan
dSPM,-5,10,deep_plus_two_surface,case_weighted_within_scenario,34,1,0.8452183635545678,0.8845018157008708,1.8162715914015095,18.963353567100874,14.57638666725819,23.34245597048182,19.900647372641014,0.2308733019131475,20.78300033048507,519.6764705882352,18.963353567100874,14.57638666725819,23.34245597048182,19.900647372641014,0.3235294117647059,nan,nan
dSPM,-5,10,surface_only,case_weighted_within_scenario,68,1,0.8618943009642253,0.9431539510281126,1.774292633531807,19.949173203938027,12.469454711463733,nan,nan,0.2291432225556752,nan,418.3529411764706,19.949173203938027,12.469454711463733,nan,nan,nan,0.11764705882352941,nan
dSPM,-5,15,deep_only,case_weighted_within_scenario,16,1,0.990625,0.9986107413816052,1.9114978429631493,nan,nan,13.962066415461804,5.151650359894808,0.947054737271374,5.151650359894808,921.9375,nan,nan,13.962066415461804,5.151650359894808,0.8125,nan,nan
dSPM,-5,15,deep_plus_surface,case_weighted_within_scenario,68,1,0.7990384184553632,0.9244826517082445,1.7879944387978894,19.76276997110157,11.47778617127056,22.23930274805863,22.145703485738764,0.23074189125356637,22.07061674276049,378.7647058823529,19.76276997110157,11.47778617127056,22.23930274805863,22.145703485738764,0.20588235294117646,nan,nan
dSPM,-5,15,deep_plus_two_surface,case_weighted_within_scenario,34,1,0.8481922944240052,0.8880481067687415,1.7906878810254745,18.843038198972202,15.847545706305016,22.740036122545764,18.040932197272333,0.22178407771517406,18.040932197272333,483.05882352941177,18.843038198972202,15.847545706305016,22.740036122545764,18.040932197272333,0.38235294117647056,nan,nan
dSPM,-5,15,surface_only,case_weighted_within_scenario,68,1,0.8631426602036921,0.9449952491569372,1.7400173099346536,19.377907753951323,11.94807580010366,nan,nan,0.21620147524902453,nan,366.77941176470586,19.377907753951323,11.94807580010366,nan,nan,nan,0.17647058823529413,nan
dSPM,-5,20,deep_only,case_weighted_within_scenario,16,1,0.989375,0.9983528550512444,1.8999760738398135,nan,nan,13.517019805004377,7.28553386202125,0.9322291133480378,7.28553386202125,769.25,nan,nan,13.517019805004377,7.28553386202125,0.75,nan,nan
dSPM,-5,20,deep_plus_surface,case_weighted_within_scenario,68,1,0.8121410717695268,0.92892722765616,1.7785231644156434,20.410366351870962,12.138446101770915,21.996616442431847,22.774422418223462,0.24494215570487898,22.774422418223462,379.47058823529414,20.410366351870962,12.138446101770915,21.996616442431847,22.774422418223462,0.20588235294117646,nan,nan
dSPM,-5,20,deep_plus_two_surface,case_weighted_within_scenario,34,1,0.8431394598968223,0.8809228397955091,1.7843962244566993,19.236386136145182,16.498139483693496,21.82846210537151,17.442321489180117,0.22550365947987208,17.442321489180117,462.94117647058823,19.236386136145182,16.498139483693496,21.82846210537151,17.442321489180117,0.4117647058823529,nan,nan
dSPM,-5,20,surface_only,case_weighted_within_scenario,68,1,0.8596357941235561,0.9400458046587626,1.7296938497622605,19.85805608923963,11.790986895335658,nan,nan,0.22131368482502373,nan,367.4117647058824,19.85805608923963,11.790986895335658,nan,nan,nan,0.16176470588235295,nan
dSPM,0,-10,deep_only,case_weighted_within_scenario,16,1,0.9975,0.9993844003726874,1.9675193318492488,nan,nan,21.077402707342426,6.401650467444447,0.988687180636487,4.633883590907612,7514.0,nan,nan,21.077402707342426,6.401650467444447,0.9375,nan,nan
dSPM,0,-10,deep_plus_surface,case_weighted_within_scenario,68,1,0.7354351800870359,0.885676438979422,1.9077655327742893,55.71885668523083,16.5750907969644,23.173443915275584,18.470281179365628,0.4328792849076067,19.50731132941841,4632.382352941177,55.71885668523083,16.5750907969644,23.173443915275584,18.470281179365628,0.3088235294117647,nan,nan
dSPM,0,-10,deep_plus_two_surface,case_weighted_within_scenario,34,1,0.8144310359753257,0.8270131064950874,1.9061187654467806,41.323376357483845,22.941340596740655,23.739055510138602,19.729041905843218,0.4302445509889681,19.434924253228534,4821.323529411765,41.323376357483845,22.941340596740655,23.739055510138602,19.729041905843218,0.29411764705882354,nan,nan
dSPM,0,-10,surface_only,case_weighted_within_scenario,68,1,0.8146175257114113,0.9020152409911624,1.8871404027820906,54.487978537677414,14.98011171068478,nan,nan,0.38442967292992414,nan,4239.544117647059,54.487978537677414,14.98011171068478,nan,nan,nan,0.0,nan
dSPM,0,-5,deep_only,case_weighted_within_scenario,16,1,1.0,0.999833621722348,1.9601529760440748,nan,nan,19.97955058132255,3.38388348827823,0.9943883061087522,4.008883450737826,7513.9375,nan,nan,19.97955058132255,3.38388348827823,0.9375,nan,nan
dSPM,0,-5,deep_plus_surface,case_weighted_within_scenario,68,1,0.7684110470350427,0.9029096135070058,1.889344181747909,46.37847892107512,14.890546703442155,23.029288018458978,19.61957760896683,0.3862216163212361,19.874522183665473,3063.1911764705883,46.37847892107512,14.890546703442155,23.029288018458978,19.61957760896683,0.22058823529411764,nan,nan
dSPM,0,-5,deep_plus_two_surface,case_weighted_within_scenario,34,1,0.8348887478858769,0.8543258438462531,1.8862731299390418,34.67572470014918,19.94778390625342,23.5271897317071,19.356564947672624,0.3658667015067144,19.948214377857166,3162.029411764706,34.67572470014918,19.94778390625342,23.5271897317071,19.356564947672624,0.35294117647058826,nan,nan
dSPM,0,-5,surface_only,case_weighted_within_scenario,68,1,0.8312215760674552,0.9147288714651891,1.863461948865341,44.026008921691584,14.323448308788644,nan,nan,0.3379840583943663,nan,2714.3088235294117,44.026008921691584,14.323448308788644,nan,nan,nan,0.0,nan
dSPM,0,0,deep_only,case_weighted_within_scenario,16,1,0.999375,0.9999417676028218,1.9510582679402106,nan,nan,19.645066279050674,2.5000000697029057,0.9970371979085251,2.5000000697029057,7463.0,nan,nan,19.645066279050674,2.5000000697029057,1.0,nan,nan
dSPM,0,0,deep_plus_surface,case_weighted_within_scenario,68,1,0.8088463212620174,0.9204735589182044,1.8635345641767465,31.520642643827767,14.397449543098277,22.704658895323742,18.518919263777462,0.33709771868253374,19.431847087196264,1434.8088235294117,31.520642643827767,14.397449543098277,22.704658895323742,18.518919263777462,0.3235294117647059,nan,nan
dSPM,0,0,deep_plus_two_surface,case_weighted_within_scenario,34,1,0.8530953952394287,0.8650360723842572,1.8591459341751193,27.058340798462297,18.005185132685565,23.270067558772205,18.7622160488121,0.32279457132935224,18.17398077944868,1715.2941176470588,27.058340798462297,18.005185132685565,23.270067558772205,18.7622160488121,0.3235294117647059,nan,nan
dSPM,0,0,surface_only,case_weighted_within_scenario,68,1,0.8495374856128963,0.9305773536186328,1.8344791605003903,29.85690490936535,14.0536047753573,nan,nan,0.29949689456615636,nan,1212.8382352941176,29.85690490936535,14.0536047753573,nan,nan,nan,0.014705882352941176,nan
dSPM,0,5,deep_only,case_weighted_within_scenario,16,1,0.999375,0.9997837082390524,1.9419890900188668,nan,nan,18.62933641211127,4.892766926257154,0.988921673294993,4.892766926257154,6153.4375,nan,nan,18.62933641211127,4.892766926257154,0.875,nan,nan
dSPM,0,5,deep_plus_surface,case_weighted_within_scenario,68,1,0.833270517277598,0.9334051129361958,1.8318455243368634,22.268239891261306,12.464668683293795,22.22903509021447,18.46737446572601,0.2949600417135059,17.421047557365704,571.1617647058823,22.268239891261306,12.464668683293795,22.22903509021447,18.46737446572601,0.35294117647058826,nan,nan
dSPM,0,5,deep_plus_two_surface,case_weighted_within_scenario,34,1,0.8640671588673415,0.8851385625134577,1.8284577990038648,20.559298982392303,16.090713339510685,23.02344720180295,19.010076592792263,0.2877714655333369,18.785390706505282,587.8235294117648,20.559298982392303,16.090713339510685,23.02344720180295,19.010076592792263,0.23529411764705882,nan,nan
dSPM,0,5,surface_only,case_weighted_within_scenario,68,1,0.8600655793484675,0.9394350681347788,1.7929122422307386,21.874506184281646,12.511896959164526,nan,nan,0.2631608672417682,nan,529.0,21.874506184281646,12.511896959164526,nan,nan,nan,0.029411764705882353,nan
dSPM,0,10,deep_only,case_weighted_within_scenario,16,1,0.9975,0.999559097564222,1.92658504406183,nan,nan,16.605267504502496,4.892766926257154,0.9715871683780202,4.892766926257154,1750.0,nan,nan,16.605267504502496,4.892766926257154,0.875,nan,nan
dSPM,0,10,deep_plus_surface,case_weighted_within_scenario,68,1,0.830820750319097,0.9393285933669958,1.7991501615545316,19.71395727708008,12.116524856174316,21.94379995033465,20.00120555807732,0.25619443672564407,20.04794633895028,385.20588235294116,19.71395727708008,12.116524856174316,21.94379995033465,20.00120555807732,0.22058823529411764,nan,nan
dSPM,0,10,deep_plus_two_surface,case_weighted_within_scenario,34,1,0.8694494478768514,0.8939400227930424,1.798522945688466,18.48870889729063,15.436208134974697,22.572743285240556,16.47326283175735,0.24365766349157378,16.179145168564744,459.9117647058824,18.48870889729063,15.436208134974697,22.572743285240556,16.47326283175735,0.38235294117647056,nan,nan
dSPM,0,10,surface_only,case_weighted_within_scenario,68,1,0.8668610719766275,0.9472706686669705,1.7563849756137853,19.55749950821747,12.825746940311502,nan,nan,0.23967645144158017,nan,379.72058823529414,19.55749950821747,12.825746940311502,nan,nan,nan,0.10294117647058823,nan
dSPM,0,15,deep_only,case_weighted_within_scenario,16,1,0.995625,0.9990599627312657,1.910813274447699,nan,nan,14.381855639491693,5.151650359894808,0.9621046245943207,5.151650359894808,973.25,nan,nan,14.381855639491693,5.151650359894808,0.8125,nan,nan
dSPM,0,15,deep_plus_surface,case_weighted_within_scenario,68,1,0.8360660273007046,0.9330129245817221,1.7770289013417704,19.255280537282133,11.950881671829615,21.617000508627527,19.305990812549574,0.2358032200436663,19.305990812549574,362.69117647058823,19.255280537282133,11.950881671829615,21.617000508627527,19.305990812549574,0.25,nan,nan
dSPM,0,15,deep_plus_two_surface,case_weighted_within_scenario,34,1,0.8591400909192694,0.8961787785495053,1.7773875615339485,18.181355933959637,14.744511416950743,22.41642380983735,19.292399888818668,0.22488856295154508,19.292399888818668,455.4117647058824,18.181355933959637,14.744511416950743,22.41642380983735,19.292399888818668,0.38235294117647056,nan,nan
dSPM,0,15,surface_only,case_weighted_within_scenario,68,1,0.862441802418886,0.9423155934340108,1.7271129970508594,18.922883386704356,12.13128278625301,nan,nan,0.2145517981353892,nan,354.3382352941176,18.922883386704356,12.13128278625301,nan,nan,nan,0.20588235294117646,nan
dSPM,0,20,deep_only,case_weighted_within_scenario,16,1,0.9924999999999999,0.9987022494343138,1.9003713533041962,nan,nan,13.70172219285825,5.7766503223544055,0.9420437019767469,5.7766503223544055,825.8125,nan,nan,13.70172219285825,5.7766503223544055,0.8125,nan,nan
dSPM,0,20,deep_plus_surface,case_weighted_within_scenario,68,1,0.8168228713565464,0.9303431989818477,1.7686700092670875,19.460442865925724,11.472670841455281,21.91899498813751,22.43413596550376,0.22423534366833184,22.43413596550376,361.72058823529414,19.460442865925724,11.472670841455281,21.91899498813751,22.43413596550376,0.19117647058823528,nan,nan
dSPM,0,20,deep_plus_two_surface,case_weighted_within_scenario,34,1,0.850553511991829,0.8868763031924386,1.7721043900693598,18.418549062887276,14.938287233384187,21.97022051710732,17.13955310763221,0.2220648799479766,17.139553122921264,450.7352941176471,18.418549062887276,14.938287233384187,21.97022051710732,17.13955310763221,0.38235294117647056,nan,nan
dSPM,0,20,surface_only,case_weighted_within_scenario,68,1,0.8615847081787354,0.9440636555686686,1.7173777711988625,19.112019253058623,11.442396434438926,nan,nan,0.20920353149721638,nan,354.2352941176471,19.112019253058623,11.442396434438926,nan,nan,nan,0.23529411764705882,nan
dSPM,5,-10,deep_only,case_weighted_within_scenario,16,1,0.99875,0.9998419406362306,1.9531961628110848,nan,nan,20.39122891362799,4.633883557781692,0.9970088291585211,4.633883557781692,7484.125,nan,nan,20.39122891362799,4.633883557781692,0.9375,nan,nan
dSPM,5,-10,deep_plus_surface,case_weighted_within_scenario,68,1,0.8047863119295244,0.9095004404527826,1.8747585777485252,41.388560121364684,15.250657803720495,22.87545359198208,18.998786616184567,0.3977516748301383,18.759325561175736,2571.926470588235,41.388560121364684,15.250657803720495,22.87545359198208,18.998786616184567,0.2647058823529412,nan,nan
dSPM,5,-10,deep_plus_two_surface,case_weighted_within_scenario,34,1,0.8526603269786539,0.853998902655376,1.8708783892359737,31.88361297457925,20.669383650671453,23.346640097262586,20.05226265060931,0.3882795615685545,19.200496643958967,2655.8529411764707,31.88361297457925,20.669383650671453,23.346640097262586,20.05226265060931,0.35294117647058826,nan,nan
dSPM,5,-10,surface_only,case_weighted_within_scenario,68,1,0.8288803363316051,0.9175620422109766,1.8480406315324693,39.542241543101824,16.234130711025692,nan,nan,0.3536046322487921,nan,2277.3382352941176,39.542241543101824,16.234130711025692,nan,nan,nan,0.0,nan
dSPM,5,-5,deep_only,case_weighted_within_scenario,16,1,0.99875,0.9998419406362306,1.944586661959767,nan,nan,19.211193891381527,5.258883435595723,0.99707325995252,5.258883435595723,7204.9375,nan,nan,19.211193891381527,5.258883435595723,0.9375,nan,nan
dSPM,5,-5,deep_plus_surface,case_weighted_within_scenario,68,1,0.8179331264707672,0.9177195326927062,1.8577863106059262,33.55610286084989,14.418365065262014,22.54003292847722,19.032008250009056,0.3688652313189936,19.206446493985037,1596.0,33.55610286084989,14.418365065262014,22.54003292847722,19.032008250009056,0.27941176470588236,nan,nan
dSPM,5,-5,deep_plus_two_surface,case_weighted_within_scenario,34,1,0.850756804811628,0.863829970177469,1.8529907790685638,27.48783395581664,21.01422299826945,23.33397781892481,17.980032465965678,0.35514989064864355,17.523358099649226,1744.764705882353,27.48783395581664,21.01422299826945,23.33397781892481,17.980032465965678,0.38235294117647056,nan,nan
dSPM,5,-5,surface_only,case_weighted_within_scenario,68,1,0.8436801088595361,0.928363442362834,1.825718800287526,31.666305120046705,15.049639854148252,nan,nan,0.3236828170042137,nan,1401.8529411764705,31.666305120046705,15.049639854148252,nan,nan,nan,0.0,nan
dSPM,5,0,deep_only,case_weighted_within_scenario,16,1,1.0,0.999916810861174,1.932327683641095,nan,nan,18.198733089239294,2.7588835632792614,0.9961647491570901,2.7588835632792614,6124.75,nan,nan,18.198733089239294,2.7588835632792614,0.9375,nan,nan
dSPM,5,0,deep_plus_surface,case_weighted_within_scenario,68,1,0.8380893501590782,0.9248223816310727,1.835233599168932,25.347425277618154,14.856469688466039,22.293569891343616,19.68861830143382,0.3401952455582996,19.416010121713924,700.8235294117648,25.347425277618154,14.856469688466039,22.293569891343616,19.68861830143382,0.2647058823529412,nan,nan
dSPM,5,0,deep_plus_two_surface,case_weighted_within_scenario,34,1,0.8742574413499833,0.8775927271771503,1.82924647158292,22.361035949950367,18.602651869313398,22.747560814841833,18.04592648955789,0.33355797754279837,18.27061240303371,681.9705882352941,22.361035949950367,18.602651869313398,22.747560814841833,18.04592648955789,0.29411764705882354,nan,nan
dSPM,5,0,surface_only,case_weighted_within_scenario,68,1,0.8549066786246383,0.9366040696031608,1.7975992254372402,23.248478293627528,14.796622033845253,nan,nan,0.29295807052203726,nan,555.5735294117648,23.248478293627528,14.796622033845253,nan,nan,nan,0.04411764705882353,nan
dSPM,5,5,deep_only,case_weighted_within_scenario,16,1,0.999375,0.9998835352056435,1.922113144768148,nan,nan,17.402923086031453,3.3838835151467688,0.9956485799105402,3.3838835151467688,2441.4375,nan,nan,17.402923086031453,3.3838835151467688,0.9375,nan,nan
dSPM,5,5,deep_plus_surface,case_weighted_within_scenario,68,1,0.8568910864862118,0.9352815495224986,1.8058158306689285,20.781302818829634,14.198650377443382,21.827583710579045,19.63211857196293,0.3054191609988972,19.6337095786195,385.19117647058823,20.781302818829634,14.198650377443382,21.827583710579045,19.63211857196293,0.27941176470588236,nan,nan
dSPM,5,5,deep_plus_two_surface,case_weighted_within_scenario,34,1,0.8839555530387027,0.8952294159145177,1.8044022010160217,19.54370310829188,19.60226749838501,22.87046701730521,17.6343487852817,0.2854905112056376,17.6343487852817,461.9117647058824,19.54370310829188,19.60226749838501,22.87046701730521,17.6343487852817,0.35294117647058826,nan,nan
dSPM,5,5,surface_only,case_weighted_within_scenario,68,1,0.8630745023917433,0.9451616986734548,1.7663464020400481,20.470777397365158,15.28878091270542,nan,nan,0.2656450737839523,nan,375.8529411764706,20.470777397365158,15.28878091270542,nan,nan,nan,0.07352941176470588,nan
dSPM,5,10,deep_only,case_weighted_within_scenario,16,1,0.999375,0.9997920271529349,1.9123129652591873,nan,nan,16.97136070531132,4.008883552637975,0.9880153766365236,4.008883552637975,1215.125,nan,nan,16.97136070531132,4.008883552637975,0.9375,nan,nan
dSPM,5,10,deep_plus_surface,case_weighted_within_scenario,68,1,0.8648413919158728,0.9420117371051105,1.779285739347586,19.653055495516334,12.70981172961018,21.26470748847094,18.758127734462484,0.2795391157397738,19.308371478019392,353.54411764705884,19.653055495516334,12.70981172961018,21.26470748847094,18.758127734462484,0.22058823529411764,nan,nan
dSPM,5,10,deep_plus_two_surface,case_weighted_within_scenario,34,1,0.8753620350254114,0.8991097565486268,1.7790508005786967,18.59737550626196,15.916908380887605,22.496036343103523,18.12314504395782,0.26583042995647305,18.12314504395782,435.5,18.59737550626196,15.916908380887605,22.496036343103523,18.12314504395782,0.29411764705882354,nan,nan
dSPM,5,10,surface_only,case_weighted_within_scenario,68,1,0.8686845112628235,0.9490576145391116,1.7357397998620947,19.580225441133766,12.83244226024192,nan,nan,0.24706734316141882,nan,349.1029411764706,19.580225441133766,12.83244226024192,nan,nan,nan,0.10294117647058823,nan
dSPM,5,15,deep_only,case_weighted_within_scenario,16,1,0.999375,0.9995923732197525,1.9022260266468887,nan,nan,15.236734612686767,4.892766926257154,0.9712214332283915,4.892766926257154,895.5,nan,nan,15.236734612686767,4.892766926257154,0.875,nan,nan
dSPM,5,15,deep_plus_surface,case_weighted_within_scenario,68,1,0.8673705929252687,0.9427868196539209,1.7634843942131802,19.06846825408841,12.583191304682167,20.909819570366103,20.075297649709665,0.24874599452581178,19.993840999267277,344.02941176470586,19.06846825408841,12.583191304682167,20.909819570366103,20.075297649709665,0.20588235294117646,nan,nan
dSPM,5,15,deep_plus_two_surface,case_weighted_within_scenario,34,1,0.8779156929982326,0.8995702607787271,1.7630053623732582,18.125192578174477,16.316427120296918,22.052729227948852,17.514853695647577,0.23931295234477243,17.514853695647577,421.7352941176471,18.125192578174477,16.316427120296918,22.052729227948852,17.514853695647577,0.35294117647058826,nan,nan
dSPM,5,15,surface_only,case_weighted_within_scenario,68,1,0.8675370207279701,0.9471150447863108,1.7129910012629328,19.00836277934148,12.69837177100129,nan,nan,0.22721820085122502,nan,341.5147058823529,19.00836277934148,12.69837177100129,nan,nan,nan,0.22058823529411764,nan
dSPM,5,20,deep_only,case_weighted_within_scenario,16,1,0.9949999999999999,0.9991181951284441,1.897590974684173,nan,nan,14.019575455864068,4.892766926257154,0.9586779440006553,4.892766926257154,824.25,nan,nan,14.019575455864068,4.892766926257154,0.875,nan,nan
dSPM,5,20,deep_plus_surface,case_weighted_within_scenario,68,1,0.8461437780292385,0.9368881320126482,1.7581261536325974,19.10677814433521,11.741929901483061,20.936966514564315,19.831041512693954,0.23180843114807856,19.831041512693954,349.4117647058824,19.10677814433521,11.741929901483061,20.936966514564315,19.831041512693954,0.23529411764705882,nan,nan
dSPM,5,20,deep_plus_two_surface,case_weighted_within_scenario,34,1,0.8624062712255999,0.8951023970129064,1.7582958101860495,17.878214371647772,16.85276747584765,21.822184528406105,17.420156136162646,0.21736582671931776,17.420156136162646,425.44117647058823,17.878214371647772,16.85276747584765,21.822184528406105,17.420156136162646,0.4117647058823529,nan,nan
dSPM,5,20,surface_only,case_weighted_within_scenario,68,1,0.863322538286439,0.9439148377288104,1.7045364938139962,18.866310770344512,12.160439302486573,nan,nan,0.20985089680338978,nan,344.11764705882354,18.866310770344512,12.160439302486573,nan,nan,nan,0.23529411764705882,nan
dSPM,10,-10,deep_only,case_weighted_within_scenario,16,1,0.9975,0.9997837082390523,1.9336037070064906,nan,nan,19.996582894963858,6.600298811246907,0.9946355352127915,6.600298811246907,5013.3125,nan,nan,19.996582894963858,6.600298811246907,0.8125,nan,nan
dSPM,10,-10,deep_plus_surface,case_weighted_within_scenario,68,1,0.8488792591695988,0.9240725691051379,1.8401499721249686,30.964715378542365,16.53811788899432,22.460131275520993,18.069924142783265,0.3875716195809866,18.342532322372897,1313.7794117647059,30.964715378542365,16.53811788899432,22.460131275520993,18.069924142783265,0.3235294117647059,nan,nan
dSPM,10,-10,deep_plus_two_surface,case_weighted_within_scenario,34,1,0.8660099819110966,0.8603818481148023,1.8318587039197647,23.202668129191444,23.745355522769618,23.042779760881334,18.888325009685307,0.3429972901298109,18.83821901048608,972.0294117647059,23.202668129191444,23.745355522769618,23.042779760881334,18.888325009685307,0.3235294117647059,nan,nan
dSPM,10,-10,surface_only,case_weighted_within_scenario,68,1,0.8358687476948534,0.928169356032333,1.8050471244709365,28.87367560571213,16.945225594252825,nan,nan,0.3260400308737845,nan,1163.2205882352941,28.87367560571213,16.945225594252825,nan,nan,nan,0.029411764705882353,nan
dSPM,10,-5,deep_only,case_weighted_within_scenario,16,1,1.0,0.9998918541195261,1.9225522990564232,nan,nan,18.962270617876694,4.633883613385683,1.0,4.633883613385683,2874.875,nan,nan,18.962270617876694,4.633883613385683,0.9375,nan,nan
dSPM,10,-5,deep_plus_surface,case_weighted_within_scenario,68,1,0.8608469621614152,0.9270834769400904,1.8237221343656145,26.03994407182752,15.440788052260238,22.0529842728244,18.024393390389008,0.36896668468734567,17.810935278875444,713.0294117647059,26.03994407182752,15.440788052260238,22.0529842728244,18.024393390389008,0.27941176470588236,nan,nan
dSPM,10,-5,deep_plus_two_surface,case_weighted_within_scenario,34,1,0.8780993008122023,0.8726516813500345,1.817347449743321,21.296134317278188,22.644896665456116,22.79508400779821,18.052896996530787,0.3398613695319366,18.076590205193842,664.7941176470588,21.296134317278188,22.644896665456116,22.79508400779821,18.052896996530787,0.38235294117647056,nan,nan
dSPM,10,-5,surface_only,case_weighted_within_scenario,68,1,0.8499722733089347,0.9374042209819119,1.7861648479985928,24.78304966015512,15.212215191052806,nan,nan,0.3117835164646666,nan,635.3088235294117,24.78304966015512,15.212215191052806,nan,nan,nan,0.029411764705882353,nan
dSPM,10,0,deep_only,case_weighted_within_scenario,16,1,1.0,0.9999084919472914,1.9102010671286465,nan,nan,17.979087659793386,3.6427670075395833,1.0,3.6427670075395833,1304.0625,nan,nan,17.979087659793386,3.6427670075395833,0.875,nan,nan
dSPM,10,0,deep_plus_surface,case_weighted_within_scenario,68,1,0.8802593103731939,0.9358005714569264,1.8031534444869,22.44509112325917,15.246370078632356,21.665527209205738,17.640674785571345,0.35000517366245887,17.446875183958486,424.20588235294116,22.44509112325917,15.246370078632356,21.665527209205738,17.640674785571345,0.3235294117647059,nan,nan
dSPM,10,0,deep_plus_two_surface,case_weighted_within_scenario,34,1,0.8784379001945366,0.8826438424667568,1.7989179898964207,19.94655749331648,22.323008547030124,22.737184351074816,16.741147241293643,0.3234554880793966,16.49749224492879,482.8235294117647,19.94655749331648,22.323008547030124,22.737184351074816,16.741147241293643,0.4117647058823529,nan,nan
dSPM,10,0,surface_only,case_weighted_within_scenario,68,1,0.8614587839256707,0.9468502639151124,1.7629852334933531,21.435454030216878,14.01020137821765,nan,nan,0.2975738972139723,nan,403.7647058823529,21.435454030216878,14.01020137821765,nan,nan,nan,0.04411764705882353,nan
dSPM,10,5,deep_only,case_weighted_within_scenario,16,1,1.0,0.999916810861174,1.9009539456594227,nan,nan,17.476224447016968,4.008883549431049,1.0,4.008883549431049,904.75,nan,nan,17.476224447016968,4.008883549431049,0.9375,nan,nan
dSPM,10,5,deep_plus_surface,case_weighted_within_scenario,68,1,0.8844413139189682,0.941305480193811,1.781681011496191,21.16516939480542,14.879737468437511,21.16518566445047,18.183410466194108,0.3277074131636231,17.422839238432488,364.1029411764706,21.16516939480542,14.879737468437511,21.16518566445047,18.183410466194108,0.3382352941176471,nan,nan
dSPM,10,5,deep_plus_two_surface,case_weighted_within_scenario,34,1,0.8871290311454103,0.8918139804085624,1.7799770661640837,19.530746833885544,21.24321505978048,22.520561616633547,17.545046851487108,0.30748101251648263,17.545046851487108,431.6470588235294,19.530746833885544,21.24321505978048,22.520561616633547,17.545046851487108,0.3235294117647059,nan,nan
dSPM,10,5,surface_only,case_weighted_within_scenario,68,1,0.8678381657269939,0.9520029744618654,1.7369066453894322,20.44845738971678,15.227335207028606,nan,nan,0.2736514313271989,nan,348.13235294117646,20.44845738971678,15.227335207028606,nan,nan,nan,0.08823529411764706,nan
dSPM,10,10,deep_only,case_weighted_within_scenario,16,1,0.999375,0.9998918541195262,1.8935313793540418,nan,nan,16.809494225646446,4.008883552637975,0.9976660223788738,4.008883552637975,857.5625,nan,nan,16.809494225646446,4.008883552637975,0.9375,nan,nan
dSPM,10,10,deep_plus_surface,case_weighted_within_scenario,68,1,0.8883251956728491,0.9451004833301049,1.7618101458488062,20.088388231337266,14.627509540769763,20.867157864772263,19.275015050219537,0.3005380997518296,19.42207388181584,340.2647058823529,20.088388231337266,14.627509540769763,20.867157864772263,19.275015050219537,0.2647058823529412,nan,nan
dSPM,10,10,deep_plus_two_surface,case_weighted_within_scenario,34,1,0.8910938203815868,0.899504490138934,1.7605760436931774,18.990152396687566,16.8014068476877,22.164520769481246,16.739139432701784,0.29581599259327623,16.739139432701784,417.5,18.990152396687566,16.8014068476877,22.164520769481246,16.739139432701784,0.35294117647058826,nan,nan
dSPM,10,10,surface_only,case_weighted_within_scenario,68,1,0.8674235914496342,0.9484702094273993,1.7143687909729548,19.872025227969225,14.454413783814234,nan,nan,0.26458997264327966,nan,332.25,19.872025227969225,14.454413783814234,nan,nan,nan,0.1323529411764706,nan
dSPM,10,15,deep_only,case_weighted_within_scenario,16,1,0.999375,0.9998003460668174,1.888718849467995,nan,nan,16.21733825971392,4.267766963797556,0.9903758831483946,4.267766963797556,822.75,nan,nan,16.21733825971392,4.267766963797556,0.875,nan,nan
dSPM,10,15,deep_plus_surface,case_weighted_within_scenario,68,1,0.8867679881703721,0.9471043402042923,1.7488297531696804,19.32745042697276,12.500685988987826,20.55786487363362,20.099726450230246,0.27449596050750835,20.099726450230246,334.30882352941177,19.32745042697276,12.500685988987826,20.55786487363362,20.099726450230246,0.20588235294117646,nan,nan
dSPM,10,15,deep_plus_two_surface,case_weighted_within_scenario,34,1,0.8836931161418317,0.9009791650634097,1.7500862988755155,18.37871328013992,15.56248093734131,22.05953491277799,17.68243401435862,0.26048229193113365,17.68243401435862,403.05882352941177,18.37871328013992,15.56248093734131,22.05953491277799,17.68243401435862,0.35294117647058826,nan,nan
dSPM,10,15,surface_only,case_weighted_within_scenario,68,1,0.8717022774592923,0.9524461226509573,1.6984947752970225,19.31267495083575,12.816263712129826,nan,nan,0.2447516244958706,nan,328.0147058823529,19.31267495083575,12.816263712129826,nan,nan,nan,0.14705882352941177,nan
dSPM,10,20,deep_only,case_weighted_within_scenario,16,1,0.999375,0.9995175029948089,1.8888964866693576,nan,nan,14.673149431158478,4.892766926257154,0.9691200759478286,4.892766926257154,773.3125,nan,nan,14.673149431158478,4.892766926257154,0.875,nan,nan
dSPM,10,20,deep_plus_surface,case_weighted_within_scenario,68,1,0.8717584154210336,0.9444471299017965,1.744509834530514,18.86937722677097,13.12576899525761,20.526591724463522,20.40389182549557,0.250324164281756,20.40389182549557,333.11764705882354,18.86937722677097,13.12576899525761,20.526591724463522,20.40389182549557,0.20588235294117646,nan,nan
dSPM,10,20,deep_plus_two_surface,case_weighted_within_scenario,34,1,0.8820426163961066,0.903182934914535,1.744832786026486,17.83409038430861,15.312546959515988,21.600277103098996,18.01662285067139,0.23725996741274155,18.01662285067139,399.70588235294116,17.83409038430861,15.312546959515988,21.600277103098996,18.01662285067139,0.35294117647058826,nan,nan
dSPM,10,20,surface_only,case_weighted_within_scenario,68,1,0.8710159062288358,0.9504525215403726,1.6920520236017838,18.842931677288636,12.985166262032338,nan,nan,0.2248819408353522,nan,329.0147058823529,18.842931677288636,12.985166262032338,nan,nan,nan,0.19117647058823528,nan
dSPM,15,-10,deep_only,case_weighted_within_scenario,16,1,0.996875,0.9996173299614002,1.9094102312865773,nan,nan,20.149544122605803,7.941713984423155,0.9838458148296647,7.941713984423155,730.625,nan,nan,20.149544122605803,7.941713984423155,0.6875,nan,nan
dSPM,15,-10,deep_plus_surface,case_weighted_within_scenario,68,1,0.8809675359373663,0.9295215737406555,1.808571708468491,25.80274143566345,19.25871356805438,21.76191097265435,18.767031646173358,0.3829611591611119,18.874686178664938,606.1470588235294,25.80274143566345,19.25871356805438,21.76191097265435,18.767031646173358,0.29411764705882354,nan,nan
dSPM,15,-10,deep_plus_two_surface,case_weighted_within_scenario,34,1,0.8662269531758411,0.8581670410215425,1.8012080354057312,20.850890442604637,24.593112117184404,23.093155914684864,19.493431959638297,0.3344611902051388,19.538828165838737,569.9705882352941,20.850890442604637,24.593112117184404,23.093155914684864,19.493431959638297,0.3235294117647059,nan,nan
dSPM,15,-10,surface_only,case_weighted_within_scenario,68,1,0.8320557670266644,0.9327748344904782,1.7709636630638768,24.47176354440407,18.239571289379597,nan,nan,0.3180270602881412,nan,582.9117647058823,24.47176354440407,18.239571289379597,nan,nan,nan,0.029411764705882353,nan
dSPM,15,-5,deep_only,case_weighted_within_scenario,16,1,0.996875,0.9997504325835219,1.9007181526224584,nan,nan,19.54064520528415,8.36806577664865,0.991894013512941,7.743065814189054,668.1875,nan,nan,19.54064520528415,8.36806577664865,0.6875,nan,nan
dSPM,15,-5,deep_plus_surface,case_weighted_within_scenario,68,1,0.8853437137693738,0.9328874037569711,1.795863914171551,23.85011099587023,17.665657401208104,21.654456587610397,18.537254866459847,0.372007219799922,18.537254866459847,484.0882352941176,23.85011099587023,17.665657401208104,21.654456587610397,18.537254866459847,0.29411764705882354,nan,nan
dSPM,15,-5,deep_plus_two_surface,case_weighted_within_scenario,34,1,0.8774164767632167,0.8717087756835976,1.7895282100749559,20.045345460291177,25.004979716299715,22.234069579345555,17.737718251463406,0.32920004569580136,17.737718251463406,490.47058823529414,20.045345460291177,25.004979716299715,22.234069579345555,17.737718251463406,0.35294117647058826,nan,nan
dSPM,15,-5,surface_only,case_weighted_within_scenario,68,1,0.8459793230707077,0.9395783982404992,1.754733056693404,22.4870147443709,15.77769380192741,nan,nan,0.30690638237180706,nan,454.7352941176471,22.4870147443709,15.77769380192741,nan,nan,nan,0.058823529411764705,nan
dSPM,15,0,deep_only,case_weighted_within_scenario,16,1,1.0,0.9998835352056437,1.8883820267239242,nan,nan,18.515705866399067,4.8927670245452655,0.9984737542091704,4.8927670245452655,626.6875,nan,nan,18.515705866399067,4.8927670245452655,0.875,nan,nan
dSPM,15,0,deep_plus_surface,case_weighted_within_scenario,68,1,0.8879060322816527,0.9370235174310603,1.7793915700098761,22.542108931645327,16.96795584398311,21.364999155632116,18.578224470223464,0.36029736058823714,18.34502057812759,422.27941176470586,22.542108931645327,16.96795584398311,21.364999155632116,18.578224470223464,0.29411764705882354,nan,nan
dSPM,15,0,deep_plus_two_surface,case_weighted_within_scenario,34,1,0.8852668322515456,0.8828768945454085,1.7767266278110547,19.81809998663195,24.23728541806875,21.995146993730273,16.634704480708223,0.3279238739801081,16.634704480708223,452.47058823529414,19.81809998663195,24.23728541806875,21.995146993730273,16.634704480708223,0.38235294117647056,nan,nan
dSPM,15,0,surface_only,case_weighted_within_scenario,68,1,0.8543524262652272,0.9415505807650915,1.736979194457976,21.593493038982906,15.609258568221158,nan,nan,0.29860949354062166,nan,400.30882352941177,21.593493038982906,15.609258568221158,nan,nan,nan,0.04411764705882353,nan
dSPM,15,5,deep_only,case_weighted_within_scenario,16,1,0.99875,0.9999084919472914,1.8769503501280793,nan,nan,17.58749611226191,1.508883539666845,0.9961230376116937,1.508883539666845,615.5625,nan,nan,17.58749611226191,1.508883539666845,0.9375,nan,nan
dSPM,15,5,deep_plus_surface,case_weighted_within_scenario,68,1,0.8863591089717212,0.941571601550929,1.7633404972680484,21.72231610448922,15.44128661776493,21.194467337352854,18.08090195955487,0.3456627609017931,18.08090195955487,373.55882352941177,21.72231610448922,15.44128661776493,21.194467337352854,18.08090195955487,0.29411764705882354,nan,nan
dSPM,15,5,deep_plus_two_surface,case_weighted_within_scenario,34,1,0.8888796821658471,0.8891310457454014,1.7620362001425804,19.451161040020036,21.188922363365606,22.194979119874066,17.708316735316693,0.3172743243077544,18.124261912720346,421.29411764705884,19.451161040020036,21.188922363365606,22.194979119874066,17.708316735316693,0.29411764705882354,nan,nan
dSPM,15,5,surface_only,case_weighted_within_scenario,68,1,0.8629619309862864,0.9480108833410195,1.7175887681607709,20.848797530753046,15.686202195796662,nan,nan,0.28732009712989737,nan,356.05882352941177,20.848797530753046,15.686202195796662,nan,nan,nan,0.058823529411764705,nan
dSPM,15,10,deep_only,case_weighted_within_scenario,16,1,0.99875,0.9999001730334087,1.8677062300974874,nan,nan,16.915510247504542,3.3838835482169314,0.9992223132293521,3.3838835482169314,642.5625,nan,nan,16.915510247504542,3.3838835482169314,0.9375,nan,nan
dSPM,15,10,deep_plus_surface,case_weighted_within_scenario,68,1,0.8961288732576118,0.9435806865687985,1.7484674735396883,20.79469151029769,15.160384663287827,20.608527185309896,17.41735584787884,0.32611514885670856,17.966008536639258,339.88235294117646,20.79469151029769,15.160384663287827,20.608527185309896,17.41735584787884,0.3088235294117647,nan,nan
dSPM,15,10,deep_plus_two_surface,case_weighted_within_scenario,34,1,0.8925653874049191,0.8977294180634791,1.7492326712501398,19.14180323175387,21.55494612179448,22.05239871852245,18.0548300821805,0.30910360526623243,18.0548300821805,409.3529411764706,19.14180323175387,21.55494612179448,22.05239871852245,18.0548300821805,0.35294117647058826,nan,nan
dSPM,15,10,surface_only,case_weighted_within_scenario,68,1,0.8663765728386839,0.9489649479704778,1.7003698378245298,20.262424627850915,14.711481758256898,nan,nan,0.27722233552296055,nan,331.0,20.262424627850915,14.711481758256898,nan,nan,nan,0.10294117647058823,nan
dSPM,15,15,deep_only,case_weighted_within_scenario,16,1,1.0,0.9999251297750567,1.8681828251843395,nan,nan,16.435887222411374,3.3838835408317665,0.9987147591780507,3.3838835408317665,708.5,nan,nan,16.435887222411374,3.3838835408317665,0.9375,nan,nan
dSPM,15,15,deep_plus_surface,case_weighted_within_scenario,68,1,0.8980921575612821,0.9470749366793147,1.7389146499595156,19.987080499307293,13.940905044736272,20.10288447882183,19.515442717092448,0.30183322636420623,19.515442717092448,330.52941176470586,19.987080499307293,13.940905044736272,20.10288447882183,19.515442717092448,0.25,nan,nan
dSPM,15,15,deep_plus_two_surface,case_weighted_within_scenario,34,1,0.8920656509719719,0.9008045816612266,1.739917738141625,18.780154071329395,17.702366682572332,22.156612666837848,16.87883263618528,0.28100306776670875,16.221165624915447,396.4117647058824,18.780154071329395,17.702366682572332,22.156612666837848,16.87883263618528,0.38235294117647056,nan,nan
dSPM,15,15,surface_only,case_weighted_within_scenario,68,1,0.8697501127727572,0.9511358969231483,1.6874206929269184,19.684185999988838,13.978979565720152,nan,nan,0.2593208851648685,nan,315.8970588235294,19.684185999988838,13.978979565720152,nan,nan,nan,0.1323529411764706,nan
dSPM,15,20,deep_only,case_weighted_within_scenario,16,1,0.999375,0.9998003460668174,1.8745433641002063,nan,nan,15.874863797266272,4.267766963797556,0.991487773799022,4.267766963797556,746.125,nan,nan,15.874863797266272,4.267766963797556,0.875,nan,nan
dSPM,15,20,deep_plus_surface,case_weighted_within_scenario,68,1,0.8864036287788354,0.9486725891581514,1.735837373033541,19.312270675439414,12.761274673236386,20.14023621484159,20.372567590701394,0.27768554550477564,20.372567590701394,327.22058823529414,19.312270675439414,12.761274673236386,20.14023621484159,20.372567590701394,0.22058823529411764,nan,nan
dSPM,15,20,deep_plus_two_surface,case_weighted_within_scenario,34,1,0.8847040613102274,0.9011809545218412,1.7381196232142722,18.45200668880895,18.136701433815837,21.79542595755136,18.117348289196123,0.2583404789720144,18.117348289196123,393.11764705882354,18.45200668880895,18.136701433815837,21.79542595755136,18.117348289196123,0.3235294117647059,nan,nan
dSPM,15,20,surface_only,case_weighted_within_scenario,68,1,0.8734362879299059,0.9542271232908078,1.6811754150364893,19.232450117818072,13.257795691227093,nan,nan,0.2458510181231117,nan,322.88235294117646,19.232450117818072,13.257795691227093,nan,nan,nan,0.14705882352941177,nan
dSPM,20,-10,deep_only,case_weighted_within_scenario,16,1,0.998125,0.9995757353919872,1.8875168592295952,nan,nan,20.422914165807935,7.575597489662032,0.9875384292026698,7.575597489662032,500.25,nan,nan,20.422914165807935,7.575597489662032,0.625,nan,nan
dSPM,20,-10,deep_plus_surface,case_weighted_within_scenario,68,1,0.8821354113207333,0.9312435941639754,1.790976059741712,25.61465978700747,19.41183467923773,21.568142759312085,18.878313951496025,0.3970589100247325,18.719408545777764,522.25,25.61465978700747,19.41183467923773,21.568142759312085,18.878313951496025,0.2647058823529412,nan,nan
dSPM,20,-10,deep_plus_two_surface,case_weighted_within_scenario,34,1,0.8656516750175989,0.8551633617415274,1.7859443399880985,21.033298490166285,26.45360312603066,22.923980621262952,22.22478259463721,0.33186952806143694,22.22478259463721,498.6764705882353,21.033298490166285,26.45360312603066,22.923980621262952,22.22478259463721,0.2647058823529412,nan,nan
dSPM,20,-10,surface_only,case_weighted_within_scenario,68,1,0.8270473686308063,0.9360561666464771,1.7517964546421552,24.015206451626945,17.942133143757218,nan,nan,0.32120066593936547,nan,483.8382352941176,24.015206451626945,17.942133143757218,nan,nan,nan,0.04411764705882353,nan
dSPM,20,-5,deep_only,case_weighted_within_scenario,16,1,0.999375,0.9997504325835218,1.8793606523921809,nan,nan,19.84722634407923,8.200597595770995,0.9910058033045223,8.200597595770995,503.5625,nan,nan,19.84722634407923,8.200597595770995,0.625,nan,nan
dSPM,20,-5,deep_plus_surface,case_weighted_within_scenario,68,1,0.88764116464745,0.9345748325205756,1.7806388113766909,24.12167263883002,19.126235269537432,21.34407627290079,18.50018409366708,0.37242349265076063,18.68195880115482,471.5147058823529,24.12167263883002,19.126235269537432,21.34407627290079,18.50018409366708,0.2647058823529412,nan,nan
dSPM,20,-5,deep_plus_two_surface,case_weighted_within_scenario,34,1,0.8715329437637934,0.8624643640616149,1.7781935743358792,20.375812506611634,26.62040746146269,22.654892345599563,18.310313990401795,0.32449571268179456,18.310313990401795,472.5882352941176,20.375812506611634,26.62040746146269,22.654892345599563,18.310313990401795,0.4117647058823529,nan,nan
dSPM,20,-5,surface_only,case_weighted_within_scenario,68,1,0.8381092473489948,0.9401899421452642,1.7403100804490441,22.958948745647977,18.238386659726682,nan,nan,0.3176448615785348,nan,447.45588235294116,22.958948745647977,18.238386659726682,nan,nan,nan,0.058823529411764705,nan
dSPM,20,0,deep_only,case_weighted_within_scenario,16,1,0.99875,0.9998253028084654,1.8693676144125544,nan,nan,19.238833014756462,7.484182335707736,0.9984169190832308,7.484182335707736,513.25,nan,nan,19.238833014756462,7.484182335707736,0.75,nan,nan
dSPM,20,0,deep_plus_surface,case_weighted_within_scenario,68,1,0.8960178266641847,0.9395047469275215,1.7661556629941912,23.125852191065988,17.65801532863199,21.350183801355872,18.434519961221564,0.3715950457196698,18.434519961221564,430.88235294117646,23.125852191065988,17.65801532863199,21.350183801355872,18.434519961221564,0.3382352941176471,nan,nan
dSPM,20,0,deep_plus_two_surface,case_weighted_within_scenario,34,1,0.8841407978477741,0.8781974789345547,1.7642886342947945,19.583206556300592,25.027459184388164,22.048143083137603,16.357622836908828,0.32242033841157236,16.357622836908828,440.9117647058824,19.583206556300592,25.027459184388164,22.048143083137603,16.357622836908828,0.38235294117647056,nan,nan
dSPM,20,0,surface_only,case_weighted_within_scenario,68,1,0.8490847678267278,0.9427556242532347,1.7240103251769836,22.088767137604883,16.449138365466933,nan,nan,0.30529534187118257,nan,415.5,22.088767137604883,16.449138365466933,nan,nan,nan,0.058823529411764705,nan
dSPM,20,5,deep_only,case_weighted_within_scenario,16,1,0.99875,0.9998918541195263,1.8567179532706959,nan,nan,18.149994672389713,3.7500000620563174,0.9990304623575701,3.7500000620563174,511.375,nan,nan,18.149994672389713,3.7500000620563174,1.0,nan,nan
dSPM,20,5,deep_plus_surface,case_weighted_within_scenario,68,1,0.8956944789270569,0.9441940396216365,1.7525695279998155,22.179570450802824,15.251841149244164,20.972755987056118,17.846498523953784,0.35775139499652425,18.33423747656284,391.22058823529414,22.179570450802824,15.251841149244164,20.972755987056118,17.846498523953784,0.29411764705882354,nan,nan
dSPM,20,5,deep_plus_two_surface,case_weighted_within_scenario,34,1,0.8877995444147588,0.8861157345945764,1.7541091195672969,19.339832415351744,23.404525604027082,21.910528264196913,19.02837489942024,0.32329877285573333,19.02837489942024,425.5882352941176,19.339832415351744,23.404525604027082,21.910528264196913,19.02837489942024,0.3235294117647059,nan,nan
dSPM,20,5,surface_only,case_weighted_within_scenario,68,1,0.8566870654953492,0.9445177484865672,1.7072274416839621,21.28089471558536,15.042770566100163,nan,nan,0.2952951432240566,nan,378.22058823529414,21.28089471558536,15.042770566100163,nan,nan,nan,0.07352941176470588,nan
dSPM,20,10,deep_only,case_weighted_within_scenario,16,1,1.0,0.999916810861174,1.8512019678976839,nan,nan,17.576669867968377,2.499999971009683,0.9994685893661676,2.499999971009683,542.75,nan,nan,17.576669867968377,2.499999971009683,1.0,nan,nan
dSPM,20,10,deep_plus_surface,case_weighted_within_scenario,68,1,0.8959706968186801,0.944368283948202,1.741572997283034,21.47453195516412,15.333492699435329,20.70169580463714,18.305915934151958,0.34071296379420185,18.305915934151958,358.2647058823529,21.47453195516412,15.333492699435329,20.70169580463714,18.305915934151958,0.29411764705882354,nan,nan
dSPM,20,10,deep_plus_two_surface,case_weighted_within_scenario,34,1,0.8922929644997996,0.8914812113486327,1.745160744535836,19.42868750955004,21.349374257285604,21.44342633658201,18.10493619191504,0.3166540172783326,18.10493619191504,411.05882352941177,19.42868750955004,21.349374257285604,21.44342633658201,18.10493619191504,0.35294117647058826,nan,nan
dSPM,20,10,surface_only,case_weighted_within_scenario,68,1,0.8643152815373584,0.9491792938701598,1.6929945867511214,20.744435063497885,15.444132628193623,nan,nan,0.28659288494782165,nan,345.6029411764706,20.744435063497885,15.444132628193623,nan,nan,nan,0.10294117647058823,nan
dSPM,20,15,deep_only,case_weighted_within_scenario,16,1,1.0,0.9999417676028218,1.8536374755175697,nan,nan,16.809117361733612,2.1338835514730534,1.0,2.1338835514730534,609.1875,nan,nan,16.809117361733612,2.1338835514730534,0.9375,nan,nan
dSPM,20,15,deep_plus_surface,case_weighted_within_scenario,68,1,0.8945730205543405,0.9442329246556542,1.731742559688776,20.504559753182388,14.422918497599422,20.24493096023022,18.08691309254258,0.32109286721266017,18.08691309254258,330.5147058823529,20.504559753182388,14.422918497599422,20.24493096023022,18.08691309254258,0.27941176470588236,nan,nan
dSPM,20,15,deep_plus_two_surface,case_weighted_within_scenario,34,1,0.8965719566333509,0.9004909907889892,1.7359532020925006,19.11781304103645,21.062062057521317,21.663364224153785,16.564916105722414,0.30887621330268605,16.564916105722414,396.3235294117647,19.11781304103645,21.062062057521317,21.663364224153785,16.564916105722414,0.4117647058823529,nan,nan
dSPM,20,15,surface_only,case_weighted_within_scenario,68,1,0.8675408180729155,0.9508226555589014,1.6823184988166338,20.232482673530882,15.175711837703302,nan,nan,0.275788278676259,nan,325.3970588235294,20.232482673530882,15.175711837703302,nan,nan,nan,0.11764705882352941,nan
dSPM,20,20,deep_only,case_weighted_within_scenario,16,1,1.0,0.9999001730334088,1.8599609844382305,nan,nan,16.4050292783188,4.267766936929017,0.9954722578611538,4.267766936929017,677.375,nan,nan,16.4050292783188,4.267766936929017,0.875,nan,nan
dSPM,20,20,deep_plus_surface,case_weighted_within_scenario,68,1,0.8953427208646879,0.9462246323183441,1.7294133108937186,19.951995102815186,13.70217468715033,19.897799306611475,18.96226651832551,0.30484487204957056,18.96226651832551,325.88235294117646,19.951995102815186,13.70217468715033,19.897799306611475,18.96226651832551,0.2647058823529412,nan,nan
dSPM,20,20,deep_plus_two_surface,case_weighted_within_scenario,34,1,0.8915587104329034,0.9030003642993133,1.7330802916156625,18.730050145556806,19.193360606797967,22.08609227941378,17.197000107301513,0.281484644885691,17.197000107301513,386.29411764705884,18.730050145556806,19.193360606797967,22.08609227941378,17.197000107301513,0.35294117647058826,nan,nan
dSPM,20,20,surface_only,case_weighted_within_scenario,68,1,0.8710394422614097,0.9530968733950315,1.6771658457059753,19.651538100612374,13.865095350994014,nan,nan,0.26305701162050593,nan,316.88235294117646,19.651538100612374,13.865095350994014,nan,nan,nan,0.10294117647058823,nan
eLORETA,-10,-10,deep_only,case_weighted_within_scenario,16,1,0.5099999999999999,0.7630191002262745,1.9844017162106407,nan,nan,23.00069220069455,13.796539241893116,0.697611725027381,10.839007554301617,7472.8125,nan,nan,23.00069220069455,13.796539241893116,0.5625,nan,nan
eLORETA,-10,-10,deep_plus_surface,case_weighted_within_scenario,68,1,0.581713221975213,0.7295606009078948,1.949105268183473,74.99423032847699,47.98664436894936,24.027901769253383,24.15805798839307,0.37558168665527625,23.494970531964785,6643.382352941177,74.99423032847699,47.98664436894936,24.027901769253383,24.15805798839307,0.19117647058823528,nan,nan
eLORETA,-10,-10,deep_plus_two_surface,case_weighted_within_scenario,34,1,0.6996464043006427,0.6513247137568074,1.950419951740372,51.74624873030196,51.07851697215903,24.13625119451898,23.592969984210406,0.3750759173805987,24.28484865793294,6843.35294117647,51.74624873030196,51.07851697215903,24.13625119451898,23.592969984210406,0.20588235294117646,nan,nan
eLORETA,-10,-10,surface_only,case_weighted_within_scenario,68,1,0.6651417622229915,0.7500475467886247,1.9390019382527663,74.67533887009071,53.52867732386281,nan,nan,0.3730209064796659,nan,6551.10294117647,74.67533887009071,53.52867732386281,nan,nan,nan,0.0,nan
eLORETA,-10,-5,deep_only,case_weighted_within_scenario,16,1,0.848125,0.9599693863969121,1.9768251390753888,nan,nan,21.865990225612038,6.493065548788,0.8155182725326395,5.517766837098117,7477.25,nan,nan,21.865990225612038,6.493065548788,0.875,nan,nan
eLORETA,-10,-5,deep_plus_surface,case_weighted_within_scenario,68,1,0.6324060226335529,0.8143254725599007,1.9322757775180497,72.87731971258484,35.55813268188052,23.56986534943311,20.51141416727343,0.40400786818639806,20.99691666075257,6179.411764705882,72.87731971258484,35.55813268188052,23.56986534943311,20.51141416727343,0.16176470588235295,nan,nan
eLORETA,-10,-5,deep_plus_two_surface,case_weighted_within_scenario,34,1,0.7301052119626752,0.7149120664254633,1.9309284045693478,50.88610553772356,35.53237872442329,23.894847138785266,21.362095528562055,0.36637693093666895,22.340356142840392,6610.0,50.88610553772356,35.53237872442329,23.894847138785266,21.362095528562055,0.29411764705882354,nan,nan
eLORETA,-10,-5,surface_only,case_weighted_within_scenario,68,1,0.7875961362522745,0.8621437619689689,1.9158713103261424,72.26014965875049,31.159467350988674,nan,nan,0.3727581080682911,nan,5976.470588235294,72.26014965875049,31.159467350988674,nan,nan,nan,0.0,nan
eLORETA,-10,0,deep_only,case_weighted_within_scenario,16,1,0.98875,0.9974294556102755,1.9667796015299532,nan,nan,20.50025303959066,4.892766752532323,0.9547382447037236,3.383883295282252,7349.3125,nan,nan,20.50025303959066,4.892766752532323,0.9375,nan,nan
eLORETA,-10,0,deep_plus_surface,case_weighted_within_scenario,68,1,0.6917540317999671,0.8842234368143137,1.9080091974919526,63.41093502950618,14.25584349718277,23.45208503279891,20.2009065852785,0.3885281117807834,20.08868191725598,4733.911764705882,63.41093502950618,14.25584349718277,23.45208503279891,20.2009065852785,0.25,nan,nan
eLORETA,-10,0,deep_plus_two_surface,case_weighted_within_scenario,34,1,0.7881090303138563,0.8076313529694521,1.904580802966653,47.96097654976849,25.669555702497508,23.604966494381763,17.181678957406913,0.3657010474263153,17.8487373411417,5191.823529411765,47.96097654976849,25.669555702497508,23.604966494381763,17.181678957406913,0.4117647058823529,nan,nan
eLORETA,-10,0,surface_only,case_weighted_within_scenario,68,1,0.8502380680723189,0.9209176524386793,1.883827570239877,60.69688714816613,16.163201130041372,nan,nan,0.3599202011031197,nan,4402.25,60.69688714816613,16.163201130041372,nan,nan,nan,0.0,nan
eLORETA,-10,5,deep_only,case_weighted_within_scenario,16,1,1.0,0.9999833621722348,1.9478538198840756,nan,nan,18.495215347572326,0.6250000118062082,1.0,0.0,6293.0625,nan,nan,18.495215347572326,0.6250000118062082,1.0,nan,nan
eLORETA,-10,5,deep_plus_surface,case_weighted_within_scenario,68,1,0.7509767785463354,0.9224322111723238,1.8699760769599199,41.563024899201494,6.443200487302949,23.058511954279577,20.8850731119494,0.3563846038020984,20.37381877965182,2403.044117647059,41.563024899201494,6.443200487302949,23.058511954279577,20.8850731119494,0.3382352941176471,nan,nan
eLORETA,-10,5,deep_plus_two_surface,case_weighted_within_scenario,34,1,0.8448086154817722,0.8671496572010821,1.8710443107138892,34.70898498963153,16.31061167805974,23.397246202382643,16.573599254697253,0.34803511378718216,16.993259127758005,2795.0,34.70898498963153,16.31061167805974,23.397246202382643,16.573599254697253,0.2647058823529412,nan,nan
eLORETA,-10,5,surface_only,case_weighted_within_scenario,68,1,0.8711400825126013,0.9406137461355367,1.8416033853295837,39.31248190581922,7.100344054435599,nan,nan,0.32714116826276185,nan,2233.823529411765,39.31248190581922,7.100344054435599,nan,nan,nan,0.014705882352941176,nan
eLORETA,-10,10,deep_only,case_weighted_within_scenario,16,1,1.0,1.0,1.9231153450679375,nan,nan,15.125511167733523,0.0,1.0,0.0,2701.625,nan,nan,15.125511167733523,0.0,1.0,nan,nan
eLORETA,-10,10,deep_plus_surface,case_weighted_within_scenario,68,1,0.8118761911145551,0.9325104966703442,1.8293282828933943,25.211400721316373,6.292008014710894,22.567865427433862,20.55538649070764,0.32559047180596357,20.41083995008313,857.9411764705883,25.211400721316373,6.292008014710894,22.567865427433862,20.55538649070764,0.27941176470588236,nan,nan
eLORETA,-10,10,deep_plus_two_surface,case_weighted_within_scenario,34,1,0.870851277659445,0.8914116644506525,1.8290602970289256,23.448242401959813,12.852618691792141,22.928280883305497,16.502277176268166,0.3148821784638165,15.938091612852459,1097.6176470588234,23.448242401959813,12.852618691792141,22.928280883305497,16.502277176268166,0.4411764705882353,nan,nan
eLORETA,-10,10,surface_only,case_weighted_within_scenario,68,1,0.8719978663493372,0.9430981548464468,1.7933329562381128,25.143295572553114,6.660209775890618,nan,nan,0.30366906979426384,nan,852.1029411764706,25.143295572553114,6.660209775890618,nan,nan,nan,0.029411764705882353,nan
eLORETA,-10,15,deep_only,case_weighted_within_scenario,16,1,1.0,1.0,1.9036487854877384,nan,nan,13.897658703422191,0.0,1.0,0.0,1310.8125,nan,nan,13.897658703422191,0.0,1.0,nan,nan
eLORETA,-10,15,deep_plus_surface,case_weighted_within_scenario,68,1,0.83730766344907,0.9350807487252235,1.7999803527349145,22.873656398561284,6.429796813101824,22.09665809197595,21.077616807138668,0.3279466012390406,20.809697047902716,601.25,22.873656398561284,6.429796813101824,22.09665809197595,21.077616807138668,0.20588235294117646,nan,nan
eLORETA,-10,15,deep_plus_two_surface,case_weighted_within_scenario,34,1,0.8721673700138297,0.8902612152424679,1.8005833530754123,21.13632536590428,13.033080727084174,21.92163100428604,16.64616417094497,0.3214308168847017,15.572551959049553,740.7058823529412,21.13632536590428,13.033080727084174,21.92163100428604,16.64616417094497,0.4117647058823529,nan,nan
eLORETA,-10,15,surface_only,case_weighted_within_scenario,68,1,0.8736471613161186,0.9444716543309082,1.7576901464495795,22.40295235314763,6.352773413755722,nan,nan,0.3099038552684691,nan,579.5441176470588,22.40295235314763,6.352773413755722,nan,nan,nan,0.014705882352941176,nan
eLORETA,-10,20,deep_only,case_weighted_within_scenario,16,1,1.0,1.0,1.8931005641113199,nan,nan,13.769768203237247,0.0,1.0,0.0,1149.5,nan,nan,13.769768203237247,0.0,1.0,nan,nan
eLORETA,-10,20,deep_plus_surface,case_weighted_within_scenario,68,1,0.8408787451524515,0.9348530929947882,1.7895204311945003,23.000254625991627,6.47847092811994,21.592173706124896,20.664469112717796,0.33226986657913216,20.664469112717796,586.8970588235294,23.000254625991627,6.47847092811994,21.592173706124896,20.664469112717796,0.22058823529411764,nan,nan
eLORETA,-10,20,deep_plus_two_surface,case_weighted_within_scenario,34,1,0.8685585602418017,0.890423482034343,1.7903797229799077,21.457195971428174,12.692451048284092,21.560811537543028,15.740544449626137,0.31737875113781744,15.446426820233384,719.9705882352941,21.457195971428174,12.692451048284092,21.560811537543028,15.740544449626137,0.4117647058823529,nan,nan
eLORETA,-10,20,surface_only,case_weighted_within_scenario,68,1,0.8725354651671343,0.9439630248164169,1.7454313365584095,22.66534371038081,6.445249644069071,nan,nan,0.3166940240757875,nan,571.8970588235294,22.66534371038081,6.445249644069071,nan,nan,nan,0.029411764705882353,nan
eLORETA,-5,-10,deep_only,case_weighted_within_scenario,16,1,0.531875,0.7328963130573671,1.9805466224256534,nan,nan,22.599209691452863,6.9153095760632635,0.6510665934267765,4.6741928868276315,7312.3125,nan,nan,22.599209691452863,6.9153095760632635,0.75,nan,nan
eLORETA,-5,-10,deep_plus_surface,case_weighted_within_scenario,68,1,0.5908164022213236,0.7478561423400869,1.9358445293895807,74.49275727496992,41.81348933818995,23.845257262336844,22.225286918871312,0.3370444333804017,22.532046587391786,5813.64705882353,74.49275727496992,41.81348933818995,23.845257262336844,22.225286918871312,0.25,nan,nan
eLORETA,-5,-10,deep_plus_two_surface,case_weighted_within_scenario,34,1,0.7037974032437109,0.6719827333377538,1.933244274846199,51.56573393721579,42.89805067153959,24.160697940915163,25.111053803074793,0.3364738349430688,21.473686338963358,6107.558823529412,51.56573393721579,42.89805067153959,24.160697940915163,25.111053803074793,0.20588235294117646,nan,nan
eLORETA,-5,-10,surface_only,case_weighted_within_scenario,68,1,0.7173294458679367,0.7959529831166474,1.9166073869782294,73.24250767033918,39.96087069137812,nan,nan,0.32075223629066846,nan,5557.132352941177,73.24250767033918,39.96087069137812,nan,nan,nan,0.0,nan
eLORETA,-5,-5,deep_only,case_weighted_within_scenario,16,1,0.890625,0.9655347397843738,1.9733734012409463,nan,nan,21.546317061674447,3.531425948700737,0.854462273959646,1.5088834079034603,7460.625,nan,nan,21.546317061674447,3.531425948700737,0.9375,nan,nan
eLORETA,-5,-5,deep_plus_surface,case_weighted_within_scenario,68,1,0.6296999538502953,0.8285110764614236,1.9137939540903253,69.69399878924014,25.314134459491733,23.568430668890052,22.38281956216814,0.3417700360197616,21.834918136883832,4897.64705882353,69.69399878924014,25.314134459491733,23.568430668890052,22.38281956216814,0.22058823529411764,nan,nan
eLORETA,-5,-5,deep_plus_two_surface,case_weighted_within_scenario,34,1,0.742086951936136,0.7312810063564026,1.9145172599837779,49.95845393022677,36.16159677017365,23.717010202065868,21.55540101442231,0.3145160900241887,20.29256156149387,5315.5,49.95845393022677,36.16159677017365,23.717010202065868,21.55540101442231,0.35294117647058826,nan,nan
eLORETA,-5,-5,surface_only,case_weighted_within_scenario,68,1,0.7970713576453425,0.872205899845072,1.8932829110365805,68.70692396874422,27.857176622377885,nan,nan,0.32254743495684085,nan,4695.191176470588,68.70692396874422,27.857176622377885,nan,nan,nan,0.0,nan
eLORETA,-5,0,deep_only,case_weighted_within_scenario,16,1,0.99875,0.9998419406362304,1.9625940306223348,nan,nan,20.49873114148008,1.250000023612417,0.9961108999999405,0.0,7414.9375,nan,nan,20.49873114148008,1.250000023612417,1.0,nan,nan
eLORETA,-5,0,deep_plus_surface,case_weighted_within_scenario,68,1,0.6830755371504289,0.8964286984803825,1.8861326329016952,54.84641015229789,11.88228195907611,23.186842581682782,21.354639726835433,0.33495311525023475,21.050283748720883,3485.8529411764707,54.84641015229789,11.88228195907611,23.186842581682782,21.354639726835433,0.19117647058823528,nan,nan
eLORETA,-5,0,deep_plus_two_surface,case_weighted_within_scenario,34,1,0.79105692760357,0.819147431546004,1.8846990618836184,43.76250877183598,24.215917391079355,23.46597631713587,17.90916200734401,0.32848470035709026,18.9827742184275,3713.029411764706,43.76250877183598,24.215917391079355,23.46597631713587,17.90916200734401,0.29411764705882354,nan,nan
eLORETA,-5,0,surface_only,case_weighted_within_scenario,68,1,0.850752636932364,0.918836988424453,1.859903750202327,52.6236149136914,11.150464103971897,nan,nan,0.30458902361135076,nan,3396.8382352941176,52.6236149136914,11.150464103971897,nan,nan,nan,0.029411764705882353,nan
eLORETA,-5,5,deep_only,case_weighted_within_scenario,16,1,1.0,0.9999833621722348,1.945716212505432,nan,nan,18.886253769310223,0.6249999624595971,1.0,0.6249999624595971,6382.75,nan,nan,18.886253769310223,0.6249999624595971,1.0,nan,nan
eLORETA,-5,5,deep_plus_surface,case_weighted_within_scenario,68,1,0.7495229463653215,0.9217051344104086,1.8527665074484156,36.26515827714945,6.721601909127851,22.953723900442764,20.126829195784726,0.3178716124524763,19.76921271412388,1800.1029411764705,36.26515827714945,6.721601909127851,22.953723900442764,20.126829195784726,0.2647058823529412,nan,nan
eLORETA,-5,5,deep_plus_two_surface,case_weighted_within_scenario,34,1,0.8265114357146339,0.8681308182291467,1.8518392003570723,29.588421707925335,14.842653130495531,23.408344302529393,18.88417160126245,0.2963454693527351,20.397422224359865,2156.323529411765,29.588421707925335,14.842653130495531,23.408344302529393,18.88417160126245,0.23529411764705882,nan,nan
eLORETA,-5,5,surface_only,case_weighted_within_scenario,68,1,0.8762229311166878,0.9456618198123152,1.8178380769306812,34.714743191187424,7.197359459217936,nan,nan,0.29205511905684967,nan,1706.0735294117646,34.714743191187424,7.197359459217936,nan,nan,nan,0.058823529411764705,nan
eLORETA,-5,10,deep_only,case_weighted_within_scenario,16,1,1.0,1.0,1.9234173416159002,nan,nan,15.915600929703603,0.0,1.0,0.0,2778.3125,nan,nan,15.915600929703603,0.0,1.0,nan,nan
eLORETA,-5,10,deep_plus_surface,case_weighted_within_scenario,68,1,0.8082314450455763,0.9340038802255658,1.8158567682298976,23.456254893623854,6.224479372421601,22.390491763524533,20.088435284982793,0.307836700760852,19.893669092075417,732.1323529411765,23.456254893623854,6.224479372421601,22.390491763524533,20.088435284982793,0.27941176470588236,nan,nan
eLORETA,-5,10,deep_plus_two_surface,case_weighted_within_scenario,34,1,0.8609991563425163,0.8979929108005694,1.815438199395521,22.057840012902304,12.923581145405416,23.072417792983618,18.475634955911588,0.2870825686029252,19.599815627718815,995.6764705882352,22.057840012902304,12.923581145405416,23.072417792983618,18.475634955911588,0.2647058823529412,nan,nan
eLORETA,-5,10,surface_only,case_weighted_within_scenario,68,1,0.8798250871980192,0.9496379279894003,1.7750076030751107,22.851631479684475,6.726002316188717,nan,nan,0.2836210924766857,nan,698.5147058823529,22.851631479684475,6.726002316188717,nan,nan,nan,0.07352941176470588,nan
eLORETA,-5,15,deep_only,case_weighted_within_scenario,16,1,1.0,1.0,1.9025492528477397,nan,nan,14.166016191134773,0.0,1.0,0.0,1264.4375,nan,nan,14.166016191134773,0.0,1.0,nan,nan
eLORETA,-5,15,deep_plus_surface,case_weighted_within_scenario,68,1,0.8314120010048647,0.9339766234038778,1.7907493131867145,21.61486856344513,6.286927381921863,22.094221785464626,20.71270351876844,0.3094652163616181,20.605049004466636,541.8823529411765,21.61486856344513,6.286927381921863,22.094221785464626,20.71270351876844,0.2647058823529412,nan,nan
eLORETA,-5,15,deep_plus_two_surface,case_weighted_within_scenario,34,1,0.8742225897631348,0.8994897319006993,1.7898205156895783,20.06025822489087,12.657587901314958,22.348290561757818,16.758597204495075,0.2927170515436818,17.138646533389913,672.5294117647059,20.06025822489087,12.657587901314958,22.348290561757818,16.758597204495075,0.35294117647058826,nan,nan
eLORETA,-5,15,surface_only,case_weighted_within_scenario,68,1,0.8764665365512933,0.9477517339586373,1.7449240209553627,21.10551378526035,6.686466677309177,nan,nan,0.29124005883209564,nan,520.9117647058823,21.10551378526035,6.686466677309177,nan,nan,nan,0.058823529411764705,nan
eLORETA,-5,20,deep_only,case_weighted_within_scenario,16,1,1.0,1.0,1.891927644123406,nan,nan,13.817999169247225,0.0,1.0,0.0,1127.875,nan,nan,13.817999169247225,0.0,1.0,nan,nan
eLORETA,-5,20,deep_plus_surface,case_weighted_within_scenario,68,1,0.8436392755141982,0.9357960426118512,1.7823614131941043,22.13647162781697,6.25992381724011,21.72128097460218,21.242410146387883,0.3219778192792659,21.289150920001102,544.9264705882352,22.13647162781697,6.25992381724011,21.72128097460218,21.242410146387883,0.23529411764705882,nan,nan
eLORETA,-5,20,deep_plus_two_surface,case_weighted_within_scenario,34,1,0.869464615706613,0.8903637664574512,1.7821452893553955,20.68848935982601,12.694500007338748,21.419639833895925,16.844849442447213,0.30164828091717427,16.844849442447213,677.2647058823529,20.68848935982601,12.694500007338748,21.419639833895925,16.844849442447213,0.38235294117647056,nan,nan
eLORETA,-5,20,surface_only,case_weighted_within_scenario,68,1,0.8742192451008268,0.944834354081889,1.7364219589300236,21.763038865296814,6.2878158118714875,nan,nan,0.2992729280145392,nan,534.75,21.763038865296814,6.2878158118714875,nan,nan,nan,0.029411764705882353,nan
eLORETA,0,-10,deep_only,case_weighted_within_scenario,16,1,0.675,0.8287135631571941,1.9760937879955227,nan,nan,21.545967617816704,5.517767187193122,0.7394101635037749,4.633883635863755,7134.625,nan,nan,21.545967617816704,5.517767187193122,0.875,nan,nan
eLORETA,0,-10,deep_plus_surface,case_weighted_within_scenario,68,1,0.6088593009596253,0.8064140270439244,1.9102500490485004,68.49711140187152,27.307841875502547,23.345677255986377,22.892804225464648,0.31106369095673436,21.20034386460909,4526.735294117647,68.49711140187152,27.307841875502547,23.345677255986377,22.892804225464648,0.25,nan,nan
eLORETA,0,-10,deep_plus_two_surface,case_weighted_within_scenario,34,1,0.7308405220009696,0.7417131115228948,1.909564360948587,49.12567395822107,35.057207842673996,23.784774873147736,22.13390281939935,0.2980122855253453,21.338402768530205,4767.588235294118,49.12567395822107,35.057207842673996,23.784774873147736,22.13390281939935,0.29411764705882354,nan,nan
eLORETA,0,-10,surface_only,case_weighted_within_scenario,68,1,0.7760402032557215,0.8519423300731604,1.8867286223220403,66.48189720508218,29.270386629343246,nan,nan,0.28539449847523746,nan,4293.75,66.48189720508218,29.270386629343246,nan,nan,nan,0.0,nan
eLORETA,0,-5,deep_only,case_weighted_within_scenario,16,1,0.965625,0.9899673898575803,1.9672070815960008,nan,nan,20.60622100511442,2.1338834987266333,0.9431541614564232,0.6249999624595974,7301.6875,nan,nan,20.60622100511442,2.1338834987266333,1.0,nan,nan
eLORETA,0,-5,deep_plus_surface,case_weighted_within_scenario,68,1,0.6436653899580341,0.8527977777500492,1.8900604533901306,59.53627196420195,17.802399067456818,23.27700496045768,23.412382874068633,0.3117929587208913,21.18277096978232,3712.323529411765,59.53627196420195,17.802399067456818,23.27700496045768,23.412382874068633,0.19117647058823528,nan,nan
eLORETA,0,-5,deep_plus_two_surface,case_weighted_within_scenario,34,1,0.7677746870697812,0.7876094777485209,1.8885602617393564,45.04942923534948,30.327001882571867,23.589392451609477,20.29190471906805,0.3091457169833765,19.435129249676145,3742.8823529411766,45.04942923534948,30.327001882571867,23.589392451609477,20.29190471906805,0.3235294117647059,nan,nan
eLORETA,0,-5,surface_only,case_weighted_within_scenario,68,1,0.8220975994893202,0.8929450038588186,1.862213532258918,57.02741127458859,15.44221697944752,nan,nan,0.28198151677427635,nan,3522.6617647058824,57.02741127458859,15.44221697944752,nan,nan,nan,0.0,nan
eLORETA,0,0,deep_only,case_weighted_within_scenario,16,1,1.0,0.9999916810861174,1.953872738020686,nan,nan,20.04133537490258,0.0,0.9989114498502142,0.0,7175.5,nan,nan,20.04133537490258,0.0,1.0,nan,nan
eLORETA,0,0,deep_plus_surface,case_weighted_within_scenario,68,1,0.6925691789273373,0.8918955097377302,1.8622498708712154,45.89925482467231,10.915445063854705,22.988153080811713,20.29101374497867,0.30302373611417577,19.57741823389619,2681.8823529411766,45.89925482467231,10.915445063854705,22.988153080811713,20.29101374497867,0.29411764705882354,nan,nan
eLORETA,0,0,deep_plus_two_surface,case_weighted_within_scenario,34,1,0.8018380376686407,0.8377650546197235,1.8588495086642118,34.51719318519466,20.059213590002543,23.371876777048275,19.053602808238132,0.2842700244455007,18.65133206719703,2542.1176470588234,34.51719318519466,20.059213590002543,23.371876777048275,19.053602808238132,0.35294117647058826,nan,nan
eLORETA,0,0,surface_only,case_weighted_within_scenario,68,1,0.8529324077023752,0.9228443055708435,1.8307074880508147,43.50040534588677,8.656367045734045,nan,nan,0.2708830956150692,nan,2537.426470588235,43.50040534588677,8.656367045734045,nan,nan,nan,0.058823529411764705,nan
eLORETA,0,5,deep_only,case_weighted_within_scenario,16,1,1.0,1.0,1.9382813756406438,nan,nan,18.8795857517325,0.0,1.0,0.0,5311.875,nan,nan,18.8795857517325,0.0,1.0,nan,nan
eLORETA,0,5,deep_plus_surface,case_weighted_within_scenario,68,1,0.7598934795598518,0.9228271573666466,1.828199067096116,30.81543373825069,6.747162214914678,22.581654025069202,18.133437860376784,0.28892004504760604,18.50980046514366,1262.1029411764705,30.81543373825069,6.747162214914678,22.581654025069202,18.133437860376784,0.3382352941176471,nan,nan
eLORETA,0,5,deep_plus_two_surface,case_weighted_within_scenario,34,1,0.8391191040425301,0.8794220058257741,1.8246717557009597,24.618519997228958,13.537666730026528,23.07586837727561,18.340161493129884,0.28004684387818657,18.12784009187536,1461.8823529411766,24.618519997228958,13.537666730026528,23.07586837727561,18.340161493129884,0.3235294117647059,nan,nan
eLORETA,0,5,surface_only,case_weighted_within_scenario,68,1,0.8728138087472009,0.9401972544427625,1.7875381964484265,28.22764827394539,6.744738646300481,nan,nan,0.26305093170300303,nan,1097.3529411764705,28.22764827394539,6.744738646300481,nan,nan,nan,0.10294117647058823,nan
eLORETA,0,10,deep_only,case_weighted_within_scenario,16,1,1.0,1.0,1.9170175407288927,nan,nan,16.725496894250668,0.0,1.0,0.0,1918.8125,nan,nan,16.725496894250668,0.0,1.0,nan,nan
eLORETA,0,10,deep_plus_surface,case_weighted_within_scenario,68,1,0.8148820462952036,0.9399777429744709,1.7949454407633403,20.994353766403034,6.554804965345494,22.16552019524168,20.71901061921772,0.2867242416539415,20.249746728488017,556.1029411764706,20.994353766403034,6.554804965345494,22.16552019524168,20.71901061921772,0.2647058823529412,nan,nan
eLORETA,0,10,deep_plus_two_surface,case_weighted_within_scenario,34,1,0.8736656113705611,0.9005592884226145,1.7930188037036996,19.430473833025122,12.296730030427224,22.565757687906252,15.518907285257258,0.27290129792155193,15.275252278314493,740.1470588235294,19.430473833025122,12.296730030427224,22.565757687906252,15.518907285257258,0.4411764705882353,nan,nan
eLORETA,0,10,surface_only,case_weighted_within_scenario,68,1,0.8837166975453147,0.9539347690472648,1.7505148033280218,20.777165807334203,6.314968992018397,nan,nan,0.26274273024825595,nan,545.7205882352941,20.777165807334203,6.314968992018397,nan,nan,nan,0.1323529411764706,nan
eLORETA,0,15,deep_only,case_weighted_within_scenario,16,1,1.0,1.0,1.898453776715603,nan,nan,14.71598295090732,0.0,1.0,0.0,1130.625,nan,nan,14.71598295090732,0.0,1.0,nan,nan
eLORETA,0,15,deep_plus_surface,case_weighted_within_scenario,68,1,0.8553266859503481,0.9413578382355169,1.7748978163260039,20.176995699282422,6.678464815244432,21.599525861346887,19.052371694291327,0.2942575984715852,18.936423263349994,478.2352941176471,20.176995699282422,6.678464815244432,21.599525861346887,19.052371694291327,0.29411764705882354,nan,nan
eLORETA,0,15,deep_plus_two_surface,case_weighted_within_scenario,34,1,0.8768372765295048,0.9069756624688873,1.7730800390121735,18.59395243068492,13.079845737720541,22.34381333856501,17.60047522771114,0.2736563901118048,18.87852783596623,594.7647058823529,18.59395243068492,13.079845737720541,22.34381333856501,17.60047522771114,0.29411764705882354,nan,nan
eLORETA,0,15,surface_only,case_weighted_within_scenario,68,1,0.878843217048196,0.9487916467354442,1.7246422781214745,19.790686116175824,6.494968941824502,nan,nan,0.26703108353260774,nan,461.70588235294116,19.790686116175824,6.494968941824502,nan,nan,nan,0.11764705882352941,nan
eLORETA,0,20,deep_only,case_weighted_within_scenario,16,1,1.0,1.0,1.8891168692760727,nan,nan,13.899858585426106,0.0,1.0,0.0,1066.75,nan,nan,13.899858585426106,0.0,1.0,nan,nan
eLORETA,0,20,deep_plus_surface,case_weighted_within_scenario,68,1,0.8469360532948405,0.9385494516685229,1.7700335466145494,21.009878032179625,6.514914992266897,21.62606599893894,21.326787447609703,0.3011935324517643,21.74273262962049,500.6470588235294,21.009878032179625,6.514914992266897,21.62606599893894,21.326787447609703,0.23529411764705882,nan,nan
eLORETA,0,20,deep_plus_two_surface,case_weighted_within_scenario,34,1,0.8713924355996573,0.8972367442776658,1.7695350374210275,19.566173868483347,13.385415043394872,21.607142415621666,17.985573222953082,0.29258162562223,17.985573222953082,624.6176470588235,19.566173868483347,13.385415043394872,21.607142415621666,17.985573222953082,0.35294117647058826,nan,nan
eLORETA,0,20,surface_only,case_weighted_within_scenario,68,1,0.8758184382064991,0.9474605209249977,1.7205681196739262,20.47489200871085,6.416167516814068,nan,nan,0.2770687738924688,nan,482.70588235294116,20.47489200871085,6.416167516814068,nan,nan,nan,0.07352941176470588,nan
eLORETA,5,-10,deep_only,case_weighted_within_scenario,16,1,0.88125,0.9601524025023292,1.9690707270483234,nan,nan,20.885260078804297,1.2500000685685617,0.8542848570603004,0.0,6962.125,nan,nan,20.885260078804297,1.2500000685685617,1.0,nan,nan
eLORETA,5,-10,deep_plus_surface,case_weighted_within_scenario,68,1,0.6422171768082189,0.8580205463238879,1.8766567271611583,53.47804691967843,19.91823726553274,23.10700003641138,20.394443479111988,0.2957789052929632,20.74572830224186,3174.735294117647,53.47804691967843,19.91823726553274,23.10700003641138,20.394443479111988,0.27941176470588236,nan,nan
eLORETA,5,-10,deep_plus_two_surface,case_weighted_within_scenario,34,1,0.7664598465894801,0.8030391446804053,1.8746774083081978,38.65678412366769,29.2834848170579,23.654314092161968,22.95605935961945,0.2985581108781904,22.224526734139623,3092.764705882353,38.65678412366769,29.2834848170579,23.654314092161968,22.95605935961945,0.29411764705882354,nan,nan
eLORETA,5,-10,surface_only,case_weighted_within_scenario,68,1,0.8180315209656192,0.8937071772015535,1.8455728307430406,49.781251340173064,16.255716070336465,nan,nan,0.27258497268904586,nan,3097.4117647058824,49.781251340173064,16.255716070336465,nan,nan,nan,0.014705882352941176,nan
eLORETA,5,-5,deep_only,case_weighted_within_scenario,16,1,0.9975,0.9993095301477439,1.959151253189811,nan,nan,20.006604985239942,0.0,0.987196076776468,0.0,7049.25,nan,nan,20.006604985239942,0.0,1.0,nan,nan
eLORETA,5,-5,deep_plus_surface,case_weighted_within_scenario,68,1,0.6799503841097264,0.8826093423111359,1.8585771026251514,45.44239323075572,11.548630047607958,22.744611353672248,20.565055604737154,0.29132089827712737,19.593678941800718,2627.970588235294,45.44239323075572,11.548630047607958,22.744611353672248,20.565055604737154,0.27941176470588236,nan,nan
eLORETA,5,-5,deep_plus_two_surface,case_weighted_within_scenario,34,1,0.7892194531347246,0.8293933149249281,1.8538063130738711,32.92276180656377,24.280649047687376,23.33717939947859,19.714249460224163,0.27718789107472713,17.272505787913747,2447.8823529411766,32.92276180656377,24.280649047687376,23.33717939947859,19.714249460224163,0.38235294117647056,nan,nan
eLORETA,5,-5,surface_only,case_weighted_within_scenario,68,1,0.8435938625750194,0.9162317454922244,1.822621150910179,43.424603855428394,11.248648851117693,nan,nan,0.26097349153937893,nan,2465.294117647059,43.424603855428394,11.248648851117693,nan,nan,nan,0.07352941176470588,nan
eLORETA,5,0,deep_only,case_weighted_within_scenario,16,1,1.0,1.0,1.9446455952050345,nan,nan,19.382396534654617,0.0,1.0,0.0,6462.1875,nan,nan,19.382396534654617,0.0,1.0,nan,nan
eLORETA,5,0,deep_plus_surface,case_weighted_within_scenario,68,1,0.7185239278790699,0.9037185471763387,1.8328300052023052,36.93060735445384,7.200072328760549,22.619282427118364,21.23561256799298,0.2751161549485466,20.866329169270124,1727.4558823529412,36.93060735445384,7.200072328760549,22.619282427118364,21.23561256799298,0.29411764705882354,nan,nan
eLORETA,5,0,deep_plus_two_surface,case_weighted_within_scenario,34,1,0.8230288890271185,0.8627245241228214,1.826510687760198,26.470206436905244,17.234605838369788,22.87460090278285,16.462454991366698,0.26716642017438685,15.510670157903833,1692.6764705882354,26.470206436905244,17.234605838369788,22.87460090278285,16.462454991366698,0.4411764705882353,nan,nan
eLORETA,5,0,surface_only,case_weighted_within_scenario,68,1,0.8625836911354794,0.9322941976528679,1.7919251937398886,35.32985363158689,7.361869665052872,nan,nan,0.24387963066642349,nan,1526.3823529411766,35.32985363158689,7.361869665052872,nan,nan,nan,0.11764705882352941,nan
eLORETA,5,5,deep_only,case_weighted_within_scenario,16,1,1.0,1.0,1.9270503391026041,nan,nan,18.261866452706286,0.0,1.0,0.0,3712.8125,nan,nan,18.261866452706286,0.0,1.0,nan,nan
eLORETA,5,5,deep_plus_surface,case_weighted_within_scenario,68,1,0.7863176819519839,0.9260227673928068,1.8010569425689933,24.38155703149555,6.825131785337722,22.168810114937756,19.68911862717575,0.26921226766822326,18.573752062444466,782.5882352941177,24.38155703149555,6.825131785337722,22.168810114937756,19.68911862717575,0.36764705882352944,nan,nan
eLORETA,5,5,deep_plus_two_surface,case_weighted_within_scenario,34,1,0.8536436289795318,0.8899393204558823,1.7971884852238194,21.512755920743867,17.669280873398147,22.776461053849843,14.67723654761172,0.2569118653710033,14.892545518464779,946.0882352941177,21.512755920743867,17.669280873398147,22.776461053849843,14.67723654761172,0.47058823529411764,nan,nan
eLORETA,5,5,surface_only,case_weighted_within_scenario,68,1,0.8729308215543585,0.9428554617053403,1.7564595659589084,23.529560304737803,6.3914101727092785,nan,nan,0.23518853595033393,nan,756.3235294117648,23.529560304737803,6.3914101727092785,nan,nan,nan,0.14705882352941177,nan
eLORETA,5,10,deep_only,case_weighted_within_scenario,16,1,1.0,1.0,1.9085749053336363,nan,nan,17.505974494020222,0.0,1.0,0.0,1281.3125,nan,nan,17.505974494020222,0.0,1.0,nan,nan
eLORETA,5,10,deep_plus_surface,case_weighted_within_scenario,68,1,0.8427072642064998,0.9409042868612056,1.7717325839975715,19.469670309902817,6.5633973903228835,21.817398474174624,19.467097680380945,0.2726841358327852,20.109743668291838,456.20588235294116,19.469670309902817,6.5633973903228835,21.817398474174624,19.467097680380945,0.20588235294117646,nan,nan
eLORETA,5,10,deep_plus_two_surface,case_weighted_within_scenario,34,1,0.8730162932743439,0.9026580033089204,1.768884760851672,17.827085991535817,16.04456433559581,22.44071338778743,15.912065911222369,0.2605266029677067,15.474417713675871,592.8235294117648,17.827085991535817,16.04456433559581,22.44071338778743,15.912065911222369,0.4117647058823529,nan,nan
eLORETA,5,10,surface_only,case_weighted_within_scenario,68,1,0.8821838299172269,0.9522659421233923,1.7233465958951584,19.292566625301184,6.5523573143879155,nan,nan,0.24248687644930159,nan,450.54411764705884,19.292566625301184,6.5523573143879155,nan,nan,nan,0.16176470588235295,nan
eLORETA,5,15,deep_only,case_weighted_within_scenario,16,1,1.0,1.0,1.8916271338325874,nan,nan,15.675689722003684,0.0,1.0,0.0,940.0,nan,nan,15.675689722003684,0.0,1.0,nan,nan
eLORETA,5,15,deep_plus_surface,case_weighted_within_scenario,68,1,0.8617106326382861,0.9452828955767659,1.7559143777124793,19.227183335720966,6.711159295676835,21.234017490703895,19.107102686387307,0.27605377823361454,18.899130104945222,433.54411764705884,19.227183335720966,6.711159295676835,21.234017490703895,19.107102686387307,0.23529411764705882,nan,nan
eLORETA,5,15,deep_plus_two_surface,case_weighted_within_scenario,34,1,0.8883418234689576,0.9068387841498007,1.7517425593987859,17.340904132096444,12.66082636775335,21.93078812677817,16.78288881461875,0.2649726443843871,17.007574700905728,523.4117647058823,17.340904132096444,12.66082636775335,21.93078812677817,16.78288881461875,0.35294117647058826,nan,nan
eLORETA,5,15,surface_only,case_weighted_within_scenario,68,1,0.8849887550805022,0.9541517757623277,1.7021354042604986,19.018977548118016,6.776964129821674,nan,nan,0.24933209715729432,nan,425.47058823529414,19.018977548118016,6.776964129821674,nan,nan,nan,0.19117647058823528,nan
eLORETA,5,20,deep_only,case_weighted_within_scenario,16,1,1.0,1.0,1.88435501363357,nan,nan,14.319983977615069,0.0,1.0,0.0,949.4375,nan,nan,14.319983977615069,0.0,1.0,nan,nan
eLORETA,5,20,deep_plus_surface,case_weighted_within_scenario,68,1,0.8670441542552103,0.9430800369620503,1.753513210922479,19.78862278203107,6.457253874130803,20.826797785196828,19.588494926242927,0.28815018691446415,19.48084041114117,445.6764705882353,19.78862278203107,6.457253874130803,20.826797785196828,19.588494926242927,0.2647058823529412,nan,nan
eLORETA,5,20,deep_plus_two_surface,case_weighted_within_scenario,34,1,0.8774418851048033,0.9041857337663823,1.7515734326599661,18.12981918024335,13.125021974866579,21.695640014387255,18.284019079582624,0.2671393286808645,18.493662575785198,545.0294117647059,18.12981918024335,13.125021974866579,21.695640014387255,18.284019079582624,0.3235294117647059,nan,nan
eLORETA,5,20,surface_only,case_weighted_within_scenario,68,1,0.8791077517856434,0.9497689462349892,1.6992148416583732,19.443604958000623,6.442174758248257,nan,nan,0.25985755493275886,nan,436.88235294117646,19.443604958000623,6.442174758248257,nan,nan,nan,0.17647058823529413,nan
eLORETA,10,-10,deep_only,case_weighted_within_scenario,16,1,0.996875,0.9995674164781045,1.9572260007497349,nan,nan,20.19626869577882,0.0,0.9955693004349558,0.0,6882.9375,nan,nan,20.19626869577882,0.0,1.0,nan,nan
eLORETA,10,-10,deep_plus_surface,case_weighted_within_scenario,68,1,0.7057351944704372,0.8965785992266504,1.8379471839622517,38.33084740609241,9.989817344630225,22.73915699318604,19.43184821778394,0.2904170397650453,19.679307084443593,2045.735294117647,38.33084740609241,9.989817344630225,22.73915699318604,19.43184821778394,0.29411764705882354,nan,nan
eLORETA,10,-10,deep_plus_two_surface,case_weighted_within_scenario,34,1,0.7951790484161454,0.8467184300411064,1.8309881455452766,27.98445827040824,21.295734346307405,23.44222060194906,19.278564969689207,0.27401707226804334,18.742277217388484,1948.8235294117646,27.98445827040824,21.295734346307405,23.44222060194906,19.278564969689207,0.35294117647058826,nan,nan
eLORETA,10,-10,surface_only,case_weighted_within_scenario,68,1,0.8442855998500034,0.9234324456739577,1.797568923434431,37.01429272729507,11.563404087489701,nan,nan,0.2629308849295459,nan,1927.8970588235295,37.01429272729507,11.563404087489701,nan,nan,nan,0.04411764705882353,nan
eLORETA,10,-5,deep_only,case_weighted_within_scenario,16,1,1.0,1.0,1.9474672311810943,nan,nan,19.548670600262632,0.0,1.0,0.0,6607.5,nan,nan,19.548670600262632,0.0,1.0,nan,nan
eLORETA,10,-5,deep_plus_surface,case_weighted_within_scenario,68,1,0.7311677026791361,0.9059941525007889,1.8218150263009274,33.83662587169528,7.572670594235082,22.346112113824923,19.25682971102005,0.28135865346729283,18.687090805781743,1522.014705882353,33.83662587169528,7.572670594235082,22.346112113824923,19.25682971102005,0.29411764705882354,nan,nan
eLORETA,10,-5,deep_plus_two_surface,case_weighted_within_scenario,34,1,0.819578773405531,0.8617523742338763,1.8147278936218525,25.027720400778303,18.746696709885267,23.042260693825245,17.06753157388169,0.26282248062687,17.96892486770805,1456.9117647058824,25.027720400778303,18.746696709885267,23.042260693825245,17.06753157388169,0.4117647058823529,nan,nan
eLORETA,10,-5,surface_only,case_weighted_within_scenario,68,1,0.8549960108451867,0.9305156582847007,1.7780157375082217,31.487627440738038,7.078345667173438,nan,nan,0.2433608173533737,nan,1349.7941176470588,31.487627440738038,7.078345667173438,nan,nan,nan,0.1323529411764706,nan
eLORETA,10,0,deep_only,case_weighted_within_scenario,16,1,1.0,1.0,1.933362102374982,nan,nan,19.19045379125594,0.0,1.0,0.0,4993.4375,nan,nan,19.19045379125594,0.0,1.0,nan,nan
eLORETA,10,0,deep_plus_surface,case_weighted_within_scenario,68,1,0.7768804223986209,0.9210740209717847,1.799251941171936,26.54172850616559,7.193819631821651,22.01054123511264,18.460049392389955,0.2738621364300213,18.26428531278046,991.4264705882352,26.54172850616559,7.193819631821651,22.01054123511264,18.460049392389955,0.38235294117647056,nan,nan
eLORETA,10,0,deep_plus_two_surface,case_weighted_within_scenario,34,1,0.8459538926085863,0.8799289492938192,1.7935297278231086,21.68864825712939,17.530557629906866,22.828729888500714,17.487458141589126,0.2588979005307179,17.781575804781728,1032.3529411764705,21.68864825712939,17.530557629906866,22.828729888500714,17.487458141589126,0.35294117647058826,nan,nan
eLORETA,10,0,surface_only,case_weighted_within_scenario,68,1,0.8692008637016974,0.9422633003646529,1.7525818454949518,25.171997904142557,6.961498028545983,nan,nan,0.24028668176870613,nan,892.4117647058823,25.171997904142557,6.961498028545983,nan,nan,nan,0.14705882352941177,nan
eLORETA,10,5,deep_only,case_weighted_within_scenario,16,1,1.0,1.0,1.9159502206339096,nan,nan,18.609300914027482,0.0,1.0,0.0,2272.75,nan,nan,18.609300914027482,0.0,1.0,nan,nan
eLORETA,10,5,deep_plus_surface,case_weighted_within_scenario,68,1,0.8164915775222079,0.9341892064765257,1.7747183868371255,20.83314703505326,6.942202048911916,21.750630019240937,19.094422346934557,0.2672903757119428,18.973561413452263,554.2352941176471,20.83314703505326,6.942202048911916,21.750630019240937,19.094422346934557,0.27941176470588236,nan,nan
eLORETA,10,5,deep_plus_two_surface,case_weighted_within_scenario,34,1,0.866198730161757,0.8936412489059222,1.768659506137312,18.183328544654938,15.851438977310147,22.371890257456354,14.997379884845113,0.25885772772341814,15.413325047729282,677.3235294117648,18.183328544654938,15.851438977310147,22.371890257456354,14.997379884845113,0.4411764705882353,nan,nan
eLORETA,10,5,surface_only,case_weighted_within_scenario,68,1,0.8796925943813063,0.9509836179852574,1.7232950376275231,20.284240354467237,6.694902572463073,nan,nan,0.232185237374758,nan,521.7794117647059,20.284240354467237,6.694902572463073,nan,nan,nan,0.17647058823529413,nan
eLORETA,10,10,deep_only,case_weighted_within_scenario,16,1,1.0,1.0,1.898840465847507,nan,nan,17.97268610436999,0.0,1.0,0.0,986.9375,nan,nan,17.97268610436999,0.0,1.0,nan,nan
eLORETA,10,10,deep_plus_surface,case_weighted_within_scenario,68,1,0.8547879317072344,0.9426844727635088,1.7513161063143645,18.66563809571054,6.652127003629265,21.49771660914113,18.834032615390804,0.2635908786899626,19.238159674821816,417.3970588235294,18.66563809571054,6.652127003629265,21.49771660914113,18.834032615390804,0.27941176470588236,nan,nan
eLORETA,10,10,deep_plus_two_surface,case_weighted_within_scenario,34,1,0.8841204719150322,0.9041680213955496,1.746419213793263,16.683906375894708,18.017464585271576,22.10181359190677,14.543298280952182,0.25696191790410844,14.767984167239161,506.4117647058824,16.683906375894708,18.017464585271576,22.10181359190677,14.543298280952182,0.4411764705882353,nan,nan
eLORETA,10,10,surface_only,case_weighted_within_scenario,68,1,0.880404263910875,0.950663361762191,1.6968745742839546,18.324800942895493,6.3728185948983915,nan,nan,0.23326686221887008,nan,407.11764705882354,18.324800942895493,6.3728185948983915,nan,nan,nan,0.19117647058823528,nan
eLORETA,10,15,deep_only,case_weighted_within_scenario,16,1,1.0,1.0,1.8839175304101778,nan,nan,16.809898680924764,0.0,1.0,0.0,842.6875,nan,nan,16.809898680924764,0.0,1.0,nan,nan
eLORETA,10,15,deep_plus_surface,case_weighted_within_scenario,68,1,0.8705796929940345,0.9475685619063627,1.7374833402843917,18.63364283505201,6.395507441863349,21.22219893557792,19.60922144668422,0.2678768114176482,19.756280272991564,405.44117647058823,18.63364283505201,6.395507441863349,21.22219893557792,19.60922144668422,0.23529411764705882,nan,nan
eLORETA,10,15,deep_plus_two_surface,case_weighted_within_scenario,34,1,0.8880869975546326,0.907740047729475,1.7327197226468292,16.589096062866428,16.509645997757513,21.904416446292746,15.060299766876737,0.255460900400998,15.108028497032974,481.55882352941177,16.589096062866428,16.509645997757513,21.904416446292746,15.060299766876737,0.4411764705882353,nan,nan
eLORETA,10,15,surface_only,case_weighted_within_scenario,68,1,0.8845197998322243,0.9562111644433512,1.6811914840369198,18.40357933812797,6.7511976753219765,nan,nan,0.23854037256358715,nan,398.20588235294116,18.40357933812797,6.7511976753219765,nan,nan,nan,0.16176470588235295,nan
eLORETA,10,20,deep_only,case_weighted_within_scenario,16,1,1.0,1.0,1.8759288445650375,nan,nan,15.231817870125752,0.0,1.0,0.0,817.4375,nan,nan,15.231817870125752,0.0,1.0,nan,nan
eLORETA,10,20,deep_plus_surface,case_weighted_within_scenario,68,1,0.8725787570796113,0.9455058299697884,1.7358997830588998,18.960643149427284,6.707630575131199,20.933773509184554,19.349425056405185,0.2747459489909415,19.349425056405185,413.97058823529414,18.960643149427284,6.707630575131199,20.933773509184554,19.349425056405185,0.23529411764705882,nan,nan
eLORETA,10,20,deep_plus_two_surface,case_weighted_within_scenario,34,1,0.8922393241948644,0.909103584726829,1.731765537678102,17.011207211065994,12.742902132791551,21.413832759872086,16.250730331464514,0.26425436580323824,16.250730331464514,488.2647058823529,17.011207211065994,12.742902132791551,21.413832759872086,16.250730331464514,0.38235294117647056,nan,nan
eLORETA,10,20,surface_only,case_weighted_within_scenario,68,1,0.8858882423033618,0.9558751334033692,1.6785283692635162,18.730123760761952,6.49763507047479,nan,nan,0.24654146390855408,nan,404.3970588235294,18.730123760761952,6.49763507047479,nan,nan,nan,0.20588235294117646,nan
eLORETA,15,-10,deep_only,case_weighted_within_scenario,16,1,1.0,1.0,1.939111793757096,nan,nan,20.2415629229557,0.0,1.0,0.0,5654.9375,nan,nan,20.2415629229557,0.0,1.0,nan,nan
eLORETA,15,-10,deep_plus_surface,case_weighted_within_scenario,68,1,0.796729956783941,0.9231259585588606,1.7999083061584187,28.006479585821165,7.537670955811268,22.068511380383583,18.914337733035634,0.29529338905986874,18.58031651643111,1092.9558823529412,28.006479585821165,7.537670955811268,22.068511380383583,18.914337733035634,0.27941176470588236,nan,nan
eLORETA,15,-10,deep_plus_two_surface,case_weighted_within_scenario,34,1,0.8376092474445046,0.865404997040575,1.7937178525252027,22.2940843363093,18.487119611771607,23.437254826428813,19.827973927668108,0.2642389940746334,20.764373869225885,1046.9411764705883,22.2940843363093,18.487119611771607,23.437254826428813,19.827973927668108,0.29411764705882354,nan,nan
eLORETA,15,-10,surface_only,case_weighted_within_scenario,68,1,0.8497219433907404,0.9349788262473425,1.7540035367807727,26.53407988091929,7.162047269078924,nan,nan,0.2525618353179992,nan,1012.1176470588235,26.53407988091929,7.162047269078924,nan,nan,nan,0.10294117647058823,nan
eLORETA,15,-5,deep_only,case_weighted_within_scenario,16,1,1.0,1.0,1.9313440300457696,nan,nan,19.709366583910104,0.0,1.0,0.0,4652.625,nan,nan,19.709366583910104,0.0,1.0,nan,nan
eLORETA,15,-5,deep_plus_surface,case_weighted_within_scenario,68,1,0.8055766436187666,0.9246385557028954,1.7876650879979659,24.942381794379095,7.478969289188369,21.879177680888997,17.69484507592527,0.2836471452497927,17.990128974665215,841.1911764705883,24.942381794379095,7.478969289188369,21.879177680888997,17.69484507592527,0.3235294117647059,nan,nan
eLORETA,15,-5,deep_plus_two_surface,case_weighted_within_scenario,34,1,0.8515737503041899,0.875598809181624,1.7815279587452713,20.24413471295802,18.620367027732197,22.42445477177482,16.830577626688193,0.2673680816983977,16.36416978834745,861.9411764705883,20.24413471295802,18.620367027732197,22.42445477177482,16.830577626688193,0.4117647058823529,nan,nan
eLORETA,15,-5,surface_only,case_weighted_within_scenario,68,1,0.8595898659807567,0.9409204633568681,1.739628960381353,23.494761648352622,7.291148666123532,nan,nan,0.24136377756663638,nan,740.3088235294117,23.494761648352622,7.291148666123532,nan,nan,nan,0.10294117647058823,nan
eLORETA,15,0,deep_only,case_weighted_within_scenario,16,1,1.0,1.0,1.9191744456443507,nan,nan,19.16978876816442,0.0,1.0,0.0,2881.1875,nan,nan,19.16978876816442,0.0,1.0,nan,nan
eLORETA,15,0,deep_plus_surface,case_weighted_within_scenario,68,1,0.8350233527689985,0.933944064062851,1.770421659802982,21.530659464083662,6.978454907450975,21.648820660246336,18.04947078297745,0.27272135312482826,18.257443371679273,591.6029411764706,21.530659464083662,6.978454907450975,21.648820660246336,18.04947078297745,0.3088235294117647,nan,nan
eLORETA,15,0,deep_plus_two_surface,case_weighted_within_scenario,34,1,0.8649417034687706,0.8896883183789663,1.7646147831254644,18.427545550710832,17.472163904911604,22.377854906810192,15.590924079095718,0.25741992340314485,15.296806401383636,693.2352941176471,18.427545550710832,17.472163904911604,22.377854906810192,15.590924079095718,0.4117647058823529,nan,nan
eLORETA,15,0,surface_only,case_weighted_within_scenario,68,1,0.8682554411995443,0.9445041853395819,1.7199897470249506,20.760807048451937,7.178836970550753,nan,nan,0.23567315642801887,nan,554.0441176470588,20.760807048451937,7.178836970550753,nan,nan,nan,0.16176470588235295,nan
eLORETA,15,5,deep_only,case_weighted_within_scenario,16,1,1.0,1.0,1.9038606371382507,nan,nan,18.795733170413328,0.0,1.0,0.0,1230.6875,nan,nan,18.795733170413328,0.0,1.0,nan,nan
eLORETA,15,5,deep_plus_surface,case_weighted_within_scenario,68,1,0.8481535215609926,0.9406004696680312,1.7520892031122617,18.963927100991246,6.89803440418345,21.547693761174195,18.60686171334095,0.2667561327566959,18.60686170354407,441.0882352941176,18.963927100991246,6.89803440418345,21.547693761174195,18.60686171334095,0.3088235294117647,nan,nan
eLORETA,15,5,deep_plus_two_surface,case_weighted_within_scenario,34,1,0.8742435573596359,0.8972298262830751,1.7463963168384007,16.94984710997077,18.91961836621195,22.325874324150004,16.12438632825196,0.25070020991841047,16.12438632825196,536.3823529411765,16.94984710997077,18.91961836621195,22.325874324150004,16.12438632825196,0.4117647058823529,nan,nan
eLORETA,15,5,surface_only,case_weighted_within_scenario,68,1,0.8774770984733421,0.9510983552345716,1.697462402782955,18.908244582959203,7.055644850370479,nan,nan,0.2309102825308568,nan,437.94117647058823,18.908244582959203,7.055644850370479,nan,nan,nan,0.17647058823529413,nan
eLORETA,15,10,deep_only,case_weighted_within_scenario,16,1,1.0,1.0,1.8885783355365104,nan,nan,18.396563698682264,0.0,1.0,0.0,886.1875,nan,nan,18.396563698682264,0.0,1.0,nan,nan
eLORETA,15,10,deep_plus_surface,case_weighted_within_scenario,68,1,0.8735697951058855,0.9466679000152285,1.7339687267863815,18.276505016949802,6.796569557233572,21.14891930706022,18.40840216349174,0.26258424619463205,18.40840216349174,400.79411764705884,18.276505016949802,6.796569557233572,21.14891930706022,18.40840216349174,0.3088235294117647,nan,nan
eLORETA,15,10,deep_plus_two_surface,case_weighted_within_scenario,34,1,0.8865919080118184,0.9076887593237044,1.729228535435128,16.368355131916235,16.939027456455115,21.960463596864805,14.737836161505207,0.25317560934594463,14.818446748851429,477.0,16.368355131916235,16.939027456455115,21.960463596864805,14.737836161505207,0.47058823529411764,nan,nan
eLORETA,15,10,surface_only,case_weighted_within_scenario,68,1,0.8822898703020712,0.954044619855545,1.6772161811041388,18.05122694045819,6.530852132977964,nan,nan,0.229878860029384,nan,392.0147058823529,18.05122694045819,6.530852132977964,nan,nan,nan,0.20588235294117646,nan
eLORETA,15,15,deep_only,case_weighted_within_scenario,16,1,1.0,1.0,1.878153247272249,nan,nan,17.917319341820118,0.0,1.0,0.0,812.8125,nan,nan,17.917319341820118,0.0,1.0,nan,nan
eLORETA,15,15,deep_plus_surface,case_weighted_within_scenario,68,1,0.8823870822166122,0.9493433103609467,1.722977121869196,18.19475349857946,6.826221914239101,20.794446644123724,19.11213245502765,0.2628207170913468,19.03801227078147,389.9264705882353,18.19475349857946,6.826221914239101,20.794446644123724,19.11213245502765,0.29411764705882354,nan,nan
eLORETA,15,15,deep_plus_two_surface,case_weighted_within_scenario,34,1,0.8901446163009068,0.9085455760813386,1.7194956123229765,16.184126656417234,15.573978810254987,21.96413128555043,14.029706539349913,0.2538640769457547,14.029706539349913,456.79411764705884,16.184126656417234,15.573978810254987,21.96413128555043,14.029706539349913,0.47058823529411764,nan,nan
eLORETA,15,15,surface_only,case_weighted_within_scenario,68,1,0.8835146487223143,0.9543331323058095,1.6653629124824156,18.077405146388465,6.572324622188545,nan,nan,0.23216280275150988,nan,384.25,18.077405146388465,6.572324622188545,nan,nan,nan,0.20588235294117646,nan
eLORETA,15,20,deep_only,case_weighted_within_scenario,16,1,1.0,1.0,1.8706283269624886,nan,nan,16.74580312192404,0.0,1.0,0.0,776.625,nan,nan,16.74580312192404,0.0,1.0,nan,nan
eLORETA,15,20,deep_plus_surface,case_weighted_within_scenario,68,1,0.8821214848234324,0.9512951830380691,1.7218984242594912,18.450299920023774,6.647057843206171,20.76670993668088,19.25811631189025,0.26620698416530264,19.394323622027006,394.7352941176471,18.450299920023774,6.647057843206171,20.76670993668088,19.25811631189025,0.25,nan,nan
eLORETA,15,20,deep_plus_two_surface,case_weighted_within_scenario,34,1,0.8922310276275905,0.908323562006505,1.718337401112112,16.492417573323056,14.84457020191733,21.59529203420864,15.602594105284295,0.25422359144610274,15.602594105284295,466.4117647058824,16.492417573323056,14.84457020191733,21.59529203420864,15.602594105284295,0.4411764705882353,nan,nan
eLORETA,15,20,surface_only,case_weighted_within_scenario,68,1,0.8851123406800053,0.9567461851114109,1.6614098863858693,18.245321458106595,6.749849977190149,nan,nan,0.23732469116257945,nan,384.9264705882353,18.245321458106595,6.749849977190149,nan,nan,nan,0.19117647058823528,nan
eLORETA,20,-10,deep_only,case_weighted_within_scenario,16,1,1.0,1.0,1.9183170145394797,nan,nan,20.49796858246919,0.0,1.0,0.0,2412.25,nan,nan,20.49796858246919,0.0,1.0,nan,nan
eLORETA,20,-10,deep_plus_surface,case_weighted_within_scenario,68,1,0.8558438880883572,0.9355324522171227,1.7761801567256008,23.712379546950345,7.660967189595588,21.791027427660662,19.259706513016088,0.30528433424728163,19.259706513016088,705.0294117647059,23.712379546950345,7.660967189595588,21.791027427660662,19.259706513016088,0.23529411764705882,nan,nan
eLORETA,20,-10,deep_plus_two_surface,case_weighted_within_scenario,34,1,0.8584029826994933,0.873730548805726,1.7715744127577713,20.334297716891868,17.948463743636506,23.429034476511514,22.5451296560339,0.27183209227552635,22.497400925444943,771.1470588235294,20.334297716891868,17.948463743636506,23.429034476511514,22.5451296560339,0.2647058823529412,nan,nan
eLORETA,20,-10,surface_only,case_weighted_within_scenario,68,1,0.8512390149452816,0.9424769582995526,1.7271171528927731,22.893851234938342,7.725388470867821,nan,nan,0.26024424980411204,nan,660.4705882352941,22.893851234938342,7.725388470867821,nan,nan,nan,0.10294117647058823,nan
eLORETA,20,-5,deep_only,case_weighted_within_scenario,16,1,1.0,1.0,1.9114800440130701,nan,nan,19.853653546084978,0.0,1.0,0.0,1781.8125,nan,nan,19.853653546084978,0.0,1.0,nan,nan
eLORETA,20,-5,deep_plus_surface,case_weighted_within_scenario,68,1,0.8572064907862923,0.9365931843197824,1.7667315131477972,21.821592330709443,7.668708902832069,21.503736129228997,18.868179888478284,0.28999733049068116,18.868179888478284,582.1617647058823,21.821592330709443,7.668708902832069,21.503736129228997,18.868179888478284,0.2647058823529412,nan,nan
eLORETA,20,-5,deep_plus_two_surface,case_weighted_within_scenario,34,1,0.8620868206670612,0.8784796098493051,1.7636879892080957,19.130876102556858,18.198940279882347,23.095842502004,22.713532903444637,0.26203098470089703,23.17994068228514,693.4705882352941,19.130876102556858,18.198940279882347,23.095842502004,22.713532903444637,0.23529411764705882,nan,nan
eLORETA,20,-5,surface_only,case_weighted_within_scenario,68,1,0.8591571400702299,0.9460018743237396,1.7164788482076792,21.33081830853584,7.405031979479833,nan,nan,0.25112344658674846,nan,570.4852941176471,21.33081830853584,7.405031979479833,nan,nan,nan,0.10294117647058823,nan
eLORETA,20,0,deep_only,case_weighted_within_scenario,16,1,1.0,1.0,1.9018148690871488,nan,nan,19.484959227038093,0.0,1.0,0.0,1151.75,nan,nan,19.484959227038093,0.0,1.0,nan,nan
eLORETA,20,0,deep_plus_surface,case_weighted_within_scenario,68,1,0.8685468771965111,0.9423589092776571,1.752889555196996,20.1636975885236,7.482789498448673,21.518432664974828,19.402508893613618,0.2797523138478733,19.341595128681995,498.3529411764706,20.1636975885236,7.482789498448673,21.518432664974828,19.402508893613618,0.29411764705882354,nan,nan
eLORETA,20,0,deep_plus_two_surface,case_weighted_within_scenario,34,1,0.8726920466830009,0.8892384940066107,1.7498991488100462,17.9062257087208,18.20315961259419,22.39999791352621,15.891101284679003,0.25478570520863175,15.891101284679003,590.2647058823529,17.9062257087208,18.20315961259419,22.39999791352621,15.891101284679003,0.5,nan,nan
eLORETA,20,0,surface_only,case_weighted_within_scenario,68,1,0.8666536523324931,0.9470195144535221,1.7000255401714173,19.930578852663388,7.132848658905254,nan,nan,0.23917317714065778,nan,490.80882352941177,19.930578852663388,7.132848658905254,nan,nan,nan,0.16176470588235295,nan
eLORETA,20,5,deep_only,case_weighted_within_scenario,16,1,1.0,1.0,1.8911670688249524,nan,nan,18.898185127018838,0.0,1.0,0.0,935.5625,nan,nan,18.898185127018838,0.0,1.0,nan,nan
eLORETA,20,5,deep_plus_surface,case_weighted_within_scenario,68,1,0.880847496398996,0.9452320588171372,1.7375075646520168,18.881367948375022,7.259106662989314,21.238598291694352,17.992585891368222,0.26924666051318563,17.992585891368222,435.61764705882354,18.881367948375022,7.259106662989314,21.238598291694352,17.992585891368222,0.36764705882352944,nan,nan
eLORETA,20,5,deep_plus_two_surface,case_weighted_within_scenario,34,1,0.8806134371080329,0.8977458364936741,1.735786787081542,16.888249541227978,18.11814529574786,22.17742171098005,15.886391481542242,0.2520633012543516,15.886391481542242,516.4705882352941,16.888249541227978,18.11814529574786,22.17742171098005,15.886391481542242,0.4117647058823529,nan,nan
eLORETA,20,5,surface_only,case_weighted_within_scenario,68,1,0.871781782472627,0.9486511910019982,1.6828350930883016,18.830471987902126,7.1247908056760405,nan,nan,0.23195911359455665,nan,433.4117647058824,18.830471987902126,7.1247908056760405,nan,nan,nan,0.17647058823529413,nan
eLORETA,20,10,deep_only,case_weighted_within_scenario,16,1,1.0,1.0,1.8808312327140047,nan,nan,18.592847803648834,0.0,1.0,0.0,835.375,nan,nan,18.592847803648834,0.0,1.0,nan,nan
eLORETA,20,10,deep_plus_surface,case_weighted_within_scenario,68,1,0.884158090833808,0.9473169179389643,1.7249689729061066,18.332199838264128,7.060044544920559,21.016172112300367,18.010829732454972,0.2641246352990204,18.218802321156797,404.7647058823529,18.332199838264128,7.060044544920559,21.016172112300367,18.010829732454972,0.3235294117647059,nan,nan
eLORETA,20,10,deep_plus_two_surface,case_weighted_within_scenario,34,1,0.8866633426839365,0.905896043118474,1.7223670438915877,16.391450647203552,18.459413094618075,21.794359462757907,14.80692557297135,0.2553581774213482,14.80692557297135,478.05882352941177,16.391450647203552,18.459413094618075,21.794359462757907,14.80692557297135,0.4411764705882353,nan,nan
eLORETA,20,10,surface_only,case_weighted_within_scenario,68,1,0.8786781382679955,0.9524352007929269,1.6671157664208056,18.25109798640166,7.03338624227688,nan,nan,0.22852744981235865,nan,398.9852941176471,18.25109798640166,7.03338624227688,nan,nan,nan,0.17647058823529413,nan
eLORETA,20,15,deep_only,case_weighted_within_scenario,16,1,1.0,1.0,1.8729045717749968,nan,nan,18.170198607210423,0.0,1.0,0.0,794.75,nan,nan,18.170198607210423,0.0,1.0,nan,nan
eLORETA,20,15,deep_plus_surface,case_weighted_within_scenario,68,1,0.8858828950140163,0.949415049173034,1.7147466836745013,17.9861409066412,6.636022935792049,20.732931963476844,19.19258519112273,0.2605957324569048,19.23932596219881,384.5882352941176,17.9861409066412,6.636022935792049,20.732931963476844,19.19258519112273,0.27941176470588236,nan,nan
eLORETA,20,15,deep_plus_two_surface,case_weighted_within_scenario,34,1,0.8918921568064184,0.9109409243640156,1.712394230020508,16.091131478083884,18.30460398691168,21.767814635732176,14.940274278945495,0.25224357820428434,14.940274278945495,451.3235294117647,16.091131478083884,18.30460398691168,21.767814635732176,14.940274278945495,0.4117647058823529,nan,nan
eLORETA,20,15,surface_only,case_weighted_within_scenario,68,1,0.8841030748839487,0.956201966807662,1.654787353969456,17.90763008769497,6.681765297743918,nan,nan,0.22950137575482668,nan,379.0882352941176,17.90763008769497,6.681765297743918,nan,nan,nan,0.20588235294117646,nan
eLORETA,20,20,deep_only,case_weighted_within_scenario,16,1,1.0,1.0,1.8679308891105586,nan,nan,17.757071818018627,0.0,1.0,0.0,766.4375,nan,nan,17.757071818018627,0.0,1.0,nan,nan
eLORETA,20,20,deep_plus_surface,case_weighted_within_scenario,68,1,0.8865581663031307,0.9505159528672235,1.7121710145010711,18.147386650906324,6.603220434235147,20.693025934284336,19.80657546280301,0.2627873328275118,19.80657546280301,383.27941176470586,18.147386650906324,6.603220434235147,20.693025934284336,19.80657546280301,0.20588235294117646,nan,nan
eLORETA,20,20,deep_plus_two_surface,case_weighted_within_scenario,34,1,0.893178969361878,0.9116020310166585,1.7093890147677924,16.225630169237288,15.549202581195985,21.946284212107503,14.852962526176459,0.252860940005805,14.852962526176459,451.97058823529414,16.225630169237288,15.549202581195985,21.946284212107503,14.852962526176459,0.4411764705882353,nan,nan
eLORETA,20,20,surface_only,case_weighted_within_scenario,68,1,0.8843934087684427,0.9558550409530218,1.6514716728703103,17.92517379740929,6.468404309190326,nan,nan,0.23212150581784877,nan,374.9264705882353,17.92517379740929,6.468404309190326,nan,nan,nan,0.19117647058823528,nan
sLORETA,-10,-10,deep_only,case_weighted_within_scenario,16,1,0.778125,0.9623569146812192,1.9730558430354126,nan,nan,22.886324920205002,12.676142056303531,0.7159081509067535,11.015608181426659,2449.375,nan,nan,22.886324920205002,12.676142056303531,0.5625,nan,nan
sLORETA,-10,-10,deep_plus_surface,case_weighted_within_scenario,68,1,0.7252948421469871,0.7397287837830993,1.952540657860765,67.85340717481597,66.73158568062361,23.99639408903176,22.134859817193867,0.4734393355462265,22.953846936326805,2699.1323529411766,67.85340717481597,66.73158568062361,23.99639408903176,22.134859817193867,0.22058823529411764,nan,nan
sLORETA,-10,-10,deep_plus_two_surface,case_weighted_within_scenario,34,1,0.751168967917563,0.6699825899895756,1.9548215813722143,47.26338989895222,53.90584452754739,24.23826465191377,22.205666901007174,0.4744846819899257,24.776886166418233,2895.794117647059,47.26338989895222,53.90584452754739,24.23826465191377,22.205666901007174,0.14705882352941177,nan,nan
sLORETA,-10,-10,surface_only,case_weighted_within_scenario,68,1,0.6143699600151513,0.725695370822588,1.945391782354414,67.75705524810763,67.41447872368035,nan,nan,0.45683243428572107,nan,2588.3676470588234,67.75705524810763,67.41447872368035,nan,nan,nan,0.0,nan
sLORETA,-10,-5,deep_only,case_weighted_within_scenario,16,1,0.90625,0.9871805537069079,1.9616303850518895,nan,nan,21.78925452000401,6.493065548788,0.8291377704012618,5.151650342336993,2279.6875,nan,nan,21.78925452000401,6.493065548788,0.8125,nan,nan
sLORETA,-10,-5,deep_plus_surface,case_weighted_within_scenario,68,1,0.7510930437723835,0.7675280823864684,1.9391659224101094,64.76399205282105,52.19493633113482,23.544704134154802,20.02319792478147,0.5019577560775497,21.199199917135434,2325.823529411765,64.76399205282105,52.19493633113482,23.544704134154802,20.02319792478147,0.16176470588235295,nan,nan
sLORETA,-10,-5,deep_plus_two_surface,case_weighted_within_scenario,34,1,0.7745132259072843,0.707506607891708,1.9387814652447433,45.39200061552901,47.137730565065056,23.948402786475498,20.71667590777338,0.49002912304050716,22.00102347354308,2517.5,45.39200061552901,47.137730565065056,23.948402786475498,20.71667590777338,0.29411764705882354,nan,nan
sLORETA,-10,-5,surface_only,case_weighted_within_scenario,68,1,0.6700658919659447,0.7801638204165674,1.9273586332575652,64.37403559948189,50.72895562389154,nan,nan,0.4704621173360994,nan,2276.014705882353,64.37403559948189,50.72895562389154,nan,nan,nan,0.0,nan
sLORETA,-10,0,deep_only,case_weighted_within_scenario,16,1,0.98875,0.9978454013044056,1.9470411536159777,nan,nan,20.45831120844378,4.0088833070884595,0.9560707959598025,3.383883295282252,2064.875,nan,nan,20.45831120844378,4.0088833070884595,0.9375,nan,nan
sLORETA,-10,0,deep_plus_surface,case_weighted_within_scenario,68,1,0.7777140752910584,0.8200857051191609,1.9208861264024402,60.06901454075739,29.307191879675692,23.442045743755035,19.834681853106762,0.4830753415467828,20.19702577499135,1865.8235294117646,60.06901454075739,29.307191879675692,23.442045743755035,19.834681853106762,0.25,nan,nan
sLORETA,-10,0,deep_plus_two_surface,case_weighted_within_scenario,34,1,0.7983479227355461,0.7452914054076368,1.918877139769796,43.60661709081546,36.39294460949833,23.631252209415635,16.984949840552613,0.487673752830797,18.2216635249271,2106.5882352941176,43.60661709081546,36.39294460949833,23.631252209415635,16.984949840552613,0.4117647058823529,nan,nan
sLORETA,-10,0,surface_only,case_weighted_within_scenario,68,1,0.7206131993676629,0.8279055968226875,1.9033532675966849,59.15684366672991,26.186511386486956,nan,nan,0.4552673562871009,nan,1749.3235294117646,59.15684366672991,26.186511386486956,nan,nan,nan,0.0,nan
sLORETA,-10,5,deep_only,case_weighted_within_scenario,16,1,1.0,0.9999750432583523,1.921018085530788,nan,nan,18.70844666247718,0.6250000118062082,1.0,0.6249999624595971,1685.125,nan,nan,18.70844666247718,0.6250000118062082,1.0,nan,nan
sLORETA,-10,5,deep_plus_surface,case_weighted_within_scenario,68,1,0.8108576127450061,0.8728695935063896,1.8920452594297885,50.68065512764017,16.366055957326534,23.05476886044894,20.26889629126794,0.4437700359321385,19.859374481309843,1175.7058823529412,50.68065512764017,16.366055957326534,23.05476886044894,20.26889629126794,0.3088235294117647,nan,nan
sLORETA,-10,5,deep_plus_two_surface,case_weighted_within_scenario,34,1,0.8322522675407786,0.7952877076328041,1.8948770484154054,40.17111829404658,28.57398954700569,23.372968095728172,17.71943410227191,0.4766660509770619,17.17693387957748,1621.3235294117646,40.17111829404658,28.57398954700569,23.372968095728172,17.71943410227191,0.35294117647058826,nan,nan
sLORETA,-10,5,surface_only,case_weighted_within_scenario,68,1,0.7774391758937399,0.8761788210522199,1.8731918474581333,48.55875335985413,16.19842977071063,nan,nan,0.41038800522901436,nan,1075.6323529411766,48.55875335985413,16.19842977071063,nan,nan,nan,0.0,nan
sLORETA,-10,10,deep_only,case_weighted_within_scenario,16,1,1.0,1.0,1.8877842842658226,nan,nan,15.247466550702086,0.0,1.0,0.0,1009.375,nan,nan,15.247466550702086,0.0,1.0,nan,nan
sLORETA,-10,10,deep_plus_surface,case_weighted_within_scenario,68,1,0.8427421017919349,0.9050220863779692,1.859226301270308,34.31864466874068,15.062663629856058,22.545895535606327,20.4239338379396,0.4048696811774943,19.980817336341566,567.2058823529412,34.31864466874068,15.062663629856058,22.545895535606327,20.4239338379396,0.29411764705882354,nan,nan
sLORETA,-10,10,deep_plus_two_surface,case_weighted_within_scenario,34,1,0.8573572114979393,0.8400528886995842,1.8650965312151282,33.26808728238922,19.19435341881753,23.06397808836313,17.544762424803974,0.43940794711629444,16.074174161730546,930.4411764705883,33.26808728238922,19.19435341881753,23.06397808836313,17.544762424803974,0.4411764705882353,nan,nan
sLORETA,-10,10,surface_only,case_weighted_within_scenario,68,1,0.8125290742486988,0.9080503240523156,1.8368432341396919,33.061891691271,15.60817168207955,nan,nan,0.3768284821581875,nan,552.4705882352941,33.061891691271,15.60817168207955,nan,nan,nan,0.0,nan
sLORETA,-10,15,deep_only,case_weighted_within_scenario,16,1,1.0,1.0,1.865768668191511,nan,nan,13.862528709981875,0.0,1.0,0.0,700.25,nan,nan,13.862528709981875,0.0,1.0,nan,nan
sLORETA,-10,15,deep_plus_surface,case_weighted_within_scenario,68,1,0.8512930425138593,0.9197735014663424,1.83575665189481,26.307049116913,14.861150564698045,22.075332505382505,20.63925696923805,0.39928987553015893,20.96809048857098,366.6764705882353,26.307049116913,14.861150564698045,22.075332505382505,20.63925696923805,0.25,nan,nan
sLORETA,-10,15,deep_plus_two_surface,case_weighted_within_scenario,34,1,0.8642396513405699,0.8634660683960194,1.8419761257558058,26.882134514900173,19.913771046594093,22.055208831050237,17.223564745584326,0.4259411111089356,17.223564745584326,550.1470588235294,26.882134514900173,19.913771046594093,22.055208831050237,17.223564745584326,0.38235294117647056,nan,nan
sLORETA,-10,15,surface_only,case_weighted_within_scenario,68,1,0.8257599090543346,0.9240244248038487,1.809043811978417,25.899357827455653,15.277486527089058,nan,nan,0.37911506404649403,nan,354.20588235294116,25.899357827455653,15.277486527089058,nan,nan,nan,0.014705882352941176,nan
sLORETA,-10,20,deep_only,case_weighted_within_scenario,16,1,1.0,1.0,1.854932205582034,nan,nan,13.649566448645661,0.0,1.0,0.0,631.1875,nan,nan,13.649566448645661,0.0,1.0,nan,nan
sLORETA,-10,20,deep_plus_surface,case_weighted_within_scenario,68,1,0.8574503608856838,0.9248583908108806,1.8271919826534013,26.03130148685679,15.34548167356148,21.593126258645434,20.840080723958614,0.3925453806275835,20.840080723958614,342.3529411764706,26.03130148685679,15.34548167356148,21.593126258645434,20.840080723958614,0.2647058823529412,nan,nan
sLORETA,-10,20,deep_plus_two_surface,case_weighted_within_scenario,34,1,0.8611752014999403,0.870054550089755,1.8339604720009222,26.483089148893896,20.222712763671016,21.666915653344613,16.936890663844686,0.4085633134709509,16.936890663844686,484.52941176470586,26.483089148893896,20.222712763671016,21.666915653344613,16.936890663844686,0.4411764705882353,nan,nan
sLORETA,-10,20,surface_only,case_weighted_within_scenario,68,1,0.825400948792593,0.927552768807807,1.7972638019717098,25.22798651214871,14.263598342186057,nan,nan,0.3781752300175771,nan,325.80882352941177,25.22798651214871,14.263598342186057,nan,nan,nan,0.014705882352941176,nan
sLORETA,-5,-10,deep_only,case_weighted_within_scenario,16,1,0.855,0.9755923066684413,1.9645628440473115,nan,nan,22.380482680807077,6.599540845031382,0.7769452654043867,4.415309346369572,2685.125,nan,nan,22.380482680807077,6.599540845031382,0.8125,nan,nan
sLORETA,-5,-10,deep_plus_surface,case_weighted_within_scenario,68,1,0.7271972591344261,0.7760155757592808,1.9394513909932427,67.64732666926676,52.916434640789475,23.782463785470345,21.389555426407266,0.42274541249172404,22.262588570323118,2750.5588235294117,67.64732666926676,52.916434640789475,23.782463785470345,21.389555426407266,0.19117647058823528,nan,nan
sLORETA,-5,-10,deep_plus_two_surface,case_weighted_within_scenario,34,1,0.7650784000502489,0.7186940515991309,1.9388421883068891,47.71854737894519,53.66119638472745,24.257815241025963,22.632540479985355,0.4348697112966234,21.604845943552817,3183.205882352941,47.71854737894519,53.66119638472745,24.257815241025963,22.632540479985355,0.20588235294117646,nan,nan
sLORETA,-5,-10,surface_only,case_weighted_within_scenario,68,1,0.7059109411756054,0.7988271276309505,1.9238643985347499,67.19032446338271,51.98011041156329,nan,nan,0.41047101421518256,nan,2843.75,67.19032446338271,51.98011041156329,nan,nan,nan,0.0,nan
sLORETA,-5,-5,deep_only,case_weighted_within_scenario,16,1,0.955,0.99376913350193,1.9538695237077144,nan,nan,21.20149615132192,2.906425914416457,0.8964933450831968,0.6249999624595974,2366.375,nan,nan,21.20149615132192,2.906425914416457,1.0,nan,nan
sLORETA,-5,-5,deep_plus_surface,case_weighted_within_scenario,68,1,0.7745219348891843,0.8291928474564225,1.919770286176966,62.469949860888576,34.05251814521665,23.543478913721856,22.014605600693777,0.44211767963162957,21.26052361550013,2118.6470588235293,62.469949860888576,34.05251814521665,23.543478913721856,22.014605600693777,0.20588235294117646,nan,nan
sLORETA,-5,-5,deep_plus_two_surface,case_weighted_within_scenario,34,1,0.7988727188566848,0.7567227845335739,1.9241446714821635,44.911077659479005,41.79135043418256,23.72723153029561,19.49135090618444,0.44691969916320246,19.38770174396734,2361.6470588235293,44.911077659479005,41.79135043418256,23.72723153029561,19.49135090618444,0.38235294117647056,nan,nan
sLORETA,-5,-5,surface_only,case_weighted_within_scenario,68,1,0.7430433466250844,0.8377770606188903,1.904604328552334,61.96389380414636,38.47318460959618,nan,nan,0.4215673456284342,nan,1955.9411764705883,61.96389380414636,38.47318460959618,nan,nan,nan,0.0,nan
sLORETA,-5,0,deep_only,case_weighted_within_scenario,16,1,0.998125,0.9998502595501131,1.9379550855808103,nan,nan,20.270012193570928,0.6250000118062082,0.9969544395302862,0.0,2145.5,nan,nan,20.270012193570928,0.6250000118062082,1.0,nan,nan
sLORETA,-5,0,deep_plus_surface,case_weighted_within_scenario,68,1,0.7993917845579508,0.86374109352265,1.8981839100283078,55.15342598170289,20.866004593842995,23.143728867980002,20.6879641151568,0.42664292936711257,20.36156984570126,1363.5,55.15342598170289,20.866004593842995,23.143728867980002,20.6879641151568,0.2647058823529412,nan,nan
sLORETA,-5,0,deep_plus_two_surface,case_weighted_within_scenario,34,1,0.8197693636702595,0.7932020830205683,1.8993014185457313,41.29766948488258,29.51352982529514,23.518234678871742,18.602724870252292,0.4527315758018661,19.01867000979136,1757.735294117647,41.29766948488258,29.51352982529514,23.518234678871742,18.602724870252292,0.29411764705882354,nan,nan
sLORETA,-5,0,surface_only,case_weighted_within_scenario,68,1,0.7727309279432784,0.8687049325878322,1.8794867790157839,53.17624479145929,21.881522471345026,nan,nan,0.39204700098120593,nan,1254.4558823529412,53.17624479145929,21.881522471345026,nan,nan,nan,0.0,nan
sLORETA,-5,5,deep_only,case_weighted_within_scenario,16,1,1.0,0.9999916810861174,1.9165720985421513,nan,nan,18.880867677067954,0.6249999624595971,1.0,0.6249999624595971,1695.9375,nan,nan,18.880867677067954,0.6249999624595971,1.0,nan,nan
sLORETA,-5,5,deep_plus_surface,case_weighted_within_scenario,68,1,0.8271797281036624,0.8900562418276999,1.8737381075956412,43.29231496453548,16.220166372298028,22.888109427556472,20.938957558385873,0.4006594553505414,20.782058124547646,807.8088235294117,43.29231496453548,16.220166372298028,22.888109427556472,20.938957558385873,0.22058823529411764,nan,nan
sLORETA,-5,5,deep_plus_two_surface,case_weighted_within_scenario,34,1,0.8411482005016492,0.8244528316561618,1.875773569558454,36.85985647228678,20.01484895301937,23.431084369241805,17.492748550220966,0.4214095528389504,18.544657758099337,1191.735294117647,36.85985647228678,20.01484895301937,23.431084369241805,17.492748550220966,0.38235294117647056,nan,nan
sLORETA,-5,5,surface_only,case_weighted_within_scenario,68,1,0.8050993017569229,0.8987496397614143,1.8498356338093485,40.55643727625426,16.38872164601574,nan,nan,0.3705616975817302,nan,722.9558823529412,40.55643727625426,16.38872164601574,nan,nan,nan,0.0,nan
sLORETA,-5,10,deep_only,case_weighted_within_scenario,16,1,1.0,1.0,1.8880972989621254,nan,nan,16.00334565994249,0.0,1.0,0.0,1055.3125,nan,nan,16.00334565994249,0.0,1.0,nan,nan
sLORETA,-5,10,deep_plus_surface,case_weighted_within_scenario,68,1,0.8473746512137226,0.9130901726516963,1.8461972084085245,29.82928574585521,16.239560164435336,22.401810900807515,20.57493418024375,0.3845272736919122,20.681942449156715,453.7647058823529,29.82928574585521,16.239560164435336,22.401810900807515,20.57493418024375,0.2647058823529412,nan,nan
sLORETA,-5,10,deep_plus_two_surface,case_weighted_within_scenario,34,1,0.8580019193346319,0.8558280264901432,1.8492273200397107,29.79806722993743,17.000764527947076,23.226676093172433,18.851247012086194,0.3955200193036483,19.828182436434048,703.3529411764706,29.79806722993743,17.000764527947076,23.226676093172433,18.851247012086194,0.29411764705882354,nan,nan
sLORETA,-5,10,surface_only,case_weighted_within_scenario,68,1,0.8237844492165128,0.9164753316122325,1.8193940986982,28.428274455782148,15.803818072805868,nan,nan,0.35895078486888343,nan,425.44117647058823,28.428274455782148,15.803818072805868,nan,nan,nan,0.0,nan
sLORETA,-5,15,deep_only,case_weighted_within_scenario,16,1,1.0,1.0,1.8650150349413146,nan,nan,14.10949860827128,0.0,1.0,0.0,688.5,nan,nan,14.10949860827128,0.0,1.0,nan,nan
sLORETA,-5,15,deep_plus_surface,case_weighted_within_scenario,68,1,0.8533662161032857,0.921419395058968,1.826914436602508,25.053844711873687,14.791149388130181,22.031480273090022,21.68737716931582,0.3824680691426876,21.68737716931582,338.47058823529414,25.053844711873687,14.791149388130181,22.031480273090022,21.68737716931582,0.23529411764705882,nan,nan
sLORETA,-5,15,deep_plus_two_surface,case_weighted_within_scenario,34,1,0.8693570193747167,0.8721550634970896,1.8311037071123588,25.90989822141848,17.71606684657748,22.53672936958306,16.38273930440953,0.40917040110727376,16.46867098068968,534.6764705882352,25.90989822141848,17.71606684657748,22.53672936958306,16.38273930440953,0.38235294117647056,nan,nan
sLORETA,-5,15,surface_only,case_weighted_within_scenario,68,1,0.8321971007578722,0.9274292992247801,1.7971396929119616,24.33998614860429,15.912797284405546,nan,nan,0.3620212056104584,nan,319.8529411764706,24.33998614860429,15.912797284405546,nan,nan,nan,0.0,nan
sLORETA,-5,20,deep_only,case_weighted_within_scenario,16,1,1.0,1.0,1.8544726281383652,nan,nan,13.70474397128139,0.0,1.0,0.0,623.25,nan,nan,13.70474397128139,0.0,1.0,nan,nan
sLORETA,-5,20,deep_plus_surface,case_weighted_within_scenario,68,1,0.8625588635949669,0.9242455478917583,1.819796915244947,25.180995831367177,15.143597079121943,21.619693974140773,21.502884104338655,0.39481284463776095,21.502884104338655,326.94117647058823,25.180995831367177,15.143597079121943,21.619693974140773,21.502884104338655,0.22058823529411764,nan,nan
sLORETA,-5,20,deep_plus_two_surface,case_weighted_within_scenario,34,1,0.8643497766012448,0.8738770413521927,1.8248407196469847,25.805768439173317,18.38484097414333,21.609313227988906,17.49597932276569,0.40380961400738835,17.85952876237103,486.29411764705884,25.805768439173317,18.38484097414333,21.609313227988906,17.49597932276569,0.4117647058823529,nan,nan
sLORETA,-5,20,surface_only,case_weighted_within_scenario,68,1,0.8294611443243985,0.928192937287554,1.7903469041046929,24.516154349577157,14.480540259295136,nan,nan,0.36574478760539836,nan,317.7647058823529,24.516154349577157,14.480540259295136,nan,nan,nan,0.014705882352941176,nan
sLORETA,0,-10,deep_only,case_weighted_within_scenario,16,1,0.94,0.9897510980966324,1.9559092012020942,nan,nan,21.0047171555016,5.258883719494648,0.849141972631354,4.37500014568721,2688.8125,nan,nan,21.0047171555016,5.258883719494648,0.9375,nan,nan
sLORETA,0,-10,deep_plus_surface,case_weighted_within_scenario,68,1,0.7323685625300493,0.8377463939147785,1.915589906070592,66.10458930214611,34.434004948611566,23.338369738949662,21.150235882968197,0.3850826408165871,21.232680379459975,2677.970588235294,66.10458930214611,34.434004948611566,23.338369738949662,21.150235882968197,0.25,nan,nan
sLORETA,0,-10,deep_plus_two_surface,case_weighted_within_scenario,34,1,0.7868364480944896,0.7800083231656777,1.9174254741354255,46.55818094886477,44.507079689066295,23.93953139225838,20.851839556428576,0.39485184993286704,19.587552559670225,3220.764705882353,46.55818094886477,44.507079689066295,23.93953139225838,20.851839556428576,0.35294117647058826,nan,nan
sLORETA,0,-10,surface_only,case_weighted_within_scenario,68,1,0.7687685571064936,0.8529963109305627,1.897111458885783,64.8048593706777,36.526627339795255,nan,nan,0.35343441782605006,nan,2486.764705882353,64.8048593706777,36.526627339795255,nan,nan,nan,0.0,nan
sLORETA,0,-5,deep_only,case_weighted_within_scenario,16,1,0.9962500000000001,0.9992097031811527,1.9417879258021107,nan,nan,20.024722630249887,1.875000031028159,0.980774882702769,0.6250000118062082,2565.1875,nan,nan,20.024722630249887,1.875000031028159,1.0,nan,nan
sLORETA,0,-5,deep_plus_surface,case_weighted_within_scenario,68,1,0.7837169890605449,0.8669842870416729,1.8957909975563627,57.4066383773744,24.114831685814625,23.21764860031945,22.445594493913905,0.3912548577288864,20.398301859171337,1641.6470588235295,57.4066383773744,24.114831685814625,23.21764860031945,22.445594493913905,0.25,nan,nan
sLORETA,0,-5,deep_plus_two_surface,case_weighted_within_scenario,34,1,0.8184602886383496,0.81431794494694,1.8985852137338333,43.13552808852173,35.033530861837455,23.758081290954692,19.79794012418964,0.4292813371325676,19.54658135326238,2253.4411764705883,43.13552808852173,35.033530861837455,23.758081290954692,19.79794012418964,0.29411764705882354,nan,nan
sLORETA,0,-5,surface_only,case_weighted_within_scenario,68,1,0.8013467822679,0.8836359384569873,1.873468761656504,55.42661583178878,23.17667346781796,nan,nan,0.35231136300021804,nan,1617.1176470588234,55.42661583178878,23.17667346781796,nan,nan,nan,0.0,nan
sLORETA,0,0,deep_only,case_weighted_within_scenario,16,1,1.0,0.9999916810861174,1.9223539320833207,nan,nan,19.499708673311016,0.0,0.9986907745612488,0.6249999624595974,1940.25,nan,nan,19.499708673311016,0.0,1.0,nan,nan
sLORETA,0,0,deep_plus_surface,case_weighted_within_scenario,68,1,0.8252887244434762,0.8908928260438909,1.8737667939870242,45.11097524215877,16.032900511011658,22.800147462741787,19.127367992955392,0.38871823637238656,19.149554820189785,930.9264705882352,45.11097524215877,16.032900511011658,22.800147462741787,19.127367992955392,0.3235294117647059,nan,nan
sLORETA,0,0,deep_plus_two_surface,case_weighted_within_scenario,34,1,0.8442089536436179,0.8408679886840847,1.8733123337445183,37.799956689034616,24.656735188741578,23.32511778921633,18.136189220400066,0.4170509588778637,19.20688332712997,1368.6176470588234,37.799956689034616,24.656735188741578,23.32511778921633,18.136189220400066,0.35294117647058826,nan,nan
sLORETA,0,0,surface_only,case_weighted_within_scenario,68,1,0.8109297400109957,0.8983466644280096,1.8513594959909236,42.92136714761232,16.536415764608893,nan,nan,0.35200450436429187,nan,861.5294117647059,42.92136714761232,16.536415764608893,nan,nan,nan,0.0,nan
sLORETA,0,5,deep_only,case_weighted_within_scenario,16,1,1.0,1.0,1.9032143042562555,nan,nan,18.45775465876803,0.0,1.0,0.0,1348.0625,nan,nan,18.45775465876803,0.0,1.0,nan,nan
sLORETA,0,5,deep_plus_surface,case_weighted_within_scenario,68,1,0.8488504053535771,0.9085979822336196,1.8490107484891205,33.443074449758655,17.414304312620708,22.322780796124174,19.144294451787932,0.37162250560428256,19.14201646929705,526.0588235294117,33.443074449758655,17.414304312620708,22.322780796124174,19.144294451787932,0.3235294117647059,nan,nan
sLORETA,0,5,deep_plus_two_surface,case_weighted_within_scenario,34,1,0.8588866875987325,0.8581932904285746,1.8495216525089258,30.85154118799532,19.349629859360874,23.14627162620748,18.57813661372683,0.3965053627744698,19.28116938791416,787.8823529411765,30.85154118799532,19.349629859360874,23.14627162620748,18.57813661372683,0.2647058823529412,nan,nan
sLORETA,0,5,surface_only,case_weighted_within_scenario,68,1,0.823703700488149,0.9146497111145433,1.8201185684092636,31.13583444807279,17.23452524721711,nan,nan,0.3408497326347895,nan,473.5735294117647,31.13583444807279,17.23452524721711,nan,nan,nan,0.0,nan
sLORETA,0,10,deep_only,case_weighted_within_scenario,16,1,1.0,1.0,1.8798995166061072,nan,nan,16.70631198872684,0.0,1.0,0.0,892.75,nan,nan,16.70631198872684,0.0,1.0,nan,nan
sLORETA,0,10,deep_plus_surface,case_weighted_within_scenario,68,1,0.8612810446803544,0.9245310859278388,1.8251208888239256,25.529982155466673,16.307629434073167,21.94389471692429,19.81947481830701,0.3656640603876053,19.858879119991233,357.94117647058823,25.529982155466673,16.307629434073167,21.94389471692429,19.81947481830701,0.27941176470588236,nan,nan
sLORETA,0,10,deep_plus_two_surface,case_weighted_within_scenario,34,1,0.8733578785109822,0.8723542868968058,1.8278239038928539,25.750514130388282,18.37467099608179,22.644475006973924,15.782389213126836,0.3748713860775863,15.782389213126836,515.3823529411765,25.750514130388282,18.37467099608179,22.644475006973924,15.782389213126836,0.4411764705882353,nan,nan
sLORETA,0,10,surface_only,case_weighted_within_scenario,68,1,0.8365179491093205,0.9279814900366572,1.795057236931686,24.8709938131699,17.294921821031178,nan,nan,0.3367184016370216,nan,342.47058823529414,24.8709938131699,17.294921821031178,nan,nan,nan,0.0,nan
sLORETA,0,15,deep_only,case_weighted_within_scenario,16,1,1.0,1.0,1.8583419692917698,nan,nan,14.690195162900832,0.0,1.0,0.0,611.4375,nan,nan,14.690195162900832,0.0,1.0,nan,nan
sLORETA,0,15,deep_plus_surface,case_weighted_within_scenario,68,1,0.8732289520843333,0.9270470025564428,1.8119217232839324,24.04995909693336,16.81973689118136,21.42709004259377,20.016745922244564,0.3696449965607722,20.210954321093656,315.6617647058824,24.04995909693336,16.81973689118136,21.42709004259377,20.016745922244564,0.27941176470588236,nan,nan
sLORETA,0,15,deep_plus_two_surface,case_weighted_within_scenario,34,1,0.8718683252462567,0.8811067018983401,1.8154498710339761,24.335863253556926,17.515423183592272,22.42503308744999,18.876128727556726,0.3832725353827948,18.876128727556726,456.3529411764706,24.335863253556926,17.515423183592272,22.42503308744999,18.876128727556726,0.35294117647058826,nan,nan
sLORETA,0,15,surface_only,case_weighted_within_scenario,68,1,0.8370229513995041,0.9302470639356436,1.7769340881121687,23.300058464420676,16.630371111537116,nan,nan,0.33442274158379576,nan,304.38235294117646,23.300058464420676,16.630371111537116,nan,nan,nan,0.029411764705882353,nan
sLORETA,0,20,deep_only,case_weighted_within_scenario,16,1,1.0,1.0,1.8505739941970032,nan,nan,13.8234955268342,0.0,1.0,0.0,587.375,nan,nan,13.8234955268342,0.0,1.0,nan,nan
sLORETA,0,20,deep_plus_surface,case_weighted_within_scenario,68,1,0.8661401504916348,0.9285437462176636,1.808076094326699,23.90752935097416,14.87191416891859,21.61965924290957,22.08323807092874,0.36703143246445274,22.474130255698565,308.77941176470586,23.90752935097416,14.87191416891859,21.61965924290957,22.08323807092874,0.22058823529411764,nan,nan
sLORETA,0,20,deep_plus_two_surface,case_weighted_within_scenario,34,1,0.8692098366700918,0.8792130468317402,1.8118746348452208,24.37270304536065,17.521561291114224,21.72942899893861,17.559252691477212,0.40106556535986865,17.877063523476632,458.94117647058823,24.37270304536065,17.521561291114224,21.72942899893861,17.559252691477212,0.38235294117647056,nan,nan
sLORETA,0,20,surface_only,case_weighted_within_scenario,68,1,0.8375388174015768,0.9336335825263162,1.7741309615729068,23.082984993971802,15.407204444621343,nan,nan,0.34592007018131515,nan,299.47058823529414,23.082984993971802,15.407204444621343,nan,nan,nan,0.014705882352941176,nan
sLORETA,5,-10,deep_only,case_weighted_within_scenario,16,1,0.99,0.9985608278983096,1.946746933338356,nan,nan,20.439922499225617,1.2500000685685617,0.9760997790307986,0.0,3345.25,nan,nan,20.439922499225617,1.2500000685685617,1.0,nan,nan
sLORETA,5,-10,deep_plus_surface,case_weighted_within_scenario,68,1,0.7487539508887826,0.8747581754851881,1.886864989003362,58.87381212130523,21.049723590940467,23.094136902376537,21.518991823462667,0.3569941464684717,22.136902189557734,1937.0294117647059,58.87381212130523,21.049723590940467,23.094136902376537,21.518991823462667,0.20588235294117646,nan,nan
sLORETA,5,-10,deep_plus_two_surface,case_weighted_within_scenario,34,1,0.8053487145880593,0.8262709840527777,1.8891489624168551,42.563995445430564,39.95308710992663,23.686962526978768,23.267950464853552,0.3826317652915609,19.813774915664013,2399.1176470588234,42.563995445430564,39.95308710992663,23.686962526978768,23.267950464853552,0.35294117647058826,nan,nan
sLORETA,5,-10,surface_only,case_weighted_within_scenario,68,1,0.8073998275409219,0.888679022498337,1.8623676102022597,56.09066134097027,22.79849880865137,nan,nan,0.32845741901091247,nan,1847.1617647058824,56.09066134097027,22.79849880865137,nan,nan,nan,0.0,nan
sLORETA,5,-5,deep_only,case_weighted_within_scenario,16,1,1.0,0.999958405430587,1.9262080337099627,nan,nan,19.191906861952564,0.8838834454438628,1.0,0.8838834454438628,2282.3125,nan,nan,19.191906861952564,0.8838834454438628,0.9375,nan,nan
sLORETA,5,-5,deep_plus_surface,case_weighted_within_scenario,68,1,0.7938175376385045,0.8969948084604481,1.866333965847521,46.9737325024263,14.143544799349195,22.696727553639438,20.337297524005038,0.357785069208323,19.19942152168976,1204.0588235294117,46.9737325024263,14.143544799349195,22.696727553639438,20.337297524005038,0.3088235294117647,nan,nan
sLORETA,5,-5,deep_plus_two_surface,case_weighted_within_scenario,34,1,0.8260108758138536,0.8516924796155875,1.867711263565255,37.62504932789574,23.330633054962867,23.546167770279002,19.73908855400353,0.36699143215389846,18.823199565436063,1659.6470588235295,37.62504932789574,23.330633054962867,23.546167770279002,19.73908855400353,0.3235294117647059,nan,nan
sLORETA,5,-5,surface_only,case_weighted_within_scenario,68,1,0.8307945218046958,0.9113969840466088,1.8371865111500671,44.746740315074,15.36224570432772,nan,nan,0.3134834631751068,nan,1132.1470588235295,44.746740315074,15.36224570432772,nan,nan,nan,0.0,nan
sLORETA,5,0,deep_only,case_weighted_within_scenario,16,1,1.0,0.9999750432583522,1.9054080069871078,nan,nan,18.486334809289744,1.2499999742658052,1.0,1.2499999742658052,1341.4375,nan,nan,18.486334809289744,1.2499999742658052,1.0,nan,nan
sLORETA,5,0,deep_plus_surface,case_weighted_within_scenario,68,1,0.8333879383828888,0.9117924520349088,1.844225324152906,33.93943775297786,14.176765879171326,22.404352456118108,20.7106333205639,0.35015245582381,20.79748127486059,616.0735294117648,33.93943775297786,14.176765879171326,22.404352456118108,20.7106333205639,0.23529411764705882,nan,nan
sLORETA,5,0,deep_plus_two_surface,case_weighted_within_scenario,34,1,0.8582209899747045,0.8702472401129089,1.8439190141550095,31.359134877829614,18.269937591483615,22.993722337175136,18.76573730321889,0.3714435121962201,17.549384910631396,951.1176470588235,31.359134877829614,18.269937591483615,22.993722337175136,18.76573730321889,0.38235294117647056,nan,nan
sLORETA,5,0,surface_only,case_weighted_within_scenario,68,1,0.8391651659690451,0.9223973849456832,1.8112685811612104,31.277572661971682,14.470324594679257,nan,nan,0.3086219658078014,nan,545.0294117647059,31.277572661971682,14.470324594679257,nan,nan,nan,0.014705882352941176,nan
sLORETA,5,5,deep_only,case_weighted_within_scenario,16,1,1.0,1.0,1.8836701525101345,nan,nan,17.411334553167553,0.0,1.0,0.0,934.0625,nan,nan,17.411334553167553,0.0,1.0,nan,nan
sLORETA,5,5,deep_plus_surface,case_weighted_within_scenario,68,1,0.8639583848741509,0.9226275753575944,1.8208433360482918,26.258550309743946,16.532178959917005,21.841622819526485,18.822432349030674,0.3538945880415352,18.835192585764773,376.38235294117646,26.258550309743946,16.532178959917005,21.841622819526485,18.822432349030674,0.3382352941176471,nan,nan
sLORETA,5,5,deep_plus_two_surface,case_weighted_within_scenario,34,1,0.875453313462496,0.8812474336465066,1.823114892102065,26.79390663084167,18.437316592320457,22.877220799845272,16.206033770751592,0.3735486616268495,15.872676261144493,580.7058823529412,26.79390663084167,18.437316592320457,22.877220799845272,16.206033770751592,0.4411764705882353,nan,nan
sLORETA,5,5,surface_only,case_weighted_within_scenario,68,1,0.8380816576079498,0.9271879884844746,1.7887337042712195,24.87042282764119,16.396488887495792,nan,nan,0.30964130886031693,nan,359.3970588235294,24.87042282764119,16.396488887495792,nan,nan,nan,0.04411764705882353,nan
sLORETA,5,10,deep_only,case_weighted_within_scenario,16,1,1.0,1.0,1.8655241235202957,nan,nan,16.862531222695175,0.0,1.0,0.0,647.25,nan,nan,16.862531222695175,0.0,1.0,nan,nan
sLORETA,5,10,deep_plus_surface,case_weighted_within_scenario,68,1,0.8793811579639351,0.9300681615387942,1.8033853845949581,23.371782548229643,16.508575914093882,21.375533292916586,19.29959885370826,0.35076960552274944,19.39522849728314,306.7647058823529,23.371782548229643,16.508575914093882,21.375533292916586,19.29959885370826,0.25,nan,nan
sLORETA,5,10,deep_plus_two_surface,case_weighted_within_scenario,34,1,0.8791236050245683,0.8859805383122188,1.8051739146521504,23.85034594830519,18.25913030280754,22.53622785839567,17.258628817752744,0.37439220041869575,17.184530032098024,444.1470588235294,23.85034594830519,18.25913030280754,22.53622785839567,17.258628817752744,0.35294117647058826,nan,nan
sLORETA,5,10,surface_only,case_weighted_within_scenario,68,1,0.8433410943714291,0.9351171710282093,1.770511980984665,22.949935250455454,17.571716693710425,nan,nan,0.3178406089618306,nan,303.52941176470586,22.949935250455454,17.571716693710425,nan,nan,nan,0.014705882352941176,nan
sLORETA,5,15,deep_only,case_weighted_within_scenario,16,1,1.0,1.0,1.8470450273117838,nan,nan,15.261315623136046,0.0,1.0,0.0,502.5625,nan,nan,15.261315623136046,0.0,1.0,nan,nan
sLORETA,5,15,deep_plus_surface,case_weighted_within_scenario,68,1,0.8844532178700366,0.9329004813167615,1.7937608688833688,23.206742275601645,16.811982553004384,20.83265917597605,20.022172449548734,0.3542790479194243,20.158379759685484,295.54411764705884,23.206742275601645,16.811982553004384,20.83265917597605,20.022172449548734,0.25,nan,nan
sLORETA,5,15,deep_plus_two_surface,case_weighted_within_scenario,34,1,0.8823618312919305,0.8882059348335448,1.7977110417073108,23.38490976333273,18.33678802739005,22.044655604353355,16.98353911798325,0.3670287636830633,16.813133344435588,400.3529411764706,23.38490976333273,18.33678802739005,22.044655604353355,16.98353911798325,0.38235294117647056,nan,nan
sLORETA,5,15,surface_only,case_weighted_within_scenario,68,1,0.842742048588493,0.934664877077932,1.7585792297515332,22.92776082534916,16.876314070248664,nan,nan,0.32086006960905794,nan,285.80882352941177,22.92776082534916,16.876314070248664,nan,nan,nan,0.04411764705882353,nan
sLORETA,5,20,deep_only,case_weighted_within_scenario,16,1,1.0,1.0,1.8426620450603741,nan,nan,14.241530376571315,0.0,1.0,0.0,515.5625,nan,nan,14.241530376571315,0.0,1.0,nan,nan
sLORETA,5,20,deep_plus_surface,case_weighted_within_scenario,68,1,0.8797301594139791,0.9332566126194014,1.7935130267114403,23.2853307884478,16.192999254581434,20.7738197810572,19.134735742482153,0.35788171860280604,19.134735742482153,292.27941176470586,23.2853307884478,16.192999254581434,20.7738197810572,19.134735742482153,0.3088235294117647,nan,nan
sLORETA,5,20,deep_plus_two_surface,case_weighted_within_scenario,34,1,0.8762680098702144,0.8880944979818022,1.7968103257161006,23.5188784449669,17.6092226993076,21.69847457070718,17.755429809995487,0.37611941186551195,17.96507330619806,407.8235294117647,23.5188784449669,17.6092226993076,21.69847457070718,17.755429809995487,0.38235294117647056,nan,nan
sLORETA,5,20,surface_only,case_weighted_within_scenario,68,1,0.8429407201637537,0.9361598432318244,1.7561946899452892,22.890869668886655,16.244892009975754,nan,nan,0.3267362121244299,nan,284.4852941176471,22.890869668886655,16.244892009975754,nan,nan,nan,0.014705882352941176,nan
sLORETA,10,-10,deep_only,case_weighted_within_scenario,16,1,1.0,0.9999750432583522,1.934909326799382,nan,nan,19.984270959359993,0.0,0.9977589718772644,0.0,3479.5,nan,nan,19.984270959359993,0.0,1.0,nan,nan
sLORETA,10,-10,deep_plus_surface,case_weighted_within_scenario,68,1,0.7865962327782385,0.90168011278961,1.8541343630633988,41.24374770534153,14.568627647620534,22.716845521530516,20.155957953518826,0.3447255017150355,20.055408662191716,1177.6323529411766,41.24374770534153,14.568627647620534,22.716845521530516,20.155957953518826,0.29411764705882354,nan,nan
sLORETA,10,-10,deep_plus_two_surface,case_weighted_within_scenario,34,1,0.8231094388343368,0.8556422847345203,1.8531579782922536,34.7509422421342,26.02283981769159,23.32238254793937,18.439969112827345,0.35347393018585205,18.337629165615493,1486.0588235294117,34.7509422421342,26.02283981769159,23.32238254793937,18.439969112827345,0.35294117647058826,nan,nan
sLORETA,10,-10,surface_only,case_weighted_within_scenario,68,1,0.8294148459623338,0.9146799518440715,1.8212457158281632,39.17500974957712,14.370173826770833,nan,nan,0.30650276072417465,nan,1118.1470588235295,39.17500974957712,14.370173826770833,nan,nan,nan,0.0,nan
sLORETA,10,-5,deep_only,case_weighted_within_scenario,16,1,1.0,1.0,1.9134104356421662,nan,nan,18.987038507538745,0.0,1.0,0.0,2098.4375,nan,nan,18.987038507538745,0.0,1.0,nan,nan
sLORETA,10,-5,deep_plus_surface,case_weighted_within_scenario,68,1,0.8153299551065034,0.9125005898547097,1.8345783126882713,33.37278674334203,12.772619083031062,22.21362965816143,19.919628272451316,0.3320862882921106,18.21955794176026,744.9852941176471,33.37278674334203,12.772619083031062,22.21362965816143,19.919628272451316,0.3235294117647059,nan,nan
sLORETA,10,-5,deep_plus_two_surface,case_weighted_within_scenario,34,1,0.8485807726753055,0.8741912036598851,1.8344620391490456,29.798143870441994,18.06423697255257,23.031305563493007,19.48525169658742,0.33990707642736306,19.260565810300438,975.7647058823529,29.798143870441994,18.06423697255257,23.031305563493007,19.48525169658742,0.35294117647058826,nan,nan
sLORETA,10,-5,surface_only,case_weighted_within_scenario,68,1,0.8408813249071166,0.9227321590998188,1.798938198168912,31.8578766057366,12.861085526973696,nan,nan,0.2901738818725585,nan,702.9705882352941,31.8578766057366,12.861085526973696,nan,nan,nan,0.0,nan
sLORETA,10,0,deep_only,case_weighted_within_scenario,16,1,1.0,1.0,1.885685845586374,nan,nan,18.0215591139109,0.0,1.0,0.0,863.125,nan,nan,18.0215591139109,0.0,1.0,nan,nan
sLORETA,10,0,deep_plus_surface,case_weighted_within_scenario,68,1,0.8510947536883543,0.9247989810126368,1.8113248091674246,25.308751969531386,12.741404262686403,21.820242010995155,17.60902908288226,0.33216530522255183,17.487201558307977,442.88235294117646,25.308751969531386,12.741404262686403,21.820242010995155,17.60902908288226,0.4117647058823529,nan,nan
sLORETA,10,0,deep_plus_two_surface,case_weighted_within_scenario,34,1,0.8665360218420026,0.8884802622407668,1.8137208576615687,24.831950441266287,17.364262415126404,22.898315853708244,17.680861770649447,0.3371287861796842,18.863145551598738,607.6764705882352,24.831950441266287,17.364262415126404,22.898315853708244,17.680861770649447,0.2647058823529412,nan,nan
sLORETA,10,0,surface_only,case_weighted_within_scenario,68,1,0.8504776733071803,0.933694712173394,1.7732019529889795,24.05817361380244,12.89335066834715,nan,nan,0.28806940796432057,nan,422.8235294117647,24.05817361380244,12.89335066834715,nan,nan,nan,0.014705882352941176,nan
sLORETA,10,5,deep_only,case_weighted_within_scenario,16,1,1.0,0.9999916810861174,1.8672976293394266,nan,nan,17.631490429725744,0.6250000118062082,1.0,0.6250000118062082,618.6875,nan,nan,17.631490429725744,0.6250000118062082,1.0,nan,nan
sLORETA,10,5,deep_plus_surface,case_weighted_within_scenario,68,1,0.8731656056742555,0.9318770772842089,1.793951601033257,22.851516293806394,15.231337183291313,21.363730715576487,20.0360044042084,0.335429065437546,19.753911639505933,336.6029411764706,22.851516293806394,15.231337183291313,21.363730715576487,20.0360044042084,0.29411764705882354,nan,nan
sLORETA,10,5,deep_plus_two_surface,case_weighted_within_scenario,34,1,0.8802898609879932,0.8935982306930512,1.7958296693992981,22.94519132639881,15.891910012855753,22.50697686404899,17.987075878842322,0.35044085303091865,17.427543163127655,463.94117647058823,22.94519132639881,15.891910012855753,22.50697686404899,17.987075878842322,0.38235294117647056,nan,nan
sLORETA,10,5,surface_only,case_weighted_within_scenario,68,1,0.8552274107588135,0.9411133711789846,1.7522641575391749,21.570302099377926,14.98004496155157,nan,nan,0.28844817499311576,nan,322.0735294117647,21.570302099377926,14.98004496155157,nan,nan,nan,0.058823529411764705,nan
sLORETA,10,10,deep_only,case_weighted_within_scenario,16,1,1.0,1.0,1.8510421822580803,nan,nan,16.969420363207867,0.0,1.0,0.0,512.5625,nan,nan,16.969420363207867,0.0,1.0,nan,nan
sLORETA,10,10,deep_plus_surface,case_weighted_within_scenario,68,1,0.8852312560683431,0.935220568441985,1.7820963495541722,22.341046956035978,16.829581296911382,20.928031951153372,18.659408943986733,0.3461746673941834,18.659408943986733,294.4852941176471,22.341046956035978,16.829581296911382,20.928031951153372,18.659408943986733,0.29411764705882354,nan,nan
sLORETA,10,10,deep_plus_two_surface,case_weighted_within_scenario,34,1,0.8884082940852362,0.8959172342351697,1.7832706573460297,22.62790871132151,19.086074638013667,22.13555427790109,16.029226341124634,0.38041635642710014,16.029226341124634,419.47058823529414,22.62790871132151,19.086074638013667,22.13555427790109,16.029226341124634,0.4117647058823529,nan,nan
sLORETA,10,10,surface_only,case_weighted_within_scenario,68,1,0.8497139279258765,0.9392108354000126,1.744470808740274,21.955572383238298,16.69169421232399,nan,nan,0.30909807656516974,nan,290.69117647058823,21.955572383238298,16.69169421232399,nan,nan,nan,0.04411764705882353,nan
sLORETA,10,15,deep_only,case_weighted_within_scenario,16,1,1.0,1.0,1.8424326700379166,nan,nan,16.08297636581821,0.0,1.0,0.0,483.125,nan,nan,16.08297636581821,0.0,1.0,nan,nan
sLORETA,10,15,deep_plus_surface,case_weighted_within_scenario,68,1,0.8910575265393731,0.9384529856837183,1.7759179647210714,22.448644402493496,16.511867417105737,20.604167876270186,19.312895396645906,0.3468993677988414,19.312895396645906,279.7352941176471,22.448644402493496,16.511867417105737,20.604167876270186,19.312895396645906,0.27941176470588236,nan,nan
sLORETA,10,15,deep_plus_two_surface,case_weighted_within_scenario,34,1,0.8861937700625685,0.8949505003128868,1.7784146140574666,22.679419150385048,18.709164444624143,22.208631957884137,15.440736378039773,0.3710933735850366,15.440736378039773,383.94117647058823,22.679419150385048,18.709164444624143,22.208631957884137,15.440736378039773,0.4411764705882353,nan,nan
sLORETA,10,15,surface_only,case_weighted_within_scenario,68,1,0.8460668622273625,0.9400332711815356,1.7413072490678743,22.361916323883744,17.004318375953034,nan,nan,0.3165033357812644,nan,279.8382352941176,22.361916323883744,17.004318375953034,nan,nan,nan,0.058823529411764705,nan
sLORETA,10,20,deep_only,case_weighted_within_scenario,16,1,1.0,1.0,1.8349700564183045,nan,nan,14.964151120095094,0.0,1.0,0.0,461.6875,nan,nan,14.964151120095094,0.0,1.0,nan,nan
sLORETA,10,20,deep_plus_surface,case_weighted_within_scenario,68,1,0.8886634295974869,0.9372910020822014,1.7784618790970543,22.879392764182086,16.44796538022559,20.531287342379002,20.181106591199907,0.35247244513031567,20.181106591199907,279.38235294117646,22.879392764182086,16.44796538022559,20.531287342379002,20.181106591199907,0.25,nan,nan
sLORETA,10,20,deep_plus_two_surface,case_weighted_within_scenario,34,1,0.8876170459570325,0.8954688490541891,1.7786354183271968,22.943002486957727,18.00120969931058,21.543644163914678,15.615165615603523,0.366756617400847,15.615165615603523,376.6764705882353,22.943002486957727,18.00120969931058,21.543644163914678,15.615165615603523,0.47058823529411764,nan,nan
sLORETA,10,20,surface_only,case_weighted_within_scenario,68,1,0.8493580028128087,0.9412465500580318,1.74015172347978,22.424830519007912,16.729428833713676,nan,nan,0.317888077378912,nan,274.4852941176471,22.424830519007912,16.729428833713676,nan,nan,nan,0.04411764705882353,nan
sLORETA,15,-10,deep_only,case_weighted_within_scenario,16,1,1.0,1.0,1.917388227727397,nan,nan,20.22779658060783,0.0,1.0,0.0,2360.5625,nan,nan,20.22779658060783,0.0,1.0,nan,nan
sLORETA,15,-10,deep_plus_surface,case_weighted_within_scenario,68,1,0.8356008758938857,0.9180724434403819,1.8208285721574324,30.086015100246343,13.293678999667366,21.97890100441399,17.00692018511349,0.3474954625737346,18.120537166371008,751.4411764705883,30.086015100246343,13.293678999667366,21.97890100441399,17.00692018511349,0.3088235294117647,nan,nan
sLORETA,15,-10,deep_plus_two_surface,case_weighted_within_scenario,34,1,0.8458346528928132,0.8689475329947256,1.8194038447761898,26.663195807445287,21.986720586606914,23.423276817269933,20.62337480179216,0.33850994814312363,20.39868891550518,849.5882352941177,26.663195807445287,21.986720586606914,23.423276817269933,20.62337480179216,0.29411764705882354,nan,nan
sLORETA,15,-10,surface_only,case_weighted_within_scenario,68,1,0.8321361658455196,0.9264750495536392,1.782569655627965,28.423548451039828,12.995195505709402,nan,nan,0.2955287091510994,nan,697.0147058823529,28.423548451039828,12.995195505709402,nan,nan,nan,0.014705882352941176,nan
sLORETA,15,-5,deep_only,case_weighted_within_scenario,16,1,1.0,1.0,1.9017817292388925,nan,nan,19.515682194159897,0.0,1.0,0.0,1498.875,nan,nan,19.515682194159897,0.0,1.0,nan,nan
sLORETA,15,-5,deep_plus_surface,case_weighted_within_scenario,68,1,0.8476422327044826,0.9237062479236277,1.8049109154886926,25.692890653995605,13.592602775081005,21.839665866694506,18.526698313153595,0.33782941578901,18.88691736905394,553.8970588235294,25.692890653995605,13.592602775081005,21.839665866694506,18.526698313153595,0.3088235294117647,nan,nan
sLORETA,15,-5,deep_plus_two_surface,case_weighted_within_scenario,34,1,0.8622855903790878,0.8815212082899885,1.806282590367226,23.948658948977833,18.002802843408737,22.542157597057894,16.47736303600068,0.33651911263620704,16.47736303600068,669.6470588235294,23.948658948977833,18.002802843408737,22.542157597057894,16.47736303600068,0.4117647058823529,nan,nan
sLORETA,15,-5,surface_only,case_weighted_within_scenario,68,1,0.8431870899458853,0.9318441708174942,1.7644620346337028,24.187050738474298,12.808927545137548,nan,nan,0.28295211063249937,nan,501.8235294117647,24.187050738474298,12.808927545137548,nan,nan,nan,0.014705882352941176,nan
sLORETA,15,0,deep_only,case_weighted_within_scenario,16,1,1.0,1.0,1.875845339240887,nan,nan,18.474565914440618,0.0,1.0,0.0,739.4375,nan,nan,18.474565914440618,0.0,1.0,nan,nan
sLORETA,15,0,deep_plus_surface,case_weighted_within_scenario,68,1,0.8686033575191219,0.9301833030541716,1.7857733079772828,22.123845629714477,12.66558534356198,21.558031891798887,18.08368741127966,0.32458246864696383,17.976032863660993,407.3382352941176,22.123845629714477,12.66558534356198,21.558031891798887,18.08368741127966,0.3382352941176471,nan,nan
sLORETA,15,0,deep_plus_two_surface,case_weighted_within_scenario,34,1,0.8733306312237614,0.8912876367429127,1.7903013194729618,21.71447937767192,18.88175477243161,22.261002326756376,17.68446935765325,0.3303759720151946,17.68446935765325,523.7058823529412,21.71447937767192,18.88175477243161,22.261002326756376,17.68446935765325,0.35294117647058826,nan,nan
sLORETA,15,0,surface_only,case_weighted_within_scenario,68,1,0.8503394379829621,0.9365139158129204,1.7458893266421978,21.580714129378627,13.100291879493174,nan,nan,0.2799958849648288,nan,401.29411764705884,21.580714129378627,13.100291879493174,nan,nan,nan,0.04411764705882353,nan
sLORETA,15,5,deep_only,case_weighted_within_scenario,16,1,1.0,0.9999916810861174,1.8518063767620183,nan,nan,17.671257876762738,0.6250000118062082,1.0,0.6250000118062082,503.5625,nan,nan,17.671257876762738,0.6250000118062082,1.0,nan,nan
sLORETA,15,5,deep_plus_surface,case_weighted_within_scenario,68,1,0.8769167152353706,0.9382516207151916,1.7703756121454344,21.23076260817604,13.314244190214458,21.261223588611855,18.810436191976354,0.323592699160824,18.702781644357692,337.5147058823529,21.23076260817604,13.314244190214458,21.261223588611855,18.810436191976354,0.3382352941176471,nan,nan
sLORETA,15,5,deep_plus_two_surface,case_weighted_within_scenario,34,1,0.8820051495558655,0.8983293341114491,1.7737060030207688,20.937985483043278,17.4853543488567,22.502922875317676,19.09521806234348,0.33471438183811325,19.09521806234348,435.8235294117647,20.937985483043278,17.4853543488567,22.502922875317676,19.09521806234348,0.29411764705882354,nan,nan
sLORETA,15,5,surface_only,case_weighted_within_scenario,68,1,0.8583019937784867,0.944740938942938,1.7252348410001521,20.88619834214462,13.657443172256468,nan,nan,0.2801153784794082,nan,335.69117647058823,20.88619834214462,13.657443172256468,nan,nan,nan,0.04411764705882353,nan
sLORETA,15,10,deep_only,case_weighted_within_scenario,16,1,1.0,1.0,1.8391621121024893,nan,nan,17.20295271958387,0.0,1.0,0.0,466.5625,nan,nan,17.20295271958387,0.0,1.0,nan,nan
sLORETA,15,10,deep_plus_surface,case_weighted_within_scenario,68,1,0.8900308211902145,0.938820685386576,1.7623340044723776,21.504571183680376,15.337161003789072,20.68340667671918,18.201589718950494,0.3313401601841075,18.201589718950494,297.79411764705884,21.504571183680376,15.337161003789072,20.68340667671918,18.201589718950494,0.35294117647058826,nan,nan
sLORETA,15,10,deep_plus_two_surface,case_weighted_within_scenario,34,1,0.8864866048464589,0.9023932065544615,1.7648532058252877,21.471107986266265,17.971393409896887,22.298432223616707,17.394130761179962,0.34897029367901394,17.272303227688543,404.79411764705884,21.471107986266265,17.971393409896887,22.298432223616707,17.394130761179962,0.38235294117647056,nan,nan
sLORETA,15,10,surface_only,case_weighted_within_scenario,68,1,0.8564416437971439,0.9445321828204352,1.7171183415653042,20.952469608175083,15.35691237375535,nan,nan,0.28929297654526703,nan,293.8529411764706,20.952469608175083,15.35691237375535,nan,nan,nan,0.07352941176470588,nan
sLORETA,15,15,deep_only,case_weighted_within_scenario,16,1,1.0,1.0,1.8340632054478343,nan,nan,16.864035589892662,0.0,1.0,0.0,461.1875,nan,nan,16.864035589892662,0.0,1.0,nan,nan
sLORETA,15,15,deep_plus_surface,case_weighted_within_scenario,68,1,0.8956178304074196,0.9403239865169765,1.762191179432525,21.95570351861896,15.914628845601143,20.228237836274417,18.617534889326144,0.3442560744331131,18.617534889326144,284.5882352941176,21.95570351861896,15.914628845601143,20.228237836274417,18.617534889326144,0.27941176470588236,nan,nan
sLORETA,15,15,deep_plus_two_surface,case_weighted_within_scenario,34,1,0.8897412196889816,0.9008963599397353,1.7639119025408636,22.228031248972787,18.125791874756974,22.197946375855015,16.981011015587068,0.36258318386823496,16.981011015587068,392.5,22.228031248972787,18.125791874756974,22.197946375855015,16.981011015587068,0.38235294117647056,nan,nan
sLORETA,15,15,surface_only,case_weighted_within_scenario,68,1,0.8531211241197532,0.9450547842172358,1.719622644751925,21.615728328311935,16.751649880756634,nan,nan,0.30440004725040154,nan,276.3382352941176,21.615728328311935,16.751649880756634,nan,nan,nan,0.07352941176470588,nan
sLORETA,15,20,deep_only,case_weighted_within_scenario,16,1,1.0,1.0,1.8289769587942306,nan,nan,16.002662654115102,0.0,1.0,0.0,450.375,nan,nan,16.002662654115102,0.0,1.0,nan,nan
sLORETA,15,20,deep_plus_surface,case_weighted_within_scenario,68,1,0.8908549336314592,0.9400955214127705,1.7663791230856003,22.352009443100286,16.61072980846272,20.20420024644065,19.36267678800045,0.348912298175269,19.36267678800045,273.47058823529414,22.352009443100286,16.61072980846272,20.20420024644065,19.36267678800045,0.2647058823529412,nan,nan
sLORETA,15,20,deep_plus_two_surface,case_weighted_within_scenario,34,1,0.8862828894094626,0.8961128896538367,1.768354122713078,22.484849689784543,19.693722071544542,21.795545833578796,17.126277040213072,0.36660620718641557,17.126277040213072,372.2352941176471,22.484849689784543,19.693722071544542,21.795545833578796,17.126277040213072,0.38235294117647056,nan,nan
sLORETA,15,20,surface_only,case_weighted_within_scenario,68,1,0.8518754252264706,0.9449793600216798,1.7246517957227305,22.081498359640772,16.645623432857434,nan,nan,0.31342852739953364,nan,271.5882352941176,22.081498359640772,16.645623432857434,nan,nan,nan,0.08823529411764706,nan
sLORETA,20,-10,deep_only,case_weighted_within_scenario,16,1,1.0,1.0,1.8972525291566171,nan,nan,20.49031744723186,0.0,1.0,0.0,1312.1875,nan,nan,20.49031744723186,0.0,1.0,nan,nan
sLORETA,20,-10,deep_plus_surface,case_weighted_within_scenario,68,1,0.865552985540402,0.9279124800009385,1.7962941390756848,25.543977240596572,13.442401429689925,21.81382087258034,18.61061208082456,0.3570131198738242,18.865325439623486,600.8088235294117,25.543977240596572,13.442401429689925,21.81382087258034,18.61061208082456,0.22058823529411764,nan,nan
sLORETA,20,-10,deep_plus_two_surface,case_weighted_within_scenario,34,1,0.85729842348587,0.8745550715439148,1.7989321642760574,23.989214015447306,20.24522711866676,23.294351048351466,22.63687984146833,0.34423390327091447,22.63687984146833,680.9117647058823,23.989214015447306,20.24522711866676,23.294351048351466,22.63687984146833,0.23529411764705882,nan,nan
sLORETA,20,-10,surface_only,case_weighted_within_scenario,68,1,0.832214145202532,0.9342746037953131,1.7579274600231083,24.561900738805512,13.850285734884629,nan,nan,0.30129808459388,nan,565.4411764705883,24.561900738805512,13.850285734884629,nan,nan,nan,0.014705882352941176,nan
sLORETA,20,-5,deep_only,case_weighted_within_scenario,16,1,1.0,1.0,1.8873987608058431,nan,nan,19.856199159341415,0.0,1.0,0.0,971.125,nan,nan,19.856199159341415,0.0,1.0,nan,nan
sLORETA,20,-5,deep_plus_surface,case_weighted_within_scenario,68,1,0.8683718393275747,0.9305648457076476,1.7865338704734253,23.471454349800894,12.673522445351491,21.540466484375933,18.508044960483524,0.33871074316403976,18.508044960483524,501.1764705882353,23.471454349800894,12.673522445351491,21.540466484375933,18.508044960483524,0.3088235294117647,nan,nan
sLORETA,20,-5,deep_plus_two_surface,case_weighted_within_scenario,34,1,0.8641439092708518,0.8793038703441948,1.7908497506937826,22.55943061368307,17.68143017321477,23.056652697846886,20.70716122750451,0.33418626994162437,20.291216064620336,600.3235294117648,22.55943061368307,17.68143017321477,23.056652697846886,20.70716122750451,0.35294117647058826,nan,nan
sLORETA,20,-5,surface_only,case_weighted_within_scenario,68,1,0.8405253948866694,0.93699159757715,1.746508720808313,22.921135806195057,12.912389835296832,nan,nan,0.29473674821317897,nan,491.11764705882354,22.921135806195057,12.912389835296832,nan,nan,nan,0.0,nan
sLORETA,20,0,deep_only,case_weighted_within_scenario,16,1,1.0,1.0,1.8690663179153089,nan,nan,19.277754606714552,0.0,1.0,0.0,666.375,nan,nan,19.277754606714552,0.0,1.0,nan,nan
sLORETA,20,0,deep_plus_surface,case_weighted_within_scenario,68,1,0.8797066813449944,0.9360660645544953,1.7720841097302102,22.058092946880407,12.728294719200854,21.47409673434259,18.062380697049218,0.3301608856907933,18.612624428870475,427.44117647058823,22.058092946880407,12.728294719200854,21.47409673434259,18.062380697049218,0.3235294117647059,nan,nan
sLORETA,20,0,deep_plus_two_surface,case_weighted_within_scenario,34,1,0.8758546284616479,0.8915155163388512,1.77572786558264,20.911102242945816,17.38035102627278,22.256060234922224,14.935691702328356,0.3235968971095704,15.44511844314814,509.52941176470586,20.911102242945816,17.38035102627278,22.256060234922224,14.935691702328356,0.47058823529411764,nan,nan
sLORETA,20,0,surface_only,case_weighted_within_scenario,68,1,0.8484926480269992,0.940326380044967,1.7312750697261823,21.81087718998382,12.094966538590437,nan,nan,0.28204587828946504,nan,425.2352941176471,21.81087718998382,12.094966538590437,nan,nan,nan,0.07352941176470588,nan
sLORETA,20,5,deep_only,case_weighted_within_scenario,16,1,1.0,1.0,1.8474922017655282,nan,nan,18.15371514823399,0.0,1.0,0.0,514.875,nan,nan,18.15371514823399,0.0,1.0,nan,nan
sLORETA,20,5,deep_plus_surface,case_weighted_within_scenario,68,1,0.8860569529205559,0.9407143168466354,1.7584644128759142,21.03060376479829,12.632208374712002,21.121079368472973,17.491409368247314,0.32138244235954216,17.491409368247314,369.3235294117647,21.03060376479829,12.632208374712002,21.121079368472973,17.491409368247314,0.35294117647058826,nan,nan
sLORETA,20,5,deep_plus_two_surface,case_weighted_within_scenario,34,1,0.880261667145805,0.8993599382515337,1.763355448718833,20.408480074353275,17.664795995736604,22.143209070663673,18.4356179379635,0.3243582937562639,18.4356179379635,449.88235294117646,20.408480074353275,17.664795995736604,22.143209070663673,18.4356179379635,0.3235294117647059,nan,nan
sLORETA,20,5,surface_only,case_weighted_within_scenario,68,1,0.8549425408259778,0.9429682644836601,1.7124542441092159,20.892271964723374,12.540029371311793,nan,nan,0.2753482411429823,nan,366.77941176470586,20.892271964723374,12.540029371311793,nan,nan,nan,0.058823529411764705,nan
sLORETA,20,10,deep_only,case_weighted_within_scenario,16,1,1.0,1.0,1.8298302634107748,nan,nan,17.557765649793907,0.0,1.0,0.0,425.6875,nan,nan,17.557765649793907,0.0,1.0,nan,nan
sLORETA,20,10,deep_plus_surface,case_weighted_within_scenario,68,1,0.8920896262736137,0.9427159821297099,1.7488634560723257,20.935691659060456,13.340883683486844,20.80485301115271,19.061560227987567,0.323188510636437,18.5988742769707,327.1764705882353,20.935691659060456,13.340883683486844,20.80485301115271,19.061560227987567,0.35294117647058826,nan,nan
sLORETA,20,10,deep_plus_two_surface,case_weighted_within_scenario,34,1,0.886495777861793,0.9024706036256419,1.7538368912284086,20.667305869529763,18.84875535880794,21.692441616614307,18.313790410955452,0.33635239197698497,18.313790410955452,415.70588235294116,20.667305869529763,18.84875535880794,21.692441616614307,18.313790410955452,0.35294117647058826,nan,nan
sLORETA,20,10,surface_only,case_weighted_within_scenario,68,1,0.8599713625982135,0.948527338941696,1.701106728621099,20.614097755696875,13.11093545719945,nan,nan,0.2771526507094188,nan,318.2647058823529,20.614097755696875,13.11093545719945,nan,nan,nan,0.1323529411764706,nan
sLORETA,20,15,deep_only,case_weighted_within_scenario,16,1,1.0,1.0,1.8267267282625252,nan,nan,17.03776800312771,0.0,1.0,0.0,437.1875,nan,nan,17.03776800312771,0.0,1.0,nan,nan
sLORETA,20,15,deep_plus_surface,case_weighted_within_scenario,68,1,0.8909954563707032,0.942479608070268,1.74622752014839,21.213020828645924,14.88895211704673,20.301645828415758,18.487088196267493,0.3298084233523864,18.487088196267493,289.72058823529414,21.213020828645924,14.88895211704673,20.301645828415758,18.487088196267493,0.3088235294117647,nan,nan
sLORETA,20,15,deep_plus_two_surface,case_weighted_within_scenario,34,1,0.8910531600199728,0.904769229337092,1.753392813467713,21.44217844708043,17.451140667366985,21.919776777852967,17.207393143498273,0.3495922820763716,17.207393143498273,400.4117647058824,21.44217844708043,17.451140667366985,21.919776777852967,17.207393143498273,0.35294117647058826,nan,nan
sLORETA,20,15,surface_only,case_weighted_within_scenario,68,1,0.858665538627708,0.948351763824055,1.6999996621365325,20.785192803520754,14.510932825495257,nan,nan,0.28566213500531495,nan,285.54411764705884,20.785192803520754,14.510932825495257,nan,nan,nan,0.08823529411764706,nan
sLORETA,20,20,deep_only,case_weighted_within_scenario,16,1,1.0,0.9999833621722348,1.8265435822311638,nan,nan,16.691240243326938,0.6250000342842806,1.0,0.6250000342842806,444.1875,nan,nan,16.691240243326938,0.6250000342842806,1.0,nan,nan
sLORETA,20,20,deep_plus_surface,case_weighted_within_scenario,68,1,0.8943451923080591,0.9404020850846521,1.7551944908328998,21.95941983263169,16.69171563128148,20.005159389513512,19.06158990771236,0.3441130136370546,19.061589926583068,279.7647058823529,21.95941983263169,16.69171563128148,20.005159389513512,19.06158990771236,0.2647058823529412,nan,nan
sLORETA,20,20,deep_plus_two_surface,case_weighted_within_scenario,34,1,0.8894603415185528,0.9018090296531786,1.757601164620346,22.273791015848385,19.02110516214881,22.125132341713233,18.04210891231897,0.36274622667599243,18.04210891231897,386.61764705882354,22.273791015848385,19.02110516214881,22.125132341713233,18.04210891231897,0.35294117647058826,nan,nan
sLORETA,20,20,surface_only,case_weighted_within_scenario,68,1,0.8536504491274874,0.9470238272685492,1.7110391517657808,21.587187301046566,16.54612912204096,nan,nan,0.30706451118599826,nan,272.6617647058824,21.587187301046566,16.54612912204096,nan,nan,nan,0.058823529411764705,nan
