metric,metric_label,baseline,eeg_snr_db,meg_snr_db,oaster_value,baseline_value,oriented_difference_positive_favors_oaster,outcome
auc_tie_corrected,An_auc,SISSES,-10,-10,0.966418393692667,0.8346019254498238,0.1318164682428432,win
auc_tie_corrected,An_auc,SISSES,-10,-5,0.9609055251466245,0.8793269262831587,0.08157859886346586,win
auc_tie_corrected,An_auc,SISSES,-10,0,0.9616233689343496,0.9226228162096876,0.039000552724662074,win
auc_tie_corrected,An_auc,SISSES,-10,5,0.955369519992614,0.9463129084401308,0.009056611552483163,win
auc_tie_corrected,An_auc,SISSES,-10,10,0.9560313051165774,0.9719240177793638,-0.015892712662786357,loss
auc_tie_corrected,An_auc,SISSES,-10,15,0.9559655662396762,0.9728555895669045,-0.016890023327228332,loss
auc_tie_corrected,An_auc,SISSES,-10,20,0.9551368395072867,0.9771854404247856,-0.02204860091749894,loss
auc_tie_corrected,An_auc,SISSES,-5,-10,0.9694490638584193,0.8569964849999717,0.11245257885844762,win
auc_tie_corrected,An_auc,SISSES,-5,-5,0.9707949115984988,0.9082779563436791,0.0625169552548197,win
auc_tie_corrected,An_auc,SISSES,-5,0,0.9701572075827777,0.9423139826808351,0.027843224901942576,win
auc_tie_corrected,An_auc,SISSES,-5,5,0.9643611862842325,0.960813936363318,0.003547249920914486,win
auc_tie_corrected,An_auc,SISSES,-5,10,0.9600162572875274,0.9778443432542435,-0.017828085966716145,loss
auc_tie_corrected,An_auc,SISSES,-5,15,0.9620391208010692,0.9812130840118071,-0.019173963210737832,loss
auc_tie_corrected,An_auc,SISSES,-5,20,0.9558985641940829,0.9784500803676237,-0.022551516173540787,loss
auc_tie_corrected,An_auc,SISSES,0,-10,0.9714652885564108,0.9046243627205499,0.06684092583586088,win
auc_tie_corrected,An_auc,SISSES,0,-5,0.9786225137999071,0.930556509893594,0.048066003906313104,win
auc_tie_corrected,An_auc,SISSES,0,0,0.9730742153561448,0.9570430888105091,0.016031126545635654,win
auc_tie_corrected,An_auc,SISSES,0,5,0.9724575100801544,0.9724387847933762,1.8725286778153993e-05,win
auc_tie_corrected,An_auc,SISSES,0,10,0.9663900507367749,0.9795752727239361,-0.01318522198716121,loss
auc_tie_corrected,An_auc,SISSES,0,15,0.9618726236019073,0.9842614234792268,-0.022388799877319565,loss
auc_tie_corrected,An_auc,SISSES,0,20,0.9574695324947682,0.9833266383224412,-0.025857105827672977,loss
auc_tie_corrected,An_auc,SISSES,5,-10,0.9720267684549251,0.9324828678026346,0.03954390065229052,win
auc_tie_corrected,An_auc,SISSES,5,-5,0.9758174269322173,0.9491901519560262,0.026627274976191107,win
auc_tie_corrected,An_auc,SISSES,5,0,0.9770801767733162,0.9625239498874821,0.014556226885834023,win
auc_tie_corrected,An_auc,SISSES,5,5,0.9744125489097935,0.9740558488404969,0.00035670006929655607,win
auc_tie_corrected,An_auc,SISSES,5,10,0.9697400582479868,0.9858456852576503,-0.016105627009663448,loss
auc_tie_corrected,An_auc,SISSES,5,15,0.9643694261224045,0.9881449215631053,-0.02377549544070079,loss
auc_tie_corrected,An_auc,SISSES,5,20,0.9633911523737921,0.9855246366454647,-0.02213348427167261,loss
auc_tie_corrected,An_auc,SISSES,10,-10,0.967003089126867,0.964073890958258,0.0029291981686090374,win
auc_tie_corrected,An_auc,SISSES,10,-5,0.9740202589816831,0.9685913119741623,0.005428947007520835,win
auc_tie_corrected,An_auc,SISSES,10,0,0.9755767990670356,0.975061459275578,0.0005153397914576807,win
auc_tie_corrected,An_auc,SISSES,10,5,0.9816150219014919,0.987415023659554,-0.005800001758062168,loss
auc_tie_corrected,An_auc,SISSES,10,10,0.9745960653967717,0.9899991275772873,-0.01540306218051557,loss
auc_tie_corrected,An_auc,SISSES,10,15,0.974441203676147,0.9897503990751002,-0.015309195398953257,loss
auc_tie_corrected,An_auc,SISSES,10,20,0.9691470339495634,0.9908180909092277,-0.021671056959664314,loss
auc_tie_corrected,An_auc,SISSES,15,-10,0.9652377237144084,0.9766572841406213,-0.011419560426212838,loss
auc_tie_corrected,An_auc,SISSES,15,-5,0.9689539181899471,0.9800255521885288,-0.011071633998581687,loss
auc_tie_corrected,An_auc,SISSES,15,0,0.9689872513237746,0.9836350459116103,-0.014647794587835716,loss
auc_tie_corrected,An_auc,SISSES,15,5,0.9782160035280755,0.9908781832653761,-0.01266217973730066,loss
auc_tie_corrected,An_auc,SISSES,15,10,0.9827812757410788,0.9908440208544391,-0.008062745113360359,loss
auc_tie_corrected,An_auc,SISSES,15,15,0.9784496745210487,0.9920692414879222,-0.013619566966873498,loss
auc_tie_corrected,An_auc,SISSES,15,20,0.9691752487638684,0.991165389219853,-0.021990140455984575,loss
auc_tie_corrected,An_auc,SISSES,20,-10,0.9659730607114867,0.9819559081902767,-0.015982847478789974,loss
auc_tie_corrected,An_auc,SISSES,20,-5,0.9661111949512151,0.9845080917439202,-0.018396896792705064,loss
auc_tie_corrected,An_auc,SISSES,20,0,0.9693970854276344,0.9889606390896912,-0.019563553662056865,loss
auc_tie_corrected,An_auc,SISSES,20,5,0.9719562724758279,0.9927571979832018,-0.02080092550737389,loss
auc_tie_corrected,An_auc,SISSES,20,10,0.9798996204093227,0.9928010114162608,-0.012901391006938101,loss
auc_tie_corrected,An_auc,SISSES,20,15,0.9821121279388821,0.9944300964322805,-0.01231796849339839,loss
auc_tie_corrected,An_auc,SISSES,20,20,0.9748675843938797,0.9939689950467445,-0.01910141065286486,loss
auc_tie_corrected,An_auc,MNE,-10,-10,0.966418393692667,0.7795239942559453,0.1868943994367217,win
auc_tie_corrected,An_auc,MNE,-10,-5,0.9609055251466245,0.815629306087005,0.14527621905961952,win
auc_tie_corrected,An_auc,MNE,-10,0,0.9616233689343496,0.8614742953153528,0.10014907361899683,win
auc_tie_corrected,An_auc,MNE,-10,5,0.955369519992614,0.9012910481483486,0.0540784718442654,win
auc_tie_corrected,An_auc,MNE,-10,10,0.9560313051165774,0.9312016178181641,0.024829687298413283,win
auc_tie_corrected,An_auc,MNE,-10,15,0.9559655662396762,0.9406288828533791,0.015336683386297123,win
auc_tie_corrected,An_auc,MNE,-10,20,0.9551368395072867,0.9427163683438361,0.012420471163450575,win
auc_tie_corrected,An_auc,MNE,-5,-10,0.9694490638584193,0.815804560865617,0.1536445029928023,win
auc_tie_corrected,An_auc,MNE,-5,-5,0.9707949115984988,0.8521381766831047,0.11865673491539419,win
auc_tie_corrected,An_auc,MNE,-5,0,0.9701572075827777,0.8876432529544876,0.08251395462829003,win
auc_tie_corrected,An_auc,MNE,-5,5,0.9643611862842325,0.9137474999571082,0.05061368632712426,win
auc_tie_corrected,An_auc,MNE,-5,10,0.9600162572875274,0.9319972374057318,0.02801901988179556,win
auc_tie_corrected,An_auc,MNE,-5,15,0.9620391208010692,0.9405358764716544,0.02150324432941486,win
auc_tie_corrected,An_auc,MNE,-5,20,0.9558985641940829,0.9434324730466443,0.012466091147438574,win
auc_tie_corrected,An_auc,MNE,0,-10,0.9714652885564108,0.8372765433362888,0.13418874522012203,win
auc_tie_corrected,An_auc,MNE,0,-5,0.9786225137999071,0.8867130634327275,0.09190945036717957,win
auc_tie_corrected,An_auc,MNE,0,0,0.9730742153561448,0.9122078615218094,0.06086635383433536,win
auc_tie_corrected,An_auc,MNE,0,5,0.9724575100801544,0.9274731330935505,0.04498437698660385,win
auc_tie_corrected,An_auc,MNE,0,10,0.9663900507367749,0.938387377280788,0.028002673455986837,win
auc_tie_corrected,An_auc,MNE,0,15,0.9618726236019073,0.945016811313027,0.016855812288880334,win
auc_tie_corrected,An_auc,MNE,0,20,0.9574695324947682,0.9451769299120395,0.012292602582728684,win
auc_tie_corrected,An_auc,MNE,5,-10,0.9720267684549251,0.8607369204473686,0.11128984800755648,win
auc_tie_corrected,An_auc,MNE,5,-5,0.9758174269322173,0.896727220940985,0.07909020599123229,win
auc_tie_corrected,An_auc,MNE,5,0,0.9770801767733162,0.9276856319705573,0.049394544802758844,win
auc_tie_corrected,An_auc,MNE,5,5,0.9744125489097935,0.9402492388327214,0.03416331007707207,win
auc_tie_corrected,An_auc,MNE,5,10,0.9697400582479868,0.9460980372597805,0.023642020988206336,win
auc_tie_corrected,An_auc,MNE,5,15,0.9643694261224045,0.947569379526678,0.016800046595726537,win
auc_tie_corrected,An_auc,MNE,5,20,0.9633911523737921,0.9481132043128538,0.015277948060938296,win
auc_tie_corrected,An_auc,MNE,10,-10,0.967003089126867,0.887779041370766,0.07922404775610103,win
auc_tie_corrected,An_auc,MNE,10,-5,0.9740202589816831,0.9101485753983287,0.06387168358335438,win
auc_tie_corrected,An_auc,MNE,10,0,0.9755767990670356,0.9310903072214674,0.0444864918455683,win
auc_tie_corrected,An_auc,MNE,10,5,0.9816150219014919,0.9469411104762364,0.034673911425255444,win
auc_tie_corrected,An_auc,MNE,10,10,0.9745960653967717,0.9510877223522833,0.023508343044488345,win
auc_tie_corrected,An_auc,MNE,10,15,0.974441203676147,0.9514303766123906,0.023010827063756345,win
auc_tie_corrected,An_auc,MNE,10,20,0.9691470339495634,0.9512849264299276,0.017862107519635795,win
auc_tie_corrected,An_auc,MNE,15,-10,0.9652377237144084,0.9117118441781678,0.05352587953624066,win
auc_tie_corrected,An_auc,MNE,15,-5,0.9689539181899471,0.9221298396149112,0.0468240785750359,win
auc_tie_corrected,An_auc,MNE,15,0,0.9689872513237746,0.9333441367682362,0.03564311455553837,win
auc_tie_corrected,An_auc,MNE,15,5,0.9782160035280755,0.9460303441354871,0.03218565939258833,win
auc_tie_corrected,An_auc,MNE,15,10,0.9827812757410788,0.9528955253011967,0.029885750439882064,win
auc_tie_corrected,An_auc,MNE,15,15,0.9784496745210487,0.9543582629518448,0.024091411569203913,win
auc_tie_corrected,An_auc,MNE,15,20,0.9691752487638684,0.9533237708198984,0.015851477943970016,win
auc_tie_corrected,An_auc,MNE,20,-10,0.9659730607114867,0.9280959905882281,0.03787707012325858,win
auc_tie_corrected,An_auc,MNE,20,-5,0.9661111949512151,0.9305867877148807,0.03552440723633443,win
auc_tie_corrected,An_auc,MNE,20,0,0.9693970854276344,0.9361160775788442,0.03328100784879018,win
auc_tie_corrected,An_auc,MNE,20,5,0.9719562724758279,0.9441485316085192,0.02780774086730875,win
auc_tie_corrected,An_auc,MNE,20,10,0.9798996204093227,0.951470265357125,0.02842935505219768,win
auc_tie_corrected,An_auc,MNE,20,15,0.9821121279388821,0.9547039579963584,0.027408169942523708,win
auc_tie_corrected,An_auc,MNE,20,20,0.9748675843938797,0.9551417722726769,0.019725812121202724,win
auc_tie_corrected,An_auc,dSPM,-10,-10,0.966418393692667,0.8671365914382387,0.09928180225442829,win
auc_tie_corrected,An_auc,dSPM,-10,-5,0.9609055251466245,0.9037879275774067,0.05711759756921786,win
auc_tie_corrected,An_auc,dSPM,-10,0,0.9616233689343496,0.9286037169298959,0.03301965200445378,win
auc_tie_corrected,An_auc,dSPM,-10,5,0.955369519992614,0.9335181935019945,0.021851326490619494,win
auc_tie_corrected,An_auc,dSPM,-10,10,0.9560313051165774,0.9402811348976343,0.015750170218943094,win
auc_tie_corrected,An_auc,dSPM,-10,15,0.9559655662396762,0.9404530231119321,0.015512543127744083,win
auc_tie_corrected,An_auc,dSPM,-10,20,0.9551368395072867,0.9390682749973429,0.01606856450994376,win
auc_tie_corrected,An_auc,dSPM,-5,-10,0.9694490638584193,0.8968187976711863,0.072630266187233,win
auc_tie_corrected,An_auc,dSPM,-5,-5,0.9707949115984988,0.9148720527370791,0.05592285886141979,win
auc_tie_corrected,An_auc,dSPM,-5,0,0.9701572075827777,0.9287981803119844,0.041359027270793325,win
auc_tie_corrected,An_auc,dSPM,-5,5,0.9643611862842325,0.9409589711531499,0.02340221513108265,win
auc_tie_corrected,An_auc,dSPM,-5,10,0.9600162572875274,0.9401793413424796,0.019836915945047773,win
auc_tie_corrected,An_auc,dSPM,-5,15,0.9620391208010692,0.9418672699530063,0.020171850848062944,win
auc_tie_corrected,An_auc,dSPM,-5,20,0.9558985641940829,0.9406569419561946,0.015241622237888275,win
auc_tie_corrected,An_auc,dSPM,0,-10,0.9714652885564108,0.9107484934567776,0.060716795099633236,win
auc_tie_corrected,An_auc,dSPM,0,-5,0.9786225137999071,0.9254449542289264,0.05317755957098069,win
auc_tie_corrected,An_auc,dSPM,0,0,0.9730742153561448,0.9357966814948334,0.037277533861311385,win
auc_tie_corrected,An_auc,dSPM,0,5,0.9724575100801544,0.9430785128550736,0.02937899722508075,win
auc_tie_corrected,An_auc,dSPM,0,10,0.9663900507367749,0.94320999304935,0.023180057687424815,win
auc_tie_corrected,An_auc,dSPM,0,15,0.9618726236019073,0.9447778726896083,0.01709475091229895,win
auc_tie_corrected,An_auc,dSPM,0,20,0.9574695324947682,0.9420039244685803,0.015465608026187905,win
auc_tie_corrected,An_auc,dSPM,5,-10,0.9720267684549251,0.9220134716706168,0.050013296784308325,win
auc_tie_corrected,An_auc,dSPM,5,-5,0.9758174269322173,0.9317822395622246,0.04403518736999268,win
auc_tie_corrected,An_auc,dSPM,5,0,0.9770801767733162,0.9403020376133614,0.03677813915995476,win
auc_tie_corrected,An_auc,dSPM,5,5,0.9744125489097935,0.9438900765822841,0.030522472327509376,win
auc_tie_corrected,An_auc,dSPM,5,10,0.9697400582479868,0.9486317026086082,0.02110835563937863,win
auc_tie_corrected,An_auc,dSPM,5,15,0.9643694261224045,0.9478626068754715,0.01650681924693298,win
auc_tie_corrected,An_auc,dSPM,5,20,0.9633911523737921,0.9452304764246631,0.018160675949129068,win
auc_tie_corrected,An_auc,dSPM,10,-10,0.967003089126867,0.9288412617091057,0.03816182741776131,win
auc_tie_corrected,An_auc,dSPM,10,-5,0.9740202589816831,0.935907855096074,0.0381124038856091,win
auc_tie_corrected,An_auc,dSPM,10,0,0.9755767990670356,0.9406198547370399,0.03495694432999574,win
auc_tie_corrected,An_auc,dSPM,10,5,0.9816150219014919,0.9458575369938083,0.0357574849076836,win
auc_tie_corrected,An_auc,dSPM,10,10,0.9745960653967717,0.9488646312243915,0.02573143417238022,win
auc_tie_corrected,An_auc,dSPM,10,15,0.974441203676147,0.9499812910258139,0.024459912650333093,win
auc_tie_corrected,An_auc,dSPM,10,20,0.9691470339495634,0.9488987881953406,0.020248245754222793,win
auc_tie_corrected,An_auc,dSPM,15,-10,0.9652377237144084,0.9297575399148325,0.03548018379957596,win
auc_tie_corrected,An_auc,dSPM,15,-5,0.9689539181899471,0.9350721929754957,0.03388172521445143,win
auc_tie_corrected,An_auc,dSPM,15,0,0.9689872513237746,0.9395636762440829,0.029423575079691733,win
auc_tie_corrected,An_auc,dSPM,15,5,0.9782160035280755,0.9436867957933653,0.03452920773471013,win
auc_tie_corrected,An_auc,dSPM,15,10,0.9827812757410788,0.9475345592617641,0.035246716479314655,win
auc_tie_corrected,An_auc,dSPM,15,15,0.9784496745210487,0.9493256821444627,0.029123992376586028,win
auc_tie_corrected,An_auc,dSPM,15,20,0.9691752487638684,0.9510643627283624,0.018110886035506035,win
auc_tie_corrected,An_auc,dSPM,20,-10,0.9659730607114867,0.9269799986119708,0.03899306209951592,win
auc_tie_corrected,An_auc,dSPM,20,-5,0.9661111949512151,0.932466168337622,0.03364502661359314,win
auc_tie_corrected,An_auc,dSPM,20,0,0.9693970854276344,0.9369751532785309,0.032421932149103494,win
auc_tie_corrected,An_auc,dSPM,20,5,0.9719562724758279,0.940618297160317,0.03133797531551097,win
auc_tie_corrected,An_auc,dSPM,20,10,0.9798996204093227,0.9443649022933714,0.035534718115951214,win
auc_tie_corrected,An_auc,dSPM,20,15,0.9821121279388821,0.9470629115804783,0.035049216358403856,win
auc_tie_corrected,An_auc,dSPM,20,20,0.9748675843938797,0.9497793341724988,0.025088250221380837,win
auc_tie_corrected,An_auc,sLORETA,-10,-10,0.966418393692667,0.7867301433693406,0.17968825032332647,win
auc_tie_corrected,An_auc,sLORETA,-10,-5,0.9609055251466245,0.8156147791756805,0.14529074597094405,win
auc_tie_corrected,An_auc,sLORETA,-10,0,0.9616233689343496,0.8514400601764056,0.11018330875794402,win
auc_tie_corrected,An_auc,sLORETA,-10,5,0.955369519992614,0.8842540162698692,0.07111550372274478,win
auc_tie_corrected,An_auc,sLORETA,-10,10,0.9560313051165774,0.9127720439315025,0.04325926118507495,win
auc_tie_corrected,An_auc,sLORETA,-10,15,0.9559655662396762,0.925657437603455,0.030308128636221232,win
auc_tie_corrected,An_auc,sLORETA,-10,20,0.9551368395072867,0.9286916139906328,0.026445225516653847,win
auc_tie_corrected,An_auc,sLORETA,-5,-10,0.9694490638584193,0.8352516814498804,0.13419738240853896,win
auc_tie_corrected,An_auc,sLORETA,-5,-5,0.9707949115984988,0.8594698772225601,0.11132503437593877,win
auc_tie_corrected,An_auc,sLORETA,-5,0,0.9701572075827777,0.8845143765895709,0.0856428309932068,win
auc_tie_corrected,An_auc,sLORETA,-5,5,0.9643611862842325,0.9041073356117523,0.060253850672480236,win
auc_tie_corrected,An_auc,sLORETA,-5,10,0.9600162572875274,0.9198186548759253,0.040197602411602085,win
auc_tie_corrected,An_auc,sLORETA,-5,15,0.9620391208010692,0.9282377169341346,0.03380140386693464,win
auc_tie_corrected,An_auc,sLORETA,-5,20,0.9558985641940829,0.9311461657529527,0.024752398441130197,win
auc_tie_corrected,An_auc,sLORETA,0,-10,0.9714652885564108,0.8758214333225169,0.09564385523389385,win
auc_tie_corrected,An_auc,sLORETA,0,-5,0.9786225137999071,0.8989978179096205,0.07962469589028653,win
auc_tie_corrected,An_auc,sLORETA,0,0,0.9730742153561448,0.9109044168347528,0.06216979852139204,win
auc_tie_corrected,An_auc,sLORETA,0,5,0.9724575100801544,0.9209983489123933,0.05145916116776106,win
auc_tie_corrected,An_auc,sLORETA,0,10,0.9663900507367749,0.9294406671076728,0.03694938362910205,win
auc_tie_corrected,An_auc,sLORETA,0,15,0.9618726236019073,0.9349073861009379,0.026965237500969352,win
auc_tie_corrected,An_auc,sLORETA,0,20,0.9574695324947682,0.9347809111007771,0.022688621393991082,win
auc_tie_corrected,An_auc,sLORETA,5,-10,0.9720267684549251,0.9041744788168083,0.06785228963811674,win
auc_tie_corrected,An_auc,sLORETA,5,-5,0.9758174269322173,0.9201052530889002,0.05571217384331706,win
auc_tie_corrected,An_auc,sLORETA,5,0,0.9770801767733162,0.9304510750718684,0.04662910170144774,win
auc_tie_corrected,An_auc,sLORETA,5,5,0.9744125489097935,0.9342233190301801,0.040189229879613375,win
auc_tie_corrected,An_auc,sLORETA,5,10,0.9697400582479868,0.9378087566678815,0.031931301580105265,win
auc_tie_corrected,An_auc,sLORETA,5,15,0.9643694261224045,0.9391675673762968,0.025201858746107697,win
auc_tie_corrected,An_auc,sLORETA,5,20,0.9633911523737921,0.9389902707768202,0.024400881596971957,win
auc_tie_corrected,An_auc,sLORETA,10,-10,0.967003089126867,0.9219740125293716,0.04502907659749544,win
auc_tie_corrected,An_auc,sLORETA,10,-5,0.9740202589816831,0.9320322730422927,0.04198798593939035,win
auc_tie_corrected,An_auc,sLORETA,10,0,0.9755767990670356,0.9386007477019767,0.03697605136505899,win
auc_tie_corrected,An_auc,sLORETA,10,5,0.9816150219014919,0.9438303811986709,0.03778464070282095,win
auc_tie_corrected,An_auc,sLORETA,10,10,0.9745960653967717,0.9437860590662387,0.03081000633053299,win
auc_tie_corrected,An_auc,sLORETA,10,15,0.974441203676147,0.9432536931858237,0.0311875104903232,win
auc_tie_corrected,An_auc,sLORETA,10,20,0.9691470339495634,0.942938978235384,0.02620805571417939,win
auc_tie_corrected,An_auc,sLORETA,15,-10,0.9652377237144084,0.9307183466886084,0.03451937702579999,win
auc_tie_corrected,An_auc,sLORETA,15,-5,0.9689539181899471,0.9367947033762525,0.03215921481369466,win
auc_tie_corrected,An_auc,sLORETA,15,0,0.9689872513237746,0.9416039564932784,0.027383294830496174,win
auc_tie_corrected,An_auc,sLORETA,15,5,0.9782160035280755,0.9463587734660771,0.031857230061998365,win
auc_tie_corrected,An_auc,sLORETA,15,10,0.9827812757410788,0.9476785939020482,0.035102681839030536,win
auc_tie_corrected,An_auc,sLORETA,15,15,0.9784496745210487,0.9466496370699123,0.031800037451136354,win
auc_tie_corrected,An_auc,sLORETA,15,20,0.9691752487638684,0.94533410744158,0.02384114132228843,win
auc_tie_corrected,An_auc,sLORETA,20,-10,0.9659730607114867,0.9351880725496599,0.030784988161826843,win
auc_tie_corrected,An_auc,sLORETA,20,-5,0.9661111949512151,0.9377040800709454,0.0284071148802697,win
auc_tie_corrected,An_auc,sLORETA,20,0,0.9693970854276344,0.9413081166865422,0.028088968741092124,win
auc_tie_corrected,An_auc,sLORETA,20,5,0.9719562724758279,0.9456944044717649,0.02626186800406305,win
auc_tie_corrected,An_auc,sLORETA,20,10,0.9798996204093227,0.949174778976968,0.030724841432354655,win
auc_tie_corrected,An_auc,sLORETA,20,15,0.9821121279388821,0.9488230189297067,0.03328910900917548,win
auc_tie_corrected,An_auc,sLORETA,20,20,0.9748675843938797,0.947529930341438,0.027337654052441707,win
auc_tie_corrected,An_auc,eLORETA,-10,-10,0.966418393692667,0.7937333895201053,0.17268500417256172,win
auc_tie_corrected,An_auc,eLORETA,-10,-5,0.9609055251466245,0.8624819654080915,0.098423559738533,win
auc_tie_corrected,An_auc,eLORETA,-10,0,0.9616233689343496,0.917233750045915,0.04438961888843462,win
auc_tie_corrected,An_auc,eLORETA,-10,5,0.955369519992614,0.9397710983559872,0.015598421636626836,win
auc_tie_corrected,An_auc,eLORETA,-10,10,0.9560313051165774,0.9454286403064249,0.010602664810152485,win
auc_tie_corrected,An_auc,eLORETA,-10,15,0.9559655662396762,0.9458625946575192,0.010102971582157005,win
auc_tie_corrected,An_auc,eLORETA,-10,20,0.9551368395072867,0.9444015010450711,0.010735338462215527,win
auc_tie_corrected,An_auc,eLORETA,-5,-10,0.9694490638584193,0.8246218336344499,0.14482723022396948,win
auc_tie_corrected,An_auc,eLORETA,-5,-5,0.9707949115984988,0.8750140811485521,0.09578083044994679,win
auc_tie_corrected,An_auc,eLORETA,-5,0,0.9701572075827777,0.920084585051526,0.050072622531251665,win
auc_tie_corrected,An_auc,eLORETA,-5,5,0.9643611862842325,0.9442128700039455,0.020148316280287015,win
auc_tie_corrected,An_auc,eLORETA,-5,10,0.9600162572875274,0.9488882204537269,0.011128036833800481,win
auc_tie_corrected,An_auc,eLORETA,-5,15,0.9620391208010692,0.9475027067500839,0.01453641405098538,win
auc_tie_corrected,An_auc,eLORETA,-5,20,0.9558985641940829,0.9457383426351654,0.010160221558917493,win
auc_tie_corrected,An_auc,eLORETA,0,-10,0.9714652885564108,0.8645864490810309,0.1068788394753799,win
auc_tie_corrected,An_auc,eLORETA,0,-5,0.9786225137999071,0.8990045983948052,0.07961791540510188,win
auc_tie_corrected,An_auc,eLORETA,0,0,0.9730742153561448,0.9260699169975083,0.04700429835863651,win
auc_tie_corrected,An_auc,eLORETA,0,5,0.9724575100801544,0.943570242252682,0.028887267827472307,win
auc_tie_corrected,An_auc,eLORETA,0,10,0.9663900507367749,0.9505382251241639,0.015851825612611004,win
auc_tie_corrected,An_auc,eLORETA,0,15,0.9618726236019073,0.9514019268060561,0.01047069679585122,win
auc_tie_corrected,An_auc,eLORETA,0,20,0.9574695324947682,0.9475852893231733,0.009884243171594864,win
auc_tie_corrected,An_auc,eLORETA,5,-10,0.9720267684549251,0.9022094031086985,0.06981736534622662,win
auc_tie_corrected,An_auc,eLORETA,5,-5,0.9758174269322173,0.9194776518309984,0.0563397751012189,win
auc_tie_corrected,An_auc,eLORETA,5,0,0.9770801767733162,0.936359146854232,0.040721029919084106,win
auc_tie_corrected,An_auc,eLORETA,5,5,0.9744125489097935,0.9456853632997043,0.028727185610089134,win
auc_tie_corrected,An_auc,eLORETA,5,10,0.9697400582479868,0.9522551071296322,0.017484951118354575,win
auc_tie_corrected,An_auc,eLORETA,5,15,0.9643694261224045,0.9525891327362499,0.011780293386154606,win
auc_tie_corrected,An_auc,eLORETA,5,20,0.9633911523737921,0.9509250546203167,0.012466097753475402,win
auc_tie_corrected,An_auc,eLORETA,10,-10,0.967003089126867,0.9260461797717776,0.040956909355089444,win
auc_tie_corrected,An_auc,eLORETA,10,-5,0.9740202589816831,0.9344437039538718,0.03957655502781132,win
auc_tie_corrected,An_auc,eLORETA,10,0,0.9755767990670356,0.9425747271840081,0.033002071883027506,win
auc_tie_corrected,An_auc,eLORETA,10,5,0.9816150219014919,0.9495243487709877,0.03209067313050418,win
auc_tie_corrected,An_auc,eLORETA,10,10,0.9745960653967717,0.9528580893878256,0.021737976008946114,win
auc_tie_corrected,An_auc,eLORETA,10,15,0.974441203676147,0.9546202393860577,0.019820964290089282,win
auc_tie_corrected,An_auc,eLORETA,10,20,0.9691470339495634,0.9542675079429087,0.014879526006654653,win
auc_tie_corrected,An_auc,eLORETA,15,-10,0.9652377237144084,0.9370052927437205,0.02823243097068795,win
auc_tie_corrected,An_auc,eLORETA,15,-5,0.9689539181899471,0.9408269632870423,0.028126954902904844,win
auc_tie_corrected,An_auc,eLORETA,15,0,0.9689872513237746,0.9451435724617693,0.023843678862005335,win
auc_tie_corrected,An_auc,eLORETA,15,5,0.9782160035280755,0.9505790106025288,0.027636992925546666,win
auc_tie_corrected,An_auc,eLORETA,15,10,0.9827812757410788,0.9540477061519583,0.028733569589120433,win
auc_tie_corrected,An_auc,eLORETA,15,15,0.9784496745210487,0.9547005797606628,0.02374909476038589,win
auc_tie_corrected,An_auc,eLORETA,15,20,0.9691752487638684,0.9558475155672609,0.013327733196607516,win
auc_tie_corrected,An_auc,eLORETA,20,-10,0.9659730607114867,0.9390659932547947,0.026907067456692024,win
auc_tie_corrected,An_auc,eLORETA,20,-5,0.9661111949512151,0.9424088992827278,0.02370229566848736,win
auc_tie_corrected,An_auc,eLORETA,20,0,0.9693970854276344,0.9451252590677592,0.024271826359875126,win
auc_tie_corrected,An_auc,eLORETA,20,5,0.9719562724758279,0.9493937233390569,0.022562549136771026,win
auc_tie_corrected,An_auc,eLORETA,20,10,0.9798996204093227,0.9528444356191896,0.027055184790133024,win
auc_tie_corrected,An_auc,eLORETA,20,15,0.9821121279388821,0.955550535087915,0.026561592850967153,win
auc_tie_corrected,An_auc,eLORETA,20,20,0.9748675843938797,0.9557281411078398,0.019139443286039892,win
auc_tie_corrected,An_auc,LCMV,-10,-10,0.966418393692667,0.7305669849116181,0.23585140878104893,win
auc_tie_corrected,An_auc,LCMV,-10,-5,0.9609055251466245,0.7416699875428556,0.2192355376037689,win
auc_tie_corrected,An_auc,LCMV,-10,0,0.9616233689343496,0.7505553026275099,0.21106806630683972,win
auc_tie_corrected,An_auc,LCMV,-10,5,0.955369519992614,0.7576314567350095,0.19773806325760446,win
auc_tie_corrected,An_auc,LCMV,-10,10,0.9560313051165774,0.7606485708192747,0.19538273429730268,win
auc_tie_corrected,An_auc,LCMV,-10,15,0.9559655662396762,0.7627424173252532,0.19322314891442305,win
auc_tie_corrected,An_auc,LCMV,-10,20,0.9551368395072867,0.7629805495565918,0.1921562899506949,win
auc_tie_corrected,An_auc,LCMV,-5,-10,0.9694490638584193,0.7443738377055439,0.22507522615287545,win
auc_tie_corrected,An_auc,LCMV,-5,-5,0.9707949115984988,0.7457782373461124,0.22501667425238647,win
auc_tie_corrected,An_auc,LCMV,-5,0,0.9701572075827777,0.7528035320747922,0.21735367550798546,win
auc_tie_corrected,An_auc,LCMV,-5,5,0.9643611862842325,0.7568888572588193,0.20747232902541324,win
auc_tie_corrected,An_auc,LCMV,-5,10,0.9600162572875274,0.7604628569695188,0.1995534003180086,win
auc_tie_corrected,An_auc,LCMV,-5,15,0.9620391208010692,0.7632369457813165,0.19880217501975272,win
auc_tie_corrected,An_auc,LCMV,-5,20,0.9558985641940829,0.7633234404110222,0.19257512378306074,win
auc_tie_corrected,An_auc,LCMV,0,-10,0.9714652885564108,0.7536986620759738,0.217766626480437,win
auc_tie_corrected,An_auc,LCMV,0,-5,0.9786225137999071,0.7525535273654178,0.22606898643448925,win
auc_tie_corrected,An_auc,LCMV,0,0,0.9730742153561448,0.7554589809044018,0.21761523445174302,win
auc_tie_corrected,An_auc,LCMV,0,5,0.9724575100801544,0.7578717615930279,0.21458574848712642,win
auc_tie_corrected,An_auc,LCMV,0,10,0.9663900507367749,0.7608256539499234,0.20556439678685146,win
auc_tie_corrected,An_auc,LCMV,0,15,0.9618726236019073,0.7624081589056204,0.19946446469628687,win
auc_tie_corrected,An_auc,LCMV,0,20,0.9574695324947682,0.7624993817272434,0.19497015076752477,win
auc_tie_corrected,An_auc,LCMV,5,-10,0.9720267684549251,0.7579543164645409,0.21407245199038416,win
auc_tie_corrected,An_auc,LCMV,5,-5,0.9758174269322173,0.7579551255348752,0.21786230139734208,win
auc_tie_corrected,An_auc,LCMV,5,0,0.9770801767733162,0.7580041404253796,0.2190760363479366,win
auc_tie_corrected,An_auc,LCMV,5,5,0.9744125489097935,0.758518749417364,0.21589379949242948,win
auc_tie_corrected,An_auc,LCMV,5,10,0.9697400582479868,0.7597641799369053,0.20997587831108155,win
auc_tie_corrected,An_auc,LCMV,5,15,0.9643694261224045,0.7617320309549731,0.2026373951674314,win
auc_tie_corrected,An_auc,LCMV,5,20,0.9633911523737921,0.7631793244374492,0.20021182793634296,win
auc_tie_corrected,An_auc,LCMV,10,-10,0.967003089126867,0.7609288538347339,0.2060742352921332,win
auc_tie_corrected,An_auc,LCMV,10,-5,0.9740202589816831,0.7616957075714655,0.21232455141021755,win
auc_tie_corrected,An_auc,LCMV,10,0,0.9755767990670356,0.7592803221451809,0.21629647692185472,win
auc_tie_corrected,An_auc,LCMV,10,5,0.9816150219014919,0.7586710822099103,0.22294393969158155,win
auc_tie_corrected,An_auc,LCMV,10,10,0.9745960653967717,0.7586411084205138,0.21595495697625788,win
auc_tie_corrected,An_auc,LCMV,10,15,0.974441203676147,0.7605262372101027,0.21391496646604424,win
auc_tie_corrected,An_auc,LCMV,10,20,0.9691470339495634,0.7619565342505222,0.20719049969904113,win
auc_tie_corrected,An_auc,LCMV,15,-10,0.9652377237144084,0.7622319539915755,0.2030057697228329,win
auc_tie_corrected,An_auc,LCMV,15,-5,0.9689539181899471,0.7623357611198165,0.20661815707013065,win
auc_tie_corrected,An_auc,LCMV,15,0,0.9689872513237746,0.760648607725018,0.20833864359875665,win
auc_tie_corrected,An_auc,LCMV,15,5,0.9782160035280755,0.7612436074800509,0.21697239604802454,win
auc_tie_corrected,An_auc,LCMV,15,10,0.9827812757410788,0.7595312477749272,0.22325002796615157,win
auc_tie_corrected,An_auc,LCMV,15,15,0.9784496745210487,0.7601432947213853,0.21830637979966339,win
auc_tie_corrected,An_auc,LCMV,15,20,0.9691752487638684,0.7601899412015571,0.20898530756231126,win
auc_tie_corrected,An_auc,LCMV,20,-10,0.9659730607114867,0.7633169669128327,0.202656093798654,win
auc_tie_corrected,An_auc,LCMV,20,-5,0.9661111949512151,0.761798144698681,0.2043130502525341,win
auc_tie_corrected,An_auc,LCMV,20,0,0.9693970854276344,0.7626250455605741,0.20677203986706028,win
auc_tie_corrected,An_auc,LCMV,20,5,0.9719562724758279,0.7605073760504265,0.21144889642540143,win
auc_tie_corrected,An_auc,LCMV,20,10,0.9798996204093227,0.7593236079454998,0.22057601246382286,win
auc_tie_corrected,An_auc,LCMV,20,15,0.9821121279388821,0.7591863846672002,0.2229257432716819,win
auc_tie_corrected,An_auc,LCMV,20,20,0.9748675843938797,0.7597133508152919,0.21515423357858776,win
auc_tie_corrected,An_auc,Dipole fitting (grid),-10,-10,0.966418393692667,0.6382291660520922,0.3281892276405748,win
auc_tie_corrected,An_auc,Dipole fitting (grid),-10,-5,0.9609055251466245,0.6409020524000701,0.3200034727465544,win
auc_tie_corrected,An_auc,Dipole fitting (grid),-10,0,0.9616233689343496,0.6438893342420948,0.3177340346922548,win
auc_tie_corrected,An_auc,Dipole fitting (grid),-10,5,0.955369519992614,0.6423940500501505,0.3129754699424635,win
auc_tie_corrected,An_auc,Dipole fitting (grid),-10,10,0.9560313051165774,0.6435145062875438,0.3125167988290336,win
auc_tie_corrected,An_auc,Dipole fitting (grid),-10,15,0.9559655662396762,0.6424810927131314,0.31348447352654485,win
auc_tie_corrected,An_auc,Dipole fitting (grid),-10,20,0.9551368395072867,0.642385038802741,0.31275180070454567,win
auc_tie_corrected,An_auc,Dipole fitting (grid),-5,-10,0.9694490638584193,0.623942642781411,0.34550642107700835,win
auc_tie_corrected,An_auc,Dipole fitting (grid),-5,-5,0.9707949115984988,0.6417492026790806,0.3290457089194182,win
auc_tie_corrected,An_auc,Dipole fitting (grid),-5,0,0.9701572075827777,0.6429516278290308,0.32720557975374687,win
auc_tie_corrected,An_auc,Dipole fitting (grid),-5,5,0.9643611862842325,0.6445092194528707,0.31985196683136186,win
auc_tie_corrected,An_auc,Dipole fitting (grid),-5,10,0.9600162572875274,0.6434846951568227,0.31653156213070466,win
auc_tie_corrected,An_auc,Dipole fitting (grid),-5,15,0.9620391208010692,0.6429895214009851,0.31904959940008415,win
auc_tie_corrected,An_auc,Dipole fitting (grid),-5,20,0.9558985641940829,0.6420538577127001,0.31384470648138285,win
auc_tie_corrected,An_auc,Dipole fitting (grid),0,-10,0.9714652885564108,0.6391257979750411,0.3323394905813697,win
auc_tie_corrected,An_auc,Dipole fitting (grid),0,-5,0.9786225137999071,0.6421149816458501,0.33650753215405693,win
auc_tie_corrected,An_auc,Dipole fitting (grid),0,0,0.9730742153561448,0.6427954515047266,0.3302787638514182,win
auc_tie_corrected,An_auc,Dipole fitting (grid),0,5,0.9724575100801544,0.6457109999618282,0.3267465101183261,win
auc_tie_corrected,An_auc,Dipole fitting (grid),0,10,0.9663900507367749,0.6445546984436206,0.3218353522931543,win
auc_tie_corrected,An_auc,Dipole fitting (grid),0,15,0.9618726236019073,0.6442290745286599,0.31764354907324743,win
auc_tie_corrected,An_auc,Dipole fitting (grid),0,20,0.9574695324947682,0.6425236219189517,0.31494591057581645,win
auc_tie_corrected,An_auc,Dipole fitting (grid),5,-10,0.9720267684549251,0.6397921859202094,0.3322345825347157,win
auc_tie_corrected,An_auc,Dipole fitting (grid),5,-5,0.9758174269322173,0.6429218135763269,0.33289561335589035,win
auc_tie_corrected,An_auc,Dipole fitting (grid),5,0,0.9770801767733162,0.6448247124234878,0.33225546434982833,win
auc_tie_corrected,An_auc,Dipole fitting (grid),5,5,0.9744125489097935,0.6462494405277686,0.3281631083820249,win
auc_tie_corrected,An_auc,Dipole fitting (grid),5,10,0.9697400582479868,0.6464556321587691,0.3232844260892177,win
auc_tie_corrected,An_auc,Dipole fitting (grid),5,15,0.9643694261224045,0.6449175199955822,0.3194519061268223,win
auc_tie_corrected,An_auc,Dipole fitting (grid),5,20,0.9633911523737921,0.6437699443479934,0.31962120802579874,win
auc_tie_corrected,An_auc,Dipole fitting (grid),10,-10,0.967003089126867,0.6405964489710979,0.32640664015576915,win
auc_tie_corrected,An_auc,Dipole fitting (grid),10,-5,0.9740202589816831,0.6412299742415523,0.33279028474013084,win
auc_tie_corrected,An_auc,Dipole fitting (grid),10,0,0.9755767990670356,0.6448875848728812,0.3306892141941544,win
auc_tie_corrected,An_auc,Dipole fitting (grid),10,5,0.9816150219014919,0.6459357166681601,0.3356793052333318,win
auc_tie_corrected,An_auc,Dipole fitting (grid),10,10,0.9745960653967717,0.6463351460149604,0.32826091938181123,win
auc_tie_corrected,An_auc,Dipole fitting (grid),10,15,0.974441203676147,0.6466350040349159,0.32780619964123103,win
auc_tie_corrected,An_auc,Dipole fitting (grid),10,20,0.9691470339495634,0.645813195261298,0.3233338386882654,win
auc_tie_corrected,An_auc,Dipole fitting (grid),15,-10,0.9652377237144084,0.6403696568592654,0.324868066855143,win
auc_tie_corrected,An_auc,Dipole fitting (grid),15,-5,0.9689539181899471,0.6412144166379965,0.32773950155195064,win
auc_tie_corrected,An_auc,Dipole fitting (grid),15,0,0.9689872513237746,0.642875607470567,0.32611164385320757,win
auc_tie_corrected,An_auc,Dipole fitting (grid),15,5,0.9782160035280755,0.6446580903805639,0.3335579131475116,win
auc_tie_corrected,An_auc,Dipole fitting (grid),15,10,0.9827812757410788,0.646295377346908,0.33648589839417076,win
auc_tie_corrected,An_auc,Dipole fitting (grid),15,15,0.9784496745210487,0.6464305724622462,0.3320191020588025,win
auc_tie_corrected,An_auc,Dipole fitting (grid),15,20,0.9691752487638684,0.645684469039623,0.32349077972424545,win
auc_tie_corrected,An_auc,Dipole fitting (grid),20,-10,0.9659730607114867,0.6392465611765283,0.32672649953495836,win
auc_tie_corrected,An_auc,Dipole fitting (grid),20,-5,0.9661111949512151,0.6404892646502753,0.3256219303009398,win
auc_tie_corrected,An_auc,Dipole fitting (grid),20,0,0.9693970854276344,0.6407344526753052,0.3286626327523292,win
auc_tie_corrected,An_auc,Dipole fitting (grid),20,5,0.9719562724758279,0.6422887782855476,0.3296674941902803,win
auc_tie_corrected,An_auc,Dipole fitting (grid),20,10,0.9798996204093227,0.6443419410064695,0.3355576794028532,win
auc_tie_corrected,An_auc,Dipole fitting (grid),20,15,0.9821121279388821,0.6455221518185289,0.33658997612035324,win
auc_tie_corrected,An_auc,Dipole fitting (grid),20,20,0.9748675843938797,0.6458659902652572,0.3290015941286225,win
auc_tie_corrected,An_auc,RAP-MUSIC,-10,-10,0.966418393692667,0.6306689295496757,0.33574946414299134,win
auc_tie_corrected,An_auc,RAP-MUSIC,-10,-5,0.9609055251466245,0.6421005875117014,0.3188049376349231,win
auc_tie_corrected,An_auc,RAP-MUSIC,-10,0,0.9616233689343496,0.6470762035722254,0.31454716536212424,win
auc_tie_corrected,An_auc,RAP-MUSIC,-10,5,0.955369519992614,0.6504689186040838,0.30490060138853015,win
auc_tie_corrected,An_auc,RAP-MUSIC,-10,10,0.9560313051165774,0.6505746930156411,0.30545661210093633,win
auc_tie_corrected,An_auc,RAP-MUSIC,-10,15,0.9559655662396762,0.6501374900437873,0.3058280761958889,win
auc_tie_corrected,An_auc,RAP-MUSIC,-10,20,0.9551368395072867,0.6498016492917389,0.3053351902155478,win
auc_tie_corrected,An_auc,RAP-MUSIC,-5,-10,0.9694490638584193,0.6411419057852054,0.328307158073214,win
auc_tie_corrected,An_auc,RAP-MUSIC,-5,-5,0.9707949115984988,0.643465761898594,0.3273291496999049,win
auc_tie_corrected,An_auc,RAP-MUSIC,-5,0,0.9701572075827777,0.6473950101486446,0.32276219743413304,win
auc_tie_corrected,An_auc,RAP-MUSIC,-5,5,0.9643611862842325,0.6508970280424641,0.31346415824176843,win
auc_tie_corrected,An_auc,RAP-MUSIC,-5,10,0.9600162572875274,0.6516102732988838,0.3084059839886436,win
auc_tie_corrected,An_auc,RAP-MUSIC,-5,15,0.9620391208010692,0.65167079415532,0.3103683266457492,win
auc_tie_corrected,An_auc,RAP-MUSIC,-5,20,0.9558985641940829,0.6495875263417666,0.3063110378523163,win
auc_tie_corrected,An_auc,RAP-MUSIC,0,-10,0.9714652885564108,0.6408487022968774,0.3306165862595334,win
auc_tie_corrected,An_auc,RAP-MUSIC,0,-5,0.9786225137999071,0.6445938201866231,0.3340286936132839,win
auc_tie_corrected,An_auc,RAP-MUSIC,0,0,0.9730742153561448,0.6475884237694516,0.3254857915866932,win
auc_tie_corrected,An_auc,RAP-MUSIC,0,5,0.9724575100801544,0.652964237641342,0.3194932724388123,win
auc_tie_corrected,An_auc,RAP-MUSIC,0,10,0.9663900507367749,0.6533815925559849,0.31300845818078993,win
auc_tie_corrected,An_auc,RAP-MUSIC,0,15,0.9618726236019073,0.6525330376578923,0.309339585944015,win
auc_tie_corrected,An_auc,RAP-MUSIC,0,20,0.9574695324947682,0.6512648347702475,0.30620469772452064,win
auc_tie_corrected,An_auc,RAP-MUSIC,5,-10,0.9720267684549251,0.6414692239185456,0.33055754453637953,win
auc_tie_corrected,An_auc,RAP-MUSIC,5,-5,0.9758174269322173,0.64674483767993,0.32907258925228733,win
auc_tie_corrected,An_auc,RAP-MUSIC,5,0,0.9770801767733162,0.6501756799894698,0.32690449678384637,win
auc_tie_corrected,An_auc,RAP-MUSIC,5,5,0.9744125489097935,0.6528013205071218,0.32161122840267165,win
auc_tie_corrected,An_auc,RAP-MUSIC,5,10,0.9697400582479868,0.6534345575394586,0.31630550070852825,win
auc_tie_corrected,An_auc,RAP-MUSIC,5,15,0.9643694261224045,0.6532345388782816,0.31113488724412286,win
auc_tie_corrected,An_auc,RAP-MUSIC,5,20,0.9633911523737921,0.6515696935082088,0.3118214588655833,win
auc_tie_corrected,An_auc,RAP-MUSIC,10,-10,0.967003089126867,0.6468539760321335,0.3201491130947336,win
auc_tie_corrected,An_auc,RAP-MUSIC,10,-5,0.9740202589816831,0.6468615960720493,0.3271586629096338,win
auc_tie_corrected,An_auc,RAP-MUSIC,10,0,0.9755767990670356,0.6496746480693442,0.3259021509976915,win
auc_tie_corrected,An_auc,RAP-MUSIC,10,5,0.9816150219014919,0.6534884917047546,0.3281265301967372,win
auc_tie_corrected,An_auc,RAP-MUSIC,10,10,0.9745960653967717,0.6529500286009657,0.32164603679580595,win
auc_tie_corrected,An_auc,RAP-MUSIC,10,15,0.974441203676147,0.6535297037924395,0.3209114998837075,win
auc_tie_corrected,An_auc,RAP-MUSIC,10,20,0.9691470339495634,0.6538847486887116,0.31526228526085176,win
auc_tie_corrected,An_auc,RAP-MUSIC,15,-10,0.9652377237144084,0.647713101356157,0.3175246223582514,win
auc_tie_corrected,An_auc,RAP-MUSIC,15,-5,0.9689539181899471,0.6477637977413044,0.3211901204486427,win
auc_tie_corrected,An_auc,RAP-MUSIC,15,0,0.9689872513237746,0.6496429718471325,0.3193442794766421,win
auc_tie_corrected,An_auc,RAP-MUSIC,15,5,0.9782160035280755,0.6518027707011965,0.32641323282687895,win
auc_tie_corrected,An_auc,RAP-MUSIC,15,10,0.9827812757410788,0.6538060016299277,0.328975274111151,win
auc_tie_corrected,An_auc,RAP-MUSIC,15,15,0.9784496745210487,0.6531956689053461,0.3252540056157026,win
auc_tie_corrected,An_auc,RAP-MUSIC,15,20,0.9691752487638684,0.65497542249617,0.3141998262676984,win
auc_tie_corrected,An_auc,RAP-MUSIC,20,-10,0.9659730607114867,0.6470910880198069,0.31888197269167984,win
auc_tie_corrected,An_auc,RAP-MUSIC,20,-5,0.9661111949512151,0.64922403759345,0.31688715735776507,win
auc_tie_corrected,An_auc,RAP-MUSIC,20,0,0.9693970854276344,0.6487490735851977,0.32064801184243663,win
auc_tie_corrected,An_auc,RAP-MUSIC,20,5,0.9719562724758279,0.6494602346390593,0.3224960378367686,win
auc_tie_corrected,An_auc,RAP-MUSIC,20,10,0.9798996204093227,0.6524811258647581,0.3274184945445645,win
auc_tie_corrected,An_auc,RAP-MUSIC,20,15,0.9821121279388821,0.6541060706464943,0.32800605729238785,win
auc_tie_corrected,An_auc,RAP-MUSIC,20,20,0.9748675843938797,0.6543449012542621,0.3205226831396175,win
auc,Parcel AUC,SISSES,-10,-10,0.9044928512811615,0.6863849913487431,0.21810785993241844,win
auc,Parcel AUC,SISSES,-10,-5,0.9042449631281807,0.7323359079324578,0.17190905519572286,win
auc,Parcel AUC,SISSES,-10,0,0.9229030338031442,0.7940477533265979,0.12885528047654626,win
auc,Parcel AUC,SISSES,-10,5,0.9024999540893575,0.8263467866372566,0.07615316745210088,win
auc,Parcel AUC,SISSES,-10,10,0.9046567845834095,0.8616663792047344,0.042990405378675045,win
auc,Parcel AUC,SISSES,-10,15,0.9101410224313135,0.8778702023952976,0.03227082003601589,win
auc,Parcel AUC,SISSES,-10,20,0.9116742810011209,0.8816231183324621,0.030051162668658815,win
auc,Parcel AUC,SISSES,-5,-10,0.9067147807040408,0.7133962081317294,0.19331857257231133,win
auc,Parcel AUC,SISSES,-5,-5,0.9166679574098985,0.7723598519008603,0.14430810550903816,win
auc,Parcel AUC,SISSES,-5,0,0.931278641703446,0.8182981130576239,0.11298052864582209,win
auc,Parcel AUC,SISSES,-5,5,0.9196294308489874,0.8500833425927252,0.06954608825626218,win
auc,Parcel AUC,SISSES,-5,10,0.909590945349931,0.8745990640771784,0.034991881272752656,win
auc,Parcel AUC,SISSES,-5,15,0.918284767915553,0.8860339438401419,0.03225082407541113,win
auc,Parcel AUC,SISSES,-5,20,0.9085866099895034,0.8903694247156133,0.018217185273890046,win
auc,Parcel AUC,SISSES,0,-10,0.9201388874695388,0.772338716287164,0.14780017118237476,win
auc,Parcel AUC,SISSES,0,-5,0.9269577945338872,0.8070260131678775,0.11993178136600968,win
auc,Parcel AUC,SISSES,0,0,0.935859635571461,0.8390485139371024,0.09681112163435857,win
auc,Parcel AUC,SISSES,0,5,0.9371814668667263,0.8624853752583963,0.07469609160833002,win
auc,Parcel AUC,SISSES,0,10,0.923223940288503,0.8848798234471241,0.03834411684137884,win
auc,Parcel AUC,SISSES,0,15,0.92652831685309,0.8775364229471554,0.048991893905934614,win
auc,Parcel AUC,SISSES,0,20,0.9144988686395794,0.8848861057629823,0.029612762876597087,win
auc,Parcel AUC,SISSES,5,-10,0.9316551519438849,0.8004800266793204,0.13117512526456454,win
auc,Parcel AUC,SISSES,5,-5,0.9333695166041582,0.8266625590734435,0.10670695753071469,win
auc,Parcel AUC,SISSES,5,0,0.9319554002142227,0.8463457875350188,0.08560961267920397,win
auc,Parcel AUC,SISSES,5,5,0.9327727709440798,0.8700148968878465,0.06275787405623334,win
auc,Parcel AUC,SISSES,5,10,0.9366808229520254,0.8950764066755622,0.04160441627646316,win
auc,Parcel AUC,SISSES,5,15,0.9227448501408733,0.8933427467397715,0.02940210340110172,win
auc,Parcel AUC,SISSES,5,20,0.9206641677808424,0.9018671839411341,0.018796983839708292,win
auc,Parcel AUC,SISSES,10,-10,0.9337120804465051,0.8451912302549254,0.08852085019157974,win
auc,Parcel AUC,SISSES,10,-5,0.9430363827242184,0.8535545696636074,0.08948181306061098,win
auc,Parcel AUC,SISSES,10,0,0.946507887621373,0.8703722793840462,0.07613560823732679,win
auc,Parcel AUC,SISSES,10,5,0.9511929678634641,0.8877139708065904,0.06347899705687365,win
auc,Parcel AUC,SISSES,10,10,0.9393252539137118,0.8914619879064671,0.047863266007244665,win
auc,Parcel AUC,SISSES,10,15,0.9424930230088531,0.9014008398026088,0.041092183206244304,win
auc,Parcel AUC,SISSES,10,20,0.9388681075049424,0.9144302569300311,0.024437850574911324,win
auc,Parcel AUC,SISSES,15,-10,0.9169405687843708,0.8681602346451841,0.0487803341391867,win
auc,Parcel AUC,SISSES,15,-5,0.9326714572199404,0.8750059333311481,0.057665523888792314,win
auc,Parcel AUC,SISSES,15,0,0.9339445693547306,0.8839240407835302,0.05002052857120043,win
auc,Parcel AUC,SISSES,15,5,0.9513538037496088,0.8869980472653897,0.0643557564842191,win
auc,Parcel AUC,SISSES,15,10,0.9499587969474369,0.9084616140924348,0.041497182855002146,win
auc,Parcel AUC,SISSES,15,15,0.9439964264247873,0.9095570565351125,0.034439369889674776,win
auc,Parcel AUC,SISSES,15,20,0.9315728197073117,0.9046098828895994,0.026962936817712224,win
auc,Parcel AUC,SISSES,20,-10,0.9223854635821005,0.8734924990672182,0.04889296451488234,win
auc,Parcel AUC,SISSES,20,-5,0.9230099449363329,0.8836733954963405,0.03933654943999243,win
auc,Parcel AUC,SISSES,20,0,0.9341884065754685,0.886153283642017,0.04803512293345158,win
auc,Parcel AUC,SISSES,20,5,0.9362436305330568,0.9044717519021113,0.03177187863094555,win
auc,Parcel AUC,SISSES,20,10,0.9483704158893633,0.9082969459586026,0.040073469930760774,win
auc,Parcel AUC,SISSES,20,15,0.9521575857826132,0.9131219600346124,0.03903562574800079,win
auc,Parcel AUC,SISSES,20,20,0.9433604247874943,0.9114665323719131,0.03189389241558116,win
auc,Parcel AUC,MNE,-10,-10,0.9044928512811615,0.7759124285341398,0.12858042274702175,win
auc,Parcel AUC,MNE,-10,-5,0.9042449631281807,0.7872880368745638,0.11695692625361687,win
auc,Parcel AUC,MNE,-10,0,0.9229030338031442,0.8261874629483759,0.09671557085476834,win
auc,Parcel AUC,MNE,-10,5,0.9024999540893575,0.8763001177040782,0.02619983638527923,win
auc,Parcel AUC,MNE,-10,10,0.9046567845834095,0.9054133565854846,-0.0007565720020751288,loss
auc,Parcel AUC,MNE,-10,15,0.9101410224313135,0.9157906498901104,-0.005649627458796935,loss
auc,Parcel AUC,MNE,-10,20,0.9116742810011209,0.9189288124444216,-0.0072545314433006824,loss
auc,Parcel AUC,MNE,-5,-10,0.9067147807040408,0.8278263921869765,0.07888838851706426,win
auc,Parcel AUC,MNE,-5,-5,0.9166679574098985,0.8465290742072926,0.07013888320260586,win
auc,Parcel AUC,MNE,-5,0,0.931278641703446,0.8654704299359791,0.06580821176746687,win
auc,Parcel AUC,MNE,-5,5,0.9196294308489874,0.8857803738318859,0.0338490570171015,win
auc,Parcel AUC,MNE,-5,10,0.909590945349931,0.906080929655434,0.0035100156944970484,win
auc,Parcel AUC,MNE,-5,15,0.918284767915553,0.9153524795166745,0.002932288398878491,win
auc,Parcel AUC,MNE,-5,20,0.9085866099895034,0.9192016467976135,-0.010615036808110156,loss
auc,Parcel AUC,MNE,0,-10,0.9201388874695388,0.8378959846438572,0.08224290282568159,win
auc,Parcel AUC,MNE,0,-5,0.9269577945338872,0.8830446529537017,0.043913141580185444,win
auc,Parcel AUC,MNE,0,0,0.935859635571461,0.8976837349984542,0.038175900573006794,win
auc,Parcel AUC,MNE,0,5,0.9371814668667263,0.9032744765933638,0.033906990273362525,win
auc,Parcel AUC,MNE,0,10,0.923223940288503,0.9125210594365291,0.010702880851973906,win
auc,Parcel AUC,MNE,0,15,0.92652831685309,0.9194944542227996,0.007033862630290377,win
auc,Parcel AUC,MNE,0,20,0.9144988686395794,0.920871228812558,-0.006372360172978597,loss
auc,Parcel AUC,MNE,5,-10,0.9316551519438849,0.8396786219081598,0.09197653003572515,win
auc,Parcel AUC,MNE,5,-5,0.9333695166041582,0.8852266350622994,0.04814288154185886,win
auc,Parcel AUC,MNE,5,0,0.9319554002142227,0.9137525446523136,0.018202855561909148,win
auc,Parcel AUC,MNE,5,5,0.9327727709440798,0.9200869907559373,0.012685780188142592,win
auc,Parcel AUC,MNE,5,10,0.9366808229520254,0.9220379272604458,0.014642895691579616,win
auc,Parcel AUC,MNE,5,15,0.9227448501408733,0.9215309669676536,0.0012138831732196875,win
auc,Parcel AUC,MNE,5,20,0.9206641677808424,0.9227597776144222,-0.0020956098335798146,loss
auc,Parcel AUC,MNE,10,-10,0.9337120804465051,0.8546584508574162,0.0790536295890889,win
auc,Parcel AUC,MNE,10,-5,0.9430363827242184,0.8861214314542247,0.056914951269993685,win
auc,Parcel AUC,MNE,10,0,0.946507887621373,0.9129997372587558,0.03350815036261712,win
auc,Parcel AUC,MNE,10,5,0.9511929678634641,0.9278656950958374,0.023327272767626694,win
auc,Parcel AUC,MNE,10,10,0.9393252539137118,0.9298586441492571,0.009466609764454681,win
auc,Parcel AUC,MNE,10,15,0.9424930230088531,0.9280038942792707,0.014489128729582412,win
auc,Parcel AUC,MNE,10,20,0.9388681075049424,0.9259496130630225,0.012918494441919948,win
auc,Parcel AUC,MNE,15,-10,0.9169405687843708,0.8749533897201487,0.04198717906422211,win
auc,Parcel AUC,MNE,15,-5,0.9326714572199404,0.8937747843800732,0.0388966728398672,win
auc,Parcel AUC,MNE,15,0,0.9339445693547306,0.9082166844793691,0.025727884875361484,win
auc,Parcel AUC,MNE,15,5,0.9513538037496088,0.9239972859455344,0.027356517804074332,win
auc,Parcel AUC,MNE,15,10,0.9499587969474369,0.9317114688079532,0.01824732813948371,win
auc,Parcel AUC,MNE,15,15,0.9439964264247873,0.9313142670537391,0.012682159371048218,win
auc,Parcel AUC,MNE,15,20,0.9315728197073117,0.9283031714821678,0.003269648225143862,win
auc,Parcel AUC,MNE,20,-10,0.9223854635821005,0.8899508661413261,0.03243459744077437,win
auc,Parcel AUC,MNE,20,-5,0.9230099449363329,0.8966690060591154,0.026340938877217557,win
auc,Parcel AUC,MNE,20,0,0.9341884065754685,0.9068064732475114,0.02738193332795713,win
auc,Parcel AUC,MNE,20,5,0.9362436305330568,0.9175897510419995,0.018653879491057346,win
auc,Parcel AUC,MNE,20,10,0.9483704158893633,0.9287978926449079,0.019572523244455464,win
auc,Parcel AUC,MNE,20,15,0.9521575857826132,0.9332822631148314,0.018875322667781802,win
auc,Parcel AUC,MNE,20,20,0.9433604247874943,0.9313728734478832,0.011987551339611047,win
auc,Parcel AUC,dSPM,-10,-10,0.9044928512811615,0.7970581053718032,0.10743474590935831,win
auc,Parcel AUC,dSPM,-10,-5,0.9042449631281807,0.8537554061548475,0.05048955697333324,win
auc,Parcel AUC,dSPM,-10,0,0.9229030338031442,0.8871672682710179,0.03573576553212632,win
auc,Parcel AUC,dSPM,-10,5,0.9024999540893575,0.902775649288469,-0.0002756951991115253,loss
auc,Parcel AUC,dSPM,-10,10,0.9046567845834095,0.9075215320097683,-0.0028647474263587824,loss
auc,Parcel AUC,dSPM,-10,15,0.9101410224313135,0.9057600996986874,0.004380922732626025,win
auc,Parcel AUC,dSPM,-10,20,0.9116742810011209,0.9011178655424118,0.010556415458709112,win
auc,Parcel AUC,dSPM,-5,-10,0.9067147807040408,0.8478272679069996,0.058887512797041186,win
auc,Parcel AUC,dSPM,-5,-5,0.9166679574098985,0.8701475913668546,0.04652036604304388,win
auc,Parcel AUC,dSPM,-5,0,0.931278641703446,0.890977560595607,0.04030108110783903,win
auc,Parcel AUC,dSPM,-5,5,0.9196294308489874,0.905282312431858,0.014347118417129434,win
auc,Parcel AUC,dSPM,-5,10,0.909590945349931,0.9128793388999683,-0.003288393550037294,loss
auc,Parcel AUC,dSPM,-5,15,0.918284767915553,0.9111376441717376,0.007147123743815431,win
auc,Parcel AUC,dSPM,-5,20,0.9085866099895034,0.906516993068119,0.0020696169213844096,win
auc,Parcel AUC,dSPM,0,-10,0.9201388874695388,0.8565124978240282,0.0636263896455106,win
auc,Parcel AUC,dSPM,0,-5,0.9269577945338872,0.8778109748370542,0.04914681969683299,win
auc,Parcel AUC,dSPM,0,0,0.935859635571461,0.893566872160419,0.042292763411042045,win
auc,Parcel AUC,dSPM,0,5,0.9371814668667263,0.910129817298573,0.027051649568153313,win
auc,Parcel AUC,dSPM,0,10,0.923223940288503,0.9154728852082212,0.007751055080281732,win
auc,Parcel AUC,dSPM,0,15,0.92652831685309,0.9156505262417578,0.010877790611332205,win
auc,Parcel AUC,dSPM,0,20,0.9144988686395794,0.9124090168814312,0.0020898517581482423,win
auc,Parcel AUC,dSPM,5,-10,0.9316551519438849,0.8700405955928384,0.06161455635104651,win
auc,Parcel AUC,dSPM,5,-5,0.9333695166041582,0.8846756096817453,0.04869390692241293,win
auc,Parcel AUC,dSPM,5,0,0.9319554002142227,0.8981005863459474,0.03385481386827538,win
auc,Parcel AUC,dSPM,5,5,0.9327727709440798,0.9098163396735439,0.022956431270535926,win
auc,Parcel AUC,dSPM,5,10,0.9366808229520254,0.9190547240718139,0.017626098880211494,win
auc,Parcel AUC,dSPM,5,15,0.9227448501408733,0.9187272429695542,0.004017607171319049,win
auc,Parcel AUC,dSPM,5,20,0.9206641677808424,0.9177253900214977,0.0029387777593447018,win
auc,Parcel AUC,dSPM,10,-10,0.9337120804465051,0.8787247191199048,0.054987361326600315,win
auc,Parcel AUC,dSPM,10,-5,0.9430363827242184,0.8924699776176391,0.05056640510657928,win
auc,Parcel AUC,dSPM,10,0,0.946507887621373,0.9008325690546501,0.0456753185667228,win
auc,Parcel AUC,dSPM,10,5,0.9511929678634641,0.9110449504644782,0.04014801739898588,win
auc,Parcel AUC,dSPM,10,10,0.9393252539137118,0.916430869622305,0.022894384291406777,win
auc,Parcel AUC,dSPM,10,15,0.9424930230088531,0.9190738856085586,0.023419137400294443,win
auc,Parcel AUC,dSPM,10,20,0.9388681075049424,0.9192664802292194,0.01960162727572301,win
auc,Parcel AUC,dSPM,15,-10,0.9169405687843708,0.8807504670280477,0.03619010175632309,win
auc,Parcel AUC,dSPM,15,-5,0.9326714572199404,0.8912060750742249,0.04146538214571549,win
auc,Parcel AUC,dSPM,15,0,0.9339445693547306,0.8983166056422618,0.03562796371246879,win
auc,Parcel AUC,dSPM,15,5,0.9513538037496088,0.9050363389867131,0.046317464762895666,win
auc,Parcel AUC,dSPM,15,10,0.9499587969474369,0.911659599015422,0.03829919793201486,win
auc,Parcel AUC,dSPM,15,15,0.9439964264247873,0.9167245255968131,0.02727190082797426,win
auc,Parcel AUC,dSPM,15,20,0.9315728197073117,0.9192736484800185,0.012299171227293182,win
auc,Parcel AUC,dSPM,20,-10,0.9223854635821005,0.8744029907280442,0.047982472854056324,win
auc,Parcel AUC,dSPM,20,-5,0.9230099449363329,0.883938643185934,0.03907130175039897,win
auc,Parcel AUC,dSPM,20,0,0.9341884065754685,0.893865646626251,0.040322759949217524,win
auc,Parcel AUC,dSPM,20,5,0.9362436305330568,0.8994204467117164,0.03682318382134042,win
auc,Parcel AUC,dSPM,20,10,0.9483704158893633,0.9062347346095223,0.04213568127984102,win
auc,Parcel AUC,dSPM,20,15,0.9521575857826132,0.9125594613236034,0.03959812445900979,win
auc,Parcel AUC,dSPM,20,20,0.9433604247874943,0.9169450020038283,0.02641542278366593,win
auc,Parcel AUC,sLORETA,-10,-10,0.9044928512811615,0.8128532766218443,0.09163957465931727,win
auc,Parcel AUC,sLORETA,-10,-5,0.9042449631281807,0.8257771308814994,0.0784678322466813,win
auc,Parcel AUC,sLORETA,-10,0,0.9229030338031442,0.8452514408349665,0.0776515929681777,win
auc,Parcel AUC,sLORETA,-10,5,0.9024999540893575,0.8682142909217023,0.034285663167655134,win
auc,Parcel AUC,sLORETA,-10,10,0.9046567845834095,0.886736226987282,0.01792055759612743,win
auc,Parcel AUC,sLORETA,-10,15,0.9101410224313135,0.8958088838196546,0.014332138611658829,win
auc,Parcel AUC,sLORETA,-10,20,0.9116742810011209,0.8968098966092062,0.014864384391914731,win
auc,Parcel AUC,sLORETA,-5,-10,0.9067147807040408,0.8579435626514791,0.04877121805256168,win
auc,Parcel AUC,sLORETA,-5,-5,0.9166679574098985,0.8682711196919882,0.04839683771791026,win
auc,Parcel AUC,sLORETA,-5,0,0.931278641703446,0.8787691088466261,0.05250953285681992,win
auc,Parcel AUC,sLORETA,-5,5,0.9196294308489874,0.8877789036094705,0.03185052723951687,win
auc,Parcel AUC,sLORETA,-5,10,0.909590945349931,0.8976486479278003,0.01194229742213071,win
auc,Parcel AUC,sLORETA,-5,15,0.918284767915553,0.901595035309378,0.016689732606175012,win
auc,Parcel AUC,sLORETA,-5,20,0.9085866099895034,0.9005651252828466,0.008021484706656756,win
auc,Parcel AUC,sLORETA,0,-10,0.9201388874695388,0.8859530462337775,0.034185841235761294,win
auc,Parcel AUC,sLORETA,0,-5,0.9269577945338872,0.9001676726741001,0.02679012185978702,win
auc,Parcel AUC,sLORETA,0,0,0.935859635571461,0.9014841292815032,0.03437550628995778,win
auc,Parcel AUC,sLORETA,0,5,0.9371814668667263,0.9031945492186202,0.03398691764810613,win
auc,Parcel AUC,sLORETA,0,10,0.923223940288503,0.9074015675019848,0.015822372786518213,win
auc,Parcel AUC,sLORETA,0,15,0.92652831685309,0.9096258950823876,0.016902421770702447,win
auc,Parcel AUC,sLORETA,0,20,0.9144988686395794,0.9066562254519674,0.007842643187611964,win
auc,Parcel AUC,sLORETA,5,-10,0.9316551519438849,0.9006707411910047,0.030984410752880276,win
auc,Parcel AUC,sLORETA,5,-5,0.9333695166041582,0.9115420667938279,0.021827449810330357,win
auc,Parcel AUC,sLORETA,5,0,0.9319554002142227,0.9165613461394366,0.015394054074786112,win
auc,Parcel AUC,sLORETA,5,5,0.9327727709440798,0.914040079594703,0.01873269134937683,win
auc,Parcel AUC,sLORETA,5,10,0.9366808229520254,0.9141351386525681,0.022545684299457247,win
auc,Parcel AUC,sLORETA,5,15,0.9227448501408733,0.9129776410874825,0.00976720905339079,win
auc,Parcel AUC,sLORETA,5,20,0.9206641677808424,0.9115229600144353,0.009141207766407033,win
auc,Parcel AUC,sLORETA,10,-10,0.9337120804465051,0.9069877397418511,0.026724340704654015,win
auc,Parcel AUC,sLORETA,10,-5,0.9430363827242184,0.9160898942593971,0.026946488464821283,win
auc,Parcel AUC,sLORETA,10,0,0.946507887621373,0.920919238698128,0.025588648923244972,win
auc,Parcel AUC,sLORETA,10,5,0.9511929678634641,0.9216279085917827,0.029565059271681404,win
auc,Parcel AUC,sLORETA,10,10,0.9393252539137118,0.9181333080991951,0.021191945814516666,win
auc,Parcel AUC,sLORETA,10,15,0.9424930230088531,0.9162509973669235,0.026242025641929567,win
auc,Parcel AUC,sLORETA,10,20,0.9388681075049424,0.9145839726567321,0.024284134848210348,win
auc,Parcel AUC,sLORETA,15,-10,0.9169405687843708,0.9076653965504117,0.009275172233959128,win
auc,Parcel AUC,sLORETA,15,-5,0.9326714572199404,0.9149677813710989,0.01770367584884147,win
auc,Parcel AUC,sLORETA,15,0,0.9339445693547306,0.9189027618793357,0.015041807475394853,win
auc,Parcel AUC,sLORETA,15,5,0.9513538037496088,0.9224853287599746,0.028868474989634185,win
auc,Parcel AUC,sLORETA,15,10,0.9499587969474369,0.9212445063683229,0.02871429057911401,win
auc,Parcel AUC,sLORETA,15,15,0.9439964264247873,0.9179691054216494,0.02602732100313787,win
auc,Parcel AUC,sLORETA,15,20,0.9315728197073117,0.9156704095053936,0.01590241020191807,win
auc,Parcel AUC,sLORETA,20,-10,0.9223854635821005,0.9041433592420894,0.018242104340011056,win
auc,Parcel AUC,sLORETA,20,-5,0.9230099449363329,0.9097234795505282,0.013286465385804691,win
auc,Parcel AUC,sLORETA,20,0,0.9341884065754685,0.9149353643108976,0.01925304226457092,win
auc,Parcel AUC,sLORETA,20,5,0.9362436305330568,0.9195050268674945,0.016738603665562346,win
auc,Parcel AUC,sLORETA,20,10,0.9483704158893633,0.922143177547624,0.026227238341739345,win
auc,Parcel AUC,sLORETA,20,15,0.9521575857826132,0.9215233799576015,0.03063420582501175,win
auc,Parcel AUC,sLORETA,20,20,0.9433604247874943,0.9174592223123059,0.025901202475188345,win
auc,Parcel AUC,eLORETA,-10,-10,0.9044928512811615,0.8154592881077254,0.08903356317343614,win
auc,Parcel AUC,eLORETA,-10,-5,0.9042449631281807,0.8685937134481363,0.035651249680044406,win
auc,Parcel AUC,eLORETA,-10,0,0.9229030338031442,0.9054947596702366,0.017408274132907575,win
auc,Parcel AUC,eLORETA,-10,5,0.9024999540893575,0.9202747336707721,-0.0177747795814146,loss
auc,Parcel AUC,eLORETA,-10,10,0.9046567845834095,0.9220041151873372,-0.01734733060392768,loss
auc,Parcel AUC,eLORETA,-10,15,0.9101410224313135,0.9225669846383179,-0.012425962207004426,loss
auc,Parcel AUC,eLORETA,-10,20,0.9116742810011209,0.9211622083907148,-0.00948792738959392,loss
auc,Parcel AUC,eLORETA,-5,-10,0.9067147807040408,0.8434853431290822,0.06322943757495858,win
auc,Parcel AUC,eLORETA,-5,-5,0.9166679574098985,0.881645238832216,0.035022718577682466,win
auc,Parcel AUC,eLORETA,-5,0,0.931278641703446,0.9118307654990137,0.019447876204432335,win
auc,Parcel AUC,eLORETA,-5,5,0.9196294308489874,0.9258966770360059,-0.00626724618701846,loss
auc,Parcel AUC,eLORETA,-5,10,0.909590945349931,0.928885809284195,-0.01929486393426394,loss
auc,Parcel AUC,eLORETA,-5,15,0.918284767915553,0.9256454375429963,-0.007360669627443306,loss
auc,Parcel AUC,eLORETA,-5,20,0.9085866099895034,0.9235481942021452,-0.01496158421264182,loss
auc,Parcel AUC,eLORETA,0,-10,0.9201388874695388,0.8695602521610915,0.050578635308447306,win
auc,Parcel AUC,eLORETA,0,-5,0.9269577945338872,0.8959906448142181,0.030967149719669074,win
auc,Parcel AUC,eLORETA,0,0,0.935859635571461,0.9152513771175964,0.020608258453864603,win
auc,Parcel AUC,eLORETA,0,5,0.9371814668667263,0.9277511718833388,0.009430294983387544,win
auc,Parcel AUC,eLORETA,0,10,0.923223940288503,0.9319858495077161,-0.00876190921921316,loss
auc,Parcel AUC,eLORETA,0,15,0.92652831685309,0.930238563798035,-0.0037102469449450393,loss
auc,Parcel AUC,eLORETA,0,20,0.9144988686395794,0.9264773378345376,-0.011978469194958152,loss
auc,Parcel AUC,eLORETA,5,-10,0.9316551519438849,0.8944504582556102,0.037204693688274726,win
auc,Parcel AUC,eLORETA,5,-5,0.9333695166041582,0.9095193447765592,0.023850171827599076,win
auc,Parcel AUC,eLORETA,5,0,0.9319554002142227,0.9217469832824148,0.010208416931807962,win
auc,Parcel AUC,eLORETA,5,5,0.9327727709440798,0.928715238583079,0.004057532361000815,win
auc,Parcel AUC,eLORETA,5,10,0.9366808229520254,0.9331166575956782,0.003564165356347182,win
auc,Parcel AUC,eLORETA,5,15,0.9227448501408733,0.9324743150535824,-0.009729464912709096,loss
auc,Parcel AUC,eLORETA,5,20,0.9206641677808424,0.9295656081807072,-0.008901440399864846,loss
auc,Parcel AUC,eLORETA,10,-10,0.9337120804465051,0.9106534471189967,0.02305863332750846,win
auc,Parcel AUC,eLORETA,10,-5,0.9430363827242184,0.9192476661488505,0.023788716575367963,win
auc,Parcel AUC,eLORETA,10,0,0.946507887621373,0.925678324171267,0.020829563450105892,win
auc,Parcel AUC,eLORETA,10,5,0.9511929678634641,0.9309121181775895,0.020280849685874625,win
auc,Parcel AUC,eLORETA,10,10,0.9393252539137118,0.9330653544275953,0.006259899486116494,win
auc,Parcel AUC,eLORETA,10,15,0.9424930230088531,0.9339610384529233,0.00853198455592974,win
auc,Parcel AUC,eLORETA,10,20,0.9388681075049424,0.9321951828112544,0.006672924693688076,win
auc,Parcel AUC,eLORETA,15,-10,0.9169405687843708,0.9158736263073708,0.0010669424770000102,win
auc,Parcel AUC,eLORETA,15,-5,0.9326714572199404,0.9218023563704438,0.010869100849496549,win
auc,Parcel AUC,eLORETA,15,0,0.9339445693547306,0.9258908092114415,0.008053760143289068,win
auc,Parcel AUC,eLORETA,15,5,0.9513538037496088,0.9306720781719109,0.020681725577697874,win
auc,Parcel AUC,eLORETA,15,10,0.9499587969474369,0.9324097265118443,0.017549070435592617,win
auc,Parcel AUC,eLORETA,15,15,0.9439964264247873,0.933292492152425,0.01070393427236227,win
auc,Parcel AUC,eLORETA,15,20,0.9315728197073117,0.9334706733125921,-0.0018978536052804973,loss
auc,Parcel AUC,eLORETA,20,-10,0.9223854635821005,0.9126874932160867,0.00969797036601383,win
auc,Parcel AUC,eLORETA,20,-5,0.9230099449363329,0.9180029485756579,0.005006996360675031,win
auc,Parcel AUC,eLORETA,20,0,0.9341884065754685,0.9228462192863597,0.011342187289108852,win
auc,Parcel AUC,eLORETA,20,5,0.9362436305330568,0.9271495103332129,0.009094120199843903,win
auc,Parcel AUC,eLORETA,20,10,0.9483704158893633,0.9307263644181951,0.01764405147116821,win
auc,Parcel AUC,eLORETA,20,15,0.9521575857826132,0.9336065491199388,0.018551036662674436,win
auc,Parcel AUC,eLORETA,20,20,0.9433604247874943,0.9330059281749317,0.010354496612562603,win
auc,Parcel AUC,LCMV,-10,-10,0.9044928512811615,0.7615351614397333,0.1429576898414282,win
auc,Parcel AUC,LCMV,-10,-5,0.9042449631281807,0.7657584941186282,0.13848646900955253,win
auc,Parcel AUC,LCMV,-10,0,0.9229030338031442,0.7728326069304838,0.15007042687266037,win
auc,Parcel AUC,LCMV,-10,5,0.9024999540893575,0.7803266548579202,0.12217329923143727,win
auc,Parcel AUC,LCMV,-10,10,0.9046567845834095,0.790614779625488,0.1140420049579215,win
auc,Parcel AUC,LCMV,-10,15,0.9101410224313135,0.7984218863919652,0.11171913603934824,win
auc,Parcel AUC,LCMV,-10,20,0.9116742810011209,0.8041474635585624,0.10752681744255854,win
auc,Parcel AUC,LCMV,-5,-10,0.9067147807040408,0.791148714125955,0.11556606657808577,win
auc,Parcel AUC,LCMV,-5,-5,0.9166679574098985,0.7854921299350657,0.1311758274748328,win
auc,Parcel AUC,LCMV,-5,0,0.931278641703446,0.7850772243669839,0.14620141733646208,win
auc,Parcel AUC,LCMV,-5,5,0.9196294308489874,0.7864486003750333,0.13318083047395413,win
auc,Parcel AUC,LCMV,-5,10,0.909590945349931,0.7932114923889534,0.11637945296097763,win
auc,Parcel AUC,LCMV,-5,15,0.918284767915553,0.8004847656055797,0.11780000230997334,win
auc,Parcel AUC,LCMV,-5,20,0.9085866099895034,0.8044635512610655,0.10412305872843786,win
auc,Parcel AUC,LCMV,0,-10,0.9201388874695388,0.8060204432345257,0.11411844423501305,win
auc,Parcel AUC,LCMV,0,-5,0.9269577945338872,0.8028587063631334,0.12409908817075377,win
auc,Parcel AUC,LCMV,0,0,0.935859635571461,0.800625948899627,0.135233686671834,win
auc,Parcel AUC,LCMV,0,5,0.9371814668667263,0.7981679305177826,0.13901353634894376,win
auc,Parcel AUC,LCMV,0,10,0.923223940288503,0.7995736703106426,0.12365026997786033,win
auc,Parcel AUC,LCMV,0,15,0.92652831685309,0.8024751839514381,0.12405313290165187,win
auc,Parcel AUC,LCMV,0,20,0.9144988686395794,0.804855091633676,0.10964377700590344,win
auc,Parcel AUC,LCMV,5,-10,0.9316551519438849,0.8119809198448978,0.11967423209898709,win
auc,Parcel AUC,LCMV,5,-5,0.9333695166041582,0.8128156268890134,0.1205538897151448,win
auc,Parcel AUC,LCMV,5,0,0.9319554002142227,0.8114724529382218,0.12048294727600095,win
auc,Parcel AUC,LCMV,5,5,0.9327727709440798,0.8093291734663479,0.12344359747773193,win
auc,Parcel AUC,LCMV,5,10,0.9366808229520254,0.8068714187581274,0.12980940419389797,win
auc,Parcel AUC,LCMV,5,15,0.9227448501408733,0.8066563694257323,0.116088480715141,win
auc,Parcel AUC,LCMV,5,20,0.9206641677808424,0.8072079358788711,0.1134562319019713,win
auc,Parcel AUC,LCMV,10,-10,0.9337120804465051,0.8141492029449617,0.11956287750154337,win
auc,Parcel AUC,LCMV,10,-5,0.9430363827242184,0.817132774451679,0.12590360827253944,win
auc,Parcel AUC,LCMV,10,0,0.946507887621373,0.8159321283913026,0.13057575923007037,win
auc,Parcel AUC,LCMV,10,5,0.9511929678634641,0.8153945192976131,0.135798448565851,win
auc,Parcel AUC,LCMV,10,10,0.9393252539137118,0.8129693322847602,0.1263559216289516,win
auc,Parcel AUC,LCMV,10,15,0.9424930230088531,0.8111771451346851,0.13131587787416799,win
auc,Parcel AUC,LCMV,10,20,0.9388681075049424,0.8098981081470482,0.12896999935789422,win
auc,Parcel AUC,LCMV,15,-10,0.9169405687843708,0.8163370489692665,0.10060351981510429,win
auc,Parcel AUC,LCMV,15,-5,0.9326714572199404,0.8170900152192354,0.11558144200070497,win
auc,Parcel AUC,LCMV,15,0,0.9339445693547306,0.8174644663201941,0.11648010303453649,win
auc,Parcel AUC,LCMV,15,5,0.9513538037496088,0.8191771391339765,0.13217666461563227,win
auc,Parcel AUC,LCMV,15,10,0.9499587969474369,0.8176721642762961,0.13228663267114082,win
auc,Parcel AUC,LCMV,15,15,0.9439964264247873,0.8155459499277156,0.12845047649707175,win
auc,Parcel AUC,LCMV,15,20,0.9315728197073117,0.812256685718513,0.1193161339887987,win
auc,Parcel AUC,LCMV,20,-10,0.9223854635821005,0.8174858745176907,0.10489958906440977,win
auc,Parcel AUC,LCMV,20,-5,0.9230099449363329,0.8170054735678182,0.10600447136851476,win
auc,Parcel AUC,LCMV,20,0,0.9341884065754685,0.818241124709404,0.11594728186606451,win
auc,Parcel AUC,LCMV,20,5,0.9362436305330568,0.81823331901072,0.11801031152233676,win
auc,Parcel AUC,LCMV,20,10,0.9483704158893633,0.818789380475427,0.12958103541393629,win
auc,Parcel AUC,LCMV,20,15,0.9521575857826132,0.8181950744925276,0.13396251129008563,win
auc,Parcel AUC,LCMV,20,20,0.9433604247874943,0.8157231893302808,0.1276372354572135,win
auc,Parcel AUC,Dipole fitting (grid),-10,-10,0.9044928512811615,0.6348916931059402,0.26960115817522134,win
auc,Parcel AUC,Dipole fitting (grid),-10,-5,0.9042449631281807,0.6404274750871239,0.26381748804105676,win
auc,Parcel AUC,Dipole fitting (grid),-10,0,0.9229030338031442,0.6583911987517039,0.26451183505144027,win
auc,Parcel AUC,Dipole fitting (grid),-10,5,0.9024999540893575,0.6634174424292322,0.23908251166012529,win
auc,Parcel AUC,Dipole fitting (grid),-10,10,0.9046567845834095,0.6702690709657027,0.23438771361770683,win
auc,Parcel AUC,Dipole fitting (grid),-10,15,0.9101410224313135,0.6661862510417729,0.24395477138954058,win
auc,Parcel AUC,Dipole fitting (grid),-10,20,0.9116742810011209,0.6681090259052264,0.24356525509589455,win
auc,Parcel AUC,Dipole fitting (grid),-5,-10,0.9067147807040408,0.6208918164756551,0.2858229642283857,win
auc,Parcel AUC,Dipole fitting (grid),-5,-5,0.9166679574098985,0.6422515723661733,0.27441638504372523,win
auc,Parcel AUC,Dipole fitting (grid),-5,0,0.931278641703446,0.6505069374075069,0.2807717042959391,win
auc,Parcel AUC,Dipole fitting (grid),-5,5,0.9196294308489874,0.6659476889497131,0.2536817418992743,win
auc,Parcel AUC,Dipole fitting (grid),-5,10,0.909590945349931,0.6686785663214325,0.2409123790284985,win
auc,Parcel AUC,Dipole fitting (grid),-5,15,0.918284767915553,0.6661562106300423,0.25212855728551076,win
auc,Parcel AUC,Dipole fitting (grid),-5,20,0.9085866099895034,0.6632953154652942,0.24529129452420917,win
auc,Parcel AUC,Dipole fitting (grid),0,-10,0.9201388874695388,0.63840422911258,0.28173465835695877,win
auc,Parcel AUC,Dipole fitting (grid),0,-5,0.9269577945338872,0.6457571931380501,0.281200601395837,win
auc,Parcel AUC,Dipole fitting (grid),0,0,0.935859635571461,0.6566441758391647,0.27921545973229633,win
auc,Parcel AUC,Dipole fitting (grid),0,5,0.9371814668667263,0.6685959794293688,0.26858548743735755,win
auc,Parcel AUC,Dipole fitting (grid),0,10,0.923223940288503,0.6692834552386553,0.2539404850498477,win
auc,Parcel AUC,Dipole fitting (grid),0,15,0.92652831685309,0.6693683284856908,0.2571599883673992,win
auc,Parcel AUC,Dipole fitting (grid),0,20,0.9144988686395794,0.6674989022356572,0.2469999664039222,win
auc,Parcel AUC,Dipole fitting (grid),5,-10,0.9316551519438849,0.6453421459557833,0.2863130059881016,win
auc,Parcel AUC,Dipole fitting (grid),5,-5,0.9333695166041582,0.6590130143027456,0.2743565023014126,win
auc,Parcel AUC,Dipole fitting (grid),5,0,0.9319554002142227,0.6646335654706098,0.26732183474361293,win
auc,Parcel AUC,Dipole fitting (grid),5,5,0.9327727709440798,0.6721832896803617,0.26058948126371817,win
auc,Parcel AUC,Dipole fitting (grid),5,10,0.9366808229520254,0.6717931176797015,0.26488770527232386,win
auc,Parcel AUC,Dipole fitting (grid),5,15,0.9227448501408733,0.6737464619369724,0.24899838820390086,win
auc,Parcel AUC,Dipole fitting (grid),5,20,0.9206641677808424,0.6693074233050886,0.25135674447575374,win
auc,Parcel AUC,Dipole fitting (grid),10,-10,0.9337120804465051,0.6578907798016126,0.2758213006448925,win
auc,Parcel AUC,Dipole fitting (grid),10,-5,0.9430363827242184,0.6573462367417877,0.2856901459824307,win
auc,Parcel AUC,Dipole fitting (grid),10,0,0.946507887621373,0.6693402790082776,0.2771676086130953,win
auc,Parcel AUC,Dipole fitting (grid),10,5,0.9511929678634641,0.6753378321002003,0.2758551357632638,win
auc,Parcel AUC,Dipole fitting (grid),10,10,0.9393252539137118,0.6739038071979759,0.26542144671573586,win
auc,Parcel AUC,Dipole fitting (grid),10,15,0.9424930230088531,0.6753242893433635,0.26716873366548954,win
auc,Parcel AUC,Dipole fitting (grid),10,20,0.9388681075049424,0.673830361559882,0.26503774594506047,win
auc,Parcel AUC,Dipole fitting (grid),15,-10,0.9169405687843708,0.6564880380641805,0.26045253072019026,win
auc,Parcel AUC,Dipole fitting (grid),15,-5,0.9326714572199404,0.6600834632487816,0.27258799397115874,win
auc,Parcel AUC,Dipole fitting (grid),15,0,0.9339445693547306,0.6642527698110257,0.2696917995437049,win
auc,Parcel AUC,Dipole fitting (grid),15,5,0.9513538037496088,0.6721976139252479,0.27915618982436086,win
auc,Parcel AUC,Dipole fitting (grid),15,10,0.9499587969474369,0.6760485914547021,0.2739102054927348,win
auc,Parcel AUC,Dipole fitting (grid),15,15,0.9439964264247873,0.6765400795144804,0.26745634691030695,win
auc,Parcel AUC,Dipole fitting (grid),15,20,0.9315728197073117,0.6683964522804813,0.26317636742683037,win
auc,Parcel AUC,Dipole fitting (grid),20,-10,0.9223854635821005,0.6533432593782466,0.26904220420385394,win
auc,Parcel AUC,Dipole fitting (grid),20,-5,0.9230099449363329,0.6573399795188531,0.2656699654174798,win
auc,Parcel AUC,Dipole fitting (grid),20,0,0.9341884065754685,0.6637469185712719,0.27044148800419665,win
auc,Parcel AUC,Dipole fitting (grid),20,5,0.9362436305330568,0.6650858778914588,0.271157752641598,win
auc,Parcel AUC,Dipole fitting (grid),20,10,0.9483704158893633,0.6682195465844158,0.2801508693049475,win
auc,Parcel AUC,Dipole fitting (grid),20,15,0.9521575857826132,0.6726936835093051,0.2794639022733081,win
auc,Parcel AUC,Dipole fitting (grid),20,20,0.9433604247874943,0.6745141796631675,0.26884624512432675,win
auc,Parcel AUC,RAP-MUSIC,-10,-10,0.9044928512811615,0.6280107839649225,0.27648206731623903,win
auc,Parcel AUC,RAP-MUSIC,-10,-5,0.9042449631281807,0.6442809143660442,0.2599640487621365,win
auc,Parcel AUC,RAP-MUSIC,-10,0,0.9229030338031442,0.669902227359149,0.25300080644399525,win
auc,Parcel AUC,RAP-MUSIC,-10,5,0.9024999540893575,0.6930592262382338,0.20944072785112366,win
auc,Parcel AUC,RAP-MUSIC,-10,10,0.9046567845834095,0.7086560873291807,0.19600069725422875,win
auc,Parcel AUC,RAP-MUSIC,-10,15,0.9101410224313135,0.706859011413665,0.20328201101764842,win
auc,Parcel AUC,RAP-MUSIC,-10,20,0.9116742810011209,0.7085889384106916,0.20308534259042932,win
auc,Parcel AUC,RAP-MUSIC,-5,-10,0.9067147807040408,0.6381009016842285,0.26861387901981226,win
auc,Parcel AUC,RAP-MUSIC,-5,-5,0.9166679574098985,0.6438249447004583,0.2728430127094402,win
auc,Parcel AUC,RAP-MUSIC,-5,0,0.931278641703446,0.6611017534973672,0.27017688820607877,win
auc,Parcel AUC,RAP-MUSIC,-5,5,0.9196294308489874,0.6903592149286828,0.2292702159203046,win
auc,Parcel AUC,RAP-MUSIC,-5,10,0.909590945349931,0.7087348773483794,0.20085606800155165,win
auc,Parcel AUC,RAP-MUSIC,-5,15,0.918284767915553,0.7096665476652606,0.20861822025029242,win
auc,Parcel AUC,RAP-MUSIC,-5,20,0.9085866099895034,0.7052949969045162,0.2032916130849871,win
auc,Parcel AUC,RAP-MUSIC,0,-10,0.9201388874695388,0.639758963453464,0.2803799240160748,win
auc,Parcel AUC,RAP-MUSIC,0,-5,0.9269577945338872,0.6544604824870207,0.27249731204686645,win
auc,Parcel AUC,RAP-MUSIC,0,0,0.935859635571461,0.6670354797684072,0.26882415580305385,win
auc,Parcel AUC,RAP-MUSIC,0,5,0.9371814668667263,0.6989537107558425,0.23822775611088387,win
auc,Parcel AUC,RAP-MUSIC,0,10,0.923223940288503,0.7115629982186764,0.21166094206982655,win
auc,Parcel AUC,RAP-MUSIC,0,15,0.92652831685309,0.7124670351821244,0.2140612816709656,win
auc,Parcel AUC,RAP-MUSIC,0,20,0.9144988686395794,0.7090146592137792,0.20548420942580026,win
auc,Parcel AUC,RAP-MUSIC,5,-10,0.9316551519438849,0.6478651732228768,0.2837899787210081,win
auc,Parcel AUC,RAP-MUSIC,5,-5,0.9333695166041582,0.6653266049053888,0.2680429116987695,win
auc,Parcel AUC,RAP-MUSIC,5,0,0.9319554002142227,0.6854553612029757,0.24650003901124706,win
auc,Parcel AUC,RAP-MUSIC,5,5,0.9327727709440798,0.7013765044762441,0.23139626646783573,win
auc,Parcel AUC,RAP-MUSIC,5,10,0.9366808229520254,0.709109468109442,0.2275713548425834,win
auc,Parcel AUC,RAP-MUSIC,5,15,0.9227448501408733,0.710852481875441,0.21189236826543223,win
auc,Parcel AUC,RAP-MUSIC,5,20,0.9206641677808424,0.7086569862368656,0.2120071815439768,win
auc,Parcel AUC,RAP-MUSIC,10,-10,0.9337120804465051,0.6819270960400302,0.2517849844064749,win
auc,Parcel AUC,RAP-MUSIC,10,-5,0.9430363827242184,0.6829756682620601,0.2600607144621583,win
auc,Parcel AUC,RAP-MUSIC,10,0,0.946507887621373,0.6947919780908521,0.2517159095305208,win
auc,Parcel AUC,RAP-MUSIC,10,5,0.9511929678634641,0.7070949305551488,0.24409803730831525,win
auc,Parcel AUC,RAP-MUSIC,10,10,0.9393252539137118,0.7106042724019009,0.22872098151181086,win
auc,Parcel AUC,RAP-MUSIC,10,15,0.9424930230088531,0.7102207541954065,0.23227226881344654,win
auc,Parcel AUC,RAP-MUSIC,10,20,0.9388681075049424,0.7108634852188436,0.22800462228609886,win
auc,Parcel AUC,RAP-MUSIC,15,-10,0.9169405687843708,0.6995270348019369,0.2174135339824339,win
auc,Parcel AUC,RAP-MUSIC,15,-5,0.9326714572199404,0.6995939057950966,0.23307755142484377,win
auc,Parcel AUC,RAP-MUSIC,15,0,0.9339445693547306,0.6995549636439198,0.2343896057108108,win
auc,Parcel AUC,RAP-MUSIC,15,5,0.9513538037496088,0.7067670680495683,0.24458673570004041,win
auc,Parcel AUC,RAP-MUSIC,15,10,0.9499587969474369,0.7119635910605349,0.23799520588690204,win
auc,Parcel AUC,RAP-MUSIC,15,15,0.9439964264247873,0.7125795748347094,0.23141685159007797,win
auc,Parcel AUC,RAP-MUSIC,15,20,0.9315728197073117,0.7107764021372965,0.2207964175700151,win
auc,Parcel AUC,RAP-MUSIC,20,-10,0.9223854635821005,0.7013178649306325,0.22106759865146797,win
auc,Parcel AUC,RAP-MUSIC,20,-5,0.9230099449363329,0.7070797206631797,0.21593022427315323,win
auc,Parcel AUC,RAP-MUSIC,20,0,0.9341884065754685,0.7028154596939828,0.23137294688148569,win
auc,Parcel AUC,RAP-MUSIC,20,5,0.9362436305330568,0.703499281103255,0.23274434942980182,win
auc,Parcel AUC,RAP-MUSIC,20,10,0.9483704158893633,0.7085030524253413,0.23986736346402204,win
auc,Parcel AUC,RAP-MUSIC,20,15,0.9521575857826132,0.71179542892419,0.24036215685842321,win
auc,Parcel AUC,RAP-MUSIC,20,20,0.9433604247874943,0.7107504126792188,0.23261001210827548,win
rmse,Squared relative error (historical RMSE field),SISSES,-10,-10,0.7468788865557965,1.9303292502955944,1.183450363739798,win
rmse,Squared relative error (historical RMSE field),SISSES,-10,-5,0.7246460577332505,1.850953788464235,1.1263077307309846,win
rmse,Squared relative error (historical RMSE field),SISSES,-10,0,0.716184245923457,1.7363275047001878,1.0201432587767307,win
rmse,Squared relative error (historical RMSE field),SISSES,-10,5,0.76733825536082,1.599149784378961,0.831811529018141,win
rmse,Squared relative error (historical RMSE field),SISSES,-10,10,0.7779249030280548,1.2370800776628055,0.45915517463475064,win
rmse,Squared relative error (historical RMSE field),SISSES,-10,15,0.7781244678668117,1.0381841158296756,0.26005964796286396,win
rmse,Squared relative error (historical RMSE field),SISSES,-10,20,0.7793912017001074,1.05191795600729,0.27252675430718254,win
rmse,Squared relative error (historical RMSE field),SISSES,-5,-10,0.6851224641860911,1.884398156591277,1.199275692405186,win
rmse,Squared relative error (historical RMSE field),SISSES,-5,-5,0.6654783062893875,1.7810464643206179,1.1155681580312304,win
rmse,Squared relative error (historical RMSE field),SISSES,-5,0,0.6587663448434977,1.6670448425843785,1.0082784977408807,win
rmse,Squared relative error (historical RMSE field),SISSES,-5,5,0.7152738748514099,1.4997550032238551,0.7844811283724452,win
rmse,Squared relative error (historical RMSE field),SISSES,-5,10,0.7483465965170947,1.1679166163768802,0.4195700198597855,win
rmse,Squared relative error (historical RMSE field),SISSES,-5,15,0.7571181833675366,0.9969664926700992,0.23984830930256262,win
rmse,Squared relative error (historical RMSE field),SISSES,-5,20,0.7497613876675127,1.044096606936762,0.29433521926924944,win
rmse,Squared relative error (historical RMSE field),SISSES,0,-10,0.6538030239193242,1.8084749847565675,1.1546719608372433,win
rmse,Squared relative error (historical RMSE field),SISSES,0,-5,0.6182433021704301,1.7070354743659621,1.088792172195532,win
rmse,Squared relative error (historical RMSE field),SISSES,0,0,0.6364505343074881,1.59056852677175,0.9541179924642619,win
rmse,Squared relative error (historical RMSE field),SISSES,0,5,0.6548171751242692,1.4095850543361899,0.7547678792119207,win
rmse,Squared relative error (historical RMSE field),SISSES,0,10,0.7100128283167417,1.0961284944919005,0.3861156661751588,win
rmse,Squared relative error (historical RMSE field),SISSES,0,15,0.7182295918746833,0.9790939278742732,0.2608643359995899,win
rmse,Squared relative error (historical RMSE field),SISSES,0,20,0.7829661684335998,1.0062724307766617,0.22330626234306195,win
rmse,Squared relative error (historical RMSE field),SISSES,5,-10,0.6314949817059505,1.710512945224382,1.0790179635184314,win
rmse,Squared relative error (historical RMSE field),SISSES,5,-5,0.6237926686802873,1.6115682971103706,0.9877756284300834,win
rmse,Squared relative error (historical RMSE field),SISSES,5,0,0.6100477638729034,1.5148088307055811,0.9047610668326778,win
rmse,Squared relative error (historical RMSE field),SISSES,5,5,0.616197049737701,1.2974472925735463,0.6812502428358453,win
rmse,Squared relative error (historical RMSE field),SISSES,5,10,0.6738120094772624,1.022695562818136,0.3488835533408736,win
rmse,Squared relative error (historical RMSE field),SISSES,5,15,0.6964751646439833,0.957280997595892,0.26080583295190873,win
rmse,Squared relative error (historical RMSE field),SISSES,5,20,0.7292404191953035,0.9865178920443086,0.25727747284900515,win
rmse,Squared relative error (historical RMSE field),SISSES,10,-10,0.6407624714158101,1.546222787686621,0.9054603162708109,win
rmse,Squared relative error (historical RMSE field),SISSES,10,-5,0.6330964596488953,1.447637078985249,0.8145406193363538,win
rmse,Squared relative error (historical RMSE field),SISSES,10,0,0.6165165579311749,1.3181983449601038,0.7016817870289289,win
rmse,Squared relative error (historical RMSE field),SISSES,10,5,0.5751574862642461,1.1294186157365187,0.5542611294722726,win
rmse,Squared relative error (historical RMSE field),SISSES,10,10,0.5996108011563527,0.9410925500748857,0.341481748918533,win
rmse,Squared relative error (historical RMSE field),SISSES,10,15,0.6454702559991622,0.8919077782319521,0.24643752223278992,win
rmse,Squared relative error (historical RMSE field),SISSES,10,20,0.679407682042271,0.9293798103186592,0.24997212827638826,win
rmse,Squared relative error (historical RMSE field),SISSES,15,-10,0.7109491061627906,1.3191206865500467,0.608171580387256,win
rmse,Squared relative error (historical RMSE field),SISSES,15,-5,0.6641900606805781,1.2063894463282616,0.5421993856476836,win
rmse,Squared relative error (historical RMSE field),SISSES,15,0,0.6362281023346037,1.1079612997954067,0.471733197460803,win
rmse,Squared relative error (historical RMSE field),SISSES,15,5,0.6018415780159567,0.9913862828431654,0.3895447048272087,win
rmse,Squared relative error (historical RMSE field),SISSES,15,10,0.5856096537648829,0.8768185819903638,0.29120892822548083,win
rmse,Squared relative error (historical RMSE field),SISSES,15,15,0.5961303936582668,0.8534177550549171,0.2572873613966503,win
rmse,Squared relative error (historical RMSE field),SISSES,15,20,0.6601602395590519,0.9068956902553812,0.2467354506963293,win
rmse,Squared relative error (historical RMSE field),SISSES,20,-10,0.7034696013026731,1.1476468051605462,0.44417720385787307,win
rmse,Squared relative error (historical RMSE field),SISSES,20,-5,0.7129581607599903,1.0743322606823895,0.3613740999223992,win
rmse,Squared relative error (historical RMSE field),SISSES,20,0,0.6767905046193605,0.9964306196282314,0.3196401150088709,win
rmse,Squared relative error (historical RMSE field),SISSES,20,5,0.6393784425269408,0.9164206399306978,0.277042197403757,win
rmse,Squared relative error (historical RMSE field),SISSES,20,10,0.5935496836394079,0.8676000875965022,0.27405040395709435,win
rmse,Squared relative error (historical RMSE field),SISSES,20,15,0.5878208972819798,0.8568238973408874,0.26900300005890754,win
rmse,Squared relative error (historical RMSE field),SISSES,20,20,0.6149361815994587,0.8600816064129542,0.24514542481349544,win
rmse,Squared relative error (historical RMSE field),MNE,-10,-10,0.7468788865557965,1.9505911741946889,1.2037122876388924,win
rmse,Squared relative error (historical RMSE field),MNE,-10,-5,0.7246460577332505,1.9358753039772247,1.2112292462439742,win
rmse,Squared relative error (historical RMSE field),MNE,-10,0,0.716184245923457,1.9133906103497789,1.197206364426322,win
rmse,Squared relative error (historical RMSE field),MNE,-10,5,0.76733825536082,1.88086704457064,1.1135287892098198,win
rmse,Squared relative error (historical RMSE field),MNE,-10,10,0.7779249030280548,1.8325089025188244,1.0545839994907695,win
rmse,Squared relative error (historical RMSE field),MNE,-10,15,0.7781244678668117,1.7956848823357738,1.0175604144689623,win
rmse,Squared relative error (historical RMSE field),MNE,-10,20,0.7793912017001074,1.7796706253671628,1.0002794236670554,win
rmse,Squared relative error (historical RMSE field),MNE,-5,-10,0.6851224641860911,1.932625286533914,1.2475028223478228,win
rmse,Squared relative error (historical RMSE field),MNE,-5,-5,0.6654783062893875,1.9137411226826617,1.2482628163932743,win
rmse,Squared relative error (historical RMSE field),MNE,-5,0,0.6587663448434977,1.8916644749072344,1.2328981300637367,win
rmse,Squared relative error (historical RMSE field),MNE,-5,5,0.7152738748514099,1.862606345591797,1.1473324707403871,win
rmse,Squared relative error (historical RMSE field),MNE,-5,10,0.7483465965170947,1.8205627822486952,1.0722161857316004,win
rmse,Squared relative error (historical RMSE field),MNE,-5,15,0.7571181833675366,1.7887789276735995,1.031660744306063,win
rmse,Squared relative error (historical RMSE field),MNE,-5,20,0.7497613876675127,1.7728488383286538,1.0230874506611412,win
rmse,Squared relative error (historical RMSE field),MNE,0,-10,0.6538030239193242,1.9148481175711907,1.2610450936518665,win
rmse,Squared relative error (historical RMSE field),MNE,0,-5,0.6182433021704301,1.8859898636751684,1.2677465615047383,win
rmse,Squared relative error (historical RMSE field),MNE,0,0,0.6364505343074881,1.8609563627099404,1.2245058284024521,win
rmse,Squared relative error (historical RMSE field),MNE,0,5,0.6548171751242692,1.8310543173892975,1.1762371422650282,win
rmse,Squared relative error (historical RMSE field),MNE,0,10,0.7100128283167417,1.8016952421600025,1.0916824138432608,win
rmse,Squared relative error (historical RMSE field),MNE,0,15,0.7182295918746833,1.7740927030716582,1.055863111196975,win
rmse,Squared relative error (historical RMSE field),MNE,0,20,0.7829661684335998,1.7649111742522627,0.981945005818663,win
rmse,Squared relative error (historical RMSE field),MNE,5,-10,0.6314949817059505,1.889849330502632,1.2583543487966815,win
rmse,Squared relative error (historical RMSE field),MNE,5,-5,0.6237926686802873,1.8604415881955965,1.2366489195153092,win
rmse,Squared relative error (historical RMSE field),MNE,5,0,0.6100477638729034,1.8236199006334783,1.213572136760575,win
rmse,Squared relative error (historical RMSE field),MNE,5,5,0.616197049737701,1.7971123654727,1.180915315734999,win
rmse,Squared relative error (historical RMSE field),MNE,5,10,0.6738120094772624,1.775773893008615,1.1019618835313527,win
rmse,Squared relative error (historical RMSE field),MNE,5,15,0.6964751646439833,1.7566710674519181,1.0601959028079349,win
rmse,Squared relative error (historical RMSE field),MNE,5,20,0.7292404191953035,1.7519427340181817,1.0227023148228782,win
rmse,Squared relative error (historical RMSE field),MNE,10,-10,0.6407624714158101,1.857290673766952,1.216528202351142,win
rmse,Squared relative error (historical RMSE field),MNE,10,-5,0.6330964596488953,1.834206463749465,1.2011100041005698,win
rmse,Squared relative error (historical RMSE field),MNE,10,0,0.6165165579311749,1.7968557195534567,1.1803391616222818,win
rmse,Squared relative error (historical RMSE field),MNE,10,5,0.5751574862642461,1.755200473026823,1.1800429867625768,win
rmse,Squared relative error (historical RMSE field),MNE,10,10,0.5996108011563527,1.7392326300773748,1.139621828921022,win
rmse,Squared relative error (historical RMSE field),MNE,10,15,0.6454702559991622,1.7334412711465164,1.087971015147354,win
rmse,Squared relative error (historical RMSE field),MNE,10,20,0.679407682042271,1.7322132233919785,1.0528055413497075,win
rmse,Squared relative error (historical RMSE field),MNE,15,-10,0.7109491061627906,1.8222993404692416,1.111350234306451,win
rmse,Squared relative error (historical RMSE field),MNE,15,-5,0.6641900606805781,1.8049552554355843,1.1407651947550064,win
rmse,Squared relative error (historical RMSE field),MNE,15,0,0.6362281023346037,1.7787908869358138,1.14256278460121,win
rmse,Squared relative error (historical RMSE field),MNE,15,5,0.6018415780159567,1.7424274644276474,1.1405858864116907,win
rmse,Squared relative error (historical RMSE field),MNE,15,10,0.5856096537648829,1.7078784484110945,1.1222687946462115,win
rmse,Squared relative error (historical RMSE field),MNE,15,15,0.5961303936582668,1.7074461267865881,1.1113157331283214,win
rmse,Squared relative error (historical RMSE field),MNE,15,20,0.6601602395590519,1.715661167820425,1.055500928261373,win
rmse,Squared relative error (historical RMSE field),MNE,20,-10,0.7034696013026731,1.7941825645695642,1.090712963266891,win
rmse,Squared relative error (historical RMSE field),MNE,20,-5,0.7129581607599903,1.7855670316882672,1.0726088709282768,win
rmse,Squared relative error (historical RMSE field),MNE,20,0,0.6767905046193605,1.7673141921600108,1.0905236875406503,win
rmse,Squared relative error (historical RMSE field),MNE,20,5,0.6393784425269408,1.7398760649347087,1.1004976224077678,win
rmse,Squared relative error (historical RMSE field),MNE,20,10,0.5935496836394079,1.7083391508748682,1.1147894672354604,win
rmse,Squared relative error (historical RMSE field),MNE,20,15,0.5878208972819798,1.6858826891070011,1.0980617918250213,win
rmse,Squared relative error (historical RMSE field),MNE,20,20,0.6149361815994587,1.6936693133213567,1.078733131721898,win
rmse,Squared relative error (historical RMSE field),dSPM,-10,-10,0.7468788865557965,1.955349919990595,1.2084710334347986,win
rmse,Squared relative error (historical RMSE field),dSPM,-10,-5,0.7246460577332505,1.938871430068548,1.2142253723352974,win
rmse,Squared relative error (historical RMSE field),dSPM,-10,0,0.716184245923457,1.913800337056909,1.197616091133452,win
rmse,Squared relative error (historical RMSE field),dSPM,-10,5,0.76733825536082,1.8783147951908408,1.1109765398300206,win
rmse,Squared relative error (historical RMSE field),dSPM,-10,10,0.7779249030280548,1.837665705146015,1.0597408021179602,win
rmse,Squared relative error (historical RMSE field),dSPM,-10,15,0.7781244678668117,1.810150613393703,1.0320261455268915,win
rmse,Squared relative error (historical RMSE field),dSPM,-10,20,0.7793912017001074,1.8026143889485071,1.0232231872483997,win
rmse,Squared relative error (historical RMSE field),dSPM,-5,-10,0.6851224641860911,1.940603256708709,1.255480792522618,win
rmse,Squared relative error (historical RMSE field),dSPM,-5,-5,0.6654783062893875,1.923194930011259,1.2577166237218713,win
rmse,Squared relative error (historical RMSE field),dSPM,-5,0,0.6587663448434977,1.8980221322936666,1.2392557874501688,win
rmse,Squared relative error (historical RMSE field),dSPM,-5,5,0.7152738748514099,1.8651284107806412,1.1498545359292311,win
rmse,Squared relative error (historical RMSE field),dSPM,-5,10,0.7483465965170947,1.8281128611125128,1.0797662645954182,win
rmse,Squared relative error (historical RMSE field),dSPM,-5,15,0.7571181833675366,1.8017165086274185,1.0445983252598818,win
rmse,Squared relative error (historical RMSE field),dSPM,-5,20,0.7497613876675127,1.7946821236497814,1.0449207359822688,win
rmse,Squared relative error (historical RMSE field),dSPM,0,-10,0.6538030239193242,1.919045237024531,1.2652422131052068,win
rmse,Squared relative error (historical RMSE field),dSPM,0,-5,0.6182433021704301,1.9012197017876877,1.2829763996172576,win
rmse,Squared relative error (historical RMSE field),dSPM,0,0,0.6364505343074881,1.8771410349987399,1.2406905006912519,win
rmse,Squared relative error (historical RMSE field),dSPM,0,5,0.6548171751242692,1.8464294927808358,1.1916123176565665,win
rmse,Squared relative error (historical RMSE field),dSPM,0,10,0.7100128283167417,1.8142009473123768,1.104188118995635,win
rmse,Squared relative error (historical RMSE field),dSPM,0,15,0.7182295918746833,1.790058167833993,1.0718285759593098,win
rmse,Squared relative error (historical RMSE field),dSPM,0,20,0.7829661684335998,1.7832697076044175,1.0003035391708177,win
rmse,Squared relative error (historical RMSE field),dSPM,5,-10,0.6314949817059505,1.8908272590689157,1.2593322773629652,win
rmse,Squared relative error (historical RMSE field),dSPM,5,-5,0.6237926686802873,1.873467191847628,1.2496745231673407,win
rmse,Squared relative error (historical RMSE field),dSPM,5,0,0.6100477638729034,1.8511602423197964,1.241112478446893,win
rmse,Squared relative error (historical RMSE field),dSPM,5,5,0.616197049737701,1.825130489992194,1.2089334402544931,win
rmse,Squared relative error (historical RMSE field),dSPM,5,10,0.6738120094772624,1.7978100368396288,1.1239980273623664,win
rmse,Squared relative error (historical RMSE field),dSPM,5,15,0.6964751646439833,1.7784917413961503,1.082016576752167,win
rmse,Squared relative error (historical RMSE field),dSPM,5,20,0.7292404191953035,1.7714511815220333,1.0422107623267298,win
rmse,Squared relative error (historical RMSE field),dSPM,10,-10,0.6407624714158101,1.8582308600082649,1.2174683885924549,win
rmse,Squared relative error (historical RMSE field),dSPM,10,-5,0.6330964596488953,1.8434536676289182,1.2103572079800229,win
rmse,Squared relative error (historical RMSE field),dSPM,10,0,0.6165165579311749,1.8255650175132712,1.2090484595820963,win
rmse,Squared relative error (historical RMSE field),dSPM,10,5,0.5751574862642461,1.804459956686829,1.2293024704225828,win
rmse,Squared relative error (historical RMSE field),dSPM,10,10,0.5996108011563527,1.7833146009460243,1.1837037997896718,win
rmse,Squared relative error (historical RMSE field),dSPM,10,15,0.6454702559991622,1.7674843951323924,1.1220141391332303,win
rmse,Squared relative error (historical RMSE field),dSPM,10,20,0.679407682042271,1.761021286557201,1.08161360451493,win
rmse,Squared relative error (historical RMSE field),dSPM,15,-10,0.7109491061627906,1.8305926172546991,1.1196435110919085,win
rmse,Squared relative error (historical RMSE field),dSPM,15,-5,0.6641900606805781,1.818561707706467,1.1543716470258891,win
rmse,Squared relative error (historical RMSE field),dSPM,15,0,0.6362281023346037,1.8047841195542855,1.1685560172196818,win
rmse,Squared relative error (historical RMSE field),dSPM,15,5,0.6018415780159567,1.7884789301846458,1.186637352168689,win
rmse,Squared relative error (historical RMSE field),dSPM,15,10,0.5856096537648829,1.7735597807423993,1.1879501269775163,win
rmse,Squared relative error (historical RMSE field),dSPM,15,15,0.5961303936582668,1.7611418371471979,1.1650114434889312,win
rmse,Squared relative error (historical RMSE field),dSPM,15,20,0.6601602395590519,1.7540298526762677,1.0938696131172159,win
rmse,Squared relative error (historical RMSE field),dSPM,20,-10,0.7034696013026731,1.8140149820880103,1.1105453807853372,win
rmse,Squared relative error (historical RMSE field),dSPM,20,-5,0.7129581607599903,1.8053701077574091,1.092411946997419,win
rmse,Squared relative error (historical RMSE field),dSPM,20,0,0.6767905046193605,1.7931492806223654,1.116358776003005,win
rmse,Squared relative error (historical RMSE field),dSPM,20,5,0.6393784425269408,1.7806076154841015,1.1412291729571606,win
rmse,Squared relative error (historical RMSE field),dSPM,20,10,0.5935496836394079,1.7694189328593692,1.1758692492199614,win
rmse,Squared relative error (historical RMSE field),dSPM,20,15,0.5878208972819798,1.7585404531740112,1.1707195558920314,win
rmse,Squared relative error (historical RMSE field),dSPM,20,20,0.6149361815994587,1.751509003568454,1.1365728219689952,win
rmse,Squared relative error (historical RMSE field),sLORETA,-10,-10,0.7468788865557965,1.9528953402299327,1.2060164536741362,win
rmse,Squared relative error (historical RMSE field),sLORETA,-10,-5,0.7246460577332505,1.9381203900492108,1.2134743323159602,win
rmse,Squared relative error (historical RMSE field),sLORETA,-10,0,0.716184245923457,1.9171548068701736,1.2009705609467165,win
rmse,Squared relative error (historical RMSE field),sLORETA,-10,5,0.76733825536082,1.888753757920234,1.121415502559414,win
rmse,Squared relative error (historical RMSE field),sLORETA,-10,10,0.7779249030280548,1.8536132817957922,1.0756883787677374,win
rmse,Squared relative error (historical RMSE field),sLORETA,-10,15,0.7781244678668117,1.8282109007729117,1.0500864329061002,win
rmse,Squared relative error (historical RMSE field),sLORETA,-10,20,0.7793912017001074,1.818910060789756,1.0395188590896485,win
rmse,Squared relative error (historical RMSE field),sLORETA,-5,-10,0.6851224641860911,1.9361023900651952,1.2509799258791041,win
rmse,Squared relative error (historical RMSE field),sLORETA,-5,-5,0.6654783062893875,1.9187562798010074,1.25327797351162,win
rmse,Squared relative error (historical RMSE field),sLORETA,-5,0,0.6587663448434977,1.8966380139821788,1.237871669138681,win
rmse,Squared relative error (historical RMSE field),sLORETA,-5,5,0.7152738748514099,1.8699729693929,1.1546990945414901,win
rmse,Squared relative error (historical RMSE field),sLORETA,-5,10,0.7483465965170947,1.8383528477112936,1.090006251194199,win
rmse,Squared relative error (historical RMSE field),sLORETA,-5,15,0.7571181833675366,1.8172881660477174,1.060169982680181,win
rmse,Squared relative error (historical RMSE field),sLORETA,-5,20,0.7497613876675127,1.8113807907285129,1.0616194030610002,win
rmse,Squared relative error (historical RMSE field),sLORETA,0,-10,0.6538030239193242,1.9156353921603104,1.2618323682409862,win
rmse,Squared relative error (historical RMSE field),sLORETA,0,-5,0.6182433021704301,1.8929620011578767,1.2747186989874466,win
rmse,Squared relative error (historical RMSE field),sLORETA,0,0,0.6364505343074881,1.870313148023656,1.233862613716168,win
rmse,Squared relative error (historical RMSE field),sLORETA,0,5,0.6548171751242692,1.8436074658627308,1.1887902907384618,win
rmse,Squared relative error (historical RMSE field),sLORETA,0,10,0.7100128283167417,1.8184580690030856,1.1084452406863439,win
rmse,Squared relative error (historical RMSE field),sLORETA,0,15,0.7182295918746833,1.8008498366273185,1.0826202447526352,win
rmse,Squared relative error (historical RMSE field),sLORETA,0,20,0.7829661684335998,1.7987648072374895,1.0157986388038898,win
rmse,Squared relative error (historical RMSE field),sLORETA,5,-10,0.6314949817059505,1.8890096493193416,1.257514667613391,win
rmse,Squared relative error (historical RMSE field),sLORETA,5,-5,0.6237926686802873,1.8645468042391038,1.2407541355588165,win
rmse,Squared relative error (historical RMSE field),sLORETA,5,0,0.6100477638729034,1.837267987600415,1.2272202237275116,win
rmse,Squared relative error (historical RMSE field),sLORETA,5,5,0.616197049737701,1.8159272249426937,1.1997301752049927,win
rmse,Squared relative error (historical RMSE field),sLORETA,5,10,0.6738120094772624,1.7975550341561977,1.1237430246789353,win
rmse,Squared relative error (historical RMSE field),sLORETA,5,15,0.6964751646439833,1.7843385374787382,1.0878633728347549,win
rmse,Squared relative error (historical RMSE field),sLORETA,5,20,0.7292404191953035,1.7832361719378573,1.0539957527425539,win
rmse,Squared relative error (historical RMSE field),sLORETA,10,-10,0.6407624714158101,1.8566697017169675,1.2159072303011573,win
rmse,Squared relative error (historical RMSE field),sLORETA,10,-5,0.6330964596488953,1.8354885036092465,1.2023920439603513,win
rmse,Squared relative error (historical RMSE field),sLORETA,10,0,0.6165165579311749,1.8083663838591966,1.1918498259280217,win
rmse,Squared relative error (historical RMSE field),sLORETA,10,5,0.5751574862642461,1.7838259080751064,1.2086684218108603,win
rmse,Squared relative error (historical RMSE field),sLORETA,10,10,0.5996108011563527,1.7727923176264702,1.1731815164701174,win
rmse,Squared relative error (historical RMSE field),sLORETA,10,15,0.6454702559991622,1.767495529653562,1.1220252736543999,win
rmse,Squared relative error (historical RMSE field),sLORETA,10,20,0.679407682042271,1.7674318711171582,1.0880241890748872,win
rmse,Squared relative error (historical RMSE field),sLORETA,15,-10,0.7109491061627906,1.8250935860991429,1.1141444799363522,win
rmse,Squared relative error (historical RMSE field),sLORETA,15,-5,0.6641900606805781,1.8081310061015148,1.1439409454209368,win
rmse,Squared relative error (historical RMSE field),sLORETA,15,0,0.6362281023346037,1.7880172868547974,1.1517891845201937,win
rmse,Squared relative error (historical RMSE field),sLORETA,15,5,0.6018415780159567,1.7663329088217234,1.1644913308057667,win
rmse,Squared relative error (historical RMSE field),sLORETA,15,10,0.5856096537648829,1.750922433551646,1.165312779786763,win
rmse,Squared relative error (historical RMSE field),sLORETA,15,15,0.5961303936582668,1.7513470454675568,1.15521665180929,win
rmse,Squared relative error (historical RMSE field),sLORETA,15,20,0.6601602395590519,1.7560931752832036,1.0959329357241518,win
rmse,Squared relative error (historical RMSE field),sLORETA,20,-10,0.7034696013026731,1.8030210519405132,1.09955145063784,win
rmse,Squared relative error (historical RMSE field),sLORETA,20,-5,0.7129581607599903,1.792692907888563,1.0797347471285725,win
rmse,Squared relative error (historical RMSE field),sLORETA,20,0,0.6767905046193605,1.7771042376729642,1.1003137330536037,win
rmse,Squared relative error (historical RMSE field),sLORETA,20,5,0.6393784425269408,1.7590910119659837,1.1197125694390428,win
rmse,Squared relative error (historical RMSE field),sLORETA,20,10,0.5935496836394079,1.7437489756484426,1.1501992920090347,win
rmse,Squared relative error (historical RMSE field),sLORETA,20,15,0.5878208972819798,1.7370672144483503,1.1492463171663705,win
rmse,Squared relative error (historical RMSE field),sLORETA,20,20,0.6149361815994587,1.7435561589476487,1.12861997734819,win
rmse,Squared relative error (historical RMSE field),eLORETA,-10,-10,0.7468788865557965,1.9530151371068478,1.2061362505510513,win
rmse,Squared relative error (historical RMSE field),eLORETA,-10,-5,0.7246460577332505,1.9360433086804576,1.211397250947207,win
rmse,Squared relative error (historical RMSE field),eLORETA,-10,0,0.716184245923457,1.910708895664731,1.194524649741274,win
rmse,Squared relative error (historical RMSE field),eLORETA,-10,5,0.76733825536082,1.8755857790533603,1.1082475236925404,win
rmse,Squared relative error (historical RMSE field),eLORETA,-10,10,0.7779249030280548,1.8347532958576036,1.0568283928295488,win
rmse,Squared relative error (historical RMSE field),eLORETA,-10,15,0.7781244678668117,1.8053021673224132,1.0271776994556014,win
rmse,Squared relative error (historical RMSE field),eLORETA,-10,20,0.7793912017001074,1.7940162951984882,1.0146250934983807,win
rmse,Squared relative error (historical RMSE field),eLORETA,-5,-10,0.6851224641860911,1.9378423723603215,1.2527199081742304,win
rmse,Squared relative error (historical RMSE field),eLORETA,-5,-5,0.6654783062893875,1.9190652565770605,1.2535869502876729,win
rmse,Squared relative error (historical RMSE field),eLORETA,-5,0,0.6587663448434977,1.8924631011646664,1.2336967563211687,win
rmse,Squared relative error (historical RMSE field),eLORETA,-5,5,0.7152738748514099,1.8591248312471162,1.1438509563957062,win
rmse,Squared relative error (historical RMSE field),eLORETA,-5,10,0.7483465965170947,1.8221461333731594,1.0737995368560647,win
rmse,Squared relative error (historical RMSE field),eLORETA,-5,15,0.7571181833675366,1.796067157678009,1.0389489743104723,win
rmse,Squared relative error (historical RMSE field),eLORETA,-5,20,0.7497613876675127,1.7880828916196672,1.0383215039521545,win
rmse,Squared relative error (historical RMSE field),eLORETA,0,-10,0.6538030239193242,1.9153592192668472,1.261556195347523,win
rmse,Squared relative error (historical RMSE field),eLORETA,0,-5,0.6182433021704301,1.8953615577454066,1.2771182555749765,win
rmse,Squared relative error (historical RMSE field),eLORETA,0,0,0.6364505343074881,1.8686139239084738,1.2321633896009856,win
rmse,Squared relative error (historical RMSE field),eLORETA,0,5,0.6548171751242692,1.8357143026350125,1.1808971275107432,win
rmse,Squared relative error (historical RMSE field),eLORETA,0,10,0.7100128283167417,1.8028371228797522,1.0928242945630104,win
rmse,Squared relative error (historical RMSE field),eLORETA,0,15,0.7182295918746833,1.780405830683673,1.0621762388089897,win
rmse,Squared relative error (historical RMSE field),eLORETA,0,20,0.7829661684335998,1.7758585138491756,0.9928923454155758,win
rmse,Squared relative error (historical RMSE field),eLORETA,5,-10,0.6314949817059505,1.8844732376030346,1.2529782558970841,win
rmse,Squared relative error (historical RMSE field),eLORETA,5,-5,0.6237926686802873,1.864573645922413,1.2407809772421257,win
rmse,Squared relative error (historical RMSE field),eLORETA,5,0,0.6100477638729034,1.839100138340454,1.2290523744675506,win
rmse,Squared relative error (historical RMSE field),eLORETA,5,5,0.616197049737701,1.8093296881495124,1.1931326384118115,win
rmse,Squared relative error (historical RMSE field),eLORETA,5,10,0.6738120094772624,1.780382443551199,1.1065704340739366,win
rmse,Squared relative error (historical RMSE field),eLORETA,5,15,0.6964751646439833,1.7623377465138663,1.065862581869883,win
rmse,Squared relative error (historical RMSE field),eLORETA,5,20,0.7292404191953035,1.759773474794576,1.0305330555992724,win
rmse,Squared relative error (historical RMSE field),eLORETA,10,-10,0.6407624714158101,1.8467096068193383,1.205947135403528,win
rmse,Squared relative error (historical RMSE field),eLORETA,10,-5,0.6330964596488953,1.8295120546118224,1.1964155949629272,win
rmse,Squared relative error (historical RMSE field),eLORETA,10,0,0.6165165579311749,1.8074159954078364,1.1908994374766615,win
rmse,Squared relative error (historical RMSE field),eLORETA,10,5,0.5751574862642461,1.7826657898468268,1.2075083035825807,win
rmse,Squared relative error (historical RMSE field),eLORETA,10,10,0.5996108011563527,1.759241135300329,1.1596303341439764,win
rmse,Squared relative error (historical RMSE field),eLORETA,10,15,0.6454702559991622,1.7446286910218436,1.0991584350226815,win
rmse,Squared relative error (historical RMSE field),eLORETA,10,20,0.679407682042271,1.742452205303831,1.06304452326156,win
rmse,Squared relative error (historical RMSE field),eLORETA,15,-10,0.7109491061627906,1.8113752053049945,1.100426099142204,win
rmse,Squared relative error (historical RMSE field),eLORETA,15,-5,0.6641900606805781,1.7979194425833258,1.1337293819027479,win
rmse,Squared relative error (historical RMSE field),eLORETA,15,0,0.6362281023346037,1.780542847932169,1.1443147455975653,win
rmse,Squared relative error (historical RMSE field),eLORETA,15,5,0.6018415780159567,1.76073364634256,1.1588920683266033,win
rmse,Squared relative error (historical RMSE field),eLORETA,15,10,0.5856096537648829,1.7431352255207297,1.1575255717558468,win
rmse,Squared relative error (historical RMSE field),eLORETA,15,15,0.5961303936582668,1.731147739079337,1.1350173454210704,win
rmse,Squared relative error (historical RMSE field),eLORETA,15,20,0.6601602395590519,1.7285353686023022,1.0683751290432504,win
rmse,Squared relative error (historical RMSE field),eLORETA,20,-10,0.7034696013026731,1.7883358941027938,1.0848662928001207,win
rmse,Squared relative error (historical RMSE field),eLORETA,20,-5,0.7129581607599903,1.7787776772650499,1.0658195165050595,win
rmse,Squared relative error (historical RMSE field),eLORETA,20,0,0.6767905046193605,1.7647194085639202,1.0879289039445597,win
rmse,Squared relative error (historical RMSE field),eLORETA,20,5,0.6393784425269408,1.748788633753921,1.10941019122698,win
rmse,Squared relative error (historical RMSE field),eLORETA,20,10,0.5935496836394079,1.7346101607641025,1.1410604771246946,win
rmse,Squared relative error (historical RMSE field),eLORETA,20,15,0.5878208972819798,1.7238016589243512,1.1359807616423714,win
rmse,Squared relative error (historical RMSE field),eLORETA,20,20,0.6149361815994587,1.7200025209445964,1.1050663393451376,win
rmse,Squared relative error (historical RMSE field),LCMV,-10,-10,0.7468788865557965,1.9624161777005313,1.2155372911447349,win
rmse,Squared relative error (historical RMSE field),LCMV,-10,-5,0.7246460577332505,1.9568085966591076,1.232162538925857,win
rmse,Squared relative error (historical RMSE field),LCMV,-10,0,0.716184245923457,1.9483861675938923,1.2322019216704354,win
rmse,Squared relative error (historical RMSE field),LCMV,-10,5,0.76733825536082,1.9303455244241274,1.1630072690633075,win
rmse,Squared relative error (historical RMSE field),LCMV,-10,10,0.7779249030280548,1.892530597254979,1.1146056942269242,win
rmse,Squared relative error (historical RMSE field),LCMV,-10,15,0.7781244678668117,1.8265624501127575,1.0484379822459458,win
rmse,Squared relative error (historical RMSE field),LCMV,-10,20,0.7793912017001074,1.726493958784666,0.9471027570845585,win
rmse,Squared relative error (historical RMSE field),LCMV,-5,-10,0.6851224641860911,1.9561426122157004,1.2710201480296093,win
rmse,Squared relative error (historical RMSE field),LCMV,-5,-5,0.6654783062893875,1.951450700510514,1.2859723942211265,win
rmse,Squared relative error (historical RMSE field),LCMV,-5,0,0.6587663448434977,1.9418836678641607,1.283117323020663,win
rmse,Squared relative error (historical RMSE field),LCMV,-5,5,0.7152738748514099,1.9243545873085885,1.2090807124571787,win
rmse,Squared relative error (historical RMSE field),LCMV,-5,10,0.7483465965170947,1.8890899965500645,1.14074340003297,win
rmse,Squared relative error (historical RMSE field),LCMV,-5,15,0.7571181833675366,1.82346585295743,1.0663476695898932,win
rmse,Squared relative error (historical RMSE field),LCMV,-5,20,0.7497613876675127,1.7222669401787418,0.9725055525112292,win
rmse,Squared relative error (historical RMSE field),LCMV,0,-10,0.6538030239193242,1.9470108091109952,1.293207785191671,win
rmse,Squared relative error (historical RMSE field),LCMV,0,-5,0.6182433021704301,1.943216812833716,1.3249735106632858,win
rmse,Squared relative error (historical RMSE field),LCMV,0,0,0.6364505343074881,1.9334010567857272,1.2969505224782392,win
rmse,Squared relative error (historical RMSE field),LCMV,0,5,0.6548171751242692,1.9168058818288896,1.2619887067046203,win
rmse,Squared relative error (historical RMSE field),LCMV,0,10,0.7100128283167417,1.8808772180149045,1.1708643896981628,win
rmse,Squared relative error (historical RMSE field),LCMV,0,15,0.7182295918746833,1.8146090548427483,1.096379462968065,win
rmse,Squared relative error (historical RMSE field),LCMV,0,20,0.7829661684335998,1.7187263388601983,0.9357601704265985,win
rmse,Squared relative error (historical RMSE field),LCMV,5,-10,0.6314949817059505,1.9334495893682329,1.3019546076622823,win
rmse,Squared relative error (historical RMSE field),LCMV,5,-5,0.6237926686802873,1.9270224846544663,1.303229815974179,win
rmse,Squared relative error (historical RMSE field),LCMV,5,0,0.6100477638729034,1.9173072495623598,1.3072594856894564,win
rmse,Squared relative error (historical RMSE field),LCMV,5,5,0.616197049737701,1.8992102169679947,1.2830131672302938,win
rmse,Squared relative error (historical RMSE field),LCMV,5,10,0.6738120094772624,1.862659658870186,1.1888476493929236,win
rmse,Squared relative error (historical RMSE field),LCMV,5,15,0.6964751646439833,1.8020662604382347,1.1055910957942514,win
rmse,Squared relative error (historical RMSE field),LCMV,5,20,0.7292404191953035,1.709186679814441,0.9799462606191376,win
rmse,Squared relative error (historical RMSE field),LCMV,10,-10,0.6407624714158101,1.905722910935351,1.264960439519541,win
rmse,Squared relative error (historical RMSE field),LCMV,10,-5,0.6330964596488953,1.9000646747044083,1.266968215055513,win
rmse,Squared relative error (historical RMSE field),LCMV,10,0,0.6165165579311749,1.890202472688786,1.2736859147576112,win
rmse,Squared relative error (historical RMSE field),LCMV,10,5,0.5751574862642461,1.8729071704939355,1.2977496842296894,win
rmse,Squared relative error (historical RMSE field),LCMV,10,10,0.5996108011563527,1.8350008251031857,1.2353900239468332,win
rmse,Squared relative error (historical RMSE field),LCMV,10,15,0.6454702559991622,1.7749031318498214,1.129432875850659,win
rmse,Squared relative error (historical RMSE field),LCMV,10,20,0.679407682042271,1.6864235510979868,1.0070158690557158,win
rmse,Squared relative error (historical RMSE field),LCMV,15,-10,0.7109491061627906,1.8513676648311532,1.1404185586683626,win
rmse,Squared relative error (historical RMSE field),LCMV,15,-5,0.6641900606805781,1.8472340705948402,1.183044009914262,win
rmse,Squared relative error (historical RMSE field),LCMV,15,0,0.6362281023346037,1.840165591585672,1.2039374892510684,win
rmse,Squared relative error (historical RMSE field),LCMV,15,5,0.6018415780159567,1.8200602542928488,1.218218676276892,win
rmse,Squared relative error (historical RMSE field),LCMV,15,10,0.5856096537648829,1.7878166454005764,1.2022069916356934,win
rmse,Squared relative error (historical RMSE field),LCMV,15,15,0.5961303936582668,1.728250872055373,1.1321204783971064,win
rmse,Squared relative error (historical RMSE field),LCMV,15,20,0.6601602395590519,1.6498173123607962,0.9896570728017443,win
rmse,Squared relative error (historical RMSE field),LCMV,20,-10,0.7034696013026731,1.7550170911903091,1.051547489887636,win
rmse,Squared relative error (historical RMSE field),LCMV,20,-5,0.7129581607599903,1.7581454745799228,1.0451873138199326,win
rmse,Squared relative error (historical RMSE field),LCMV,20,0,0.6767905046193605,1.7518221388297226,1.075031634210362,win
rmse,Squared relative error (historical RMSE field),LCMV,20,5,0.6393784425269408,1.7366628699000572,1.0972844273731166,win
rmse,Squared relative error (historical RMSE field),LCMV,20,10,0.5935496836394079,1.7089288288183015,1.1153791451788937,win
rmse,Squared relative error (historical RMSE field),LCMV,20,15,0.5878208972819798,1.6581347118932612,1.0703138146112814,win
rmse,Squared relative error (historical RMSE field),LCMV,20,20,0.6149361815994587,1.5920046100478071,0.9770684284483484,win
rmse,Squared relative error (historical RMSE field),Dipole fitting (grid),-10,-10,0.7468788865557965,1.4992864128173364,0.75240752626154,win
rmse,Squared relative error (historical RMSE field),Dipole fitting (grid),-10,-5,0.7246460577332505,1.356447594193017,0.6318015364597664,win
rmse,Squared relative error (historical RMSE field),Dipole fitting (grid),-10,0,0.716184245923457,1.2529504540004248,0.5367662080769678,win
rmse,Squared relative error (historical RMSE field),Dipole fitting (grid),-10,5,0.76733825536082,1.249330597126546,0.48199234176572603,win
rmse,Squared relative error (historical RMSE field),Dipole fitting (grid),-10,10,0.7779249030280548,1.2148708800889287,0.4369459770608739,win
rmse,Squared relative error (historical RMSE field),Dipole fitting (grid),-10,15,0.7781244678668117,1.236253253489266,0.4581287856224544,win
rmse,Squared relative error (historical RMSE field),Dipole fitting (grid),-10,20,0.7793912017001074,1.2254595935599188,0.4460683918598114,win
rmse,Squared relative error (historical RMSE field),Dipole fitting (grid),-5,-10,0.6851224641860911,1.4642754012109562,0.7791529370248651,win
rmse,Squared relative error (historical RMSE field),Dipole fitting (grid),-5,-5,0.6654783062893875,1.3325749282972064,0.6670966220078188,win
rmse,Squared relative error (historical RMSE field),Dipole fitting (grid),-5,0,0.6587663448434977,1.2646827823913305,0.6059164375478328,win
rmse,Squared relative error (historical RMSE field),Dipole fitting (grid),-5,5,0.7152738748514099,1.2231569155194706,0.5078830406680607,win
rmse,Squared relative error (historical RMSE field),Dipole fitting (grid),-5,10,0.7483465965170947,1.2235273214588744,0.47518072494177976,win
rmse,Squared relative error (historical RMSE field),Dipole fitting (grid),-5,15,0.7571181833675366,1.2241749125292056,0.46705672916166907,win
rmse,Squared relative error (historical RMSE field),Dipole fitting (grid),-5,20,0.7497613876675127,1.2285821985256948,0.4788208108581822,win
rmse,Squared relative error (historical RMSE field),Dipole fitting (grid),0,-10,0.6538030239193242,1.3775541535074711,0.7237511295881469,win
rmse,Squared relative error (historical RMSE field),Dipole fitting (grid),0,-5,0.6182433021704301,1.3012071957489828,0.6829638935785527,win
rmse,Squared relative error (historical RMSE field),Dipole fitting (grid),0,0,0.6364505343074881,1.2645817966516444,0.6281312623441563,win
rmse,Squared relative error (historical RMSE field),Dipole fitting (grid),0,5,0.6548171751242692,1.2117648556449077,0.5569476805206385,win
rmse,Squared relative error (historical RMSE field),Dipole fitting (grid),0,10,0.7100128283167417,1.2095244450683553,0.4995116167516136,win
rmse,Squared relative error (historical RMSE field),Dipole fitting (grid),0,15,0.7182295918746833,1.2034783246692171,0.48524873279453384,win
rmse,Squared relative error (historical RMSE field),Dipole fitting (grid),0,20,0.7829661684335998,1.2230150981759746,0.44004892974237486,win
rmse,Squared relative error (historical RMSE field),Dipole fitting (grid),5,-10,0.6314949817059505,1.3145175634906514,0.6830225817847009,win
rmse,Squared relative error (historical RMSE field),Dipole fitting (grid),5,-5,0.6237926686802873,1.2542561157025813,0.6304634470222941,win
rmse,Squared relative error (historical RMSE field),Dipole fitting (grid),5,0,0.6100477638729034,1.231053921341854,0.6210061574689507,win
rmse,Squared relative error (historical RMSE field),Dipole fitting (grid),5,5,0.616197049737701,1.1980422862755948,0.5818452365378939,win
rmse,Squared relative error (historical RMSE field),Dipole fitting (grid),5,10,0.6738120094772624,1.1955712363407303,0.5217592268634679,win
rmse,Squared relative error (historical RMSE field),Dipole fitting (grid),5,15,0.6964751646439833,1.1967149676260154,0.5002398029820321,win
rmse,Squared relative error (historical RMSE field),Dipole fitting (grid),5,20,0.7292404191953035,1.2029692620245525,0.473728842829249,win
rmse,Squared relative error (historical RMSE field),Dipole fitting (grid),10,-10,0.6407624714158101,1.2903290267505207,0.6495665553347106,win
rmse,Squared relative error (historical RMSE field),Dipole fitting (grid),10,-5,0.6330964596488953,1.2795367066569117,0.6464402470080164,win
rmse,Squared relative error (historical RMSE field),Dipole fitting (grid),10,0,0.6165165579311749,1.2159122844394898,0.599395726508315,win
rmse,Squared relative error (historical RMSE field),Dipole fitting (grid),10,5,0.5751574862642461,1.1871248642174947,0.6119673779532486,win
rmse,Squared relative error (historical RMSE field),Dipole fitting (grid),10,10,0.5996108011563527,1.19127865070029,0.5916678495439373,win
rmse,Squared relative error (historical RMSE field),Dipole fitting (grid),10,15,0.6454702559991622,1.1947116669130018,0.5492414109138396,win
rmse,Squared relative error (historical RMSE field),Dipole fitting (grid),10,20,0.679407682042271,1.1898375168600124,0.5104298348177414,win
rmse,Squared relative error (historical RMSE field),Dipole fitting (grid),15,-10,0.7109491061627906,1.2919174853401283,0.5809683791773377,win
rmse,Squared relative error (historical RMSE field),Dipole fitting (grid),15,-5,0.6641900606805781,1.2649300473273601,0.6007399866467821,win
rmse,Squared relative error (historical RMSE field),Dipole fitting (grid),15,0,0.6362281023346037,1.2511925590838286,0.614964456749225,win
rmse,Squared relative error (historical RMSE field),Dipole fitting (grid),15,5,0.6018415780159567,1.2067408567670728,0.604899278751116,win
rmse,Squared relative error (historical RMSE field),Dipole fitting (grid),15,10,0.5856096537648829,1.181730964269069,0.596121310504186,win
rmse,Squared relative error (historical RMSE field),Dipole fitting (grid),15,15,0.5961303936582668,1.1836216991751536,0.5874913055168868,win
rmse,Squared relative error (historical RMSE field),Dipole fitting (grid),15,20,0.6601602395590519,1.1945812113320682,0.5344209717730163,win
rmse,Squared relative error (historical RMSE field),Dipole fitting (grid),20,-10,0.7034696013026731,1.3045920000234406,0.6011223987207674,win
rmse,Squared relative error (historical RMSE field),Dipole fitting (grid),20,-5,0.7129581607599903,1.2761273049295485,0.5631691441695582,win
rmse,Squared relative error (historical RMSE field),Dipole fitting (grid),20,0,0.6767905046193605,1.264594590244147,0.5878040856247866,win
rmse,Squared relative error (historical RMSE field),Dipole fitting (grid),20,5,0.6393784425269408,1.2568141928858614,0.6174357503589206,win
rmse,Squared relative error (historical RMSE field),Dipole fitting (grid),20,10,0.5935496836394079,1.2118383499168444,0.6182886662774365,win
rmse,Squared relative error (historical RMSE field),Dipole fitting (grid),20,15,0.5878208972819798,1.1930882358102821,0.6052673385283023,win
rmse,Squared relative error (historical RMSE field),Dipole fitting (grid),20,20,0.6149361815994587,1.1899690552105298,0.575032873611071,win
rmse,Squared relative error (historical RMSE field),RAP-MUSIC,-10,-10,0.7468788865557965,1.5214553662138577,0.7745764796580612,win
rmse,Squared relative error (historical RMSE field),RAP-MUSIC,-10,-5,0.7246460577332505,1.3512199965241243,0.6265739387908738,win
rmse,Squared relative error (historical RMSE field),RAP-MUSIC,-10,0,0.716184245923457,1.2438537446015954,0.5276694986781384,win
rmse,Squared relative error (historical RMSE field),RAP-MUSIC,-10,5,0.76733825536082,1.1599489996828236,0.3926107443220036,win
rmse,Squared relative error (historical RMSE field),RAP-MUSIC,-10,10,0.7779249030280548,1.1146181055409232,0.3366932025128684,win
rmse,Squared relative error (historical RMSE field),RAP-MUSIC,-10,15,0.7781244678668117,1.090953040731889,0.31282857286507737,win
rmse,Squared relative error (historical RMSE field),RAP-MUSIC,-10,20,0.7793912017001074,1.1006966466088022,0.3213054449086947,win
rmse,Squared relative error (historical RMSE field),RAP-MUSIC,-5,-10,0.6851224641860911,1.4137587941945147,0.7286363300084235,win
rmse,Squared relative error (historical RMSE field),RAP-MUSIC,-5,-5,0.6654783062893875,1.3306089907945822,0.6651306845051946,win
rmse,Squared relative error (historical RMSE field),RAP-MUSIC,-5,0,0.6587663448434977,1.2361974293411757,0.577431084497678,win
rmse,Squared relative error (historical RMSE field),RAP-MUSIC,-5,5,0.7152738748514099,1.153905574257173,0.4386316994057632,win
rmse,Squared relative error (historical RMSE field),RAP-MUSIC,-5,10,0.7483465965170947,1.1007490821230386,0.3524024856059439,win
rmse,Squared relative error (historical RMSE field),RAP-MUSIC,-5,15,0.7571181833675366,1.0813972832983407,0.32427909993080417,win
rmse,Squared relative error (historical RMSE field),RAP-MUSIC,-5,20,0.7497613876675127,1.1040298828103423,0.35426849514282965,win
rmse,Squared relative error (historical RMSE field),RAP-MUSIC,0,-10,0.6538030239193242,1.3595428419288165,0.7057398180094923,win
rmse,Squared relative error (historical RMSE field),RAP-MUSIC,0,-5,0.6182433021704301,1.2850919795385631,0.666848677368133,win
rmse,Squared relative error (historical RMSE field),RAP-MUSIC,0,0,0.6364505343074881,1.2307015772368664,0.5942510429293782,win
rmse,Squared relative error (historical RMSE field),RAP-MUSIC,0,5,0.6548171751242692,1.1171189733266775,0.46230179820240835,win
rmse,Squared relative error (historical RMSE field),RAP-MUSIC,0,10,0.7100128283167417,1.0875160136333708,0.3775031853166291,win
rmse,Squared relative error (historical RMSE field),RAP-MUSIC,0,15,0.7182295918746833,1.0790231614931995,0.3607935696185163,win
rmse,Squared relative error (historical RMSE field),RAP-MUSIC,0,20,0.7829661684335998,1.0872778794590552,0.3043117110254554,win
rmse,Squared relative error (historical RMSE field),RAP-MUSIC,5,-10,0.6314949817059505,1.3084769216438623,0.6769819399379118,win
rmse,Squared relative error (historical RMSE field),RAP-MUSIC,5,-5,0.6237926686802873,1.2350464645450088,0.6112537958647215,win
rmse,Squared relative error (historical RMSE field),RAP-MUSIC,5,0,0.6100477638729034,1.1736001773799465,0.5635524135070431,win
rmse,Squared relative error (historical RMSE field),RAP-MUSIC,5,5,0.616197049737701,1.1113398359532545,0.4951427862155535,win
rmse,Squared relative error (historical RMSE field),RAP-MUSIC,5,10,0.6738120094772624,1.0777128221398176,0.4039008126625552,win
rmse,Squared relative error (historical RMSE field),RAP-MUSIC,5,15,0.6964751646439833,1.0777704172400449,0.38129525259606156,win
rmse,Squared relative error (historical RMSE field),RAP-MUSIC,5,20,0.7292404191953035,1.0783246860815134,0.34908426688620997,win
rmse,Squared relative error (historical RMSE field),RAP-MUSIC,10,-10,0.6407624714158101,1.2065809401773822,0.565818468761572,win
rmse,Squared relative error (historical RMSE field),RAP-MUSIC,10,-5,0.6330964596488953,1.20196447426006,0.5688680146111647,win
rmse,Squared relative error (historical RMSE field),RAP-MUSIC,10,0,0.6165165579311749,1.1584371896397778,0.5419206317086029,win
rmse,Squared relative error (historical RMSE field),RAP-MUSIC,10,5,0.5751574862642461,1.1037931634634341,0.528635677199188,win
rmse,Squared relative error (historical RMSE field),RAP-MUSIC,10,10,0.5996108011563527,1.0878966583782503,0.48828585722189766,win
rmse,Squared relative error (historical RMSE field),RAP-MUSIC,10,15,0.6454702559991622,1.0741597891989678,0.42868953319980563,win
rmse,Squared relative error (historical RMSE field),RAP-MUSIC,10,20,0.679407682042271,1.0590805831563896,0.37967290111411867,win
rmse,Squared relative error (historical RMSE field),RAP-MUSIC,15,-10,0.7109491061627906,1.164194145579128,0.4532450394163374,win
rmse,Squared relative error (historical RMSE field),RAP-MUSIC,15,-5,0.6641900606805781,1.171687459843126,0.5074973991625479,win
rmse,Squared relative error (historical RMSE field),RAP-MUSIC,15,0,0.6362281023346037,1.1517988734143467,0.515570771079743,win
rmse,Squared relative error (historical RMSE field),RAP-MUSIC,15,5,0.6018415780159567,1.1166285818426487,0.514787003826692,win
rmse,Squared relative error (historical RMSE field),RAP-MUSIC,15,10,0.5856096537648829,1.0831314579417364,0.49752180417685343,win
rmse,Squared relative error (historical RMSE field),RAP-MUSIC,15,15,0.5961303936582668,1.0853665811612978,0.489236187503031,win
rmse,Squared relative error (historical RMSE field),RAP-MUSIC,15,20,0.6601602395590519,1.0679683751281008,0.40780813556904894,win
rmse,Squared relative error (historical RMSE field),RAP-MUSIC,20,-10,0.7034696013026731,1.1769154023804718,0.47344580107779866,win
rmse,Squared relative error (historical RMSE field),RAP-MUSIC,20,-5,0.7129581607599903,1.1450384347188747,0.4320802739588844,win
rmse,Squared relative error (historical RMSE field),RAP-MUSIC,20,0,0.6767905046193605,1.1528208942776519,0.47603038965829136,win
rmse,Squared relative error (historical RMSE field),RAP-MUSIC,20,5,0.6393784425269408,1.1416827487106072,0.5023043061836664,win
rmse,Squared relative error (historical RMSE field),RAP-MUSIC,20,10,0.5935496836394079,1.1018788996783278,0.5083292160389199,win
rmse,Squared relative error (historical RMSE field),RAP-MUSIC,20,15,0.5878208972819798,1.0864360345625375,0.4986151372805576,win
rmse,Squared relative error (historical RMSE field),RAP-MUSIC,20,20,0.6149361815994587,1.0683364425298967,0.45340026093043795,win
surface_sd_mm_penalized,Surface penalized SD (mm),SISSES,-10,-10,5.69601551339107,70.3839822144382,64.68796670104713,win
surface_sd_mm_penalized,Surface penalized SD (mm),SISSES,-10,-5,4.492751378667812,72.03748453961292,67.5447331609451,win
surface_sd_mm_penalized,Surface penalized SD (mm),SISSES,-10,0,3.83617236710885,69.30224407276299,65.46607170565414,win
surface_sd_mm_penalized,Surface penalized SD (mm),SISSES,-10,5,5.817130774332263,63.259969884106646,57.44283910977438,win
surface_sd_mm_penalized,Surface penalized SD (mm),SISSES,-10,10,4.9486483990020425,37.34593053135479,32.39728213235274,win
surface_sd_mm_penalized,Surface penalized SD (mm),SISSES,-10,15,5.46153392859797,11.36643819982855,5.90490427123058,win
surface_sd_mm_penalized,Surface penalized SD (mm),SISSES,-10,20,6.007060755942137,10.306100024930837,4.299039268988699,win
surface_sd_mm_penalized,Surface penalized SD (mm),SISSES,-5,-10,2.396100071156105,71.10280534099071,68.70670526983461,win
surface_sd_mm_penalized,Surface penalized SD (mm),SISSES,-5,-5,3.1291972674664605,70.70879516662585,67.57959789915938,win
surface_sd_mm_penalized,Surface penalized SD (mm),SISSES,-5,0,3.3382560441174935,67.37247726895725,64.03422122483975,win
surface_sd_mm_penalized,Surface penalized SD (mm),SISSES,-5,5,4.858959366355061,57.87304495600129,53.01408558964623,win
surface_sd_mm_penalized,Surface penalized SD (mm),SISSES,-5,10,4.954090519639948,27.60078903370668,22.64669851406673,win
surface_sd_mm_penalized,Surface penalized SD (mm),SISSES,-5,15,5.090788360608484,8.713384099361038,3.622595738752554,win
surface_sd_mm_penalized,Surface penalized SD (mm),SISSES,-5,20,4.543157970058936,9.237426903293475,4.694268933234539,win
surface_sd_mm_penalized,Surface penalized SD (mm),SISSES,0,-10,2.5303489380953597,70.78762827177,68.25727933367465,win
surface_sd_mm_penalized,Surface penalized SD (mm),SISSES,0,-5,2.7743026959902193,68.20802632222363,65.43372362623342,win
surface_sd_mm_penalized,Surface penalized SD (mm),SISSES,0,0,3.195106977083588,63.51414074820076,60.31903377111717,win
surface_sd_mm_penalized,Surface penalized SD (mm),SISSES,0,5,3.788184298299852,55.820957844765566,52.03277354646571,win
surface_sd_mm_penalized,Surface penalized SD (mm),SISSES,0,10,4.804864719273703,23.824444353391446,19.019579634117743,win
surface_sd_mm_penalized,Surface penalized SD (mm),SISSES,0,15,5.266079922063478,7.907109657742839,2.6410297356793606,win
surface_sd_mm_penalized,Surface penalized SD (mm),SISSES,0,20,5.558073449818001,7.976277938639243,2.4182044888212424,win
surface_sd_mm_penalized,Surface penalized SD (mm),SISSES,5,-10,2.2370880237272064,70.32516391638494,68.08807589265773,win
surface_sd_mm_penalized,Surface penalized SD (mm),SISSES,5,-5,2.775138492184944,65.80499548052049,63.029856988335546,win
surface_sd_mm_penalized,Surface penalized SD (mm),SISSES,5,0,2.5768305908757703,60.66614631184285,58.08931572096708,win
surface_sd_mm_penalized,Surface penalized SD (mm),SISSES,5,5,2.945415940012601,47.623403350425995,44.677987410413394,win
surface_sd_mm_penalized,Surface penalized SD (mm),SISSES,5,10,3.1375479884335564,19.999661672818952,16.862113684385395,win
surface_sd_mm_penalized,Surface penalized SD (mm),SISSES,5,15,3.7688474638924814,7.806847118127692,4.037999654235211,win
surface_sd_mm_penalized,Surface penalized SD (mm),SISSES,5,20,4.648903416639686,7.384311915398804,2.735408498759118,win
surface_sd_mm_penalized,Surface penalized SD (mm),SISSES,10,-10,2.8239980481698894,60.81160496798966,57.98760691981977,win
surface_sd_mm_penalized,Surface penalized SD (mm),SISSES,10,-5,2.897565821061992,56.57545758491697,53.67789176385497,win
surface_sd_mm_penalized,Surface penalized SD (mm),SISSES,10,0,2.445479002519049,47.449689592566244,45.004210590047194,win
surface_sd_mm_penalized,Surface penalized SD (mm),SISSES,10,5,2.0570642525098504,32.048729812728794,29.991665560218944,win
surface_sd_mm_penalized,Surface penalized SD (mm),SISSES,10,10,2.45552297443723,12.538938681642305,10.083415707205075,win
surface_sd_mm_penalized,Surface penalized SD (mm),SISSES,10,15,3.263429607499417,6.8396002027442995,3.5761705952448826,win
surface_sd_mm_penalized,Surface penalized SD (mm),SISSES,10,20,3.7760957201786236,6.634586500872029,2.8584907806934052,win
surface_sd_mm_penalized,Surface penalized SD (mm),SISSES,15,-10,3.2938520232820827,37.6209251279354,34.327073104653316,win
surface_sd_mm_penalized,Surface penalized SD (mm),SISSES,15,-5,2.537856796258296,32.71824166375225,30.180384867493956,win
surface_sd_mm_penalized,Surface penalized SD (mm),SISSES,15,0,2.414168272161626,28.125231607002064,25.71106333484044,win
surface_sd_mm_penalized,Surface penalized SD (mm),SISSES,15,5,2.351807692003606,16.145495263137562,13.793687571133956,win
surface_sd_mm_penalized,Surface penalized SD (mm),SISSES,15,10,2.5603545065759277,7.948169561675164,5.387815055099237,win
surface_sd_mm_penalized,Surface penalized SD (mm),SISSES,15,15,2.4094514218569283,5.281854162764759,2.8724027409078308,win
surface_sd_mm_penalized,Surface penalized SD (mm),SISSES,15,20,3.1524002720584967,6.22619104985273,3.0737907777942333,win
surface_sd_mm_penalized,Surface penalized SD (mm),SISSES,20,-10,3.4839986627324677,15.525177708440104,12.041179045707636,win
surface_sd_mm_penalized,Surface penalized SD (mm),SISSES,20,-5,3.3768308362500448,13.34220969383867,9.965378857588625,win
surface_sd_mm_penalized,Surface penalized SD (mm),SISSES,20,0,2.8153972632803512,10.237574716290231,7.42217745300988,win
surface_sd_mm_penalized,Surface penalized SD (mm),SISSES,20,5,2.240702246158445,7.298763676071581,5.058061429913137,win
surface_sd_mm_penalized,Surface penalized SD (mm),SISSES,20,10,2.5867560243904433,5.356175001353653,2.7694189769632094,win
surface_sd_mm_penalized,Surface penalized SD (mm),SISSES,20,15,2.414595049168413,5.368719023229144,2.9541239740607312,win
surface_sd_mm_penalized,Surface penalized SD (mm),SISSES,20,20,2.461481919671126,5.265633914410472,2.804151994739346,win
surface_sd_mm_penalized,Surface penalized SD (mm),MNE,-10,-10,5.69601551339107,70.11554255266878,64.41952703927771,win
surface_sd_mm_penalized,Surface penalized SD (mm),MNE,-10,-5,4.492751378667812,68.16272484043154,63.669973461763725,win
surface_sd_mm_penalized,Surface penalized SD (mm),MNE,-10,0,3.83617236710885,65.19897337072985,61.362801003620994,win
surface_sd_mm_penalized,Surface penalized SD (mm),MNE,-10,5,5.817130774332263,56.74759537891206,50.9304646045798,win
surface_sd_mm_penalized,Surface penalized SD (mm),MNE,-10,10,4.9486483990020425,40.24392347694215,35.295275077940104,win
surface_sd_mm_penalized,Surface penalized SD (mm),MNE,-10,15,5.46153392859797,26.06650548820342,20.60497155960545,win
surface_sd_mm_penalized,Surface penalized SD (mm),MNE,-10,20,6.007060755942137,22.661845618184827,16.65478486224269,win
surface_sd_mm_penalized,Surface penalized SD (mm),MNE,-5,-10,2.396100071156105,68.60164951310605,66.20554944194996,win
surface_sd_mm_penalized,Surface penalized SD (mm),MNE,-5,-5,3.1291972674664605,64.9443067154409,61.81510944797444,win
surface_sd_mm_penalized,Surface penalized SD (mm),MNE,-5,0,3.3382560441174935,58.91020781185308,55.571951767735584,win
surface_sd_mm_penalized,Surface penalized SD (mm),MNE,-5,5,4.858959366355061,51.33603548276537,46.47707611641031,win
surface_sd_mm_penalized,Surface penalized SD (mm),MNE,-5,10,4.954090519639948,39.57277868131611,34.61868816167616,win
surface_sd_mm_penalized,Surface penalized SD (mm),MNE,-5,15,5.090788360608484,26.90250519852893,21.811716837920446,win
surface_sd_mm_penalized,Surface penalized SD (mm),MNE,-5,20,4.543157970058936,22.13334461485194,17.590186644793004,win
surface_sd_mm_penalized,Surface penalized SD (mm),MNE,0,-10,2.5303489380953597,66.10322337513539,63.57287443704003,win
surface_sd_mm_penalized,Surface penalized SD (mm),MNE,0,-5,2.7743026959902193,59.41630467748612,56.642001981495895,win
surface_sd_mm_penalized,Surface penalized SD (mm),MNE,0,0,3.195106977083588,48.86943139592859,45.674324418845,win
surface_sd_mm_penalized,Surface penalized SD (mm),MNE,0,5,3.788184298299852,40.063179471336944,36.27499517303709,win
surface_sd_mm_penalized,Surface penalized SD (mm),MNE,0,10,4.804864719273703,32.76459610079215,27.959731381518445,win
surface_sd_mm_penalized,Surface penalized SD (mm),MNE,0,15,5.266079922063478,25.321997052033993,20.055917129970513,win
surface_sd_mm_penalized,Surface penalized SD (mm),MNE,0,20,5.558073449818001,21.73356079073837,16.17548734092037,win
surface_sd_mm_penalized,Surface penalized SD (mm),MNE,5,-10,2.2370880237272064,58.72065885682988,56.483570833102675,win
surface_sd_mm_penalized,Surface penalized SD (mm),MNE,5,-5,2.775138492184944,51.44812763036713,48.67298913818219,win
surface_sd_mm_penalized,Surface penalized SD (mm),MNE,5,0,2.5768305908757703,39.495830373479684,36.91899978260391,win
surface_sd_mm_penalized,Surface penalized SD (mm),MNE,5,5,2.945415940012601,29.301789419336018,26.356373479323416,win
surface_sd_mm_penalized,Surface penalized SD (mm),MNE,5,10,3.1375479884335564,24.33952439443513,21.201976406001574,win
surface_sd_mm_penalized,Surface penalized SD (mm),MNE,5,15,3.7688474638924814,21.477823076376712,17.70897561248423,win
surface_sd_mm_penalized,Surface penalized SD (mm),MNE,5,20,4.648903416639686,20.129705802852598,15.480802386212911,win
surface_sd_mm_penalized,Surface penalized SD (mm),MNE,10,-10,2.8239980481698894,43.44724353394785,40.62324548577796,win
surface_sd_mm_penalized,Surface penalized SD (mm),MNE,10,-5,2.897565821061992,38.70796114989719,35.8103953288352,win
surface_sd_mm_penalized,Surface penalized SD (mm),MNE,10,0,2.445479002519049,31.074637410594367,28.629158408075316,win
surface_sd_mm_penalized,Surface penalized SD (mm),MNE,10,5,2.0570642525098504,23.046704634626128,20.989640382116278,win
surface_sd_mm_penalized,Surface penalized SD (mm),MNE,10,10,2.45552297443723,19.895736941714354,17.440213967277124,win
surface_sd_mm_penalized,Surface penalized SD (mm),MNE,10,15,3.263429607499417,19.06521976764486,15.801790160145442,win
surface_sd_mm_penalized,Surface penalized SD (mm),MNE,10,20,3.7760957201786236,18.65472182749791,14.878626107319285,win
surface_sd_mm_penalized,Surface penalized SD (mm),MNE,15,-10,3.2938520232820827,29.881184045869933,26.58733202258785,win
surface_sd_mm_penalized,Surface penalized SD (mm),MNE,15,-5,2.537856796258296,27.937738729401293,25.399881933142996,win
surface_sd_mm_penalized,Surface penalized SD (mm),MNE,15,0,2.414168272161626,24.412642884313552,21.998474612151927,win
surface_sd_mm_penalized,Surface penalized SD (mm),MNE,15,5,2.351807692003606,19.527234212574122,17.175426520570515,win
surface_sd_mm_penalized,Surface penalized SD (mm),MNE,15,10,2.5603545065759277,17.881540400851872,15.321185894275944,win
surface_sd_mm_penalized,Surface penalized SD (mm),MNE,15,15,2.4094514218569283,18.129131133305822,15.719679711448894,win
surface_sd_mm_penalized,Surface penalized SD (mm),MNE,15,20,3.1524002720584967,18.099058859449446,14.94665858739095,win
surface_sd_mm_penalized,Surface penalized SD (mm),MNE,20,-10,3.4839986627324677,23.057610654949197,19.57361199221673,win
surface_sd_mm_penalized,Surface penalized SD (mm),MNE,20,-5,3.3768308362500448,21.872088214035177,18.495257377785133,win
surface_sd_mm_penalized,Surface penalized SD (mm),MNE,20,0,2.8153972632803512,20.11451481417294,17.29911755089259,win
surface_sd_mm_penalized,Surface penalized SD (mm),MNE,20,5,2.240702246158445,18.259089806222214,16.01838756006377,win
surface_sd_mm_penalized,Surface penalized SD (mm),MNE,20,10,2.5867560243904433,17.144164528814073,14.55740850442363,win
surface_sd_mm_penalized,Surface penalized SD (mm),MNE,20,15,2.414595049168413,17.45367644750646,15.039081398338046,win
surface_sd_mm_penalized,Surface penalized SD (mm),MNE,20,20,2.461481919671126,17.79265852442506,15.331176604753935,win
surface_sd_mm_penalized,Surface penalized SD (mm),dSPM,-10,-10,5.69601551339107,64.3114838810917,58.615468367700636,win
surface_sd_mm_penalized,Surface penalized SD (mm),dSPM,-10,-5,4.492751378667812,62.54159160680681,58.048840228139,win
surface_sd_mm_penalized,Surface penalized SD (mm),dSPM,-10,0,3.83617236710885,45.565560070908504,41.72938770379965,win
surface_sd_mm_penalized,Surface penalized SD (mm),dSPM,-10,5,5.817130774332263,26.985003623302948,21.167872848970685,win
surface_sd_mm_penalized,Surface penalized SD (mm),dSPM,-10,10,4.9486483990020425,20.94955835996619,16.000909960964147,win
surface_sd_mm_penalized,Surface penalized SD (mm),dSPM,-10,15,5.46153392859797,20.500030433754223,15.038496505156253,win
surface_sd_mm_penalized,Surface penalized SD (mm),dSPM,-10,20,6.007060755942137,20.79943162955611,14.792370873613972,win
surface_sd_mm_penalized,Surface penalized SD (mm),dSPM,-5,-10,2.396100071156105,60.18350346726303,57.787403396106924,win
surface_sd_mm_penalized,Surface penalized SD (mm),dSPM,-5,-5,3.1291972674664605,52.78463149720411,49.65543422973765,win
surface_sd_mm_penalized,Surface penalized SD (mm),dSPM,-5,0,3.3382560441174935,36.98043798455497,33.642181940437474,win
surface_sd_mm_penalized,Surface penalized SD (mm),dSPM,-5,5,4.858959366355061,24.253983714904525,19.395024348549462,win
surface_sd_mm_penalized,Surface penalized SD (mm),dSPM,-5,10,4.954090519639948,20.03689727320754,15.082806753567592,win
surface_sd_mm_penalized,Surface penalized SD (mm),dSPM,-5,15,5.090788360608484,19.702150021435827,14.611361660827342,win
surface_sd_mm_penalized,Surface penalized SD (mm),dSPM,-5,20,4.543157970058936,20.221200649492527,15.678042679433592,win
surface_sd_mm_penalized,Surface penalized SD (mm),dSPM,0,-10,2.5303489380953597,49.27906814941148,46.74871921131612,win
surface_sd_mm_penalized,Surface penalized SD (mm),dSPM,0,-5,2.7743026959902193,40.02782312735104,37.25352043136082,win
surface_sd_mm_penalized,Surface penalized SD (mm),dSPM,0,0,3.195106977083588,28.46140559319943,25.266298616115844,win
surface_sd_mm_penalized,Surface penalized SD (mm),dSPM,0,5,3.788184298299852,21.491066703571448,17.702882405271595,win
surface_sd_mm_penalized,Surface penalized SD (mm),dSPM,0,10,4.804864719273703,19.535948563589045,14.731083844315343,win
surface_sd_mm_penalized,Surface penalized SD (mm),dSPM,0,15,5.266079922063478,19.092363449939953,13.826283527876473,win
surface_sd_mm_penalized,Surface penalized SD (mm),dSPM,0,20,5.558073449818001,19.468993944511855,13.910920494693855,win
surface_sd_mm_penalized,Surface penalized SD (mm),dSPM,5,-10,2.2370880237272064,36.1803193766149,33.94323135288769,win
surface_sd_mm_penalized,Surface penalized SD (mm),dSPM,5,-5,2.775138492184944,29.92159088933326,27.146452397148316,win
surface_sd_mm_penalized,Surface penalized SD (mm),dSPM,5,0,2.5768305908757703,22.820165059344177,20.243334468468408,win
surface_sd_mm_penalized,Surface penalized SD (mm),dSPM,5,5,2.945415940012601,20.43216156978518,17.486745629772578,win
surface_sd_mm_penalized,Surface penalized SD (mm),dSPM,5,10,3.1375479884335564,19.636054730052162,16.498506741618606,win
surface_sd_mm_penalized,Surface penalized SD (mm),dSPM,5,15,3.7688474638924814,18.961397475458735,15.192550011566254,win
surface_sd_mm_penalized,Surface penalized SD (mm),dSPM,5,20,4.648903416639686,18.846984272237886,14.1980808555982,win
surface_sd_mm_penalized,Surface penalized SD (mm),dSPM,10,-10,2.8239980481698894,27.356638044018325,24.532639995848434,win
surface_sd_mm_penalized,Surface penalized SD (mm),dSPM,10,-5,2.897565821061992,23.884636850430553,20.98707102936856,win
surface_sd_mm_penalized,Surface penalized SD (mm),dSPM,10,0,2.445479002519049,21.483030469399406,19.037551466880355,win
surface_sd_mm_penalized,Surface penalized SD (mm),dSPM,10,5,2.0570642525098504,20.5456628957407,18.48859864323085,win
surface_sd_mm_penalized,Surface penalized SD (mm),dSPM,10,10,2.45552297443723,19.829766959234558,17.374243984797328,win
surface_sd_mm_penalized,Surface penalized SD (mm),dSPM,10,15,3.263429607499417,19.271327405933047,16.00789779843363,win
surface_sd_mm_penalized,Surface penalized SD (mm),dSPM,10,20,3.7760957201786236,18.84077988778836,15.064684167609737,win
surface_sd_mm_penalized,Surface penalized SD (mm),dSPM,15,-10,3.2938520232820827,23.761851057745464,20.467999034463382,win
surface_sd_mm_penalized,Surface penalized SD (mm),dSPM,15,-5,2.537856796258296,22.251400478778876,19.71354368252058,win
surface_sd_mm_penalized,Surface penalized SD (mm),dSPM,15,0,2.414168272161626,21.374901412869434,18.96073314070781,win
surface_sd_mm_penalized,Surface penalized SD (mm),dSPM,15,5,2.351807692003606,20.715932511047246,18.36412481904364,win
surface_sd_mm_penalized,Surface penalized SD (mm),dSPM,15,10,2.5603545065759277,20.185989445613696,17.62563493903777,win
surface_sd_mm_penalized,Surface penalized SD (mm),dSPM,15,15,2.4094514218569283,19.651945919484497,17.24249449762757,win
surface_sd_mm_penalized,Surface penalized SD (mm),dSPM,15,20,3.1524002720584967,19.170502798333672,16.018102526275175,win
surface_sd_mm_penalized,Surface penalized SD (mm),dSPM,20,-10,3.4839986627324677,23.42070178135087,19.936703118618404,win
surface_sd_mm_penalized,Surface penalized SD (mm),dSPM,20,-5,3.3768308362500448,22.578871037870485,19.20204020162044,win
surface_sd_mm_penalized,Surface penalized SD (mm),dSPM,20,0,2.8153972632803512,21.70460924732969,18.88921198404934,win
surface_sd_mm_penalized,Surface penalized SD (mm),dSPM,20,5,2.240702246158445,21.060856052445143,18.820153806286697,win
surface_sd_mm_penalized,Surface penalized SD (mm),dSPM,20,10,2.5867560243904433,20.59381308631451,18.007057061924066,win
surface_sd_mm_penalized,Surface penalized SD (mm),dSPM,20,15,2.414595049168413,20.075677661504965,17.661082612336553,win
surface_sd_mm_penalized,Surface penalized SD (mm),dSPM,20,20,2.461481919671126,19.601771987712556,17.14029006804143,win
surface_sd_mm_penalized,Surface penalized SD (mm),sLORETA,-10,-10,5.69601551339107,61.15380485956109,55.457789346170024,win
surface_sd_mm_penalized,Surface penalized SD (mm),sLORETA,-10,-5,4.492751378667812,58.30816497185197,53.81541359318416,win
surface_sd_mm_penalized,Surface penalized SD (mm),sLORETA,-10,0,3.83617236710885,54.349630247744166,50.513457880635315,win
surface_sd_mm_penalized,Surface penalized SD (mm),sLORETA,-10,5,5.817130774332263,46.71212361626899,40.89499284193673,win
surface_sd_mm_penalized,Surface penalized SD (mm),sLORETA,-10,10,4.9486483990020425,33.840657200915835,28.892008801913793,win
surface_sd_mm_penalized,Surface penalized SD (mm),sLORETA,-10,15,5.46153392859797,26.934237551673025,21.472703623075056,win
surface_sd_mm_penalized,Surface penalized SD (mm),sLORETA,-10,20,6.007060755942137,26.438749267867355,20.431688511925216,win
surface_sd_mm_penalized,Surface penalized SD (mm),sLORETA,-5,-10,2.396100071156105,61.021903875128906,58.6258038039728,win
surface_sd_mm_penalized,Surface penalized SD (mm),sLORETA,-5,-5,3.1291972674664605,56.52785325316947,53.39865598570301,win
surface_sd_mm_penalized,Surface penalized SD (mm),sLORETA,-5,0,3.3382560441174935,50.02420248443705,46.685946440319555,win
surface_sd_mm_penalized,Surface penalized SD (mm),sLORETA,-5,5,4.858959366355061,40.35913545005186,35.5001760836968,win
surface_sd_mm_penalized,Surface penalized SD (mm),sLORETA,-5,10,4.954090519639948,29.470461247238614,24.516370727598666,win
surface_sd_mm_penalized,Surface penalized SD (mm),sLORETA,-5,15,5.090788360608484,25.362833123339993,20.272044762731507,win
surface_sd_mm_penalized,Surface penalized SD (mm),sLORETA,-5,20,4.543157970058936,25.694592167940062,21.151434197881127,win
surface_sd_mm_penalized,Surface penalized SD (mm),sLORETA,0,-10,2.5303489380953597,59.27353531092117,56.74318637282581,win
surface_sd_mm_penalized,Surface penalized SD (mm),sLORETA,0,-5,2.7743026959902193,52.21508164318502,49.4407789471948,win
surface_sd_mm_penalized,Surface penalized SD (mm),sLORETA,0,0,3.195106977083588,41.96753577982803,38.77242880274444,win
surface_sd_mm_penalized,Surface penalized SD (mm),sLORETA,0,5,3.788184298299852,32.1237377497834,28.33555345148355,win
surface_sd_mm_penalized,Surface penalized SD (mm),sLORETA,0,10,4.804864719273703,25.764917645479823,20.96005292620612,win
surface_sd_mm_penalized,Surface penalized SD (mm),sLORETA,0,15,5.266079922063478,24.049485717474358,18.78340579541088,win
surface_sd_mm_penalized,Surface penalized SD (mm),sLORETA,0,20,5.558073449818001,24.646138289533813,19.088064839715813,win
surface_sd_mm_penalized,Surface penalized SD (mm),sLORETA,5,-10,2.2370880237272064,52.4806563263609,50.2435683026337,win
surface_sd_mm_penalized,Surface penalized SD (mm),sLORETA,5,-5,2.775138492184944,41.94179412601752,39.166655633832576,win
surface_sd_mm_penalized,Surface penalized SD (mm),sLORETA,5,0,2.5768305908757703,32.1363894815584,29.559558890682634,win
surface_sd_mm_penalized,Surface penalized SD (mm),sLORETA,5,5,2.945415940012601,26.54753901265299,23.60212307264039,win
surface_sd_mm_penalized,Surface penalized SD (mm),sLORETA,5,10,3.1375479884335564,23.948419546704113,20.810871558270556,win
surface_sd_mm_penalized,Surface penalized SD (mm),sLORETA,5,15,3.7688474638924814,23.451761044232217,19.682913580339736,win
surface_sd_mm_penalized,Surface penalized SD (mm),sLORETA,5,20,4.648903416639686,23.5399451919583,18.891041775318612,win
surface_sd_mm_penalized,Surface penalized SD (mm),sLORETA,10,-10,2.8239980481698894,38.30589619302452,35.48189814485463,win
surface_sd_mm_penalized,Surface penalized SD (mm),sLORETA,10,-5,2.897565821061992,31.73218517020447,28.83461934914248,win
surface_sd_mm_penalized,Surface penalized SD (mm),sLORETA,10,0,2.445479002519049,25.11542190274793,22.66994290022888,win
surface_sd_mm_penalized,Surface penalized SD (mm),sLORETA,10,5,2.0570642525098504,22.98921082670192,20.93214657419207,win
surface_sd_mm_penalized,Surface penalized SD (mm),sLORETA,10,10,2.45552297443723,22.69342739513029,20.23790442069306,win
surface_sd_mm_penalized,Surface penalized SD (mm),sLORETA,10,15,3.263429607499417,22.82278205495008,19.55935244745066,win
surface_sd_mm_penalized,Surface penalized SD (mm),sLORETA,10,20,3.7760957201786236,23.0435876344917,19.267491914313077,win
surface_sd_mm_penalized,Surface penalized SD (mm),sLORETA,15,-10,3.2938520232820827,28.257121748506353,24.963269725224272,win
surface_sd_mm_penalized,Surface penalized SD (mm),sLORETA,15,-5,2.537856796258296,24.700714880832294,22.162858084573998,win
surface_sd_mm_penalized,Surface penalized SD (mm),sLORETA,15,0,2.414168272161626,22.32179352779578,19.907625255634155,win
surface_sd_mm_penalized,Surface penalized SD (mm),sLORETA,15,5,2.351807692003606,21.47772338761789,19.12591569561428,win
surface_sd_mm_penalized,Surface penalized SD (mm),sLORETA,15,10,2.5603545065759277,21.69382648737475,19.133471980798824,win
surface_sd_mm_penalized,Surface penalized SD (mm),sLORETA,15,15,2.4094514218569283,22.325963800415142,19.916512378558213,win
surface_sd_mm_penalized,Surface penalized SD (mm),sLORETA,15,20,3.1524002720584967,22.637604924409228,19.48520465235073,win
surface_sd_mm_penalized,Surface penalized SD (mm),sLORETA,20,-10,3.4839986627324677,24.80457000045756,21.32057133772509,win
surface_sd_mm_penalized,Surface penalized SD (mm),sLORETA,20,-5,3.3768308362500448,23.289356371706862,19.91252553545682,win
surface_sd_mm_penalized,Surface penalized SD (mm),sLORETA,20,0,2.8153972632803512,21.962194348703434,19.14679708542308,win
surface_sd_mm_penalized,Surface penalized SD (mm),sLORETA,20,5,2.240702246158445,21.239389420813477,18.998687174655032,win
surface_sd_mm_penalized,Surface penalized SD (mm),sLORETA,20,10,2.5867560243904433,21.08667119141343,18.499915167022987,win
surface_sd_mm_penalized,Surface penalized SD (mm),sLORETA,20,15,2.414595049168413,21.608594115193412,19.193999066025,win
surface_sd_mm_penalized,Surface penalized SD (mm),sLORETA,20,20,2.461481919671126,22.2680293036415,19.806547383970376,win
surface_sd_mm_penalized,Surface penalized SD (mm),eLORETA,-10,-10,5.69601551339107,67.14488631873473,61.44887080534367,win
surface_sd_mm_penalized,Surface penalized SD (mm),eLORETA,-10,-5,4.492751378667812,65.40946570336418,60.916714324696365,win
surface_sd_mm_penalized,Surface penalized SD (mm),eLORETA,-10,0,3.83617236710885,56.67893859769563,52.842766230586776,win
surface_sd_mm_penalized,Surface penalized SD (mm),eLORETA,-10,5,5.817130774332263,37.835185025525014,32.01805425119275,win
surface_sd_mm_penalized,Surface penalized SD (mm),eLORETA,-10,10,4.9486483990020425,25.173250222176296,20.224601823174254,win
surface_sd_mm_penalized,Surface penalized SD (mm),eLORETA,-10,15,5.46153392859797,22.831610722558782,17.370076793960813,win
surface_sd_mm_penalized,Surface penalized SD (mm),eLORETA,-10,20,6.007060755942137,23.076878789740643,17.069818033798505,win
surface_sd_mm_penalized,Surface penalized SD (mm),eLORETA,-5,-10,2.396100071156105,66.23674245597955,63.84064238482345,win
surface_sd_mm_penalized,Surface penalized SD (mm),eLORETA,-5,-5,3.1291972674664605,62.67584510970667,59.54664784224021,win
surface_sd_mm_penalized,Surface penalized SD (mm),eLORETA,-5,0,3.3382560441174935,49.76353190621373,46.425275862096235,win
surface_sd_mm_penalized,Surface penalized SD (mm),eLORETA,-5,5,4.858959366355061,33.46462828694923,28.605668920594166,win
surface_sd_mm_penalized,Surface penalized SD (mm),eLORETA,-5,10,4.954090519639948,23.123972844294258,18.16988232465431,win
surface_sd_mm_penalized,Surface penalized SD (mm),eLORETA,-5,15,5.090788360608484,21.52388067915038,16.433092318541895,win
surface_sd_mm_penalized,Surface penalized SD (mm),eLORETA,-5,20,4.543157970058936,22.249004250382637,17.7058462803237,win
surface_sd_mm_penalized,Surface penalized SD (mm),eLORETA,0,-10,2.5303489380953597,61.341378711820504,58.811029773725146,win
surface_sd_mm_penalized,Surface penalized SD (mm),eLORETA,0,-5,2.7743026959902193,53.14841293109578,50.374110235105555,win
surface_sd_mm_penalized,Surface penalized SD (mm),eLORETA,0,0,3.195106977083588,40.244090723570224,37.048983746486634,win
surface_sd_mm_penalized,Surface penalized SD (mm),eLORETA,0,5,3.788184298299852,27.90853758189272,24.120353283592866,win
surface_sd_mm_penalized,Surface penalized SD (mm),eLORETA,0,10,4.804864719273703,20.915945176249256,16.111080456975554,win
surface_sd_mm_penalized,Surface penalized SD (mm),eLORETA,0,15,5.266079922063478,20.109177534990003,14.843097612926524,win
surface_sd_mm_penalized,Surface penalized SD (mm),eLORETA,0,20,5.558073449818001,21.053782492192408,15.495709042374408,win
surface_sd_mm_penalized,Surface penalized SD (mm),eLORETA,5,-10,2.2370880237272064,46.85483140643863,44.617743382711424,win
surface_sd_mm_penalized,Surface penalized SD (mm),eLORETA,5,-5,2.775138492184944,39.77746909404585,37.002330601860905,win
surface_sd_mm_penalized,Surface penalized SD (mm),eLORETA,5,0,2.5768305908757703,32.65606132224884,30.07923073137307,win
surface_sd_mm_penalized,Surface penalized SD (mm),eLORETA,5,5,2.945415940012601,23.292141285871423,20.34672534585882,win
surface_sd_mm_penalized,Surface penalized SD (mm),eLORETA,5,10,3.1375479884335564,19.302776727508217,16.16522873907466,win
surface_sd_mm_penalized,Surface penalized SD (mm),eLORETA,5,15,3.7688474638924814,19.102895810648565,15.334048346756084,win
surface_sd_mm_penalized,Surface penalized SD (mm),eLORETA,5,20,4.648903416639686,19.727580365887942,15.078676949248255,win
surface_sd_mm_penalized,Surface penalized SD (mm),eLORETA,10,-10,2.8239980481698894,34.034661574479294,31.210663526309403,win
surface_sd_mm_penalized,Surface penalized SD (mm),eLORETA,10,-5,2.897565821061992,29.66957736909112,26.772011548029127,win
surface_sd_mm_penalized,Surface penalized SD (mm),eLORETA,10,0,2.445479002519049,24.64731725078862,22.20183824826957,win
surface_sd_mm_penalized,Surface penalized SD (mm),eLORETA,10,5,2.0570642525098504,20.21942341281841,18.16235916030856,win
surface_sd_mm_penalized,Surface penalized SD (mm),eLORETA,10,10,2.45552297443723,18.320473547445726,15.864950573008496,win
surface_sd_mm_penalized,Surface penalized SD (mm),eLORETA,10,15,3.263429607499417,18.356103898963514,15.092674291464098,win
surface_sd_mm_penalized,Surface penalized SD (mm),eLORETA,10,20,3.7760957201786236,18.837382395958866,15.061286675780241,win
surface_sd_mm_penalized,Surface penalized SD (mm),eLORETA,15,-10,3.2938520232820827,25.664053181313363,22.370201158031282,win
surface_sd_mm_penalized,Surface penalized SD (mm),eLORETA,15,-5,2.537856796258296,22.917037463927713,20.379180667669416,win
surface_sd_mm_penalized,Surface penalized SD (mm),eLORETA,15,0,2.414168272161626,20.55008689805452,18.135918625892895,win
surface_sd_mm_penalized,Surface penalized SD (mm),eLORETA,15,5,2.351807692003606,18.698203684990048,16.34639599298644,win
surface_sd_mm_penalized,Surface penalized SD (mm),eLORETA,15,10,2.5603545065759277,18.01640535584814,15.456050849272211,win
surface_sd_mm_penalized,Surface penalized SD (mm),eLORETA,15,15,2.4094514218569283,17.883922824737578,15.47447140288065,win
surface_sd_mm_penalized,Surface penalized SD (mm),eLORETA,15,20,3.1524002720584967,18.146203468493887,14.99380319643539,win
surface_sd_mm_penalized,Surface penalized SD (mm),eLORETA,20,-10,3.4839986627324677,22.61095499373299,19.12695633100052,win
surface_sd_mm_penalized,Surface penalized SD (mm),eLORETA,20,-5,3.3768308362500448,21.11812697939644,17.741296143146396,win
surface_sd_mm_penalized,Surface penalized SD (mm),eLORETA,20,0,2.8153972632803512,19.71541455071829,16.90001728743794,win
surface_sd_mm_penalized,Surface penalized SD (mm),eLORETA,20,5,2.240702246158445,18.713832164208387,16.473129918049942,win
surface_sd_mm_penalized,Surface penalized SD (mm),eLORETA,20,10,2.5867560243904433,18.124243011148312,15.53748698675787,win
surface_sd_mm_penalized,Surface penalized SD (mm),eLORETA,20,15,2.414595049168413,17.82292745783366,15.408332408665247,win
surface_sd_mm_penalized,Surface penalized SD (mm),eLORETA,20,20,2.461481919671126,17.792119850731883,15.330637931060757,win
surface_sd_mm_penalized,Surface penalized SD (mm),LCMV,-10,-10,5.69601551339107,54.96374488067746,49.26772936728639,win
surface_sd_mm_penalized,Surface penalized SD (mm),LCMV,-10,-5,4.492751378667812,53.477718321398974,48.98496694273116,win
surface_sd_mm_penalized,Surface penalized SD (mm),LCMV,-10,0,3.83617236710885,52.0619414709202,48.22576910381135,win
surface_sd_mm_penalized,Surface penalized SD (mm),LCMV,-10,5,5.817130774332263,51.169509707736864,45.3523789334046,win
surface_sd_mm_penalized,Surface penalized SD (mm),LCMV,-10,10,4.9486483990020425,50.81214348482433,45.863495085822294,win
surface_sd_mm_penalized,Surface penalized SD (mm),LCMV,-10,15,5.46153392859797,50.61692673598236,45.15539280738439,win
surface_sd_mm_penalized,Surface penalized SD (mm),LCMV,-10,20,6.007060755942137,50.515494218991655,44.50843346304952,win
surface_sd_mm_penalized,Surface penalized SD (mm),LCMV,-5,-10,2.396100071156105,55.60932563222779,53.21322556107168,win
surface_sd_mm_penalized,Surface penalized SD (mm),LCMV,-5,-5,3.1291972674664605,54.36725971781048,51.23806245034402,win
surface_sd_mm_penalized,Surface penalized SD (mm),LCMV,-5,0,3.3382560441174935,52.787275431873844,49.44901938775635,win
surface_sd_mm_penalized,Surface penalized SD (mm),LCMV,-5,5,4.858959366355061,51.62506267217079,46.76610330581573,win
surface_sd_mm_penalized,Surface penalized SD (mm),LCMV,-5,10,4.954090519639948,50.996822026030095,46.04273150639015,win
surface_sd_mm_penalized,Surface penalized SD (mm),LCMV,-5,15,5.090788360608484,50.69131562141384,45.60052726080536,win
surface_sd_mm_penalized,Surface penalized SD (mm),LCMV,-5,20,4.543157970058936,50.53947165445171,45.996313684392774,win
surface_sd_mm_penalized,Surface penalized SD (mm),LCMV,0,-10,2.5303489380953597,55.475209180478686,52.94486024238333,win
surface_sd_mm_penalized,Surface penalized SD (mm),LCMV,0,-5,2.7743026959902193,54.66444773495854,51.89014503896832,win
surface_sd_mm_penalized,Surface penalized SD (mm),LCMV,0,0,3.195106977083588,53.41467060806628,50.21956363098269,win
surface_sd_mm_penalized,Surface penalized SD (mm),LCMV,0,5,3.788184298299852,52.23029330401939,48.44210900571954,win
surface_sd_mm_penalized,Surface penalized SD (mm),LCMV,0,10,4.804864719273703,51.251877476110394,46.44701275683669,win
surface_sd_mm_penalized,Surface penalized SD (mm),LCMV,0,15,5.266079922063478,50.82462819352293,45.55854827145946,win
surface_sd_mm_penalized,Surface penalized SD (mm),LCMV,0,20,5.558073449818001,50.52461042395519,44.966536974137185,win
surface_sd_mm_penalized,Surface penalized SD (mm),LCMV,5,-10,2.2370880237272064,54.517348154007635,52.28026013028043,win
surface_sd_mm_penalized,Surface penalized SD (mm),LCMV,5,-5,2.775138492184944,53.928198611213595,51.15306011902865,win
surface_sd_mm_penalized,Surface penalized SD (mm),LCMV,5,0,2.5768305908757703,53.11479845236232,50.53796786148655,win
surface_sd_mm_penalized,Surface penalized SD (mm),LCMV,5,5,2.945415940012601,52.246383677301594,49.30096773728899,win
surface_sd_mm_penalized,Surface penalized SD (mm),LCMV,5,10,3.1375479884335564,51.51921099901484,48.381663010581285,win
surface_sd_mm_penalized,Surface penalized SD (mm),LCMV,5,15,3.7688474638924814,50.96538316581081,47.19653570191833,win
surface_sd_mm_penalized,Surface penalized SD (mm),LCMV,5,20,4.648903416639686,50.636755638645305,45.98785222200562,win
surface_sd_mm_penalized,Surface penalized SD (mm),LCMV,10,-10,2.8239980481698894,52.846717814089324,50.02271976591943,win
surface_sd_mm_penalized,Surface penalized SD (mm),LCMV,10,-5,2.897565821061992,52.675505853903125,49.77794003284113,win
surface_sd_mm_penalized,Surface penalized SD (mm),LCMV,10,0,2.445479002519049,52.53535484796947,50.08987584545042,win
surface_sd_mm_penalized,Surface penalized SD (mm),LCMV,10,5,2.0570642525098504,51.74421309609328,49.68714884358343,win
surface_sd_mm_penalized,Surface penalized SD (mm),LCMV,10,10,2.45552297443723,51.35765739743183,48.9021344229946,win
surface_sd_mm_penalized,Surface penalized SD (mm),LCMV,10,15,3.263429607499417,50.980305846053334,47.716876238553915,win
surface_sd_mm_penalized,Surface penalized SD (mm),LCMV,10,20,3.7760957201786236,50.562790178712646,46.78669445853402,win
surface_sd_mm_penalized,Surface penalized SD (mm),LCMV,15,-10,3.2938520232820827,51.46339323411817,48.16954121083609,win
surface_sd_mm_penalized,Surface penalized SD (mm),LCMV,15,-5,2.537856796258296,51.466118091799615,48.92826129554132,win
surface_sd_mm_penalized,Surface penalized SD (mm),LCMV,15,0,2.414168272161626,51.267071154577536,48.85290288241591,win
surface_sd_mm_penalized,Surface penalized SD (mm),LCMV,15,5,2.351807692003606,51.04741079347529,48.69560310147168,win
surface_sd_mm_penalized,Surface penalized SD (mm),LCMV,15,10,2.5603545065759277,50.829122123468785,48.26876761689286,win
surface_sd_mm_penalized,Surface penalized SD (mm),LCMV,15,15,2.4094514218569283,50.42866201751169,48.01921059565476,win
surface_sd_mm_penalized,Surface penalized SD (mm),LCMV,15,20,3.1524002720584967,50.337797347224694,47.18539707516619,win
surface_sd_mm_penalized,Surface penalized SD (mm),LCMV,20,-10,3.4839986627324677,50.15730379154587,46.6733051288134,win
surface_sd_mm_penalized,Surface penalized SD (mm),LCMV,20,-5,3.3768308362500448,50.21753794433473,46.840707108084686,win
surface_sd_mm_penalized,Surface penalized SD (mm),LCMV,20,0,2.8153972632803512,50.42928245487875,47.6138851915984,win
surface_sd_mm_penalized,Surface penalized SD (mm),LCMV,20,5,2.240702246158445,50.427918960793114,48.18721671463467,win
surface_sd_mm_penalized,Surface penalized SD (mm),LCMV,20,10,2.5867560243904433,50.16579913199115,47.579043107600704,win
surface_sd_mm_penalized,Surface penalized SD (mm),LCMV,20,15,2.414595049168413,49.99860848632239,47.58401343715398,win
surface_sd_mm_penalized,Surface penalized SD (mm),LCMV,20,20,2.461481919671126,49.89871198502045,47.437230065349326,win
surface_sd_mm_penalized,Surface penalized SD (mm),Dipole fitting (grid),-10,-10,5.69601551339107,21.956808977441924,16.260793464050852,win
surface_sd_mm_penalized,Surface penalized SD (mm),Dipole fitting (grid),-10,-5,4.492751378667812,13.406009007446817,8.913257628779006,win
surface_sd_mm_penalized,Surface penalized SD (mm),Dipole fitting (grid),-10,0,3.83617236710885,8.549479879845505,4.713307512736655,win
surface_sd_mm_penalized,Surface penalized SD (mm),Dipole fitting (grid),-10,5,5.817130774332263,7.252574428760753,1.4354436544284903,win
surface_sd_mm_penalized,Surface penalized SD (mm),Dipole fitting (grid),-10,10,4.9486483990020425,8.352356934707567,3.4037085357055243,win
surface_sd_mm_penalized,Surface penalized SD (mm),Dipole fitting (grid),-10,15,5.46153392859797,7.903175810363707,2.4416418817657366,win
surface_sd_mm_penalized,Surface penalized SD (mm),Dipole fitting (grid),-10,20,6.007060755942137,7.747550574686744,1.7404898187446065,win
surface_sd_mm_penalized,Surface penalized SD (mm),Dipole fitting (grid),-5,-10,2.396100071156105,10.460159783539096,8.06405971238299,win
surface_sd_mm_penalized,Surface penalized SD (mm),Dipole fitting (grid),-5,-5,3.1291972674664605,8.152275954499892,5.023078687033431,win
surface_sd_mm_penalized,Surface penalized SD (mm),Dipole fitting (grid),-5,0,3.3382560441174935,6.597140727831974,3.2588846837144803,win
surface_sd_mm_penalized,Surface penalized SD (mm),Dipole fitting (grid),-5,5,4.858959366355061,6.903913372100824,2.0449540057457627,win
surface_sd_mm_penalized,Surface penalized SD (mm),Dipole fitting (grid),-5,10,4.954090519639948,6.817293433988742,1.8632029143487943,win
surface_sd_mm_penalized,Surface penalized SD (mm),Dipole fitting (grid),-5,15,5.090788360608484,6.711888712587154,1.6211003519786695,win
surface_sd_mm_penalized,Surface penalized SD (mm),Dipole fitting (grid),-5,20,4.543157970058936,6.639365101313904,2.0962071312549675,win
surface_sd_mm_penalized,Surface penalized SD (mm),Dipole fitting (grid),0,-10,2.5303489380953597,6.369137688498999,3.8387887504036398,win
surface_sd_mm_penalized,Surface penalized SD (mm),Dipole fitting (grid),0,-5,2.7743026959902193,5.131913046816165,2.357610350825946,win
surface_sd_mm_penalized,Surface penalized SD (mm),Dipole fitting (grid),0,0,3.195106977083588,5.0931509013576735,1.8980439242740856,win
surface_sd_mm_penalized,Surface penalized SD (mm),Dipole fitting (grid),0,5,3.788184298299852,4.832583530343179,1.0443992320433266,win
surface_sd_mm_penalized,Surface penalized SD (mm),Dipole fitting (grid),0,10,4.804864719273703,5.942880274401792,1.1380155551280886,win
surface_sd_mm_penalized,Surface penalized SD (mm),Dipole fitting (grid),0,15,5.266079922063478,6.544175537304443,1.2780956152409644,win
surface_sd_mm_penalized,Surface penalized SD (mm),Dipole fitting (grid),0,20,5.558073449818001,7.148418941068219,1.5903454912502184,win
surface_sd_mm_penalized,Surface penalized SD (mm),Dipole fitting (grid),5,-10,2.2370880237272064,5.27185994580606,3.034771922078854,win
surface_sd_mm_penalized,Surface penalized SD (mm),Dipole fitting (grid),5,-5,2.775138492184944,4.365670438648967,1.5905319464640226,win
surface_sd_mm_penalized,Surface penalized SD (mm),Dipole fitting (grid),5,0,2.5768305908757703,4.360849726727213,1.7840191358514423,win
surface_sd_mm_penalized,Surface penalized SD (mm),Dipole fitting (grid),5,5,2.945415940012601,4.3088751693613085,1.3634592293487073,win
surface_sd_mm_penalized,Surface penalized SD (mm),Dipole fitting (grid),5,10,3.1375479884335564,4.404785349719865,1.2672373612863086,win
surface_sd_mm_penalized,Surface penalized SD (mm),Dipole fitting (grid),5,15,3.7688474638924814,6.366148546327994,2.597301082435513,win
surface_sd_mm_penalized,Surface penalized SD (mm),Dipole fitting (grid),5,20,4.648903416639686,5.8002539725681,1.1513505559284143,win
surface_sd_mm_penalized,Surface penalized SD (mm),Dipole fitting (grid),10,-10,2.8239980481698894,5.086777468388886,2.262779420218996,win
surface_sd_mm_penalized,Surface penalized SD (mm),Dipole fitting (grid),10,-5,2.897565821061992,5.287482970781546,2.3899171497195537,win
surface_sd_mm_penalized,Surface penalized SD (mm),Dipole fitting (grid),10,0,2.445479002519049,4.749325388208746,2.3038463856896967,win
surface_sd_mm_penalized,Surface penalized SD (mm),Dipole fitting (grid),10,5,2.0570642525098504,4.203957156403282,2.146892903893432,win
surface_sd_mm_penalized,Surface penalized SD (mm),Dipole fitting (grid),10,10,2.45552297443723,4.147867216745966,1.6923442423087356,win
surface_sd_mm_penalized,Surface penalized SD (mm),Dipole fitting (grid),10,15,3.263429607499417,4.587992079066866,1.3245624715674489,win
surface_sd_mm_penalized,Surface penalized SD (mm),Dipole fitting (grid),10,20,3.7760957201786236,5.736620591343089,1.9605248711644658,win
surface_sd_mm_penalized,Surface penalized SD (mm),Dipole fitting (grid),15,-10,3.2938520232820827,6.01441768286674,2.7205656595846572,win
surface_sd_mm_penalized,Surface penalized SD (mm),Dipole fitting (grid),15,-5,2.537856796258296,4.890369388890275,2.3525125926319794,win
surface_sd_mm_penalized,Surface penalized SD (mm),Dipole fitting (grid),15,0,2.414168272161626,4.68585175827548,2.271683486113854,win
surface_sd_mm_penalized,Surface penalized SD (mm),Dipole fitting (grid),15,5,2.351807692003606,4.535006935559147,2.1831992435555407,win
surface_sd_mm_penalized,Surface penalized SD (mm),Dipole fitting (grid),15,10,2.5603545065759277,4.178750256172201,1.618395749596273,win
surface_sd_mm_penalized,Surface penalized SD (mm),Dipole fitting (grid),15,15,2.4094514218569283,4.1716242954856995,1.7621728736287712,win
surface_sd_mm_penalized,Surface penalized SD (mm),Dipole fitting (grid),15,20,3.1524002720584967,4.064709863901182,0.9123095918426856,win
surface_sd_mm_penalized,Surface penalized SD (mm),Dipole fitting (grid),20,-10,3.4839986627324677,5.58898326303698,2.104984600304512,win
surface_sd_mm_penalized,Surface penalized SD (mm),Dipole fitting (grid),20,-5,3.3768308362500448,5.820926882658214,2.4440960464081694,win
surface_sd_mm_penalized,Surface penalized SD (mm),Dipole fitting (grid),20,0,2.8153972632803512,5.455003233236394,2.639605969956043,win
surface_sd_mm_penalized,Surface penalized SD (mm),Dipole fitting (grid),20,5,2.240702246158445,5.0731884823261915,2.8324862361677465,win
surface_sd_mm_penalized,Surface penalized SD (mm),Dipole fitting (grid),20,10,2.5867560243904433,4.2596262867579116,1.6728702623674683,win
surface_sd_mm_penalized,Surface penalized SD (mm),Dipole fitting (grid),20,15,2.414595049168413,4.051607999972446,1.6370129508040328,win
surface_sd_mm_penalized,Surface penalized SD (mm),Dipole fitting (grid),20,20,2.461481919671126,4.539203698942476,2.07772177927135,win
surface_sd_mm_penalized,Surface penalized SD (mm),RAP-MUSIC,-10,-10,5.69601551339107,14.874246470642289,9.17823095725122,win
surface_sd_mm_penalized,Surface penalized SD (mm),RAP-MUSIC,-10,-5,4.492751378667812,10.57029260839233,6.077541229724519,win
surface_sd_mm_penalized,Surface penalized SD (mm),RAP-MUSIC,-10,0,3.83617236710885,6.9048143876489085,3.0686420205400586,win
surface_sd_mm_penalized,Surface penalized SD (mm),RAP-MUSIC,-10,5,5.817130774332263,5.9047453477029945,0.08761457337073164,win
surface_sd_mm_penalized,Surface penalized SD (mm),RAP-MUSIC,-10,10,4.9486483990020425,4.83718866847185,-0.11145973053019276,loss
surface_sd_mm_penalized,Surface penalized SD (mm),RAP-MUSIC,-10,15,5.46153392859797,4.135745055540738,-1.325788873057232,loss
surface_sd_mm_penalized,Surface penalized SD (mm),RAP-MUSIC,-10,20,6.007060755942137,4.490215780363372,-1.5168449755787652,loss
surface_sd_mm_penalized,Surface penalized SD (mm),RAP-MUSIC,-5,-10,2.396100071156105,6.767720904608456,4.371620833452351,win
surface_sd_mm_penalized,Surface penalized SD (mm),RAP-MUSIC,-5,-5,3.1291972674664605,6.145717822877994,3.016520555411533,win
surface_sd_mm_penalized,Surface penalized SD (mm),RAP-MUSIC,-5,0,3.3382560441174935,5.31825468477961,1.9799986406621168,win
surface_sd_mm_penalized,Surface penalized SD (mm),RAP-MUSIC,-5,5,4.858959366355061,4.616571614934698,-0.24238775142036317,loss
surface_sd_mm_penalized,Surface penalized SD (mm),RAP-MUSIC,-5,10,4.954090519639948,4.765100726224794,-0.18898979341515343,loss
surface_sd_mm_penalized,Surface penalized SD (mm),RAP-MUSIC,-5,15,5.090788360608484,3.795464541634079,-1.2953238189744054,loss
surface_sd_mm_penalized,Surface penalized SD (mm),RAP-MUSIC,-5,20,4.543157970058936,4.119603726041738,-0.42355424401719777,loss
surface_sd_mm_penalized,Surface penalized SD (mm),RAP-MUSIC,0,-10,2.5303489380953597,4.8667308807782,2.3363819426828405,win
surface_sd_mm_penalized,Surface penalized SD (mm),RAP-MUSIC,0,-5,2.7743026959902193,3.9465816119878276,1.1722789159976084,win
surface_sd_mm_penalized,Surface penalized SD (mm),RAP-MUSIC,0,0,3.195106977083588,4.69825672573892,1.5031497486553325,win
surface_sd_mm_penalized,Surface penalized SD (mm),RAP-MUSIC,0,5,3.788184298299852,3.3041999677354963,-0.48398433056435586,loss
surface_sd_mm_penalized,Surface penalized SD (mm),RAP-MUSIC,0,10,4.804864719273703,3.710150550405191,-1.0947141688685122,loss
surface_sd_mm_penalized,Surface penalized SD (mm),RAP-MUSIC,0,15,5.266079922063478,4.2360093238597205,-1.030070598203758,loss
surface_sd_mm_penalized,Surface penalized SD (mm),RAP-MUSIC,0,20,5.558073449818001,4.611960024166376,-0.9461134256516246,loss
surface_sd_mm_penalized,Surface penalized SD (mm),RAP-MUSIC,5,-10,2.2370880237272064,5.007418860634025,2.7703308369068185,win
surface_sd_mm_penalized,Surface penalized SD (mm),RAP-MUSIC,5,-5,2.775138492184944,4.466455602180235,1.6913171099952913,win
surface_sd_mm_penalized,Surface penalized SD (mm),RAP-MUSIC,5,0,2.5768305908757703,3.9624911417099606,1.3856605508341904,win
surface_sd_mm_penalized,Surface penalized SD (mm),RAP-MUSIC,5,5,2.945415940012601,3.39375120169491,0.44833526168230886,win
surface_sd_mm_penalized,Surface penalized SD (mm),RAP-MUSIC,5,10,3.1375479884335564,3.4068760219071925,0.2693280334736361,win
surface_sd_mm_penalized,Surface penalized SD (mm),RAP-MUSIC,5,15,3.7688474638924814,3.746190838487204,-0.022656625405277353,loss
surface_sd_mm_penalized,Surface penalized SD (mm),RAP-MUSIC,5,20,4.648903416639686,4.31232389096515,-0.3365795256745363,loss
surface_sd_mm_penalized,Surface penalized SD (mm),RAP-MUSIC,10,-10,2.8239980481698894,4.286779321055607,1.4627812728857177,win
surface_sd_mm_penalized,Surface penalized SD (mm),RAP-MUSIC,10,-5,2.897565821061992,4.849181948310092,1.9516161272481005,win
surface_sd_mm_penalized,Surface penalized SD (mm),RAP-MUSIC,10,0,2.445479002519049,4.033564335047323,1.5880853325282742,win
surface_sd_mm_penalized,Surface penalized SD (mm),RAP-MUSIC,10,5,2.0570642525098504,3.293702101694914,1.2366378491850636,win
surface_sd_mm_penalized,Surface penalized SD (mm),RAP-MUSIC,10,10,2.45552297443723,2.9663050536929503,0.5107820792557201,win
surface_sd_mm_penalized,Surface penalized SD (mm),RAP-MUSIC,10,15,3.263429607499417,3.236328288976121,-0.02710131852329578,loss
surface_sd_mm_penalized,Surface penalized SD (mm),RAP-MUSIC,10,20,3.7760957201786236,3.4420183831696414,-0.33407733700898223,loss
surface_sd_mm_penalized,Surface penalized SD (mm),RAP-MUSIC,15,-10,3.2938520232820827,4.843886516220925,1.5500344929388423,win
surface_sd_mm_penalized,Surface penalized SD (mm),RAP-MUSIC,15,-5,2.537856796258296,4.393915765504427,1.856058969246131,win
surface_sd_mm_penalized,Surface penalized SD (mm),RAP-MUSIC,15,0,2.414168272161626,4.138898350945593,1.7247300787839666,win
surface_sd_mm_penalized,Surface penalized SD (mm),RAP-MUSIC,15,5,2.351807692003606,3.732362246141294,1.3805545541376882,win
surface_sd_mm_penalized,Surface penalized SD (mm),RAP-MUSIC,15,10,2.5603545065759277,3.150841838223968,0.5904873316480401,win
surface_sd_mm_penalized,Surface penalized SD (mm),RAP-MUSIC,15,15,2.4094514218569283,3.5824932442862427,1.1730418224293144,win
surface_sd_mm_penalized,Surface penalized SD (mm),RAP-MUSIC,15,20,3.1524002720584967,3.202113270608758,0.04971299855026112,win
surface_sd_mm_penalized,Surface penalized SD (mm),RAP-MUSIC,20,-10,3.4839986627324677,5.140143932635819,1.6561452699033516,win
surface_sd_mm_penalized,Surface penalized SD (mm),RAP-MUSIC,20,-5,3.3768308362500448,4.734318694648588,1.3574878583985428,win
surface_sd_mm_penalized,Surface penalized SD (mm),RAP-MUSIC,20,0,2.8153972632803512,4.564241500071353,1.748844236791002,win
surface_sd_mm_penalized,Surface penalized SD (mm),RAP-MUSIC,20,5,2.240702246158445,4.222600457125648,1.9818982109672034,win
surface_sd_mm_penalized,Surface penalized SD (mm),RAP-MUSIC,20,10,2.5867560243904433,3.951485663131106,1.3647296387406627,win
surface_sd_mm_penalized,Surface penalized SD (mm),RAP-MUSIC,20,15,2.414595049168413,3.135273132487006,0.7206780833185928,win
surface_sd_mm_penalized,Surface penalized SD (mm),RAP-MUSIC,20,20,2.461481919671126,3.169253739696481,0.7077718200253549,win
surface_dle_mm_penalized,Surface penalized DLE (mm),SISSES,-10,-10,10.00465538614772,74.11233336049439,64.10767797434667,win
surface_dle_mm_penalized,Surface penalized DLE (mm),SISSES,-10,-5,8.664883334223559,75.22766780957045,66.56278447534689,win
surface_dle_mm_penalized,Surface penalized DLE (mm),SISSES,-10,0,9.525723032697647,69.29529900789029,59.769575975192645,win
surface_dle_mm_penalized,Surface penalized DLE (mm),SISSES,-10,5,11.777513003568961,62.6617442542266,50.884231250657635,win
surface_dle_mm_penalized,Surface penalized DLE (mm),SISSES,-10,10,8.795054578950477,38.79766888764534,30.00261430869486,win
surface_dle_mm_penalized,Surface penalized DLE (mm),SISSES,-10,15,10.657963368504243,17.626546840642426,6.968583472138183,win
surface_dle_mm_penalized,Surface penalized DLE (mm),SISSES,-10,20,10.888744563343437,15.502277944970187,4.61353338162675,win
surface_dle_mm_penalized,Surface penalized DLE (mm),SISSES,-5,-10,8.946169045694836,74.36158445325003,65.4154154075552,win
surface_dle_mm_penalized,Surface penalized DLE (mm),SISSES,-5,-5,8.32840177496694,74.26066039081587,65.93225861584894,win
surface_dle_mm_penalized,Surface penalized DLE (mm),SISSES,-5,0,8.271553800826977,70.84259015503523,62.571036354208246,win
surface_dle_mm_penalized,Surface penalized DLE (mm),SISSES,-5,5,9.324873767955648,56.40550262690497,47.080628858949325,win
surface_dle_mm_penalized,Surface penalized DLE (mm),SISSES,-5,10,10.357020002716013,29.265687874670736,18.908667871954723,win
surface_dle_mm_penalized,Surface penalized DLE (mm),SISSES,-5,15,9.510814263936778,14.506278229253715,4.995463965316937,win
surface_dle_mm_penalized,Surface penalized DLE (mm),SISSES,-5,20,8.980320733688403,15.136292288527713,6.15597155483931,win
surface_dle_mm_penalized,Surface penalized DLE (mm),SISSES,0,-10,8.396801132473668,75.0783899549743,66.68158882250063,win
surface_dle_mm_penalized,Surface penalized DLE (mm),SISSES,0,-5,8.706045788055471,72.0331377874617,63.32709199940623,win
surface_dle_mm_penalized,Surface penalized DLE (mm),SISSES,0,0,7.367576380849374,66.65374221993683,59.28616583908746,win
surface_dle_mm_penalized,Surface penalized DLE (mm),SISSES,0,5,7.2235228680087324,56.22162333027177,48.99810046226304,win
surface_dle_mm_penalized,Surface penalized DLE (mm),SISSES,0,10,9.160080961736599,25.19694352150981,16.036862559773212,win
surface_dle_mm_penalized,Surface penalized DLE (mm),SISSES,0,15,10.107484297583698,15.153938112482217,5.04645381489852,win
surface_dle_mm_penalized,Surface penalized DLE (mm),SISSES,0,20,10.446894650117342,13.86797083964965,3.421076189532309,win
surface_dle_mm_penalized,Surface penalized DLE (mm),SISSES,5,-10,9.101029006655343,75.28187824483418,66.18084923817884,win
surface_dle_mm_penalized,Surface penalized DLE (mm),SISSES,5,-5,8.546888566547834,67.80665462069317,59.25976605414533,win
surface_dle_mm_penalized,Surface penalized DLE (mm),SISSES,5,0,7.358133064400291,63.9141544154351,56.55602135103481,win
surface_dle_mm_penalized,Surface penalized DLE (mm),SISSES,5,5,6.876462593614245,48.395652879835104,41.51919028622086,win
surface_dle_mm_penalized,Surface penalized DLE (mm),SISSES,5,10,8.524985101759798,27.75512166290129,19.230136561141492,win
surface_dle_mm_penalized,Surface penalized DLE (mm),SISSES,5,15,7.734692841928319,14.503616859837473,6.768924017909154,win
surface_dle_mm_penalized,Surface penalized DLE (mm),SISSES,5,20,8.734322850699007,13.284843356465586,4.550520505766579,win
surface_dle_mm_penalized,Surface penalized DLE (mm),SISSES,10,-10,7.573928478881285,67.40349648713168,59.82956800825039,win
surface_dle_mm_penalized,Surface penalized DLE (mm),SISSES,10,-5,8.221327906231453,60.0191696433781,51.79784173714665,win
surface_dle_mm_penalized,Surface penalized DLE (mm),SISSES,10,0,7.989324392264083,49.493063586437664,41.50373919417358,win
surface_dle_mm_penalized,Surface penalized DLE (mm),SISSES,10,5,8.368116361230362,37.23479919012076,28.866682828890397,win
surface_dle_mm_penalized,Surface penalized DLE (mm),SISSES,10,10,6.7650095119233695,20.436357084780372,13.671347572857002,win
surface_dle_mm_penalized,Surface penalized DLE (mm),SISSES,10,15,7.26872173340062,14.849341075834824,7.580619342434203,win
surface_dle_mm_penalized,Surface penalized DLE (mm),SISSES,10,20,7.907865218358502,13.551971492490571,5.644106274132069,win
surface_dle_mm_penalized,Surface penalized DLE (mm),SISSES,15,-10,8.525035932645098,42.75634999855367,34.23131406590857,win
surface_dle_mm_penalized,Surface penalized DLE (mm),SISSES,15,-5,8.051839105914661,38.92361785311014,30.871778747195478,win
surface_dle_mm_penalized,Surface penalized DLE (mm),SISSES,15,0,7.809510240668241,34.47310428314284,26.663594042474596,win
surface_dle_mm_penalized,Surface penalized DLE (mm),SISSES,15,5,7.26084587275101,25.568291643664992,18.307445770913983,win
surface_dle_mm_penalized,Surface penalized DLE (mm),SISSES,15,10,8.681067941976961,18.013356377965074,9.332288435988113,win
surface_dle_mm_penalized,Surface penalized DLE (mm),SISSES,15,15,7.437746335116835,13.38014942879815,5.942403093681315,win
surface_dle_mm_penalized,Surface penalized DLE (mm),SISSES,15,20,8.110213546325802,12.507012908173207,4.396799361847405,win
surface_dle_mm_penalized,Surface penalized DLE (mm),SISSES,20,-10,8.769052327335002,23.377028300931993,14.607975973596991,win
surface_dle_mm_penalized,Surface penalized DLE (mm),SISSES,20,-5,7.909577713146946,22.709692918073387,14.800115204926442,win
surface_dle_mm_penalized,Surface penalized DLE (mm),SISSES,20,0,8.343119429172168,20.042821432545704,11.699702003373536,win
surface_dle_mm_penalized,Surface penalized DLE (mm),SISSES,20,5,7.934414785780124,16.809583438733274,8.87516865295315,win
surface_dle_mm_penalized,Surface penalized DLE (mm),SISSES,20,10,7.512327448788618,14.323770253190618,6.811442804402001,win
surface_dle_mm_penalized,Surface penalized DLE (mm),SISSES,20,15,8.076875940817812,13.74897450991537,5.6720985690975585,win
surface_dle_mm_penalized,Surface penalized DLE (mm),SISSES,20,20,7.833747234657018,12.297710859016837,4.463963624359819,win
surface_dle_mm_penalized,Surface penalized DLE (mm),MNE,-10,-10,10.00465538614772,71.13597199715869,61.13131661101097,win
surface_dle_mm_penalized,Surface penalized DLE (mm),MNE,-10,-5,8.664883334223559,71.36850737703044,62.70362404280688,win
surface_dle_mm_penalized,Surface penalized DLE (mm),MNE,-10,0,9.525723032697647,69.15638554087064,59.630662508172996,win
surface_dle_mm_penalized,Surface penalized DLE (mm),MNE,-10,5,11.777513003568961,53.34754267678613,41.570029673217164,win
surface_dle_mm_penalized,Surface penalized DLE (mm),MNE,-10,10,8.795054578950477,38.54741954334886,29.75236496439838,win
surface_dle_mm_penalized,Surface penalized DLE (mm),MNE,-10,15,10.657963368504243,22.47955226493366,11.821588896429416,win
surface_dle_mm_penalized,Surface penalized DLE (mm),MNE,-10,20,10.888744563343437,19.590497069017886,8.701752505674449,win
surface_dle_mm_penalized,Surface penalized DLE (mm),MNE,-5,-10,8.946169045694836,66.17461459634285,57.22844555064801,win
surface_dle_mm_penalized,Surface penalized DLE (mm),MNE,-5,-5,8.32840177496694,56.860601998741025,48.53220022377408,win
surface_dle_mm_penalized,Surface penalized DLE (mm),MNE,-5,0,8.271553800826977,53.053240029970254,44.781686229143276,win
surface_dle_mm_penalized,Surface penalized DLE (mm),MNE,-5,5,9.324873767955648,49.374499168046306,40.04962540009066,win
surface_dle_mm_penalized,Surface penalized DLE (mm),MNE,-5,10,10.357020002716013,33.025825252904376,22.668805250188363,win
surface_dle_mm_penalized,Surface penalized DLE (mm),MNE,-5,15,9.510814263936778,22.293568809015444,12.782754545078665,win
surface_dle_mm_penalized,Surface penalized DLE (mm),MNE,-5,20,8.980320733688403,19.903567546950327,10.923246813261924,win
surface_dle_mm_penalized,Surface penalized DLE (mm),MNE,0,-10,8.396801132473668,58.12530232322471,49.72850119075104,win
surface_dle_mm_penalized,Surface penalized DLE (mm),MNE,0,-5,8.706045788055471,45.401088150789086,36.695042362733616,win
surface_dle_mm_penalized,Surface penalized DLE (mm),MNE,0,0,7.367576380849374,39.51528514461972,32.147708763770346,win
surface_dle_mm_penalized,Surface penalized DLE (mm),MNE,0,5,7.2235228680087324,35.83252991768354,28.609007049674805,win
surface_dle_mm_penalized,Surface penalized DLE (mm),MNE,0,10,9.160080961736599,28.422468767573847,19.26238780583725,win
surface_dle_mm_penalized,Surface penalized DLE (mm),MNE,0,15,10.107484297583698,21.99625388675592,11.888769589172222,win
surface_dle_mm_penalized,Surface penalized DLE (mm),MNE,0,20,10.446894650117342,19.835049721707055,9.388155071589713,win
surface_dle_mm_penalized,Surface penalized DLE (mm),MNE,5,-10,9.101029006655343,45.25673519838179,36.155706191726445,win
surface_dle_mm_penalized,Surface penalized DLE (mm),MNE,5,-5,8.546888566547834,34.656990718275644,26.11010215172781,win
surface_dle_mm_penalized,Surface penalized DLE (mm),MNE,5,0,7.358133064400291,26.15693809378099,18.7988050293807,win
surface_dle_mm_penalized,Surface penalized DLE (mm),MNE,5,5,6.876462593614245,26.21527141986353,19.338808826249284,win
surface_dle_mm_penalized,Surface penalized DLE (mm),MNE,5,10,8.524985101759798,23.192902702319213,14.667917600559415,win
surface_dle_mm_penalized,Surface penalized DLE (mm),MNE,5,15,7.734692841928319,21.619270935001296,13.884578093072978,win
surface_dle_mm_penalized,Surface penalized DLE (mm),MNE,5,20,8.734322850699007,19.901597414758857,11.16727456405985,win
surface_dle_mm_penalized,Surface penalized DLE (mm),MNE,10,-10,7.573928478881285,32.353025872852,24.779097393970716,win
surface_dle_mm_penalized,Surface penalized DLE (mm),MNE,10,-5,8.221327906231453,28.190089305101633,19.96876139887018,win
surface_dle_mm_penalized,Surface penalized DLE (mm),MNE,10,0,7.989324392264083,19.006962878517765,11.01763848625368,win
surface_dle_mm_penalized,Surface penalized DLE (mm),MNE,10,5,8.368116361230362,14.940508675604187,6.572392314373825,win
surface_dle_mm_penalized,Surface penalized DLE (mm),MNE,10,10,6.7650095119233695,16.70050566928551,9.935496157362138,win
surface_dle_mm_penalized,Surface penalized DLE (mm),MNE,10,15,7.26872173340062,18.386461628989533,11.117739895588912,win
surface_dle_mm_penalized,Surface penalized DLE (mm),MNE,10,20,7.907865218358502,18.670740899708033,10.76287568134953,win
surface_dle_mm_penalized,Surface penalized DLE (mm),MNE,15,-10,8.525035932645098,24.99465275855833,16.469616825913235,win
surface_dle_mm_penalized,Surface penalized DLE (mm),MNE,15,-5,8.051839105914661,21.788662357068663,13.736823251154002,win
surface_dle_mm_penalized,Surface penalized DLE (mm),MNE,15,0,7.809510240668241,17.18948242732372,9.379972186655479,win
surface_dle_mm_penalized,Surface penalized DLE (mm),MNE,15,5,7.26084587275101,14.28548222310818,7.024636350357171,win
surface_dle_mm_penalized,Surface penalized DLE (mm),MNE,15,10,8.681067941976961,13.44768567923188,4.7666177372549186,win
surface_dle_mm_penalized,Surface penalized DLE (mm),MNE,15,15,7.437746335116835,15.949731969613593,8.511985634496757,win
surface_dle_mm_penalized,Surface penalized DLE (mm),MNE,15,20,8.110213546325802,17.784264775630053,9.67405122930425,win
surface_dle_mm_penalized,Surface penalized DLE (mm),MNE,20,-10,8.769052327335002,21.483870554316173,12.714818226981171,win
surface_dle_mm_penalized,Surface penalized DLE (mm),MNE,20,-5,7.909577713146946,20.362004780441847,12.452427067294902,win
surface_dle_mm_penalized,Surface penalized DLE (mm),MNE,20,0,8.343119429172168,19.06868166942484,10.725562240252673,win
surface_dle_mm_penalized,Surface penalized DLE (mm),MNE,20,5,7.934414785780124,16.041413473841537,8.106998688061413,win
surface_dle_mm_penalized,Surface penalized DLE (mm),MNE,20,10,7.512327448788618,14.104304716481982,6.591977267693364,win
surface_dle_mm_penalized,Surface penalized DLE (mm),MNE,20,15,8.076875940817812,13.464046182382395,5.387170241564583,win
surface_dle_mm_penalized,Surface penalized DLE (mm),MNE,20,20,7.833747234657018,15.743945424952928,7.91019819029591,win
surface_dle_mm_penalized,Surface penalized DLE (mm),dSPM,-10,-10,10.00465538614772,21.394221203330655,11.389565817182936,win
surface_dle_mm_penalized,Surface penalized DLE (mm),dSPM,-10,-5,8.664883334223559,15.403122276913228,6.738238942689669,win
surface_dle_mm_penalized,Surface penalized DLE (mm),dSPM,-10,0,9.525723032697647,13.630891103773706,4.10516807107606,win
surface_dle_mm_penalized,Surface penalized DLE (mm),dSPM,-10,5,11.777513003568961,13.198653521122106,1.4211405175531446,win
surface_dle_mm_penalized,Surface penalized DLE (mm),dSPM,-10,10,8.795054578950477,13.751695851819612,4.956641272869135,win
surface_dle_mm_penalized,Surface penalized DLE (mm),dSPM,-10,15,10.657963368504243,13.327413043075959,2.669449674571716,win
surface_dle_mm_penalized,Surface penalized DLE (mm),dSPM,-10,20,10.888744563343437,15.84427692861887,4.955532365275433,win
surface_dle_mm_penalized,Surface penalized DLE (mm),dSPM,-5,-10,8.946169045694836,16.75550112012323,7.809332074428395,win
surface_dle_mm_penalized,Surface penalized DLE (mm),dSPM,-5,-5,8.32840177496694,15.385851717463074,7.0574499424961346,win
surface_dle_mm_penalized,Surface penalized DLE (mm),dSPM,-5,0,8.271553800826977,14.220267753294648,5.948713952467671,win
surface_dle_mm_penalized,Surface penalized DLE (mm),dSPM,-5,5,9.324873767955648,13.83146440422047,4.506590636264823,win
surface_dle_mm_penalized,Surface penalized DLE (mm),dSPM,-5,10,10.357020002716013,13.790003881896384,3.4329838791803713,win
surface_dle_mm_penalized,Surface penalized DLE (mm),dSPM,-5,15,9.510814263936778,13.759140941466114,4.248326677529336,win
surface_dle_mm_penalized,Surface penalized DLE (mm),dSPM,-5,20,8.980320733688403,14.82026660871018,5.839945875021776,win
surface_dle_mm_penalized,Surface penalized DLE (mm),dSPM,0,-10,8.396801132473668,17.627749092046262,9.230947959572594,win
surface_dle_mm_penalized,Surface penalized DLE (mm),dSPM,0,-5,8.706045788055471,15.748302831898586,7.042257043843115,win
surface_dle_mm_penalized,Surface penalized DLE (mm),dSPM,0,0,7.367576380849374,15.612237327377569,8.244660946528196,win
surface_dle_mm_penalized,Surface penalized DLE (mm),dSPM,0,5,7.2235228680087324,14.17420878327244,6.950685915263708,win
surface_dle_mm_penalized,Surface penalized DLE (mm),dSPM,0,10,9.160080961736599,14.070940116706751,4.910859154970153,win
surface_dle_mm_penalized,Surface penalized DLE (mm),dSPM,0,15,10.107484297583698,14.33980845607944,4.232324158495743,win
surface_dle_mm_penalized,Surface penalized DLE (mm),dSPM,0,20,10.446894650117342,13.915113289769684,3.468218639652342,win
surface_dle_mm_penalized,Surface penalized DLE (mm),dSPM,5,-10,9.101029006655343,17.607146289001594,8.506117282346251,win
surface_dle_mm_penalized,Surface penalized DLE (mm),dSPM,5,-5,8.546888566547834,17.355046181410753,8.80815761486292,win
surface_dle_mm_penalized,Surface penalized DLE (mm),dSPM,5,0,7.358133064400291,17.14125232864841,9.783119264248118,win
surface_dle_mm_penalized,Surface penalized DLE (mm),dSPM,5,5,6.876462593614245,15.532563820956595,8.65610122734235,win
surface_dle_mm_penalized,Surface penalized DLE (mm),dSPM,5,10,8.524985101759798,14.285947451061759,5.760962349301961,win
surface_dle_mm_penalized,Surface penalized DLE (mm),dSPM,5,15,7.734692841928319,14.08225038073441,6.3475575388060905,win
surface_dle_mm_penalized,Surface penalized DLE (mm),dSPM,5,20,8.734322850699007,14.361572618217815,5.6272497675188085,win
surface_dle_mm_penalized,Surface penalized DLE (mm),dSPM,10,-10,7.573928478881285,18.940291328198434,11.366362849317149,win
surface_dle_mm_penalized,Surface penalized DLE (mm),dSPM,10,-5,8.221327906231453,17.97367974779131,9.752351841559856,win
surface_dle_mm_penalized,Surface penalized DLE (mm),dSPM,10,0,7.989324392264083,17.641829866644063,9.652505474379979,win
surface_dle_mm_penalized,Surface penalized DLE (mm),dSPM,10,5,8.368116361230362,17.096846128447087,8.728729767216725,win
surface_dle_mm_penalized,Surface penalized DLE (mm),dSPM,10,10,6.7650095119233695,16.10986098592579,9.344851474002418,win
surface_dle_mm_penalized,Surface penalized DLE (mm),dSPM,10,15,7.26872173340062,13.925197502011736,6.656475768611116,win
surface_dle_mm_penalized,Surface penalized DLE (mm),dSPM,10,20,7.907865218358502,14.13463133392125,6.226766115562748,win
surface_dle_mm_penalized,Surface penalized DLE (mm),dSPM,15,-10,8.525035932645098,21.271189022134866,12.746153089489768,win
surface_dle_mm_penalized,Surface penalized DLE (mm),dSPM,15,-5,8.051839105914661,18.982368593126534,10.930529487211873,win
surface_dle_mm_penalized,Surface penalized DLE (mm),dSPM,15,0,7.809510240668241,18.137490317971523,10.32798007730328,win
surface_dle_mm_penalized,Surface penalized DLE (mm),dSPM,15,5,7.26084587275101,17.448502360385323,10.187656487634314,win
surface_dle_mm_penalized,Surface penalized DLE (mm),dSPM,15,10,8.681067941976961,17.057481060618525,8.376413118641564,win
surface_dle_mm_penalized,Surface penalized DLE (mm),dSPM,15,15,7.437746335116835,15.857565763466718,8.419819428349882,win
surface_dle_mm_penalized,Surface penalized DLE (mm),dSPM,15,20,8.110213546325802,13.93155276381774,5.821339217491937,win
surface_dle_mm_penalized,Surface penalized DLE (mm),dSPM,20,-10,8.769052327335002,21.529671198914972,12.76061887157997,win
surface_dle_mm_penalized,Surface penalized DLE (mm),dSPM,20,-5,7.909577713146946,20.852061324011572,12.942483610864628,win
surface_dle_mm_penalized,Surface penalized DLE (mm),dSPM,20,0,8.343119429172168,19.948614112861485,11.605494683689317,win
surface_dle_mm_penalized,Surface penalized DLE (mm),dSPM,20,5,7.934414785780124,17.945930093962208,10.011515308182084,win
surface_dle_mm_penalized,Surface penalized DLE (mm),dSPM,20,10,7.512327448788618,17.643835914597492,10.131508465808874,win
surface_dle_mm_penalized,Surface penalized DLE (mm),dSPM,20,15,8.076875940817812,17.129763480095537,9.052887539277725,win
surface_dle_mm_penalized,Surface penalized DLE (mm),dSPM,20,20,7.833747234657018,15.478750609080185,7.645003374423167,win
surface_dle_mm_penalized,Surface penalized DLE (mm),sLORETA,-10,-10,10.00465538614772,61.72381131372853,51.719155927580815,win
surface_dle_mm_penalized,Surface penalized DLE (mm),sLORETA,-10,-5,8.664883334223559,47.66271993670852,38.99783660248496,win
surface_dle_mm_penalized,Surface penalized DLE (mm),sLORETA,-10,0,9.525723032697647,29.761202638736133,20.23547960603849,win
surface_dle_mm_penalized,Surface penalized DLE (mm),sLORETA,-10,5,11.777513003568961,19.281635218695858,7.5041222151268965,win
surface_dle_mm_penalized,Surface penalized DLE (mm),sLORETA,-10,10,8.795054578950477,17.962709766140065,9.167655187189588,win
surface_dle_mm_penalized,Surface penalized DLE (mm),sLORETA,-10,15,10.657963368504243,17.639548866472612,6.98158549796837,win
surface_dle_mm_penalized,Surface penalized DLE (mm),sLORETA,-10,20,10.888744563343437,17.516226232351638,6.627481669008201,win
surface_dle_mm_penalized,Surface penalized DLE (mm),sLORETA,-5,-10,8.946169045694836,49.98164765186262,41.035478606167786,win
surface_dle_mm_penalized,Surface penalized DLE (mm),sLORETA,-5,-5,8.32840177496694,38.68875018236545,30.36034840739851,win
surface_dle_mm_penalized,Surface penalized DLE (mm),sLORETA,-5,0,8.271553800826977,23.33485181584619,15.063298015019212,win
surface_dle_mm_penalized,Surface penalized DLE (mm),sLORETA,-5,5,9.324873767955648,18.235480943388616,8.910607175432968,win
surface_dle_mm_penalized,Surface penalized DLE (mm),sLORETA,-5,10,10.357020002716013,16.922973745086864,6.565953742370851,win
surface_dle_mm_penalized,Surface penalized DLE (mm),sLORETA,-5,15,9.510814263936778,17.583359512466313,8.072545248529535,win
surface_dle_mm_penalized,Surface penalized DLE (mm),sLORETA,-5,20,8.980320733688403,17.996519708401905,9.016198974713502,win
surface_dle_mm_penalized,Surface penalized DLE (mm),sLORETA,0,-10,8.396801132473668,36.82832665360042,28.43152552112675,win
surface_dle_mm_penalized,Surface penalized DLE (mm),sLORETA,0,-5,8.706045788055471,27.388554897581745,18.682509109526272,win
surface_dle_mm_penalized,Surface penalized DLE (mm),sLORETA,0,0,7.367576380849374,20.685253331866353,13.317676951016978,win
surface_dle_mm_penalized,Surface penalized DLE (mm),sLORETA,0,5,7.2235228680087324,18.031147060915348,10.807624192906616,win
surface_dle_mm_penalized,Surface penalized DLE (mm),sLORETA,0,10,9.160080961736599,17.521856829108696,8.361775867372097,win
surface_dle_mm_penalized,Surface penalized DLE (mm),sLORETA,0,15,10.107484297583698,17.060272028184666,6.952787730600969,win
surface_dle_mm_penalized,Surface penalized DLE (mm),sLORETA,0,20,10.446894650117342,17.3338843005364,6.886989650419059,win
surface_dle_mm_penalized,Surface penalized DLE (mm),sLORETA,5,-10,9.101029006655343,24.358228021635725,15.257199014980381,win
surface_dle_mm_penalized,Surface penalized DLE (mm),sLORETA,5,-5,8.546888566547834,17.744023860730483,9.19713529418265,win
surface_dle_mm_penalized,Surface penalized DLE (mm),sLORETA,5,0,7.358133064400291,16.049237808215146,8.691104743814854,win
surface_dle_mm_penalized,Surface penalized DLE (mm),sLORETA,5,5,6.876462593614245,17.106724242005402,10.230261648391156,win
surface_dle_mm_penalized,Surface penalized DLE (mm),sLORETA,5,10,8.524985101759798,17.733914901379148,9.20892979961935,win
surface_dle_mm_penalized,Surface penalized DLE (mm),sLORETA,5,15,7.734692841928319,17.49770507809427,9.763012236165952,win
surface_dle_mm_penalized,Surface penalized DLE (mm),sLORETA,5,20,8.734322850699007,17.31668836786289,8.582365517163884,win
surface_dle_mm_penalized,Surface penalized DLE (mm),sLORETA,10,-10,7.573928478881285,15.994503906181315,8.42057542730003,win
surface_dle_mm_penalized,Surface penalized DLE (mm),sLORETA,10,-5,8.221327906231453,13.983140798739862,5.761812892508409,win
surface_dle_mm_penalized,Surface penalized DLE (mm),sLORETA,10,0,7.989324392264083,14.571955383438214,6.58263099117413,win
surface_dle_mm_penalized,Surface penalized DLE (mm),sLORETA,10,5,8.368116361230362,16.06849521850809,7.7003788572777285,win
surface_dle_mm_penalized,Surface penalized DLE (mm),sLORETA,10,10,6.7650095119233695,17.392071705531407,10.627062193608037,win
surface_dle_mm_penalized,Surface penalized DLE (mm),sLORETA,10,15,7.26872173340062,18.043818478621326,10.775096745220704,win
surface_dle_mm_penalized,Surface penalized DLE (mm),sLORETA,10,20,7.907865218358502,17.46765576882034,9.559790550461837,win
surface_dle_mm_penalized,Surface penalized DLE (mm),sLORETA,15,-10,8.525035932645098,15.49285169934681,6.967815766701712,win
surface_dle_mm_penalized,Surface penalized DLE (mm),sLORETA,15,-5,8.051839105914661,13.679702659339588,5.627863553424927,win
surface_dle_mm_penalized,Surface penalized DLE (mm),sLORETA,15,0,7.809510240668241,14.541427387756514,6.731917147088272,win
surface_dle_mm_penalized,Surface penalized DLE (mm),sLORETA,15,5,7.26084587275101,14.423101010423862,7.162255137672852,win
surface_dle_mm_penalized,Surface penalized DLE (mm),sLORETA,15,10,8.681067941976961,15.670592655038085,6.989524713061124,win
surface_dle_mm_penalized,Surface penalized DLE (mm),sLORETA,15,15,7.437746335116835,17.44842666243198,10.010680327315146,win
surface_dle_mm_penalized,Surface penalized DLE (mm),sLORETA,15,20,8.110213546325802,17.496488096806104,9.386274550480302,win
surface_dle_mm_penalized,Surface penalized DLE (mm),sLORETA,20,-10,8.769052327335002,15.870958876402241,7.101906549067239,win
surface_dle_mm_penalized,Surface penalized DLE (mm),sLORETA,20,-5,7.909577713146946,14.90569757322016,6.996119860073214,win
surface_dle_mm_penalized,Surface penalized DLE (mm),sLORETA,20,0,8.343119429172168,13.982005936831008,5.638886507658841,win
surface_dle_mm_penalized,Surface penalized DLE (mm),sLORETA,20,5,7.934414785780124,13.987639622018458,6.053224836238334,win
surface_dle_mm_penalized,Surface penalized DLE (mm),sLORETA,20,10,7.512327448788618,14.799474022811046,7.287146574022428,win
surface_dle_mm_penalized,Surface penalized DLE (mm),sLORETA,20,15,8.076875940817812,15.872918215383784,7.796042274565972,win
surface_dle_mm_penalized,Surface penalized DLE (mm),sLORETA,20,20,7.833747234657018,16.983290023843207,9.149542789186189,win
surface_dle_mm_penalized,Surface penalized DLE (mm),eLORETA,-10,-10,10.00465538614772,47.33050549164256,37.325850105494844,win
surface_dle_mm_penalized,Surface penalized DLE (mm),eLORETA,-10,-5,8.664883334223559,31.54748219506882,22.882598860845263,win
surface_dle_mm_penalized,Surface penalized DLE (mm),eLORETA,-10,0,9.525723032697647,15.959254092170104,6.4335310594724575,win
surface_dle_mm_penalized,Surface penalized DLE (mm),eLORETA,-10,5,11.777513003568961,9.91022708396527,-1.8672859196036917,loss
surface_dle_mm_penalized,Surface penalized DLE (mm),eLORETA,-10,10,8.795054578950477,9.60809547857691,0.8130408996264329,win
surface_dle_mm_penalized,Surface penalized DLE (mm),eLORETA,-10,15,10.657963368504243,9.414062246955039,-1.2439011215492037,loss
surface_dle_mm_penalized,Surface penalized DLE (mm),eLORETA,-10,20,10.888744563343437,9.84394869670477,-1.0447958666386672,loss
surface_dle_mm_penalized,Surface penalized DLE (mm),eLORETA,-5,-10,8.946169045694836,39.603995854830174,30.657826809135337,win
surface_dle_mm_penalized,Surface penalized DLE (mm),eLORETA,-5,-5,8.32840177496694,25.743280390440002,17.414878615473064,win
surface_dle_mm_penalized,Surface penalized DLE (mm),eLORETA,-5,0,8.271553800826977,14.073354106160082,5.801800305333105,win
surface_dle_mm_penalized,Surface penalized DLE (mm),eLORETA,-5,5,9.324873767955648,8.766367677816346,-0.5585060901393017,loss
surface_dle_mm_penalized,Surface penalized DLE (mm),eLORETA,-5,10,10.357020002716013,9.432749163732046,-0.9242708389839667,loss
surface_dle_mm_penalized,Surface penalized DLE (mm),eLORETA,-5,15,9.510814263936778,9.756072803435643,0.2452585394988649,win
surface_dle_mm_penalized,Surface penalized DLE (mm),eLORETA,-5,20,8.980320733688403,9.479045666993935,0.4987249333055317,win
surface_dle_mm_penalized,Surface penalized DLE (mm),eLORETA,0,-10,8.396801132473668,28.654421160459066,20.257620027985396,win
surface_dle_mm_penalized,Surface penalized DLE (mm),eLORETA,0,-5,8.706045788055471,19.509962448292537,10.803916660237066,win
surface_dle_mm_penalized,Surface penalized DLE (mm),eLORETA,0,0,7.367576380849374,11.256345077136002,3.888768696286628,win
surface_dle_mm_penalized,Surface penalized DLE (mm),eLORETA,0,5,7.2235228680087324,9.496356780444522,2.2728339124357895,win
surface_dle_mm_penalized,Surface penalized DLE (mm),eLORETA,0,10,9.160080961736599,9.370735577646224,0.21065461590962542,win
surface_dle_mm_penalized,Surface penalized DLE (mm),eLORETA,0,15,10.107484297583698,9.351414988635469,-0.7560693089482289,loss
surface_dle_mm_penalized,Surface penalized DLE (mm),eLORETA,0,20,10.446894650117342,9.539318751888073,-0.9075758982292683,loss
surface_dle_mm_penalized,Surface penalized DLE (mm),eLORETA,5,-10,9.101029006655343,18.797269692775334,9.69624068611999,win
surface_dle_mm_penalized,Surface penalized DLE (mm),eLORETA,5,-5,8.546888566547834,13.214122753140769,4.667234186592935,win
surface_dle_mm_penalized,Surface penalized DLE (mm),eLORETA,5,0,7.358133064400291,10.147614146883384,2.7894810824830936,win
surface_dle_mm_penalized,Surface penalized DLE (mm),eLORETA,5,5,6.876462593614245,9.735093663803507,2.8586310701892623,win
surface_dle_mm_penalized,Surface penalized DLE (mm),eLORETA,5,10,8.524985101759798,9.63907521542661,1.114090113666812,win
surface_dle_mm_penalized,Surface penalized DLE (mm),eLORETA,5,15,7.734692841928319,9.855926720152672,2.121233878224353,win
surface_dle_mm_penalized,Surface penalized DLE (mm),eLORETA,5,20,8.734322850699007,9.584446648331635,0.8501237976326284,win
surface_dle_mm_penalized,Surface penalized DLE (mm),eLORETA,10,-10,7.573928478881285,12.029673024842273,4.455744545960988,win
surface_dle_mm_penalized,Surface penalized DLE (mm),eLORETA,10,-5,8.221327906231453,10.248484475307592,2.027156569076139,win
surface_dle_mm_penalized,Surface penalized DLE (mm),eLORETA,10,0,7.989324392264083,9.695495536741857,1.706171144477774,win
surface_dle_mm_penalized,Surface penalized DLE (mm),eLORETA,10,5,8.368116361230362,9.58493755765948,1.2168211964291178,win
surface_dle_mm_penalized,Surface penalized DLE (mm),eLORETA,10,10,6.7650095119233695,9.445058594216915,2.6800490822935457,win
surface_dle_mm_penalized,Surface penalized DLE (mm),eLORETA,10,15,7.26872173340062,9.660361245626216,2.391639512225596,win
surface_dle_mm_penalized,Surface penalized DLE (mm),eLORETA,10,20,7.907865218358502,9.692612530092386,1.7847473117338843,win
surface_dle_mm_penalized,Surface penalized DLE (mm),eLORETA,15,-10,8.525035932645098,10.75192718826616,2.2268912556210623,win
surface_dle_mm_penalized,Surface penalized DLE (mm),eLORETA,15,-5,8.051839105914661,10.33751566709728,2.285676561182619,win
surface_dle_mm_penalized,Surface penalized DLE (mm),eLORETA,15,0,7.809510240668241,10.024499744350088,2.2149895036818465,win
surface_dle_mm_penalized,Surface penalized DLE (mm),eLORETA,15,5,7.26084587275101,10.343354451834387,3.0825085790833766,win
surface_dle_mm_penalized,Surface penalized DLE (mm),eLORETA,15,10,8.681067941976961,10.078874156680058,1.3978062147030972,win
surface_dle_mm_penalized,Surface penalized DLE (mm),eLORETA,15,15,7.437746335116835,9.691637397981284,2.253891062864448,win
surface_dle_mm_penalized,Surface penalized DLE (mm),eLORETA,15,20,8.110213546325802,9.576183344071639,1.4659697977458368,win
surface_dle_mm_penalized,Surface penalized DLE (mm),eLORETA,20,-10,8.769052327335002,11.185372038326243,2.4163197109912407,win
surface_dle_mm_penalized,Surface penalized DLE (mm),eLORETA,20,-5,7.909577713146946,10.42638477071301,2.516807057566065,win
surface_dle_mm_penalized,Surface penalized DLE (mm),eLORETA,20,0,8.343119429172168,10.168689711866664,1.8255702826944962,win
surface_dle_mm_penalized,Surface penalized DLE (mm),eLORETA,20,5,7.934414785780124,10.135442947791157,2.201028162011033,win
surface_dle_mm_penalized,Surface penalized DLE (mm),eLORETA,20,10,7.512327448788618,10.312717988130808,2.8003905393421906,win
surface_dle_mm_penalized,Surface penalized DLE (mm),eLORETA,20,15,8.076875940817812,10.069373930274345,1.992497989456533,win
surface_dle_mm_penalized,Surface penalized DLE (mm),eLORETA,20,20,7.833747234657018,9.508603313109116,1.6748560784520983,win
surface_dle_mm_penalized,Surface penalized DLE (mm),LCMV,-10,-10,10.00465538614772,57.11733394859379,47.11267856244607,win
surface_dle_mm_penalized,Surface penalized DLE (mm),LCMV,-10,-5,8.664883334223559,55.019169371239194,46.35428603701563,win
surface_dle_mm_penalized,Surface penalized DLE (mm),LCMV,-10,0,9.525723032697647,52.906424752317065,43.38070171961942,win
surface_dle_mm_penalized,Surface penalized DLE (mm),LCMV,-10,5,11.777513003568961,50.21044693242874,38.432933928859775,win
surface_dle_mm_penalized,Surface penalized DLE (mm),LCMV,-10,10,8.795054578950477,47.59938125091211,38.80432667196163,win
surface_dle_mm_penalized,Surface penalized DLE (mm),LCMV,-10,15,10.657963368504243,48.43238940308348,37.774426034579236,win
surface_dle_mm_penalized,Surface penalized DLE (mm),LCMV,-10,20,10.888744563343437,48.279495948963635,37.3907513856202,win
surface_dle_mm_penalized,Surface penalized DLE (mm),LCMV,-5,-10,8.946169045694836,55.504133982788744,46.55796493709391,win
surface_dle_mm_penalized,Surface penalized DLE (mm),LCMV,-5,-5,8.32840177496694,52.56540361795218,44.23700184298524,win
surface_dle_mm_penalized,Surface penalized DLE (mm),LCMV,-5,0,8.271553800826977,50.758537542964206,42.48698374213723,win
surface_dle_mm_penalized,Surface penalized DLE (mm),LCMV,-5,5,9.324873767955648,51.179690796707455,41.85481702875181,win
surface_dle_mm_penalized,Surface penalized DLE (mm),LCMV,-5,10,10.357020002716013,48.531586471245355,38.17456646852934,win
surface_dle_mm_penalized,Surface penalized DLE (mm),LCMV,-5,15,9.510814263936778,46.30183999875245,36.79102573481567,win
surface_dle_mm_penalized,Surface penalized DLE (mm),LCMV,-5,20,8.980320733688403,47.135022954929774,38.15470222124137,win
surface_dle_mm_penalized,Surface penalized DLE (mm),LCMV,0,-10,8.396801132473668,54.33158620962819,45.93478507715452,win
surface_dle_mm_penalized,Surface penalized DLE (mm),LCMV,0,-5,8.706045788055471,50.10843297159812,41.40238718354265,win
surface_dle_mm_penalized,Surface penalized DLE (mm),LCMV,0,0,7.367576380849374,47.017698916586376,39.650122535737005,win
surface_dle_mm_penalized,Surface penalized DLE (mm),LCMV,0,5,7.2235228680087324,46.1231071147591,38.899584246750365,win
surface_dle_mm_penalized,Surface penalized DLE (mm),LCMV,0,10,9.160080961736599,48.694245196140066,39.53416423440347,win
surface_dle_mm_penalized,Surface penalized DLE (mm),LCMV,0,15,10.107484297583698,46.967743230788265,36.86025893320457,win
surface_dle_mm_penalized,Surface penalized DLE (mm),LCMV,0,20,10.446894650117342,48.1905433932151,37.74364874309776,win
surface_dle_mm_penalized,Surface penalized DLE (mm),LCMV,5,-10,9.101029006655343,49.82941211306471,40.72838310640937,win
surface_dle_mm_penalized,Surface penalized DLE (mm),LCMV,5,-5,8.546888566547834,49.23879060787658,40.691902041328746,win
surface_dle_mm_penalized,Surface penalized DLE (mm),LCMV,5,0,7.358133064400291,45.869627162479325,38.511494098079034,win
surface_dle_mm_penalized,Surface penalized DLE (mm),LCMV,5,5,6.876462593614245,45.321563351026555,38.44510075741231,win
surface_dle_mm_penalized,Surface penalized DLE (mm),LCMV,5,10,8.524985101759798,46.527857834082,38.0028727323222,win
surface_dle_mm_penalized,Surface penalized DLE (mm),LCMV,5,15,7.734692841928319,47.35011973888681,39.61542689695849,win
surface_dle_mm_penalized,Surface penalized DLE (mm),LCMV,5,20,8.734322850699007,47.52087893927716,38.78655608857815,win
surface_dle_mm_penalized,Surface penalized DLE (mm),LCMV,10,-10,7.573928478881285,48.589907580754755,41.01597910187347,win
surface_dle_mm_penalized,Surface penalized DLE (mm),LCMV,10,-5,8.221327906231453,47.497321785030834,39.27599387879938,win
surface_dle_mm_penalized,Surface penalized DLE (mm),LCMV,10,0,7.989324392264083,47.59385599263672,39.60453160037264,win
surface_dle_mm_penalized,Surface penalized DLE (mm),LCMV,10,5,8.368116361230362,44.28658977591812,35.91847341468775,win
surface_dle_mm_penalized,Surface penalized DLE (mm),LCMV,10,10,6.7650095119233695,43.858978122780535,37.09396861085717,win
surface_dle_mm_penalized,Surface penalized DLE (mm),LCMV,10,15,7.26872173340062,45.34936096813499,38.08063923473437,win
surface_dle_mm_penalized,Surface penalized DLE (mm),LCMV,10,20,7.907865218358502,48.46988462994464,40.562019411586135,win
surface_dle_mm_penalized,Surface penalized DLE (mm),LCMV,15,-10,8.525035932645098,47.25111099616971,38.72607506352461,win
surface_dle_mm_penalized,Surface penalized DLE (mm),LCMV,15,-5,8.051839105914661,48.12491571152257,40.07307660560791,win
surface_dle_mm_penalized,Surface penalized DLE (mm),LCMV,15,0,7.809510240668241,47.15485568272271,39.34534544205447,win
surface_dle_mm_penalized,Surface penalized DLE (mm),LCMV,15,5,7.26084587275101,45.682287732196336,38.42144185944532,win
surface_dle_mm_penalized,Surface penalized DLE (mm),LCMV,15,10,8.681067941976961,43.652106866053806,34.971038924076844,win
surface_dle_mm_penalized,Surface penalized DLE (mm),LCMV,15,15,7.437746335116835,44.03305639391661,36.595310058799775,win
surface_dle_mm_penalized,Surface penalized DLE (mm),LCMV,15,20,8.110213546325802,46.28054907040923,38.17033552408343,win
surface_dle_mm_penalized,Surface penalized DLE (mm),LCMV,20,-10,8.769052327335002,46.41039617368582,37.641343846350814,win
surface_dle_mm_penalized,Surface penalized DLE (mm),LCMV,20,-5,7.909577713146946,46.6381086950691,38.728530981922155,win
surface_dle_mm_penalized,Surface penalized DLE (mm),LCMV,20,0,8.343119429172168,47.11629908509007,38.7731796559179,win
surface_dle_mm_penalized,Surface penalized DLE (mm),LCMV,20,5,7.934414785780124,46.885213776961585,38.95079899118146,win
surface_dle_mm_penalized,Surface penalized DLE (mm),LCMV,20,10,7.512327448788618,45.691446141910546,38.17911869312193,win
surface_dle_mm_penalized,Surface penalized DLE (mm),LCMV,20,15,8.076875940817812,43.480129341018305,35.40325340020049,win
surface_dle_mm_penalized,Surface penalized DLE (mm),LCMV,20,20,7.833747234657018,42.98140992318785,35.14766268853083,win
surface_dle_mm_penalized,Surface penalized DLE (mm),Dipole fitting (grid),-10,-10,10.00465538614772,15.561779017983218,5.557123631835498,win
surface_dle_mm_penalized,Surface penalized DLE (mm),Dipole fitting (grid),-10,-5,8.664883334223559,11.058358570242623,2.3934752360190643,win
surface_dle_mm_penalized,Surface penalized DLE (mm),Dipole fitting (grid),-10,0,9.525723032697647,10.7339607352571,1.2082377025594528,win
surface_dle_mm_penalized,Surface penalized DLE (mm),Dipole fitting (grid),-10,5,11.777513003568961,11.701651369739595,-0.07586163382936562,loss
surface_dle_mm_penalized,Surface penalized DLE (mm),Dipole fitting (grid),-10,10,8.795054578950477,11.486013485149343,2.6909589061988655,win
surface_dle_mm_penalized,Surface penalized DLE (mm),Dipole fitting (grid),-10,15,10.657963368504243,11.783209416776373,1.12524604827213,win
surface_dle_mm_penalized,Surface penalized DLE (mm),Dipole fitting (grid),-10,20,10.888744563343437,11.673643899918446,0.784899336575009,win
surface_dle_mm_penalized,Surface penalized DLE (mm),Dipole fitting (grid),-5,-10,8.946169045694836,11.099307084688666,2.1531380389938306,win
surface_dle_mm_penalized,Surface penalized DLE (mm),Dipole fitting (grid),-5,-5,8.32840177496694,9.953590302912792,1.625188527945852,win
surface_dle_mm_penalized,Surface penalized DLE (mm),Dipole fitting (grid),-5,0,8.271553800826977,9.630012371833734,1.3584585710067572,win
surface_dle_mm_penalized,Surface penalized DLE (mm),Dipole fitting (grid),-5,5,9.324873767955648,11.036736423663612,1.7118626557079644,win
surface_dle_mm_penalized,Surface penalized DLE (mm),Dipole fitting (grid),-5,10,10.357020002716013,12.66031140875162,2.3032914060356067,win
surface_dle_mm_penalized,Surface penalized DLE (mm),Dipole fitting (grid),-5,15,9.510814263936778,10.352664828708717,0.8418505647719385,win
surface_dle_mm_penalized,Surface penalized DLE (mm),Dipole fitting (grid),-5,20,8.980320733688403,10.795830771735368,1.8155100380469644,win
surface_dle_mm_penalized,Surface penalized DLE (mm),Dipole fitting (grid),0,-10,8.396801132473668,9.524665420077291,1.1278642876036233,win
surface_dle_mm_penalized,Surface penalized DLE (mm),Dipole fitting (grid),0,-5,8.706045788055471,9.026020030472184,0.3199742424167127,win
surface_dle_mm_penalized,Surface penalized DLE (mm),Dipole fitting (grid),0,0,7.367576380849374,9.80398525902609,2.4364088781767164,win
surface_dle_mm_penalized,Surface penalized DLE (mm),Dipole fitting (grid),0,5,7.2235228680087324,8.875950253510721,1.6524273855019889,win
surface_dle_mm_penalized,Surface penalized DLE (mm),Dipole fitting (grid),0,10,9.160080961736599,10.412082218724185,1.2520012569875867,win
surface_dle_mm_penalized,Surface penalized DLE (mm),Dipole fitting (grid),0,15,10.107484297583698,10.864438595840554,0.756954298256856,win
surface_dle_mm_penalized,Surface penalized DLE (mm),Dipole fitting (grid),0,20,10.446894650117342,10.882929596145331,0.43603494602798953,win
surface_dle_mm_penalized,Surface penalized DLE (mm),Dipole fitting (grid),5,-10,9.101029006655343,10.027813040426485,0.9267840337711419,win
surface_dle_mm_penalized,Surface penalized DLE (mm),Dipole fitting (grid),5,-5,8.546888566547834,9.325737977726897,0.7788494111790634,win
surface_dle_mm_penalized,Surface penalized DLE (mm),Dipole fitting (grid),5,0,7.358133064400291,9.25593268502336,1.8977996206230694,win
surface_dle_mm_penalized,Surface penalized DLE (mm),Dipole fitting (grid),5,5,6.876462593614245,8.871271887102704,1.9948092934884594,win
surface_dle_mm_penalized,Surface penalized DLE (mm),Dipole fitting (grid),5,10,8.524985101759798,8.553399030933935,0.02841392917413721,win
surface_dle_mm_penalized,Surface penalized DLE (mm),Dipole fitting (grid),5,15,7.734692841928319,10.881484894284226,3.1467920523559068,win
surface_dle_mm_penalized,Surface penalized DLE (mm),Dipole fitting (grid),5,20,8.734322850699007,10.442689088665013,1.7083662379660058,win
surface_dle_mm_penalized,Surface penalized DLE (mm),Dipole fitting (grid),10,-10,7.573928478881285,10.406095917484883,2.832167438603598,win
surface_dle_mm_penalized,Surface penalized DLE (mm),Dipole fitting (grid),10,-5,8.221327906231453,10.553658150464534,2.3323302442330807,win
surface_dle_mm_penalized,Surface penalized DLE (mm),Dipole fitting (grid),10,0,7.989324392264083,9.034971502935923,1.0456471106718395,win
surface_dle_mm_penalized,Surface penalized DLE (mm),Dipole fitting (grid),10,5,8.368116361230362,9.377219505455443,1.0091031442250813,win
surface_dle_mm_penalized,Surface penalized DLE (mm),Dipole fitting (grid),10,10,6.7650095119233695,8.937591626529949,2.1725821146065796,win
surface_dle_mm_penalized,Surface penalized DLE (mm),Dipole fitting (grid),10,15,7.26872173340062,9.467713231487517,2.1989914980868965,win
surface_dle_mm_penalized,Surface penalized DLE (mm),Dipole fitting (grid),10,20,7.907865218358502,9.700570657560833,1.7927054392023312,win
surface_dle_mm_penalized,Surface penalized DLE (mm),Dipole fitting (grid),15,-10,8.525035932645098,11.02020553018483,2.495169597539732,win
surface_dle_mm_penalized,Surface penalized DLE (mm),Dipole fitting (grid),15,-5,8.051839105914661,10.66105924394912,2.609220138034459,win
surface_dle_mm_penalized,Surface penalized DLE (mm),Dipole fitting (grid),15,0,7.809510240668241,10.094719431893424,2.2852091912251824,win
surface_dle_mm_penalized,Surface penalized DLE (mm),Dipole fitting (grid),15,5,7.26084587275101,9.99400581910622,2.7331599463552108,win
surface_dle_mm_penalized,Surface penalized DLE (mm),Dipole fitting (grid),15,10,8.681067941976961,8.598644893628448,-0.0824230483485131,loss
surface_dle_mm_penalized,Surface penalized DLE (mm),Dipole fitting (grid),15,15,7.437746335116835,9.587761017541297,2.1500146824244615,win
surface_dle_mm_penalized,Surface penalized DLE (mm),Dipole fitting (grid),15,20,8.110213546325802,9.50645961336488,1.396246067039078,win
surface_dle_mm_penalized,Surface penalized DLE (mm),Dipole fitting (grid),20,-10,8.769052327335002,10.668313589023803,1.8992612616888014,win
surface_dle_mm_penalized,Surface penalized DLE (mm),Dipole fitting (grid),20,-5,7.909577713146946,10.639866907422224,2.7302891942752785,win
surface_dle_mm_penalized,Surface penalized DLE (mm),Dipole fitting (grid),20,0,8.343119429172168,10.925372434864933,2.582253005692765,win
surface_dle_mm_penalized,Surface penalized DLE (mm),Dipole fitting (grid),20,5,7.934414785780124,9.973372749638111,2.038957963857987,win
surface_dle_mm_penalized,Surface penalized DLE (mm),Dipole fitting (grid),20,10,7.512327448788618,8.990592689683616,1.4782652408949986,win
surface_dle_mm_penalized,Surface penalized DLE (mm),Dipole fitting (grid),20,15,8.076875940817812,8.5364952298137,0.4596192889958868,win
surface_dle_mm_penalized,Surface penalized DLE (mm),Dipole fitting (grid),20,20,7.833747234657018,9.698448192580889,1.864700957923871,win
surface_dle_mm_penalized,Surface penalized DLE (mm),RAP-MUSIC,-10,-10,10.00465538614772,13.36613860779739,3.361483221649671,win
surface_dle_mm_penalized,Surface penalized DLE (mm),RAP-MUSIC,-10,-5,8.664883334223559,10.407485519677827,1.7426021854542686,win
surface_dle_mm_penalized,Surface penalized DLE (mm),RAP-MUSIC,-10,0,9.525723032697647,9.170868639973495,-0.3548543927241514,loss
surface_dle_mm_penalized,Surface penalized DLE (mm),RAP-MUSIC,-10,5,11.777513003568961,10.578020496622836,-1.1994925069461253,loss
surface_dle_mm_penalized,Surface penalized DLE (mm),RAP-MUSIC,-10,10,8.795054578950477,10.351972750113601,1.5569181711631241,win
surface_dle_mm_penalized,Surface penalized DLE (mm),RAP-MUSIC,-10,15,10.657963368504243,9.175009583834072,-1.4829537846701708,loss
surface_dle_mm_penalized,Surface penalized DLE (mm),RAP-MUSIC,-10,20,10.888744563343437,8.199794669498878,-2.6889498938445584,loss
surface_dle_mm_penalized,Surface penalized DLE (mm),RAP-MUSIC,-5,-10,8.946169045694836,11.863986594818892,2.917817549124056,win
surface_dle_mm_penalized,Surface penalized DLE (mm),RAP-MUSIC,-5,-5,8.32840177496694,10.073982756024753,1.7455809810578131,win
surface_dle_mm_penalized,Surface penalized DLE (mm),RAP-MUSIC,-5,0,8.271553800826977,8.34227890932827,0.07072510850129277,win
surface_dle_mm_penalized,Surface penalized DLE (mm),RAP-MUSIC,-5,5,9.324873767955648,7.501599660886019,-1.8232741070696283,loss
surface_dle_mm_penalized,Surface penalized DLE (mm),RAP-MUSIC,-5,10,10.357020002716013,9.137642745166227,-1.2193772575497857,loss
surface_dle_mm_penalized,Surface penalized DLE (mm),RAP-MUSIC,-5,15,9.510814263936778,8.768333268054885,-0.742480995881893,loss
surface_dle_mm_penalized,Surface penalized DLE (mm),RAP-MUSIC,-5,20,8.980320733688403,9.449225120501614,0.468904386813211,win
surface_dle_mm_penalized,Surface penalized DLE (mm),RAP-MUSIC,0,-10,8.396801132473668,9.145459258276846,0.7486581258031784,win
surface_dle_mm_penalized,Surface penalized DLE (mm),RAP-MUSIC,0,-5,8.706045788055471,8.913413623963935,0.20736783590846386,win
surface_dle_mm_penalized,Surface penalized DLE (mm),RAP-MUSIC,0,0,7.367576380849374,8.951700453524886,1.584124072675512,win
surface_dle_mm_penalized,Surface penalized DLE (mm),RAP-MUSIC,0,5,7.2235228680087324,8.216548007062977,0.9930251390542448,win
surface_dle_mm_penalized,Surface penalized DLE (mm),RAP-MUSIC,0,10,9.160080961736599,8.440412859833906,-0.7196681019026929,loss
surface_dle_mm_penalized,Surface penalized DLE (mm),RAP-MUSIC,0,15,10.107484297583698,7.871257304568029,-2.236226993015668,loss
surface_dle_mm_penalized,Surface penalized DLE (mm),RAP-MUSIC,0,20,10.446894650117342,8.442716993822723,-2.004177656294619,loss
surface_dle_mm_penalized,Surface penalized DLE (mm),RAP-MUSIC,5,-10,9.101029006655343,9.517373463833222,0.41634445717787827,win
surface_dle_mm_penalized,Surface penalized DLE (mm),RAP-MUSIC,5,-5,8.546888566547834,9.363989822413473,0.817101255865639,win
surface_dle_mm_penalized,Surface penalized DLE (mm),RAP-MUSIC,5,0,7.358133064400291,8.570466013677118,1.2123329492768269,win
surface_dle_mm_penalized,Surface penalized DLE (mm),RAP-MUSIC,5,5,6.876462593614245,7.921949033012882,1.045486439398637,win
surface_dle_mm_penalized,Surface penalized DLE (mm),RAP-MUSIC,5,10,8.524985101759798,7.302662563848848,-1.2223225379109497,loss
surface_dle_mm_penalized,Surface penalized DLE (mm),RAP-MUSIC,5,15,7.734692841928319,8.007031576696937,0.2723387347686179,win
surface_dle_mm_penalized,Surface penalized DLE (mm),RAP-MUSIC,5,20,8.734322850699007,8.389855023080743,-0.34446782761826356,loss
surface_dle_mm_penalized,Surface penalized DLE (mm),RAP-MUSIC,10,-10,7.573928478881285,9.285124866746054,1.711196387864769,win
surface_dle_mm_penalized,Surface penalized DLE (mm),RAP-MUSIC,10,-5,8.221327906231453,9.213270872862926,0.9919429666314734,win
surface_dle_mm_penalized,Surface penalized DLE (mm),RAP-MUSIC,10,0,7.989324392264083,8.374027018797536,0.38470262653345255,win
surface_dle_mm_penalized,Surface penalized DLE (mm),RAP-MUSIC,10,5,8.368116361230362,8.482429475536469,0.11431311430610691,win
surface_dle_mm_penalized,Surface penalized DLE (mm),RAP-MUSIC,10,10,6.7650095119233695,8.163059490696979,1.3980499787736091,win
surface_dle_mm_penalized,Surface penalized DLE (mm),RAP-MUSIC,10,15,7.26872173340062,7.980149501714863,0.7114277683142429,win
surface_dle_mm_penalized,Surface penalized DLE (mm),RAP-MUSIC,10,20,7.907865218358502,7.505302979165229,-0.40256223919327283,loss
surface_dle_mm_penalized,Surface penalized DLE (mm),RAP-MUSIC,15,-10,8.525035932645098,9.817717903863267,1.292681971218169,win
surface_dle_mm_penalized,Surface penalized DLE (mm),RAP-MUSIC,15,-5,8.051839105914661,9.665615942968998,1.6137768370543366,win
surface_dle_mm_penalized,Surface penalized DLE (mm),RAP-MUSIC,15,0,7.809510240668241,9.198483129551159,1.3889728888829174,win
surface_dle_mm_penalized,Surface penalized DLE (mm),RAP-MUSIC,15,5,7.26084587275101,8.509820830624847,1.2489749578738367,win
surface_dle_mm_penalized,Surface penalized DLE (mm),RAP-MUSIC,15,10,8.681067941976961,7.697798636595926,-0.9832693053810351,loss
surface_dle_mm_penalized,Surface penalized DLE (mm),RAP-MUSIC,15,15,7.437746335116835,8.397368709730031,0.959622374613196,win
surface_dle_mm_penalized,Surface penalized DLE (mm),RAP-MUSIC,15,20,8.110213546325802,7.959440609644443,-0.15077293668135905,loss
surface_dle_mm_penalized,Surface penalized DLE (mm),RAP-MUSIC,20,-10,8.769052327335002,9.738515698444779,0.9694633711097769,win
surface_dle_mm_penalized,Surface penalized DLE (mm),RAP-MUSIC,20,-5,7.909577713146946,9.170439475748479,1.2608617626015333,win
surface_dle_mm_penalized,Surface penalized DLE (mm),RAP-MUSIC,20,0,8.343119429172168,9.08749543783893,0.7443760086667623,win
surface_dle_mm_penalized,Surface penalized DLE (mm),RAP-MUSIC,20,5,7.934414785780124,8.45930986753907,0.5248950817589453,win
surface_dle_mm_penalized,Surface penalized DLE (mm),RAP-MUSIC,20,10,7.512327448788618,8.292560837095184,0.7802333883065664,win
surface_dle_mm_penalized,Surface penalized DLE (mm),RAP-MUSIC,20,15,8.076875940817812,8.271192615182647,0.1943166743648348,win
surface_dle_mm_penalized,Surface penalized DLE (mm),RAP-MUSIC,20,20,7.833747234657018,8.025856289723746,0.19210905506672837,win
deep_sd_mm_penalized,Deep penalized SD (mm),SISSES,-10,-10,10.485485819309277,21.386203081610933,10.900717262301656,win
deep_sd_mm_penalized,Deep penalized SD (mm),SISSES,-10,-5,8.252676947023005,20.860382611833916,12.607705664810911,win
deep_sd_mm_penalized,Deep penalized SD (mm),SISSES,-10,0,5.009997224685927,18.904107409808983,13.894110185123056,win
deep_sd_mm_penalized,Deep penalized SD (mm),SISSES,-10,5,5.95397232584445,17.957926770401354,12.003954444556904,win
deep_sd_mm_penalized,Deep penalized SD (mm),SISSES,-10,10,5.519652271233887,14.674453055255464,9.154800784021578,win
deep_sd_mm_penalized,Deep penalized SD (mm),SISSES,-10,15,4.169581815596648,12.984925395709555,8.815343580112906,win
deep_sd_mm_penalized,Deep penalized SD (mm),SISSES,-10,20,5.517308545394632,12.997511626607226,7.480203081212594,win
deep_sd_mm_penalized,Deep penalized SD (mm),SISSES,-5,-10,10.09853487490992,21.130624743037217,11.032089868127297,win
deep_sd_mm_penalized,Deep penalized SD (mm),SISSES,-5,-5,7.2207600934136735,20.255443856314873,13.0346837629012,win
deep_sd_mm_penalized,Deep penalized SD (mm),SISSES,-5,0,4.979918315590031,18.527847018264325,13.547928702674294,win
deep_sd_mm_penalized,Deep penalized SD (mm),SISSES,-5,5,4.8046926865884165,16.705450711403575,11.900758024815158,win
deep_sd_mm_penalized,Deep penalized SD (mm),SISSES,-5,10,5.338669784724069,14.024185239048181,8.685515454324111,win
deep_sd_mm_penalized,Deep penalized SD (mm),SISSES,-5,15,4.710820568290634,12.276703647849738,7.565883079559104,win
deep_sd_mm_penalized,Deep penalized SD (mm),SISSES,-5,20,5.054199826813619,14.268258289265745,9.214058462452126,win
deep_sd_mm_penalized,Deep penalized SD (mm),SISSES,0,-10,7.31036531798614,20.259000428415792,12.948635110429652,win
deep_sd_mm_penalized,Deep penalized SD (mm),SISSES,0,-5,5.522802539912678,19.800305190466627,14.277502650553949,win
deep_sd_mm_penalized,Deep penalized SD (mm),SISSES,0,0,3.9498786959052166,18.421436365385407,14.471557669480191,win
deep_sd_mm_penalized,Deep penalized SD (mm),SISSES,0,5,4.072390834305106,16.040934837355714,11.968544003050607,win
deep_sd_mm_penalized,Deep penalized SD (mm),SISSES,0,10,4.330254132639843,13.628906089612611,9.298651956972769,win
deep_sd_mm_penalized,Deep penalized SD (mm),SISSES,0,15,3.7985822865381706,13.692907386501943,9.894325099963773,win
deep_sd_mm_penalized,Deep penalized SD (mm),SISSES,0,20,5.113819350557207,12.805411862982856,7.6915925124256495,win
deep_sd_mm_penalized,Deep penalized SD (mm),SISSES,5,-10,5.570429506880985,19.910864333647833,14.340434826766849,win
deep_sd_mm_penalized,Deep penalized SD (mm),SISSES,5,-5,4.411141007024432,18.299372119516672,13.888231112492239,win
deep_sd_mm_penalized,Deep penalized SD (mm),SISSES,5,0,4.0758613570908295,17.808315631887307,13.732454274796478,win
deep_sd_mm_penalized,Deep penalized SD (mm),SISSES,5,5,3.45554408473791,15.267153514863464,11.811609430125554,win
deep_sd_mm_penalized,Deep penalized SD (mm),SISSES,5,10,3.7502529065084254,12.668840728478758,8.918587821970332,win
deep_sd_mm_penalized,Deep penalized SD (mm),SISSES,5,15,4.004878972496762,12.198332708328268,8.193453735831506,win
deep_sd_mm_penalized,Deep penalized SD (mm),SISSES,5,20,4.0902099191684504,12.316874956781872,8.226665037613422,win
deep_sd_mm_penalized,Deep penalized SD (mm),SISSES,10,-10,3.5038629322662067,18.360576565584,14.856713633317794,win
deep_sd_mm_penalized,Deep penalized SD (mm),SISSES,10,-5,2.4788092910571518,16.50078335258539,14.021974061528239,win
deep_sd_mm_penalized,Deep penalized SD (mm),SISSES,10,0,2.351348708843662,17.024993219507763,14.6736445106641,win
deep_sd_mm_penalized,Deep penalized SD (mm),SISSES,10,5,2.1788285505216303,13.230759920027973,11.051931369506342,win
deep_sd_mm_penalized,Deep penalized SD (mm),SISSES,10,10,2.8336389877761445,12.137086280090648,9.303447292314504,win
deep_sd_mm_penalized,Deep penalized SD (mm),SISSES,10,15,2.9989308231998533,11.772385947939812,8.773455124739959,win
deep_sd_mm_penalized,Deep penalized SD (mm),SISSES,10,20,3.7664242496034492,11.67183160358374,7.905407353980291,win
deep_sd_mm_penalized,Deep penalized SD (mm),SISSES,15,-10,4.443376599904776,15.243601328246342,10.800224728341565,win
deep_sd_mm_penalized,Deep penalized SD (mm),SISSES,15,-5,3.6939421467648774,14.530284324098053,10.836342177333176,win
deep_sd_mm_penalized,Deep penalized SD (mm),SISSES,15,0,3.134151663223744,13.99964039533562,10.865488732111876,win
deep_sd_mm_penalized,Deep penalized SD (mm),SISSES,15,5,2.0420798992605955,12.629966819677556,10.58788692041696,win
deep_sd_mm_penalized,Deep penalized SD (mm),SISSES,15,10,2.391383349499169,11.383939081308368,8.9925557318092,win
deep_sd_mm_penalized,Deep penalized SD (mm),SISSES,15,15,2.723660487117515,11.414816477306767,8.691155990189252,win
deep_sd_mm_penalized,Deep penalized SD (mm),SISSES,15,20,4.057127948394576,11.674128204515073,7.617000256120497,win
deep_sd_mm_penalized,Deep penalized SD (mm),SISSES,20,-10,4.6157262627223234,16.296501311784127,11.680775049061804,win
deep_sd_mm_penalized,Deep penalized SD (mm),SISSES,20,-5,3.8747483791216673,13.09590964246589,9.221161263344221,win
deep_sd_mm_penalized,Deep penalized SD (mm),SISSES,20,0,3.013294630307762,12.710459866326255,9.697165236018494,win
deep_sd_mm_penalized,Deep penalized SD (mm),SISSES,20,5,3.065929375207944,11.759528657344303,8.69359928213636,win
deep_sd_mm_penalized,Deep penalized SD (mm),SISSES,20,10,2.6693058698642056,11.640852756265536,8.971546886401331,win
deep_sd_mm_penalized,Deep penalized SD (mm),SISSES,20,15,2.4651552503424026,11.01949499236998,8.554339742027578,win
deep_sd_mm_penalized,Deep penalized SD (mm),SISSES,20,20,3.034502975955555,11.066094294923163,8.031591318967608,win
deep_sd_mm_penalized,Deep penalized SD (mm),MNE,-10,-10,10.485485819309277,23.588758281499143,13.103272462189866,win
deep_sd_mm_penalized,Deep penalized SD (mm),MNE,-10,-5,8.252676947023005,23.05778030583687,14.805103358813867,win
deep_sd_mm_penalized,Deep penalized SD (mm),MNE,-10,0,5.009997224685927,21.9250397068031,16.915042482117173,win
deep_sd_mm_penalized,Deep penalized SD (mm),MNE,-10,5,5.95397232584445,20.778348604539385,14.824376278694935,win
deep_sd_mm_penalized,Deep penalized SD (mm),MNE,-10,10,5.519652271233887,19.365808924586567,13.84615665335268,win
deep_sd_mm_penalized,Deep penalized SD (mm),MNE,-10,15,4.169581815596648,18.164728066545678,13.99514625094903,win
deep_sd_mm_penalized,Deep penalized SD (mm),MNE,-10,20,5.517308545394632,17.58326750442669,12.06595895903206,win
deep_sd_mm_penalized,Deep penalized SD (mm),MNE,-5,-10,10.09853487490992,23.701245921757593,13.602711046847674,win
deep_sd_mm_penalized,Deep penalized SD (mm),MNE,-5,-5,7.2207600934136735,22.702943825493577,15.482183732079903,win
deep_sd_mm_penalized,Deep penalized SD (mm),MNE,-5,0,4.979918315590031,21.718409999020505,16.738491683430475,win
deep_sd_mm_penalized,Deep penalized SD (mm),MNE,-5,5,4.8046926865884165,20.394868418924336,15.590175732335918,win
deep_sd_mm_penalized,Deep penalized SD (mm),MNE,-5,10,5.338669784724069,19.282045763477363,13.943375978753295,win
deep_sd_mm_penalized,Deep penalized SD (mm),MNE,-5,15,4.710820568290634,18.23896385612855,13.528143287837915,win
deep_sd_mm_penalized,Deep penalized SD (mm),MNE,-5,20,5.054199826813619,17.4861643586345,12.431964531820881,win
deep_sd_mm_penalized,Deep penalized SD (mm),MNE,0,-10,7.31036531798614,23.977343466966897,16.666978148980757,win
deep_sd_mm_penalized,Deep penalized SD (mm),MNE,0,-5,5.522802539912678,22.926880393561117,17.404077853648438,win
deep_sd_mm_penalized,Deep penalized SD (mm),MNE,0,0,3.9498786959052166,21.62134151178355,17.671462815878336,win
deep_sd_mm_penalized,Deep penalized SD (mm),MNE,0,5,4.072390834305106,20.01482489602785,15.942434061722743,win
deep_sd_mm_penalized,Deep penalized SD (mm),MNE,0,10,4.330254132639843,18.858164490316593,14.527910357676749,win
deep_sd_mm_penalized,Deep penalized SD (mm),MNE,0,15,3.7985822865381706,17.82651658473701,14.02793429819884,win
deep_sd_mm_penalized,Deep penalized SD (mm),MNE,0,20,5.113819350557207,17.29807797291115,12.18425862235394,win
deep_sd_mm_penalized,Deep penalized SD (mm),MNE,5,-10,5.570429506880985,23.072481142429893,17.50205163554891,win
deep_sd_mm_penalized,Deep penalized SD (mm),MNE,5,-5,4.411141007024432,22.308066002290584,17.89692499526615,win
deep_sd_mm_penalized,Deep penalized SD (mm),MNE,5,0,4.0758613570908295,21.089553120203167,17.013691763112337,win
deep_sd_mm_penalized,Deep penalized SD (mm),MNE,5,5,3.45554408473791,19.88067144334264,16.42512735860473,win
deep_sd_mm_penalized,Deep penalized SD (mm),MNE,5,10,3.7502529065084254,18.44403687388835,14.693783967379925,win
deep_sd_mm_penalized,Deep penalized SD (mm),MNE,5,15,4.004878972496762,17.63435814949803,13.629479177001269,win
deep_sd_mm_penalized,Deep penalized SD (mm),MNE,5,20,4.0902099191684504,17.07757400015201,12.987364080983557,win
deep_sd_mm_penalized,Deep penalized SD (mm),MNE,10,-10,3.5038629322662067,21.39390387636281,17.890040944096604,win
deep_sd_mm_penalized,Deep penalized SD (mm),MNE,10,-5,2.4788092910571518,20.9613451086653,18.482535817608145,win
deep_sd_mm_penalized,Deep penalized SD (mm),MNE,10,0,2.351348708843662,20.150095336089752,17.79874662724609,win
deep_sd_mm_penalized,Deep penalized SD (mm),MNE,10,5,2.1788285505216303,18.970370509102818,16.79154195858119,win
deep_sd_mm_penalized,Deep penalized SD (mm),MNE,10,10,2.8336389877761445,18.011110216075256,15.177471228299112,win
deep_sd_mm_penalized,Deep penalized SD (mm),MNE,10,15,2.9989308231998533,17.227207847120223,14.22827702392037,win
deep_sd_mm_penalized,Deep penalized SD (mm),MNE,10,20,3.7664242496034492,16.997558930190593,13.231134680587143,win
deep_sd_mm_penalized,Deep penalized SD (mm),MNE,15,-10,4.443376599904776,19.83445980269198,15.391083202787204,win
deep_sd_mm_penalized,Deep penalized SD (mm),MNE,15,-5,3.6939421467648774,19.28566991506797,15.591727768303093,win
deep_sd_mm_penalized,Deep penalized SD (mm),MNE,15,0,3.134151663223744,18.751273667529315,15.617122004305571,win
deep_sd_mm_penalized,Deep penalized SD (mm),MNE,15,5,2.0420798992605955,18.282890683427727,16.24081078416713,win
deep_sd_mm_penalized,Deep penalized SD (mm),MNE,15,10,2.391383349499169,17.36481255330767,14.9734292038085,win
deep_sd_mm_penalized,Deep penalized SD (mm),MNE,15,15,2.723660487117515,16.811136365865618,14.087475878748103,win
deep_sd_mm_penalized,Deep penalized SD (mm),MNE,15,20,4.057127948394576,16.54810996830614,12.490982019911563,win
deep_sd_mm_penalized,Deep penalized SD (mm),MNE,20,-10,4.6157262627223234,18.605207423944066,13.989481161221743,win
deep_sd_mm_penalized,Deep penalized SD (mm),MNE,20,-5,3.8747483791216673,18.088908295525567,14.214159916403899,win
deep_sd_mm_penalized,Deep penalized SD (mm),MNE,20,0,3.013294630307762,17.568429135711224,14.555134505403462,win
deep_sd_mm_penalized,Deep penalized SD (mm),MNE,20,5,3.065929375207944,17.261810503226105,14.195881128018161,win
deep_sd_mm_penalized,Deep penalized SD (mm),MNE,20,10,2.6693058698642056,16.722010170430277,14.052704300566072,win
deep_sd_mm_penalized,Deep penalized SD (mm),MNE,20,15,2.4651552503424026,16.220811423941853,13.755656173599451,win
deep_sd_mm_penalized,Deep penalized SD (mm),MNE,20,20,3.034502975955555,15.961424958723226,12.926921982767672,win
deep_sd_mm_penalized,Deep penalized SD (mm),dSPM,-10,-10,10.485485819309277,22.24748183209374,11.761996012784463,win
deep_sd_mm_penalized,Deep penalized SD (mm),dSPM,-10,-5,8.252676947023005,21.849379264648533,13.596702317625528,win
deep_sd_mm_penalized,Deep penalized SD (mm),dSPM,-10,0,5.009997224685927,21.038271151696204,16.028273927010275,win
deep_sd_mm_penalized,Deep penalized SD (mm),dSPM,-10,5,5.95397232584445,19.98985004205849,14.035877716214038,win
deep_sd_mm_penalized,Deep penalized SD (mm),dSPM,-10,10,5.519652271233887,18.7150576550955,13.195405383861612,win
deep_sd_mm_penalized,Deep penalized SD (mm),dSPM,-10,15,4.169581815596648,17.659219635485563,13.489637819888916,win
deep_sd_mm_penalized,Deep penalized SD (mm),dSPM,-10,20,5.517308545394632,17.194518911439157,11.677210366044527,win
deep_sd_mm_penalized,Deep penalized SD (mm),dSPM,-5,-10,10.09853487490992,21.91522428275333,11.816689407843409,win
deep_sd_mm_penalized,Deep penalized SD (mm),dSPM,-5,-5,7.2207600934136735,21.521589347435853,14.30082925402218,win
deep_sd_mm_penalized,Deep penalized SD (mm),dSPM,-5,0,4.979918315590031,20.866726858992035,15.886808543402005,win
deep_sd_mm_penalized,Deep penalized SD (mm),dSPM,-5,5,4.8046926865884165,19.853356704319697,15.04866401773128,win
deep_sd_mm_penalized,Deep penalized SD (mm),dSPM,-5,10,5.338669784724069,18.83121138379649,13.492541599072421,win
deep_sd_mm_penalized,Deep penalized SD (mm),dSPM,-5,15,4.710820568290634,17.835113189967842,13.124292621677208,win
deep_sd_mm_penalized,Deep penalized SD (mm),dSPM,-5,20,5.054199826813619,17.169362418572913,12.115162591759294,win
deep_sd_mm_penalized,Deep penalized SD (mm),dSPM,0,-10,7.31036531798614,21.591444603306012,14.281079285319873,win
deep_sd_mm_penalized,Deep penalized SD (mm),dSPM,0,-5,5.522802539912678,21.241430693112367,15.718628153199688,win
deep_sd_mm_penalized,Deep penalized SD (mm),dSPM,0,0,3.9498786959052166,20.485593019238895,16.53571432333368,win
deep_sd_mm_penalized,Deep penalized SD (mm),dSPM,0,5,4.072390834305106,19.62157888280544,15.549188048500334,win
deep_sd_mm_penalized,Deep penalized SD (mm),dSPM,0,10,4.330254132639843,18.500912350060485,14.170658217420641,win
deep_sd_mm_penalized,Deep penalized SD (mm),dSPM,0,15,3.7985822865381706,17.676018235221076,13.877435948682905,win
deep_sd_mm_penalized,Deep penalized SD (mm),dSPM,0,20,5.113819350557207,17.092011586604514,11.978192236047306,win
deep_sd_mm_penalized,Deep penalized SD (mm),dSPM,5,-10,5.570429506880985,21.005064278273462,15.434634771392478,win
deep_sd_mm_penalized,Deep penalized SD (mm),dSPM,5,-5,4.411141007024432,20.49778988985422,16.086648882829788,win
deep_sd_mm_penalized,Deep penalized SD (mm),dSPM,5,0,4.0758613570908295,19.831081233802095,15.755219876711266,win
deep_sd_mm_penalized,Deep penalized SD (mm),dSPM,5,5,3.45554408473791,19.026074905868708,15.570530821130797,win
deep_sd_mm_penalized,Deep penalized SD (mm),dSPM,5,10,3.7502529065084254,18.152758717479262,14.402505810970837,win
deep_sd_mm_penalized,Deep penalized SD (mm),dSPM,5,15,4.004878972496762,17.44676795954229,13.441888987045527,win
deep_sd_mm_penalized,Deep penalized SD (mm),dSPM,5,20,4.0902099191684504,16.916517873959545,12.826307954791094,win
deep_sd_mm_penalized,Deep penalized SD (mm),dSPM,10,-10,3.5038629322662067,20.0149879192064,16.511124986940196,win
deep_sd_mm_penalized,Deep penalized SD (mm),dSPM,10,-5,2.4788092910571518,19.480098212218735,17.00128892116158,win
deep_sd_mm_penalized,Deep penalized SD (mm),dSPM,10,0,2.351348708843662,18.72960630118986,16.3782575923462,win
deep_sd_mm_penalized,Deep penalized SD (mm),dSPM,10,5,2.1788285505216303,18.167015769406433,15.988187218884804,win
deep_sd_mm_penalized,Deep penalized SD (mm),dSPM,10,10,2.8336389877761445,17.68359762410147,14.849958636325326,win
deep_sd_mm_penalized,Deep penalized SD (mm),dSPM,10,15,2.9989308231998533,17.164404427004424,14.165473603804571,win
deep_sd_mm_penalized,Deep penalized SD (mm),dSPM,10,20,3.7664242496034492,16.837001440279508,13.070577190676058,win
deep_sd_mm_penalized,Deep penalized SD (mm),dSPM,15,-10,4.443376599904776,18.810572390629726,14.36719579072495,win
deep_sd_mm_penalized,Deep penalized SD (mm),dSPM,15,-5,3.6939421467648774,18.481345132911084,14.787402986146207,win
deep_sd_mm_penalized,Deep penalized SD (mm),dSPM,15,0,3.134151663223744,17.928882993363583,14.79473133013984,win
deep_sd_mm_penalized,Deep penalized SD (mm),dSPM,15,5,2.0420798992605955,17.451011947713102,15.408932048452506,win
deep_sd_mm_penalized,Deep penalized SD (mm),dSPM,15,10,2.391383349499169,17.035898621551105,14.644515272051937,win
deep_sd_mm_penalized,Deep penalized SD (mm),dSPM,15,15,2.723660487117515,16.530882590839443,13.807222103721928,win
deep_sd_mm_penalized,Deep penalized SD (mm),dSPM,15,20,4.057127948394576,16.544428842088102,12.487300893693526,win
deep_sd_mm_penalized,Deep penalized SD (mm),dSPM,20,-10,4.6157262627223234,18.143550193067743,13.52782393034542,win
deep_sd_mm_penalized,Deep penalized SD (mm),dSPM,20,-5,3.8747483791216673,17.817705652577825,13.942957273456157,win
deep_sd_mm_penalized,Deep penalized SD (mm),dSPM,20,0,3.013294630307762,17.408520148589236,14.395225518281475,win
deep_sd_mm_penalized,Deep penalized SD (mm),dSPM,20,5,3.065929375207944,16.988532722162404,13.92260334695446,win
deep_sd_mm_penalized,Deep penalized SD (mm),dSPM,20,10,2.6693058698642056,16.509306250668914,13.840000380804709,win
deep_sd_mm_penalized,Deep penalized SD (mm),dSPM,20,15,2.4651552503424026,16.154034149916196,13.688878899573794,win
deep_sd_mm_penalized,Deep penalized SD (mm),dSPM,20,20,3.034502975955555,16.11835280550799,13.083849829552435,win
deep_sd_mm_penalized,Deep penalized SD (mm),sLORETA,-10,-10,10.485485819309277,21.99609554533364,11.510609726024365,win
deep_sd_mm_penalized,Deep penalized SD (mm),sLORETA,-10,-5,8.252676947023005,21.451848452013948,13.199171504990943,win
deep_sd_mm_penalized,Deep penalized SD (mm),sLORETA,-10,0,5.009997224685927,20.540516498162493,15.530519273476566,win
deep_sd_mm_penalized,Deep penalized SD (mm),sLORETA,-10,5,5.95397232584445,19.522621821363625,13.568649495519175,win
deep_sd_mm_penalized,Deep penalized SD (mm),sLORETA,-10,10,5.519652271233887,18.142862021603875,12.623209750369988,win
deep_sd_mm_penalized,Deep penalized SD (mm),sLORETA,-10,15,4.169581815596648,17.227813624152134,13.058231808555487,win
deep_sd_mm_penalized,Deep penalized SD (mm),sLORETA,-10,20,5.517308545394632,16.693944995009215,11.176636449614584,win
deep_sd_mm_penalized,Deep penalized SD (mm),sLORETA,-5,-10,10.09853487490992,21.998955622427577,11.900420747517657,win
deep_sd_mm_penalized,Deep penalized SD (mm),sLORETA,-5,-5,7.2207600934136735,21.27694327117845,14.056183177764776,win
deep_sd_mm_penalized,Deep penalized SD (mm),sLORETA,-5,0,4.979918315590031,20.43781376494511,15.457895449355078,win
deep_sd_mm_penalized,Deep penalized SD (mm),sLORETA,-5,5,4.8046926865884165,19.28231342712831,14.477620740539894,win
deep_sd_mm_penalized,Deep penalized SD (mm),sLORETA,-5,10,5.338669784724069,18.17026429216752,12.831594507443452,win
deep_sd_mm_penalized,Deep penalized SD (mm),sLORETA,-5,15,4.710820568290634,17.269953871377496,12.559133303086861,win
deep_sd_mm_penalized,Deep penalized SD (mm),sLORETA,-5,20,5.054199826813619,16.71068056160695,11.65648073479333,win
deep_sd_mm_penalized,Deep penalized SD (mm),sLORETA,0,-10,7.31036531798614,22.06213077325599,14.751765455269851,win
deep_sd_mm_penalized,Deep penalized SD (mm),sLORETA,0,-5,5.522802539912678,21.346495936355282,15.823693396442604,win
deep_sd_mm_penalized,Deep penalized SD (mm),sLORETA,0,0,3.9498786959052166,20.2596912233286,16.309812527423382,win
deep_sd_mm_penalized,Deep penalized SD (mm),sLORETA,0,5,4.072390834305106,19.064390065387553,14.991999231082445,win
deep_sd_mm_penalized,Deep penalized SD (mm),sLORETA,0,10,4.330254132639843,17.881915136232735,13.55166100359289,win
deep_sd_mm_penalized,Deep penalized SD (mm),sLORETA,0,15,3.7985822865381706,17.07854332329157,13.279961036753399,win
deep_sd_mm_penalized,Deep penalized SD (mm),sLORETA,0,20,5.113819350557207,16.503701353446264,11.389882002889056,win
deep_sd_mm_penalized,Deep penalized SD (mm),sLORETA,5,-10,5.570429506880985,21.48767352094116,15.917244014060177,win
deep_sd_mm_penalized,Deep penalized SD (mm),sLORETA,5,-5,4.411141007024432,20.8539853498859,16.442844342861466,win
deep_sd_mm_penalized,Deep penalized SD (mm),sLORETA,5,0,4.0758613570908295,19.851857800004357,15.775996442913527,win
deep_sd_mm_penalized,Deep penalized SD (mm),sLORETA,5,5,3.45554408473791,18.703037053998713,15.247492969260803,win
deep_sd_mm_penalized,Deep penalized SD (mm),sLORETA,5,10,3.7502529065084254,17.64942304062475,13.899170134116325,win
deep_sd_mm_penalized,Deep penalized SD (mm),sLORETA,5,15,4.004878972496762,16.891422873702314,12.886543901205552,win
deep_sd_mm_penalized,Deep penalized SD (mm),sLORETA,5,20,4.0902099191684504,16.4232071547436,12.33299723557515,win
deep_sd_mm_penalized,Deep penalized SD (mm),sLORETA,10,-10,3.5038629322662067,20.327380653467603,16.823517721201398,win
deep_sd_mm_penalized,Deep penalized SD (mm),sLORETA,10,-5,2.4788092910571518,19.78217154740651,17.30336225634936,win
deep_sd_mm_penalized,Deep penalized SD (mm),sLORETA,10,0,2.351348708843662,19.036375781140464,16.6850270722968,win
deep_sd_mm_penalized,Deep penalized SD (mm),sLORETA,10,5,2.1788285505216303,18.074548948298304,15.895720397776675,win
deep_sd_mm_penalized,Deep penalized SD (mm),sLORETA,10,10,2.8336389877761445,17.2794052276116,14.445766239835457,win
deep_sd_mm_penalized,Deep penalized SD (mm),sLORETA,10,15,2.9989308231998533,16.598392483291374,13.59946166009152,win
deep_sd_mm_penalized,Deep penalized SD (mm),sLORETA,10,20,3.7664242496034492,16.401332607891145,12.634908358287696,win
deep_sd_mm_penalized,Deep penalized SD (mm),sLORETA,15,-10,4.443376599904776,19.03099688675681,14.587620286852033,win
deep_sd_mm_penalized,Deep penalized SD (mm),sLORETA,15,-5,3.6939421467648774,18.6417444254774,14.94780227871252,win
deep_sd_mm_penalized,Deep penalized SD (mm),sLORETA,15,0,3.134151663223744,18.098615630668238,14.964463967444495,win
deep_sd_mm_penalized,Deep penalized SD (mm),sLORETA,15,5,2.0420798992605955,17.52124881863568,15.479168919375084,win
deep_sd_mm_penalized,Deep penalized SD (mm),sLORETA,15,10,2.391383349499169,16.77335850667984,14.381975157180673,win
deep_sd_mm_penalized,Deep penalized SD (mm),sLORETA,15,15,2.723660487117515,16.11249932474766,13.388838837630145,win
deep_sd_mm_penalized,Deep penalized SD (mm),sLORETA,15,20,4.057127948394576,16.07561317553218,12.018485227137603,win
deep_sd_mm_penalized,Deep penalized SD (mm),sLORETA,20,-10,4.6157262627223234,18.266989666433684,13.651263403711361,win
deep_sd_mm_penalized,Deep penalized SD (mm),sLORETA,20,-5,3.8747483791216673,17.88701161258149,14.012263233459821,win
deep_sd_mm_penalized,Deep penalized SD (mm),sLORETA,20,0,3.013294630307762,17.462619533892845,14.449324903585083,win
deep_sd_mm_penalized,Deep penalized SD (mm),sLORETA,20,5,3.065929375207944,16.898331459318133,13.83240208411019,win
deep_sd_mm_penalized,Deep penalized SD (mm),sLORETA,20,10,2.6693058698642056,16.348295440166257,13.678989570302052,win
deep_sd_mm_penalized,Deep penalized SD (mm),sLORETA,20,15,2.4651552503424026,15.8178256417317,13.352670391389298,win
deep_sd_mm_penalized,Deep penalized SD (mm),sLORETA,20,20,3.034502975955555,15.679093111128017,12.644590135172463,win
deep_sd_mm_penalized,Deep penalized SD (mm),eLORETA,-10,-10,10.485485819309277,22.597920186866826,12.11243436755755,win
deep_sd_mm_penalized,Deep penalized SD (mm),eLORETA,-10,-5,8.252676947023005,22.08188865158702,13.829211704564013,win
deep_sd_mm_penalized,Deep penalized SD (mm),eLORETA,-10,0,5.009997224685927,21.209715441657583,16.199718216971654,win
deep_sd_mm_penalized,Deep penalized SD (mm),eLORETA,-10,5,5.95397232584445,20.135111650122866,14.181139324278416,win
deep_sd_mm_penalized,Deep penalized SD (mm),eLORETA,-10,10,5.519652271233887,18.986421583343958,13.46676931211007,win
deep_sd_mm_penalized,Deep penalized SD (mm),eLORETA,-10,15,4.169581815596648,17.95629061206277,13.786708796466122,win
deep_sd_mm_penalized,Deep penalized SD (mm),eLORETA,-10,20,5.517308545394632,17.513969133042938,11.996660587648307,win
deep_sd_mm_penalized,Deep penalized SD (mm),eLORETA,-5,-10,10.09853487490992,22.31343788451648,12.214903009606559,win
deep_sd_mm_penalized,Deep penalized SD (mm),eLORETA,-5,-5,7.2207600934136735,21.82188768904503,14.601127595631358,win
deep_sd_mm_penalized,Deep penalized SD (mm),eLORETA,-5,0,4.979918315590031,21.02590203072118,16.04598371513115,win
deep_sd_mm_penalized,Deep penalized SD (mm),eLORETA,-5,5,4.8046926865884165,19.97505577704524,15.170363090456824,win
deep_sd_mm_penalized,Deep penalized SD (mm),eLORETA,-5,10,5.338669784724069,18.936404594432485,13.597734809708417,win
deep_sd_mm_penalized,Deep penalized SD (mm),eLORETA,-5,15,4.710820568290634,18.04348210324935,13.332661534958715,win
deep_sd_mm_penalized,Deep penalized SD (mm),eLORETA,-5,20,5.054199826813619,17.35512527337703,12.300925446563411,win
deep_sd_mm_penalized,Deep penalized SD (mm),eLORETA,0,-10,7.31036531798614,21.963653419683283,14.653288101697143,win
deep_sd_mm_penalized,Deep penalized SD (mm),eLORETA,0,-5,5.522802539912678,21.530253630332542,16.007451090419863,win
deep_sd_mm_penalized,Deep penalized SD (mm),eLORETA,0,0,3.9498786959052166,20.656014212368238,16.70613551646302,win
deep_sd_mm_penalized,Deep penalized SD (mm),eLORETA,0,5,4.072390834305106,19.790361133391823,15.717970299086716,win
deep_sd_mm_penalized,Deep penalized SD (mm),eLORETA,0,10,4.330254132639843,18.640887728632173,14.310633595992329,win
deep_sd_mm_penalized,Deep penalized SD (mm),eLORETA,0,15,3.7985822865381706,17.73475353172073,13.93617124518256,win
deep_sd_mm_penalized,Deep penalized SD (mm),eLORETA,0,20,5.113819350557207,17.21166694004451,12.097847589487301,win
deep_sd_mm_penalized,Deep penalized SD (mm),eLORETA,5,-10,5.570429506880985,21.285091602368592,15.714662095487608,win
deep_sd_mm_penalized,Deep penalized SD (mm),eLORETA,5,-5,4.411141007024432,20.70690560624005,16.295764599215616,win
deep_sd_mm_penalized,Deep penalized SD (mm),eLORETA,5,0,4.0758613570908295,20.011960561192538,15.936099204101708,win
deep_sd_mm_penalized,Deep penalized SD (mm),eLORETA,5,5,3.45554408473791,19.232046465755804,15.776502381017893,win
deep_sd_mm_penalized,Deep penalized SD (mm),eLORETA,5,10,3.7502529065084254,18.2050162529651,14.454763346456673,win
deep_sd_mm_penalized,Deep penalized SD (mm),eLORETA,5,15,4.004878972496762,17.466531875287757,13.461652902790995,win
deep_sd_mm_penalized,Deep penalized SD (mm),eLORETA,5,20,4.0902099191684504,17.027199481249955,12.936989562081504,win
deep_sd_mm_penalized,Deep penalized SD (mm),eLORETA,10,-10,3.5038629322662067,20.054962003863736,16.55109907159753,win
deep_sd_mm_penalized,Deep penalized SD (mm),eLORETA,10,-5,2.4788092910571518,19.56914807550281,17.090338784445656,win
deep_sd_mm_penalized,Deep penalized SD (mm),eLORETA,10,0,2.351348708843662,18.978054270487643,16.62670556164398,win
deep_sd_mm_penalized,Deep penalized SD (mm),eLORETA,10,5,2.1788285505216303,18.22694880690473,16.0481202563831,win
deep_sd_mm_penalized,Deep penalized SD (mm),eLORETA,10,10,2.8336389877761445,17.731521797491435,14.897882809715291,win
deep_sd_mm_penalized,Deep penalized SD (mm),eLORETA,10,15,2.9989308231998533,17.160940090033336,14.162009266833483,win
deep_sd_mm_penalized,Deep penalized SD (mm),eLORETA,10,20,3.7664242496034492,16.921845737342768,13.155421487739318,win
deep_sd_mm_penalized,Deep penalized SD (mm),eLORETA,15,-10,4.443376599904776,18.77637312792437,14.332996528019592,win
deep_sd_mm_penalized,Deep penalized SD (mm),eLORETA,15,-5,3.6939421467648774,18.48750758982713,14.793565443062251,win
deep_sd_mm_penalized,Deep penalized SD (mm),eLORETA,15,0,3.134151663223744,17.93581045153329,14.801658788309545,win
deep_sd_mm_penalized,Deep penalized SD (mm),eLORETA,15,5,2.0420798992605955,17.495851336101655,15.453771436841059,win
deep_sd_mm_penalized,Deep penalized SD (mm),eLORETA,15,10,2.391383349499169,17.054590111807105,14.663206762307937,win
deep_sd_mm_penalized,Deep penalized SD (mm),eLORETA,15,15,2.723660487117515,16.510521947311002,13.786861460193487,win
deep_sd_mm_penalized,Deep penalized SD (mm),eLORETA,15,20,4.057127948394576,16.494284220921028,12.437156272526451,win
deep_sd_mm_penalized,Deep penalized SD (mm),eLORETA,20,-10,4.6157262627223234,18.004179195437214,13.388452932714891,win
deep_sd_mm_penalized,Deep penalized SD (mm),eLORETA,20,-5,3.8747483791216673,17.73540927798469,13.860660898863022,win
deep_sd_mm_penalized,Deep penalized SD (mm),eLORETA,20,0,3.013294630307762,17.38721743191422,14.373922801606458,win
deep_sd_mm_penalized,Deep penalized SD (mm),eLORETA,20,5,3.065929375207944,16.887249272195106,13.821319896987163,win
deep_sd_mm_penalized,Deep penalized SD (mm),eLORETA,20,10,2.6693058698642056,16.434980314768932,13.765674444904727,win
deep_sd_mm_penalized,Deep penalized SD (mm),eLORETA,20,15,2.4651552503424026,16.010641875149954,13.545486624807552,win
deep_sd_mm_penalized,Deep penalized SD (mm),eLORETA,20,20,3.034502975955555,16.024116247195675,12.98961327124012,win
deep_sd_mm_penalized,Deep penalized SD (mm),LCMV,-10,-10,10.485485819309277,19.949629368405752,9.464143549096475,win
deep_sd_mm_penalized,Deep penalized SD (mm),LCMV,-10,-5,8.252676947023005,18.614300044094275,10.36162309707127,win
deep_sd_mm_penalized,Deep penalized SD (mm),LCMV,-10,0,5.009997224685927,16.511771440497423,11.501774215811496,win
deep_sd_mm_penalized,Deep penalized SD (mm),LCMV,-10,5,5.95397232584445,13.50272266299846,7.54875033715401,win
deep_sd_mm_penalized,Deep penalized SD (mm),LCMV,-10,10,5.519652271233887,10.63646052668496,5.116808255451073,win
deep_sd_mm_penalized,Deep penalized SD (mm),LCMV,-10,15,4.169581815596648,7.873994246499646,3.704412430902998,win
deep_sd_mm_penalized,Deep penalized SD (mm),LCMV,-10,20,5.517308545394632,5.291203415405642,-0.2261051299889898,loss
deep_sd_mm_penalized,Deep penalized SD (mm),LCMV,-5,-10,10.09853487490992,19.845642778846273,9.747107903936353,win
deep_sd_mm_penalized,Deep penalized SD (mm),LCMV,-5,-5,7.2207600934136735,18.50950502873843,11.288744935324758,win
deep_sd_mm_penalized,Deep penalized SD (mm),LCMV,-5,0,4.979918315590031,16.26538953589688,11.28547122030685,win
deep_sd_mm_penalized,Deep penalized SD (mm),LCMV,-5,5,4.8046926865884165,13.387321367993712,8.582628681405296,win
deep_sd_mm_penalized,Deep penalized SD (mm),LCMV,-5,10,5.338669784724069,10.6361850791842,5.297515294460131,win
deep_sd_mm_penalized,Deep penalized SD (mm),LCMV,-5,15,4.710820568290634,7.881222579607584,3.17040201131695,win
deep_sd_mm_penalized,Deep penalized SD (mm),LCMV,-5,20,5.054199826813619,5.3743065213208885,0.3201066945072695,win
deep_sd_mm_penalized,Deep penalized SD (mm),LCMV,0,-10,7.31036531798614,18.967851032649566,11.657485714663427,win
deep_sd_mm_penalized,Deep penalized SD (mm),LCMV,0,-5,5.522802539912678,18.007144615954605,12.484342076041926,win
deep_sd_mm_penalized,Deep penalized SD (mm),LCMV,0,0,3.9498786959052166,15.877424375168582,11.927545679263366,win
deep_sd_mm_penalized,Deep penalized SD (mm),LCMV,0,5,4.072390834305106,13.1302318606174,9.057841026312293,win
deep_sd_mm_penalized,Deep penalized SD (mm),LCMV,0,10,4.330254132639843,10.499081865848291,6.168827733208448,win
deep_sd_mm_penalized,Deep penalized SD (mm),LCMV,0,15,3.7985822865381706,7.767269384701504,3.9686870981633335,win
deep_sd_mm_penalized,Deep penalized SD (mm),LCMV,0,20,5.113819350557207,5.329843768089307,0.21602441753210044,win
deep_sd_mm_penalized,Deep penalized SD (mm),LCMV,5,-10,5.570429506880985,16.998582550964795,11.42815304408381,win
deep_sd_mm_penalized,Deep penalized SD (mm),LCMV,5,-5,4.411141007024432,16.090763025464156,11.679622018439723,win
deep_sd_mm_penalized,Deep penalized SD (mm),LCMV,5,0,4.0758613570908295,14.728537612344061,10.652676255253231,win
deep_sd_mm_penalized,Deep penalized SD (mm),LCMV,5,5,3.45554408473791,12.663444996985683,9.207900912247773,win
deep_sd_mm_penalized,Deep penalized SD (mm),LCMV,5,10,3.7502529065084254,10.138936765815746,6.388683859307321,win
deep_sd_mm_penalized,Deep penalized SD (mm),LCMV,5,15,4.004878972496762,7.664140712115988,3.659261739619226,win
deep_sd_mm_penalized,Deep penalized SD (mm),LCMV,5,20,4.0902099191684504,5.281272515687291,1.1910625965188402,win
deep_sd_mm_penalized,Deep penalized SD (mm),LCMV,10,-10,3.5038629322662067,14.572486773865192,11.068623841598985,win
deep_sd_mm_penalized,Deep penalized SD (mm),LCMV,10,-5,2.4788092910571518,14.149781140292385,11.670971849235233,win
deep_sd_mm_penalized,Deep penalized SD (mm),LCMV,10,0,2.351348708843662,12.894957822837753,10.54360911399409,win
deep_sd_mm_penalized,Deep penalized SD (mm),LCMV,10,5,2.1788285505216303,11.464108830615393,9.285280280093762,win
deep_sd_mm_penalized,Deep penalized SD (mm),LCMV,10,10,2.8336389877761445,9.448845651661353,6.615206663885209,win
deep_sd_mm_penalized,Deep penalized SD (mm),LCMV,10,15,2.9989308231998533,7.2667820809837025,4.26785125778385,win
deep_sd_mm_penalized,Deep penalized SD (mm),LCMV,10,20,3.7664242496034492,5.130857917190002,1.3644336675865527,win
deep_sd_mm_penalized,Deep penalized SD (mm),LCMV,15,-10,4.443376599904776,11.137492419977491,6.694115820072715,win
deep_sd_mm_penalized,Deep penalized SD (mm),LCMV,15,-5,3.6939421467648774,10.862128988725937,7.1681868419610595,win
deep_sd_mm_penalized,Deep penalized SD (mm),LCMV,15,0,3.134151663223744,10.461199261568924,7.32704759834518,win
deep_sd_mm_penalized,Deep penalized SD (mm),LCMV,15,5,2.0420798992605955,9.486992529238771,7.444912629978175,win
deep_sd_mm_penalized,Deep penalized SD (mm),LCMV,15,10,2.391383349499169,8.200557400674642,5.809174051175473,win
deep_sd_mm_penalized,Deep penalized SD (mm),LCMV,15,15,2.723660487117515,6.481779296337867,3.7581188092203517,win
deep_sd_mm_penalized,Deep penalized SD (mm),LCMV,15,20,4.057127948394576,4.753640780894345,0.6965128324997689,win
deep_sd_mm_penalized,Deep penalized SD (mm),LCMV,20,-10,4.6157262627223234,7.9070897786117795,3.291363515889456,win
deep_sd_mm_penalized,Deep penalized SD (mm),LCMV,20,-5,3.8747483791216673,7.842422987699234,3.967674608577567,win
deep_sd_mm_penalized,Deep penalized SD (mm),LCMV,20,0,3.013294630307762,7.656158905616851,4.642864275309089,win
deep_sd_mm_penalized,Deep penalized SD (mm),LCMV,20,5,3.065929375207944,7.180189686486585,4.114260311278642,win
deep_sd_mm_penalized,Deep penalized SD (mm),LCMV,20,10,2.6693058698642056,6.5807788904005635,3.911473020536358,win
deep_sd_mm_penalized,Deep penalized SD (mm),LCMV,20,15,2.4651552503424026,5.425054876470855,2.9598996261284527,win
deep_sd_mm_penalized,Deep penalized SD (mm),LCMV,20,20,3.034502975955555,4.127313426831392,1.0928104508758367,win
deep_sd_mm_penalized,Deep penalized SD (mm),Dipole fitting (grid),-10,-10,10.485485819309277,153.84334865111654,143.35786283180727,win
deep_sd_mm_penalized,Deep penalized SD (mm),Dipole fitting (grid),-10,-5,8.252676947023005,144.9626934019371,136.71001645491407,win
deep_sd_mm_penalized,Deep penalized SD (mm),Dipole fitting (grid),-10,0,5.009997224685927,120.82755715232294,115.817559927637,win
deep_sd_mm_penalized,Deep penalized SD (mm),Dipole fitting (grid),-10,5,5.95397232584445,109.4037765075235,103.44980418167906,win
deep_sd_mm_penalized,Deep penalized SD (mm),Dipole fitting (grid),-10,10,5.519652271233887,95.87404577557369,90.35439350433981,win
deep_sd_mm_penalized,Deep penalized SD (mm),Dipole fitting (grid),-10,15,4.169581815596648,107.06876428530813,102.89918246971149,win
deep_sd_mm_penalized,Deep penalized SD (mm),Dipole fitting (grid),-10,20,5.517308545394632,101.45110044435506,95.93379189896044,win
deep_sd_mm_penalized,Deep penalized SD (mm),Dipole fitting (grid),-5,-10,10.09853487490992,154.23877349947546,144.14023862456554,win
deep_sd_mm_penalized,Deep penalized SD (mm),Dipole fitting (grid),-5,-5,7.2207600934136735,146.8908152832961,139.67005518988242,win
deep_sd_mm_penalized,Deep penalized SD (mm),Dipole fitting (grid),-5,0,4.979918315590031,127.78771599735516,122.80779768176514,win
deep_sd_mm_penalized,Deep penalized SD (mm),Dipole fitting (grid),-5,5,4.8046926865884165,105.2152389149647,100.41054622837629,win
deep_sd_mm_penalized,Deep penalized SD (mm),Dipole fitting (grid),-5,10,5.338669784724069,94.05237355414515,88.71370376942107,win
deep_sd_mm_penalized,Deep penalized SD (mm),Dipole fitting (grid),-5,15,4.710820568290634,100.67734991569898,95.96652934740835,win
deep_sd_mm_penalized,Deep penalized SD (mm),Dipole fitting (grid),-5,20,5.054199826813619,109.45752044637568,104.40332061956207,win
deep_sd_mm_penalized,Deep penalized SD (mm),Dipole fitting (grid),0,-10,7.31036531798614,150.42204864439438,143.11168332640824,win
deep_sd_mm_penalized,Deep penalized SD (mm),Dipole fitting (grid),0,-5,5.522802539912678,136.90913878984068,131.386336249928,win
deep_sd_mm_penalized,Deep penalized SD (mm),Dipole fitting (grid),0,0,3.9498786959052166,118.71286730738068,114.76298861147546,win
deep_sd_mm_penalized,Deep penalized SD (mm),Dipole fitting (grid),0,5,4.072390834305106,105.90598249252359,101.83359165821848,win
deep_sd_mm_penalized,Deep penalized SD (mm),Dipole fitting (grid),0,10,4.330254132639843,100.45411925580147,96.12386512316164,win
deep_sd_mm_penalized,Deep penalized SD (mm),Dipole fitting (grid),0,15,3.7985822865381706,96.9734683125731,93.17488602603493,win
deep_sd_mm_penalized,Deep penalized SD (mm),Dipole fitting (grid),0,20,5.113819350557207,99.26663073561008,94.15281138505287,win
deep_sd_mm_penalized,Deep penalized SD (mm),Dipole fitting (grid),5,-10,5.570429506880985,133.776933320852,128.206503813971,win
deep_sd_mm_penalized,Deep penalized SD (mm),Dipole fitting (grid),5,-5,4.411141007024432,115.13261433566053,110.72147332863611,win
deep_sd_mm_penalized,Deep penalized SD (mm),Dipole fitting (grid),5,0,4.0758613570908295,107.29828207304563,103.2224207159548,win
deep_sd_mm_penalized,Deep penalized SD (mm),Dipole fitting (grid),5,5,3.45554408473791,100.31579306417932,96.86024897944141,win
deep_sd_mm_penalized,Deep penalized SD (mm),Dipole fitting (grid),5,10,3.7502529065084254,96.9603335538559,93.21008064734748,win
deep_sd_mm_penalized,Deep penalized SD (mm),Dipole fitting (grid),5,15,4.004878972496762,92.57895017413335,88.5740712016366,win
deep_sd_mm_penalized,Deep penalized SD (mm),Dipole fitting (grid),5,20,4.0902099191684504,95.28205818248436,91.19184826331592,win
deep_sd_mm_penalized,Deep penalized SD (mm),Dipole fitting (grid),10,-10,3.5038629322662067,111.90739277376524,108.40352984149904,win
deep_sd_mm_penalized,Deep penalized SD (mm),Dipole fitting (grid),10,-5,2.4788092910571518,113.00557469696896,110.52676540591182,win
deep_sd_mm_penalized,Deep penalized SD (mm),Dipole fitting (grid),10,0,2.351348708843662,98.10753508022111,95.75618637137745,win
deep_sd_mm_penalized,Deep penalized SD (mm),Dipole fitting (grid),10,5,2.1788285505216303,96.7892840251365,94.61045547461487,win
deep_sd_mm_penalized,Deep penalized SD (mm),Dipole fitting (grid),10,10,2.8336389877761445,96.90258130661933,94.06894231884318,win
deep_sd_mm_penalized,Deep penalized SD (mm),Dipole fitting (grid),10,15,2.9989308231998533,89.306043804135,86.30711298093514,win
deep_sd_mm_penalized,Deep penalized SD (mm),Dipole fitting (grid),10,20,3.7664242496034492,96.7283702673089,92.96194601770546,win
deep_sd_mm_penalized,Deep penalized SD (mm),Dipole fitting (grid),15,-10,4.443376599904776,111.34392507746708,106.9005484775623,win
deep_sd_mm_penalized,Deep penalized SD (mm),Dipole fitting (grid),15,-5,3.6939421467648774,107.5665240368836,103.87258189011872,win
deep_sd_mm_penalized,Deep penalized SD (mm),Dipole fitting (grid),15,0,3.134151663223744,99.64320736997009,96.50905570674634,win
deep_sd_mm_penalized,Deep penalized SD (mm),Dipole fitting (grid),15,5,2.0420798992605955,92.51017582134058,90.46809592207998,win
deep_sd_mm_penalized,Deep penalized SD (mm),Dipole fitting (grid),15,10,2.391383349499169,93.44571865536277,91.0543353058636,win
deep_sd_mm_penalized,Deep penalized SD (mm),Dipole fitting (grid),15,15,2.723660487117515,93.44099432792859,90.71733384081108,win
deep_sd_mm_penalized,Deep penalized SD (mm),Dipole fitting (grid),15,20,4.057127948394576,102.63174132052283,98.57461337212825,win
deep_sd_mm_penalized,Deep penalized SD (mm),Dipole fitting (grid),20,-10,4.6157262627223234,113.50122948841465,108.88550322569233,win
deep_sd_mm_penalized,Deep penalized SD (mm),Dipole fitting (grid),20,-5,3.8747483791216673,111.94327761714935,108.06852923802768,win
deep_sd_mm_penalized,Deep penalized SD (mm),Dipole fitting (grid),20,0,3.013294630307762,103.96945018794112,100.95615555763335,win
deep_sd_mm_penalized,Deep penalized SD (mm),Dipole fitting (grid),20,5,3.065929375207944,101.73680766626599,98.67087829105805,win
deep_sd_mm_penalized,Deep penalized SD (mm),Dipole fitting (grid),20,10,2.6693058698642056,99.4221000253092,96.752794155445,win
deep_sd_mm_penalized,Deep penalized SD (mm),Dipole fitting (grid),20,15,2.4651552503424026,100.16997485101069,97.70481960066829,win
deep_sd_mm_penalized,Deep penalized SD (mm),Dipole fitting (grid),20,20,3.034502975955555,101.19042213969782,98.15591916374225,win
deep_sd_mm_penalized,Deep penalized SD (mm),RAP-MUSIC,-10,-10,10.485485819309277,154.01655127499666,143.53106545568738,win
deep_sd_mm_penalized,Deep penalized SD (mm),RAP-MUSIC,-10,-5,8.252676947023005,138.13283433809056,129.88015739106754,win
deep_sd_mm_penalized,Deep penalized SD (mm),RAP-MUSIC,-10,0,5.009997224685927,104.88058322913491,99.87058600444898,win
deep_sd_mm_penalized,Deep penalized SD (mm),RAP-MUSIC,-10,5,5.95397232584445,75.9316839183253,69.97771159248086,win
deep_sd_mm_penalized,Deep penalized SD (mm),RAP-MUSIC,-10,10,5.519652271233887,50.67294570524704,45.15329343401315,win
deep_sd_mm_penalized,Deep penalized SD (mm),RAP-MUSIC,-10,15,4.169581815596648,54.01651107030457,49.846929254707916,win
deep_sd_mm_penalized,Deep penalized SD (mm),RAP-MUSIC,-10,20,5.517308545394632,53.91847184924037,48.401163303845735,win
deep_sd_mm_penalized,Deep penalized SD (mm),RAP-MUSIC,-5,-10,10.09853487490992,154.87220637547765,144.77367150056773,win
deep_sd_mm_penalized,Deep penalized SD (mm),RAP-MUSIC,-5,-5,7.2207600934136735,145.79263336512096,138.5718732717073,win
deep_sd_mm_penalized,Deep penalized SD (mm),RAP-MUSIC,-5,0,4.979918315590031,118.6670781590202,113.68715984343018,win
deep_sd_mm_penalized,Deep penalized SD (mm),RAP-MUSIC,-5,5,4.8046926865884165,80.56950964308169,75.76481695649328,win
deep_sd_mm_penalized,Deep penalized SD (mm),RAP-MUSIC,-5,10,5.338669784724069,51.820147232191296,46.48147744746723,win
deep_sd_mm_penalized,Deep penalized SD (mm),RAP-MUSIC,-5,15,4.710820568290634,51.7221080111271,47.01128744283646,win
deep_sd_mm_penalized,Deep penalized SD (mm),RAP-MUSIC,-5,20,5.054199826813619,56.331218711924556,51.277018885110934,win
deep_sd_mm_penalized,Deep penalized SD (mm),RAP-MUSIC,0,-10,7.31036531798614,149.32386672621925,142.0135014082331,win
deep_sd_mm_penalized,Deep penalized SD (mm),RAP-MUSIC,0,-5,5.522802539912678,133.07537733004008,127.55257479012741,win
deep_sd_mm_penalized,Deep penalized SD (mm),RAP-MUSIC,0,0,3.9498786959052166,110.51509319416046,106.56521449825524,win
deep_sd_mm_penalized,Deep penalized SD (mm),RAP-MUSIC,0,5,4.072390834305106,67.97059741360856,63.898206579303455,win
deep_sd_mm_penalized,Deep penalized SD (mm),RAP-MUSIC,0,10,4.330254132639843,46.20248338947525,41.8722292568354,win
deep_sd_mm_penalized,Deep penalized SD (mm),RAP-MUSIC,0,15,3.7985822865381706,48.300808012470206,44.502225725932036,win
deep_sd_mm_penalized,Deep penalized SD (mm),RAP-MUSIC,0,20,5.113819350557207,55.065673377947604,49.9518540273904,win
deep_sd_mm_penalized,Deep penalized SD (mm),RAP-MUSIC,5,-10,5.570429506880985,136.68434533169693,131.11391582481593,win
deep_sd_mm_penalized,Deep penalized SD (mm),RAP-MUSIC,5,-5,4.411141007024432,111.62168555656422,107.21054454953979,win
deep_sd_mm_penalized,Deep penalized SD (mm),RAP-MUSIC,5,0,4.0758613570908295,88.50188112775577,84.42601977066494,win
deep_sd_mm_penalized,Deep penalized SD (mm),RAP-MUSIC,5,5,3.45554408473791,68.90141591866846,65.44587183393055,win
deep_sd_mm_penalized,Deep penalized SD (mm),RAP-MUSIC,5,10,3.7502529065084254,52.967348759135554,49.217095852627125,win
deep_sd_mm_penalized,Deep penalized SD (mm),RAP-MUSIC,5,15,4.004878972496762,53.967491458009476,49.962612485512714,win
deep_sd_mm_penalized,Deep penalized SD (mm),RAP-MUSIC,5,20,4.0902099191684504,54.01651106854158,49.92630114937313,win
deep_sd_mm_penalized,Deep penalized SD (mm),RAP-MUSIC,10,-10,3.5038629322662067,87.43241423441089,83.92855130214468,win
deep_sd_mm_penalized,Deep penalized SD (mm),RAP-MUSIC,10,-5,2.4788092910571518,88.45286151749032,85.97405222643317,win
deep_sd_mm_penalized,Deep penalized SD (mm),RAP-MUSIC,10,0,2.351348708843662,73.53924164160962,71.18789293276596,win
deep_sd_mm_penalized,Deep penalized SD (mm),RAP-MUSIC,10,5,2.1788285505216303,60.80168102148383,58.6228524709622,win
deep_sd_mm_penalized,Deep penalized SD (mm),RAP-MUSIC,10,10,2.8336389877761445,50.67294570348406,47.83930671570791,win
deep_sd_mm_penalized,Deep penalized SD (mm),RAP-MUSIC,10,15,2.9989308231998533,56.26189451542397,53.26296369222411,win
deep_sd_mm_penalized,Deep penalized SD (mm),RAP-MUSIC,10,20,3.7664242496034492,51.7221080111271,47.95568376152365,win
deep_sd_mm_penalized,Deep penalized SD (mm),RAP-MUSIC,15,-10,4.443376599904776,63.14510368943041,58.70172708952563,win
deep_sd_mm_penalized,Deep penalized SD (mm),RAP-MUSIC,15,-5,3.6939421467648774,64.33877614177692,60.64483399501204,win
deep_sd_mm_penalized,Deep penalized SD (mm),RAP-MUSIC,15,0,3.134151663223744,65.5088309415825,62.374679278358755,win
deep_sd_mm_penalized,Deep penalized SD (mm),RAP-MUSIC,15,5,2.0420798992605955,57.409096045894195,55.3670161466336,win
deep_sd_mm_penalized,Deep penalized SD (mm),RAP-MUSIC,15,10,2.391383349499169,53.91847184924037,51.5270884997412,win
deep_sd_mm_penalized,Deep penalized SD (mm),RAP-MUSIC,15,15,2.723660487117515,51.62406879182589,48.90040830470838,win
deep_sd_mm_penalized,Deep penalized SD (mm),RAP-MUSIC,15,20,4.057127948394576,55.18401718295067,51.126889234556096,win
deep_sd_mm_penalized,Deep penalized SD (mm),RAP-MUSIC,20,-10,4.6157262627223234,59.70349910330868,55.087772840586354,win
deep_sd_mm_penalized,Deep penalized SD (mm),RAP-MUSIC,20,-5,3.8747483791216673,52.77127032053313,48.89652194141146,win
deep_sd_mm_penalized,Deep penalized SD (mm),RAP-MUSIC,20,0,3.013294630307762,60.84701922607551,57.83372459576775,win
deep_sd_mm_penalized,Deep penalized SD (mm),RAP-MUSIC,20,5,3.065929375207944,59.70349910330867,56.63756972810073,win
deep_sd_mm_penalized,Deep penalized SD (mm),RAP-MUSIC,20,10,2.6693058698642056,55.11469298847971,52.44538711861551,win
deep_sd_mm_penalized,Deep penalized SD (mm),RAP-MUSIC,20,15,2.4651552503424026,55.06567337794761,52.600518127605206,win
deep_sd_mm_penalized,Deep penalized SD (mm),RAP-MUSIC,20,20,3.034502975955555,55.06567337794761,52.03117040199206,win
deep_dle_mm_penalized,Deep penalized DLE (mm),SISSES,-10,-10,9.775817306431192,16.38507341114077,6.609256104709578,win
deep_dle_mm_penalized,Deep penalized DLE (mm),SISSES,-10,-5,8.201694912437427,15.666344232274307,7.46464931983688,win
deep_dle_mm_penalized,Deep penalized DLE (mm),SISSES,-10,0,4.246068728680514,14.058249909487268,9.812181180806753,win
deep_dle_mm_penalized,Deep penalized DLE (mm),SISSES,-10,5,5.4403960288607225,11.947823497616127,6.507427468755405,win
deep_dle_mm_penalized,Deep penalized DLE (mm),SISSES,-10,10,5.701544710910949,10.527445074986781,4.8259003640758324,win
deep_dle_mm_penalized,Deep penalized DLE (mm),SISSES,-10,15,3.859319671754888,9.162285161708963,5.302965489954076,win
deep_dle_mm_penalized,Deep penalized DLE (mm),SISSES,-10,20,5.230538504702388,8.958789807575954,3.7282513028735664,win
deep_dle_mm_penalized,Deep penalized DLE (mm),SISSES,-5,-10,10.055970359427851,18.95372958659881,8.89775922717096,win
deep_dle_mm_penalized,Deep penalized DLE (mm),SISSES,-5,-5,6.840934768688978,16.544685009757,9.703750241068022,win
deep_dle_mm_penalized,Deep penalized DLE (mm),SISSES,-5,0,4.6719046759799365,13.439298955920856,8.76739427994092,win
deep_dle_mm_penalized,Deep penalized DLE (mm),SISSES,-5,5,4.465973770180301,11.253794330822274,6.787820560641973,win
deep_dle_mm_penalized,Deep penalized DLE (mm),SISSES,-5,10,4.333820642976003,9.714818900103575,5.380998257127572,win
deep_dle_mm_penalized,Deep penalized DLE (mm),SISSES,-5,15,4.224728004918949,9.042313807638912,4.817585802719964,win
deep_dle_mm_penalized,Deep penalized DLE (mm),SISSES,-5,20,4.463508999460392,10.22797140996716,5.764462410506769,win
deep_dle_mm_penalized,Deep penalized DLE (mm),SISSES,0,-10,7.172007463992408,18.060125879014617,10.888118415022209,win
deep_dle_mm_penalized,Deep penalized DLE (mm),SISSES,0,-5,5.402008596983959,17.219630141831036,11.817621544847078,win
deep_dle_mm_penalized,Deep penalized DLE (mm),SISSES,0,0,3.5803703395553668,15.164092383839588,11.58372204428422,win
deep_dle_mm_penalized,Deep penalized DLE (mm),SISSES,0,5,3.7950236246161935,11.350504316593188,7.555480691976994,win
deep_dle_mm_penalized,Deep penalized DLE (mm),SISSES,0,10,4.192456129265502,9.081999763086047,4.889543633820545,win
deep_dle_mm_penalized,Deep penalized DLE (mm),SISSES,0,15,3.5807534871180544,11.039861024957597,7.459107537839543,win
deep_dle_mm_penalized,Deep penalized DLE (mm),SISSES,0,20,4.596315424677553,9.174411478789967,4.578096054112414,win
deep_dle_mm_penalized,Deep penalized DLE (mm),SISSES,5,-10,5.8223150288662,16.848938994691494,11.026623965825294,win
deep_dle_mm_penalized,Deep penalized DLE (mm),SISSES,5,-5,4.066213684878654,14.448782182760832,10.382568497882179,win
deep_dle_mm_penalized,Deep penalized DLE (mm),SISSES,5,0,3.8653411989619877,15.074565274131624,11.209224075169637,win
deep_dle_mm_penalized,Deep penalized DLE (mm),SISSES,5,5,2.8641222241216124,11.658984541897405,8.794862317775793,win
deep_dle_mm_penalized,Deep penalized DLE (mm),SISSES,5,10,3.369756147182283,8.663343580679978,5.293587433497695,win
deep_dle_mm_penalized,Deep penalized DLE (mm),SISSES,5,15,3.8568025332435156,8.918102000373482,5.061299467129967,win
deep_dle_mm_penalized,Deep penalized DLE (mm),SISSES,5,20,3.3606772293704044,8.379986055511344,5.019308826140939,win
deep_dle_mm_penalized,Deep penalized DLE (mm),SISSES,10,-10,3.4513450107454227,13.825541746122438,10.374196735377016,win
deep_dle_mm_penalized,Deep penalized DLE (mm),SISSES,10,-5,2.177352030106697,12.96641601261013,10.789063982503434,win
deep_dle_mm_penalized,Deep penalized DLE (mm),SISSES,10,0,2.2447370571586953,13.22265561208624,10.977918554927545,win
deep_dle_mm_penalized,Deep penalized DLE (mm),SISSES,10,5,2.2614867848195215,10.724698607910916,8.463211823091395,win
deep_dle_mm_penalized,Deep penalized DLE (mm),SISSES,10,10,2.7994611133502585,9.819340126668605,7.019879013318347,win
deep_dle_mm_penalized,Deep penalized DLE (mm),SISSES,10,15,2.727174180921148,9.313455980918734,6.586281799997586,win
deep_dle_mm_penalized,Deep penalized DLE (mm),SISSES,10,20,3.5464543506865294,7.685528625878788,4.139074275192258,win
deep_dle_mm_penalized,Deep penalized DLE (mm),SISSES,15,-10,4.261708542829671,12.105189162863454,7.843480620033783,win
deep_dle_mm_penalized,Deep penalized DLE (mm),SISSES,15,-5,3.6177354992583255,10.632545428160839,7.014809928902514,win
deep_dle_mm_penalized,Deep penalized DLE (mm),SISSES,15,0,2.754916406895207,11.41399306496578,8.659076658070573,win
deep_dle_mm_penalized,Deep penalized DLE (mm),SISSES,15,5,2.0415308938281775,9.878713834155969,7.837182940327791,win
deep_dle_mm_penalized,Deep penalized DLE (mm),SISSES,15,10,2.223406988794102,8.308805960623731,6.08539897182963,win
deep_dle_mm_penalized,Deep penalized DLE (mm),SISSES,15,15,2.1974360003523423,8.274187566450136,6.076751566097794,win
deep_dle_mm_penalized,Deep penalized DLE (mm),SISSES,15,20,3.501556743624786,9.010520179139013,5.508963435514227,win
deep_dle_mm_penalized,Deep penalized DLE (mm),SISSES,20,-10,4.056581485738659,13.682740986319823,9.626159500581164,win
deep_dle_mm_penalized,Deep penalized DLE (mm),SISSES,20,-5,3.6503835277273082,9.979146048215126,6.3287625204878175,win
deep_dle_mm_penalized,Deep penalized DLE (mm),SISSES,20,0,2.766908052329487,9.674255000128568,6.9073469477990805,win
deep_dle_mm_penalized,Deep penalized DLE (mm),SISSES,20,5,2.953027695258781,8.91835080081348,5.965323105554699,win
deep_dle_mm_penalized,Deep penalized DLE (mm),SISSES,20,10,2.3691471088042295,8.338631085512114,5.969483976707885,win
deep_dle_mm_penalized,Deep penalized DLE (mm),SISSES,20,15,2.415747294749353,8.473756844236632,6.058009549487279,win
deep_dle_mm_penalized,Deep penalized DLE (mm),SISSES,20,20,3.1436615036620914,8.069532257637144,4.925870753975053,win
deep_dle_mm_penalized,Deep penalized DLE (mm),MNE,-10,-10,9.775817306431192,23.97349171701841,14.197674410587217,win
deep_dle_mm_penalized,Deep penalized DLE (mm),MNE,-10,-5,8.201694912437427,23.610643529136606,15.40894861669918,win
deep_dle_mm_penalized,Deep penalized DLE (mm),MNE,-10,0,4.246068728680514,21.61253057579637,17.366461847115858,win
deep_dle_mm_penalized,Deep penalized DLE (mm),MNE,-10,5,5.4403960288607225,19.01218590318931,13.571789874328587,win
deep_dle_mm_penalized,Deep penalized DLE (mm),MNE,-10,10,5.701544710910949,14.690220615258989,8.988675904348039,win
deep_dle_mm_penalized,Deep penalized DLE (mm),MNE,-10,15,3.859319671754888,13.000465802696352,9.141146130941465,win
deep_dle_mm_penalized,Deep penalized DLE (mm),MNE,-10,20,5.230538504702388,12.054516119182763,6.823977614480375,win
deep_dle_mm_penalized,Deep penalized DLE (mm),MNE,-5,-10,10.055970359427851,25.660178190513466,15.604207831085615,win
deep_dle_mm_penalized,Deep penalized DLE (mm),MNE,-5,-5,6.840934768688978,22.658672028512097,15.817737259823119,win
deep_dle_mm_penalized,Deep penalized DLE (mm),MNE,-5,0,4.6719046759799365,19.44190451254848,14.769999836568543,win
deep_dle_mm_penalized,Deep penalized DLE (mm),MNE,-5,5,4.465973770180301,16.835110362977872,12.36913659279757,win
deep_dle_mm_penalized,Deep penalized DLE (mm),MNE,-5,10,4.333820642976003,14.90351535195091,10.569694708974907,win
deep_dle_mm_penalized,Deep penalized DLE (mm),MNE,-5,15,4.224728004918949,12.791757415916237,8.56702941099729,win
deep_dle_mm_penalized,Deep penalized DLE (mm),MNE,-5,20,4.463508999460392,12.779020056740904,8.315511057280514,win
deep_dle_mm_penalized,Deep penalized DLE (mm),MNE,0,-10,7.172007463992408,24.989740774484545,17.817733310492137,win
deep_dle_mm_penalized,Deep penalized DLE (mm),MNE,0,-5,5.402008596983959,23.977467584852416,18.57545898786846,win
deep_dle_mm_penalized,Deep penalized DLE (mm),MNE,0,0,3.5803703395553668,20.115802918963706,16.53543257940834,win
deep_dle_mm_penalized,Deep penalized DLE (mm),MNE,0,5,3.7950236246161935,15.809786279998418,12.014762655382224,win
deep_dle_mm_penalized,Deep penalized DLE (mm),MNE,0,10,4.192456129265502,13.873441617374056,9.680985488108554,win
deep_dle_mm_penalized,Deep penalized DLE (mm),MNE,0,15,3.5807534871180544,12.357320961752185,8.776567474634131,win
deep_dle_mm_penalized,Deep penalized DLE (mm),MNE,0,20,4.596315424677553,12.513021993385259,7.916706568707705,win
deep_dle_mm_penalized,Deep penalized DLE (mm),MNE,5,-10,5.8223150288662,23.18266349215634,17.36034846329014,win
deep_dle_mm_penalized,Deep penalized DLE (mm),MNE,5,-5,4.066213684878654,21.493396413418406,17.42718272853975,win
deep_dle_mm_penalized,Deep penalized DLE (mm),MNE,5,0,3.8653411989619877,16.715109844284697,12.84976864532271,win
deep_dle_mm_penalized,Deep penalized DLE (mm),MNE,5,5,2.8641222241216124,16.920376454553676,14.056254230432064,win
deep_dle_mm_penalized,Deep penalized DLE (mm),MNE,5,10,3.369756147182283,14.480273957225668,11.110517810043385,win
deep_dle_mm_penalized,Deep penalized DLE (mm),MNE,5,15,3.8568025332435156,12.893292671236892,9.036490137993377,win
deep_dle_mm_penalized,Deep penalized DLE (mm),MNE,5,20,3.3606772293704044,12.18486876340534,8.824191534034936,win
deep_dle_mm_penalized,Deep penalized DLE (mm),MNE,10,-10,3.4513450107454227,18.289174225263068,14.837829214517646,win
deep_dle_mm_penalized,Deep penalized DLE (mm),MNE,10,-5,2.177352030106697,18.232256379086433,16.054904348979736,win
deep_dle_mm_penalized,Deep penalized DLE (mm),MNE,10,0,2.2447370571586953,17.93989525777576,15.695158200617065,win
deep_dle_mm_penalized,Deep penalized DLE (mm),MNE,10,5,2.2614867848195215,15.04345223733432,12.781965452514799,win
deep_dle_mm_penalized,Deep penalized DLE (mm),MNE,10,10,2.7994611133502585,12.386955917379538,9.58749480402928,win
deep_dle_mm_penalized,Deep penalized DLE (mm),MNE,10,15,2.727174180921148,12.05428692908317,9.327112748162023,win
deep_dle_mm_penalized,Deep penalized DLE (mm),MNE,10,20,3.5464543506865294,11.367977698127609,7.8215233474410795,win
deep_dle_mm_penalized,Deep penalized DLE (mm),MNE,15,-10,4.261708542829671,16.229534698467322,11.967826155637653,win
deep_dle_mm_penalized,Deep penalized DLE (mm),MNE,15,-5,3.6177354992583255,16.50712518937082,12.889389690112496,win
deep_dle_mm_penalized,Deep penalized DLE (mm),MNE,15,0,2.754916406895207,15.66931849920961,12.914402092314402,win
deep_dle_mm_penalized,Deep penalized DLE (mm),MNE,15,5,2.0415308938281775,14.752480839793462,12.710949945965284,win
deep_dle_mm_penalized,Deep penalized DLE (mm),MNE,15,10,2.223406988794102,13.066006082336237,10.842599093542136,win
deep_dle_mm_penalized,Deep penalized DLE (mm),MNE,15,15,2.1974360003523423,12.2608205913728,10.063384591020458,win
deep_dle_mm_penalized,Deep penalized DLE (mm),MNE,15,20,3.501556743624786,11.221086308276616,7.719529564651831,win
deep_dle_mm_penalized,Deep penalized DLE (mm),MNE,20,-10,4.056581485738659,14.4171388935489,10.36055740781024,win
deep_dle_mm_penalized,Deep penalized DLE (mm),MNE,20,-5,3.6503835277273082,14.639321044365047,10.988937516637739,win
deep_dle_mm_penalized,Deep penalized DLE (mm),MNE,20,0,2.766908052329487,13.913930487882213,11.147022435552726,win
deep_dle_mm_penalized,Deep penalized DLE (mm),MNE,20,5,2.953027695258781,14.036705017113123,11.083677321854342,win
deep_dle_mm_penalized,Deep penalized DLE (mm),MNE,20,10,2.3691471088042295,12.484528817321953,10.115381708517724,win
deep_dle_mm_penalized,Deep penalized DLE (mm),MNE,20,15,2.415747294749353,10.487264539332477,8.071517244583124,win
deep_dle_mm_penalized,Deep penalized DLE (mm),MNE,20,20,3.1436615036620914,10.72743882065886,7.583777316996768,win
deep_dle_mm_penalized,Deep penalized DLE (mm),dSPM,-10,-10,9.775817306431192,18.08671445822755,8.31089715179636,win
deep_dle_mm_penalized,Deep penalized DLE (mm),dSPM,-10,-5,8.201694912437427,14.12233473542444,5.920639822987013,win
deep_dle_mm_penalized,Deep penalized DLE (mm),dSPM,-10,0,4.246068728680514,10.459238393241309,6.213169664560795,win
deep_dle_mm_penalized,Deep penalized DLE (mm),dSPM,-10,5,5.4403960288607225,9.000857872795072,3.560461843934349,win
deep_dle_mm_penalized,Deep penalized DLE (mm),dSPM,-10,10,5.701544710910949,8.507160337064713,2.805615626153764,win
deep_dle_mm_penalized,Deep penalized DLE (mm),dSPM,-10,15,3.859319671754888,8.234489100018443,4.375169428263556,win
deep_dle_mm_penalized,Deep penalized DLE (mm),dSPM,-10,20,5.230538504702388,8.586607366961074,3.3560688622586863,win
deep_dle_mm_penalized,Deep penalized DLE (mm),dSPM,-5,-10,10.055970359427851,13.711704657148578,3.655734297720727,win
deep_dle_mm_penalized,Deep penalized DLE (mm),dSPM,-5,-5,6.840934768688978,13.397771636777415,6.556836868088437,win
deep_dle_mm_penalized,Deep penalized DLE (mm),dSPM,-5,0,4.6719046759799365,9.514032618851035,4.842127942871098,win
deep_dle_mm_penalized,Deep penalized DLE (mm),dSPM,-5,5,4.465973770180301,8.70250334625335,4.236529576073049,win
deep_dle_mm_penalized,Deep penalized DLE (mm),dSPM,-5,10,4.333820642976003,7.763667647488354,3.429847004512351,win
deep_dle_mm_penalized,Deep penalized DLE (mm),dSPM,-5,15,4.224728004918949,8.078976844860312,3.8542488399413637,win
deep_dle_mm_penalized,Deep penalized DLE (mm),dSPM,-5,20,4.463508999460392,7.685281406214382,3.22177240675399,win
deep_dle_mm_penalized,Deep penalized DLE (mm),dSPM,0,-10,7.172007463992408,14.160301431198997,6.988293967206589,win
deep_dle_mm_penalized,Deep penalized DLE (mm),dSPM,0,-5,5.402008596983959,11.056969691979821,5.654961094995863,win
deep_dle_mm_penalized,Deep penalized DLE (mm),dSPM,0,0,3.5803703395553668,11.001447465899195,7.421077126343828,win
deep_dle_mm_penalized,Deep penalized DLE (mm),dSPM,0,5,3.7950236246161935,8.922419946261146,5.127396321644952,win
deep_dle_mm_penalized,Deep penalized DLE (mm),dSPM,0,10,4.192456129265502,7.881475191065372,3.68901906179987,win
deep_dle_mm_penalized,Deep penalized DLE (mm),dSPM,0,15,3.5807534871180544,7.9236466197983075,4.342893132680253,win
deep_dle_mm_penalized,Deep penalized DLE (mm),dSPM,0,20,4.596315424677553,8.374847996586903,3.7785325719093494,win
deep_dle_mm_penalized,Deep penalized DLE (mm),dSPM,5,-10,5.8223150288662,12.176902829831823,6.354587800965623,win
deep_dle_mm_penalized,Deep penalized DLE (mm),dSPM,5,-5,4.066213684878654,11.11039930247012,7.044185617591466,win
deep_dle_mm_penalized,Deep penalized DLE (mm),dSPM,5,0,3.8653411989619877,9.30910184499969,5.443760646037703,win
deep_dle_mm_penalized,Deep penalized DLE (mm),dSPM,5,5,2.8641222241216124,8.890150710842933,6.026028486721321,win
deep_dle_mm_penalized,Deep penalized DLE (mm),dSPM,5,10,3.369756147182283,7.8346734095773725,4.4649172623950895,win
deep_dle_mm_penalized,Deep penalized DLE (mm),dSPM,5,15,3.8568025332435156,7.719404742976335,3.862602209732819,win
deep_dle_mm_penalized,Deep penalized DLE (mm),dSPM,5,20,3.3606772293704044,7.08768041928155,3.7270031899111453,win
deep_dle_mm_penalized,Deep penalized DLE (mm),dSPM,10,-10,3.4513450107454227,11.289872527714218,7.838527516968796,win
deep_dle_mm_penalized,Deep penalized DLE (mm),dSPM,10,-5,2.177352030106697,10.54714952295489,8.369797492848193,win
deep_dle_mm_penalized,Deep penalized DLE (mm),dSPM,10,0,2.2447370571586953,9.54903149423348,7.304294437074785,win
deep_dle_mm_penalized,Deep penalized DLE (mm),dSPM,10,5,2.2614867848195215,8.417725068969412,6.156238284149891,win
deep_dle_mm_penalized,Deep penalized DLE (mm),dSPM,10,10,2.7994611133502585,7.985578262238026,5.186117148887767,win
deep_dle_mm_penalized,Deep penalized DLE (mm),dSPM,10,15,2.727174180921148,7.571170628906214,4.843996447985066,win
deep_dle_mm_penalized,Deep penalized DLE (mm),dSPM,10,20,3.5464543506865294,7.401872053639671,3.855417702953142,win
deep_dle_mm_penalized,Deep penalized DLE (mm),dSPM,15,-10,4.261708542829671,11.103249632345616,6.841541089515945,win
deep_dle_mm_penalized,Deep penalized DLE (mm),dSPM,15,-5,3.6177354992583255,10.889235259404069,7.271499760145744,win
deep_dle_mm_penalized,Deep penalized DLE (mm),dSPM,15,0,2.754916406895207,10.251697013930443,7.496780607035236,win
deep_dle_mm_penalized,Deep penalized DLE (mm),dSPM,15,5,2.0415308938281775,9.199206871221591,7.1576759773934135,win
deep_dle_mm_penalized,Deep penalized DLE (mm),dSPM,15,10,2.223406988794102,8.828640815668384,6.605233826874283,win
deep_dle_mm_penalized,Deep penalized DLE (mm),dSPM,15,15,2.1974360003523423,7.502308501244894,5.304872500892552,win
deep_dle_mm_penalized,Deep penalized DLE (mm),dSPM,15,20,3.501556743624786,7.665902319876516,4.16434557625173,win
deep_dle_mm_penalized,Deep penalized DLE (mm),dSPM,20,-10,4.056581485738659,11.61890668864408,7.562325202905421,win
deep_dle_mm_penalized,Deep penalized DLE (mm),dSPM,20,-5,3.6503835277273082,11.211855403392036,7.5614718756647274,win
deep_dle_mm_penalized,Deep penalized DLE (mm),dSPM,20,0,2.766908052329487,10.024879541728541,7.257971489399054,win
deep_dle_mm_penalized,Deep penalized DLE (mm),dSPM,20,5,2.953027695258781,9.735399461690655,6.782371766431874,win
deep_dle_mm_penalized,Deep penalized DLE (mm),dSPM,20,10,2.3691471088042295,9.78192133041305,7.412774221608821,win
deep_dle_mm_penalized,Deep penalized DLE (mm),dSPM,20,15,2.415747294749353,8.713592424235516,6.297845129486163,win
deep_dle_mm_penalized,Deep penalized DLE (mm),dSPM,20,20,3.1436615036620914,8.248776939297981,5.10511543563589,win
deep_dle_mm_penalized,Deep penalized DLE (mm),sLORETA,-10,-10,9.775817306431192,20.09410983942404,10.318292532992848,win
deep_dle_mm_penalized,Deep penalized DLE (mm),sLORETA,-10,-5,8.201694912437427,16.53604918540626,8.334354272968833,win
deep_dle_mm_penalized,Deep penalized DLE (mm),sLORETA,-10,0,4.246068728680514,12.9018743448355,8.655805616154986,win
deep_dle_mm_penalized,Deep penalized DLE (mm),sLORETA,-10,5,5.4403960288607225,11.971470587328854,6.531074558468132,win
deep_dle_mm_penalized,Deep penalized DLE (mm),sLORETA,-10,10,5.701544710910949,11.068683985069887,5.367139274158938,win
deep_dle_mm_penalized,Deep penalized DLE (mm),sLORETA,-10,15,3.859319671754888,10.74346740553448,6.884147733779592,win
deep_dle_mm_penalized,Deep penalized DLE (mm),sLORETA,-10,20,5.230538504702388,9.94331008781132,4.712771583108932,win
deep_dle_mm_penalized,Deep penalized DLE (mm),sLORETA,-5,-10,10.055970359427851,19.82037251979141,9.764402160363558,win
deep_dle_mm_penalized,Deep penalized DLE (mm),sLORETA,-5,-5,6.840934768688978,16.67364623814515,9.832711469456171,win
deep_dle_mm_penalized,Deep penalized DLE (mm),sLORETA,-5,0,4.6719046759799365,13.41000963654467,8.738104960564733,win
deep_dle_mm_penalized,Deep penalized DLE (mm),sLORETA,-5,5,4.465973770180301,11.872609619992268,7.406635849811967,win
deep_dle_mm_penalized,Deep penalized DLE (mm),sLORETA,-5,10,4.333820642976003,10.815900053397705,6.482079410421702,win
deep_dle_mm_penalized,Deep penalized DLE (mm),sLORETA,-5,15,4.224728004918949,10.350701248114312,6.1259732431953635,win
deep_dle_mm_penalized,Deep penalized DLE (mm),sLORETA,-5,20,4.463508999460392,10.106747567566435,5.643238568106043,win
deep_dle_mm_penalized,Deep penalized DLE (mm),sLORETA,0,-10,7.172007463992408,18.087533261733522,10.915525797741115,win
deep_dle_mm_penalized,Deep penalized DLE (mm),sLORETA,0,-5,5.402008596983959,16.230429177117472,10.828420580133514,win
deep_dle_mm_penalized,Deep penalized DLE (mm),sLORETA,0,0,3.5803703395553668,13.694543998579562,10.114173659024194,win
deep_dle_mm_penalized,Deep penalized DLE (mm),sLORETA,0,5,3.7950236246161935,11.874498335359206,8.079474710743012,win
deep_dle_mm_penalized,Deep penalized DLE (mm),sLORETA,0,10,4.192456129265502,10.708582250414514,6.516126121149012,win
deep_dle_mm_penalized,Deep penalized DLE (mm),sLORETA,0,15,3.5807534871180544,10.047113634129962,6.466360147011908,win
deep_dle_mm_penalized,Deep penalized DLE (mm),sLORETA,0,20,4.596315424677553,10.456818400295392,5.860502975617838,win
deep_dle_mm_penalized,Deep penalized DLE (mm),sLORETA,5,-10,5.8223150288662,15.820981580823437,9.998666551957237,win
deep_dle_mm_penalized,Deep penalized DLE (mm),sLORETA,5,-5,4.066213684878654,14.052737355327546,9.986523670448893,win
deep_dle_mm_penalized,Deep penalized DLE (mm),sLORETA,5,0,3.8653411989619877,13.177250619157222,9.311909420195235,win
deep_dle_mm_penalized,Deep penalized DLE (mm),sLORETA,5,5,2.8641222241216124,12.460640555742414,9.596518331620802,win
deep_dle_mm_penalized,Deep penalized DLE (mm),sLORETA,5,10,3.369756147182283,10.058800162475363,6.68904401529308,win
deep_dle_mm_penalized,Deep penalized DLE (mm),sLORETA,5,15,3.8568025332435156,9.195289511079254,5.338486977835739,win
deep_dle_mm_penalized,Deep penalized DLE (mm),sLORETA,5,20,3.3606772293704044,9.683880407370518,6.323203178000114,win
deep_dle_mm_penalized,Deep penalized DLE (mm),sLORETA,10,-10,3.4513450107454227,12.177095207523962,8.72575019677854,win
deep_dle_mm_penalized,Deep penalized DLE (mm),sLORETA,10,-5,2.177352030106697,10.591579655540643,8.414227625433947,win
deep_dle_mm_penalized,Deep penalized DLE (mm),sLORETA,10,0,2.2447370571586953,9.167235443069238,6.922498385910543,win
deep_dle_mm_penalized,Deep penalized DLE (mm),sLORETA,10,5,2.2614867848195215,8.752541197621374,6.491054412801853,win
deep_dle_mm_penalized,Deep penalized DLE (mm),sLORETA,10,10,2.7994611133502585,9.32456247785933,6.525101364509071,win
deep_dle_mm_penalized,Deep penalized DLE (mm),sLORETA,10,15,2.727174180921148,9.984881548686184,7.257707367765036,win
deep_dle_mm_penalized,Deep penalized DLE (mm),sLORETA,10,20,3.5464543506865294,9.972996096915704,6.426541746229175,win
deep_dle_mm_penalized,Deep penalized DLE (mm),sLORETA,15,-10,4.261708542829671,8.738881618315972,4.477173075486301,win
deep_dle_mm_penalized,Deep penalized DLE (mm),sLORETA,15,-5,3.6177354992583255,8.724941788567872,5.107206289309547,win
deep_dle_mm_penalized,Deep penalized DLE (mm),sLORETA,15,0,2.754916406895207,7.229250540681679,4.474334133786472,win
deep_dle_mm_penalized,Deep penalized DLE (mm),sLORETA,15,5,2.0415308938281775,7.460202514105643,5.418671620277466,win
deep_dle_mm_penalized,Deep penalized DLE (mm),sLORETA,15,10,2.223406988794102,7.612910636402049,5.389503647607947,win
deep_dle_mm_penalized,Deep penalized DLE (mm),sLORETA,15,15,2.1974360003523423,9.210303188261635,7.012867187909293,win
deep_dle_mm_penalized,Deep penalized DLE (mm),sLORETA,15,20,3.501556743624786,9.782773410042802,6.2812166664180165,win
deep_dle_mm_penalized,Deep penalized DLE (mm),sLORETA,20,-10,4.056581485738659,8.036922518820637,3.980341033081978,win
deep_dle_mm_penalized,Deep penalized DLE (mm),sLORETA,20,-5,3.6503835277273082,7.194575916976788,3.54419238924948,win
deep_dle_mm_penalized,Deep penalized DLE (mm),sLORETA,20,0,2.766908052329487,6.886117968715297,4.11920991638581,win
deep_dle_mm_penalized,Deep penalized DLE (mm),sLORETA,20,5,2.953027695258781,6.428952072342504,3.4759243770837234,win
deep_dle_mm_penalized,Deep penalized DLE (mm),sLORETA,20,10,2.3691471088042295,6.22350239553077,3.8543552867265403,win
deep_dle_mm_penalized,Deep penalized DLE (mm),sLORETA,20,15,2.415747294749353,7.659801730605172,5.244054435855819,win
deep_dle_mm_penalized,Deep penalized DLE (mm),sLORETA,20,20,3.1436615036620914,9.210970788267318,6.067309284605226,win
deep_dle_mm_penalized,Deep penalized DLE (mm),eLORETA,-10,-10,9.775817306431192,22.716106914374194,12.940289607943003,win
deep_dle_mm_penalized,Deep penalized DLE (mm),eLORETA,-10,-5,8.201694912437427,16.37497781612817,8.173282903690742,win
deep_dle_mm_penalized,Deep penalized DLE (mm),eLORETA,-10,0,4.246068728680514,13.307532704668875,9.06146397598836,win
deep_dle_mm_penalized,Deep penalized DLE (mm),eLORETA,-10,5,5.4403960288607225,10.82814266408119,5.387746635220467,win
deep_dle_mm_penalized,Deep penalized DLE (mm),eLORETA,-10,10,5.701544710910949,8.580099480824494,2.8785547699135448,win
deep_dle_mm_penalized,Deep penalized DLE (mm),eLORETA,-10,15,3.859319671754888,7.579907099176078,3.7205874274211905,win
deep_dle_mm_penalized,Deep penalized DLE (mm),eLORETA,-10,20,5.230538504702388,7.3757819415757835,2.145243436873396,win
deep_dle_mm_penalized,Deep penalized DLE (mm),eLORETA,-5,-10,10.055970359427851,21.156970248410808,11.100999888982956,win
deep_dle_mm_penalized,Deep penalized DLE (mm),eLORETA,-5,-5,6.840934768688978,15.808497873079096,8.967563104390118,win
deep_dle_mm_penalized,Deep penalized DLE (mm),eLORETA,-5,0,4.6719046759799365,13.404317808132395,8.732413132152459,win
deep_dle_mm_penalized,Deep penalized DLE (mm),eLORETA,-5,5,4.465973770180301,10.122708071033687,5.656734300853386,win
deep_dle_mm_penalized,Deep penalized DLE (mm),eLORETA,-5,10,4.333820642976003,7.949563701765023,3.61574305878902,win
deep_dle_mm_penalized,Deep penalized DLE (mm),eLORETA,-5,15,4.224728004918949,6.797656956075417,2.5729289511564684,win
deep_dle_mm_penalized,Deep penalized DLE (mm),eLORETA,-5,20,4.463508999460392,6.757023327090027,2.2935143276296355,win
deep_dle_mm_penalized,Deep penalized DLE (mm),eLORETA,0,-10,7.172007463992408,16.427006501961404,9.254999037968997,win
deep_dle_mm_penalized,Deep penalized DLE (mm),eLORETA,0,-5,5.402008596983959,14.99622320468695,9.594214607702991,win
deep_dle_mm_penalized,Deep penalized DLE (mm),eLORETA,0,0,3.5803703395553668,12.60080154297203,9.020431203416663,win
deep_dle_mm_penalized,Deep penalized DLE (mm),eLORETA,0,5,3.7950236246161935,9.812990104557464,6.01796647994127,win
deep_dle_mm_penalized,Deep penalized DLE (mm),eLORETA,0,10,4.192456129265502,8.728623551339393,4.53616742207389,win
deep_dle_mm_penalized,Deep penalized DLE (mm),eLORETA,0,15,3.5807534871180544,6.529323431776145,2.948569944658091,win
deep_dle_mm_penalized,Deep penalized DLE (mm),eLORETA,0,20,4.596315424677553,7.075254764960069,2.4789393402825155,win
deep_dle_mm_penalized,Deep penalized DLE (mm),eLORETA,5,-10,5.8223150288662,13.701747782564127,7.879432753697927,win
deep_dle_mm_penalized,Deep penalized DLE (mm),eLORETA,5,-5,4.066213684878654,12.582711734109262,8.51649804923061,win
deep_dle_mm_penalized,Deep penalized DLE (mm),eLORETA,5,0,3.8653411989619877,11.139849667831285,7.274508468869298,win
deep_dle_mm_penalized,Deep penalized DLE (mm),eLORETA,5,5,2.8641222241216124,9.159626738016847,6.295504513895235,win
deep_dle_mm_penalized,Deep penalized DLE (mm),eLORETA,5,10,3.369756147182283,7.041818820441601,3.672062673259318,win
deep_dle_mm_penalized,Deep penalized DLE (mm),eLORETA,5,15,3.8568025332435156,6.149373677679473,2.2925711444359576,win
deep_dle_mm_penalized,Deep penalized DLE (mm),eLORETA,5,20,3.3606772293704044,6.2788118320440205,2.918134602673616,win
deep_dle_mm_penalized,Deep penalized DLE (mm),eLORETA,10,-10,3.4513450107454227,11.106079424994363,7.65473441424894,win
deep_dle_mm_penalized,Deep penalized DLE (mm),eLORETA,10,-5,2.177352030106697,10.049379809012944,7.872027778906247,win
deep_dle_mm_penalized,Deep penalized DLE (mm),eLORETA,10,0,2.2447370571586953,8.15391737015335,5.909180312994654,win
deep_dle_mm_penalized,Deep penalized DLE (mm),eLORETA,10,5,2.2614867848195215,7.547346571324101,5.285859786504579,win
deep_dle_mm_penalized,Deep penalized DLE (mm),eLORETA,10,10,2.7994611133502585,6.428617454473684,3.629156341123425,win
deep_dle_mm_penalized,Deep penalized DLE (mm),eLORETA,10,15,2.727174180921148,5.99165787452677,3.264483693605622,win
deep_dle_mm_penalized,Deep penalized DLE (mm),eLORETA,10,20,3.5464543506865294,7.275181321843824,3.728726971157295,win
deep_dle_mm_penalized,Deep penalized DLE (mm),eLORETA,15,-10,4.261708542829671,8.292492766724584,4.030784223894913,win
deep_dle_mm_penalized,Deep penalized DLE (mm),eLORETA,15,-5,3.6177354992583255,7.904727921818711,4.286992422560386,win
deep_dle_mm_penalized,Deep penalized DLE (mm),eLORETA,15,0,2.754916406895207,7.342486867096484,4.587570460201277,win
deep_dle_mm_penalized,Deep penalized DLE (mm),eLORETA,15,5,2.0415308938281775,6.522909476469742,4.481378582641565,win
deep_dle_mm_penalized,Deep penalized DLE (mm),eLORETA,15,10,2.223406988794102,5.9510892365969985,3.7276822478028966,win
deep_dle_mm_penalized,Deep penalized DLE (mm),eLORETA,15,15,2.1974360003523423,5.181771834194192,2.98433583384185,win
deep_dle_mm_penalized,Deep penalized DLE (mm),eLORETA,15,20,3.501556743624786,5.407271484772541,1.9057147411477549,win
deep_dle_mm_penalized,Deep penalized DLE (mm),eLORETA,20,-10,4.056581485738659,7.7407300619297486,3.68414857619109,win
deep_dle_mm_penalized,Deep penalized DLE (mm),eLORETA,20,-5,3.6503835277273082,7.679966026213751,4.029582498486443,win
deep_dle_mm_penalized,Deep penalized DLE (mm),eLORETA,20,0,2.766908052329487,6.7912133055894826,4.024305253259996,win
deep_dle_mm_penalized,Deep penalized DLE (mm),eLORETA,20,5,2.953027695258781,6.069583044193492,3.1165553489347113,win
deep_dle_mm_penalized,Deep penalized DLE (mm),eLORETA,20,10,2.3691471088042295,6.037012848530407,3.667865739726177,win
deep_dle_mm_penalized,Deep penalized DLE (mm),eLORETA,20,15,2.415747294749353,5.7258959258596205,3.3101486311102675,win
deep_dle_mm_penalized,Deep penalized DLE (mm),eLORETA,20,20,3.1436615036620914,5.3861961691066575,2.242534665444566,win
deep_dle_mm_penalized,Deep penalized DLE (mm),LCMV,-10,-10,9.775817306431192,12.41844255692741,2.642625250496218,win
deep_dle_mm_penalized,Deep penalized DLE (mm),LCMV,-10,-5,8.201694912437427,9.744675442891268,1.5429805304538409,win
deep_dle_mm_penalized,Deep penalized DLE (mm),LCMV,-10,0,4.246068728680514,8.42242446938736,4.176355740706846,win
deep_dle_mm_penalized,Deep penalized DLE (mm),LCMV,-10,5,5.4403960288607225,6.393957755974207,0.9535617271134846,win
deep_dle_mm_penalized,Deep penalized DLE (mm),LCMV,-10,10,5.701544710910949,3.707356817315777,-1.9941878935951718,loss
deep_dle_mm_penalized,Deep penalized DLE (mm),LCMV,-10,15,3.859319671754888,2.108617975400895,-1.750701696353993,loss
deep_dle_mm_penalized,Deep penalized DLE (mm),LCMV,-10,20,5.230538504702388,0.9061412382011206,-4.324397266501267,loss
deep_dle_mm_penalized,Deep penalized DLE (mm),LCMV,-5,-10,10.055970359427851,10.938832369573193,0.8828620101453417,win
deep_dle_mm_penalized,Deep penalized DLE (mm),LCMV,-5,-5,6.840934768688978,9.716308247783006,2.875373479094028,win
deep_dle_mm_penalized,Deep penalized DLE (mm),LCMV,-5,0,4.6719046759799365,8.116726202645031,3.444821526665095,win
deep_dle_mm_penalized,Deep penalized DLE (mm),LCMV,-5,5,4.465973770180301,6.367442804796734,1.901469034616433,win
deep_dle_mm_penalized,Deep penalized DLE (mm),LCMV,-5,10,4.333820642976003,3.577441048779557,-0.7563795941964462,loss
deep_dle_mm_penalized,Deep penalized DLE (mm),LCMV,-5,15,4.224728004918949,1.9256743011639141,-2.2990537037550345,loss
deep_dle_mm_penalized,Deep penalized DLE (mm),LCMV,-5,20,4.463508999460392,0.8977308014704736,-3.565778197989918,loss
deep_dle_mm_penalized,Deep penalized DLE (mm),LCMV,0,-10,7.172007463992408,9.151752042233186,1.979744578240778,win
deep_dle_mm_penalized,Deep penalized DLE (mm),LCMV,0,-5,5.402008596983959,8.76538963806054,3.3633810410765816,win
deep_dle_mm_penalized,Deep penalized DLE (mm),LCMV,0,0,3.5803703395553668,7.558334793955204,3.9779644543998374,win
deep_dle_mm_penalized,Deep penalized DLE (mm),LCMV,0,5,3.7950236246161935,5.7879758403035675,1.992952215687374,win
deep_dle_mm_penalized,Deep penalized DLE (mm),LCMV,0,10,4.192456129265502,3.131862434044653,-1.0605936952208492,loss
deep_dle_mm_penalized,Deep penalized DLE (mm),LCMV,0,15,3.5807534871180544,1.896959287866924,-1.6837941992511305,loss
deep_dle_mm_penalized,Deep penalized DLE (mm),LCMV,0,20,4.596315424677553,1.0041804601975555,-3.592134964479998,loss
deep_dle_mm_penalized,Deep penalized DLE (mm),LCMV,5,-10,5.8223150288662,7.763486026208507,1.941170997342307,win
deep_dle_mm_penalized,Deep penalized DLE (mm),LCMV,5,-5,4.066213684878654,7.27003971979007,3.2038260349114163,win
deep_dle_mm_penalized,Deep penalized DLE (mm),LCMV,5,0,3.8653411989619877,6.397350263904403,2.532009064942415,win
deep_dle_mm_penalized,Deep penalized DLE (mm),LCMV,5,5,2.8641222241216124,4.381164668639022,1.51704244451741,win
deep_dle_mm_penalized,Deep penalized DLE (mm),LCMV,5,10,3.369756147182283,2.8318155853899967,-0.5379405617922863,loss
deep_dle_mm_penalized,Deep penalized DLE (mm),LCMV,5,15,3.8568025332435156,1.6602716888369937,-2.1965308444065217,loss
deep_dle_mm_penalized,Deep penalized DLE (mm),LCMV,5,20,3.3606772293704044,0.8858366522326276,-2.4748405771377766,loss
deep_dle_mm_penalized,Deep penalized DLE (mm),LCMV,10,-10,3.4513450107454227,4.860281865039533,1.4089368542941103,win
deep_dle_mm_penalized,Deep penalized DLE (mm),LCMV,10,-5,2.177352030106697,4.496819588323542,2.319467558216845,win
deep_dle_mm_penalized,Deep penalized DLE (mm),LCMV,10,0,2.2447370571586953,3.608136435225731,1.3633993780670357,win
deep_dle_mm_penalized,Deep penalized DLE (mm),LCMV,10,5,2.2614867848195215,2.7737542053229522,0.5122674205034308,win
deep_dle_mm_penalized,Deep penalized DLE (mm),LCMV,10,10,2.7994611133502585,1.879721709491525,-0.9197394038587334,loss
deep_dle_mm_penalized,Deep penalized DLE (mm),LCMV,10,15,2.727174180921148,1.2324576397896738,-1.4947165411314742,loss
deep_dle_mm_penalized,Deep penalized DLE (mm),LCMV,10,20,3.5464543506865294,0.857121635409665,-2.6893327152768642,loss
deep_dle_mm_penalized,Deep penalized DLE (mm),LCMV,15,-10,4.261708542829671,2.482475888887397,-1.7792326539422736,loss
deep_dle_mm_penalized,Deep penalized DLE (mm),LCMV,15,-5,3.6177354992583255,2.1405792374489834,-1.4771562618093421,loss
deep_dle_mm_penalized,Deep penalized DLE (mm),LCMV,15,0,2.754916406895207,2.097775115942199,-0.6571412909530081,loss
deep_dle_mm_penalized,Deep penalized DLE (mm),LCMV,15,5,2.0415308938281775,1.5812735779676963,-0.46025731586048124,loss
deep_dle_mm_penalized,Deep penalized DLE (mm),LCMV,15,10,2.223406988794102,0.9061412621609808,-1.3172657266331211,loss
deep_dle_mm_penalized,Deep penalized DLE (mm),LCMV,15,15,2.1974360003523423,0.5714144332439295,-1.6260215671084128,loss
deep_dle_mm_penalized,Deep penalized DLE (mm),LCMV,15,20,3.501556743624786,0.3347268251395555,-3.1668299184852304,loss
deep_dle_mm_penalized,Deep penalized DLE (mm),LCMV,20,-10,4.056581485738659,0.9492675790515227,-3.107313906687136,loss
deep_dle_mm_penalized,Deep penalized DLE (mm),LCMV,20,-5,3.6503835277273082,0.8886760159433749,-2.7617075117839334,loss
deep_dle_mm_penalized,Deep penalized DLE (mm),LCMV,20,0,2.766908052329487,0.6722929913724522,-2.0946150609570346,loss
deep_dle_mm_penalized,Deep penalized DLE (mm),LCMV,20,5,2.953027695258781,0.6519884063275384,-2.3010392889312423,loss
deep_dle_mm_penalized,Deep penalized DLE (mm),LCMV,20,10,2.3691471088042295,0.24509804384557196,-2.1240490649586574,loss
deep_dle_mm_penalized,Deep penalized DLE (mm),LCMV,20,15,2.415747294749353,0.2857072193085297,-2.1300400754408235,loss
deep_dle_mm_penalized,Deep penalized DLE (mm),LCMV,20,20,3.1436615036620914,0.09803921753822879,-3.0456222861238627,loss
deep_dle_mm_penalized,Deep penalized DLE (mm),Dipole fitting (grid),-10,-10,9.775817306431192,153.84334865111654,144.06753134468536,win
deep_dle_mm_penalized,Deep penalized DLE (mm),Dipole fitting (grid),-10,-5,8.201694912437427,144.9626934019371,136.76099848949966,win
deep_dle_mm_penalized,Deep penalized DLE (mm),Dipole fitting (grid),-10,0,4.246068728680514,120.82755715232294,116.58148842364243,win
deep_dle_mm_penalized,Deep penalized DLE (mm),Dipole fitting (grid),-10,5,5.4403960288607225,109.4037765075235,103.96338047866278,win
deep_dle_mm_penalized,Deep penalized DLE (mm),Dipole fitting (grid),-10,10,5.701544710910949,95.87404577557369,90.17250106466274,win
deep_dle_mm_penalized,Deep penalized DLE (mm),Dipole fitting (grid),-10,15,3.859319671754888,107.06876428530813,103.20944461355325,win
deep_dle_mm_penalized,Deep penalized DLE (mm),Dipole fitting (grid),-10,20,5.230538504702388,101.45110044435506,96.22056193965267,win
deep_dle_mm_penalized,Deep penalized DLE (mm),Dipole fitting (grid),-5,-10,10.055970359427851,154.23877349947546,144.1828031400476,win
deep_dle_mm_penalized,Deep penalized DLE (mm),Dipole fitting (grid),-5,-5,6.840934768688978,146.8908152832961,140.0498805146071,win
deep_dle_mm_penalized,Deep penalized DLE (mm),Dipole fitting (grid),-5,0,4.6719046759799365,127.78771599735516,123.11581132137523,win
deep_dle_mm_penalized,Deep penalized DLE (mm),Dipole fitting (grid),-5,5,4.465973770180301,105.2152389149647,100.7492651447844,win
deep_dle_mm_penalized,Deep penalized DLE (mm),Dipole fitting (grid),-5,10,4.333820642976003,94.05237355414515,89.71855291116914,win
deep_dle_mm_penalized,Deep penalized DLE (mm),Dipole fitting (grid),-5,15,4.224728004918949,100.67734991569898,96.45262191078004,win
deep_dle_mm_penalized,Deep penalized DLE (mm),Dipole fitting (grid),-5,20,4.463508999460392,109.45752044637568,104.9940114469153,win
deep_dle_mm_penalized,Deep penalized DLE (mm),Dipole fitting (grid),0,-10,7.172007463992408,150.42204864439438,143.25004118040198,win
deep_dle_mm_penalized,Deep penalized DLE (mm),Dipole fitting (grid),0,-5,5.402008596983959,136.90913878984068,131.50713019285672,win
deep_dle_mm_penalized,Deep penalized DLE (mm),Dipole fitting (grid),0,0,3.5803703395553668,118.71286730738068,115.1324969678253,win
deep_dle_mm_penalized,Deep penalized DLE (mm),Dipole fitting (grid),0,5,3.7950236246161935,105.90598249252359,102.1109588679074,win
deep_dle_mm_penalized,Deep penalized DLE (mm),Dipole fitting (grid),0,10,4.192456129265502,100.45411925580147,96.26166312653596,win
deep_dle_mm_penalized,Deep penalized DLE (mm),Dipole fitting (grid),0,15,3.5807534871180544,96.9734683125731,93.39271482545504,win
deep_dle_mm_penalized,Deep penalized DLE (mm),Dipole fitting (grid),0,20,4.596315424677553,99.26663073561008,94.67031531093252,win
deep_dle_mm_penalized,Deep penalized DLE (mm),Dipole fitting (grid),5,-10,5.8223150288662,133.776933320852,127.95461829198581,win
deep_dle_mm_penalized,Deep penalized DLE (mm),Dipole fitting (grid),5,-5,4.066213684878654,115.13261433566053,111.06640065078189,win
deep_dle_mm_penalized,Deep penalized DLE (mm),Dipole fitting (grid),5,0,3.8653411989619877,107.29828207304563,103.43294087408364,win
deep_dle_mm_penalized,Deep penalized DLE (mm),Dipole fitting (grid),5,5,2.8641222241216124,100.31579306417932,97.4516708400577,win
deep_dle_mm_penalized,Deep penalized DLE (mm),Dipole fitting (grid),5,10,3.369756147182283,96.9603335538559,93.59057740667362,win
deep_dle_mm_penalized,Deep penalized DLE (mm),Dipole fitting (grid),5,15,3.8568025332435156,92.57895017413335,88.72214764088984,win
deep_dle_mm_penalized,Deep penalized DLE (mm),Dipole fitting (grid),5,20,3.3606772293704044,95.2424020857681,91.8817248563977,win
deep_dle_mm_penalized,Deep penalized DLE (mm),Dipole fitting (grid),10,-10,3.4513450107454227,111.90739277376524,108.45604776301981,win
deep_dle_mm_penalized,Deep penalized DLE (mm),Dipole fitting (grid),10,-5,2.177352030106697,113.00557469696896,110.82822266686226,win
deep_dle_mm_penalized,Deep penalized DLE (mm),Dipole fitting (grid),10,0,2.2447370571586953,98.10753508022111,95.86279802306241,win
deep_dle_mm_penalized,Deep penalized DLE (mm),Dipole fitting (grid),10,5,2.2614867848195215,96.7892840251365,94.52779724031697,win
deep_dle_mm_penalized,Deep penalized DLE (mm),Dipole fitting (grid),10,10,2.7994611133502585,96.90258130661933,94.10312019326906,win
deep_dle_mm_penalized,Deep penalized DLE (mm),Dipole fitting (grid),10,15,2.727174180921148,89.306043804135,86.57886962321385,win
deep_dle_mm_penalized,Deep penalized DLE (mm),Dipole fitting (grid),10,20,3.5464543506865294,96.7283702673089,93.18191591662237,win
deep_dle_mm_penalized,Deep penalized DLE (mm),Dipole fitting (grid),15,-10,4.261708542829671,111.24481623738944,106.98310769455978,win
deep_dle_mm_penalized,Deep penalized DLE (mm),Dipole fitting (grid),15,-5,3.6177354992583255,107.5665240368836,103.94878853762528,win
deep_dle_mm_penalized,Deep penalized DLE (mm),Dipole fitting (grid),15,0,2.754916406895207,99.64320736997009,96.88829096307488,win
deep_dle_mm_penalized,Deep penalized DLE (mm),Dipole fitting (grid),15,5,2.0415308938281775,92.51017582134058,90.4686449275124,win
deep_dle_mm_penalized,Deep penalized DLE (mm),Dipole fitting (grid),15,10,2.223406988794102,93.44571865536277,91.22231166656867,win
deep_dle_mm_penalized,Deep penalized DLE (mm),Dipole fitting (grid),15,15,2.1974360003523423,93.44099432792859,91.24355832757625,win
deep_dle_mm_penalized,Deep penalized DLE (mm),Dipole fitting (grid),15,20,3.501556743624786,102.63174132052283,99.13018457689805,win
deep_dle_mm_penalized,Deep penalized DLE (mm),Dipole fitting (grid),20,-10,4.056581485738659,113.44150226224797,109.3849207765093,win
deep_dle_mm_penalized,Deep penalized DLE (mm),Dipole fitting (grid),20,-5,3.6503835277273082,111.94327761714935,108.29289408942203,win
deep_dle_mm_penalized,Deep penalized DLE (mm),Dipole fitting (grid),20,0,2.766908052329487,103.96945018794112,101.20254213561164,win
deep_dle_mm_penalized,Deep penalized DLE (mm),Dipole fitting (grid),20,5,2.953027695258781,101.73680766626599,98.7837799710072,win
deep_dle_mm_penalized,Deep penalized DLE (mm),Dipole fitting (grid),20,10,2.3691471088042295,99.4221000253092,97.05295291650498,win
deep_dle_mm_penalized,Deep penalized DLE (mm),Dipole fitting (grid),20,15,2.415747294749353,100.16997485101069,97.75422755626134,win
deep_dle_mm_penalized,Deep penalized DLE (mm),Dipole fitting (grid),20,20,3.1436615036620914,101.19042213969782,98.04676063603573,win
deep_dle_mm_penalized,Deep penalized DLE (mm),RAP-MUSIC,-10,-10,9.775817306431192,154.01655127499666,144.24073396856548,win
deep_dle_mm_penalized,Deep penalized DLE (mm),RAP-MUSIC,-10,-5,8.201694912437427,138.13283433809056,129.93113942565313,win
deep_dle_mm_penalized,Deep penalized DLE (mm),RAP-MUSIC,-10,0,4.246068728680514,104.88058322913491,100.6345145004544,win
deep_dle_mm_penalized,Deep penalized DLE (mm),RAP-MUSIC,-10,5,5.4403960288607225,75.9316839183253,70.49128788946459,win
deep_dle_mm_penalized,Deep penalized DLE (mm),RAP-MUSIC,-10,10,5.701544710910949,50.67294570524704,44.971400994336086,win
deep_dle_mm_penalized,Deep penalized DLE (mm),RAP-MUSIC,-10,15,3.859319671754888,54.01651107030457,50.15719139854968,win
deep_dle_mm_penalized,Deep penalized DLE (mm),RAP-MUSIC,-10,20,5.230538504702388,53.91847184924037,48.68793334453798,win
deep_dle_mm_penalized,Deep penalized DLE (mm),RAP-MUSIC,-5,-10,10.055970359427851,154.87220637547765,144.8162360160498,win
deep_dle_mm_penalized,Deep penalized DLE (mm),RAP-MUSIC,-5,-5,6.840934768688978,145.79263336512096,138.95169859643198,win
deep_dle_mm_penalized,Deep penalized DLE (mm),RAP-MUSIC,-5,0,4.6719046759799365,118.6670781590202,113.99517348304028,win
deep_dle_mm_penalized,Deep penalized DLE (mm),RAP-MUSIC,-5,5,4.465973770180301,80.56950964308169,76.10353587290139,win
deep_dle_mm_penalized,Deep penalized DLE (mm),RAP-MUSIC,-5,10,4.333820642976003,51.820147232191296,47.486326589215295,win
deep_dle_mm_penalized,Deep penalized DLE (mm),RAP-MUSIC,-5,15,4.224728004918949,51.7221080111271,47.49738000620815,win
deep_dle_mm_penalized,Deep penalized DLE (mm),RAP-MUSIC,-5,20,4.463508999460392,56.331218711924556,51.86770971246416,win
deep_dle_mm_penalized,Deep penalized DLE (mm),RAP-MUSIC,0,-10,7.172007463992408,149.32386672621925,142.15185926222685,win
deep_dle_mm_penalized,Deep penalized DLE (mm),RAP-MUSIC,0,-5,5.402008596983959,133.07537733004008,127.67336873305612,win
deep_dle_mm_penalized,Deep penalized DLE (mm),RAP-MUSIC,0,0,3.5803703395553668,110.51509319416046,106.93472285460508,win
deep_dle_mm_penalized,Deep penalized DLE (mm),RAP-MUSIC,0,5,3.7950236246161935,67.97059741360856,64.17557378899237,win
deep_dle_mm_penalized,Deep penalized DLE (mm),RAP-MUSIC,0,10,4.192456129265502,46.20248338947525,42.010027260209746,win
deep_dle_mm_penalized,Deep penalized DLE (mm),RAP-MUSIC,0,15,3.5807534871180544,48.300808012470206,44.720054525352154,win
deep_dle_mm_penalized,Deep penalized DLE (mm),RAP-MUSIC,0,20,4.596315424677553,55.065673377947604,50.46935795327005,win
deep_dle_mm_penalized,Deep penalized DLE (mm),RAP-MUSIC,5,-10,5.8223150288662,136.68434533169693,130.86203030283073,win
deep_dle_mm_penalized,Deep penalized DLE (mm),RAP-MUSIC,5,-5,4.066213684878654,111.62168555656422,107.55547187168557,win
deep_dle_mm_penalized,Deep penalized DLE (mm),RAP-MUSIC,5,0,3.8653411989619877,88.50188112775577,84.63653992879378,win
deep_dle_mm_penalized,Deep penalized DLE (mm),RAP-MUSIC,5,5,2.8641222241216124,68.90141591866846,66.03729369454685,win
deep_dle_mm_penalized,Deep penalized DLE (mm),RAP-MUSIC,5,10,3.369756147182283,52.967348759135554,49.597592611953274,win
deep_dle_mm_penalized,Deep penalized DLE (mm),RAP-MUSIC,5,15,3.8568025332435156,53.967491458009476,50.11068892476596,win
deep_dle_mm_penalized,Deep penalized DLE (mm),RAP-MUSIC,5,20,3.3606772293704044,54.01651106854158,50.65583383917118,win
deep_dle_mm_penalized,Deep penalized DLE (mm),RAP-MUSIC,10,-10,3.4513450107454227,87.43241423441089,83.98106922366546,win
deep_dle_mm_penalized,Deep penalized DLE (mm),RAP-MUSIC,10,-5,2.177352030106697,88.45286151749032,86.27550948738362,win
deep_dle_mm_penalized,Deep penalized DLE (mm),RAP-MUSIC,10,0,2.2447370571586953,73.53924164160962,71.29450458445092,win
deep_dle_mm_penalized,Deep penalized DLE (mm),RAP-MUSIC,10,5,2.2614867848195215,60.80168102148383,58.540194236664306,win
deep_dle_mm_penalized,Deep penalized DLE (mm),RAP-MUSIC,10,10,2.7994611133502585,50.67294570348406,47.8734845901338,win
deep_dle_mm_penalized,Deep penalized DLE (mm),RAP-MUSIC,10,15,2.727174180921148,56.26189451542397,53.53472033450282,win
deep_dle_mm_penalized,Deep penalized DLE (mm),RAP-MUSIC,10,20,3.5464543506865294,51.7221080111271,48.17565366044057,win
deep_dle_mm_penalized,Deep penalized DLE (mm),RAP-MUSIC,15,-10,4.261708542829671,63.14510368943041,58.88339514660073,win
deep_dle_mm_penalized,Deep penalized DLE (mm),RAP-MUSIC,15,-5,3.6177354992583255,64.29230521813764,60.67456971887932,win
deep_dle_mm_penalized,Deep penalized DLE (mm),RAP-MUSIC,15,0,2.754916406895207,65.5088309415825,62.7539145346873,win
deep_dle_mm_penalized,Deep penalized DLE (mm),RAP-MUSIC,15,5,2.0415308938281775,57.409096045894195,55.36756515206602,win
deep_dle_mm_penalized,Deep penalized DLE (mm),RAP-MUSIC,15,10,2.223406988794102,53.91847184924037,51.695064860446266,win
deep_dle_mm_penalized,Deep penalized DLE (mm),RAP-MUSIC,15,15,2.1974360003523423,51.62406879182589,49.42663279147355,win
deep_dle_mm_penalized,Deep penalized DLE (mm),RAP-MUSIC,15,20,3.501556743624786,55.18401718295067,51.68246043932588,win
deep_dle_mm_penalized,Deep penalized DLE (mm),RAP-MUSIC,20,-10,4.056581485738659,59.70349910330868,55.64691761757002,win
deep_dle_mm_penalized,Deep penalized DLE (mm),RAP-MUSIC,20,-5,3.6503835277273082,52.77127032053313,49.12088679280582,win
deep_dle_mm_penalized,Deep penalized DLE (mm),RAP-MUSIC,20,0,2.766908052329487,60.80168102148382,58.03477296915434,win
deep_dle_mm_penalized,Deep penalized DLE (mm),RAP-MUSIC,20,5,2.953027695258781,59.70349910330867,56.75047140804989,win
deep_dle_mm_penalized,Deep penalized DLE (mm),RAP-MUSIC,20,10,2.3691471088042295,55.11469298847971,52.74554587967548,win
deep_dle_mm_penalized,Deep penalized DLE (mm),RAP-MUSIC,20,15,2.415747294749353,55.06567337794761,52.64992608319826,win
deep_dle_mm_penalized,Deep penalized DLE (mm),RAP-MUSIC,20,20,3.1436615036620914,55.06567337794761,51.922011874285516,win
deep_sensitivity,Deep sensitivity,SISSES,-10,-10,0.4803921568627451,0.3588235294117647,0.1215686274509804,win
deep_sensitivity,Deep sensitivity,SISSES,-10,-5,0.6078431372549019,0.44248366013071894,0.16535947712418297,win
deep_sensitivity,Deep sensitivity,SISSES,-10,0,0.75,0.46503267973856205,0.28496732026143795,win
deep_sensitivity,Deep sensitivity,SISSES,-10,5,0.7107843137254902,0.545751633986928,0.16503267973856217,win
deep_sensitivity,Deep sensitivity,SISSES,-10,10,0.7450980392156863,0.5777777777777778,0.16732026143790846,win
deep_sensitivity,Deep sensitivity,SISSES,-10,15,0.7794117647058824,0.5973856209150327,0.1820261437908497,win
deep_sensitivity,Deep sensitivity,SISSES,-10,20,0.7058823529411765,0.6241830065359477,0.0816993464052288,win
deep_sensitivity,Deep sensitivity,SISSES,-5,-10,0.5294117647058824,0.33692810457516337,0.192483660130719,win
deep_sensitivity,Deep sensitivity,SISSES,-5,-5,0.6568627450980392,0.3986928104575163,0.2581699346405229,win
deep_sensitivity,Deep sensitivity,SISSES,-5,0,0.7352941176470589,0.46993464052287587,0.265359477124183,win
deep_sensitivity,Deep sensitivity,SISSES,-5,5,0.7450980392156863,0.5555555555555555,0.18954248366013082,win
deep_sensitivity,Deep sensitivity,SISSES,-5,10,0.7450980392156863,0.6218954248366013,0.12320261437908497,win
deep_sensitivity,Deep sensitivity,SISSES,-5,15,0.7549019607843137,0.626797385620915,0.12810457516339868,win
deep_sensitivity,Deep sensitivity,SISSES,-5,20,0.7598039215686274,0.5826797385620915,0.17712418300653587,win
deep_sensitivity,Deep sensitivity,SISSES,0,-10,0.6617647058823529,0.36666666666666664,0.2950980392156863,win
deep_sensitivity,Deep sensitivity,SISSES,0,-5,0.7450980392156863,0.38398692810457513,0.36111111111111116,win
deep_sensitivity,Deep sensitivity,SISSES,0,0,0.823529411764706,0.43300653594771243,0.3905228758169935,win
deep_sensitivity,Deep sensitivity,SISSES,0,5,0.7892156862745098,0.5826797385620915,0.20653594771241823,win
deep_sensitivity,Deep sensitivity,SISSES,0,10,0.8039215686274509,0.6562091503267974,0.14771241830065351,win
deep_sensitivity,Deep sensitivity,SISSES,0,15,0.8088235294117646,0.5777777777777778,0.23104575163398677,win
deep_sensitivity,Deep sensitivity,SISSES,0,20,0.7352941176470589,0.5973856209150327,0.1379084967320262,win
deep_sensitivity,Deep sensitivity,SISSES,5,-10,0.75,0.3738562091503268,0.3761437908496732,win
deep_sensitivity,Deep sensitivity,SISSES,5,-5,0.7941176470588235,0.5215686274509804,0.27254901960784306,win
deep_sensitivity,Deep sensitivity,SISSES,5,0,0.8333333333333334,0.4748366013071896,0.3584967320261438,win
deep_sensitivity,Deep sensitivity,SISSES,5,5,0.8676470588235294,0.5408496732026143,0.3267973856209151,win
deep_sensitivity,Deep sensitivity,SISSES,5,10,0.8186274509803922,0.6882352941176472,0.13039215686274508,win
deep_sensitivity,Deep sensitivity,SISSES,5,15,0.7990196078431372,0.6169934640522876,0.18202614379084958,win
deep_sensitivity,Deep sensitivity,SISSES,5,20,0.7696078431372549,0.6490196078431373,0.12058823529411766,win
deep_sensitivity,Deep sensitivity,SISSES,10,-10,0.8676470588235294,0.5212418300653594,0.34640522875817004,win
deep_sensitivity,Deep sensitivity,SISSES,10,-5,0.8970588235294117,0.538562091503268,0.35849673202614374,win
deep_sensitivity,Deep sensitivity,SISSES,10,0,0.9068627450980392,0.5016339869281046,0.40522875816993464,win
deep_sensitivity,Deep sensitivity,SISSES,10,5,0.9215686274509803,0.5996732026143791,0.3218954248366013,win
deep_sensitivity,Deep sensitivity,SISSES,10,10,0.8823529411764706,0.6045751633986929,0.2777777777777777,win
deep_sensitivity,Deep sensitivity,SISSES,10,15,0.8627450980392157,0.5849673202614379,0.2777777777777778,win
deep_sensitivity,Deep sensitivity,SISSES,10,20,0.8039215686274509,0.6513071895424837,0.15261437908496722,win
deep_sensitivity,Deep sensitivity,SISSES,15,-10,0.8137254901960783,0.5581699346405229,0.2555555555555554,win
deep_sensitivity,Deep sensitivity,SISSES,15,-5,0.8333333333333334,0.6026143790849673,0.23071895424836608,win
deep_sensitivity,Deep sensitivity,SISSES,15,0,0.8823529411764706,0.6098039215686275,0.27254901960784306,win
deep_sensitivity,Deep sensitivity,SISSES,15,5,0.9166666666666666,0.6464052287581699,0.27026143790849677,win
deep_sensitivity,Deep sensitivity,SISSES,15,10,0.9068627450980392,0.6611111111111111,0.24575163398692812,win
deep_sensitivity,Deep sensitivity,SISSES,15,15,0.8872549019607843,0.6611111111111111,0.22614379084967318,win
deep_sensitivity,Deep sensitivity,SISSES,15,20,0.8039215686274509,0.6169934640522875,0.1869281045751634,win
deep_sensitivity,Deep sensitivity,SISSES,20,-10,0.7941176470588235,0.5826797385620915,0.21143790849673194,win
deep_sensitivity,Deep sensitivity,SISSES,20,-5,0.8627450980392157,0.7081699346405229,0.15457516339869282,win
deep_sensitivity,Deep sensitivity,SISSES,20,0,0.8676470588235294,0.6810457516339871,0.18660130718954238,win
deep_sensitivity,Deep sensitivity,SISSES,20,5,0.8872549019607844,0.6833333333333332,0.20392156862745114,win
deep_sensitivity,Deep sensitivity,SISSES,20,10,0.8970588235294118,0.6807189542483659,0.21633986928104587,win
deep_sensitivity,Deep sensitivity,SISSES,20,15,0.8872549019607843,0.6709150326797385,0.21633986928104576,win
deep_sensitivity,Deep sensitivity,SISSES,20,20,0.8823529411764706,0.6562091503267974,0.22614379084967318,win
deep_sensitivity,Deep sensitivity,MNE,-10,-10,0.4803921568627451,0.1892156862745098,0.2911764705882353,win
deep_sensitivity,Deep sensitivity,MNE,-10,-5,0.6078431372549019,0.21862745098039216,0.38921568627450975,win
deep_sensitivity,Deep sensitivity,MNE,-10,0,0.75,0.3222222222222222,0.4277777777777778,win
deep_sensitivity,Deep sensitivity,MNE,-10,5,0.7107843137254902,0.396078431372549,0.3147058823529412,win
deep_sensitivity,Deep sensitivity,MNE,-10,10,0.7450980392156863,0.5366013071895425,0.20849673202614383,win
deep_sensitivity,Deep sensitivity,MNE,-10,15,0.7794117647058824,0.5879084967320262,0.1915032679738562,win
deep_sensitivity,Deep sensitivity,MNE,-10,20,0.7058823529411765,0.6026143790849673,0.10326797385620923,win
deep_sensitivity,Deep sensitivity,MNE,-5,-10,0.5294117647058824,0.2679738562091503,0.26143790849673204,win
deep_sensitivity,Deep sensitivity,MNE,-5,-5,0.6568627450980392,0.30000000000000004,0.35686274509803917,win
deep_sensitivity,Deep sensitivity,MNE,-5,0,0.7352941176470589,0.369281045751634,0.36601307189542487,win
deep_sensitivity,Deep sensitivity,MNE,-5,5,0.7450980392156863,0.40620915032679733,0.33888888888888896,win
deep_sensitivity,Deep sensitivity,MNE,-5,10,0.7450980392156863,0.5068627450980393,0.238235294117647,win
deep_sensitivity,Deep sensitivity,MNE,-5,15,0.7549019607843137,0.5509803921568627,0.20392156862745103,win
deep_sensitivity,Deep sensitivity,MNE,-5,20,0.7598039215686274,0.5261437908496731,0.2336601307189543,win
deep_sensitivity,Deep sensitivity,MNE,0,-10,0.6617647058823529,0.2261437908496732,0.43562091503267975,win
deep_sensitivity,Deep sensitivity,MNE,0,-5,0.7450980392156863,0.32973856209150326,0.41535947712418303,win
deep_sensitivity,Deep sensitivity,MNE,0,0,0.823529411764706,0.3986928104575163,0.42483660130718964,win
deep_sensitivity,Deep sensitivity,MNE,0,5,0.7892156862745098,0.4947712418300654,0.2944444444444444,win
deep_sensitivity,Deep sensitivity,MNE,0,10,0.8039215686274509,0.5513071895424836,0.2526143790849673,win
deep_sensitivity,Deep sensitivity,MNE,0,15,0.8088235294117646,0.5977124183006536,0.21111111111111103,win
deep_sensitivity,Deep sensitivity,MNE,0,20,0.7352941176470589,0.5581699346405229,0.17712418300653598,win
deep_sensitivity,Deep sensitivity,MNE,5,-10,0.75,0.24346405228758172,0.5065359477124183,win
deep_sensitivity,Deep sensitivity,MNE,5,-5,0.7941176470588235,0.32222222222222224,0.47189542483660124,win
deep_sensitivity,Deep sensitivity,MNE,5,0,0.8333333333333334,0.4898692810457516,0.34346405228758176,win
deep_sensitivity,Deep sensitivity,MNE,5,5,0.8676470588235294,0.49215686274509807,0.37549019607843137,win
deep_sensitivity,Deep sensitivity,MNE,5,10,0.8186274509803922,0.5754901960784314,0.2431372549019608,win
deep_sensitivity,Deep sensitivity,MNE,5,15,0.7990196078431372,0.6173202614379084,0.18169934640522878,win
deep_sensitivity,Deep sensitivity,MNE,5,20,0.7696078431372549,0.5359477124183006,0.2336601307189543,win
deep_sensitivity,Deep sensitivity,MNE,10,-10,0.8676470588235294,0.3591503267973856,0.5084967320261438,win
deep_sensitivity,Deep sensitivity,MNE,10,-5,0.8970588235294117,0.3911764705882353,0.5058823529411764,win
deep_sensitivity,Deep sensitivity,MNE,10,0,0.9068627450980392,0.4009803921568627,0.5058823529411764,win
deep_sensitivity,Deep sensitivity,MNE,10,5,0.9215686274509803,0.5143790849673203,0.40718954248366,win
deep_sensitivity,Deep sensitivity,MNE,10,10,0.8823529411764706,0.5977124183006536,0.284640522875817,win
deep_sensitivity,Deep sensitivity,MNE,10,15,0.8627450980392157,0.6441176470588235,0.21862745098039227,win
deep_sensitivity,Deep sensitivity,MNE,10,20,0.8039215686274509,0.6049019607843137,0.19901960784313721,win
deep_sensitivity,Deep sensitivity,MNE,15,-10,0.8137254901960783,0.4009803921568627,0.4127450980392156,win
deep_sensitivity,Deep sensitivity,MNE,15,-5,0.8333333333333334,0.41078431372549024,0.42254901960784313,win
deep_sensitivity,Deep sensitivity,MNE,15,0,0.8823529411764706,0.4254901960784314,0.45686274509803915,win
deep_sensitivity,Deep sensitivity,MNE,15,5,0.9166666666666666,0.4549019607843137,0.4617647058823529,win
deep_sensitivity,Deep sensitivity,MNE,15,10,0.9068627450980392,0.5830065359477125,0.32385620915032676,win
deep_sensitivity,Deep sensitivity,MNE,15,15,0.8872549019607843,0.6124183006535948,0.27483660130718945,win
deep_sensitivity,Deep sensitivity,MNE,15,20,0.8039215686274509,0.5875816993464053,0.21633986928104565,win
deep_sensitivity,Deep sensitivity,MNE,20,-10,0.7941176470588235,0.4009803921568627,0.3931372549019608,win
deep_sensitivity,Deep sensitivity,MNE,20,-5,0.8627450980392157,0.41307189542483663,0.4496732026143791,win
deep_sensitivity,Deep sensitivity,MNE,20,0,0.8676470588235294,0.42058823529411765,0.4470588235294118,win
deep_sensitivity,Deep sensitivity,MNE,20,5,0.8872549019607844,0.44019607843137254,0.44705882352941184,win
deep_sensitivity,Deep sensitivity,MNE,20,10,0.8970588235294118,0.5287581699346405,0.36830065359477127,win
deep_sensitivity,Deep sensitivity,MNE,20,15,0.8872549019607843,0.5803921568627451,0.3068627450980391,win
deep_sensitivity,Deep sensitivity,MNE,20,20,0.8823529411764706,0.5950980392156863,0.2872549019607843,win
deep_sensitivity,Deep sensitivity,dSPM,-10,-10,0.4803921568627451,0.39673202614379083,0.08366013071895428,win
deep_sensitivity,Deep sensitivity,dSPM,-10,-5,0.6078431372549019,0.5343137254901961,0.07352941176470584,win
deep_sensitivity,Deep sensitivity,dSPM,-10,0,0.75,0.6372549019607843,0.11274509803921573,win
deep_sensitivity,Deep sensitivity,dSPM,-10,5,0.7107843137254902,0.6715686274509803,0.03921568627450989,win
deep_sensitivity,Deep sensitivity,dSPM,-10,10,0.7450980392156863,0.6666666666666666,0.07843137254901966,win
deep_sensitivity,Deep sensitivity,dSPM,-10,15,0.7794117647058824,0.6666666666666666,0.11274509803921573,win
deep_sensitivity,Deep sensitivity,dSPM,-10,20,0.7058823529411765,0.6199346405228758,0.08594771241830068,win
deep_sensitivity,Deep sensitivity,dSPM,-5,-10,0.5294117647058824,0.4800653594771242,0.04934640522875816,win
deep_sensitivity,Deep sensitivity,dSPM,-5,-5,0.6568627450980392,0.5362745098039216,0.12058823529411766,win
deep_sensitivity,Deep sensitivity,dSPM,-5,0,0.7352941176470589,0.6617647058823529,0.07352941176470595,win
deep_sensitivity,Deep sensitivity,dSPM,-5,5,0.7450980392156863,0.6519607843137255,0.09313725490196079,win
deep_sensitivity,Deep sensitivity,dSPM,-5,10,0.7450980392156863,0.7303921568627452,0.014705882352941124,win
deep_sensitivity,Deep sensitivity,dSPM,-5,15,0.7549019607843137,0.676470588235294,0.07843137254901966,win
deep_sensitivity,Deep sensitivity,dSPM,-5,20,0.7598039215686274,0.6617647058823529,0.0980392156862745,win
deep_sensitivity,Deep sensitivity,dSPM,0,-10,0.6617647058823529,0.4996732026143791,0.16209150326797384,win
deep_sensitivity,Deep sensitivity,dSPM,0,-5,0.7450980392156863,0.6297385620915033,0.11535947712418304,win
deep_sensitivity,Deep sensitivity,dSPM,0,0,0.823529411764706,0.6225490196078431,0.2009803921568628,win
deep_sensitivity,Deep sensitivity,dSPM,0,5,0.7892156862745098,0.6617647058823529,0.12745098039215685,win
deep_sensitivity,Deep sensitivity,dSPM,0,10,0.8039215686274509,0.6715686274509803,0.13235294117647056,win
deep_sensitivity,Deep sensitivity,dSPM,0,15,0.8088235294117646,0.6715686274509803,0.13725490196078427,win
deep_sensitivity,Deep sensitivity,dSPM,0,20,0.7352941176470589,0.6715686274509803,0.06372549019607854,win
deep_sensitivity,Deep sensitivity,dSPM,5,-10,0.75,0.5388888888888889,0.21111111111111114,win
deep_sensitivity,Deep sensitivity,dSPM,5,-5,0.7941176470588235,0.5705882352941177,0.22352941176470575,win
deep_sensitivity,Deep sensitivity,dSPM,5,0,0.8333333333333334,0.6346405228758171,0.1986928104575163,win
deep_sensitivity,Deep sensitivity,dSPM,5,5,0.8676470588235294,0.6493464052287582,0.21830065359477124,win
deep_sensitivity,Deep sensitivity,dSPM,5,10,0.8186274509803922,0.6666666666666666,0.15196078431372562,win
deep_sensitivity,Deep sensitivity,dSPM,5,15,0.7990196078431372,0.6617647058823529,0.13725490196078427,win
deep_sensitivity,Deep sensitivity,dSPM,5,20,0.7696078431372549,0.6911764705882352,0.07843137254901977,win
deep_sensitivity,Deep sensitivity,dSPM,10,-10,0.8676470588235294,0.5313725490196078,0.3362745098039216,win
deep_sensitivity,Deep sensitivity,dSPM,10,-5,0.8970588235294117,0.5558823529411764,0.3411764705882353,win
deep_sensitivity,Deep sensitivity,dSPM,10,0,0.9068627450980392,0.5656862745098039,0.3411764705882353,win
deep_sensitivity,Deep sensitivity,dSPM,10,5,0.9215686274509803,0.6542483660130719,0.26732026143790844,win
deep_sensitivity,Deep sensitivity,dSPM,10,10,0.8823529411764706,0.6421568627450981,0.24019607843137247,win
deep_sensitivity,Deep sensitivity,dSPM,10,15,0.8627450980392157,0.6421568627450981,0.22058823529411764,win
deep_sensitivity,Deep sensitivity,dSPM,10,20,0.8039215686274509,0.6715686274509803,0.13235294117647056,win
deep_sensitivity,Deep sensitivity,dSPM,15,-10,0.8137254901960783,0.5068627450980392,0.3068627450980391,win
deep_sensitivity,Deep sensitivity,dSPM,15,-5,0.8333333333333334,0.5215686274509804,0.31176470588235294,win
deep_sensitivity,Deep sensitivity,dSPM,15,0,0.8823529411764706,0.5215686274509804,0.36078431372549014,win
deep_sensitivity,Deep sensitivity,dSPM,15,5,0.9166666666666666,0.5830065359477125,0.3336601307189542,win
deep_sensitivity,Deep sensitivity,dSPM,15,10,0.9068627450980392,0.6,0.30686274509803924,win
deep_sensitivity,Deep sensitivity,dSPM,15,15,0.8872549019607843,0.6519607843137255,0.23529411764705876,win
deep_sensitivity,Deep sensitivity,dSPM,15,20,0.8039215686274509,0.6470588235294118,0.1568627450980391,win
deep_sensitivity,Deep sensitivity,dSPM,20,-10,0.7941176470588235,0.4823529411764706,0.3117647058823529,win
deep_sensitivity,Deep sensitivity,dSPM,20,-5,0.8627450980392157,0.48235294117647065,0.3803921568627451,win
deep_sensitivity,Deep sensitivity,dSPM,20,0,0.8676470588235294,0.5166666666666667,0.3509803921568627,win
deep_sensitivity,Deep sensitivity,dSPM,20,5,0.8872549019607844,0.511764705882353,0.37549019607843137,win
deep_sensitivity,Deep sensitivity,dSPM,20,10,0.8970588235294118,0.5411764705882353,0.35588235294117654,win
deep_sensitivity,Deep sensitivity,dSPM,20,15,0.8872549019607843,0.6003267973856209,0.2869281045751634,win
deep_sensitivity,Deep sensitivity,dSPM,20,20,0.8823529411764706,0.6150326797385621,0.26732026143790844,win
deep_sensitivity,Deep sensitivity,sLORETA,-10,-10,0.4803921568627451,0.3666666666666667,0.11372549019607842,win
deep_sensitivity,Deep sensitivity,sLORETA,-10,-5,0.6078431372549019,0.430718954248366,0.17712418300653593,win
deep_sensitivity,Deep sensitivity,sLORETA,-10,0,0.75,0.4944444444444444,0.2555555555555556,win
deep_sensitivity,Deep sensitivity,sLORETA,-10,5,0.7107843137254902,0.5238562091503268,0.1869281045751634,win
deep_sensitivity,Deep sensitivity,sLORETA,-10,10,0.7450980392156863,0.5558823529411765,0.1892156862745098,win
deep_sensitivity,Deep sensitivity,sLORETA,-10,15,0.7794117647058824,0.5754901960784314,0.20392156862745092,win
deep_sensitivity,Deep sensitivity,sLORETA,-10,20,0.7058823529411765,0.6,0.10588235294117654,win
deep_sensitivity,Deep sensitivity,sLORETA,-5,-10,0.5294117647058824,0.5094771241830065,0.019934640522875857,win
deep_sensitivity,Deep sensitivity,sLORETA,-5,-5,0.6568627450980392,0.48986928104575167,0.16699346405228754,win
deep_sensitivity,Deep sensitivity,sLORETA,-5,0,0.7352941176470589,0.4970588235294118,0.2382352941176471,win
deep_sensitivity,Deep sensitivity,sLORETA,-5,5,0.7450980392156863,0.5117647058823529,0.2333333333333334,win
deep_sensitivity,Deep sensitivity,sLORETA,-5,10,0.7450980392156863,0.5705882352941177,0.17450980392156856,win
deep_sensitivity,Deep sensitivity,sLORETA,-5,15,0.7549019607843137,0.5901960784313726,0.16470588235294115,win
deep_sensitivity,Deep sensitivity,sLORETA,-5,20,0.7598039215686274,0.5950980392156863,0.16470588235294115,win
deep_sensitivity,Deep sensitivity,sLORETA,0,-10,0.6617647058823529,0.4679738562091503,0.19379084967320265,win
deep_sensitivity,Deep sensitivity,sLORETA,0,-5,0.7450980392156863,0.526797385620915,0.21830065359477124,win
deep_sensitivity,Deep sensitivity,sLORETA,0,0,0.823529411764706,0.4970588235294118,0.3264705882352942,win
deep_sensitivity,Deep sensitivity,sLORETA,0,5,0.7892156862745098,0.5781045751633986,0.21111111111111114,win
deep_sensitivity,Deep sensitivity,sLORETA,0,10,0.8039215686274509,0.5928104575163399,0.21111111111111103,win
deep_sensitivity,Deep sensitivity,sLORETA,0,15,0.8088235294117646,0.6369281045751634,0.17189542483660125,win
deep_sensitivity,Deep sensitivity,sLORETA,0,20,0.7352941176470589,0.592483660130719,0.14281045751633992,win
deep_sensitivity,Deep sensitivity,sLORETA,5,-10,0.75,0.5686274509803922,0.18137254901960775,win
deep_sensitivity,Deep sensitivity,sLORETA,5,-5,0.7941176470588235,0.573529411764706,0.22058823529411753,win
deep_sensitivity,Deep sensitivity,sLORETA,5,0,0.8333333333333334,0.573202614379085,0.26013071895424833,win
deep_sensitivity,Deep sensitivity,sLORETA,5,5,0.8676470588235294,0.5362745098039216,0.3313725490196079,win
deep_sensitivity,Deep sensitivity,sLORETA,5,10,0.8186274509803922,0.6,0.21862745098039227,win
deep_sensitivity,Deep sensitivity,sLORETA,5,15,0.7990196078431372,0.6196078431372549,0.17941176470588227,win
deep_sensitivity,Deep sensitivity,sLORETA,5,20,0.7696078431372549,0.6147058823529411,0.15490196078431384,win
deep_sensitivity,Deep sensitivity,sLORETA,10,-10,0.8676470588235294,0.6666666666666666,0.2009803921568628,win
deep_sensitivity,Deep sensitivity,sLORETA,10,-5,0.8970588235294117,0.6470588235294118,0.2499999999999999,win
deep_sensitivity,Deep sensitivity,sLORETA,10,0,0.9068627450980392,0.6862745098039215,0.22058823529411775,win
deep_sensitivity,Deep sensitivity,sLORETA,10,5,0.9215686274509803,0.6787581699346404,0.2428104575163399,win
deep_sensitivity,Deep sensitivity,sLORETA,10,10,0.8823529411764706,0.6663398692810457,0.21601307189542485,win
deep_sensitivity,Deep sensitivity,sLORETA,10,15,0.8627450980392157,0.6490196078431373,0.21372549019607845,win
deep_sensitivity,Deep sensitivity,sLORETA,10,20,0.8039215686274509,0.6049019607843137,0.19901960784313721,win
deep_sensitivity,Deep sensitivity,sLORETA,15,-10,0.8137254901960783,0.7058823529411765,0.1078431372549018,win
deep_sensitivity,Deep sensitivity,sLORETA,15,-5,0.8333333333333334,0.7009803921568628,0.13235294117647056,win
deep_sensitivity,Deep sensitivity,sLORETA,15,0,0.8823529411764706,0.7549019607843137,0.12745098039215685,win
deep_sensitivity,Deep sensitivity,sLORETA,15,5,0.9166666666666666,0.7130718954248367,0.2035947712418299,win
deep_sensitivity,Deep sensitivity,sLORETA,15,10,0.9068627450980392,0.7130718954248366,0.1937908496732026,win
deep_sensitivity,Deep sensitivity,sLORETA,15,15,0.8872549019607843,0.6663398692810457,0.22091503267973855,win
deep_sensitivity,Deep sensitivity,sLORETA,15,20,0.8039215686274509,0.6294117647058824,0.17450980392156845,win
deep_sensitivity,Deep sensitivity,sLORETA,20,-10,0.7941176470588235,0.6960784313725491,0.09803921568627438,win
deep_sensitivity,Deep sensitivity,sLORETA,20,-5,0.8627450980392157,0.7303921568627452,0.13235294117647056,win
deep_sensitivity,Deep sensitivity,sLORETA,20,0,0.8676470588235294,0.7401960784313726,0.12745098039215685,win
deep_sensitivity,Deep sensitivity,sLORETA,20,5,0.8872549019607844,0.75,0.13725490196078438,win
deep_sensitivity,Deep sensitivity,sLORETA,20,10,0.8970588235294118,0.7401960784313726,0.1568627450980392,win
deep_sensitivity,Deep sensitivity,sLORETA,20,15,0.8872549019607843,0.6885620915032679,0.1986928104575164,win
deep_sensitivity,Deep sensitivity,sLORETA,20,20,0.8823529411764706,0.6245098039215686,0.25784313725490193,win
deep_sensitivity,Deep sensitivity,eLORETA,-10,-10,0.4803921568627451,0.342156862745098,0.13823529411764712,win
deep_sensitivity,Deep sensitivity,eLORETA,-10,-5,0.6078431372549019,0.4826797385620915,0.1251633986928104,win
deep_sensitivity,Deep sensitivity,eLORETA,-10,0,0.75,0.5784313725490196,0.17156862745098045,win
deep_sensitivity,Deep sensitivity,eLORETA,-10,5,0.7107843137254902,0.6323529411764706,0.07843137254901966,win
deep_sensitivity,Deep sensitivity,eLORETA,-10,10,0.7450980392156863,0.7352941176470589,0.009803921568627416,win
deep_sensitivity,Deep sensitivity,eLORETA,-10,15,0.7794117647058824,0.7352941176470589,0.044117647058823484,win
deep_sensitivity,Deep sensitivity,eLORETA,-10,20,0.7058823529411765,0.7254901960784315,-0.019607843137254943,loss
deep_sensitivity,Deep sensitivity,eLORETA,-5,-10,0.5294117647058824,0.41830065359477125,0.1111111111111111,win
deep_sensitivity,Deep sensitivity,eLORETA,-5,-5,0.6568627450980392,0.5316993464052288,0.12516339869281046,win
deep_sensitivity,Deep sensitivity,eLORETA,-5,0,0.7352941176470589,0.5980392156862745,0.13725490196078438,win
deep_sensitivity,Deep sensitivity,eLORETA,-5,5,0.7450980392156863,0.6568627450980392,0.08823529411764708,win
deep_sensitivity,Deep sensitivity,eLORETA,-5,10,0.7450980392156863,0.7450980392156863,0.0,tie
deep_sensitivity,Deep sensitivity,eLORETA,-5,15,0.7549019607843137,0.7107843137254902,0.044117647058823484,win
deep_sensitivity,Deep sensitivity,eLORETA,-5,20,0.7598039215686274,0.7401960784313726,0.019607843137254832,win
deep_sensitivity,Deep sensitivity,eLORETA,0,-10,0.6617647058823529,0.5196078431372549,0.14215686274509798,win
deep_sensitivity,Deep sensitivity,eLORETA,0,-5,0.7450980392156863,0.5245098039215687,0.22058823529411764,win
deep_sensitivity,Deep sensitivity,eLORETA,0,0,0.823529411764706,0.5833333333333334,0.24019607843137258,win
deep_sensitivity,Deep sensitivity,eLORETA,0,5,0.7892156862745098,0.6666666666666666,0.12254901960784315,win
deep_sensitivity,Deep sensitivity,eLORETA,0,10,0.8039215686274509,0.7303921568627452,0.07352941176470573,win
deep_sensitivity,Deep sensitivity,eLORETA,0,15,0.8088235294117646,0.7598039215686274,0.04901960784313719,win
deep_sensitivity,Deep sensitivity,eLORETA,0,20,0.7352941176470589,0.7254901960784313,0.009803921568627527,win
deep_sensitivity,Deep sensitivity,eLORETA,5,-10,0.75,0.6029411764705882,0.1470588235294118,win
deep_sensitivity,Deep sensitivity,eLORETA,5,-5,0.7941176470588235,0.6029411764705882,0.19117647058823528,win
deep_sensitivity,Deep sensitivity,eLORETA,5,0,0.8333333333333334,0.6862745098039215,0.1470588235294119,win
deep_sensitivity,Deep sensitivity,eLORETA,5,5,0.8676470588235294,0.7107843137254902,0.1568627450980392,win
deep_sensitivity,Deep sensitivity,eLORETA,5,10,0.8186274509803922,0.75,0.06862745098039225,win
deep_sensitivity,Deep sensitivity,eLORETA,5,15,0.7990196078431372,0.7647058823529411,0.03431372549019607,win
deep_sensitivity,Deep sensitivity,eLORETA,5,20,0.7696078431372549,0.7450980392156863,0.02450980392156865,win
deep_sensitivity,Deep sensitivity,eLORETA,10,-10,0.8676470588235294,0.6519607843137255,0.21568627450980393,win
deep_sensitivity,Deep sensitivity,eLORETA,10,-5,0.8970588235294117,0.6911764705882352,0.20588235294117652,win
deep_sensitivity,Deep sensitivity,eLORETA,10,0,0.9068627450980392,0.7303921568627452,0.17647058823529405,win
deep_sensitivity,Deep sensitivity,eLORETA,10,5,0.9215686274509803,0.7450980392156863,0.17647058823529405,win
deep_sensitivity,Deep sensitivity,eLORETA,10,10,0.8823529411764706,0.75,0.13235294117647056,win
deep_sensitivity,Deep sensitivity,eLORETA,10,15,0.8627450980392157,0.75,0.11274509803921573,win
deep_sensitivity,Deep sensitivity,eLORETA,10,20,0.8039215686274509,0.7107843137254902,0.09313725490196068,win
deep_sensitivity,Deep sensitivity,eLORETA,15,-10,0.8137254901960783,0.6960784313725491,0.11764705882352922,win
deep_sensitivity,Deep sensitivity,eLORETA,15,-5,0.8333333333333334,0.7058823529411765,0.12745098039215685,win
deep_sensitivity,Deep sensitivity,eLORETA,15,0,0.8823529411764706,0.7352941176470589,0.1470588235294117,win
deep_sensitivity,Deep sensitivity,eLORETA,15,5,0.9166666666666666,0.7549019607843137,0.16176470588235292,win
deep_sensitivity,Deep sensitivity,eLORETA,15,10,0.9068627450980392,0.7352941176470589,0.17156862745098034,win
deep_sensitivity,Deep sensitivity,eLORETA,15,15,0.8872549019607843,0.7598039215686274,0.12745098039215685,win
deep_sensitivity,Deep sensitivity,eLORETA,15,20,0.8039215686274509,0.7549019607843137,0.04901960784313719,win
deep_sensitivity,Deep sensitivity,eLORETA,20,-10,0.7941176470588235,0.6666666666666666,0.12745098039215685,win
deep_sensitivity,Deep sensitivity,eLORETA,20,-5,0.8627450980392157,0.6519607843137254,0.21078431372549034,win
deep_sensitivity,Deep sensitivity,eLORETA,20,0,0.8676470588235294,0.6862745098039217,0.18137254901960775,win
deep_sensitivity,Deep sensitivity,eLORETA,20,5,0.8872549019607844,0.7205882352941176,0.16666666666666674,win
deep_sensitivity,Deep sensitivity,eLORETA,20,10,0.8970588235294118,0.7549019607843137,0.1421568627450981,win
deep_sensitivity,Deep sensitivity,eLORETA,20,15,0.8872549019607843,0.7352941176470589,0.1519607843137254,win
deep_sensitivity,Deep sensitivity,eLORETA,20,20,0.8823529411764706,0.7352941176470589,0.1470588235294117,win
deep_sensitivity,Deep sensitivity,LCMV,-10,-10,0.4803921568627451,0.2222222222222222,0.2581699346405229,win
deep_sensitivity,Deep sensitivity,LCMV,-10,-5,0.6078431372549019,0.34542483660130713,0.2624183006535948,win
deep_sensitivity,Deep sensitivity,LCMV,-10,0,0.75,0.4434640522875817,0.3065359477124183,win
deep_sensitivity,Deep sensitivity,LCMV,-10,5,0.7107843137254902,0.6470588235294118,0.06372549019607843,win
deep_sensitivity,Deep sensitivity,LCMV,-10,10,0.7450980392156863,0.9166666666666666,-0.17156862745098034,loss
deep_sensitivity,Deep sensitivity,LCMV,-10,15,0.7794117647058824,0.9754901960784315,-0.1960784313725491,loss
deep_sensitivity,Deep sensitivity,LCMV,-10,20,0.7058823529411765,0.9754901960784315,-0.26960784313725494,loss
deep_sensitivity,Deep sensitivity,LCMV,-5,-10,0.5294117647058824,0.19999999999999998,0.3294117647058824,win
deep_sensitivity,Deep sensitivity,LCMV,-5,-5,0.6568627450980392,0.36764705882352944,0.2892156862745098,win
deep_sensitivity,Deep sensitivity,LCMV,-5,0,0.7352941176470589,0.46078431372549017,0.2745098039215687,win
deep_sensitivity,Deep sensitivity,LCMV,-5,5,0.7450980392156863,0.6911764705882352,0.05392156862745112,win
deep_sensitivity,Deep sensitivity,LCMV,-5,10,0.7450980392156863,0.9509803921568628,-0.20588235294117652,loss
deep_sensitivity,Deep sensitivity,LCMV,-5,15,0.7549019607843137,0.9607843137254902,-0.20588235294117652,loss
deep_sensitivity,Deep sensitivity,LCMV,-5,20,0.7598039215686274,0.9754901960784315,-0.21568627450980404,loss
deep_sensitivity,Deep sensitivity,LCMV,0,-10,0.6617647058823529,0.27156862745098037,0.39019607843137255,win
deep_sensitivity,Deep sensitivity,LCMV,0,-5,0.7450980392156863,0.39444444444444443,0.35065359477124186,win
deep_sensitivity,Deep sensitivity,LCMV,0,0,0.823529411764706,0.4950980392156863,0.32843137254901966,win
deep_sensitivity,Deep sensitivity,LCMV,0,5,0.7892156862745098,0.7401960784313726,0.04901960784313719,win
deep_sensitivity,Deep sensitivity,LCMV,0,10,0.8039215686274509,0.9460784313725491,-0.1421568627450982,loss
deep_sensitivity,Deep sensitivity,LCMV,0,15,0.8088235294117646,0.9607843137254902,-0.15196078431372562,loss
deep_sensitivity,Deep sensitivity,LCMV,0,20,0.7352941176470589,0.9803921568627452,-0.2450980392156863,loss
deep_sensitivity,Deep sensitivity,LCMV,5,-10,0.75,0.43856209150326797,0.31143790849673203,win
deep_sensitivity,Deep sensitivity,LCMV,5,-5,0.7941176470588235,0.5343137254901961,0.2598039215686274,win
deep_sensitivity,Deep sensitivity,LCMV,5,0,0.8333333333333334,0.6372549019607843,0.1960784313725491,win
deep_sensitivity,Deep sensitivity,LCMV,5,5,0.8676470588235294,0.8186274509803922,0.04901960784313719,win
deep_sensitivity,Deep sensitivity,LCMV,5,10,0.8186274509803922,0.9607843137254902,-0.14215686274509798,loss
deep_sensitivity,Deep sensitivity,LCMV,5,15,0.7990196078431372,0.9705882352941176,-0.17156862745098045,loss
deep_sensitivity,Deep sensitivity,LCMV,5,20,0.7696078431372549,0.9803921568627452,-0.21078431372549022,loss
deep_sensitivity,Deep sensitivity,LCMV,10,-10,0.8676470588235294,0.7352941176470589,0.13235294117647056,win
deep_sensitivity,Deep sensitivity,LCMV,10,-5,0.8970588235294117,0.7696078431372548,0.12745098039215685,win
deep_sensitivity,Deep sensitivity,LCMV,10,0,0.9068627450980392,0.8088235294117648,0.09803921568627438,win
deep_sensitivity,Deep sensitivity,LCMV,10,5,0.9215686274509803,0.9362745098039215,-0.014705882352941124,loss
deep_sensitivity,Deep sensitivity,LCMV,10,10,0.8823529411764706,0.9705882352941178,-0.08823529411764719,loss
deep_sensitivity,Deep sensitivity,LCMV,10,15,0.8627450980392157,0.9754901960784315,-0.11274509803921573,loss
deep_sensitivity,Deep sensitivity,LCMV,10,20,0.8039215686274509,0.9803921568627452,-0.17647058823529427,loss
deep_sensitivity,Deep sensitivity,LCMV,15,-10,0.8137254901960783,0.9558823529411765,-0.1421568627450982,loss
deep_sensitivity,Deep sensitivity,LCMV,15,-5,0.8333333333333334,0.9558823529411765,-0.12254901960784315,loss
deep_sensitivity,Deep sensitivity,LCMV,15,0,0.8823529411764706,0.9509803921568626,-0.06862745098039202,loss
deep_sensitivity,Deep sensitivity,LCMV,15,5,0.9166666666666666,0.9705882352941178,-0.05392156862745112,loss
deep_sensitivity,Deep sensitivity,LCMV,15,10,0.9068627450980392,0.9950980392156863,-0.08823529411764708,loss
deep_sensitivity,Deep sensitivity,LCMV,15,15,0.8872549019607843,0.9901960784313726,-0.10294117647058831,loss
deep_sensitivity,Deep sensitivity,LCMV,15,20,0.8039215686274509,0.9901960784313726,-0.18627450980392168,loss
deep_sensitivity,Deep sensitivity,LCMV,20,-10,0.7941176470588235,0.9852941176470589,-0.1911764705882354,loss
deep_sensitivity,Deep sensitivity,LCMV,20,-5,0.8627450980392157,0.9852941176470589,-0.12254901960784315,loss
deep_sensitivity,Deep sensitivity,LCMV,20,0,0.8676470588235294,0.9950980392156863,-0.12745098039215685,loss
deep_sensitivity,Deep sensitivity,LCMV,20,5,0.8872549019607844,1.0,-0.11274509803921562,loss
deep_sensitivity,Deep sensitivity,LCMV,20,10,0.8970588235294118,1.0,-0.1029411764705882,loss
deep_sensitivity,Deep sensitivity,LCMV,20,15,0.8872549019607843,1.0,-0.11274509803921573,loss
deep_sensitivity,Deep sensitivity,LCMV,20,20,0.8823529411764706,1.0,-0.11764705882352944,loss
deep_sensitivity,Deep sensitivity,Dipole fitting (grid),-10,-10,0.4803921568627451,0.338235294117647,0.1421568627450981,win
deep_sensitivity,Deep sensitivity,Dipole fitting (grid),-10,-5,0.6078431372549019,0.37254901960784315,0.23529411764705876,win
deep_sensitivity,Deep sensitivity,Dipole fitting (grid),-10,0,0.75,0.4754901960784314,0.2745098039215686,win
deep_sensitivity,Deep sensitivity,Dipole fitting (grid),-10,5,0.7107843137254902,0.5196078431372549,0.19117647058823528,win
deep_sensitivity,Deep sensitivity,Dipole fitting (grid),-10,10,0.7450980392156863,0.5686274509803922,0.17647058823529405,win
deep_sensitivity,Deep sensitivity,Dipole fitting (grid),-10,15,0.7794117647058824,0.5343137254901961,0.2450980392156863,win
deep_sensitivity,Deep sensitivity,Dipole fitting (grid),-10,20,0.7058823529411765,0.5588235294117647,0.1470588235294118,win
deep_sensitivity,Deep sensitivity,Dipole fitting (grid),-5,-10,0.5294117647058824,0.338235294117647,0.19117647058823534,win
deep_sensitivity,Deep sensitivity,Dipole fitting (grid),-5,-5,0.6568627450980392,0.37254901960784315,0.28431372549019607,win
deep_sensitivity,Deep sensitivity,Dipole fitting (grid),-5,0,0.7352941176470589,0.446078431372549,0.2892156862745099,win
deep_sensitivity,Deep sensitivity,Dipole fitting (grid),-5,5,0.7450980392156863,0.5294117647058824,0.21568627450980393,win
deep_sensitivity,Deep sensitivity,Dipole fitting (grid),-5,10,0.7450980392156863,0.5686274509803921,0.17647058823529416,win
deep_sensitivity,Deep sensitivity,Dipole fitting (grid),-5,15,0.7549019607843137,0.5441176470588235,0.21078431372549022,win
deep_sensitivity,Deep sensitivity,Dipole fitting (grid),-5,20,0.7598039215686274,0.5098039215686274,0.25,win
deep_sensitivity,Deep sensitivity,Dipole fitting (grid),0,-10,0.6617647058823529,0.34803921568627455,0.31372549019607837,win
deep_sensitivity,Deep sensitivity,Dipole fitting (grid),0,-5,0.7450980392156863,0.41176470588235287,0.3333333333333334,win
deep_sensitivity,Deep sensitivity,Dipole fitting (grid),0,0,0.823529411764706,0.4803921568627451,0.34313725490196084,win
deep_sensitivity,Deep sensitivity,Dipole fitting (grid),0,5,0.7892156862745098,0.5441176470588235,0.2450980392156863,win
deep_sensitivity,Deep sensitivity,Dipole fitting (grid),0,10,0.8039215686274509,0.5490196078431373,0.2549019607843136,win
deep_sensitivity,Deep sensitivity,Dipole fitting (grid),0,15,0.8088235294117646,0.5784313725490197,0.23039215686274495,win
deep_sensitivity,Deep sensitivity,Dipole fitting (grid),0,20,0.7352941176470589,0.5490196078431372,0.18627450980392168,win
deep_sensitivity,Deep sensitivity,Dipole fitting (grid),5,-10,0.75,0.41176470588235287,0.33823529411764713,win
deep_sensitivity,Deep sensitivity,Dipole fitting (grid),5,-5,0.7941176470588235,0.5049019607843138,0.28921568627450966,win
deep_sensitivity,Deep sensitivity,Dipole fitting (grid),5,0,0.8333333333333334,0.5392156862745098,0.2941176470588236,win
deep_sensitivity,Deep sensitivity,Dipole fitting (grid),5,5,0.8676470588235294,0.5490196078431373,0.31862745098039214,win
deep_sensitivity,Deep sensitivity,Dipole fitting (grid),5,10,0.8186274509803922,0.5784313725490197,0.24019607843137258,win
deep_sensitivity,Deep sensitivity,Dipole fitting (grid),5,15,0.7990196078431372,0.5784313725490197,0.22058823529411753,win
deep_sensitivity,Deep sensitivity,Dipole fitting (grid),5,20,0.7696078431372549,0.5392156862745098,0.23039215686274517,win
deep_sensitivity,Deep sensitivity,Dipole fitting (grid),10,-10,0.8676470588235294,0.5147058823529411,0.3529411764705883,win
deep_sensitivity,Deep sensitivity,Dipole fitting (grid),10,-5,0.8970588235294117,0.5098039215686274,0.38725490196078427,win
deep_sensitivity,Deep sensitivity,Dipole fitting (grid),10,0,0.9068627450980392,0.5735294117647058,0.33333333333333337,win
deep_sensitivity,Deep sensitivity,Dipole fitting (grid),10,5,0.9215686274509803,0.573529411764706,0.3480392156862744,win
deep_sensitivity,Deep sensitivity,Dipole fitting (grid),10,10,0.8823529411764706,0.5784313725490196,0.303921568627451,win
deep_sensitivity,Deep sensitivity,Dipole fitting (grid),10,15,0.8627450980392157,0.5882352941176471,0.27450980392156865,win
deep_sensitivity,Deep sensitivity,Dipole fitting (grid),10,20,0.8039215686274509,0.5833333333333334,0.22058823529411753,win
deep_sensitivity,Deep sensitivity,Dipole fitting (grid),15,-10,0.8137254901960783,0.49019607843137253,0.3235294117647058,win
deep_sensitivity,Deep sensitivity,Dipole fitting (grid),15,-5,0.8333333333333334,0.5245098039215687,0.3088235294117647,win
deep_sensitivity,Deep sensitivity,Dipole fitting (grid),15,0,0.8823529411764706,0.5539215686274509,0.32843137254901966,win
deep_sensitivity,Deep sensitivity,Dipole fitting (grid),15,5,0.9166666666666666,0.5882352941176471,0.32843137254901955,win
deep_sensitivity,Deep sensitivity,Dipole fitting (grid),15,10,0.9068627450980392,0.5833333333333334,0.32352941176470584,win
deep_sensitivity,Deep sensitivity,Dipole fitting (grid),15,15,0.8872549019607843,0.5882352941176471,0.2990196078431372,win
deep_sensitivity,Deep sensitivity,Dipole fitting (grid),15,20,0.8039215686274509,0.5539215686274509,0.25,win
deep_sensitivity,Deep sensitivity,Dipole fitting (grid),20,-10,0.7941176470588235,0.4803921568627451,0.31372549019607837,win
deep_sensitivity,Deep sensitivity,Dipole fitting (grid),20,-5,0.8627450980392157,0.5098039215686274,0.3529411764705883,win
deep_sensitivity,Deep sensitivity,Dipole fitting (grid),20,0,0.8676470588235294,0.5343137254901961,0.33333333333333337,win
deep_sensitivity,Deep sensitivity,Dipole fitting (grid),20,5,0.8872549019607844,0.5490196078431372,0.3382352941176472,win
deep_sensitivity,Deep sensitivity,Dipole fitting (grid),20,10,0.8970588235294118,0.5588235294117647,0.3382352941176471,win
deep_sensitivity,Deep sensitivity,Dipole fitting (grid),20,15,0.8872549019607843,0.5686274509803921,0.31862745098039214,win
deep_sensitivity,Deep sensitivity,Dipole fitting (grid),20,20,0.8823529411764706,0.5588235294117647,0.32352941176470584,win
deep_sensitivity,Deep sensitivity,RAP-MUSIC,-10,-10,0.4803921568627451,0.338235294117647,0.1421568627450981,win
deep_sensitivity,Deep sensitivity,RAP-MUSIC,-10,-5,0.6078431372549019,0.39705882352941174,0.21078431372549017,win
deep_sensitivity,Deep sensitivity,RAP-MUSIC,-10,0,0.75,0.5441176470588235,0.20588235294117652,win
deep_sensitivity,Deep sensitivity,RAP-MUSIC,-10,5,0.7107843137254902,0.6715686274509803,0.03921568627450989,win
deep_sensitivity,Deep sensitivity,RAP-MUSIC,-10,10,0.7450980392156863,0.784313725490196,-0.039215686274509665,loss
deep_sensitivity,Deep sensitivity,RAP-MUSIC,-10,15,0.7794117647058824,0.7696078431372548,0.009803921568627527,win
deep_sensitivity,Deep sensitivity,RAP-MUSIC,-10,20,0.7058823529411765,0.7647058823529411,-0.05882352941176461,loss
deep_sensitivity,Deep sensitivity,RAP-MUSIC,-5,-10,0.5294117647058824,0.338235294117647,0.19117647058823534,win
deep_sensitivity,Deep sensitivity,RAP-MUSIC,-5,-5,0.6568627450980392,0.37745098039215685,0.27941176470588236,win
deep_sensitivity,Deep sensitivity,RAP-MUSIC,-5,0,0.7352941176470589,0.4803921568627451,0.25490196078431376,win
deep_sensitivity,Deep sensitivity,RAP-MUSIC,-5,5,0.7450980392156863,0.6519607843137255,0.09313725490196079,win
deep_sensitivity,Deep sensitivity,RAP-MUSIC,-5,10,0.7450980392156863,0.7794117647058824,-0.03431372549019607,loss
deep_sensitivity,Deep sensitivity,RAP-MUSIC,-5,15,0.7549019607843137,0.7794117647058822,-0.02450980392156854,loss
deep_sensitivity,Deep sensitivity,RAP-MUSIC,-5,20,0.7598039215686274,0.75,0.009803921568627416,win
deep_sensitivity,Deep sensitivity,RAP-MUSIC,0,-10,0.6617647058823529,0.35294117647058826,0.30882352941176466,win
deep_sensitivity,Deep sensitivity,RAP-MUSIC,0,-5,0.7450980392156863,0.43137254901960786,0.3137254901960784,win
deep_sensitivity,Deep sensitivity,RAP-MUSIC,0,0,0.823529411764706,0.5196078431372548,0.3039215686274511,win
deep_sensitivity,Deep sensitivity,RAP-MUSIC,0,5,0.7892156862745098,0.7009803921568628,0.08823529411764697,win
deep_sensitivity,Deep sensitivity,RAP-MUSIC,0,10,0.8039215686274509,0.7990196078431372,0.004901960784313708,win
deep_sensitivity,Deep sensitivity,RAP-MUSIC,0,15,0.8088235294117646,0.7892156862745098,0.019607843137254832,win
deep_sensitivity,Deep sensitivity,RAP-MUSIC,0,20,0.7352941176470589,0.7598039215686274,-0.02450980392156854,loss
deep_sensitivity,Deep sensitivity,RAP-MUSIC,5,-10,0.75,0.41176470588235287,0.33823529411764713,win
deep_sensitivity,Deep sensitivity,RAP-MUSIC,5,-5,0.7941176470588235,0.5245098039215687,0.26960784313725483,win
deep_sensitivity,Deep sensitivity,RAP-MUSIC,5,0,0.8333333333333334,0.6176470588235293,0.21568627450980404,win
deep_sensitivity,Deep sensitivity,RAP-MUSIC,5,5,0.8676470588235294,0.7009803921568628,0.16666666666666663,win
deep_sensitivity,Deep sensitivity,RAP-MUSIC,5,10,0.8186274509803922,0.7745098039215685,0.044117647058823706,win
deep_sensitivity,Deep sensitivity,RAP-MUSIC,5,15,0.7990196078431372,0.7696078431372548,0.02941176470588236,win
deep_sensitivity,Deep sensitivity,RAP-MUSIC,5,20,0.7696078431372549,0.7696078431372548,1.1102230246251565e-16,tie
deep_sensitivity,Deep sensitivity,RAP-MUSIC,10,-10,0.8676470588235294,0.6274509803921569,0.24019607843137258,win
deep_sensitivity,Deep sensitivity,RAP-MUSIC,10,-5,0.8970588235294117,0.6176470588235294,0.27941176470588225,win
deep_sensitivity,Deep sensitivity,RAP-MUSIC,10,0,0.9068627450980392,0.6813725490196078,0.22549019607843146,win
deep_sensitivity,Deep sensitivity,RAP-MUSIC,10,5,0.9215686274509803,0.7401960784313726,0.18137254901960775,win
deep_sensitivity,Deep sensitivity,RAP-MUSIC,10,10,0.8823529411764706,0.7843137254901961,0.0980392156862745,win
deep_sensitivity,Deep sensitivity,RAP-MUSIC,10,15,0.8627450980392157,0.7598039215686274,0.10294117647058831,win
deep_sensitivity,Deep sensitivity,RAP-MUSIC,10,20,0.8039215686274509,0.7794117647058824,0.02450980392156854,win
deep_sensitivity,Deep sensitivity,RAP-MUSIC,15,-10,0.8137254901960783,0.7303921568627452,0.08333333333333315,win
deep_sensitivity,Deep sensitivity,RAP-MUSIC,15,-5,0.8333333333333334,0.7254901960784315,0.10784313725490191,win
deep_sensitivity,Deep sensitivity,RAP-MUSIC,15,0,0.8823529411764706,0.7156862745098039,0.16666666666666663,win
deep_sensitivity,Deep sensitivity,RAP-MUSIC,15,5,0.9166666666666666,0.7549019607843137,0.16176470588235292,win
deep_sensitivity,Deep sensitivity,RAP-MUSIC,15,10,0.9068627450980392,0.7696078431372548,0.13725490196078438,win
deep_sensitivity,Deep sensitivity,RAP-MUSIC,15,15,0.8872549019607843,0.7794117647058822,0.10784313725490202,win
deep_sensitivity,Deep sensitivity,RAP-MUSIC,15,20,0.8039215686274509,0.7598039215686274,0.044117647058823484,win
deep_sensitivity,Deep sensitivity,RAP-MUSIC,20,-10,0.7941176470588235,0.7450980392156863,0.04901960784313719,win
deep_sensitivity,Deep sensitivity,RAP-MUSIC,20,-5,0.8627450980392157,0.7745098039215687,0.08823529411764708,win
deep_sensitivity,Deep sensitivity,RAP-MUSIC,20,0,0.8676470588235294,0.7401960784313726,0.12745098039215685,win
deep_sensitivity,Deep sensitivity,RAP-MUSIC,20,5,0.8872549019607844,0.7450980392156863,0.1421568627450981,win
deep_sensitivity,Deep sensitivity,RAP-MUSIC,20,10,0.8970588235294118,0.7647058823529411,0.13235294117647067,win
deep_sensitivity,Deep sensitivity,RAP-MUSIC,20,15,0.8872549019607843,0.7647058823529411,0.12254901960784315,win
deep_sensitivity,Deep sensitivity,RAP-MUSIC,20,20,0.8823529411764706,0.7647058823529411,0.11764705882352944,win
deep_specificity,Deep specificity,SISSES,-10,-10,1.0,0.0,1.0,win
deep_specificity,Deep specificity,SISSES,-10,-5,1.0,0.0,1.0,win
deep_specificity,Deep specificity,SISSES,-10,0,0.9705882352941176,0.0,0.9705882352941176,win
deep_specificity,Deep specificity,SISSES,-10,5,0.9852941176470589,0.0,0.9852941176470589,win
deep_specificity,Deep specificity,SISSES,-10,10,0.9852941176470589,0.3382352941176471,0.6470588235294118,win
deep_specificity,Deep specificity,SISSES,-10,15,0.9852941176470589,0.8823529411764706,0.10294117647058831,win
deep_specificity,Deep specificity,SISSES,-10,20,0.9558823529411765,0.9117647058823529,0.044117647058823595,win
deep_specificity,Deep specificity,SISSES,-5,-10,1.0,0.0,1.0,win
deep_specificity,Deep specificity,SISSES,-5,-5,1.0,0.0,1.0,win
deep_specificity,Deep specificity,SISSES,-5,0,1.0,0.0,1.0,win
deep_specificity,Deep specificity,SISSES,-5,5,0.9705882352941176,0.014705882352941176,0.9558823529411765,win
deep_specificity,Deep specificity,SISSES,-5,10,1.0,0.3088235294117647,0.6911764705882353,win
deep_specificity,Deep specificity,SISSES,-5,15,0.9852941176470589,0.8235294117647058,0.16176470588235303,win
deep_specificity,Deep specificity,SISSES,-5,20,0.9852941176470589,0.9558823529411765,0.02941176470588236,win
deep_specificity,Deep specificity,SISSES,0,-10,1.0,0.0,1.0,win
deep_specificity,Deep specificity,SISSES,0,-5,1.0,0.0,1.0,win
deep_specificity,Deep specificity,SISSES,0,0,1.0,0.0,1.0,win
deep_specificity,Deep specificity,SISSES,0,5,1.0,0.029411764705882353,0.9705882352941176,win
deep_specificity,Deep specificity,SISSES,0,10,0.9852941176470589,0.3088235294117647,0.6764705882352942,win
deep_specificity,Deep specificity,SISSES,0,15,0.9705882352941176,0.8382352941176471,0.13235294117647056,win
deep_specificity,Deep specificity,SISSES,0,20,1.0,0.9558823529411765,0.044117647058823484,win
deep_specificity,Deep specificity,SISSES,5,-10,1.0,0.0,1.0,win
deep_specificity,Deep specificity,SISSES,5,-5,0.9852941176470589,0.0,0.9852941176470589,win
deep_specificity,Deep specificity,SISSES,5,0,1.0,0.0,1.0,win
deep_specificity,Deep specificity,SISSES,5,5,0.9852941176470589,0.04411764705882353,0.9411764705882354,win
deep_specificity,Deep specificity,SISSES,5,10,0.9852941176470589,0.45588235294117646,0.5294117647058825,win
deep_specificity,Deep specificity,SISSES,5,15,0.9852941176470589,0.8529411764705882,0.13235294117647067,win
deep_specificity,Deep specificity,SISSES,5,20,0.9705882352941176,0.9264705882352942,0.044117647058823484,win
deep_specificity,Deep specificity,SISSES,10,-10,0.9852941176470589,0.10294117647058823,0.8823529411764707,win
deep_specificity,Deep specificity,SISSES,10,-5,1.0,0.11764705882352941,0.8823529411764706,win
deep_specificity,Deep specificity,SISSES,10,0,1.0,0.08823529411764706,0.9117647058823529,win
deep_specificity,Deep specificity,SISSES,10,5,1.0,0.2647058823529412,0.7352941176470589,win
deep_specificity,Deep specificity,SISSES,10,10,0.9705882352941176,0.5441176470588235,0.42647058823529416,win
deep_specificity,Deep specificity,SISSES,10,15,0.9852941176470589,0.9264705882352942,0.05882352941176472,win
deep_specificity,Deep specificity,SISSES,10,20,0.9705882352941176,0.9705882352941176,0.0,tie
deep_specificity,Deep specificity,SISSES,15,-10,0.9558823529411765,0.3382352941176471,0.6176470588235294,win
deep_specificity,Deep specificity,SISSES,15,-5,0.9705882352941176,0.35294117647058826,0.6176470588235294,win
deep_specificity,Deep specificity,SISSES,15,0,1.0,0.38235294117647056,0.6176470588235294,win
deep_specificity,Deep specificity,SISSES,15,5,0.9852941176470589,0.5147058823529411,0.47058823529411775,win
deep_specificity,Deep specificity,SISSES,15,10,0.9852941176470589,0.7058823529411765,0.27941176470588236,win
deep_specificity,Deep specificity,SISSES,15,15,0.9852941176470589,0.8823529411764706,0.10294117647058831,win
deep_specificity,Deep specificity,SISSES,15,20,0.9705882352941176,1.0,-0.02941176470588236,loss
deep_specificity,Deep specificity,SISSES,20,-10,0.9705882352941176,0.5441176470588235,0.42647058823529416,win
deep_specificity,Deep specificity,SISSES,20,-5,0.9705882352941176,0.5588235294117647,0.4117647058823529,win
deep_specificity,Deep specificity,SISSES,20,0,1.0,0.5735294117647058,0.42647058823529416,win
deep_specificity,Deep specificity,SISSES,20,5,1.0,0.6617647058823529,0.3382352941176471,win
deep_specificity,Deep specificity,SISSES,20,10,0.9852941176470589,0.8382352941176471,0.1470588235294118,win
deep_specificity,Deep specificity,SISSES,20,15,1.0,0.8382352941176471,0.16176470588235292,win
deep_specificity,Deep specificity,SISSES,20,20,1.0,0.9411764705882353,0.05882352941176472,win
deep_specificity,Deep specificity,MNE,-10,-10,1.0,0.0,1.0,win
deep_specificity,Deep specificity,MNE,-10,-5,1.0,0.0,1.0,win
deep_specificity,Deep specificity,MNE,-10,0,0.9705882352941176,0.0,0.9705882352941176,win
deep_specificity,Deep specificity,MNE,-10,5,0.9852941176470589,0.0,0.9852941176470589,win
deep_specificity,Deep specificity,MNE,-10,10,0.9852941176470589,0.0,0.9852941176470589,win
deep_specificity,Deep specificity,MNE,-10,15,0.9852941176470589,0.014705882352941176,0.9705882352941178,win
deep_specificity,Deep specificity,MNE,-10,20,0.9558823529411765,0.07352941176470588,0.8823529411764707,win
deep_specificity,Deep specificity,MNE,-5,-10,1.0,0.0,1.0,win
deep_specificity,Deep specificity,MNE,-5,-5,1.0,0.014705882352941176,0.9852941176470589,win
deep_specificity,Deep specificity,MNE,-5,0,1.0,0.0,1.0,win
deep_specificity,Deep specificity,MNE,-5,5,0.9705882352941176,0.0,0.9705882352941176,win
deep_specificity,Deep specificity,MNE,-5,10,1.0,0.0,1.0,win
deep_specificity,Deep specificity,MNE,-5,15,0.9852941176470589,0.058823529411764705,0.9264705882352942,win
deep_specificity,Deep specificity,MNE,-5,20,0.9852941176470589,0.07352941176470588,0.911764705882353,win
deep_specificity,Deep specificity,MNE,0,-10,1.0,0.0,1.0,win
deep_specificity,Deep specificity,MNE,0,-5,1.0,0.0,1.0,win
deep_specificity,Deep specificity,MNE,0,0,1.0,0.014705882352941176,0.9852941176470589,win
deep_specificity,Deep specificity,MNE,0,5,1.0,0.014705882352941176,0.9852941176470589,win
deep_specificity,Deep specificity,MNE,0,10,0.9852941176470589,0.014705882352941176,0.9705882352941178,win
deep_specificity,Deep specificity,MNE,0,15,0.9705882352941176,0.04411764705882353,0.9264705882352942,win
deep_specificity,Deep specificity,MNE,0,20,1.0,0.11764705882352941,0.8823529411764706,win
deep_specificity,Deep specificity,MNE,5,-10,1.0,0.0,1.0,win
deep_specificity,Deep specificity,MNE,5,-5,0.9852941176470589,0.0,0.9852941176470589,win
deep_specificity,Deep specificity,MNE,5,0,1.0,0.029411764705882353,0.9705882352941176,win
deep_specificity,Deep specificity,MNE,5,5,0.9852941176470589,0.029411764705882353,0.9558823529411765,win
deep_specificity,Deep specificity,MNE,5,10,0.9852941176470589,0.07352941176470588,0.911764705882353,win
deep_specificity,Deep specificity,MNE,5,15,0.9852941176470589,0.14705882352941177,0.8382352941176471,win
deep_specificity,Deep specificity,MNE,5,20,0.9705882352941176,0.17647058823529413,0.7941176470588235,win
deep_specificity,Deep specificity,MNE,10,-10,0.9852941176470589,0.029411764705882353,0.9558823529411765,win
deep_specificity,Deep specificity,MNE,10,-5,1.0,0.0,1.0,win
deep_specificity,Deep specificity,MNE,10,0,1.0,0.029411764705882353,0.9705882352941176,win
deep_specificity,Deep specificity,MNE,10,5,1.0,0.029411764705882353,0.9705882352941176,win
deep_specificity,Deep specificity,MNE,10,10,0.9705882352941176,0.04411764705882353,0.9264705882352942,win
deep_specificity,Deep specificity,MNE,10,15,0.9852941176470589,0.14705882352941177,0.8382352941176471,win
deep_specificity,Deep specificity,MNE,10,20,0.9705882352941176,0.20588235294117646,0.7647058823529411,win
deep_specificity,Deep specificity,MNE,15,-10,0.9558823529411765,0.10294117647058823,0.8529411764705883,win
deep_specificity,Deep specificity,MNE,15,-5,0.9705882352941176,0.07352941176470588,0.8970588235294118,win
deep_specificity,Deep specificity,MNE,15,0,1.0,0.07352941176470588,0.9264705882352942,win
deep_specificity,Deep specificity,MNE,15,5,0.9852941176470589,0.08823529411764706,0.8970588235294118,win
deep_specificity,Deep specificity,MNE,15,10,0.9852941176470589,0.08823529411764706,0.8970588235294118,win
deep_specificity,Deep specificity,MNE,15,15,0.9852941176470589,0.1323529411764706,0.8529411764705883,win
deep_specificity,Deep specificity,MNE,15,20,0.9705882352941176,0.20588235294117646,0.7647058823529411,win
deep_specificity,Deep specificity,MNE,20,-10,0.9705882352941176,0.29411764705882354,0.6764705882352942,win
deep_specificity,Deep specificity,MNE,20,-5,0.9705882352941176,0.23529411764705882,0.7352941176470589,win
deep_specificity,Deep specificity,MNE,20,0,1.0,0.22058823529411764,0.7794117647058824,win
deep_specificity,Deep specificity,MNE,20,5,1.0,0.25,0.75,win
deep_specificity,Deep specificity,MNE,20,10,0.9852941176470589,0.22058823529411764,0.7647058823529412,win
deep_specificity,Deep specificity,MNE,20,15,1.0,0.16176470588235295,0.8382352941176471,win
deep_specificity,Deep specificity,MNE,20,20,1.0,0.16176470588235295,0.8382352941176471,win
deep_specificity,Deep specificity,dSPM,-10,-10,1.0,0.0,1.0,win
deep_specificity,Deep specificity,dSPM,-10,-5,1.0,0.0,1.0,win
deep_specificity,Deep specificity,dSPM,-10,0,0.9705882352941176,0.0,0.9705882352941176,win
deep_specificity,Deep specificity,dSPM,-10,5,0.9852941176470589,0.014705882352941176,0.9705882352941178,win
deep_specificity,Deep specificity,dSPM,-10,10,0.9852941176470589,0.1323529411764706,0.8529411764705883,win
deep_specificity,Deep specificity,dSPM,-10,15,0.9852941176470589,0.35294117647058826,0.6323529411764706,win
deep_specificity,Deep specificity,dSPM,-10,20,0.9558823529411765,0.36764705882352944,0.5882352941176471,win
deep_specificity,Deep specificity,dSPM,-5,-10,1.0,0.0,1.0,win
deep_specificity,Deep specificity,dSPM,-5,-5,1.0,0.0,1.0,win
deep_specificity,Deep specificity,dSPM,-5,0,1.0,0.0,1.0,win
deep_specificity,Deep specificity,dSPM,-5,5,0.9705882352941176,0.014705882352941176,0.9558823529411765,win
deep_specificity,Deep specificity,dSPM,-5,10,1.0,0.17647058823529413,0.8235294117647058,win
deep_specificity,Deep specificity,dSPM,-5,15,0.9852941176470589,0.35294117647058826,0.6323529411764706,win
deep_specificity,Deep specificity,dSPM,-5,20,0.9852941176470589,0.4117647058823529,0.573529411764706,win
deep_specificity,Deep specificity,dSPM,0,-10,1.0,0.0,1.0,win
deep_specificity,Deep specificity,dSPM,0,-5,1.0,0.0,1.0,win
deep_specificity,Deep specificity,dSPM,0,0,1.0,0.029411764705882353,0.9705882352941176,win
deep_specificity,Deep specificity,dSPM,0,5,1.0,0.11764705882352941,0.8823529411764706,win
deep_specificity,Deep specificity,dSPM,0,10,0.9852941176470589,0.3235294117647059,0.661764705882353,win
deep_specificity,Deep specificity,dSPM,0,15,0.9705882352941176,0.4264705882352941,0.5441176470588236,win
deep_specificity,Deep specificity,dSPM,0,20,1.0,0.39705882352941174,0.6029411764705883,win
deep_specificity,Deep specificity,dSPM,5,-10,1.0,0.07352941176470588,0.9264705882352942,win
deep_specificity,Deep specificity,dSPM,5,-5,0.9852941176470589,0.08823529411764706,0.8970588235294118,win
deep_specificity,Deep specificity,dSPM,5,0,1.0,0.22058823529411764,0.7794117647058824,win
deep_specificity,Deep specificity,dSPM,5,5,0.9852941176470589,0.25,0.7352941176470589,win
deep_specificity,Deep specificity,dSPM,5,10,0.9852941176470589,0.4264705882352941,0.5588235294117647,win
deep_specificity,Deep specificity,dSPM,5,15,0.9852941176470589,0.4852941176470588,0.5,win
deep_specificity,Deep specificity,dSPM,5,20,0.9705882352941176,0.4264705882352941,0.5441176470588236,win
deep_specificity,Deep specificity,dSPM,10,-10,0.9852941176470589,0.17647058823529413,0.8088235294117647,win
deep_specificity,Deep specificity,dSPM,10,-5,1.0,0.20588235294117646,0.7941176470588236,win
deep_specificity,Deep specificity,dSPM,10,0,1.0,0.4117647058823529,0.5882352941176471,win
deep_specificity,Deep specificity,dSPM,10,5,1.0,0.47058823529411764,0.5294117647058824,win
deep_specificity,Deep specificity,dSPM,10,10,0.9705882352941176,0.5294117647058824,0.4411764705882353,win
deep_specificity,Deep specificity,dSPM,10,15,0.9852941176470589,0.5588235294117647,0.42647058823529416,win
deep_specificity,Deep specificity,dSPM,10,20,0.9705882352941176,0.5,0.47058823529411764,win
deep_specificity,Deep specificity,dSPM,15,-10,0.9558823529411765,0.3088235294117647,0.6470588235294118,win
deep_specificity,Deep specificity,dSPM,15,-5,0.9705882352941176,0.35294117647058826,0.6176470588235294,win
deep_specificity,Deep specificity,dSPM,15,0,1.0,0.4411764705882353,0.5588235294117647,win
deep_specificity,Deep specificity,dSPM,15,5,0.9852941176470589,0.5441176470588235,0.4411764705882354,win
deep_specificity,Deep specificity,dSPM,15,10,0.9852941176470589,0.6323529411764706,0.3529411764705883,win
deep_specificity,Deep specificity,dSPM,15,15,0.9852941176470589,0.5882352941176471,0.3970588235294118,win
deep_specificity,Deep specificity,dSPM,15,20,0.9705882352941176,0.6029411764705882,0.36764705882352944,win
deep_specificity,Deep specificity,dSPM,20,-10,0.9705882352941176,0.35294117647058826,0.6176470588235294,win
deep_specificity,Deep specificity,dSPM,20,-5,0.9705882352941176,0.39705882352941174,0.5735294117647058,win
deep_specificity,Deep specificity,dSPM,20,0,1.0,0.45588235294117646,0.5441176470588236,win
deep_specificity,Deep specificity,dSPM,20,5,1.0,0.5147058823529411,0.4852941176470589,win
deep_specificity,Deep specificity,dSPM,20,10,0.9852941176470589,0.5735294117647058,0.41176470588235303,win
deep_specificity,Deep specificity,dSPM,20,15,1.0,0.6323529411764706,0.36764705882352944,win
deep_specificity,Deep specificity,dSPM,20,20,1.0,0.6176470588235294,0.38235294117647056,win
deep_specificity,Deep specificity,sLORETA,-10,-10,1.0,0.0,1.0,win
deep_specificity,Deep specificity,sLORETA,-10,-5,1.0,0.0,1.0,win
deep_specificity,Deep specificity,sLORETA,-10,0,0.9705882352941176,0.0,0.9705882352941176,win
deep_specificity,Deep specificity,sLORETA,-10,5,0.9852941176470589,0.0,0.9852941176470589,win
deep_specificity,Deep specificity,sLORETA,-10,10,0.9852941176470589,0.0,0.9852941176470589,win
deep_specificity,Deep specificity,sLORETA,-10,15,0.9852941176470589,0.014705882352941176,0.9705882352941178,win
deep_specificity,Deep specificity,sLORETA,-10,20,0.9558823529411765,0.10294117647058823,0.8529411764705883,win
deep_specificity,Deep specificity,sLORETA,-5,-10,1.0,0.0,1.0,win
deep_specificity,Deep specificity,sLORETA,-5,-5,1.0,0.0,1.0,win
deep_specificity,Deep specificity,sLORETA,-5,0,1.0,0.0,1.0,win
deep_specificity,Deep specificity,sLORETA,-5,5,0.9705882352941176,0.0,0.9705882352941176,win
deep_specificity,Deep specificity,sLORETA,-5,10,1.0,0.0,1.0,win
deep_specificity,Deep specificity,sLORETA,-5,15,0.9852941176470589,0.04411764705882353,0.9411764705882354,win
deep_specificity,Deep specificity,sLORETA,-5,20,0.9852941176470589,0.10294117647058823,0.8823529411764707,win
deep_specificity,Deep specificity,sLORETA,0,-10,1.0,0.0,1.0,win
deep_specificity,Deep specificity,sLORETA,0,-5,1.0,0.0,1.0,win
deep_specificity,Deep specificity,sLORETA,0,0,1.0,0.0,1.0,win
deep_specificity,Deep specificity,sLORETA,0,5,1.0,0.0,1.0,win
deep_specificity,Deep specificity,sLORETA,0,10,0.9852941176470589,0.014705882352941176,0.9705882352941178,win
deep_specificity,Deep specificity,sLORETA,0,15,0.9705882352941176,0.029411764705882353,0.9411764705882353,win
deep_specificity,Deep specificity,sLORETA,0,20,1.0,0.1323529411764706,0.8676470588235294,win
deep_specificity,Deep specificity,sLORETA,5,-10,1.0,0.0,1.0,win
deep_specificity,Deep specificity,sLORETA,5,-5,0.9852941176470589,0.0,0.9852941176470589,win
deep_specificity,Deep specificity,sLORETA,5,0,1.0,0.0,1.0,win
deep_specificity,Deep specificity,sLORETA,5,5,0.9852941176470589,0.014705882352941176,0.9705882352941178,win
deep_specificity,Deep specificity,sLORETA,5,10,0.9852941176470589,0.04411764705882353,0.9411764705882354,win
deep_specificity,Deep specificity,sLORETA,5,15,0.9852941176470589,0.07352941176470588,0.911764705882353,win
deep_specificity,Deep specificity,sLORETA,5,20,0.9705882352941176,0.1323529411764706,0.8382352941176471,win
deep_specificity,Deep specificity,sLORETA,10,-10,0.9852941176470589,0.0,0.9852941176470589,win
deep_specificity,Deep specificity,sLORETA,10,-5,1.0,0.0,1.0,win
deep_specificity,Deep specificity,sLORETA,10,0,1.0,0.014705882352941176,0.9852941176470589,win
deep_specificity,Deep specificity,sLORETA,10,5,1.0,0.04411764705882353,0.9558823529411765,win
deep_specificity,Deep specificity,sLORETA,10,10,0.9705882352941176,0.04411764705882353,0.9264705882352942,win
deep_specificity,Deep specificity,sLORETA,10,15,0.9852941176470589,0.10294117647058823,0.8823529411764707,win
deep_specificity,Deep specificity,sLORETA,10,20,0.9705882352941176,0.1323529411764706,0.8382352941176471,win
deep_specificity,Deep specificity,sLORETA,15,-10,0.9558823529411765,0.029411764705882353,0.9264705882352942,win
deep_specificity,Deep specificity,sLORETA,15,-5,0.9705882352941176,0.029411764705882353,0.9411764705882353,win
deep_specificity,Deep specificity,sLORETA,15,0,1.0,0.029411764705882353,0.9705882352941176,win
deep_specificity,Deep specificity,sLORETA,15,5,0.9852941176470589,0.07352941176470588,0.911764705882353,win
deep_specificity,Deep specificity,sLORETA,15,10,0.9852941176470589,0.07352941176470588,0.911764705882353,win
deep_specificity,Deep specificity,sLORETA,15,15,0.9852941176470589,0.17647058823529413,0.8088235294117647,win
deep_specificity,Deep specificity,sLORETA,15,20,0.9705882352941176,0.20588235294117646,0.7647058823529411,win
deep_specificity,Deep specificity,sLORETA,20,-10,0.9705882352941176,0.17647058823529413,0.7941176470588235,win
deep_specificity,Deep specificity,sLORETA,20,-5,0.9705882352941176,0.1323529411764706,0.8382352941176471,win
deep_specificity,Deep specificity,sLORETA,20,0,1.0,0.19117647058823528,0.8088235294117647,win
deep_specificity,Deep specificity,sLORETA,20,5,1.0,0.16176470588235295,0.8382352941176471,win
deep_specificity,Deep specificity,sLORETA,20,10,0.9852941176470589,0.20588235294117646,0.7794117647058825,win
deep_specificity,Deep specificity,sLORETA,20,15,1.0,0.2647058823529412,0.7352941176470589,win
deep_specificity,Deep specificity,sLORETA,20,20,1.0,0.2647058823529412,0.7352941176470589,win
deep_specificity,Deep specificity,eLORETA,-10,-10,1.0,0.0,1.0,win
deep_specificity,Deep specificity,eLORETA,-10,-5,1.0,0.0,1.0,win
deep_specificity,Deep specificity,eLORETA,-10,0,0.9705882352941176,0.0,0.9705882352941176,win
deep_specificity,Deep specificity,eLORETA,-10,5,0.9852941176470589,0.0,0.9852941176470589,win
deep_specificity,Deep specificity,eLORETA,-10,10,0.9852941176470589,0.0,0.9852941176470589,win
deep_specificity,Deep specificity,eLORETA,-10,15,0.9852941176470589,0.07352941176470588,0.911764705882353,win
deep_specificity,Deep specificity,eLORETA,-10,20,0.9558823529411765,0.17647058823529413,0.7794117647058824,win
deep_specificity,Deep specificity,eLORETA,-5,-10,1.0,0.0,1.0,win
deep_specificity,Deep specificity,eLORETA,-5,-5,1.0,0.0,1.0,win
deep_specificity,Deep specificity,eLORETA,-5,0,1.0,0.0,1.0,win
deep_specificity,Deep specificity,eLORETA,-5,5,0.9705882352941176,0.0,0.9705882352941176,win
deep_specificity,Deep specificity,eLORETA,-5,10,1.0,0.014705882352941176,0.9852941176470589,win
deep_specificity,Deep specificity,eLORETA,-5,15,0.9852941176470589,0.10294117647058823,0.8823529411764707,win
deep_specificity,Deep specificity,eLORETA,-5,20,0.9852941176470589,0.19117647058823528,0.7941176470588236,win
deep_specificity,Deep specificity,eLORETA,0,-10,1.0,0.0,1.0,win
deep_specificity,Deep specificity,eLORETA,0,-5,1.0,0.0,1.0,win
deep_specificity,Deep specificity,eLORETA,0,0,1.0,0.0,1.0,win
deep_specificity,Deep specificity,eLORETA,0,5,1.0,0.014705882352941176,0.9852941176470589,win
deep_specificity,Deep specificity,eLORETA,0,10,0.9852941176470589,0.04411764705882353,0.9411764705882354,win
deep_specificity,Deep specificity,eLORETA,0,15,0.9705882352941176,0.16176470588235295,0.8088235294117647,win
deep_specificity,Deep specificity,eLORETA,0,20,1.0,0.2647058823529412,0.7352941176470589,win
deep_specificity,Deep specificity,eLORETA,5,-10,1.0,0.0,1.0,win
deep_specificity,Deep specificity,eLORETA,5,-5,0.9852941176470589,0.0,0.9852941176470589,win
deep_specificity,Deep specificity,eLORETA,5,0,1.0,0.014705882352941176,0.9852941176470589,win
deep_specificity,Deep specificity,eLORETA,5,5,0.9852941176470589,0.04411764705882353,0.9411764705882354,win
deep_specificity,Deep specificity,eLORETA,5,10,0.9852941176470589,0.17647058823529413,0.8088235294117647,win
deep_specificity,Deep specificity,eLORETA,5,15,0.9852941176470589,0.2647058823529412,0.7205882352941178,win
deep_specificity,Deep specificity,eLORETA,5,20,0.9705882352941176,0.27941176470588236,0.6911764705882353,win
deep_specificity,Deep specificity,eLORETA,10,-10,0.9852941176470589,0.029411764705882353,0.9558823529411765,win
deep_specificity,Deep specificity,eLORETA,10,-5,1.0,0.029411764705882353,0.9705882352941176,win
deep_specificity,Deep specificity,eLORETA,10,0,1.0,0.11764705882352941,0.8823529411764706,win
deep_specificity,Deep specificity,eLORETA,10,5,1.0,0.14705882352941177,0.8529411764705882,win
deep_specificity,Deep specificity,eLORETA,10,10,0.9705882352941176,0.20588235294117646,0.7647058823529411,win
deep_specificity,Deep specificity,eLORETA,10,15,0.9852941176470589,0.27941176470588236,0.7058823529411765,win
deep_specificity,Deep specificity,eLORETA,10,20,0.9705882352941176,0.3382352941176471,0.6323529411764706,win
deep_specificity,Deep specificity,eLORETA,15,-10,0.9558823529411765,0.17647058823529413,0.7794117647058824,win
deep_specificity,Deep specificity,eLORETA,15,-5,0.9705882352941176,0.16176470588235295,0.8088235294117647,win
deep_specificity,Deep specificity,eLORETA,15,0,1.0,0.19117647058823528,0.8088235294117647,win
deep_specificity,Deep specificity,eLORETA,15,5,0.9852941176470589,0.25,0.7352941176470589,win
deep_specificity,Deep specificity,eLORETA,15,10,0.9852941176470589,0.2647058823529412,0.7205882352941178,win
deep_specificity,Deep specificity,eLORETA,15,15,0.9852941176470589,0.3088235294117647,0.6764705882352942,win
deep_specificity,Deep specificity,eLORETA,15,20,0.9705882352941176,0.35294117647058826,0.6176470588235294,win
deep_specificity,Deep specificity,eLORETA,20,-10,0.9705882352941176,0.27941176470588236,0.6911764705882353,win
deep_specificity,Deep specificity,eLORETA,20,-5,0.9705882352941176,0.27941176470588236,0.6911764705882353,win
deep_specificity,Deep specificity,eLORETA,20,0,1.0,0.35294117647058826,0.6470588235294117,win
deep_specificity,Deep specificity,eLORETA,20,5,1.0,0.3382352941176471,0.6617647058823529,win
deep_specificity,Deep specificity,eLORETA,20,10,0.9852941176470589,0.3235294117647059,0.661764705882353,win
deep_specificity,Deep specificity,eLORETA,20,15,1.0,0.39705882352941174,0.6029411764705883,win
deep_specificity,Deep specificity,eLORETA,20,20,1.0,0.35294117647058826,0.6470588235294117,win
deep_specificity,Deep specificity,LCMV,-10,-10,1.0,1.0,0.0,tie
deep_specificity,Deep specificity,LCMV,-10,-5,1.0,1.0,0.0,tie
deep_specificity,Deep specificity,LCMV,-10,0,0.9705882352941176,1.0,-0.02941176470588236,loss
deep_specificity,Deep specificity,LCMV,-10,5,0.9852941176470589,1.0,-0.014705882352941124,loss
deep_specificity,Deep specificity,LCMV,-10,10,0.9852941176470589,0.75,0.23529411764705888,win
deep_specificity,Deep specificity,LCMV,-10,15,0.9852941176470589,0.1323529411764706,0.8529411764705883,win
deep_specificity,Deep specificity,LCMV,-10,20,0.9558823529411765,0.029411764705882353,0.9264705882352942,win
deep_specificity,Deep specificity,LCMV,-5,-10,1.0,1.0,0.0,tie
deep_specificity,Deep specificity,LCMV,-5,-5,1.0,1.0,0.0,tie
deep_specificity,Deep specificity,LCMV,-5,0,1.0,1.0,0.0,tie
deep_specificity,Deep specificity,LCMV,-5,5,0.9705882352941176,1.0,-0.02941176470588236,loss
deep_specificity,Deep specificity,LCMV,-5,10,1.0,0.8088235294117647,0.19117647058823528,win
deep_specificity,Deep specificity,LCMV,-5,15,0.9852941176470589,0.22058823529411764,0.7647058823529412,win
deep_specificity,Deep specificity,LCMV,-5,20,0.9852941176470589,0.014705882352941176,0.9705882352941178,win
deep_specificity,Deep specificity,LCMV,0,-10,1.0,1.0,0.0,tie
deep_specificity,Deep specificity,LCMV,0,-5,1.0,1.0,0.0,tie
deep_specificity,Deep specificity,LCMV,0,0,1.0,1.0,0.0,tie
deep_specificity,Deep specificity,LCMV,0,5,1.0,1.0,0.0,tie
deep_specificity,Deep specificity,LCMV,0,10,0.9852941176470589,0.7205882352941176,0.26470588235294124,win
deep_specificity,Deep specificity,LCMV,0,15,0.9705882352941176,0.16176470588235295,0.8088235294117647,win
deep_specificity,Deep specificity,LCMV,0,20,1.0,0.0,1.0,win
deep_specificity,Deep specificity,LCMV,5,-10,1.0,1.0,0.0,tie
deep_specificity,Deep specificity,LCMV,5,-5,0.9852941176470589,1.0,-0.014705882352941124,loss
deep_specificity,Deep specificity,LCMV,5,0,1.0,1.0,0.0,tie
deep_specificity,Deep specificity,LCMV,5,5,0.9852941176470589,1.0,-0.014705882352941124,loss
deep_specificity,Deep specificity,LCMV,5,10,0.9852941176470589,0.7352941176470589,0.25,win
deep_specificity,Deep specificity,LCMV,5,15,0.9852941176470589,0.16176470588235295,0.823529411764706,win
deep_specificity,Deep specificity,LCMV,5,20,0.9705882352941176,0.014705882352941176,0.9558823529411765,win
deep_specificity,Deep specificity,LCMV,10,-10,0.9852941176470589,0.9411764705882353,0.044117647058823595,win
deep_specificity,Deep specificity,LCMV,10,-5,1.0,0.9411764705882353,0.05882352941176472,win
deep_specificity,Deep specificity,LCMV,10,0,1.0,0.9411764705882353,0.05882352941176472,win
deep_specificity,Deep specificity,LCMV,10,5,1.0,0.8823529411764706,0.11764705882352944,win
deep_specificity,Deep specificity,LCMV,10,10,0.9705882352941176,0.5882352941176471,0.38235294117647056,win
deep_specificity,Deep specificity,LCMV,10,15,0.9852941176470589,0.08823529411764706,0.8970588235294118,win
deep_specificity,Deep specificity,LCMV,10,20,0.9705882352941176,0.0,0.9705882352941176,win
deep_specificity,Deep specificity,LCMV,15,-10,0.9558823529411765,0.7647058823529411,0.1911764705882354,win
deep_specificity,Deep specificity,LCMV,15,-5,0.9705882352941176,0.7941176470588235,0.17647058823529416,win
deep_specificity,Deep specificity,LCMV,15,0,1.0,0.7647058823529411,0.23529411764705888,win
deep_specificity,Deep specificity,LCMV,15,5,0.9852941176470589,0.6470588235294118,0.3382352941176471,win
deep_specificity,Deep specificity,LCMV,15,10,0.9852941176470589,0.45588235294117646,0.5294117647058825,win
deep_specificity,Deep specificity,LCMV,15,15,0.9852941176470589,0.07352941176470588,0.911764705882353,win
deep_specificity,Deep specificity,LCMV,15,20,0.9705882352941176,0.0,0.9705882352941176,win
deep_specificity,Deep specificity,LCMV,20,-10,0.9705882352941176,0.4117647058823529,0.5588235294117647,win
deep_specificity,Deep specificity,LCMV,20,-5,0.9705882352941176,0.3235294117647059,0.6470588235294117,win
deep_specificity,Deep specificity,LCMV,20,0,1.0,0.38235294117647056,0.6176470588235294,win
deep_specificity,Deep specificity,LCMV,20,5,1.0,0.3088235294117647,0.6911764705882353,win
deep_specificity,Deep specificity,LCMV,20,10,0.9852941176470589,0.22058823529411764,0.7647058823529412,win
deep_specificity,Deep specificity,LCMV,20,15,1.0,0.04411764705882353,0.9558823529411765,win
deep_specificity,Deep specificity,LCMV,20,20,1.0,0.0,1.0,win
deep_specificity,Deep specificity,Dipole fitting (grid),-10,-10,1.0,1.0,0.0,tie
deep_specificity,Deep specificity,Dipole fitting (grid),-10,-5,1.0,1.0,0.0,tie
deep_specificity,Deep specificity,Dipole fitting (grid),-10,0,0.9705882352941176,0.9705882352941176,0.0,tie
deep_specificity,Deep specificity,Dipole fitting (grid),-10,5,0.9852941176470589,0.9852941176470589,0.0,tie
deep_specificity,Deep specificity,Dipole fitting (grid),-10,10,0.9852941176470589,1.0,-0.014705882352941124,loss
deep_specificity,Deep specificity,Dipole fitting (grid),-10,15,0.9852941176470589,1.0,-0.014705882352941124,loss
deep_specificity,Deep specificity,Dipole fitting (grid),-10,20,0.9558823529411765,0.9852941176470589,-0.02941176470588236,loss
deep_specificity,Deep specificity,Dipole fitting (grid),-5,-10,1.0,1.0,0.0,tie
deep_specificity,Deep specificity,Dipole fitting (grid),-5,-5,1.0,0.9852941176470589,0.014705882352941124,win
deep_specificity,Deep specificity,Dipole fitting (grid),-5,0,1.0,0.9852941176470589,0.014705882352941124,win
deep_specificity,Deep specificity,Dipole fitting (grid),-5,5,0.9705882352941176,0.9705882352941176,0.0,tie
deep_specificity,Deep specificity,Dipole fitting (grid),-5,10,1.0,1.0,0.0,tie
deep_specificity,Deep specificity,Dipole fitting (grid),-5,15,0.9852941176470589,1.0,-0.014705882352941124,loss
deep_specificity,Deep specificity,Dipole fitting (grid),-5,20,0.9852941176470589,1.0,-0.014705882352941124,loss
deep_specificity,Deep specificity,Dipole fitting (grid),0,-10,1.0,1.0,0.0,tie
deep_specificity,Deep specificity,Dipole fitting (grid),0,-5,1.0,1.0,0.0,tie
deep_specificity,Deep specificity,Dipole fitting (grid),0,0,1.0,1.0,0.0,tie
deep_specificity,Deep specificity,Dipole fitting (grid),0,5,1.0,1.0,0.0,tie
deep_specificity,Deep specificity,Dipole fitting (grid),0,10,0.9852941176470589,0.9852941176470589,0.0,tie
deep_specificity,Deep specificity,Dipole fitting (grid),0,15,0.9705882352941176,1.0,-0.02941176470588236,loss
deep_specificity,Deep specificity,Dipole fitting (grid),0,20,1.0,1.0,0.0,tie
deep_specificity,Deep specificity,Dipole fitting (grid),5,-10,1.0,1.0,0.0,tie
deep_specificity,Deep specificity,Dipole fitting (grid),5,-5,0.9852941176470589,1.0,-0.014705882352941124,loss
deep_specificity,Deep specificity,Dipole fitting (grid),5,0,1.0,1.0,0.0,tie
deep_specificity,Deep specificity,Dipole fitting (grid),5,5,0.9852941176470589,1.0,-0.014705882352941124,loss
deep_specificity,Deep specificity,Dipole fitting (grid),5,10,0.9852941176470589,1.0,-0.014705882352941124,loss
deep_specificity,Deep specificity,Dipole fitting (grid),5,15,0.9852941176470589,0.9705882352941176,0.014705882352941235,win
deep_specificity,Deep specificity,Dipole fitting (grid),5,20,0.9705882352941176,1.0,-0.02941176470588236,loss
deep_specificity,Deep specificity,Dipole fitting (grid),10,-10,0.9852941176470589,1.0,-0.014705882352941124,loss
deep_specificity,Deep specificity,Dipole fitting (grid),10,-5,1.0,1.0,0.0,tie
deep_specificity,Deep specificity,Dipole fitting (grid),10,0,1.0,1.0,0.0,tie
deep_specificity,Deep specificity,Dipole fitting (grid),10,5,1.0,1.0,0.0,tie
deep_specificity,Deep specificity,Dipole fitting (grid),10,10,0.9705882352941176,1.0,-0.02941176470588236,loss
deep_specificity,Deep specificity,Dipole fitting (grid),10,15,0.9852941176470589,1.0,-0.014705882352941124,loss
deep_specificity,Deep specificity,Dipole fitting (grid),10,20,0.9705882352941176,1.0,-0.02941176470588236,loss
deep_specificity,Deep specificity,Dipole fitting (grid),15,-10,0.9558823529411765,0.9705882352941176,-0.014705882352941124,loss
deep_specificity,Deep specificity,Dipole fitting (grid),15,-5,0.9705882352941176,0.9852941176470589,-0.014705882352941235,loss
deep_specificity,Deep specificity,Dipole fitting (grid),15,0,1.0,0.9705882352941176,0.02941176470588236,win
deep_specificity,Deep specificity,Dipole fitting (grid),15,5,0.9852941176470589,1.0,-0.014705882352941124,loss
deep_specificity,Deep specificity,Dipole fitting (grid),15,10,0.9852941176470589,1.0,-0.014705882352941124,loss
deep_specificity,Deep specificity,Dipole fitting (grid),15,15,0.9852941176470589,1.0,-0.014705882352941124,loss
deep_specificity,Deep specificity,Dipole fitting (grid),15,20,0.9705882352941176,1.0,-0.02941176470588236,loss
deep_specificity,Deep specificity,Dipole fitting (grid),20,-10,0.9705882352941176,0.9558823529411765,0.014705882352941124,win
deep_specificity,Deep specificity,Dipole fitting (grid),20,-5,0.9705882352941176,0.9852941176470589,-0.014705882352941235,loss
deep_specificity,Deep specificity,Dipole fitting (grid),20,0,1.0,0.9852941176470589,0.014705882352941124,win
deep_specificity,Deep specificity,Dipole fitting (grid),20,5,1.0,0.9852941176470589,0.014705882352941124,win
deep_specificity,Deep specificity,Dipole fitting (grid),20,10,0.9852941176470589,0.9852941176470589,0.0,tie
deep_specificity,Deep specificity,Dipole fitting (grid),20,15,1.0,1.0,0.0,tie
deep_specificity,Deep specificity,Dipole fitting (grid),20,20,1.0,1.0,0.0,tie
deep_specificity,Deep specificity,RAP-MUSIC,-10,-10,1.0,1.0,0.0,tie
deep_specificity,Deep specificity,RAP-MUSIC,-10,-5,1.0,1.0,0.0,tie
deep_specificity,Deep specificity,RAP-MUSIC,-10,0,0.9705882352941176,1.0,-0.02941176470588236,loss
deep_specificity,Deep specificity,RAP-MUSIC,-10,5,0.9852941176470589,1.0,-0.014705882352941124,loss
deep_specificity,Deep specificity,RAP-MUSIC,-10,10,0.9852941176470589,1.0,-0.014705882352941124,loss
deep_specificity,Deep specificity,RAP-MUSIC,-10,15,0.9852941176470589,1.0,-0.014705882352941124,loss
deep_specificity,Deep specificity,RAP-MUSIC,-10,20,0.9558823529411765,1.0,-0.044117647058823484,loss
deep_specificity,Deep specificity,RAP-MUSIC,-5,-10,1.0,1.0,0.0,tie
deep_specificity,Deep specificity,RAP-MUSIC,-5,-5,1.0,1.0,0.0,tie
deep_specificity,Deep specificity,RAP-MUSIC,-5,0,1.0,1.0,0.0,tie
deep_specificity,Deep specificity,RAP-MUSIC,-5,5,0.9705882352941176,0.9852941176470589,-0.014705882352941235,loss
deep_specificity,Deep specificity,RAP-MUSIC,-5,10,1.0,1.0,0.0,tie
deep_specificity,Deep specificity,RAP-MUSIC,-5,15,0.9852941176470589,1.0,-0.014705882352941124,loss
deep_specificity,Deep specificity,RAP-MUSIC,-5,20,0.9852941176470589,1.0,-0.014705882352941124,loss
deep_specificity,Deep specificity,RAP-MUSIC,0,-10,1.0,1.0,0.0,tie
deep_specificity,Deep specificity,RAP-MUSIC,0,-5,1.0,1.0,0.0,tie
deep_specificity,Deep specificity,RAP-MUSIC,0,0,1.0,1.0,0.0,tie
deep_specificity,Deep specificity,RAP-MUSIC,0,5,1.0,0.9852941176470589,0.014705882352941124,win
deep_specificity,Deep specificity,RAP-MUSIC,0,10,0.9852941176470589,1.0,-0.014705882352941124,loss
deep_specificity,Deep specificity,RAP-MUSIC,0,15,0.9705882352941176,1.0,-0.02941176470588236,loss
deep_specificity,Deep specificity,RAP-MUSIC,0,20,1.0,1.0,0.0,tie
deep_specificity,Deep specificity,RAP-MUSIC,5,-10,1.0,1.0,0.0,tie
deep_specificity,Deep specificity,RAP-MUSIC,5,-5,0.9852941176470589,1.0,-0.014705882352941124,loss
deep_specificity,Deep specificity,RAP-MUSIC,5,0,1.0,1.0,0.0,tie
deep_specificity,Deep specificity,RAP-MUSIC,5,5,0.9852941176470589,0.9705882352941176,0.014705882352941235,win
deep_specificity,Deep specificity,RAP-MUSIC,5,10,0.9852941176470589,1.0,-0.014705882352941124,loss
deep_specificity,Deep specificity,RAP-MUSIC,5,15,0.9852941176470589,1.0,-0.014705882352941124,loss
deep_specificity,Deep specificity,RAP-MUSIC,5,20,0.9705882352941176,1.0,-0.02941176470588236,loss
deep_specificity,Deep specificity,RAP-MUSIC,10,-10,0.9852941176470589,1.0,-0.014705882352941124,loss
deep_specificity,Deep specificity,RAP-MUSIC,10,-5,1.0,1.0,0.0,tie
deep_specificity,Deep specificity,RAP-MUSIC,10,0,1.0,1.0,0.0,tie
deep_specificity,Deep specificity,RAP-MUSIC,10,5,1.0,1.0,0.0,tie
deep_specificity,Deep specificity,RAP-MUSIC,10,10,0.9705882352941176,1.0,-0.02941176470588236,loss
deep_specificity,Deep specificity,RAP-MUSIC,10,15,0.9852941176470589,1.0,-0.014705882352941124,loss
deep_specificity,Deep specificity,RAP-MUSIC,10,20,0.9705882352941176,1.0,-0.02941176470588236,loss
deep_specificity,Deep specificity,RAP-MUSIC,15,-10,0.9558823529411765,1.0,-0.044117647058823484,loss
deep_specificity,Deep specificity,RAP-MUSIC,15,-5,0.9705882352941176,1.0,-0.02941176470588236,loss
deep_specificity,Deep specificity,RAP-MUSIC,15,0,1.0,1.0,0.0,tie
deep_specificity,Deep specificity,RAP-MUSIC,15,5,0.9852941176470589,1.0,-0.014705882352941124,loss
deep_specificity,Deep specificity,RAP-MUSIC,15,10,0.9852941176470589,1.0,-0.014705882352941124,loss
deep_specificity,Deep specificity,RAP-MUSIC,15,15,0.9852941176470589,1.0,-0.014705882352941124,loss
deep_specificity,Deep specificity,RAP-MUSIC,15,20,0.9705882352941176,1.0,-0.02941176470588236,loss
deep_specificity,Deep specificity,RAP-MUSIC,20,-10,0.9705882352941176,1.0,-0.02941176470588236,loss
deep_specificity,Deep specificity,RAP-MUSIC,20,-5,0.9705882352941176,1.0,-0.02941176470588236,loss
deep_specificity,Deep specificity,RAP-MUSIC,20,0,1.0,1.0,0.0,tie
deep_specificity,Deep specificity,RAP-MUSIC,20,5,1.0,1.0,0.0,tie
deep_specificity,Deep specificity,RAP-MUSIC,20,10,0.9852941176470589,1.0,-0.014705882352941124,loss
deep_specificity,Deep specificity,RAP-MUSIC,20,15,1.0,1.0,0.0,tie
deep_specificity,Deep specificity,RAP-MUSIC,20,20,1.0,1.0,0.0,tie
deep_balanced_accuracy,Deep balanced accuracy,SISSES,-10,-10,0.7401960784313726,0.17941176470588235,0.5607843137254902,win
deep_balanced_accuracy,Deep balanced accuracy,SISSES,-10,-5,0.803921568627451,0.22124183006535947,0.5826797385620915,win
deep_balanced_accuracy,Deep balanced accuracy,SISSES,-10,0,0.8602941176470589,0.23251633986928102,0.6277777777777779,win
deep_balanced_accuracy,Deep balanced accuracy,SISSES,-10,5,0.8480392156862746,0.272875816993464,0.5751633986928106,win
deep_balanced_accuracy,Deep balanced accuracy,SISSES,-10,10,0.8651960784313726,0.45800653594771246,0.4071895424836601,win
deep_balanced_accuracy,Deep balanced accuracy,SISSES,-10,15,0.8823529411764706,0.7398692810457517,0.1424836601307189,win
deep_balanced_accuracy,Deep balanced accuracy,SISSES,-10,20,0.8308823529411765,0.7679738562091503,0.06290849673202625,win
deep_balanced_accuracy,Deep balanced accuracy,SISSES,-5,-10,0.7647058823529411,0.16846405228758168,0.5962418300653595,win
deep_balanced_accuracy,Deep balanced accuracy,SISSES,-5,-5,0.8284313725490196,0.19934640522875816,0.6290849673202614,win
deep_balanced_accuracy,Deep balanced accuracy,SISSES,-5,0,0.8676470588235294,0.23496732026143793,0.6326797385620915,win
deep_balanced_accuracy,Deep balanced accuracy,SISSES,-5,5,0.857843137254902,0.2851307189542483,0.5727124183006538,win
deep_balanced_accuracy,Deep balanced accuracy,SISSES,-5,10,0.8725490196078431,0.465359477124183,0.4071895424836601,win
deep_balanced_accuracy,Deep balanced accuracy,SISSES,-5,15,0.8700980392156863,0.7251633986928104,0.14493464052287586,win
deep_balanced_accuracy,Deep balanced accuracy,SISSES,-5,20,0.8725490196078431,0.769281045751634,0.10326797385620912,win
deep_balanced_accuracy,Deep balanced accuracy,SISSES,0,-10,0.8308823529411764,0.18333333333333332,0.6475490196078431,win
deep_balanced_accuracy,Deep balanced accuracy,SISSES,0,-5,0.8725490196078431,0.19199346405228757,0.6805555555555556,win
deep_balanced_accuracy,Deep balanced accuracy,SISSES,0,0,0.911764705882353,0.21650326797385622,0.6952614379084968,win
deep_balanced_accuracy,Deep balanced accuracy,SISSES,0,5,0.8946078431372548,0.30604575163398695,0.5885620915032679,win
deep_balanced_accuracy,Deep balanced accuracy,SISSES,0,10,0.8946078431372548,0.48251633986928105,0.4120915032679738,win
deep_balanced_accuracy,Deep balanced accuracy,SISSES,0,15,0.8897058823529411,0.7080065359477125,0.18169934640522867,win
deep_balanced_accuracy,Deep balanced accuracy,SISSES,0,20,0.8676470588235294,0.7766339869281046,0.09101307189542485,win
deep_balanced_accuracy,Deep balanced accuracy,SISSES,5,-10,0.875,0.1869281045751634,0.6880718954248366,win
deep_balanced_accuracy,Deep balanced accuracy,SISSES,5,-5,0.8897058823529411,0.2607843137254902,0.628921568627451,win
deep_balanced_accuracy,Deep balanced accuracy,SISSES,5,0,0.9166666666666667,0.2374183006535948,0.6792483660130719,win
deep_balanced_accuracy,Deep balanced accuracy,SISSES,5,5,0.9264705882352942,0.2924836601307189,0.6339869281045752,win
deep_balanced_accuracy,Deep balanced accuracy,SISSES,5,10,0.9019607843137256,0.5720588235294118,0.3299019607843138,win
deep_balanced_accuracy,Deep balanced accuracy,SISSES,5,15,0.892156862745098,0.734967320261438,0.15718954248366002,win
deep_balanced_accuracy,Deep balanced accuracy,SISSES,5,20,0.8700980392156863,0.7877450980392158,0.08235294117647052,win
deep_balanced_accuracy,Deep balanced accuracy,SISSES,10,-10,0.9264705882352942,0.3120915032679738,0.6143790849673203,win
deep_balanced_accuracy,Deep balanced accuracy,SISSES,10,-5,0.9485294117647058,0.3281045751633987,0.6204248366013072,win
deep_balanced_accuracy,Deep balanced accuracy,SISSES,10,0,0.9534313725490196,0.2949346405228758,0.6584967320261437,win
deep_balanced_accuracy,Deep balanced accuracy,SISSES,10,5,0.9607843137254901,0.43218954248366015,0.52859477124183,win
deep_balanced_accuracy,Deep balanced accuracy,SISSES,10,10,0.9264705882352942,0.5743464052287581,0.35212418300653603,win
deep_balanced_accuracy,Deep balanced accuracy,SISSES,10,15,0.9240196078431373,0.755718954248366,0.1683006535947713,win
deep_balanced_accuracy,Deep balanced accuracy,SISSES,10,20,0.8872549019607843,0.8109477124183007,0.07630718954248361,win
deep_balanced_accuracy,Deep balanced accuracy,SISSES,15,-10,0.8848039215686274,0.448202614379085,0.43660130718954243,win
deep_balanced_accuracy,Deep balanced accuracy,SISSES,15,-5,0.9019607843137255,0.47777777777777775,0.42418300653594776,win
deep_balanced_accuracy,Deep balanced accuracy,SISSES,15,0,0.9411764705882353,0.49607843137254903,0.44509803921568625,win
deep_balanced_accuracy,Deep balanced accuracy,SISSES,15,5,0.9509803921568627,0.5805555555555555,0.3704248366013072,win
deep_balanced_accuracy,Deep balanced accuracy,SISSES,15,10,0.946078431372549,0.6834967320261438,0.2625816993464052,win
deep_balanced_accuracy,Deep balanced accuracy,SISSES,15,15,0.9362745098039216,0.7717320261437908,0.1645424836601308,win
deep_balanced_accuracy,Deep balanced accuracy,SISSES,15,20,0.8872549019607843,0.8084967320261438,0.07875816993464047,win
deep_balanced_accuracy,Deep balanced accuracy,SISSES,20,-10,0.8823529411764706,0.5633986928104575,0.31895424836601305,win
deep_balanced_accuracy,Deep balanced accuracy,SISSES,20,-5,0.9166666666666667,0.6334967320261438,0.283169934640523,win
deep_balanced_accuracy,Deep balanced accuracy,SISSES,20,0,0.9338235294117647,0.6272875816993464,0.3065359477124183,win
deep_balanced_accuracy,Deep balanced accuracy,SISSES,20,5,0.9436274509803921,0.6725490196078431,0.27107843137254906,win
deep_balanced_accuracy,Deep balanced accuracy,SISSES,20,10,0.9411764705882353,0.7594771241830065,0.18169934640522878,win
deep_balanced_accuracy,Deep balanced accuracy,SISSES,20,15,0.9436274509803921,0.7545751633986928,0.18905228758169934,win
deep_balanced_accuracy,Deep balanced accuracy,SISSES,20,20,0.9411764705882353,0.7986928104575164,0.1424836601307189,win
deep_balanced_accuracy,Deep balanced accuracy,MNE,-10,-10,0.7401960784313726,0.0946078431372549,0.6455882352941177,win
deep_balanced_accuracy,Deep balanced accuracy,MNE,-10,-5,0.803921568627451,0.10931372549019608,0.6946078431372549,win
deep_balanced_accuracy,Deep balanced accuracy,MNE,-10,0,0.8602941176470589,0.1611111111111111,0.6991830065359478,win
deep_balanced_accuracy,Deep balanced accuracy,MNE,-10,5,0.8480392156862746,0.1980392156862745,0.6500000000000001,win
deep_balanced_accuracy,Deep balanced accuracy,MNE,-10,10,0.8651960784313726,0.26830065359477123,0.5968954248366014,win
deep_balanced_accuracy,Deep balanced accuracy,MNE,-10,15,0.8823529411764706,0.30130718954248364,0.5810457516339869,win
deep_balanced_accuracy,Deep balanced accuracy,MNE,-10,20,0.8308823529411765,0.33807189542483657,0.49281045751633995,win
deep_balanced_accuracy,Deep balanced accuracy,MNE,-5,-10,0.7647058823529411,0.13398692810457516,0.630718954248366,win
deep_balanced_accuracy,Deep balanced accuracy,MNE,-5,-5,0.8284313725490196,0.1573529411764706,0.671078431372549,win
deep_balanced_accuracy,Deep balanced accuracy,MNE,-5,0,0.8676470588235294,0.184640522875817,0.6830065359477124,win
deep_balanced_accuracy,Deep balanced accuracy,MNE,-5,5,0.857843137254902,0.20310457516339867,0.6547385620915034,win
deep_balanced_accuracy,Deep balanced accuracy,MNE,-5,10,0.8725490196078431,0.25343137254901965,0.6191176470588236,win
deep_balanced_accuracy,Deep balanced accuracy,MNE,-5,15,0.8700980392156863,0.3049019607843137,0.5651960784313725,win
deep_balanced_accuracy,Deep balanced accuracy,MNE,-5,20,0.8725490196078431,0.2998366013071895,0.5727124183006537,win
deep_balanced_accuracy,Deep balanced accuracy,MNE,0,-10,0.8308823529411764,0.1130718954248366,0.7178104575163398,win
deep_balanced_accuracy,Deep balanced accuracy,MNE,0,-5,0.8725490196078431,0.16486928104575163,0.7076797385620915,win
deep_balanced_accuracy,Deep balanced accuracy,MNE,0,0,0.911764705882353,0.20669934640522875,0.7050653594771243,win
deep_balanced_accuracy,Deep balanced accuracy,MNE,0,5,0.8946078431372548,0.25473856209150325,0.6398692810457516,win
deep_balanced_accuracy,Deep balanced accuracy,MNE,0,10,0.8946078431372548,0.28300653594771236,0.6116013071895425,win
deep_balanced_accuracy,Deep balanced accuracy,MNE,0,15,0.8897058823529411,0.32091503267973853,0.5687908496732026,win
deep_balanced_accuracy,Deep balanced accuracy,MNE,0,20,0.8676470588235294,0.33790849673202616,0.5297385620915033,win
deep_balanced_accuracy,Deep balanced accuracy,MNE,5,-10,0.875,0.12173202614379086,0.7532679738562091,win
deep_balanced_accuracy,Deep balanced accuracy,MNE,5,-5,0.8897058823529411,0.16111111111111112,0.72859477124183,win
deep_balanced_accuracy,Deep balanced accuracy,MNE,5,0,0.9166666666666667,0.25964052287581696,0.6570261437908498,win
deep_balanced_accuracy,Deep balanced accuracy,MNE,5,5,0.9264705882352942,0.2607843137254902,0.665686274509804,win
deep_balanced_accuracy,Deep balanced accuracy,MNE,5,10,0.9019607843137256,0.32450980392156864,0.577450980392157,win
deep_balanced_accuracy,Deep balanced accuracy,MNE,5,15,0.892156862745098,0.3821895424836601,0.5099673202614379,win
deep_balanced_accuracy,Deep balanced accuracy,MNE,5,20,0.8700980392156863,0.3562091503267974,0.5138888888888888,win
deep_balanced_accuracy,Deep balanced accuracy,MNE,10,-10,0.9264705882352942,0.194281045751634,0.7321895424836602,win
deep_balanced_accuracy,Deep balanced accuracy,MNE,10,-5,0.9485294117647058,0.19558823529411765,0.7529411764705882,win
deep_balanced_accuracy,Deep balanced accuracy,MNE,10,0,0.9534313725490196,0.21519607843137253,0.738235294117647,win
deep_balanced_accuracy,Deep balanced accuracy,MNE,10,5,0.9607843137254901,0.27189542483660134,0.6888888888888888,win
deep_balanced_accuracy,Deep balanced accuracy,MNE,10,10,0.9264705882352942,0.32091503267973853,0.6055555555555556,win
deep_balanced_accuracy,Deep balanced accuracy,MNE,10,15,0.9240196078431373,0.39558823529411763,0.5284313725490197,win
deep_balanced_accuracy,Deep balanced accuracy,MNE,10,20,0.8872549019607843,0.4053921568627451,0.48186274509803917,win
deep_balanced_accuracy,Deep balanced accuracy,MNE,15,-10,0.8848039215686274,0.2519607843137255,0.6328431372549019,win
deep_balanced_accuracy,Deep balanced accuracy,MNE,15,-5,0.9019607843137255,0.24215686274509807,0.6598039215686274,win
deep_balanced_accuracy,Deep balanced accuracy,MNE,15,0,0.9411764705882353,0.24950980392156866,0.6916666666666667,win
deep_balanced_accuracy,Deep balanced accuracy,MNE,15,5,0.9509803921568627,0.27156862745098037,0.6794117647058824,win
deep_balanced_accuracy,Deep balanced accuracy,MNE,15,10,0.946078431372549,0.33562091503267977,0.6104575163398692,win
deep_balanced_accuracy,Deep balanced accuracy,MNE,15,15,0.9362745098039216,0.3723856209150327,0.5638888888888889,win
deep_balanced_accuracy,Deep balanced accuracy,MNE,15,20,0.8872549019607843,0.3967320261437909,0.4905228758169934,win
deep_balanced_accuracy,Deep balanced accuracy,MNE,20,-10,0.8823529411764706,0.3475490196078431,0.5348039215686274,win
deep_balanced_accuracy,Deep balanced accuracy,MNE,20,-5,0.9166666666666667,0.3241830065359477,0.5924836601307191,win
deep_balanced_accuracy,Deep balanced accuracy,MNE,20,0,0.9338235294117647,0.3205882352941176,0.6132352941176471,win
deep_balanced_accuracy,Deep balanced accuracy,MNE,20,5,0.9436274509803921,0.34509803921568627,0.5985294117647059,win
deep_balanced_accuracy,Deep balanced accuracy,MNE,20,10,0.9411764705882353,0.3746732026143791,0.5665032679738562,win
deep_balanced_accuracy,Deep balanced accuracy,MNE,20,15,0.9436274509803921,0.37107843137254903,0.5725490196078431,win
deep_balanced_accuracy,Deep balanced accuracy,MNE,20,20,0.9411764705882353,0.3784313725490196,0.5627450980392157,win
deep_balanced_accuracy,Deep balanced accuracy,dSPM,-10,-10,0.7401960784313726,0.19836601307189541,0.5418300653594772,win
deep_balanced_accuracy,Deep balanced accuracy,dSPM,-10,-5,0.803921568627451,0.26715686274509803,0.536764705882353,win
deep_balanced_accuracy,Deep balanced accuracy,dSPM,-10,0,0.8602941176470589,0.31862745098039214,0.5416666666666667,win
deep_balanced_accuracy,Deep balanced accuracy,dSPM,-10,5,0.8480392156862746,0.34313725490196073,0.5049019607843139,win
deep_balanced_accuracy,Deep balanced accuracy,dSPM,-10,10,0.8651960784313726,0.3995098039215686,0.465686274509804,win
deep_balanced_accuracy,Deep balanced accuracy,dSPM,-10,15,0.8823529411764706,0.5098039215686274,0.37254901960784315,win
deep_balanced_accuracy,Deep balanced accuracy,dSPM,-10,20,0.8308823529411765,0.49379084967320264,0.3370915032679739,win
deep_balanced_accuracy,Deep balanced accuracy,dSPM,-5,-10,0.7647058823529411,0.2400326797385621,0.524673202614379,win
deep_balanced_accuracy,Deep balanced accuracy,dSPM,-5,-5,0.8284313725490196,0.2681372549019608,0.5602941176470588,win
deep_balanced_accuracy,Deep balanced accuracy,dSPM,-5,0,0.8676470588235294,0.33088235294117646,0.536764705882353,win
deep_balanced_accuracy,Deep balanced accuracy,dSPM,-5,5,0.857843137254902,0.3333333333333333,0.5245098039215688,win
deep_balanced_accuracy,Deep balanced accuracy,dSPM,-5,10,0.8725490196078431,0.45343137254901966,0.4191176470588235,win
deep_balanced_accuracy,Deep balanced accuracy,dSPM,-5,15,0.8700980392156863,0.5147058823529411,0.35539215686274517,win
deep_balanced_accuracy,Deep balanced accuracy,dSPM,-5,20,0.8725490196078431,0.5367647058823529,0.3357843137254902,win
deep_balanced_accuracy,Deep balanced accuracy,dSPM,0,-10,0.8308823529411764,0.24983660130718954,0.5810457516339869,win
deep_balanced_accuracy,Deep balanced accuracy,dSPM,0,-5,0.8725490196078431,0.3148692810457516,0.5576797385620915,win
deep_balanced_accuracy,Deep balanced accuracy,dSPM,0,0,0.911764705882353,0.32598039215686275,0.5857843137254903,win
deep_balanced_accuracy,Deep balanced accuracy,dSPM,0,5,0.8946078431372548,0.3897058823529412,0.5049019607843137,win
deep_balanced_accuracy,Deep balanced accuracy,dSPM,0,10,0.8946078431372548,0.49754901960784315,0.3970588235294117,win
deep_balanced_accuracy,Deep balanced accuracy,dSPM,0,15,0.8897058823529411,0.5490196078431372,0.34068627450980393,win
deep_balanced_accuracy,Deep balanced accuracy,dSPM,0,20,0.8676470588235294,0.5343137254901961,0.33333333333333337,win
deep_balanced_accuracy,Deep balanced accuracy,dSPM,5,-10,0.875,0.30620915032679735,0.5687908496732026,win
deep_balanced_accuracy,Deep balanced accuracy,dSPM,5,-5,0.8897058823529411,0.3294117647058824,0.5602941176470587,win
deep_balanced_accuracy,Deep balanced accuracy,dSPM,5,0,0.9166666666666667,0.42761437908496736,0.4890522875816994,win
deep_balanced_accuracy,Deep balanced accuracy,dSPM,5,5,0.9264705882352942,0.4496732026143791,0.47679738562091506,win
deep_balanced_accuracy,Deep balanced accuracy,dSPM,5,10,0.9019607843137256,0.5465686274509803,0.3553921568627453,win
deep_balanced_accuracy,Deep balanced accuracy,dSPM,5,15,0.892156862745098,0.5735294117647058,0.31862745098039214,win
deep_balanced_accuracy,Deep balanced accuracy,dSPM,5,20,0.8700980392156863,0.5588235294117646,0.3112745098039217,win
deep_balanced_accuracy,Deep balanced accuracy,dSPM,10,-10,0.9264705882352942,0.353921568627451,0.5725490196078431,win
deep_balanced_accuracy,Deep balanced accuracy,dSPM,10,-5,0.9485294117647058,0.38088235294117645,0.5676470588235294,win
deep_balanced_accuracy,Deep balanced accuracy,dSPM,10,0,0.9534313725490196,0.4887254901960784,0.46470588235294114,win
deep_balanced_accuracy,Deep balanced accuracy,dSPM,10,5,0.9607843137254901,0.5624183006535948,0.39836601307189534,win
deep_balanced_accuracy,Deep balanced accuracy,dSPM,10,10,0.9264705882352942,0.5857843137254902,0.34068627450980393,win
deep_balanced_accuracy,Deep balanced accuracy,dSPM,10,15,0.9240196078431373,0.6004901960784315,0.32352941176470584,win
deep_balanced_accuracy,Deep balanced accuracy,dSPM,10,20,0.8872549019607843,0.5857843137254901,0.30147058823529416,win
deep_balanced_accuracy,Deep balanced accuracy,dSPM,15,-10,0.8848039215686274,0.40784313725490196,0.47696078431372546,win
deep_balanced_accuracy,Deep balanced accuracy,dSPM,15,-5,0.9019607843137255,0.4372549019607843,0.4647058823529412,win
deep_balanced_accuracy,Deep balanced accuracy,dSPM,15,0,0.9411764705882353,0.48137254901960785,0.4598039215686274,win
deep_balanced_accuracy,Deep balanced accuracy,dSPM,15,5,0.9509803921568627,0.563562091503268,0.3874183006535947,win
deep_balanced_accuracy,Deep balanced accuracy,dSPM,15,10,0.946078431372549,0.6161764705882353,0.32990196078431366,win
deep_balanced_accuracy,Deep balanced accuracy,dSPM,15,15,0.9362745098039216,0.6200980392156863,0.3161764705882353,win
deep_balanced_accuracy,Deep balanced accuracy,dSPM,15,20,0.8872549019607843,0.625,0.26225490196078427,win
deep_balanced_accuracy,Deep balanced accuracy,dSPM,20,-10,0.8823529411764706,0.4176470588235294,0.46470588235294114,win
deep_balanced_accuracy,Deep balanced accuracy,dSPM,20,-5,0.9166666666666667,0.43970588235294117,0.47696078431372557,win
deep_balanced_accuracy,Deep balanced accuracy,dSPM,20,0,0.9338235294117647,0.4862745098039216,0.4475490196078431,win
deep_balanced_accuracy,Deep balanced accuracy,dSPM,20,5,0.9436274509803921,0.513235294117647,0.4303921568627451,win
deep_balanced_accuracy,Deep balanced accuracy,dSPM,20,10,0.9411764705882353,0.5573529411764706,0.3838235294117647,win
deep_balanced_accuracy,Deep balanced accuracy,dSPM,20,15,0.9436274509803921,0.6163398692810458,0.32728758169934635,win
deep_balanced_accuracy,Deep balanced accuracy,dSPM,20,20,0.9411764705882353,0.6163398692810458,0.3248366013071895,win
deep_balanced_accuracy,Deep balanced accuracy,sLORETA,-10,-10,0.7401960784313726,0.18333333333333335,0.5568627450980392,win
deep_balanced_accuracy,Deep balanced accuracy,sLORETA,-10,-5,0.803921568627451,0.215359477124183,0.588562091503268,win
deep_balanced_accuracy,Deep balanced accuracy,sLORETA,-10,0,0.8602941176470589,0.2472222222222222,0.6130718954248366,win
deep_balanced_accuracy,Deep balanced accuracy,sLORETA,-10,5,0.8480392156862746,0.2619281045751634,0.5861111111111112,win
deep_balanced_accuracy,Deep balanced accuracy,sLORETA,-10,10,0.8651960784313726,0.27794117647058825,0.5872549019607843,win
deep_balanced_accuracy,Deep balanced accuracy,sLORETA,-10,15,0.8823529411764706,0.2950980392156863,0.5872549019607842,win
deep_balanced_accuracy,Deep balanced accuracy,sLORETA,-10,20,0.8308823529411765,0.3514705882352941,0.4794117647058824,win
deep_balanced_accuracy,Deep balanced accuracy,sLORETA,-5,-10,0.7647058823529411,0.25473856209150325,0.5099673202614379,win
deep_balanced_accuracy,Deep balanced accuracy,sLORETA,-5,-5,0.8284313725490196,0.24493464052287583,0.5834967320261437,win
deep_balanced_accuracy,Deep balanced accuracy,sLORETA,-5,0,0.8676470588235294,0.2485294117647059,0.6191176470588236,win
deep_balanced_accuracy,Deep balanced accuracy,sLORETA,-5,5,0.857843137254902,0.25588235294117645,0.6019607843137256,win
deep_balanced_accuracy,Deep balanced accuracy,sLORETA,-5,10,0.8725490196078431,0.28529411764705886,0.5872549019607842,win
deep_balanced_accuracy,Deep balanced accuracy,sLORETA,-5,15,0.8700980392156863,0.317156862745098,0.5529411764705883,win
deep_balanced_accuracy,Deep balanced accuracy,sLORETA,-5,20,0.8725490196078431,0.34901960784313724,0.5235294117647059,win
deep_balanced_accuracy,Deep balanced accuracy,sLORETA,0,-10,0.8308823529411764,0.23398692810457514,0.5968954248366013,win
deep_balanced_accuracy,Deep balanced accuracy,sLORETA,0,-5,0.8725490196078431,0.2633986928104575,0.6091503267973857,win
deep_balanced_accuracy,Deep balanced accuracy,sLORETA,0,0,0.911764705882353,0.2485294117647059,0.6632352941176471,win
deep_balanced_accuracy,Deep balanced accuracy,sLORETA,0,5,0.8946078431372548,0.2890522875816993,0.6055555555555555,win
deep_balanced_accuracy,Deep balanced accuracy,sLORETA,0,10,0.8946078431372548,0.3037581699346405,0.5908496732026143,win
deep_balanced_accuracy,Deep balanced accuracy,sLORETA,0,15,0.8897058823529411,0.33316993464052286,0.5565359477124183,win
deep_balanced_accuracy,Deep balanced accuracy,sLORETA,0,20,0.8676470588235294,0.36241830065359476,0.5052287581699346,win
deep_balanced_accuracy,Deep balanced accuracy,sLORETA,5,-10,0.875,0.2843137254901961,0.5906862745098038,win
deep_balanced_accuracy,Deep balanced accuracy,sLORETA,5,-5,0.8897058823529411,0.286764705882353,0.6029411764705881,win
deep_balanced_accuracy,Deep balanced accuracy,sLORETA,5,0,0.9166666666666667,0.2866013071895425,0.6300653594771242,win
deep_balanced_accuracy,Deep balanced accuracy,sLORETA,5,5,0.9264705882352942,0.27549019607843134,0.6509803921568629,win
deep_balanced_accuracy,Deep balanced accuracy,sLORETA,5,10,0.9019607843137256,0.32205882352941173,0.5799019607843139,win
deep_balanced_accuracy,Deep balanced accuracy,sLORETA,5,15,0.892156862745098,0.3465686274509804,0.5455882352941176,win
deep_balanced_accuracy,Deep balanced accuracy,sLORETA,5,20,0.8700980392156863,0.37352941176470583,0.49656862745098046,win
deep_balanced_accuracy,Deep balanced accuracy,sLORETA,10,-10,0.9264705882352942,0.3333333333333333,0.5931372549019609,win
deep_balanced_accuracy,Deep balanced accuracy,sLORETA,10,-5,0.9485294117647058,0.3235294117647059,0.625,win
deep_balanced_accuracy,Deep balanced accuracy,sLORETA,10,0,0.9534313725490196,0.3504901960784313,0.6029411764705883,win
deep_balanced_accuracy,Deep balanced accuracy,sLORETA,10,5,0.9607843137254901,0.36143790849673196,0.5993464052287582,win
deep_balanced_accuracy,Deep balanced accuracy,sLORETA,10,10,0.9264705882352942,0.3552287581699346,0.5712418300653596,win
deep_balanced_accuracy,Deep balanced accuracy,sLORETA,10,15,0.9240196078431373,0.37598039215686274,0.5480392156862746,win
deep_balanced_accuracy,Deep balanced accuracy,sLORETA,10,20,0.8872549019607843,0.3686274509803921,0.5186274509803921,win
deep_balanced_accuracy,Deep balanced accuracy,sLORETA,15,-10,0.8848039215686274,0.36764705882352944,0.517156862745098,win
deep_balanced_accuracy,Deep balanced accuracy,sLORETA,15,-5,0.9019607843137255,0.3651960784313726,0.5367647058823529,win
deep_balanced_accuracy,Deep balanced accuracy,sLORETA,15,0,0.9411764705882353,0.39215686274509803,0.5490196078431373,win
deep_balanced_accuracy,Deep balanced accuracy,sLORETA,15,5,0.9509803921568627,0.3933006535947713,0.5576797385620914,win
deep_balanced_accuracy,Deep balanced accuracy,sLORETA,15,10,0.946078431372549,0.39330065359477123,0.5527777777777778,win
deep_balanced_accuracy,Deep balanced accuracy,sLORETA,15,15,0.9362745098039216,0.42140522875816994,0.5148692810457516,win
deep_balanced_accuracy,Deep balanced accuracy,sLORETA,15,20,0.8872549019607843,0.4176470588235295,0.4696078431372548,win
deep_balanced_accuracy,Deep balanced accuracy,sLORETA,20,-10,0.8823529411764706,0.43627450980392163,0.44607843137254893,win
deep_balanced_accuracy,Deep balanced accuracy,sLORETA,20,-5,0.9166666666666667,0.43137254901960786,0.4852941176470589,win
deep_balanced_accuracy,Deep balanced accuracy,sLORETA,20,0,0.9338235294117647,0.46568627450980393,0.4681372549019608,win
deep_balanced_accuracy,Deep balanced accuracy,sLORETA,20,5,0.9436274509803921,0.45588235294117646,0.4877450980392157,win
deep_balanced_accuracy,Deep balanced accuracy,sLORETA,20,10,0.9411764705882353,0.4730392156862745,0.4681372549019608,win
deep_balanced_accuracy,Deep balanced accuracy,sLORETA,20,15,0.9436274509803921,0.47663398692810455,0.4669934640522876,win
deep_balanced_accuracy,Deep balanced accuracy,sLORETA,20,20,0.9411764705882353,0.4446078431372549,0.4965686274509804,win
deep_balanced_accuracy,Deep balanced accuracy,eLORETA,-10,-10,0.7401960784313726,0.171078431372549,0.5691176470588236,win
deep_balanced_accuracy,Deep balanced accuracy,eLORETA,-10,-5,0.803921568627451,0.24133986928104575,0.5625816993464052,win
deep_balanced_accuracy,Deep balanced accuracy,eLORETA,-10,0,0.8602941176470589,0.2892156862745098,0.5710784313725491,win
deep_balanced_accuracy,Deep balanced accuracy,eLORETA,-10,5,0.8480392156862746,0.3161764705882353,0.5318627450980393,win
deep_balanced_accuracy,Deep balanced accuracy,eLORETA,-10,10,0.8651960784313726,0.36764705882352944,0.49754901960784315,win
deep_balanced_accuracy,Deep balanced accuracy,eLORETA,-10,15,0.8823529411764706,0.40441176470588236,0.4779411764705882,win
deep_balanced_accuracy,Deep balanced accuracy,eLORETA,-10,20,0.8308823529411765,0.4509803921568628,0.3799019607843137,win
deep_balanced_accuracy,Deep balanced accuracy,eLORETA,-5,-10,0.7647058823529411,0.20915032679738563,0.5555555555555555,win
deep_balanced_accuracy,Deep balanced accuracy,eLORETA,-5,-5,0.8284313725490196,0.2658496732026144,0.5625816993464052,win
deep_balanced_accuracy,Deep balanced accuracy,eLORETA,-5,0,0.8676470588235294,0.29901960784313725,0.5686274509803921,win
deep_balanced_accuracy,Deep balanced accuracy,eLORETA,-5,5,0.857843137254902,0.3284313725490196,0.5294117647058825,win
deep_balanced_accuracy,Deep balanced accuracy,eLORETA,-5,10,0.8725490196078431,0.3799019607843137,0.49264705882352944,win
deep_balanced_accuracy,Deep balanced accuracy,eLORETA,-5,15,0.8700980392156863,0.4068627450980392,0.4632352941176471,win
deep_balanced_accuracy,Deep balanced accuracy,eLORETA,-5,20,0.8725490196078431,0.46568627450980393,0.4068627450980392,win
deep_balanced_accuracy,Deep balanced accuracy,eLORETA,0,-10,0.8308823529411764,0.25980392156862747,0.571078431372549,win
deep_balanced_accuracy,Deep balanced accuracy,eLORETA,0,-5,0.8725490196078431,0.2622549019607843,0.6102941176470589,win
deep_balanced_accuracy,Deep balanced accuracy,eLORETA,0,0,0.911764705882353,0.2916666666666667,0.6200980392156863,win
deep_balanced_accuracy,Deep balanced accuracy,eLORETA,0,5,0.8946078431372548,0.3406862745098039,0.553921568627451,win
deep_balanced_accuracy,Deep balanced accuracy,eLORETA,0,10,0.8946078431372548,0.3872549019607843,0.5073529411764706,win
deep_balanced_accuracy,Deep balanced accuracy,eLORETA,0,15,0.8897058823529411,0.46078431372549017,0.42892156862745096,win
deep_balanced_accuracy,Deep balanced accuracy,eLORETA,0,20,0.8676470588235294,0.4950980392156863,0.37254901960784315,win
deep_balanced_accuracy,Deep balanced accuracy,eLORETA,5,-10,0.875,0.3014705882352941,0.5735294117647058,win
deep_balanced_accuracy,Deep balanced accuracy,eLORETA,5,-5,0.8897058823529411,0.3014705882352941,0.588235294117647,win
deep_balanced_accuracy,Deep balanced accuracy,eLORETA,5,0,0.9166666666666667,0.3504901960784313,0.5661764705882355,win
deep_balanced_accuracy,Deep balanced accuracy,eLORETA,5,5,0.9264705882352942,0.37745098039215685,0.5490196078431373,win
deep_balanced_accuracy,Deep balanced accuracy,eLORETA,5,10,0.9019607843137256,0.4632352941176471,0.43872549019607854,win
deep_balanced_accuracy,Deep balanced accuracy,eLORETA,5,15,0.892156862745098,0.5147058823529411,0.37745098039215685,win
deep_balanced_accuracy,Deep balanced accuracy,eLORETA,5,20,0.8700980392156863,0.5122549019607843,0.357843137254902,win
deep_balanced_accuracy,Deep balanced accuracy,eLORETA,10,-10,0.9264705882352942,0.34068627450980393,0.5857843137254902,win
deep_balanced_accuracy,Deep balanced accuracy,eLORETA,10,-5,0.9485294117647058,0.36029411764705876,0.5882352941176471,win
deep_balanced_accuracy,Deep balanced accuracy,eLORETA,10,0,0.9534313725490196,0.4240196078431373,0.5294117647058822,win
deep_balanced_accuracy,Deep balanced accuracy,eLORETA,10,5,0.9607843137254901,0.44607843137254904,0.5147058823529411,win
deep_balanced_accuracy,Deep balanced accuracy,eLORETA,10,10,0.9264705882352942,0.4779411764705882,0.44852941176470595,win
deep_balanced_accuracy,Deep balanced accuracy,eLORETA,10,15,0.9240196078431373,0.5147058823529411,0.4093137254901962,win
deep_balanced_accuracy,Deep balanced accuracy,eLORETA,10,20,0.8872549019607843,0.5245098039215687,0.3627450980392156,win
deep_balanced_accuracy,Deep balanced accuracy,eLORETA,15,-10,0.8848039215686274,0.43627450980392163,0.4485294117647058,win
deep_balanced_accuracy,Deep balanced accuracy,eLORETA,15,-5,0.9019607843137255,0.4338235294117647,0.4681372549019608,win
deep_balanced_accuracy,Deep balanced accuracy,eLORETA,15,0,0.9411764705882353,0.4632352941176471,0.4779411764705882,win
deep_balanced_accuracy,Deep balanced accuracy,eLORETA,15,5,0.9509803921568627,0.5024509803921569,0.44852941176470584,win
deep_balanced_accuracy,Deep balanced accuracy,eLORETA,15,10,0.946078431372549,0.5,0.446078431372549,win
deep_balanced_accuracy,Deep balanced accuracy,eLORETA,15,15,0.9362745098039216,0.5343137254901961,0.4019607843137255,win
deep_balanced_accuracy,Deep balanced accuracy,eLORETA,15,20,0.8872549019607843,0.553921568627451,0.33333333333333326,win
deep_balanced_accuracy,Deep balanced accuracy,eLORETA,20,-10,0.8823529411764706,0.4730392156862745,0.40931372549019607,win
deep_balanced_accuracy,Deep balanced accuracy,eLORETA,20,-5,0.9166666666666667,0.4656862745098039,0.45098039215686286,win
deep_balanced_accuracy,Deep balanced accuracy,eLORETA,20,0,0.9338235294117647,0.5196078431372549,0.4142156862745098,win
deep_balanced_accuracy,Deep balanced accuracy,eLORETA,20,5,0.9436274509803921,0.5294117647058824,0.4142156862745098,win
deep_balanced_accuracy,Deep balanced accuracy,eLORETA,20,10,0.9411764705882353,0.5392156862745098,0.4019607843137255,win
deep_balanced_accuracy,Deep balanced accuracy,eLORETA,20,15,0.9436274509803921,0.5661764705882353,0.37745098039215685,win
deep_balanced_accuracy,Deep balanced accuracy,eLORETA,20,20,0.9411764705882353,0.5441176470588236,0.3970588235294117,win
deep_balanced_accuracy,Deep balanced accuracy,LCMV,-10,-10,0.7401960784313726,0.6111111111111112,0.12908496732026142,win
deep_balanced_accuracy,Deep balanced accuracy,LCMV,-10,-5,0.803921568627451,0.6727124183006535,0.13120915032679747,win
deep_balanced_accuracy,Deep balanced accuracy,LCMV,-10,0,0.8602941176470589,0.7217320261437908,0.13856209150326804,win
deep_balanced_accuracy,Deep balanced accuracy,LCMV,-10,5,0.8480392156862746,0.8235294117647058,0.024509803921568762,win
deep_balanced_accuracy,Deep balanced accuracy,LCMV,-10,10,0.8651960784313726,0.8333333333333333,0.031862745098039325,win
deep_balanced_accuracy,Deep balanced accuracy,LCMV,-10,15,0.8823529411764706,0.553921568627451,0.32843137254901955,win
deep_balanced_accuracy,Deep balanced accuracy,LCMV,-10,20,0.8308823529411765,0.5024509803921569,0.32843137254901966,win
deep_balanced_accuracy,Deep balanced accuracy,LCMV,-5,-10,0.7647058823529411,0.6,0.16470588235294115,win
deep_balanced_accuracy,Deep balanced accuracy,LCMV,-5,-5,0.8284313725490196,0.6838235294117647,0.14460784313725483,win
deep_balanced_accuracy,Deep balanced accuracy,LCMV,-5,0,0.8676470588235294,0.7303921568627451,0.13725490196078438,win
deep_balanced_accuracy,Deep balanced accuracy,LCMV,-5,5,0.857843137254902,0.8455882352941175,0.012254901960784492,win
deep_balanced_accuracy,Deep balanced accuracy,LCMV,-5,10,0.8725490196078431,0.8799019607843137,-0.007352941176470562,loss
deep_balanced_accuracy,Deep balanced accuracy,LCMV,-5,15,0.8700980392156863,0.5906862745098039,0.27941176470588236,win
deep_balanced_accuracy,Deep balanced accuracy,LCMV,-5,20,0.8725490196078431,0.4950980392156863,0.37745098039215685,win
deep_balanced_accuracy,Deep balanced accuracy,LCMV,0,-10,0.8308823529411764,0.6357843137254902,0.19509803921568625,win
deep_balanced_accuracy,Deep balanced accuracy,LCMV,0,-5,0.8725490196078431,0.6972222222222222,0.17532679738562096,win
deep_balanced_accuracy,Deep balanced accuracy,LCMV,0,0,0.911764705882353,0.7475490196078431,0.1642156862745099,win
deep_balanced_accuracy,Deep balanced accuracy,LCMV,0,5,0.8946078431372548,0.8700980392156863,0.02450980392156854,win
deep_balanced_accuracy,Deep balanced accuracy,LCMV,0,10,0.8946078431372548,0.8333333333333334,0.06127450980392146,win
deep_balanced_accuracy,Deep balanced accuracy,LCMV,0,15,0.8897058823529411,0.5612745098039216,0.32843137254901955,win
deep_balanced_accuracy,Deep balanced accuracy,LCMV,0,20,0.8676470588235294,0.4901960784313726,0.37745098039215685,win
deep_balanced_accuracy,Deep balanced accuracy,LCMV,5,-10,0.875,0.719281045751634,0.15571895424836601,win
deep_balanced_accuracy,Deep balanced accuracy,LCMV,5,-5,0.8897058823529411,0.767156862745098,0.12254901960784315,win
deep_balanced_accuracy,Deep balanced accuracy,LCMV,5,0,0.9166666666666667,0.8186274509803921,0.0980392156862746,win
deep_balanced_accuracy,Deep balanced accuracy,LCMV,5,5,0.9264705882352942,0.9093137254901962,0.017156862745097978,win
deep_balanced_accuracy,Deep balanced accuracy,LCMV,5,10,0.9019607843137256,0.8480392156862746,0.05392156862745101,win
deep_balanced_accuracy,Deep balanced accuracy,LCMV,5,15,0.892156862745098,0.5661764705882353,0.3259803921568627,win
deep_balanced_accuracy,Deep balanced accuracy,LCMV,5,20,0.8700980392156863,0.49754901960784315,0.37254901960784315,win
deep_balanced_accuracy,Deep balanced accuracy,LCMV,10,-10,0.9264705882352942,0.8382352941176471,0.08823529411764708,win
deep_balanced_accuracy,Deep balanced accuracy,LCMV,10,-5,0.9485294117647058,0.8553921568627451,0.09313725490196079,win
deep_balanced_accuracy,Deep balanced accuracy,LCMV,10,0,0.9534313725490196,0.875,0.07843137254901955,win
deep_balanced_accuracy,Deep balanced accuracy,LCMV,10,5,0.9607843137254901,0.909313725490196,0.05147058823529416,win
deep_balanced_accuracy,Deep balanced accuracy,LCMV,10,10,0.9264705882352942,0.7794117647058825,0.1470588235294117,win
deep_balanced_accuracy,Deep balanced accuracy,LCMV,10,15,0.9240196078431373,0.5318627450980392,0.3921568627450981,win
deep_balanced_accuracy,Deep balanced accuracy,LCMV,10,20,0.8872549019607843,0.4901960784313726,0.3970588235294117,win
deep_balanced_accuracy,Deep balanced accuracy,LCMV,15,-10,0.8848039215686274,0.8602941176470589,0.02450980392156854,win
deep_balanced_accuracy,Deep balanced accuracy,LCMV,15,-5,0.9019607843137255,0.875,0.026960784313725505,win
deep_balanced_accuracy,Deep balanced accuracy,LCMV,15,0,0.9411764705882353,0.8578431372549018,0.08333333333333348,win
deep_balanced_accuracy,Deep balanced accuracy,LCMV,15,5,0.9509803921568627,0.8088235294117647,0.14215686274509798,win
deep_balanced_accuracy,Deep balanced accuracy,LCMV,15,10,0.946078431372549,0.7254901960784313,0.22058823529411764,win
deep_balanced_accuracy,Deep balanced accuracy,LCMV,15,15,0.9362745098039216,0.5318627450980392,0.40441176470588236,win
deep_balanced_accuracy,Deep balanced accuracy,LCMV,15,20,0.8872549019607843,0.4950980392156863,0.392156862745098,win
deep_balanced_accuracy,Deep balanced accuracy,LCMV,20,-10,0.8823529411764706,0.6985294117647058,0.18382352941176472,win
deep_balanced_accuracy,Deep balanced accuracy,LCMV,20,-5,0.9166666666666667,0.6544117647058824,0.2622549019607844,win
deep_balanced_accuracy,Deep balanced accuracy,LCMV,20,0,0.9338235294117647,0.6887254901960784,0.2450980392156863,win
deep_balanced_accuracy,Deep balanced accuracy,LCMV,20,5,0.9436274509803921,0.6544117647058824,0.2892156862745098,win
deep_balanced_accuracy,Deep balanced accuracy,LCMV,20,10,0.9411764705882353,0.6102941176470589,0.3308823529411764,win
deep_balanced_accuracy,Deep balanced accuracy,LCMV,20,15,0.9436274509803921,0.5220588235294118,0.42156862745098034,win
deep_balanced_accuracy,Deep balanced accuracy,LCMV,20,20,0.9411764705882353,0.5,0.4411764705882353,win
deep_balanced_accuracy,Deep balanced accuracy,Dipole fitting (grid),-10,-10,0.7401960784313726,0.6691176470588235,0.0710784313725491,win
deep_balanced_accuracy,Deep balanced accuracy,Dipole fitting (grid),-10,-5,0.803921568627451,0.6862745098039216,0.11764705882352944,win
deep_balanced_accuracy,Deep balanced accuracy,Dipole fitting (grid),-10,0,0.8602941176470589,0.7230392156862745,0.13725490196078438,win
deep_balanced_accuracy,Deep balanced accuracy,Dipole fitting (grid),-10,5,0.8480392156862746,0.7524509803921569,0.09558823529411775,win
deep_balanced_accuracy,Deep balanced accuracy,Dipole fitting (grid),-10,10,0.8651960784313726,0.7843137254901962,0.0808823529411764,win
deep_balanced_accuracy,Deep balanced accuracy,Dipole fitting (grid),-10,15,0.8823529411764706,0.767156862745098,0.11519607843137258,win
deep_balanced_accuracy,Deep balanced accuracy,Dipole fitting (grid),-10,20,0.8308823529411765,0.7720588235294118,0.05882352941176472,win
deep_balanced_accuracy,Deep balanced accuracy,Dipole fitting (grid),-5,-10,0.7647058823529411,0.6691176470588235,0.09558823529411764,win
deep_balanced_accuracy,Deep balanced accuracy,Dipole fitting (grid),-5,-5,0.8284313725490196,0.678921568627451,0.14950980392156854,win
deep_balanced_accuracy,Deep balanced accuracy,Dipole fitting (grid),-5,0,0.8676470588235294,0.7156862745098039,0.1519607843137255,win
deep_balanced_accuracy,Deep balanced accuracy,Dipole fitting (grid),-5,5,0.857843137254902,0.75,0.10784313725490202,win
deep_balanced_accuracy,Deep balanced accuracy,Dipole fitting (grid),-5,10,0.8725490196078431,0.7843137254901961,0.08823529411764708,win
deep_balanced_accuracy,Deep balanced accuracy,Dipole fitting (grid),-5,15,0.8700980392156863,0.7720588235294117,0.0980392156862746,win
deep_balanced_accuracy,Deep balanced accuracy,Dipole fitting (grid),-5,20,0.8725490196078431,0.7549019607843137,0.11764705882352944,win
deep_balanced_accuracy,Deep balanced accuracy,Dipole fitting (grid),0,-10,0.8308823529411764,0.6740196078431373,0.1568627450980391,win
deep_balanced_accuracy,Deep balanced accuracy,Dipole fitting (grid),0,-5,0.8725490196078431,0.7058823529411764,0.16666666666666674,win
deep_balanced_accuracy,Deep balanced accuracy,Dipole fitting (grid),0,0,0.911764705882353,0.7401960784313726,0.17156862745098045,win
deep_balanced_accuracy,Deep balanced accuracy,Dipole fitting (grid),0,5,0.8946078431372548,0.7720588235294117,0.12254901960784315,win
deep_balanced_accuracy,Deep balanced accuracy,Dipole fitting (grid),0,10,0.8946078431372548,0.7671568627450981,0.12745098039215674,win
deep_balanced_accuracy,Deep balanced accuracy,Dipole fitting (grid),0,15,0.8897058823529411,0.7892156862745099,0.10049019607843124,win
deep_balanced_accuracy,Deep balanced accuracy,Dipole fitting (grid),0,20,0.8676470588235294,0.7745098039215685,0.0931372549019609,win
deep_balanced_accuracy,Deep balanced accuracy,Dipole fitting (grid),5,-10,0.875,0.7058823529411764,0.1691176470588236,win
deep_balanced_accuracy,Deep balanced accuracy,Dipole fitting (grid),5,-5,0.8897058823529411,0.7524509803921569,0.13725490196078427,win
deep_balanced_accuracy,Deep balanced accuracy,Dipole fitting (grid),5,0,0.9166666666666667,0.7696078431372548,0.1470588235294119,win
deep_balanced_accuracy,Deep balanced accuracy,Dipole fitting (grid),5,5,0.9264705882352942,0.7745098039215687,0.1519607843137255,win
deep_balanced_accuracy,Deep balanced accuracy,Dipole fitting (grid),5,10,0.9019607843137256,0.7892156862745099,0.11274509803921573,win
deep_balanced_accuracy,Deep balanced accuracy,Dipole fitting (grid),5,15,0.892156862745098,0.7745098039215687,0.11764705882352933,win
deep_balanced_accuracy,Deep balanced accuracy,Dipole fitting (grid),5,20,0.8700980392156863,0.7696078431372548,0.10049019607843146,win
deep_balanced_accuracy,Deep balanced accuracy,Dipole fitting (grid),10,-10,0.9264705882352942,0.7573529411764706,0.1691176470588236,win
deep_balanced_accuracy,Deep balanced accuracy,Dipole fitting (grid),10,-5,0.9485294117647058,0.7549019607843137,0.19362745098039214,win
deep_balanced_accuracy,Deep balanced accuracy,Dipole fitting (grid),10,0,0.9534313725490196,0.7867647058823529,0.16666666666666663,win
deep_balanced_accuracy,Deep balanced accuracy,Dipole fitting (grid),10,5,0.9607843137254901,0.786764705882353,0.17401960784313708,win
deep_balanced_accuracy,Deep balanced accuracy,Dipole fitting (grid),10,10,0.9264705882352942,0.7892156862745098,0.13725490196078438,win
deep_balanced_accuracy,Deep balanced accuracy,Dipole fitting (grid),10,15,0.9240196078431373,0.7941176470588236,0.1299019607843137,win
deep_balanced_accuracy,Deep balanced accuracy,Dipole fitting (grid),10,20,0.8872549019607843,0.7916666666666667,0.09558823529411753,win
deep_balanced_accuracy,Deep balanced accuracy,Dipole fitting (grid),15,-10,0.8848039215686274,0.7303921568627451,0.15441176470588236,win
deep_balanced_accuracy,Deep balanced accuracy,Dipole fitting (grid),15,-5,0.9019607843137255,0.7549019607843137,0.1470588235294118,win
deep_balanced_accuracy,Deep balanced accuracy,Dipole fitting (grid),15,0,0.9411764705882353,0.7622549019607843,0.178921568627451,win
deep_balanced_accuracy,Deep balanced accuracy,Dipole fitting (grid),15,5,0.9509803921568627,0.7941176470588236,0.1568627450980391,win
deep_balanced_accuracy,Deep balanced accuracy,Dipole fitting (grid),15,10,0.946078431372549,0.7916666666666667,0.15441176470588225,win
deep_balanced_accuracy,Deep balanced accuracy,Dipole fitting (grid),15,15,0.9362745098039216,0.7941176470588236,0.14215686274509798,win
deep_balanced_accuracy,Deep balanced accuracy,Dipole fitting (grid),15,20,0.8872549019607843,0.7769607843137254,0.11029411764705888,win
deep_balanced_accuracy,Deep balanced accuracy,Dipole fitting (grid),20,-10,0.8823529411764706,0.7181372549019608,0.16421568627450978,win
deep_balanced_accuracy,Deep balanced accuracy,Dipole fitting (grid),20,-5,0.9166666666666667,0.7475490196078431,0.1691176470588236,win
deep_balanced_accuracy,Deep balanced accuracy,Dipole fitting (grid),20,0,0.9338235294117647,0.7598039215686274,0.1740196078431373,win
deep_balanced_accuracy,Deep balanced accuracy,Dipole fitting (grid),20,5,0.9436274509803921,0.767156862745098,0.17647058823529416,win
deep_balanced_accuracy,Deep balanced accuracy,Dipole fitting (grid),20,10,0.9411764705882353,0.7720588235294118,0.16911764705882348,win
deep_balanced_accuracy,Deep balanced accuracy,Dipole fitting (grid),20,15,0.9436274509803921,0.7843137254901961,0.15931372549019607,win
deep_balanced_accuracy,Deep balanced accuracy,Dipole fitting (grid),20,20,0.9411764705882353,0.7794117647058824,0.16176470588235292,win
deep_balanced_accuracy,Deep balanced accuracy,RAP-MUSIC,-10,-10,0.7401960784313726,0.6691176470588235,0.0710784313725491,win
deep_balanced_accuracy,Deep balanced accuracy,RAP-MUSIC,-10,-5,0.803921568627451,0.6985294117647058,0.10539215686274517,win
deep_balanced_accuracy,Deep balanced accuracy,RAP-MUSIC,-10,0,0.8602941176470589,0.7720588235294117,0.08823529411764719,win
deep_balanced_accuracy,Deep balanced accuracy,RAP-MUSIC,-10,5,0.8480392156862746,0.8357843137254901,0.012254901960784492,win
deep_balanced_accuracy,Deep balanced accuracy,RAP-MUSIC,-10,10,0.8651960784313726,0.892156862745098,-0.026960784313725394,loss
deep_balanced_accuracy,Deep balanced accuracy,RAP-MUSIC,-10,15,0.8823529411764706,0.8848039215686274,-0.002450980392156854,loss
deep_balanced_accuracy,Deep balanced accuracy,RAP-MUSIC,-10,20,0.8308823529411765,0.8823529411764706,-0.051470588235294046,loss
deep_balanced_accuracy,Deep balanced accuracy,RAP-MUSIC,-5,-10,0.7647058823529411,0.6691176470588235,0.09558823529411764,win
deep_balanced_accuracy,Deep balanced accuracy,RAP-MUSIC,-5,-5,0.8284313725490196,0.6887254901960784,0.13970588235294112,win
deep_balanced_accuracy,Deep balanced accuracy,RAP-MUSIC,-5,0,0.8676470588235294,0.7401960784313726,0.12745098039215685,win
deep_balanced_accuracy,Deep balanced accuracy,RAP-MUSIC,-5,5,0.857843137254902,0.8186274509803921,0.03921568627450989,win
deep_balanced_accuracy,Deep balanced accuracy,RAP-MUSIC,-5,10,0.8725490196078431,0.8897058823529411,-0.017156862745097978,loss
deep_balanced_accuracy,Deep balanced accuracy,RAP-MUSIC,-5,15,0.8700980392156863,0.8897058823529411,-0.019607843137254832,loss
deep_balanced_accuracy,Deep balanced accuracy,RAP-MUSIC,-5,20,0.8725490196078431,0.875,-0.002450980392156854,loss
deep_balanced_accuracy,Deep balanced accuracy,RAP-MUSIC,0,-10,0.8308823529411764,0.6764705882352942,0.15441176470588225,win
deep_balanced_accuracy,Deep balanced accuracy,RAP-MUSIC,0,-5,0.8725490196078431,0.7156862745098039,0.1568627450980392,win
deep_balanced_accuracy,Deep balanced accuracy,RAP-MUSIC,0,0,0.911764705882353,0.7598039215686274,0.15196078431372562,win
deep_balanced_accuracy,Deep balanced accuracy,RAP-MUSIC,0,5,0.8946078431372548,0.8431372549019609,0.051470588235293935,win
deep_balanced_accuracy,Deep balanced accuracy,RAP-MUSIC,0,10,0.8946078431372548,0.8995098039215685,-0.004901960784313708,loss
deep_balanced_accuracy,Deep balanced accuracy,RAP-MUSIC,0,15,0.8897058823529411,0.8946078431372548,-0.004901960784313708,loss
deep_balanced_accuracy,Deep balanced accuracy,RAP-MUSIC,0,20,0.8676470588235294,0.8799019607843137,-0.01225490196078427,loss
deep_balanced_accuracy,Deep balanced accuracy,RAP-MUSIC,5,-10,0.875,0.7058823529411764,0.1691176470588236,win
deep_balanced_accuracy,Deep balanced accuracy,RAP-MUSIC,5,-5,0.8897058823529411,0.7622549019607843,0.12745098039215685,win
deep_balanced_accuracy,Deep balanced accuracy,RAP-MUSIC,5,0,0.9166666666666667,0.8088235294117647,0.10784313725490202,win
deep_balanced_accuracy,Deep balanced accuracy,RAP-MUSIC,5,5,0.9264705882352942,0.8357843137254902,0.09068627450980393,win
deep_balanced_accuracy,Deep balanced accuracy,RAP-MUSIC,5,10,0.9019607843137256,0.8872549019607843,0.014705882352941346,win
deep_balanced_accuracy,Deep balanced accuracy,RAP-MUSIC,5,15,0.892156862745098,0.8848039215686274,0.007352941176470562,win
deep_balanced_accuracy,Deep balanced accuracy,RAP-MUSIC,5,20,0.8700980392156863,0.8848039215686274,-0.014705882352941124,loss
deep_balanced_accuracy,Deep balanced accuracy,RAP-MUSIC,10,-10,0.9264705882352942,0.8137254901960784,0.11274509803921573,win
deep_balanced_accuracy,Deep balanced accuracy,RAP-MUSIC,10,-5,0.9485294117647058,0.8088235294117647,0.13970588235294112,win
deep_balanced_accuracy,Deep balanced accuracy,RAP-MUSIC,10,0,0.9534313725490196,0.8406862745098038,0.11274509803921573,win
deep_balanced_accuracy,Deep balanced accuracy,RAP-MUSIC,10,5,0.9607843137254901,0.8700980392156863,0.09068627450980382,win
deep_balanced_accuracy,Deep balanced accuracy,RAP-MUSIC,10,10,0.9264705882352942,0.892156862745098,0.03431372549019618,win
deep_balanced_accuracy,Deep balanced accuracy,RAP-MUSIC,10,15,0.9240196078431373,0.8799019607843137,0.044117647058823595,win
deep_balanced_accuracy,Deep balanced accuracy,RAP-MUSIC,10,20,0.8872549019607843,0.8897058823529411,-0.002450980392156854,loss
deep_balanced_accuracy,Deep balanced accuracy,RAP-MUSIC,15,-10,0.8848039215686274,0.8651960784313726,0.019607843137254832,win
deep_balanced_accuracy,Deep balanced accuracy,RAP-MUSIC,15,-5,0.9019607843137255,0.8627450980392157,0.039215686274509776,win
deep_balanced_accuracy,Deep balanced accuracy,RAP-MUSIC,15,0,0.9411764705882353,0.857843137254902,0.08333333333333326,win
deep_balanced_accuracy,Deep balanced accuracy,RAP-MUSIC,15,5,0.9509803921568627,0.8774509803921569,0.07352941176470584,win
deep_balanced_accuracy,Deep balanced accuracy,RAP-MUSIC,15,10,0.946078431372549,0.8848039215686274,0.06127450980392157,win
deep_balanced_accuracy,Deep balanced accuracy,RAP-MUSIC,15,15,0.9362745098039216,0.8897058823529411,0.04656862745098045,win
deep_balanced_accuracy,Deep balanced accuracy,RAP-MUSIC,15,20,0.8872549019607843,0.8799019607843137,0.007352941176470562,win
deep_balanced_accuracy,Deep balanced accuracy,RAP-MUSIC,20,-10,0.8823529411764706,0.8725490196078431,0.009803921568627416,win
deep_balanced_accuracy,Deep balanced accuracy,RAP-MUSIC,20,-5,0.9166666666666667,0.8872549019607843,0.02941176470588247,win
deep_balanced_accuracy,Deep balanced accuracy,RAP-MUSIC,20,0,0.9338235294117647,0.8700980392156863,0.06372549019607843,win
deep_balanced_accuracy,Deep balanced accuracy,RAP-MUSIC,20,5,0.9436274509803921,0.8725490196078431,0.07107843137254899,win
deep_balanced_accuracy,Deep balanced accuracy,RAP-MUSIC,20,10,0.9411764705882353,0.8823529411764706,0.05882352941176472,win
deep_balanced_accuracy,Deep balanced accuracy,RAP-MUSIC,20,15,0.9436274509803921,0.8823529411764706,0.06127450980392157,win
deep_balanced_accuracy,Deep balanced accuracy,RAP-MUSIC,20,20,0.9411764705882353,0.8823529411764706,0.05882352941176472,win
