method,eeg_snr_db,meg_snr_db,aggregation,case_count,scenario_count,auc,auc_tie_corrected,rmse,surface_sd_mm,surface_dle_mm,deep_sd_mm,deep_dle_mm,deep_score,deep_peak_distance_mm,active_count,surface_sd_mm_penalized,surface_dle_mm_penalized,deep_sd_mm_penalized,deep_dle_mm_penalized,deep_sensitivity,deep_specificity,deep_balanced_accuracy
Dipole fitting (grid),-10,-10,case_weighted,186,4,0.546805219302403,0.5510103470174301,1.680140495348807,21.10327935667933,12.098257095741504,0.0,0.0,0.06451612903225806,0.0,1.956989247311828,21.10327935667933,12.098257095741504,210.2295411590288,210.2295411590288,0.1016949152542373,1.0,0.5508474576271186
Dipole fitting (grid),-10,-5,case_weighted,186,4,0.5568592789449658,0.5612517403078877,1.604948099585635,14.079991773419763,9.468476715988102,0.5882352587855032,0.5882352587855032,0.0913978494623656,0.5882352587855032,1.7795698924731183,14.079991773419763,9.468476715988102,200.39779912613022,200.39779912613022,0.1440677966101695,1.0,0.5720338983050848
Dipole fitting (grid),-10,0,case_weighted,186,4,0.5638619809784255,0.5638320593555137,1.548700381354391,8.554575047661222,9.349368911798667,0.4761904475882643,0.4761904475882643,0.1070225811390352,0.4761904475882643,1.6935483870967742,8.554575047661222,9.349368911798667,192.46460889371406,192.46460889371406,0.17796610169491525,1.0,0.5889830508474576
Dipole fitting (grid),-10,5,case_weighted,186,4,0.568655146983933,0.5629729511314556,1.5317997539803334,7.529095370348595,9.215440610895515,1.0714285763143352,1.0714285763143352,0.13556781537286203,1.0714285763143352,1.7419354838709677,7.529095370348595,9.215440610895515,178.751017518659,178.751017518659,0.23728813559322035,1.0,0.6186440677966102
Dipole fitting (grid),-10,10,case_weighted,186,4,0.573399575072503,0.5633364523720976,1.5166377195844947,6.740600460738935,9.893302055315175,1.8865333098479273,1.8865333098479273,0.15099002142590284,1.8865333098479273,1.7204301075268817,6.740600460738935,9.893302055315175,167.1405722751028,167.1405722751028,0.2796610169491525,1.0,0.6398305084745762
Dipole fitting (grid),-10,15,case_weighted,186,4,0.576635499743375,0.5637612519802723,1.5160660770273335,6.437270974308791,10.747539819626786,0.882352957844059,0.882352957844059,0.1435055505498439,0.882352957844059,1.6666666666666667,6.437270974308791,10.747539819626786,166.85123217367794,166.85123217367794,0.288135593220339,1.0,0.6440677966101696
Dipole fitting (grid),-10,20,case_weighted,186,4,0.5699421640476309,0.5627919265151865,1.5280357424750466,7.135754386769181,11.046708092399316,2.2467313425097104,2.2467313425097104,0.15348551156038556,2.2467313425097104,1.6666666666666667,7.135754386769181,11.046708092399316,169.20861561090166,169.20861561090166,0.2711864406779661,0.9852941176470589,0.6282402791625125
Dipole fitting (grid),-5,-10,case_weighted,186,4,0.5573570803030651,0.5619750282297179,1.6319680547212734,12.801630888579867,9.890967615581904,0.0,0.0,0.08602150537634409,0.0,1.7258064516129032,12.801630888579867,9.890967615581904,202.29635092661263,202.29635092661263,0.13559322033898305,1.0,0.5677966101694916
Dipole fitting (grid),-5,-5,case_weighted,186,4,0.56111527146051,0.5633076183187212,1.5679122019829832,9.31978429807412,8.62706541060728,0.0,0.0,0.09381634591627969,0.0,1.6989247311827957,9.31978429807412,8.62706541060728,198.32975581040455,198.32975581040455,0.15254237288135594,1.0,0.576271186440678
Dipole fitting (grid),-5,0,case_weighted,186,4,0.5605160831650178,0.5642742494536536,1.533606746388741,6.359482501494873,8.394573293025687,1.4999999099030326,1.4999999099030326,0.10752688172043011,1.4999999099030326,1.6612903225806452,6.359482501494873,8.394573293025687,194.61739796706138,194.61739796706138,0.1694915254237288,1.0,0.5847457627118644
Dipole fitting (grid),-5,5,case_weighted,186,4,0.5756305013063017,0.5656472266320176,1.497225917458108,4.9139175006496245,8.406116239696516,1.9509790823295616,1.9509790823295616,0.15848575620403035,1.9509790823295616,1.7043010752688172,4.9139175006496245,8.406116239696516,165.19237755891996,165.19237755891996,0.2796610169491525,1.0,0.6398305084745762
Dipole fitting (grid),-5,10,case_weighted,186,4,0.5838323664976821,0.5658095231214569,1.4907535426996201,5.01444402480476,9.438073170683454,1.025640993502799,1.025640993502799,0.15900443910563572,1.025640993502799,1.7096774193548387,5.01444402480476,9.438073170683454,157.01949013044512,157.01949013044512,0.3305084745762712,1.0,0.6652542372881356
Dipole fitting (grid),-5,15,case_weighted,186,4,0.576123378496154,0.5639949806734879,1.5097505139751621,6.606415786821342,10.432762869679276,1.6666666423446617,1.6666666423446617,0.15815982139370224,1.6666666423446617,1.7150537634408602,6.606415786821342,10.432762869679276,163.13887433338266,163.13887433338266,0.3050847457627119,1.0,0.652542372881356
Dipole fitting (grid),-5,20,case_weighted,186,4,0.5766508611691132,0.5633865420247387,1.517692040718383,6.624368243242672,10.18419899372691,2.0512819483172873,2.0512819483172873,0.16016931305355414,2.0512819483172873,1.7311827956989247,6.624368243242672,10.18419899372691,157.3584731578838,157.3584731578838,0.3305084745762712,1.0,0.6652542372881356
Dipole fitting (grid),0,-10,case_weighted,186,4,0.5638662890363024,0.5624641480009726,1.5882049723357536,5.723447397671135,9.085771451697905,0.0,0.0,0.10440335276706138,0.0,1.586021505376344,5.723447397671135,9.085771451697905,192.37986313609244,192.37986313609244,0.17796610169491525,1.0,0.5889830508474576
Dipole fitting (grid),0,-5,case_weighted,186,4,0.5635284391918762,0.5633133129268142,1.5573578877678405,5.4964923595245265,9.071833946725926,0.9090909067228203,0.9090909067228203,0.11312714148802933,0.9090909067228203,1.6559139784946237,5.4964923595245265,9.071833946725926,190.56605710297057,190.56605710297057,0.1864406779661017,1.0,0.5932203389830508
Dipole fitting (grid),0,0,case_weighted,186,4,0.5722882815753552,0.5645274625078107,1.5114379280692414,4.4548400889401965,8.7288738866253,0.6896552102447235,0.6896552102447235,0.13955543663220235,0.6896552102447235,1.6397849462365592,4.4548400889401965,8.7288738866253,176.68297420598125,176.68297420598125,0.2457627118644068,1.0,0.6228813559322034
Dipole fitting (grid),0,5,case_weighted,186,4,0.5801923430085433,0.5678778305825652,1.482400206568331,4.345199172730067,8.74405736632581,0.882352955777957,0.882352955777957,0.15058305872686317,0.882352955777957,1.7204301075268817,4.345199172730067,8.74405736632581,166.85123217308262,166.85123217308262,0.288135593220339,1.0,0.6440677966101696
Dipole fitting (grid),0,10,case_weighted,186,4,0.5796235250993974,0.5656031542280774,1.495504447975374,6.566660950515153,10.443494600799315,0.5714285371059172,0.5714285371059172,0.15213628427658263,0.5714285371059172,1.8333333333333333,6.566660950515153,10.443494600799315,164.78318883787904,164.78318883787904,0.2966101694915254,0.9852941176470589,0.6409521435692922
Dipole fitting (grid),0,15,case_weighted,186,4,0.5799831393615001,0.5643884686031769,1.494941050848439,4.96122371768819,8.380531718111671,1.538461466299157,1.538461466299157,0.16541997882335324,1.538461466299157,1.7365591397849462,4.96122371768819,8.380531718111671,157.18898164264053,157.18898164264053,0.3305084745762712,1.0,0.6652542372881356
Dipole fitting (grid),0,20,case_weighted,186,4,0.573671405417066,0.56370766437567,1.5161169376057337,6.715448098212317,10.490964450676866,1.766189989477879,1.766189989477879,0.1484334378208471,1.766189989477879,1.7419354838709677,6.715448098212317,10.490964450676866,169.07422692742665,169.07422692742665,0.2627118644067797,1.0,0.6313559322033898
Dipole fitting (grid),5,-10,case_weighted,186,4,0.5742465505503279,0.5629946557928974,1.5499266380081143,4.490068811278352,8.617698148094881,1.8967853070730547,1.8967853070730547,0.15766936615634802,1.8967853070730547,1.6451612903225807,4.490068811278352,8.617698148094881,163.2090800277066,163.2090800277066,0.288135593220339,1.0,0.6440677966101696
Dipole fitting (grid),5,-5,case_weighted,186,4,0.5867368186385169,0.565601104239095,1.5032745191226362,3.9274652425807224,8.31544894817822,0.9872057929149756,0.9872057929149756,0.17836066939783296,0.9872057929149756,1.7473118279569892,3.9274652425807224,8.31544894817822,151.0819927489789,151.0819927489789,0.3389830508474576,0.9852941176470589,0.6621385842472582
Dipole fitting (grid),5,0,case_weighted,186,4,0.5796242813801382,0.5661461146807008,1.4854269153007393,4.355541325357374,8.39612016854892,1.193030672576145,1.193030672576145,0.16042060889178084,1.193030672576145,1.7150537634408602,4.355541325357374,8.39612016854892,161.0211880952863,161.0211880952863,0.3050847457627119,1.0,0.652542372881356
Dipole fitting (grid),5,5,case_weighted,186,4,0.5905483197890938,0.5679440572293013,1.4643423085809477,4.640590897262978,9.105832877037098,0.6976744217860786,0.6976744217860786,0.18311849722622114,0.6976744217860786,1.8010752688172043,4.640590897262978,9.105832877037098,149.00155414709835,149.00155414709835,0.3644067796610169,0.9852941176470589,0.6748504486540379
Dipole fitting (grid),5,10,case_weighted,186,4,0.5885504435995942,0.5682917519767233,1.4570819918872617,4.5629935572686975,8.596771120016436,0.9523809413370223,0.9523809413370223,0.16644432023243144,0.9523809413370223,1.8333333333333333,4.5629935572686975,8.596771120016436,151.06959746282405,151.06959746282405,0.3559322033898305,1.0,0.6779661016949152
Dipole fitting (grid),5,15,case_weighted,186,4,0.5896903728885963,0.5682223434355764,1.45606076835046,5.223651883652452,9.752735106712525,0.48780487677809853,0.48780487677809853,0.1679125183321864,0.48780487677809853,1.8548387096774193,5.223651883652452,9.752735106712525,152.88340349899372,152.88340349899372,0.3474576271186441,1.0,0.673728813559322
Dipole fitting (grid),5,20,case_weighted,186,4,0.5829020974052855,0.5650825758968955,1.5053701994510535,6.029083080726568,9.799739276191469,1.4634145462468615,1.4634145462468615,0.16391307316024056,1.4634145462468615,1.7580645161290323,6.029083080726568,9.799739276191469,153.22238651974135,153.22238651974135,0.3474576271186441,1.0,0.673728813559322
Dipole fitting (grid),10,-10,case_weighted,186,4,0.5890576179939497,0.5633587326116988,1.5262619637032615,6.254100325584937,9.594405554079836,1.2021875825471817,1.2021875825471817,0.17755579412407677,1.2021875825471817,1.7150537634408602,6.254100325584937,9.594405554079836,141.292964052334,141.292964052334,0.3813559322033898,1.0,0.6906779661016949
Dipole fitting (grid),10,-5,case_weighted,186,4,0.5947224725711342,0.56538101875581,1.5098708137715586,5.140953609767419,8.436359942657095,1.1656854232322822,1.1656854232322822,0.1947522042891199,1.1656854232322822,1.8279569892473118,5.140953609767419,8.436359942657095,135.35816845244472,135.35816845244472,0.4067796610169492,0.9852941176470589,0.696036889332004
Dipole fitting (grid),10,0,case_weighted,186,4,0.5918570481070874,0.5668386039639345,1.4812848784870667,4.334251572988364,9.010274864177957,0.9391943516099619,0.9391943516099619,0.18380896574684977,0.9391943516099619,1.8064516129032258,4.334251572988364,9.010274864177957,141.188212511198,141.188212511198,0.3898305084745763,1.0,0.6949152542372882
Dipole fitting (grid),10,5,case_weighted,186,4,0.597968310637993,0.5694419300951313,1.4373886801220808,3.6246816022026405,8.224892752729128,1.9376098110964186,1.9376098110964186,0.19407746576308438,1.9376098110964186,1.89247311827957,3.6246816022026405,8.224892752729128,125.85086937759134,125.85086937759134,0.4322033898305085,0.9852941176470589,0.7087487537387837
Dipole fitting (grid),10,10,case_weighted,186,4,0.5934351333829851,0.568794759089469,1.4401952706219194,4.134572282543533,8.221187965369376,0.9596116674065247,0.9596116674065247,0.1794789390335367,0.9596116674065247,1.8440860215053763,4.134572282543533,8.221187965369376,143.17151008773448,143.17151008773448,0.3813559322033898,0.9852941176470589,0.6833250249252243
Dipole fitting (grid),10,15,case_weighted,186,4,0.5890728330004787,0.5697740096575953,1.446203685791839,4.130826818978756,8.261635133691067,0.2631578789303566,0.2631578789303566,0.15253841214595198,0.2631578789303566,1.8333333333333333,4.130826818978756,8.261635133691067,158.74855040594528,158.74855040594528,0.3220338983050847,1.0,0.6610169491525424
Dipole fitting (grid),10,20,case_weighted,186,4,0.5811980999804425,0.567364984434306,1.4798777757483121,4.911700875427188,8.18042426837747,1.3513513439203857,1.3513513439203857,0.15510740466790443,1.3513513439203857,1.8064516129032258,4.911700875427188,8.18042426837747,161.07083101765696,161.07083101765696,0.3135593220338983,0.9852941176470589,0.6494267198404786
Dipole fitting (grid),15,-10,case_weighted,186,4,0.5929502029133273,0.5631516445471871,1.531648317560122,6.60791445688386,10.218567204068693,1.6933380564141458,1.6933380564141458,0.18475693557691308,1.6933380564141458,1.6774193548387097,6.60791445688386,10.218567204068693,129.67490836989813,129.67490836989813,0.4152542372881356,1.0,0.7076271186440678
Dipole fitting (grid),15,-5,case_weighted,186,4,0.5946072304678265,0.5648985032698219,1.5065863965128705,5.2950797626737565,9.533838475538765,2.709444241765891,2.709444241765891,0.19771610779357718,2.709444241765891,1.7043010752688172,5.2950797626737565,9.533838475538765,120.32961421524632,120.32961421524632,0.4491525423728814,1.0,0.7245762711864407
Dipole fitting (grid),15,0,case_weighted,186,4,0.5944471483456639,0.566224746578653,1.4901558366881031,5.1123474218774,8.619382704749333,1.2485281257028107,1.2485281257028107,0.18303445946298944,1.2485281257028107,1.7795698924731183,5.1123474218774,8.619382704749333,135.3932712924746,135.3932712924746,0.3983050847457627,1.0,0.6991525423728814
Dipole fitting (grid),15,5,case_weighted,186,4,0.5954019601945575,0.5675606936357905,1.4679522278770785,4.818085088489924,8.419442190538506,1.0828427014843343,1.0828427014843343,0.18597215075388107,1.0828427014843343,1.89247311827957,4.818085088489924,8.419442190538506,135.32306560424644,135.32306560424644,0.4152542372881356,0.9852941176470589,0.7002741774675972
Dipole fitting (grid),15,10,case_weighted,186,4,0.5982911228205261,0.569324976505304,1.445255954919712,3.7602546161886075,7.741605774187685,0.8000000065140143,0.8000000065140143,0.1829439886497592,0.8000000065140143,1.8387096774193548,3.7602546161886075,7.741605774187685,135.20321700468276,135.20321700468276,0.423728813559322,0.9852941176470589,0.7045114656031904
Dipole fitting (grid),15,15,case_weighted,186,4,0.598730952731922,0.5690564559901496,1.431643964504314,4.293497260068167,8.121072068226717,0.765685417081258,0.765685417081258,0.18883804956678402,0.765685417081258,1.881720430107527,4.293497260068167,8.121072068226717,135.18867692441464,135.18867692441464,0.4067796610169492,1.0,0.7033898305084746
Dipole fitting (grid),15,20,case_weighted,186,4,0.5839687215039556,0.5678804988094207,1.46793235456713,4.413329201778184,9.056104128328736,0.9227604185395625,0.9227604185395625,0.14744837817895676,0.9227604185395625,1.8333333333333333,4.413329201778184,9.056104128328736,160.93644233766466,160.93644233766466,0.3050847457627119,1.0,0.652542372881356
Dipole fitting (grid),20,-10,case_weighted,186,4,0.5868905967057707,0.562229769207703,1.55140338478238,6.501540945145994,10.307165283119142,3.1583803790365015,3.1583803790365015,0.1773794132227023,3.1583803790365015,1.6559139784946237,6.501540945145994,10.307165283119142,136.2025307218533,136.2025307218533,0.3728813559322034,1.0,0.6864406779661016
Dipole fitting (grid),20,-5,case_weighted,186,4,0.5914190817997852,0.5633234641470312,1.526352282500796,6.4061159322177845,9.834896630774207,2.472895119856161,2.4728951198561613,0.1815816166439004,2.4728951198561613,1.7204301075268817,6.4061159322177845,9.834896630774207,130.02504840686788,130.02504840686788,0.4152542372881356,1.0,0.7076271186440678
Dipole fitting (grid),20,0,case_weighted,186,4,0.5955581879398512,0.5643692105236727,1.5196325515969231,5.300449510091602,9.768603068872773,2.082599201468154,2.082599201468154,0.18094975860871185,2.082599201468154,1.7634408602150538,5.300449510091602,9.768603068872773,127.88409759051723,127.88409759051723,0.4152542372881356,0.9852941176470589,0.7002741774675972
Dipole fitting (grid),20,5,case_weighted,186,4,0.5939875368140786,0.564935203803285,1.5070274280946478,5.414125252905285,10.080494102947867,1.2485281148033485,1.2485281148033485,0.18043823877722634,1.2485281148033485,1.9086021505376345,5.414125252905285,10.080494102947867,135.3932712878562,135.3932712878562,0.3983050847457627,0.9852941176470589,0.6917996011964108
Dipole fitting (grid),20,10,case_weighted,186,4,0.6090338031414957,0.5687156772006436,1.4504782104532428,4.222251192651465,8.448588763527818,1.0233837343276169,1.0233837343276169,0.19900891048702513,1.0233837343276169,1.913978494623656,4.222251192651465,8.448588763527818,113.57699816611692,113.57699816611692,0.4915254237288136,1.0,0.7457627118644068
Dipole fitting (grid),20,15,case_weighted,186,4,0.5968817532514783,0.5691637913096903,1.453631791162179,4.510408202194763,8.290803334119383,1.257688940831654,1.257688940831654,0.17924889512244854,1.257688940831654,1.89247311827957,4.510408202194763,8.290803334119383,133.42451381655084,133.42451381655084,0.423728813559322,1.0,0.711864406779661
Dipole fitting (grid),20,20,case_weighted,186,4,0.5977310361055581,0.5706917697270767,1.4269989418959799,3.920311507077178,7.896350335386588,1.338873070757677,1.3388730707576768,0.18506651290724338,1.3388730707576768,1.881720430107527,3.920311507077178,7.896350335386588,137.40350422500225,137.40350422500225,0.3898305084745763,0.9852941176470589,0.6875623130608176
LCMV,-10,-10,case_weighted,186,4,0.733082358876732,0.6772851736612628,1.9638653581391239,57.16517130109866,59.22542663900902,22.721551287530488,17.116183655062205,0.026881720430107527,0.0,1743.3817204301076,57.16517130109866,59.22542663900902,22.721551287530488,17.116183655062205,0.0423728813559322,1.0,0.521186440677966
LCMV,-10,-5,case_weighted,186,4,0.7387925431160447,0.6911095595015394,1.9607363260850468,55.43013356176476,56.138822829608614,21.96118520207969,14.344412910544484,0.07526881720430108,0.0,1353.467741935484,55.43013356176476,56.138822829608614,21.96118520207969,14.344412910544484,0.11864406779661017,1.0,0.559322033898305
LCMV,-10,0,case_weighted,186,4,0.7430972137174652,0.7008289818907444,1.9564746795687806,53.989600268821405,51.11383914099697,20.710403957965383,12.974948549897853,0.1126891733357695,0.0,961.3602150537635,53.989600268821405,51.11383914099697,20.710403957965383,12.974948549897853,0.17796610169491525,1.0,0.5889830508474576
LCMV,-10,5,case_weighted,186,4,0.7470773206204895,0.7073776631809152,1.9463822235879176,53.0096760403822,49.9772476628093,19.085169445324762,9.800549344700203,0.21521203601394712,1.5271936971917308,680.8225806451613,53.0096760403822,49.9772476628093,19.085169445324762,9.800549344700203,0.3389830508474576,1.0,0.6694915254237288
LCMV,-10,10,case_weighted,186,4,0.756071075937947,0.7114011454438133,1.9245632497569658,52.586888448038884,49.235687188662254,17.0524921969194,7.262268774138669,0.5225990755558587,3.676468183438275,515.4516129032259,52.586888448038884,49.235687188662254,17.0524921969194,7.262268774138669,0.7966101694915254,0.8235294117647058,0.8100697906281156
LCMV,-10,15,case_weighted,186,4,0.7646676207232658,0.7133503571374464,1.8860655734301683,52.37761297720275,49.98271346734901,14.351071174399497,5.681803313943063,0.7203980472343233,4.076874850964535,424.01075268817203,52.37761297720275,49.98271346734901,14.351071174399497,5.681803313943063,0.8813559322033898,0.10294117647058823,0.492148554336989
LCMV,-10,20,case_weighted,186,4,0.7685985936216139,0.7138910624373662,1.8346490193805964,52.23682130951035,47.94677891695054,11.236000392827021,3.752697212652657,0.7510212951068075,3.0541683513394453,366.1236559139785,52.23682130951035,47.94677891695054,11.236000392827021,3.752697212652657,0.940677966101695,0.0,0.4703389830508475
LCMV,-5,-10,case_weighted,186,4,0.749331615110285,0.6892279431821051,1.9608553735904235,57.98860338069826,56.39769417109984,22.715214412744576,16.095315545417087,0.04838709677419355,1.111111044372617,1859.1021505376343,57.98860338069826,56.39769417109984,22.715214412744576,16.095315545417087,0.07627118644067797,1.0,0.538135593220339
LCMV,-5,-5,case_weighted,186,4,0.7526719579868114,0.6951259762639707,1.9579391236810209,56.34442261041145,53.17244345601946,21.94798456225562,15.243312489916908,0.08602150537634409,0.0,1621.4193548387098,56.34442261041145,53.17244345601946,21.94798456225562,15.243312489916908,0.13559322033898305,1.0,0.5677966101694916
LCMV,-5,0,case_weighted,186,4,0.7542671431995204,0.7023248091340556,1.9545616675684476,54.7472746973902,49.36565900959292,20.715141093772065,12.023807083178424,0.11773341102354964,0.4545454631317878,1276.247311827957,54.7472746973902,49.36565900959292,20.715141093772065,12.023807083178424,0.1864406779661017,1.0,0.5932203389830508
LCMV,-5,5,case_weighted,186,4,0.7549785506074609,0.706999242697041,1.9447058196931817,53.47474476698033,49.286334878151735,19.111483613889902,10.287042914174027,0.23691651467668223,0.9500995387414233,904.2849462365591,53.47474476698033,49.286334878151735,19.111483613889902,10.287042914174027,0.3813559322033898,1.0,0.6906779661016949
LCMV,-5,10,case_weighted,186,4,0.7604197973864466,0.7105318805708496,1.924118185183403,52.78800222549959,48.88320474616767,16.97554810470863,7.3035222904957235,0.5517919129465476,4.24982849133417,643.3602150537635,52.78800222549959,48.88320474616767,16.97554810470863,7.3035222904957235,0.8050847457627118,0.7794117647058824,0.7922482552342971
LCMV,-5,15,case_weighted,186,4,0.7651241434206949,0.7121853673993173,1.8861618757991923,52.37964177081952,49.18590363141879,14.350848442655748,5.600047064407828,0.7402290897273883,3.7727029927689664,482.3440860215054,52.37964177081952,49.18590363141879,14.350848442655748,5.600047064407828,0.8983050847457628,0.11764705882352941,0.5079760717846461
LCMV,-5,20,case_weighted,186,4,0.7689112694744307,0.7139026064384354,1.8345942194832778,52.25046770509058,49.02482682105471,11.160462818227078,3.361595093290737,0.7668761876358753,3.0692654531188905,395.2795698924731,52.25046770509058,49.02482682105471,11.160462818227078,3.361595093290737,0.940677966101695,0.0,0.4703389830508475
LCMV,0,-10,case_weighted,186,4,0.7618595596392862,0.6998170027516073,1.9581397854120781,57.815653138547475,53.20610220069335,22.388173248546213,14.548603828193539,0.10215053763440861,0.0,1746.1129032258063,57.815653138547475,53.20610220069335,22.388173248546213,14.548603828193539,0.16101694915254236,1.0,0.5805084745762712
LCMV,0,-5,case_weighted,186,4,0.7645953154435208,0.6998039741922866,1.9558193194475335,56.740627774201705,50.37755265015813,21.653596962153205,12.419918133666881,0.10374694911930119,0.0,1624.8924731182797,56.740627774201705,50.37755265015813,21.653596962153205,12.419918133666881,0.1694915254237288,1.0,0.5847457627118644
LCMV,0,0,case_weighted,186,4,0.7649700125476374,0.7018599871758429,1.9509459785835432,55.409035063270046,49.279063343596455,20.41881043775647,10.85887526193945,0.1588770144270624,0.8813066766071428,1450.510752688172,55.409035063270046,49.279063343596455,20.41881043775647,10.85887526193945,0.2542372881355932,1.0,0.6271186440677966
LCMV,0,5,case_weighted,186,4,0.765432243932404,0.7070051030389147,1.941356907537072,54.01094295114391,48.44054144136901,18.961046823018673,8.843022965552171,0.31194982887508577,0.4023689347768376,1162.6559139784947,54.01094295114391,48.44054144136901,18.961046823018673,8.843022965552171,0.4915254237288136,1.0,0.7457627118644068
LCMV,0,10,case_weighted,186,4,0.7682476247532696,0.7117849082458035,1.9197507351492884,53.07395483487928,49.78958182551866,16.860898908988474,6.0741833240320675,0.5707263448950496,2.1717255732902374,840.0537634408602,53.07395483487928,49.78958182551866,16.860898908988474,6.0741833240320675,0.8389830508474576,0.7647058823529411,0.8018444666001994
LCMV,0,15,case_weighted,186,4,0.7682938577092028,0.7119566440676652,1.882809140408565,52.618120586885276,48.826029012663575,14.302523057911456,4.5138213183469045,0.7684244873456314,2.862526290732251,609.3870967741935,52.618120586885276,48.826029012663575,14.302523057911456,4.5138213183469045,0.9067796610169492,0.1323529411764706,0.5195663010967099
LCMV,0,20,case_weighted,186,4,0.7707874997727873,0.7140581870464242,1.8330265796757583,52.24116242797204,48.861002025604094,11.033752287697833,3.1043682848871677,0.7909759924692262,2.4987526757424607,452.5860215053763,52.24116242797204,48.861002025604094,11.033752287697833,3.1043682848871677,0.9491525423728814,0.0,0.4745762711864407
LCMV,5,-10,case_weighted,186,4,0.7684860750814725,0.7051001042625115,1.9550100198416982,56.89119087637511,50.74259665797042,21.461281979169247,10.553917086618153,0.25059887063943187,0.7264284058511458,1507.1881720430108,56.89119087637511,50.74259665797042,21.461281979169247,10.553917086618153,0.3898305084745763,1.0,0.6949152542372882
LCMV,5,-5,case_weighted,186,4,0.7722792588588806,0.7038104171329702,1.951506824552447,56.1291678091427,49.20496206244562,20.550290914970777,9.65284021450566,0.26873178540407716,1.2005078595885943,1486.0752688172042,56.1291678091427,49.20496206244562,20.550290914970777,9.65284021450566,0.4152542372881356,1.0,0.7076271186440678
LCMV,5,0,case_weighted,186,4,0.7728498323407547,0.7035976703422769,1.9460178872789617,55.18712207071666,48.26803242062706,19.54341527116453,8.44440359430639,0.3191894712993541,1.8925590536727943,1382.720430107527,55.18712207071666,48.26803242062706,19.54341527116453,8.44440359430639,0.4830508474576271,1.0,0.7415254237288136
LCMV,5,5,case_weighted,186,4,0.7742546531727895,0.7059149956678294,1.9353496076065704,54.21507920105626,47.71771014899098,18.27013847505343,6.7039987883654435,0.45109064271044236,1.030818253648397,1252.768817204301,54.21507920105626,47.71771014899098,18.27013847505343,6.7039987883654435,0.7203389830508474,1.0,0.8601694915254237
LCMV,5,10,case_weighted,186,4,0.7740505265441077,0.7095471970159369,1.9140932581312575,53.39431249907972,47.97932704981829,16.442512844761747,4.542839685217654,0.5969303740537858,1.2923763756056232,1040.52688172043,53.39431249907972,47.97932704981829,16.442512844761747,4.542839685217654,0.8813559322033898,0.6911764705882353,0.7862662013958126
LCMV,5,15,case_weighted,186,4,0.7740621238953234,0.7133591595999025,1.877411272186399,52.66234709195311,49.93880369760012,13.919356942794858,3.52325049865909,0.7936536245866312,1.8383161530323473,767.7311827956989,52.66234709195311,49.93880369760012,13.919356942794858,3.52325049865909,0.9661016949152542,0.16176470588235295,0.5639332003988036
LCMV,5,20,case_weighted,186,4,0.7733371456556796,0.7135079836486004,1.8290751939040197,52.39286433159269,47.931842808252256,10.808388434496164,2.4113051062720845,0.8235729111583245,1.9551752440949646,554.3440860215054,52.39286433159269,47.931842808252256,10.808388434496164,2.4113051062720845,0.9576271186440678,0.0,0.4788135593220339
LCMV,10,-10,case_weighted,186,4,0.7754791808813974,0.7087738443218609,1.9465484337746137,55.398650533190526,49.80270705063249,19.444678374548328,6.2788993716853225,0.4735843943821183,1.29971621380115,1197.0537634408602,55.398650533190526,49.80270705063249,19.444678374548328,6.2788993716853225,0.7372881355932204,0.9558823529411765,0.8465852442671984
LCMV,10,-5,case_weighted,186,4,0.7778209475673435,0.7083461683087868,1.943018260938151,55.06428927987062,49.125673733214235,18.89954166493932,5.762526587382668,0.4913288663753704,0.9627750882891576,1247.9301075268818,55.06428927987062,49.125673733214235,18.89954166493932,5.762526587382668,0.7796610169491526,0.9705882352941176,0.8751246261216351
LCMV,10,0,case_weighted,186,4,0.7800966297693784,0.7074383375930109,1.9361868857765914,54.69864935971008,46.263734275498834,18.247320346801356,4.920565378488525,0.5086567516330398,0.9384860017785619,1226.6881720430108,54.69864935971008,46.263734275498834,18.247320346801356,4.920565378488525,0.8220338983050848,1.0,0.9110169491525424
LCMV,10,5,case_weighted,186,4,0.7793843810822402,0.7055975118776123,1.9238225639036575,53.90883762172677,46.81294262253247,16.976043477368318,4.046460068299397,0.543778761681874,0.8200123059062722,1178.9247311827958,53.90883762172677,46.81294262253247,16.976043477368318,4.046460068299397,0.864406779661017,0.9558823529411765,0.9101445663010967
LCMV,10,10,case_weighted,186,4,0.7777918766404559,0.7060008193867902,1.9027097528878474,53.31306570829194,47.39388972251132,15.28806515938707,3.3167684384150826,0.6590000783058546,0.7882169593971459,1090.274193548387,53.31306570829194,47.39388972251132,15.28806515938707,3.3167684384150826,0.9491525423728814,0.6764705882352942,0.8128115653040877
LCMV,10,15,case_weighted,186,4,0.7764562499002632,0.7096174070184198,1.867410542415724,52.73611477351113,48.415031441281805,12.989459772866242,2.149457327844669,0.8209169853359616,1.373793182672957,922.763440860215,52.73611477351113,48.415031441281805,12.989459772866242,2.149457327844669,0.9576271186440678,0.07352941176470588,0.5155782652043869
LCMV,10,20,case_weighted,186,4,0.7758530861687735,0.7124489042161462,1.8192175521989784,52.32612119134985,49.80534290354672,10.312969043623772,1.5378190266057319,0.8525398854656435,1.3713170020234609,691.2311827956989,52.32612119134985,49.80534290354672,10.312969043623772,1.5378190266057319,0.9830508474576272,0.0,0.4915254237288136
LCMV,15,-10,case_weighted,186,4,0.7797531187400552,0.7122991970146443,1.9271956620253026,54.21596066403522,49.05721659665212,16.262661721335668,2.509684042276982,0.6208419889619776,0.6600736345302087,1004.5591397849462,54.21596066403522,49.05721659665212,16.262661721335668,2.509684042276982,0.9661016949152542,0.7794117647058824,0.8727567298105683
LCMV,15,-5,case_weighted,186,4,0.7800762589543856,0.711566928742127,1.9230825045960445,53.913805921573655,48.092241653401835,15.877264831226944,2.9191604990480204,0.6242545551148703,0.6038030080855623,1041.725806451613,53.913805921573655,48.092241653401835,15.877264831226944,2.9191604990480204,0.9661016949152542,0.7941176470588235,0.8801096709870389
LCMV,15,0,case_weighted,186,4,0.7807397212656598,0.7100125333966782,1.917052365258959,53.95310077646062,46.63594709430541,15.433824633004805,2.077787736172591,0.6286346828775838,0.5024506316364508,1065.784946236559,53.95310077646062,46.63594709430541,15.433824633004805,2.077787736172591,0.9661016949152542,0.7647058823529411,0.8654037886340977
LCMV,15,5,case_weighted,186,4,0.7807731967334524,0.7063341624776506,1.904464679845299,53.50500586698564,46.14811163479892,14.562363401635885,1.4170635035638273,0.6457730621893777,0.41268609163486997,1069.9408602150538,53.50500586698564,46.14811163479892,14.562363401635885,1.4170635035638273,0.9745762711864406,0.7205882352941176,0.8475822532402791
LCMV,15,10,case_weighted,186,4,0.7805603324074407,0.7057728171849516,1.8832600315026304,53.005321120700316,45.878916684315776,13.085408160671099,1.014804377706128,0.7162573383534675,0.3244429840536808,1037.6720430107528,53.005321120700316,45.878916684315776,13.085408160671099,1.014804377706128,0.9830508474576272,0.45588235294117646,0.7194666001994018
LCMV,15,15,case_weighted,186,4,0.7797430923310522,0.7073928179695644,1.8485034319065643,52.56600559681347,46.73929145769174,11.068622110063714,1.172745315314371,0.7897495381964752,0.41217824779111234,956.0752688172043,52.56600559681347,46.73929145769174,11.068622110063714,1.172745315314371,0.9830508474576272,0.10294117647058823,0.5429960119641077
LCMV,15,20,case_weighted,186,4,0.7784547248185991,0.7097178072790457,1.804785045205196,52.158776067493946,48.758999833378176,9.128524897678686,0.8247500803358051,0.8559599779858548,0.48576702977604613,808.3064516129032,52.158776067493946,48.758999833378176,9.128524897678686,0.8247500803358051,0.9915254237288136,0.0,0.4957627118644068
LCMV,20,-10,case_weighted,186,4,0.7804703470488424,0.7125204296799678,1.8873851982692549,53.26718490468324,47.03007918657478,11.859701901256472,0.6407184887131797,0.6944799474000238,0.3740859083365021,856.8817204301075,53.26718490468324,47.03007918657478,11.859701901256472,0.6407184887131797,0.9915254237288136,0.45588235294117646,0.723703888334995
LCMV,20,-5,case_weighted,186,4,0.7805418683219715,0.7120148084006733,1.8849977807366576,53.3102346637291,48.547809102370614,11.698215961219425,0.2893401456204917,0.708022184734794,0.20459437825991125,870.5430107526881,53.3102346637291,48.547809102370614,11.698215961219425,0.2893401456204917,0.9915254237288136,0.39705882352941174,0.6942921236291126
LCMV,20,0,case_weighted,186,4,0.7816889149458194,0.7121423145619377,1.880502585750519,53.07240709505101,46.99269384490716,11.490452915996368,0.40918875187525244,0.6985142290124636,0.32444298451467196,911.9408602150538,53.07240709505101,46.99269384490716,11.490452915996368,0.40918875187525244,0.9830508474576272,0.47058823529411764,0.7268195413758725
LCMV,20,5,case_weighted,186,4,0.783277631471714,0.711497575615607,1.868186210430017,52.93556376612059,46.80125186849083,10.87522756729008,0.493934519235833,0.7185636985020909,0.20459437361534122,920.3387096774194,52.93556376612059,46.80125186849083,10.87522756729008,0.493934519235833,0.9915254237288136,0.38235294117647056,0.6869391824526421
LCMV,20,10,case_weighted,186,4,0.7827094402440422,0.7082461059184818,1.8497097864497518,52.79037634790533,46.54602969902797,9.865326206278313,0.28934014097592164,0.7350824088341792,0.08474576736058048,917.8870967741935,52.79037634790533,46.54602969902797,9.865326206278313,0.28934014097592164,1.0,0.2647058823529412,0.6323529411764706
LCMV,20,15,case_weighted,186,4,0.7831203210931852,0.7076909730160414,1.8183667997115032,52.49379479649718,45.781703796963335,8.553956926427254,0.20459437361534122,0.7947081803484166,0.20459437361534122,902.6451612903226,52.49379479649718,45.781703796963335,8.553956926427254,0.20459437361534122,0.9915254237288136,0.04411764705882353,0.5178215353938186
LCMV,20,20,case_weighted,186,4,0.780526245467712,0.7076129874530102,1.7788098387800113,52.08778084808002,46.689823453064655,6.880711422485834,0.3513783430926881,0.8388630671061139,0.08474576736058048,822.0430107526881,52.08778084808002,46.689823453064655,6.880711422485834,0.3513783430926881,1.0,0.0,0.5
MNE,-10,-10,case_weighted,186,4,0.5886557265841893,0.7122511287502422,1.9510932848147384,73.57648664434474,73.056649362802,24.144775564120447,23.57225643400842,0.24876576449651575,22.926088020147233,745.3387096774194,73.57648664434474,73.056649362802,24.144775564120447,23.57225643400842,0.1694915254237288,0.014705882352941176,0.09209870388833499
MNE,-10,-5,case_weighted,186,4,0.6436010445137026,0.7731091809309837,1.9365686176259382,71.4807571863282,75.63964004998493,23.954946281052607,22.645611291042727,0.2211642599798589,20.815999965256868,262.0537634408602,71.4807571863282,75.63964004998493,23.954946281052607,22.645611291042727,0.23728813559322035,0.0,0.11864406779661017
MNE,-10,0,case_weighted,186,4,0.7048953330025167,0.8329007293867646,1.9166387200214487,68.01757315466234,72.24687211779285,23.619698480793605,21.216127139249426,0.20077485708182224,19.775524978853188,177.2258064516129,68.01757315466234,72.24687211779285,23.619698480793605,21.216127139249426,0.288135593220339,0.0,0.1440677966101695
MNE,-10,5,case_weighted,186,4,0.7707730990733784,0.8868118559491163,1.8867164557932965,58.60454745605763,55.22283276621978,22.948258749154846,19.178566177326818,0.22566581931303784,18.26056686712945,191.2688172043011,58.60454745605763,55.22283276621978,22.948258749154846,19.178566177326818,0.3389830508474576,0.04411764705882353,0.19155034895314058
MNE,-10,10,case_weighted,186,4,0.8131769550568686,0.9180323858489531,1.8473183114966139,40.37872367036963,37.7107170196708,21.988239074123182,18.982984890608154,0.27364796560584914,19.04313655416386,270.2204301075269,40.37872367036963,37.7107170196708,21.988239074123182,18.982984890608154,0.3135593220338983,0.11764705882352941,0.21560319042871384
MNE,-10,15,case_weighted,186,4,0.8357922149945776,0.9306274954047868,1.8126588732995785,25.210586976838705,19.392484812737333,21.461097654259802,18.986973182309168,0.29362940188599834,18.932301259451346,353.52150537634407,25.210586976838705,19.392484812737333,21.461097654259802,18.986973182309168,0.3050847457627119,0.1323529411764706,0.21871884346959125
MNE,-10,20,case_weighted,186,4,0.8418621474236585,0.9318618856428841,1.7959699986201267,21.598998399406405,17.613837712579375,21.180889335365894,19.592719056436767,0.2977300162784807,19.592719056436767,340.4247311827957,21.598998399406405,17.613837712579375,21.180889335365894,19.592719056436767,0.2796610169491525,0.10294117647058823,0.1913010967098704
MNE,-5,-10,case_weighted,186,4,0.625434448168389,0.7563982700232632,1.934053671810304,71.45070764123058,66.9260309378683,23.99292323818756,22.477419135655992,0.24967181177283523,22.447938672503188,1411.1935483870968,71.45070764123058,66.9260309378683,23.99292323818756,22.477419135655992,0.19491525423728814,0.029411764705882353,0.11216350947158525
MNE,-5,-5,case_weighted,186,4,0.6812552271572533,0.8147623560141137,1.9160776928174932,67.51669973902253,62.652795861560236,23.66803412398778,22.008189156953684,0.2511420413721985,19.594474775451314,698.0322580645161,67.51669973902253,62.652795861560236,23.66803412398778,22.008189156953684,0.2627118644067797,0.029411764705882353,0.14606181455633102
MNE,-5,0,case_weighted,186,4,0.7378233269518079,0.8627856012247966,1.893730161558858,61.162195364779976,56.30076649403272,23.299832942882137,21.088560429685824,0.23181080327411,18.3315696068344,294.86021505376345,61.162195364779976,56.30076649403272,23.299832942882137,21.088560429685824,0.3474576271186441,0.029411764705882353,0.18843469591226322
MNE,-5,5,case_weighted,186,4,0.7843159300600645,0.8996141380302479,1.866479941911567,53.188565098190864,49.56169552305559,22.796180794283465,18.881113332220185,0.22458310195324263,18.702712713282228,211.60752688172042,53.188565098190864,49.56169552305559,22.796180794283465,18.881113332220185,0.3474576271186441,0.10294117647058823,0.22519940179461617
MNE,-5,10,case_weighted,186,4,0.8179073669926415,0.9208161117514583,1.834746716371043,39.85575797210755,32.14049764474132,21.945026994468144,17.935507962777017,0.2557907942900387,17.54643081113531,239.747311827957,39.85575797210755,32.14049764474132,21.945026994468144,17.935507962777017,0.3389830508474576,0.20588235294117646,0.272432701894317
MNE,-5,15,case_weighted,186,4,0.8390022911479882,0.931364840828301,1.8064642254985686,26.380655146443353,20.841882346211122,21.221297153542054,18.076257925688246,0.2836298175737673,18.375559703938432,305.741935483871,26.380655146443353,20.841882346211122,21.221297153542054,18.076257925688246,0.288135593220339,0.19117647058823528,0.23965603190428714
MNE,-5,20,case_weighted,186,4,0.8473904635401157,0.9339728725862724,1.7907430349269011,20.991079630491257,17.750176251217706,21.066260571105957,18.926036158310836,0.2910217106880477,19.109280029865598,317.18279569892474,20.991079630491257,17.750176251217706,21.066260571105957,18.926036158310836,0.3220338983050847,0.11764705882352941,0.21984047856430705
MNE,0,-10,case_weighted,186,4,0.6592667016680549,0.7864237195251363,1.9127927614666638,68.58441633152404,60.63459432310314,23.67779479813801,21.71415010165623,0.21427554052560646,20.97406685801156,1465.720430107527,68.58441633152404,60.63459432310314,23.67779479813801,21.71415010165623,0.22033898305084745,0.1323529411764706,0.17634596211365902
MNE,0,-5,case_weighted,186,4,0.7198334045615664,0.8494225603705079,1.8899991451666251,61.79059092611969,41.36287204608896,23.22818657300337,21.173503401944735,0.25604959111795306,19.531185378957847,1160.4086021505377,61.79059092611969,41.36287204608896,23.22818657300337,21.173503401944735,0.2796610169491525,0.1323529411764706,0.20600697906281157
MNE,0,0,case_weighted,186,4,0.7719681154811082,0.8914939805861654,1.8644216628920538,50.03596370863835,39.282219282514845,22.820335142142085,19.957521369148814,0.26610688354947354,18.20032919492845,501.8817204301075,50.03596370863835,39.282219282514845,22.820335142142085,19.957521369148814,0.3305084745762712,0.08823529411764706,0.20937188434695914
MNE,0,5,case_weighted,186,4,0.8071471856678427,0.9152819123169318,1.8366208530677834,41.19230112780458,35.43124160852019,22.22649960168541,18.076112856670104,0.2467841678995084,17.54589379400165,264.1236559139785,41.19230112780458,35.43124160852019,22.22649960168541,18.076112856670104,0.3220338983050847,0.14705882352941177,0.23454636091724823
MNE,0,10,case_weighted,186,4,0.8305939529751758,0.9278944998714551,1.8100836638187423,32.91935369093589,27.32720934449257,21.57026094862027,17.223093912339465,0.25638526294983266,17.199692765199,230.16666666666666,32.91935369093589,27.32720934449257,21.57026094862027,17.223093912339465,0.3305084745762712,0.2647058823529412,0.29760717846460616
MNE,0,15,case_weighted,186,4,0.8448040351152507,0.9345680324657276,1.7901860280785367,25.13683894440344,20.260775259071213,21.18626481697097,18.146575079783897,0.2718774374843375,17.561495822707464,263.9731182795699,25.13683894440344,20.260775259071213,21.18626481697097,18.146575079783897,0.3050847457627119,0.3235294117647059,0.3143070787637089
MNE,0,20,case_weighted,186,4,0.8534218768473142,0.9373223243543747,1.7816669219619994,20.74378224926284,17.945192280404132,20.76876088484442,19.48886358364902,0.28210667673723716,19.4605711586582,283.1989247311828,20.74378224926284,17.945192280404132,20.76876088484442,19.48886358364902,0.2966101694915254,0.22058823529411764,0.2585992023928215
MNE,5,-10,case_weighted,186,4,0.6869389489861947,0.8161236738606269,1.8836638244724555,60.74402636340995,43.83200427761424,23.09065886642219,19.58493771185282,0.18975916704170642,18.425127069238442,1040.8655913978494,60.74402636340995,43.83200427761424,23.09065886642219,19.58493771185282,0.3050847457627119,0.29411764705882354,0.2996011964107677
MNE,5,-5,case_weighted,186,4,0.7466605405432121,0.8707920366172007,1.8587673340440507,52.925364350636855,32.541047366348344,22.78402142112163,20.357383290256763,0.24395094115079466,17.72956672637254,1102.4032258064517,52.925364350636855,32.541047366348344,22.78402142112163,20.357383290256763,0.3135593220338983,0.27941176470588236,0.2964855433698903
MNE,5,0,case_weighted,186,4,0.7927640906063848,0.908006020822186,1.8308684361924734,40.28096376639142,26.26059483640404,22.346450819481245,19.236457649109973,0.2748122471812549,17.367852014948127,739.1559139784946,40.28096376639142,26.26059483640404,22.346450819481245,19.236457649109973,0.3474576271186441,0.25,0.298728813559322
MNE,5,5,case_weighted,186,4,0.8295294480073543,0.925362000939986,1.803258494443497,29.448292669004932,22.06796430565959,21.693898311853047,18.353964367682302,0.282946630193508,18.08745938382737,365.5967741935484,29.448292669004932,22.06796430565959,21.693898311853047,18.353964367682302,0.3050847457627119,0.19117647058823528,0.24813060817547358
MNE,5,10,case_weighted,186,4,0.848070787579355,0.9358466423881429,1.7826301954290087,24.69131506392056,21.759183613793297,21.296008814403937,18.278862928745674,0.27358130730946595,17.86123241421627,267.3494623655914,24.69131506392056,21.759183613793297,21.296008814403937,18.278862928745674,0.3305084745762712,0.25,0.2902542372881356
MNE,5,15,case_weighted,186,4,0.8573073209763727,0.939125261327976,1.768559128000374,21.458318429483676,19.68926503585604,20.72348012545069,17.051733677565693,0.2659721044693201,17.14027012757205,237.6451612903226,21.458318429483676,19.68926503585604,20.72348012545069,17.051733677565693,0.3389830508474576,0.35294117647058826,0.34596211365902296
MNE,5,20,case_weighted,186,4,0.8613358397083732,0.9399032608644083,1.7656212256262054,19.741623330024797,18.489522166202587,20.475467861684365,17.999526133681393,0.2700682852871288,17.914780366320812,253.17741935483872,19.741623330024797,18.489522166202587,20.475467861684365,17.999526133681393,0.3050847457627119,0.3088235294117647,0.30695413758723833
MNE,10,-10,case_weighted,186,4,0.7184481200945436,0.8524427593044916,1.847154324301918,44.91801201187129,30.991416379156984,22.55754745306058,17.68970974601233,0.18338774667864788,16.880026426693068,792.6666666666666,44.91801201187129,30.991416379156984,22.55754745306058,17.68970974601233,0.3050847457627119,0.38235294117647056,0.34371884346959125
MNE,10,-5,case_weighted,186,4,0.761000321980772,0.8846844796261117,1.8271081773786746,40.01099132966043,27.329528730278316,22.367168334202606,17.818097046301308,0.22708690897772882,17.73768254629924,866.3064516129032,40.01099132966043,27.329528730278316,22.367168334202606,17.818097046301308,0.3050847457627119,0.38235294117647056,0.34371884346959125
MNE,10,0,case_weighted,186,4,0.8015733556648573,0.9132067134782138,1.7963991782779989,31.516114391846287,18.16905450697382,21.87855118470089,17.021247201412507,0.25232259566514853,16.264103662331674,676.6344086021505,31.516114391846287,18.16905450697382,21.87855118470089,17.021247201412507,0.3559322033898305,0.4264705882352941,0.3912013958125623
MNE,10,5,case_weighted,186,4,0.8445588790671698,0.9335752051607966,1.769423336161257,22.758775486189226,15.728177906694233,21.3751703580109,17.609435671211127,0.2788813155603224,17.48865906731327,402.3709677419355,22.758775486189226,15.728177906694233,21.3751703580109,17.609435671211127,0.3389830508474576,0.3088235294117647,0.32390329012961117
MNE,10,10,case_weighted,186,4,0.8668680694337545,0.9408372895381691,1.7521713780359935,19.65526199482686,15.845242040096458,20.745312958611912,17.251619960522696,0.29106569516855324,17.12930862790923,303.55913978494624,19.65526199482686,15.845242040096458,20.745312958611912,17.251619960522696,0.3644067796610169,0.23529411764705882,0.29985044865403787
MNE,10,15,case_weighted,186,4,0.8710236622096451,0.942953505794089,1.745357902784535,18.989726325126696,16.991941481699644,20.52007063824,16.68227492871944,0.27586766624276543,16.98783013088549,250.8763440860215,18.989726325126696,16.991941481699644,20.52007063824,16.68227492871944,0.3389830508474576,0.29411764705882354,0.3165503489531406
MNE,10,20,case_weighted,186,4,0.8735819045265572,0.9443724468281682,1.7455524826843842,18.560770424558953,18.485227925107996,20.318852462390975,17.71745258179659,0.2710549078161398,17.802198332727166,233.53763440860214,18.560770424558953,18.485227925107996,20.318852462390975,17.71745258179659,0.288135593220339,0.35294117647058826,0.3205383848454636
MNE,15,-10,case_weighted,186,4,0.7640159440977885,0.8883364302339295,1.8078470338031716,30.871978823273132,24.040115927894373,22.291896994114346,17.253954951531345,0.19204145230260317,17.08237459822024,625.9086021505376,30.871978823273132,24.040115927894373,22.291896994114346,17.253954951531345,0.3050847457627119,0.38235294117647056,0.34371884346959125
MNE,15,-5,case_weighted,186,4,0.7867665730278701,0.9031672081103835,1.7943890255953021,28.512353435158833,22.215950050615593,21.977786230324057,17.06520239641363,0.2152781974056789,17.3202537837136,639.8172043010753,28.512353435158833,22.215950050615593,21.977786230324057,17.06520239641363,0.2796610169491525,0.45588235294117646,0.3677716849451645
MNE,15,0,case_weighted,186,4,0.8137676712253945,0.91751247588067,1.7716358525580143,24.303949635975766,16.040541002591134,21.522699261545903,16.054296411135383,0.23380176841633632,16.402942344353473,576.3279569892474,24.303949635975766,16.040541002591134,21.522699261545903,16.054296411135383,0.3220338983050847,0.4411764705882353,0.38160518444666003
MNE,15,5,case_weighted,186,4,0.8441994801855226,0.9338778321561566,1.7431953906789155,19.18818074401985,13.220696427421142,21.173783829082442,17.009615008717876,0.253671291512225,16.673051501022762,382.994623655914,19.18818074401985,13.220696427421142,21.173783829082442,17.009615008717876,0.3305084745762712,0.4117647058823529,0.37113659022931206
MNE,15,10,case_weighted,186,4,0.8732388127214753,0.9436798895842439,1.7266589701853026,17.48122130158733,12.514940326742076,20.741826467498058,17.2763841335161,0.276407950583709,16.8432365909688,315.68817204301075,17.48122130158733,12.514940326742076,20.741826467498058,17.2763841335161,0.3305084745762712,0.38235294117647056,0.3564307078763709
MNE,15,15,case_weighted,186,4,0.8827862201867107,0.9467031226734922,1.7232738296776264,17.72626548543259,14.453882991465207,20.517569902143215,17.832475882898326,0.28844253379212537,17.783375907557936,280.01075268817203,17.72626548543259,14.453882991465207,20.517569902143215,17.832475882898326,0.3389830508474576,0.27941176470588236,0.30919740777667
MNE,15,20,case_weighted,186,4,0.8849625469393807,0.9469800733413775,1.728025871959683,17.82965644609941,16.499373094307767,20.14812633868929,16.763975411331323,0.2776470475519127,16.61719143936675,238.01075268817203,17.82965644609941,16.499373094307767,20.14812633868929,16.763975411331323,0.3559322033898305,0.25,0.3029661016949152
MNE,20,-10,case_weighted,186,4,0.8113306091156014,0.9136841928006232,1.781187171806975,23.265369890439285,20.584244623529745,22.165985623581992,17.640670104887587,0.2216532724505606,17.608343980807742,580.7258064516129,23.265369890439285,20.584244623529745,22.165985623581992,17.640670104887587,0.2796610169491525,0.39705882352941174,0.33835992023928213
MNE,20,-5,case_weighted,186,4,0.8209127178306264,0.9188067070291858,1.7707172845766985,21.833937946474325,19.09017524374848,21.91627535451853,17.123030721928398,0.21889893688613893,17.123030721928398,546.9193548387096,21.833937946474325,19.09017524374848,21.91627535451853,17.123030721928398,0.2966101694915254,0.4852941176470588,0.3909521435692921
MNE,20,0,case_weighted,186,4,0.8343184453407825,0.9255059691958231,1.7543080916609077,19.929847787710905,16.780982661479896,21.615618406968945,17.035795919715003,0.2223628111111594,17.31778268549933,477.0483870967742,19.929847787710905,16.780982661479896,21.615618406968945,17.035795919715003,0.2711864406779661,0.4264705882352941,0.3488285144566301
MNE,20,5,case_weighted,186,4,0.8528580454328628,0.9344318129642009,1.7325290269218263,17.732972942223856,13.85873899999755,21.155850415578136,16.631994336015932,0.23631710086643168,16.54724857839429,362.258064516129,17.732972942223856,13.85873899999755,21.155850415578136,16.631994336015932,0.3305084745762712,0.4852941176470588,0.40790129611166503
MNE,20,10,case_weighted,186,4,0.8710380671165766,0.9440843469434623,1.7110991286298667,16.565489324746594,12.631803652055405,20.663184212466497,16.752875782399556,0.2537314002641115,16.752875782399556,316.7258064516129,16.565489324746594,12.631803652055405,20.663184212466497,16.752875782399556,0.3050847457627119,0.4117647058823529,0.3584247258225324
MNE,20,15,case_weighted,186,4,0.8850435111924521,0.9481857300150589,1.7050126955346725,16.860433205849265,12.551002117599374,20.54392365787359,17.1434349723399,0.27509604332691173,16.829334855706872,295.8010752688172,16.860433205849265,12.551002117599374,20.54392365787359,17.1434349723399,0.3474576271186441,0.36764705882352944,0.35755234297108673
MNE,20,20,case_weighted,186,4,0.888915907912959,0.9490744256877407,1.7108925920546278,17.484546663016648,13.9850100280394,20.17372864649239,17.22877909848714,0.2887769140398844,17.228779103131714,271.52150537634407,17.484546663016648,13.9850100280394,20.17372864649239,17.22877909848714,0.3474576271186441,0.3235294117647059,0.335493519441675
RAP-MUSIC,-10,-10,case_weighted,186,4,0.5521939045848034,0.5565379511502134,1.6706111016214784,12.855414960959505,11.477068998411772,0.0,0.0,0.07526881720430108,0.0,1.7849462365591398,12.855414960959505,11.477068998411772,206.26294604282072,206.26294604282072,0.11864406779661017,1.0,0.559322033898305
RAP-MUSIC,-10,-5,case_weighted,186,4,0.5588652811425225,0.563967932230651,1.5959382705324936,8.749304781668146,9.24062142489722,0.5882352587855031,0.5882352587855032,0.0913978494623656,0.5882352587855032,1.9408602150537635,8.749304781668146,9.24062142489722,200.39779912613022,200.39779912613022,0.1440677966101695,1.0,0.5720338983050848
RAP-MUSIC,-10,0,case_weighted,186,4,0.575818700047599,0.5698007620345191,1.51183970957856,5.298211526219115,7.62426832562793,0.7142856713823965,0.7142856713823965,0.13656770002207558,0.7142856713823965,2.0376344086021505,5.298211526219115,7.62426832562793,178.66627174460737,178.66627174460737,0.23728813559322035,1.0,0.6186440677966102
RAP-MUSIC,-10,5,case_weighted,186,4,0.5806882522058897,0.5698308614563281,1.492262481700682,5.684159906914442,8.714389399606429,1.2982981120257737,1.2982981120257737,0.16385960756723789,1.2982981120257737,2.1021505376344085,5.684159906914442,8.714389399606429,166.97108077742521,166.97108077742521,0.2796610169491525,0.9852941176470589,0.6324775672981057
RAP-MUSIC,-10,10,case_weighted,186,4,0.597687635651594,0.5704120387750693,1.4261510155692683,5.482946584209989,8.77346608817362,0.8828427003866105,0.8828427003866105,0.22238003727679906,0.8828427003866105,2.1344086021505375,5.482946584209989,8.77346608817362,135.23831984106943,135.23831984106943,0.4152542372881356,1.0,0.7076271186440678
RAP-MUSIC,-10,15,case_weighted,186,4,0.6088463373855442,0.5713725827471567,1.4008215625889104,4.573653643091098,8.577347090268931,0.17543859980525142,0.17543859980525142,0.2380496129320188,0.17543859980525142,2.075268817204301,4.573653643091098,8.577347090268931,121.06589680865949,121.06589680865949,0.4830508474576271,1.0,0.7415254237288136
RAP-MUSIC,-10,20,case_weighted,186,4,0.5991664140875458,0.5694315578841228,1.4270067269167805,5.6400662507483945,8.95509708766943,0.0,0.0,0.20609653746108086,0.0,2.10752688172043,5.6400662507483945,8.95509708766943,138.8308290672832,138.8308290672832,0.4067796610169492,0.9852941176470589,0.696036889332004
RAP-MUSIC,-5,-10,case_weighted,186,4,0.5586084610184157,0.5629256746354505,1.6258065838626408,7.3681873041082095,9.347450028104841,0.0,0.0,0.08602150537634409,0.0,1.6720430107526882,7.3681873041082095,9.347450028104841,202.29635092661263,202.29635092661263,0.13559322033898305,1.0,0.5677966101694916
RAP-MUSIC,-5,-5,case_weighted,186,4,0.5641331307201749,0.5658462858484138,1.5489939400915604,5.622914186049598,8.089252393183568,0.4999999699676777,0.4999999699676777,0.10278871677331133,0.4999999699676777,1.7795698924731183,5.622914186049598,8.089252393183568,194.4479064518181,194.4479064518181,0.1694915254237288,1.0,0.5847457627118644
RAP-MUSIC,-5,0,case_weighted,186,4,0.5697457759461636,0.5700969685861111,1.5038007640889313,4.857029212765978,7.572627329882498,0.8695651651611785,0.8695651651611785,0.12021649477925739,0.8695651651611785,1.9946236559139785,4.857029212765978,7.572627329882498,188.5827595351276,188.5827595351276,0.19491525423728814,1.0,0.597457627118644
RAP-MUSIC,-5,5,case_weighted,186,4,0.5855400152876348,0.5713694682742644,1.4664630724819478,4.7010667621254765,7.496897897292155,1.0347100154902125,1.0347100154902125,0.16826352225828295,1.0347100154902125,2.0806451612903225,4.7010667621254765,7.496897897292155,160.97154517738647,160.97154517738647,0.2966101694915254,1.0,0.6483050847457628
RAP-MUSIC,-5,10,case_weighted,186,4,0.6003499270992124,0.573014841459832,1.4136457230081354,4.349598124245824,7.956928852269421,0.8828426747224486,0.8828426747224486,0.21048653973383272,0.8828426747224486,2.1666666666666665,4.349598124245824,7.956928852269421,135.2383198301948,135.2383198301948,0.4152542372881356,1.0,0.7076271186440678
RAP-MUSIC,-5,15,case_weighted,186,4,0.6007213054861265,0.5705087061013177,1.4180815201317312,4.916771600622716,8.697221669047094,0.5769230574539702,0.5769230574539702,0.2143234301819295,0.5769230574539702,2.0698924731182795,4.916771600622716,8.697221669047094,131.151876114423,131.151876114423,0.4406779661016949,1.0,0.7203389830508474
RAP-MUSIC,-5,20,case_weighted,186,4,0.5998923496220082,0.5687545225287316,1.4362010351573247,5.672214300156114,9.010983787633212,0.27729678493576615,0.27729678493576615,0.2154546933506128,0.27729678493576615,2.0268817204301075,5.672214300156114,9.010983787633212,133.0007850034094,133.0007850034094,0.423728813559322,0.9852941176470589,0.7045114656031904
RAP-MUSIC,0,-10,case_weighted,186,4,0.5645387562529123,0.5636093628438876,1.5804339068097344,4.450440890723609,8.730417679300936,1.0496580728543605,1.0496580728543605,0.11812995611835733,1.0496580728543605,1.6881720430107527,4.450440890723609,8.730417679300936,188.61786239001697,188.61786239001697,0.1864406779661017,1.0,0.5932203389830508
RAP-MUSIC,0,-5,case_weighted,186,4,0.5695676571766796,0.5661401976968148,1.547167221044273,4.646668682504132,8.611539938651651,1.3131590722887714,1.3131590722887714,0.12871420381621188,1.3131590722887714,1.8655913978494623,4.646668682504132,8.611539938651651,182.75271548014427,182.75271548014427,0.211864406779661,1.0,0.6059322033898304
RAP-MUSIC,0,0,case_weighted,186,4,0.5821150628917663,0.5710784804103826,1.4765902765902217,4.784811963456343,7.699152855172714,0.30303028482889555,0.30303028482889555,0.1557929628863565,0.30303028482889555,2.0483870967741935,4.784811963456343,7.699152855172714,168.66503819646553,168.66503819646553,0.2796610169491525,1.0,0.6398305084745762
RAP-MUSIC,0,5,case_weighted,186,4,0.590509103464753,0.571898929312685,1.4452521944394952,4.527605125915774,7.650292506575165,0.2500000047224833,0.2500000047224833,0.1758108658986982,0.2500000047224833,2.150537634408602,4.527605125915774,7.650292506575165,154.78195529642827,154.78195529642827,0.3389830508474576,1.0,0.6694915254237288
RAP-MUSIC,0,10,case_weighted,186,4,0.6076699940035281,0.5747134553028771,1.3891252219680381,3.7566065836722964,7.675158024773234,0.5454545126920123,0.5454545126920123,0.2286863299270659,0.5454545126920123,2.182795698924731,3.7566065836722964,7.675158024773234,125.2019834334198,125.2019834334198,0.4661016949152542,1.0,0.7330508474576272
RAP-MUSIC,0,15,case_weighted,186,4,0.6058808994036492,0.572980897363196,1.4029960332786338,4.675172717336448,7.857943012229048,0.5555555221863087,0.5555555221863087,0.21300940025412626,0.5555555221863087,2.1774193548387095,4.675172717336448,7.857943012229048,127.18528099152385,127.18528099152385,0.4576271186440678,1.0,0.728813559322034
RAP-MUSIC,0,20,case_weighted,186,4,0.6029619884352144,0.5712908000605016,1.4180108309095496,5.06194514492954,9.029371844324642,0.0,0.0,0.20982689996118006,0.0,2.118279569892473,5.06194514492954,9.029371844324642,134.8642339510751,134.8642339510751,0.423728813559322,1.0,0.711864406779661
RAP-MUSIC,5,-10,case_weighted,186,4,0.5858931605260224,0.5662059462931108,1.521720773837734,4.608505882192403,8.930120407007593,0.48780487677809853,0.48780487677809853,0.18213746406973688,0.48780487677809853,1.8655913978494623,4.608505882192403,8.930120407007593,152.88340349899374,152.88340349899374,0.3474576271186441,1.0,0.673728813559322
RAP-MUSIC,5,-5,case_weighted,186,4,0.5926634393189195,0.5675662828821354,1.4902267361676893,4.328917191549396,8.350209078966563,0.0,0.0,0.19167190047265845,0.0,2.0053763440860215,4.328917191549396,8.350209078966563,146.76401929969938,146.76401929969938,0.3728813559322034,1.0,0.6864406779661016
RAP-MUSIC,5,0,case_weighted,186,4,0.5980153141390394,0.5711193008284028,1.44230231943215,4.240678564420441,8.056421337026707,0.882842712471047,0.882842712471047,0.20484495919795262,0.882842712471047,2.1129032258064515,4.240678564420441,8.056421337026707,135.23831984618997,135.23831984618997,0.4152542372881356,1.0,0.7076271186440678
RAP-MUSIC,5,5,case_weighted,186,4,0.6105572037841167,0.5744222563637298,1.3892520886174093,3.89584400607365,7.587067947658743,1.039344647513234,1.039344647513234,0.24195290849392512,1.039344647513234,2.172043010752688,3.89584400607365,7.587067947658743,115.55973869927868,115.55973869927868,0.5,1.0,0.75
RAP-MUSIC,5,10,case_weighted,186,4,0.6117717700696973,0.5765220835401343,1.368010119278995,3.8950588013984464,7.212149872056229,0.93348506678812,0.93348506678812,0.23026149274888577,0.93348506678812,2.21505376344086,3.8950588013984464,7.212149872056229,119.45668512924031,119.45668512924031,0.4745762711864407,1.0,0.7372881355932204
RAP-MUSIC,5,15,case_weighted,186,4,0.6149687798482592,0.5760660649131947,1.3621031369480994,4.106858271339581,7.697077875782583,0.0,0.0,0.23407118326753878,0.0,2.247311827956989,4.106858271339581,7.697077875782583,118.99785348624275,118.99785348624275,0.4915254237288136,1.0,0.7457627118644068
RAP-MUSIC,5,20,case_weighted,186,4,0.6070128393067604,0.5734258313207988,1.3942179951751048,4.780202459389599,8.109115525673086,0.2668327385294381,0.2668327385294381,0.21793714293170152,0.2668327385294381,2.204301075268817,4.780202459389599,8.109115525673086,129.0341898796618,129.0341898796618,0.4406779661016949,1.0,0.7203389830508474
RAP-MUSIC,10,-10,case_weighted,186,4,0.6175666599208468,0.5702684478683008,1.4462184274438796,4.753671863540527,8.817508624242683,0.7846686411934536,0.7846686411934536,0.2579881618935331,0.7846686411934536,2.0376344086021505,4.753671863540527,8.817508624242683,97.64041201016899,97.64041201016899,0.576271186440678,1.0,0.788135593220339
RAP-MUSIC,10,-5,case_weighted,186,4,0.6220147928142239,0.5717884850205862,1.4288551882157239,4.4106875434371675,8.442559239729125,0.2898550831514177,0.2898550831514177,0.25099648722156015,0.2898550831514177,2.118279569892473,4.4106875434371675,8.442559239729125,97.35107187877153,97.35107187877153,0.5847457627118644,1.0,0.7923728813559322
RAP-MUSIC,10,0,case_weighted,186,4,0.6242488948188706,0.5729585323041733,1.408654154797441,4.265918160145697,8.533454786976625,0.6706148764823324,0.6706148764823324,0.2546030839735551,0.6706148764823324,2.225806451612903,4.265918160145697,8.533454786976625,91.6408764109787,91.6408764109787,0.5932203389830508,1.0,0.7966101694915254
RAP-MUSIC,10,5,case_weighted,186,4,0.6392214187259817,0.5792241453590201,1.341873957270496,3.2536184168743163,7.775085157629974,0.18130943630415483,0.18130943630415483,0.2774549265427295,0.18130943630415483,2.2688172043010755,3.2536184168743163,7.775085157629974,79.45175093460017,79.45175093460017,0.652542372881356,1.0,0.826271186440678
RAP-MUSIC,10,10,case_weighted,186,4,0.627416260398023,0.5773348958615868,1.3368266798590225,3.232674027351391,7.528130741976371,0.1449275441818622,0.1449275441818622,0.2646149582514363,0.1449275441818622,2.236559139784946,3.232674027351391,7.528130741976371,97.26632611445882,97.26632611445882,0.5847457627118644,1.0,0.7923728813559322
RAP-MUSIC,10,15,case_weighted,186,4,0.6207286372537018,0.5781014024672539,1.337674395984721,3.431838517282582,7.258493713620602,0.45147830060621424,0.48387093867839776,0.23828028507241245,0.48387093867839776,2.2204301075268815,3.431838517282582,7.258493713620602,111.3018806660095,111.3189005266915,0.5169491525423728,1.0,0.7584745762711864
RAP-MUSIC,10,20,case_weighted,186,4,0.6113327742230934,0.5759704998182967,1.3741340044631953,4.030771320150737,7.652750595088577,0.3636363417946745,0.3636363417946745,0.21727027488054268,0.3636363417946745,2.182795698924731,4.030771320150737,7.652750595088577,125.11723767579818,125.11723767579818,0.4576271186440678,0.9852941176470589,0.7214606181455634
RAP-MUSIC,15,-10,case_weighted,186,4,0.6409442247939291,0.5723156959794726,1.4087986192828568,5.030396038317063,8.950835571820644,0.3970015798203445,0.3970015798203445,0.30211046624950866,0.3970015798203445,2.1774193548387095,5.030396038317063,8.950835571820644,63.754861993774774,63.754861993774774,0.7203389830508474,1.0,0.8601694915254237
RAP-MUSIC,15,-5,case_weighted,186,4,0.6475083254350104,0.5746161448215535,1.3807498299879641,4.262070011065003,8.603605079865149,0.22222223041608696,0.22222223041608696,0.3055295578927415,0.22222223041608696,2.2204301075268815,4.262070011065003,8.603605079865149,55.701823158586556,55.701823158586556,0.7627118644067796,1.0,0.8813559322033898
RAP-MUSIC,15,0,case_weighted,186,4,0.6457978649241398,0.5763126824372403,1.3633719273625104,4.08739254993459,8.261291075408494,0.0,0.0,0.30050824774370233,0.0,2.252688172043011,4.08739254993459,8.261291075408494,65.44881941743348,65.44881941743348,0.7203389830508474,1.0,0.8601694915254237
RAP-MUSIC,15,5,case_weighted,186,4,0.6474479187619369,0.5784022512015656,1.349617484376842,3.7994168591955133,8.412358700486731,0.0,0.0,0.2966259190272069,0.0,2.3118279569892475,3.7994168591955133,8.412358700486731,65.44881941743348,65.44881941743348,0.7203389830508474,1.0,0.8601694915254237
RAP-MUSIC,15,10,case_weighted,186,4,0.6475297632551502,0.5785567443483922,1.3282901757694485,3.4075365186398727,7.715536301951515,0.0,0.0,0.2931648325270727,0.0,2.295698924731183,3.4075365186398727,7.715536301951515,65.44881941743348,65.44881941743348,0.7203389830508474,1.0,0.8601694915254237
RAP-MUSIC,15,15,case_weighted,186,4,0.6255584977599526,0.5772641244356395,1.3351252432752008,3.4780681941132077,7.105442669407025,0.0,0.0,0.252459888613115,0.0,2.2419354838709675,3.4780681941132077,7.105442669407025,103.13147302141039,103.13147302141039,0.559322033898305,1.0,0.7796610169491525
RAP-MUSIC,15,20,case_weighted,186,4,0.6156030901771615,0.578304477507431,1.3482436847103205,3.5061721024589616,7.150449160548591,0.0,0.0,0.22146694006727685,0.0,2.1989247311827955,3.5061721024589616,7.150449160548591,120.98115104434679,120.98115104434679,0.4830508474576271,1.0,0.7415254237288136
RAP-MUSIC,20,-10,case_weighted,186,4,0.6484837710901288,0.5728087925178837,1.401726032882675,5.486450665314409,9.276526034867475,0.10989011591811527,0.10989011591811527,0.3046502632320359,0.10989011591811527,2.1774193548387095,5.486450665314409,9.276526034867475,53.6337798361698,53.6337798361698,0.7711864406779662,1.0,0.8855932203389831
RAP-MUSIC,20,-5,case_weighted,186,4,0.6458200374616293,0.5735515207925413,1.394836223527136,4.8422390459542815,9.045243844334083,0.1136363698698692,0.1136363698698692,0.2939595068306193,0.1136363698698692,2.172043010752688,4.8422390459542815,9.045243844334083,59.58367251048194,59.58367251048194,0.7457627118644068,1.0,0.8728813559322034
RAP-MUSIC,20,0,case_weighted,186,4,0.6501954113730607,0.5743144973516602,1.3800661970009513,4.457698729760847,8.767493165149043,0.0,0.0,0.30513307595903294,0.0,2.2419354838709675,4.457698729760847,8.767493165149043,53.54903406880922,53.54903406880922,0.7711864406779662,1.0,0.8855932203389831
RAP-MUSIC,20,5,case_weighted,186,4,0.6492714738372696,0.5748112445789262,1.3724446954248186,4.306476952728404,8.31964829793556,0.0,0.0,0.30053009663650904,0.0,2.349462365591398,4.306476952728404,8.31964829793556,55.53233162691327,55.53233162691327,0.7627118644067796,1.0,0.8813559322033898
RAP-MUSIC,20,10,case_weighted,186,4,0.6502308886367891,0.5789046922678575,1.3345194028203486,3.9573683344821764,8.00957144576932,0.15890040546203402,0.15890040546203402,0.293037563054264,0.15890040546203402,2.349462365591398,3.9573683344821764,8.00957144576932,57.63547779591664,57.63547779591664,0.7457627118644068,1.0,0.8728813559322034
RAP-MUSIC,20,15,case_weighted,186,4,0.6467420687650774,0.5780719939951326,1.328400263010227,3.732627927286878,7.780226418589376,0.0,0.0,0.2831416782529101,0.0,2.306451612903226,3.732627927286878,7.780226418589376,65.44881941743348,65.44881941743348,0.7203389830508474,1.0,0.8601694915254237
RAP-MUSIC,20,20,case_weighted,186,4,0.6287304977606993,0.5779373700157358,1.3257024966748372,3.361291404230845,7.465627624933923,0.14285715069354987,0.14285715069354987,0.25983188558510745,0.14285715069354987,2.21505376344086,3.361291404230845,7.465627624933923,95.28302855635478,95.28302855635478,0.5932203389830508,1.0,0.7966101694915254
dSPM,-10,-10,case_weighted,186,4,0.7382904213122804,0.8504923740058636,1.948449720136152,67.34545061563577,19.348024665226838,23.642426446109045,18.698170556094468,0.5199581460762501,19.162744035557825,7492.311827956989,67.34545061563577,19.348024665226838,23.642426446109045,18.698170556094468,0.3305084745762712,0.0,0.1652542372881356
dSPM,-10,-5,case_weighted,186,4,0.7758209891496359,0.8838761329574456,1.930199791464351,65.17908132305593,14.457749986161797,23.498522089940277,17.869409140741126,0.4520626881831345,18.141120235783465,6760.462365591397,65.17908132305593,14.457749986161797,23.498522089940277,17.869409140741126,0.2966101694915254,0.0,0.1483050847457627
dSPM,-10,0,case_weighted,186,4,0.810546722426908,0.9112522868604271,1.9035814005187806,45.67427109658484,13.277002783175037,23.266915213076256,18.323659370954697,0.3823587127917146,18.105869695872347,4170.139784946236,45.67427109658484,13.277002783175037,23.266915213076256,18.323659370954697,0.3305084745762712,0.0,0.1652542372881356
dSPM,-10,5,case_weighted,186,4,0.8349658751687246,0.9248347248233644,1.8650147752862833,26.449360552759796,12.24948944199442,22.724566415840624,18.164558867535643,0.3270625705421062,17.499114760676186,1883.983870967742,26.449360552759796,12.24948944199442,22.724566415840624,18.164558867535643,0.3813559322033898,0.0,0.1906779661016949
dSPM,-10,10,case_weighted,186,4,0.8426658080033007,0.9316407260941458,1.8202092455205903,20.58749157106865,12.372874301813649,21.76594211110196,19.056030776804807,0.29741752071544675,19.056030776804807,561.2849462365591,20.58749157106865,12.372874301813649,21.76594211110196,19.056030776804807,0.3474576271186441,0.10294117647058823,0.22519940179461617
dSPM,-10,15,case_weighted,186,4,0.8511722704497471,0.9311522476150773,1.7896361786109116,20.113546781029182,12.661925770583158,21.309164704975856,18.30003564472705,0.29405031296129114,18.30003564472705,446.2956989247312,20.113546781029182,12.661925770583158,21.309164704975856,18.30003564472705,0.3474576271186441,0.10294117647058823,0.22519940179461617
dSPM,-10,20,case_weighted,186,4,0.8498860028950482,0.9306394421727523,1.7804859536445672,20.646391449797967,14.244831454477952,20.95785985956925,19.3321929048117,0.30704895497889023,19.3321929048117,431.0698924731183,20.646391449797967,14.244831454477952,20.95785985956925,19.3321929048117,0.3305084745762712,0.08823529411764706,0.20937188434695914
dSPM,-5,-10,case_weighted,186,4,0.7841633225125103,0.8836173682590194,1.9307284756888166,62.94621112365263,16.34028200418522,23.43779318775274,17.205945117190517,0.4878451850854958,18.59114214878899,6489.317204301075,62.94621112365263,16.34028200418522,23.43779318775274,17.205945117190517,0.3220338983050847,0.0,0.16101694915254236
dSPM,-5,-5,case_weighted,186,4,0.8083445430921512,0.9031045331230664,1.9116089430614942,54.26300834616466,14.420363315269142,23.169924965635527,16.55312376464105,0.42395662474245466,16.353921727090906,5205.39247311828,54.26300834616466,14.420363315269142,23.169924965635527,16.55312376464105,0.4152542372881356,0.0,0.2076271186440678
dSPM,-5,0,case_weighted,186,4,0.8310601818041806,0.9190828804414941,1.8850115510991852,37.47926045881974,13.476517262074786,22.86379697899275,16.653632910064434,0.36863432723572914,17.05296160873748,3002.6129032258063,37.47926045881974,13.476517262074786,22.86379697899275,16.653632910064434,0.3644067796610169,0.0,0.18220338983050846
dSPM,-5,5,case_weighted,186,4,0.849855312589163,0.9323779822194118,1.8497951000740986,24.165552178330618,13.310050181042575,22.51171331437072,18.331914197368,0.33137280823636434,18.359088634909398,1574.489247311828,24.165552178330618,13.310050181042575,22.51171331437072,18.331914197368,0.3305084745762712,0.058823529411764705,0.19466600199401796
dSPM,-5,10,case_weighted,186,4,0.8568461813877707,0.9331389033359503,1.8112435714578397,19.774960110045523,12.40854970593613,21.736749500598233,17.36826271002645,0.2969201224839283,17.089685416269337,564.1505376344086,19.774960110045523,12.40854970593613,21.736749500598233,17.36826271002645,0.3644067796610169,0.1323529411764706,0.24837986041874377
dSPM,-5,15,case_weighted,186,4,0.8558066604835031,0.9311878669471317,1.7827518438855277,19.45899253061486,12.118993202973352,21.018208436471042,17.33456233756537,0.2864528879609857,17.48134630906895,444.7258064516129,19.45899253061486,12.118993202973352,21.018208436471042,17.33456233756537,0.3474576271186441,0.20588235294117646,0.2766699900299103
dSPM,-5,20,case_weighted,186,4,0.8531742201341278,0.9307742612975727,1.7718693706507964,19.88974660814905,12.779640240936999,20.799268633987463,18.498818672574092,0.29173084287014306,18.498818672574092,422.5483870967742,19.88974660814905,12.779640240936999,20.799268633987463,18.498818672574092,0.3135593220338983,0.16176470588235295,0.23766201395812564
dSPM,0,-10,case_weighted,186,4,0.8174028939701475,0.9022750971174809,1.9050709868690585,51.41483803509028,16.39740915057987,23.109359605554385,17.000478084142866,0.4472673876218741,17.163913729341616,4895.795698924731,51.41483803509028,16.39740915057987,23.109359605554385,17.000478084142866,0.3728813559322034,0.0,0.1864406779661017
dSPM,0,-5,case_weighted,186,4,0.8399585285122995,0.9173631159801745,1.8855578820142567,41.164104162329835,15.709508301309844,22.729742371795037,15.985787015376953,0.4095679546871348,15.7176131940041,3298.3548387096776,41.164104162329835,15.709508301309844,22.729742371795037,15.985787015376953,0.4406779661016949,0.0,0.22033898305084745
dSPM,0,0,case_weighted,186,4,0.8568832814510619,0.9266688376392248,1.8594199324891172,28.50405664151398,14.432539492920087,22.4414093024257,16.330391054350585,0.3742231561095719,16.354198564068074,1894.8387096774193,28.50405664151398,14.432539492920087,22.4414093024257,16.330391054350585,0.3813559322033898,0.014705882352941176,0.1980309072781655
dSPM,0,5,case_weighted,186,4,0.8737957859721799,0.9385376259935438,1.8268669606727013,21.45193853630577,13.41918345812327,22.00303254941038,17.378634628364203,0.33959490135716486,17.53358606508564,1081.994623655914,21.45193853630577,13.41918345812327,22.00303254941038,17.378634628364203,0.3474576271186441,0.07352941176470588,0.210493519441675
dSPM,0,10,case_weighted,186,4,0.8749881939261835,0.9395431451286722,1.7942695366171708,19.36320851002182,13.445871809114397,21.340527349083782,17.933840377915796,0.31117278187674025,17.62828517474866,495.3763440860215,19.36320851002182,13.445871809114397,21.340527349083782,17.933840377915796,0.3135593220338983,0.11764705882352941,0.21560319042871384
dSPM,0,15,case_weighted,186,4,0.8637185338376263,0.9348295928592312,1.7708461372285262,18.886935753187675,12.282194556108777,20.922983181815784,17.35483388965754,0.28652058081741755,17.35483388965754,424.4569892473118,18.886935753187675,12.282194556108777,20.922983181815784,17.35483388965754,0.3644067796610169,0.20588235294117646,0.2851445663010967
dSPM,0,20,case_weighted,186,4,0.8573507176489719,0.9340053621890446,1.7622019438035028,19.120062787276066,12.215911247704415,20.556819100423965,17.889746903428314,0.2810671169570852,17.530201073641916,416.44086021505376,19.120062787276066,12.215911247704415,20.556819100423965,17.889746903428314,0.3559322033898305,0.17647058823529413,0.2662013958125623
dSPM,5,-10,case_weighted,186,4,0.8505402207345549,0.9166867116005819,1.8717371045663078,38.03098214652535,16.702530617395826,22.66263954432356,16.27321557687804,0.42728495483037876,16.187271216288412,3007.3494623655915,38.03098214652535,16.702530617395826,22.66263954432356,16.27321557687804,0.4152542372881356,0.0,0.2076271186440678
dSPM,5,-5,case_weighted,186,4,0.8687021739546833,0.9284141495358325,1.851924535692843,30.279504734958202,16.503768934964047,22.33269915084489,15.685238008218178,0.39801925684128964,15.120495284978043,2053.043010752688,30.279504734958202,16.503768934964047,22.33269915084489,15.685238008218178,0.4322033898305085,0.0,0.21610169491525424
dSPM,5,0,case_weighted,186,4,0.8729261957541233,0.9318153731978015,1.8287415921821515,22.91500023895881,16.277283189639736,21.971654001354608,16.015869985143457,0.37942038636182224,16.61676190491781,1089.8494623655913,22.91500023895881,16.277283189639736,21.971654001354608,16.015869985143457,0.3728813559322034,0.04411764705882353,0.20849950149551347
dSPM,5,5,case_weighted,186,4,0.8839041054948908,0.9380145478975717,1.801377886775483,20.451023574449334,14.564512042578102,21.433200694851678,16.00954466317932,0.3534525220275203,16.129393271030775,597.9247311827957,20.451023574449334,14.564512042578102,21.433200694851678,16.00954466317932,0.3813559322033898,0.07352941176470588,0.22744267198404786
dSPM,5,10,case_weighted,186,4,0.8845387987213676,0.9438713798475943,1.774224394325216,19.521739654268988,13.337584296116448,21.02517070013358,17.605440102864502,0.32730712814156565,17.313834777221288,432.89784946236557,19.521739654268988,13.337584296116448,21.02517070013358,17.605440102864502,0.3305084745762712,0.14705882352941177,0.2387836490528415
dSPM,5,15,case_weighted,186,4,0.8807990025330507,0.9408913573387715,1.75667800145665,18.845709225359176,13.296545681186767,20.492014966875622,17.63058827088936,0.30406379204946204,17.777372242392943,405.494623655914,18.845709225359176,13.296545681186767,20.492014966875622,17.63058827088936,0.3389830508474576,0.17647058823529413,0.2577268195413759
dSPM,5,20,case_weighted,186,4,0.8708311255087202,0.937304041085547,1.750325922638285,18.728548411283036,12.764527180315808,20.20391002822574,17.351220123209934,0.28574153258604873,17.351220123209934,403.90860215053766,18.728548411283036,12.764527180315808,20.20391002822574,17.351220123209934,0.3389830508474576,0.19117647058823528,0.26507976071784645
dSPM,10,-10,case_weighted,186,4,0.8727013960137896,0.9253196040298914,1.8343436328267093,28.055910351720357,18.342034154179274,22.19909672640526,16.23501386122585,0.40850731561629283,16.31975962858643,1528.6290322580646,28.055910351720357,18.342034154179274,22.19909672640526,16.23501386122585,0.423728813559322,0.04411764705882353,0.23392323030907278
dSPM,10,-5,case_weighted,186,4,0.8780526074483673,0.9322808780414639,1.817848438697603,24.07668628109959,17.668958404364645,21.943371734710567,17.019034948661687,0.3958441979636331,17.019034948661687,881.6236559139785,24.07668628109959,17.668958404364645,21.943371734710567,17.019034948661687,0.3813559322033898,0.029411764705882353,0.2053838484546361
dSPM,10,0,case_weighted,186,4,0.8859856266539095,0.9373452271800583,1.796976832601187,21.52059701661083,16.888571388195775,21.507180011531414,15.145811655032619,0.380990408966621,15.280757328827981,502.5967741935484,21.52059701661083,16.888571388195775,21.507180011531414,15.145811655032619,0.423728813559322,0.058823529411764705,0.24127617148554337
dSPM,10,5,case_weighted,186,4,0.8908473174163974,0.9406217784255952,1.7754641604363353,20.514930491216248,16.430440380175064,21.085845997469093,15.32887013087175,0.36426051012543714,15.32887013087175,419.18279569892474,20.514930491216248,16.430440380175064,21.085845997469093,15.32887013087175,0.4406779661016949,0.08823529411764706,0.26445663010967096
dSPM,10,10,case_weighted,186,4,0.8926621832548147,0.9427399845871675,1.7559104807019432,19.75835133546586,15.26681410610953,20.62364352741291,16.36426297971226,0.3473487948142097,16.36426297971226,396.2795698924731,19.75835133546586,15.26681410610953,20.62364352741291,16.36426297971226,0.3813559322033898,0.10294117647058823,0.242148554336989
dSPM,10,15,case_weighted,186,4,0.8909173491905413,0.9457238322247173,1.742490530683016,19.159996898577244,13.074259130669768,20.308580317317272,17.046003626395034,0.32237795323047075,17.046003626395034,386.30645161290323,19.159996898577244,13.074259130669768,20.308580317317272,17.046003626395034,0.3644067796610169,0.16176470588235295,0.26308574277168495
dSPM,10,20,case_weighted,186,4,0.8846818197347607,0.9437253850371025,1.7383523679238237,18.658593706747336,13.408295874271486,20.075131359782088,17.004655556222573,0.29812515704346443,17.004655556222573,382.6720430107527,18.658593706747336,13.408295874271486,20.075131359782088,17.004655556222573,0.3389830508474576,0.20588235294117646,0.272432701894317
dSPM,15,-10,case_weighted,186,4,0.8763176526544129,0.9284308659367979,1.8023545256414746,24.119430911805765,19.637482230685286,21.908580390517546,17.22104198675457,0.4022668364078584,16.98815518479247,607.3602150537635,24.119430911805765,19.637482230685286,21.908580390517546,17.22104198675457,0.3728813559322034,0.04411764705882353,0.20849950149551347
dSPM,15,-5,case_weighted,186,4,0.8813720837960772,0.9321710612061781,1.7893352993824523,22.548940775202915,19.03647547725032,21.688822662207045,16.40289710536511,0.3955466356643717,16.40289710536511,492.86559139784947,22.548940775202915,19.03647547725032,21.688822662207045,16.40289710536511,0.3983050847457627,0.07352941176470588,0.2359172482552343
dSPM,15,0,case_weighted,186,4,0.8872337895241977,0.9365981899363008,1.7723652867308943,21.582641457006297,17.603104688978323,21.200332651510884,16.737361046675954,0.38860212655621623,16.65261528905431,436.5268817204301,21.582641457006297,17.603104688978323,21.200332651510884,16.737361046675954,0.3983050847457627,0.08823529411764706,0.2432701894317049
dSPM,15,5,case_weighted,186,4,0.8925355050935319,0.9401642695354128,1.7560377622084906,20.89249869194369,16.142584162113327,20.934438785865222,16.11668618020471,0.3752741029872077,16.11668618020471,395.752688172043,20.89249869194369,16.142584162113327,20.934438785865222,16.11668618020471,0.4152542372881356,0.07352941176470588,0.24439182452642075
dSPM,15,10,case_weighted,186,4,0.8947353737255,0.9425540383849146,1.742087307281883,20.350552277992108,16.15280180384043,20.523456375147816,15.683919282062806,0.3652247064274057,15.683919282062806,377.02150537634407,20.350552277992108,16.15280180384043,20.523456375147816,15.683919282062806,0.423728813559322,0.11764705882352941,0.2706879361914257
dSPM,15,15,case_weighted,186,4,0.8952770415137864,0.9456574404352743,1.731033237560088,19.5851105790016,14.9365654871202,20.360533455553558,16.804230048237635,0.3412006561630145,16.804230048237635,372.46774193548384,19.5851105790016,14.9365654871202,20.360533455553558,16.804230048237635,0.3644067796610169,0.14705882352941177,0.25573280159521433
dSPM,15,20,case_weighted,186,4,0.8952590772893022,0.9469630011703616,1.7284010508933445,19.09742747320634,13.759951165571072,19.944215629163764,17.211691829593608,0.32493653239408626,17.211691829593608,374.3494623655914,19.09742747320634,13.759951165571072,19.944215629163764,17.211691829593608,0.3559322033898305,0.11764705882352941,0.23678963110667994
dSPM,20,-10,case_weighted,186,4,0.8686241752723829,0.924308419464749,1.7841401438558435,23.99856601364829,20.854332362205735,21.83022770755826,17.908667441803438,0.4081076806185127,17.908667441803438,503.68279569892474,23.99856601364829,20.854332362205735,21.83022770755826,17.908667441803438,0.3474576271186441,0.058823529411764705,0.2031405782652044
dSPM,20,-5,case_weighted,186,4,0.8784789354141996,0.9306249654806985,1.773370356273678,22.878774028340093,19.816768065512182,21.525756659666925,17.394152489239477,0.3972657498820173,17.394152489239477,466.4301075268817,22.878774028340093,19.816768065512182,21.525756659666925,17.394152489239477,0.3474576271186441,0.04411764705882353,0.1957876370887338
dSPM,20,0,case_weighted,186,4,0.8844137773424902,0.93505673259323,1.7594882436761445,21.980188426041494,18.555534338319717,21.250492055492888,17.34542285869418,0.391785795385319,17.34542285869418,434.51612903225805,21.980188426041494,18.555534338319717,21.250492055492888,17.34542285869418,0.3644067796610169,0.029411764705882353,0.19690927218344964
dSPM,20,5,case_weighted,186,4,0.889988524997578,0.9387653672794299,1.745407081197246,21.231563750809354,17.574227637348052,20.807315726346786,16.457807531887894,0.3829549672358168,16.457807531887894,399.0752688172043,21.231563750809354,17.574227637348052,20.807315726346786,16.457807531887894,0.3898305084745763,0.08823529411764706,0.23903290129611168
dSPM,20,10,case_weighted,186,4,0.8929883321965275,0.9426516150382529,1.7339010757978917,20.705160498007412,16.47170620771967,20.472754903795273,16.431179550082938,0.3757271062696686,16.431179550082938,377.747311827957,20.705160498007412,16.47170620771967,20.472754903795273,16.431179550082938,0.3983050847457627,0.08823529411764706,0.2432701894317049
dSPM,20,15,case_weighted,186,4,0.8935229080749565,0.9435888160766515,1.7267934582794022,20.176732330066432,15.973576117034908,20.274061899645165,15.170952828364742,0.36082107280387,15.170952828364742,366.80645161290323,20.176732330066432,15.973576117034908,20.274061899645165,15.170952828364742,0.423728813559322,0.11764705882352941,0.2706879361914257
dSPM,20,20,case_weighted,186,4,0.8961513747294929,0.9460170546998942,1.7220502104510973,19.54904925641058,14.922954459789711,20.122392756844103,16.45337286368417,0.3419586446780034,16.45337286368417,362.258064516129,19.54904925641058,14.922954459789711,20.122392756844103,16.45337286368417,0.3813559322033898,0.19117647058823528,0.28626620139581255
eLORETA,-10,-10,case_weighted,186,4,0.6362720670282817,0.7264317701293026,1.94877033987144,70.32606492630872,48.18810803125794,23.716478245969167,21.168780392615993,0.41266227423254354,22.234099039043446,6923.354838709677,70.32606492630872,48.18810803125794,23.716478245969167,21.168780392615993,0.23728813559322035,0.0,0.11864406779661017
eLORETA,-10,-5,case_weighted,186,4,0.7324957191873217,0.8335335933691455,1.9302428665802154,68.49220351544922,30.997190861631786,23.502457300121335,18.201243160392153,0.4323856067337072,17.4623935083738,6464.634408602151,68.49220351544922,30.997190861631786,23.502457300121335,18.201243160392153,0.3728813559322034,0.0,0.1864406779661017
eLORETA,-10,0,case_weighted,186,4,0.7978636725738941,0.9004064728681285,1.9035951924309351,58.29791326851315,15.862899518760328,23.171230074754583,17.848542685686642,0.42316639609350626,18.121340769662183,4966.822580645161,58.29791326851315,15.862899518760328,23.171230074754583,17.848542685686642,0.3474576271186441,0.0,0.17372881355932204
eLORETA,-10,5,case_weighted,186,4,0.8417240553318773,0.9304628514286585,1.8665125822456512,38.1040232234461,7.608947503884993,22.53018318173079,16.923490023276965,0.3935298129601665,16.20430975738629,2778.6021505376343,38.1040232234461,7.608947503884993,22.53018318173079,16.923490023276965,0.3983050847457627,0.0,0.19915254237288135
eLORETA,-10,10,case_weighted,186,4,0.8611749831557604,0.9370142353914445,1.8241429748342235,24.60835814703403,7.664773372574703,21.61143714738042,16.29687558128779,0.3755139348759219,16.674508013835617,1108.5645161290322,24.60835814703403,7.664773372574703,21.61143714738042,16.29687558128779,0.3983050847457627,0.029411764705882353,0.21385842472582253
eLORETA,-10,15,case_weighted,186,4,0.8733418071352453,0.9368487519154453,1.7939688939192355,22.245517701599635,7.571127487964769,21.038246721890445,17.00895131360904,0.3750584308729686,16.696042745995975,674.747311827957,22.245517701599635,7.571127487964769,21.038246721890445,17.00895131360904,0.3983050847457627,0.014705882352941176,0.20650548354935194
eLORETA,-10,20,case_weighted,186,4,0.8727444547001396,0.9359241425123035,1.7823429578899583,22.544928495219352,7.601029298528361,20.619474683623096,16.641807847820466,0.3823501370657133,16.769400171375256,652.736559139785,22.544928495219352,7.601029298528361,20.619474683623096,16.641807847820466,0.3983050847457627,0.014705882352941176,0.20650548354935194
eLORETA,-5,-10,case_weighted,186,4,0.6629324674488729,0.7615983695513493,1.931959499064908,69.37434944004414,35.35462059817988,23.621204417631628,21.47339372947462,0.37420022427957045,21.182947641156158,6055.10752688172,69.37434944004414,35.35462059817988,23.621204417631628,21.47339372947462,0.2711864406779661,0.0,0.13559322033898305
eLORETA,-5,-5,case_weighted,186,4,0.7477817374624671,0.8474347049872188,1.9117333127901264,64.96345556670325,25.713845980503486,23.340792070256253,19.91552657579585,0.3821691167918947,16.754047550811304,5233.580645161291,64.96345556670325,25.713845980503486,23.340792070256253,19.91552657579585,0.3898305084745763,0.0,0.19491525423728814
eLORETA,-5,0,case_weighted,186,4,0.7944896610946178,0.9008551376154148,1.8840031253046072,50.5964427857349,10.970388923600513,22.96910961340403,16.393028962218732,0.36992528017608084,15.80251064867749,3949.0860215053763,50.5964427857349,10.970388923600513,22.96910961340403,16.393028962218732,0.4067796610169492,0.029411764705882353,0.21809571286141577
eLORETA,-5,5,case_weighted,186,4,0.8380461642991048,0.9317658347630401,1.8479488978805565,33.34864598298793,8.00577173737249,22.50951542561778,17.17238521419099,0.3622965023561518,17.02907790751665,2247.6774193548385,33.34864598298793,8.00577173737249,22.50951542561778,17.17238521419099,0.3728813559322034,0.07352941176470588,0.22320538384845465
eLORETA,-5,10,case_weighted,186,4,0.8680298665998728,0.9400219239817096,1.8103423263849179,22.529571951371167,7.980523824559845,21.6262171812804,16.788061108324943,0.3535089233264972,16.33668583964831,914.8870967741935,22.529571951371167,7.980523824559845,21.6262171812804,16.788061108324943,0.4067796610169492,0.07352941176470588,0.24015453639082754
eLORETA,-5,15,case_weighted,186,4,0.8773546300216677,0.9393625324265518,1.7841314866799396,21.000141115643746,7.541967962404873,20.86046250436962,16.315227206720532,0.35836321961945505,16.37726541226835,618.7150537634409,21.000141115643746,7.541967962404873,20.86046250436962,16.315227206720532,0.3983050847457627,0.04411764705882353,0.22121136590229312
eLORETA,-5,20,case_weighted,186,4,0.8749982974559093,0.9369262711683921,1.7752880344073814,21.684981982581984,7.562617397624062,20.554033189596083,16.669231586808447,0.3704477440115756,16.753977351121154,618.0860215053764,21.684981982581984,7.562617397624062,20.554033189596083,16.669231586808447,0.3813559322033898,0.029411764705882353,0.2053838484546361
eLORETA,0,-10,case_weighted,186,4,0.7057347623263789,0.817244591311277,1.907054579919317,63.32588185498081,24.44737822125613,23.31190350492585,20.240524317054227,0.34544863557217226,18.747588723728413,4837.951612903225,63.32588185498081,24.44737822125613,23.31190350492585,20.240524317054227,0.3474576271186441,0.0,0.17372881355932204
eLORETA,0,-5,case_weighted,186,4,0.7663776199674552,0.8712381493126528,1.8864091044926183,55.052201120840884,19.631527416132496,23.00977597647224,18.166628672862547,0.35419666929470134,16.541998332628246,4020.2365591397847,55.052201120840884,19.631527416132496,23.00977597647224,18.166628672862547,0.4322033898305085,0.014705882352941176,0.22345463609172483
eLORETA,0,0,case_weighted,186,4,0.8024440493464395,0.9069280518636909,1.8579723616697104,41.37611832865395,9.32381628984297,22.69656569337899,16.36202004035451,0.3435909207129368,15.732689381386965,3014.6344086021504,41.37611832865395,9.32381628984297,22.69656569337899,16.36202004035451,0.4152542372881356,0.058823529411764705,0.23703888334995016
eLORETA,0,5,case_weighted,186,4,0.841868014249157,0.930507039603129,1.8228975082352505,27.51294556316374,8.527073474757033,22.178930374784336,16.0329169081302,0.336291862014127,16.326223507074573,1649.505376344086,27.51294556316374,8.527073474757033,22.178930374784336,16.0329169081302,0.3728813559322034,0.11764705882352941,0.24526420737786642
eLORETA,0,10,case_weighted,186,4,0.8755282646781772,0.9429192576428417,1.7891531676874879,20.344309235173377,8.251086724144532,21.47935063848804,15.849385589038274,0.3379231123367735,16.072156354969213,693.3602150537635,20.344309235173377,8.251086724144532,21.47935063848804,15.849385589038274,0.3983050847457627,0.14705882352941177,0.2726819541375872
eLORETA,0,15,case_weighted,186,4,0.8808768830666512,0.9426837963583841,1.7673758815644864,19.685006587727216,7.522407109954214,20.926149817834396,17.2329390436236,0.3388911260932905,17.133653210228783,545.2311827956989,19.685006587727216,7.522407109954214,20.926149817834396,17.2329390436236,0.3389830508474576,0.16176470588235295,0.25037387836490527
eLORETA,0,20,case_weighted,186,4,0.8785930184023888,0.9399252226137428,1.7623176523303967,20.49747213476195,7.511178238273821,20.41236161681092,16.52992526904846,0.35214505841464494,16.69560994448148,564.994623655914,20.49747213476195,7.511178238273821,20.41236161681092,16.52992526904846,0.3983050847457627,0.07352941176470588,0.2359172482552343
eLORETA,5,-10,case_weighted,186,4,0.7544523110415144,0.8738866914203475,1.8731888055456745,48.22164807614942,19.206521892458476,22.885540522873406,18.281534397772898,0.34309191160764463,16.42954334906761,3565.6397849462364,48.22164807614942,19.206521892458476,22.885540522873406,18.281534397772898,0.4406779661016949,0.014705882352941176,0.22769192422731804
eLORETA,5,-5,case_weighted,186,4,0.7909352453735616,0.8979344825708355,1.852674232242174,40.96084169075959,13.00355199290289,22.627876716238337,17.2151061667553,0.33464532549995507,15.07303881639926,2944.032258064516,40.96084169075959,13.00355199290289,22.627876716238337,17.2151061667553,0.4661016949152542,0.058823529411764705,0.26246261216350947
eLORETA,5,0,case_weighted,186,4,0.8178901076910859,0.9171486773815847,1.8264163347566458,33.705762367864445,8.655687568316583,22.305910073136886,15.958404978377931,0.32605209733269985,16.048026606983985,2112.1129032258063,33.705762367864445,8.655687568316583,22.305910073136886,15.958404978377931,0.4322033898305085,0.08823529411764706,0.26021934197407776
eLORETA,5,5,case_weighted,186,4,0.8510699430703453,0.9323680092545813,1.7949116951670094,22.803224842116283,8.273731679834878,21.773598316988444,15.318953560755746,0.3226059070499034,15.002665730958942,1068.6129032258063,22.803224842116283,8.273731679834878,21.773598316988444,15.318953560755746,0.4406779661016949,0.16176470588235295,0.30122133599202394
eLORETA,5,10,case_weighted,186,4,0.8797423395974774,0.9438515361846057,1.7653037879012348,18.940178348634923,8.224794100423635,21.351946736647218,15.549410183868412,0.3235175897549783,15.631894333143046,544.8064516129032,18.940178348634923,8.224794100423635,21.351946736647218,15.549410183868412,0.423728813559322,0.19117647058823528,0.30745264207377865
eLORETA,5,15,case_weighted,186,4,0.8896555066696339,0.9470230386085065,1.7466014247991997,18.73135861616466,8.06311475235641,20.727372976079053,16.53783509551992,0.32869831539508376,16.65701514990445,489.0860215053763,18.73135861616466,8.06311475235641,20.727372976079053,16.53783509551992,0.3898305084745763,0.19117647058823528,0.2905034895314058
eLORETA,5,20,case_weighted,186,4,0.8873216033773057,0.9442785424322511,1.744353087200077,19.352730906437625,7.753856432369595,20.20582036886966,15.641553709106672,0.3372507806220191,15.641553709106672,505.36559139784947,19.352730906437625,7.753856432369595,20.20582036886966,15.641553709106672,0.4067796610169492,0.1323529411764706,0.26956630109670987
eLORETA,10,-10,case_weighted,186,4,0.8032359193805352,0.9082810570103436,1.8325660570730942,35.67569876390362,11.702230045312332,22.425893873730086,16.4390140305428,0.33865206453970564,16.003705605475208,2431.52688172043,35.67569876390362,11.702230045312332,22.425893873730086,16.4390140305428,0.423728813559322,0.07352941176470588,0.24862911266201396
eLORETA,10,-5,case_weighted,186,4,0.821212869896905,0.9178393771866029,1.815459907549981,30.44979029724502,9.442874394055337,22.174480510918812,16.058182532354927,0.327446083428879,15.305033165395415,1931.978494623656,30.44979029724502,9.442874394055337,22.174480510918812,16.058182532354927,0.4406779661016949,0.1323529411764706,0.28651545363908276
eLORETA,10,0,case_weighted,186,4,0.8418174410039767,0.9286318777749106,1.7922027755083014,24.599478533233214,9.05379421164208,21.903294306694953,15.133755639385702,0.31947361302522415,14.853125921529756,1331.3333333333333,24.599478533233214,9.05379421164208,21.903294306694953,15.133755639385702,0.4830508474576271,0.14705882352941177,0.3150548354935194
eLORETA,10,5,case_weighted,186,4,0.8664753477596495,0.9385878818277384,1.7669718308486884,19.79590322529454,9.047016740571957,21.538329670902808,15.285927449506822,0.3153601646951689,14.651748230265992,702.752688172043,19.79590322529454,9.047016740571957,21.538329670902808,15.285927449506822,0.4491525423728814,0.17647058823529413,0.31281156530408777
eLORETA,10,10,case_weighted,186,4,0.8858146000915744,0.9444049157807143,1.7433511212856634,18.082405230205833,8.423210589313586,21.087111121068677,15.49664921837047,0.3171147176994458,15.58139496625317,475.2956989247312,18.082405230205833,8.423210589313586,21.087111121068677,15.49664921837047,0.423728813559322,0.22058823529411764,0.32215852442671983
eLORETA,10,15,case_weighted,186,4,0.8929421015707916,0.9483074904998022,1.7287241635997972,18.176351227955927,8.40961928213275,20.676852993694528,15.609457608403448,0.3183503648856457,15.644560461220145,454.5752688172043,18.176351227955927,8.40961928213275,20.676852993694528,15.609457608403448,0.3898305084745763,0.20588235294117646,0.2978564307078764
eLORETA,10,20,case_weighted,186,4,0.8928515416629451,0.9474332437353167,1.726446808030305,18.501455468256005,8.035343152965323,20.353052662767766,16.255586443623187,0.3244724988298155,16.369181642152935,461.13978494623655,18.501455468256005,8.035343152965323,20.353052662767766,16.255586443623187,0.3559322033898305,0.19117647058823528,0.27355433698903286
eLORETA,15,-10,case_weighted,186,4,0.846147750823057,0.9259219375813879,1.7941354980206412,25.947872265543875,9.455522603604022,22.124442630687504,16.380541241523837,0.33586135778455967,16.628084917640393,1476.231182795699,25.947872265543875,9.455522603604022,22.124442630687504,16.380541241523837,0.3728813559322034,0.10294117647058823,0.2379112662013958
eLORETA,15,-5,case_weighted,186,4,0.8564452244567681,0.9302766343380224,1.7818891176800515,23.19290904631237,9.37895344168855,21.887549606999773,15.126377603078364,0.3263197261689971,15.312269051327322,1152.8440860215053,23.19290904631237,9.37895344168855,21.887549606999773,15.126377603078364,0.4322033898305085,0.10294117647058823,0.2675722831505484
eLORETA,15,0,case_weighted,186,4,0.8665688627313554,0.9363896998389266,1.763751803922066,20.3439896196292,9.405431713376633,21.592233762865717,15.54688743098752,0.32009355526370814,15.758308641612585,784.4462365591398,20.3439896196292,9.405431713376633,21.592233762865717,15.54688743098752,0.4491525423728814,0.19117647058823528,0.32016450648055833
eLORETA,15,5,case_weighted,186,4,0.8815482207456099,0.9426292020676426,1.743973366438742,18.412888573503906,9.387030971234637,21.312076155854523,14.964465167140082,0.31477595780558676,15.007178486174789,516.9516129032259,18.412888573503906,9.387030971234637,21.312076155854523,14.964465167140082,0.4576271186440678,0.17647058823529413,0.317048853439681
eLORETA,15,10,case_weighted,186,4,0.8902214310695136,0.9462057286059083,1.7265702188404426,17.842083792281535,8.978702849764181,20.99711432864347,15.181290967311584,0.31366075595437964,15.250939647411538,453.6236559139785,17.842083792281535,8.978702849764181,20.99711432864347,15.181290967311584,0.4576271186440678,0.22058823529411764,0.3391076769690927
eLORETA,15,15,case_weighted,186,4,0.8958703434371947,0.9481976734185021,1.7144910683337273,17.77758952303614,8.27470941194691,20.84261433104124,15.505627117227196,0.3121895887114733,15.470524264410496,436.33870967741933,17.77758952303614,8.27470941194691,20.84261433104124,15.505627117227196,0.4322033898305085,0.23529411764705882,0.33374875373878365
eLORETA,15,20,case_weighted,186,4,0.8987592501014077,0.9504615312926462,1.7119613561019915,17.983334192938653,8.119581451483302,20.41322665641931,16.242075768896306,0.318886411946168,16.242075768896306,436.59139784946234,17.983334192938653,8.119581451483302,20.41322665641931,16.242075768896306,0.3898305084745763,0.19117647058823528,0.2905034895314058
eLORETA,20,-10,case_weighted,186,4,0.8668283903928031,0.9314477405998166,1.7697326993576032,22.60103374576583,9.756460593425766,22.068807460504164,17.2841896384056,0.34202950276152816,17.481430646486043,843.9193548387096,22.60103374576583,9.756460593425766,22.068807460504164,17.2841896384056,0.3474576271186441,0.058823529411764705,0.2031405782652044
eLORETA,20,-5,case_weighted,186,4,0.8742341747459217,0.9359424715408848,1.7599818808112397,21.02162369605433,9.67283316161274,21.864935921466124,16.703438924410122,0.33209483888311553,16.91486013953065,701.6881720430108,21.02162369605433,9.67283316161274,21.864935921466124,16.703438924410122,0.3644067796610169,0.11764705882352941,0.24102691924227315
eLORETA,20,0,case_weighted,186,4,0.8797260870588495,0.9389602590306407,1.7464098228865,19.50487575877262,9.41610747637396,21.506511157696227,15.532828843647192,0.32278284655635064,15.5679316887976,569.6397849462365,19.50487575877262,9.41610747637396,21.506511157696227,15.532828843647192,0.4406779661016949,0.17647058823529413,0.3085742771684945
eLORETA,20,5,case_weighted,186,4,0.8875525366740087,0.9422939332466309,1.730772481091948,18.4998041652226,9.481363351163154,21.11900834267902,14.329132703264806,0.31582532560664556,14.209284092826465,492.8279569892473,18.4998041652226,9.481363351163154,21.11900834267902,14.329132703264806,0.4661016949152542,0.17647058823529413,0.3212861415752742
eLORETA,20,10,case_weighted,186,4,0.8919919492063912,0.9470936129830823,1.7165772529929426,17.898640372651307,9.418426923349696,20.843850628745436,15.188069652551196,0.3124321215586136,15.003481033145247,452.005376344086,17.898640372651307,9.418426923349696,20.843850628745436,15.188069652551196,0.4491525423728814,0.17647058823529413,0.31281156530408777
eLORETA,20,15,case_weighted,186,4,0.8958240775515987,0.9488045413140634,1.7066596443112652,17.660446113088767,9.106060235106776,20.766895841479585,15.121127633252305,0.31222826371319423,15.156230486069006,431.3440860215054,17.660446113088767,9.106060235106776,20.766895841479585,15.121127633252305,0.423728813559322,0.23529411764705882,0.32951146560319045
eLORETA,20,20,case_weighted,186,4,0.898183214452485,0.9492019249042508,1.7028714042862314,17.70909914606347,8.968499223759078,20.600225814920297,16.01523722472226,0.3127814553823527,16.01523722472226,426.68279569892474,17.70909914606347,8.968499223759078,20.600225814920297,16.01523722472226,0.4067796610169492,0.23529411764705882,0.321036889332004
sLORETA,-10,-10,case_weighted,186,4,0.7048756975820897,0.7407569633725312,1.9520668166857431,64.10277976747561,63.03566465055923,23.730729218807372,21.063166457636896,0.4944819539118498,21.71569675565133,2871.064516129032,64.10277976747561,63.03566465055923,23.730729218807372,21.063166457636896,0.23728813559322035,0.0,0.11864406779661017
sLORETA,-10,-5,case_weighted,186,4,0.7421741192657663,0.7824061529209716,1.9370311056511647,60.993546002449975,46.07440863921042,23.50375748232682,18.717820630748715,0.5293091976623974,18.130474361498685,2539.6612903225805,60.993546002449975,46.07440863921042,23.50375748232682,18.717820630748715,0.3559322033898305,0.0,0.17796610169491525
sLORETA,-10,0,case_weighted,186,4,0.780827918198742,0.8265177198309617,1.9167585633230908,56.46717948263354,30.353218979787766,23.153723817269704,17.06753431153876,0.5123588699329016,17.422984381962774,1964.274193548387,56.46717948263354,30.353218979787766,23.153723817269704,17.06753431153876,0.3898305084745763,0.0,0.19491525423728814
sLORETA,-10,5,case_weighted,186,4,0.8192689479826597,0.8712472611755154,1.8887985169278698,47.764273507675924,17.64091452520668,22.567453953670718,16.13352929790239,0.47723293104949394,16.354403149909974,1299.989247311828,47.764273507675924,17.64091452520668,22.567453953670718,16.13352929790239,0.423728813559322,0.0,0.211864406779661
sLORETA,-10,10,case_weighted,186,4,0.8454239676569951,0.90240745307145,1.8559346487606487,33.061057746827046,16.64290569569978,21.65561828003574,16.759715453730323,0.453227455193812,16.49744702733786,659.4032258064516,33.061057746827046,16.64290569569978,21.65561828003574,16.759715453730323,0.423728813559322,0.0,0.211864406779661
sLORETA,-10,15,case_weighted,186,4,0.8598512414251683,0.9180932906991466,1.8302669293896632,26.06036718157422,16.208443501565057,21.045557224024794,16.846743540122223,0.446146344834777,16.64593985496983,423.59139784946234,26.06036718157422,16.208443501565057,21.045557224024794,16.846743540122223,0.4152542372881356,0.0,0.2076271186440678
sLORETA,-10,20,case_weighted,186,4,0.8575701300076181,0.920842901094144,1.8207450996911168,25.798869002774218,15.848149760810303,20.701404903075424,16.9808416548522,0.4436529193440871,17.09689956621476,384.31182795698925,25.798869002774218,15.848149760810303,20.701404903075424,16.9808416548522,0.3898305084745763,0.0,0.19491525423728814
sLORETA,-5,-10,case_weighted,186,4,0.7493895589551616,0.800831645511708,1.93531374375572,63.49623799247758,50.06908535769991,23.607857561662843,20.76767807627493,0.46150793229376663,20.432658472470816,3079.6720430107525,63.49623799247758,50.06908535769991,23.607857561662843,20.76767807627493,0.2796610169491525,0.0,0.13983050847457626
sLORETA,-5,-5,case_weighted,186,4,0.7890263555455452,0.8356534625904244,1.9181343279682248,58.791055738857764,36.98523589208049,23.28366917789567,18.16228000008376,0.4782344158364659,17.538069463054736,2300.9193548387098,58.791055738857764,36.98523589208049,23.28366917789567,18.16228000008376,0.3305084745762712,0.0,0.1652542372881356
sLORETA,-5,0,case_weighted,186,4,0.8129376718813194,0.8652477518404573,1.8959537744350201,51.58502878565348,20.028132303342083,22.929726360719684,16.312802822115565,0.45822482508458384,16.324440648015386,1542.9569892473119,51.58502878565348,20.028132303342083,22.929726360719684,16.312802822115565,0.3813559322033898,0.0,0.1906779661016949
sLORETA,-5,5,case_weighted,186,4,0.8376201236785257,0.8923368864336363,1.869150288717055,40.62071144271423,17.582366088031332,22.466466592061526,16.976912681490465,0.4436039236052009,17.34821434127258,926.6505376344086,40.62071144271423,17.582366088031332,22.466466592061526,16.976912681490465,0.3474576271186441,0.0,0.17372881355932204
sLORETA,-5,10,case_weighted,186,4,0.8568919362472147,0.910449138451716,1.841060866730555,29.099049768485326,16.530579947502837,21.669200501099848,16.18121123883512,0.42948135010228394,16.059773711731264,549.5967741935484,29.099049768485326,16.530579947502837,21.669200501099848,16.18121123883512,0.4491525423728814,0.0,0.2245762711864407
sLORETA,-5,15,case_weighted,186,4,0.8656917619380007,0.9212787231876747,1.820454107196454,24.816148399668492,16.396171352523094,20.81280596550926,17.053667807977988,0.4292460973084922,17.110137578645936,397.85483870967744,24.816148399668492,16.396171352523094,20.81280596550926,17.053667807977988,0.4152542372881356,0.0,0.2076271186440678
sLORETA,-5,20,case_weighted,186,4,0.863259512883217,0.923659160805574,1.81271946050528,24.811343390043422,15.919314495644079,20.634988604379544,16.680901572230443,0.43726707151083577,16.680901572230443,377.9301075268817,24.811343390043422,15.919314495644079,20.634988604379544,16.680901572230443,0.4152542372881356,0.0,0.2076271186440678
sLORETA,0,-10,case_weighted,186,4,0.7825143797905668,0.848293499249623,1.9129446786704325,61.42790512602452,37.20827252891375,23.326668412246015,19.404092933649643,0.4276544677149118,18.49047600543286,2846.4247311827958,61.42790512602452,37.20827252891375,23.326668412246015,19.404092933649643,0.3389830508474576,0.0,0.1694915254237288
sLORETA,0,-5,case_weighted,186,4,0.820553661347835,0.8773139270779489,1.8925512017334882,53.646255502929684,23.495131940586422,22.903707643684058,19.078267786792903,0.43031394240670606,17.5191990352186,1922.978494623656,53.646255502929684,23.495131940586422,22.903707643684058,19.078267786792903,0.4067796610169492,0.0,0.2033898305084746
sLORETA,0,0,case_weighted,186,4,0.840280674811312,0.8968636155476928,1.8692995864390591,42.45160779260192,17.73111773532194,22.515759193029787,16.995315790375194,0.42795817097540834,16.133179724713685,1086.6666666666667,42.45160779260192,17.73111773532194,22.515759193029787,16.995315790375194,0.4152542372881356,0.0,0.2076271186440678
sLORETA,0,5,case_weighted,186,4,0.8564605025576821,0.9115520749440991,1.8433002942196863,31.65327152354652,17.566092783515167,22.024888471385463,16.615357348950706,0.4146808371671818,16.011634642929522,628.752688172043,31.65327152354652,17.566092783515167,22.024888471385463,16.615357348950706,0.4067796610169492,0.0,0.2033898305084746
sLORETA,0,10,case_weighted,186,4,0.8693946244763195,0.921087388622468,1.8193238659369244,25.154373158014085,17.03815459466552,21.370180330617142,16.18208343948724,0.41073909491970845,15.876528219429103,421.0967741935484,25.154373158014085,17.03815459466552,21.370180330617142,16.18208343948724,0.4491525423728814,0.0,0.2245762711864407
sLORETA,0,15,case_weighted,186,4,0.8716428805605049,0.9261597449156255,1.803874919785323,23.70427654202646,16.334201418149988,20.86749871868258,16.61602111138561,0.4092432584025693,16.61602111138561,357.2258064516129,23.70427654202646,16.334201418149988,20.86749871868258,16.61602111138561,0.3983050847457627,0.029411764705882353,0.21385842472582253
sLORETA,0,20,case_weighted,186,4,0.8712691322802075,0.9283934644844942,1.7999358945277864,23.73807978370983,15.91847817722632,20.39302037516177,16.54882941772612,0.4225725969212444,16.658335156560227,356.05913978494624,23.73807978370983,15.91847817722632,20.39302037516177,16.54882941772612,0.4322033898305085,0.014705882352941176,0.22345463609172483
sLORETA,5,-10,case_weighted,186,4,0.8069363654818366,0.8848183380154845,1.8835920186001782,54.22588453458163,23.662541287419664,22.83844213635435,17.151642490789733,0.4006566662184702,15.469621328586884,2117.8225806451615,54.22588453458163,23.662541287419664,22.83844213635435,17.151642490789733,0.4745762711864407,0.0,0.23728813559322035
sLORETA,5,-5,case_weighted,186,4,0.837852703843883,0.9049183948670962,1.8607751487206756,42.9806346216669,16.509406747636575,22.51789546956543,17.408426703625835,0.39481867030573004,15.94108137982179,1352.3118279569892,42.9806346216669,16.509406747636575,22.51789546956543,17.408426703625835,0.4576271186440678,0.0,0.2288135593220339
sLORETA,5,0,case_weighted,186,4,0.8575936756469611,0.9165683051447896,1.8373569720808607,31.774374200901324,15.20115917349413,22.12101621579862,16.961715499950458,0.39551303955792744,17.084905277483447,714.1720430107526,31.774374200901324,15.20115917349413,22.12101621579862,16.961715499950458,0.3728813559322034,0.0,0.1864406779661017
sLORETA,5,5,case_weighted,186,4,0.8702017302407808,0.9234154197959499,1.8149311234521828,25.757326834001965,16.094931996779934,21.52203274581238,16.360496946064515,0.4031573232380092,15.629798650191823,461.0698924731183,25.757326834001965,16.094931996779934,21.52203274581238,16.360496946064515,0.4152542372881356,0.029411764705882353,0.22233300099700898
sLORETA,5,10,case_weighted,186,4,0.8769228019935799,0.9294777593733626,1.797373487252836,23.430563800896785,17.31788452765849,21.10482576507485,16.012276174960576,0.4024838703205774,16.235535657581924,362.5537634408602,23.430563800896785,17.31788452765849,21.10482576507485,16.012276174960576,0.4152542372881356,0.04411764705882353,0.22968594217347957
sLORETA,5,15,case_weighted,186,4,0.8800611065706695,0.9322126183525692,1.7857725807514508,23.050501086466042,16.859332852491292,20.52767340997825,16.525250810497234,0.4003994535572382,16.581035601530548,329.09139784946234,23.050501086466042,16.859332852491292,20.52767340997825,16.525250810497234,0.4067796610169492,0.04411764705882353,0.22544865403788636
sLORETA,5,20,case_weighted,186,4,0.8778773278397773,0.9321560902286149,1.7841976039806355,23.13191518723795,16.000979014220352,20.116567488249558,15.651999174214303,0.406916918210268,15.587259180243679,330.8333333333333,23.13191518723795,16.000979014220352,20.116567488249558,15.651999174214303,0.4576271186440678,0.014705882352941176,0.2361665004985045
sLORETA,10,-10,case_weighted,186,4,0.8324837697987668,0.9071500535468633,1.8490264347464775,39.056988421652946,15.08700895421482,22.375240305906342,16.025922982419115,0.3886567438459498,15.0335610975935,1429.9247311827958,39.056988421652946,15.08700895421482,22.375240305906342,16.025922982419115,0.4576271186440678,0.0,0.2288135593220339
sLORETA,10,-5,case_weighted,186,4,0.850293161600711,0.9182118053531826,1.8289794484765807,31.808415610918832,13.894549160833988,22.10733708290656,16.03226798064531,0.37782114515319004,16.315870146202148,902.6612903225806,31.808415610918832,13.894549160833988,22.10733708290656,16.03226798064531,0.423728813559322,0.029411764705882353,0.2265702891326022
sLORETA,10,0,case_weighted,186,4,0.8666531624475283,0.9283764296785757,1.8041942160024744,24.255989888133154,13.82481670628114,21.64915252202543,16.084556654026674,0.37055110457491036,16.079849110988043,506.47849462365593,24.255989888133154,13.82481670628114,21.64915252202543,16.084556654026674,0.4322033898305085,0.029411764705882353,0.23080757726819542
sLORETA,10,5,case_weighted,186,4,0.8807121950826382,0.9347234407040933,1.785297582682615,22.28790400936028,15.28631741997363,21.22251822666445,15.868595419157312,0.38089824621808976,15.895530778760477,380.4032258064516,22.28790400936028,15.28631741997363,21.22251822666445,15.868595419157312,0.4152542372881356,0.08823529411764706,0.25174476570289134
sLORETA,10,10,case_weighted,186,4,0.8838518497724148,0.9348560171848131,1.7741089834523878,22.272197535144166,17.045439901675163,20.710149906935793,15.71536208737762,0.3964391275704616,15.803097372086071,335.0967741935484,22.272197535144166,17.045439901675163,20.710149906935793,15.71536208737762,0.4152542372881356,0.07352941176470588,0.24439182452642075
sLORETA,10,15,case_weighted,186,4,0.8836738755020885,0.9358481309048777,1.7692067451404871,22.556737834461114,17.13401079654859,20.29661107619172,16.40738749195774,0.394838539661806,16.442490335035497,317.8440860215054,22.556737834461114,17.13401079654859,20.29661107619172,16.40738749195774,0.3983050847457627,0.029411764705882353,0.21385842472582253
sLORETA,10,20,case_weighted,186,4,0.8834298512781005,0.9367065529850584,1.7696990100001708,22.750419974752553,17.015379622809593,20.107075557607445,15.789853010905647,0.3955180151672879,15.705107253284009,312.7204301075269,22.750419974752553,17.015379622809593,20.107075557607445,15.789853010905647,0.4152542372881356,0.058823529411764705,0.23703888334995016
sLORETA,15,-10,case_weighted,186,4,0.8532839566515038,0.9201022480412938,1.814439217797026,28.360126554955134,13.636127652086982,22.133759255371725,16.25332761415541,0.3830333598916297,16.148576084479323,901.6612903225806,28.360126554955134,13.636127652086982,22.133759255371725,16.25332761415541,0.3983050847457627,0.014705882352941176,0.20650548354935194
sLORETA,15,-5,case_weighted,186,4,0.8630841901819095,0.9265816976865444,1.7993782273264374,24.625742893580345,13.360399501183004,21.852133785722888,15.749361651827124,0.37475498721642686,15.867865519208674,641.5591397849462,24.625742893580345,13.360399501183004,21.852133785722888,15.749361651827124,0.423728813559322,0.04411764705882353,0.23392323030907278
sLORETA,15,0,case_weighted,186,4,0.8742817869113061,0.9326039413829594,1.7797731547456195,21.598671435551584,13.7433851285342,21.378171575130835,15.986229463038248,0.3678971157751574,16.055878129136044,447.46774193548384,21.598671435551584,13.7433851285342,21.378171575130835,15.986229463038248,0.423728813559322,0.04411764705882353,0.23392323030907278
sLORETA,15,5,case_weighted,186,4,0.884969059603033,0.9384132952264636,1.7610340723735312,21.00073251512522,14.28602733642963,21.06490600594927,16.54360586179329,0.36760318801480824,16.57870871460999,368.5537634408602,21.00073251512522,14.28602733642963,21.06490600594927,16.54360586179329,0.4152542372881356,0.08823529411764706,0.25174476570289134
sLORETA,15,10,case_weighted,186,4,0.8874294773440506,0.9401628413681522,1.7534871993586332,21.328254633911552,15.365213646577843,20.65644532522293,15.525949902774089,0.3771921466241589,15.525949902774089,328.9301075268817,21.328254633911552,15.365213646577843,20.65644532522293,15.525949902774089,0.4406779661016949,0.07352941176470588,0.2571036889332004
sLORETA,15,15,case_weighted,186,4,0.8880311154570053,0.9396024618012749,1.753381237117288,21.905010465108024,16.859824697721244,20.46294325198796,16.32961305531516,0.38878393128625427,16.424791500014507,315.5483870967742,21.905010465108024,16.859824697721244,20.46294325198796,16.32961305531516,0.3898305084745763,0.10294117647058823,0.24638584247258227
sLORETA,15,20,case_weighted,186,4,0.8884498566890557,0.9392679840601399,1.7573245036298424,22.32462328666359,17.516696080477274,19.961901141846983,16.675065089566584,0.39686558306223246,16.91097161136748,307.8440860215054,22.32462328666359,17.516696080477274,19.961901141846983,16.675065089566584,0.3644067796610169,0.10294117647058823,0.2336739780658026
sLORETA,20,-10,case_weighted,186,4,0.8628926227265703,0.9259535902616132,1.7921239908374411,24.697296638757667,14.843768658806725,22.042624084807027,16.864944788666573,0.38891172313128985,17.035108400498277,659.758064516129,24.697296638757667,14.843768658806725,22.042624084807027,16.864944788666573,0.3728813559322034,0.029411764705882353,0.20114656031904288
sLORETA,20,-5,case_weighted,186,4,0.8723106407710827,0.9305255901079137,1.7807346152150023,22.919230664238963,13.983717124018355,21.749613127906272,16.550659686414676,0.37565180429463857,16.550659686414676,549.752688172043,22.919230664238963,13.983717124018355,21.749613127906272,16.550659686414676,0.3813559322033898,0.014705882352941176,0.1980309072781655
sLORETA,20,0,case_weighted,186,4,0.8779506217158934,0.9345550127311915,1.7657836736696522,21.593305195135173,13.543115244789078,21.431444308609564,16.09665809972204,0.3665984963127879,15.99200521647591,460.6666666666667,21.593305195135173,13.543115244789078,21.431444308609564,16.09665809972204,0.4406779661016949,0.04411764705882353,0.24239780658025922
sLORETA,20,5,case_weighted,186,4,0.8852029531477836,0.9388609724592075,1.750455078441609,20.96202692158725,13.185891908680818,20.94651649974503,16.447356555368184,0.3674369184985933,16.567205158266997,399.0,20.96202692158725,13.185891908680818,20.94651649974503,16.447356555368184,0.4067796610169492,0.058823529411764705,0.23280159521435695
sLORETA,20,10,case_weighted,186,4,0.8885572877041775,0.9434241217495084,1.7386603131427323,20.671028337300882,14.272472448429225,20.628722909243557,16.510850070394746,0.36660884170854297,16.510850070394746,349.9301075268817,20.671028337300882,14.272472448429225,20.628722909243557,16.510850070394746,0.4067796610169492,0.17647058823529413,0.29162512462612167
sLORETA,20,15,case_weighted,186,4,0.8878382209668352,0.9424706812582048,1.7390605439423255,21.195044495434345,15.089631773691652,20.44953681533534,15.72073931533587,0.3757707461396375,15.720739321260771,319.994623655914,21.195044495434345,15.089631773691652,20.44953681533534,15.72073931533587,0.4406779661016949,0.11764705882352941,0.27916251246261214
sLORETA,20,20,case_weighted,186,4,0.8887995261993756,0.9415396167487424,1.7456397987360146,21.841354431198035,16.92581071508416,20.091043494962555,16.18560599635981,0.39063752126316337,16.18560599635981,310.5967741935484,21.841354431198035,16.92581071508416,20.091043494962555,16.18560599635981,0.3983050847457627,0.07352941176470588,0.2359172482552343
