method,eeg_snr_db,meg_snr_db,aggregation,case_count,scenario_count,auc,auc_tie_corrected,rmse,surface_sd_mm,surface_dle_mm,deep_sd_mm,deep_dle_mm,surface_sd_mm_penalized,surface_dle_mm_penalized,deep_sd_mm_penalized,deep_dle_mm_penalized,deep_score,deep_peak_distance_mm,active_count,deep_sensitivity,deep_specificity,deep_balanced_accuracy
Dipole fitting (grid),-10,-10,scenario_macro,186,4,0.6049065514999157,0.6083624015585122,1.5746963362251776,19.996695523435637,13.075551191588481,0.0,0.0,19.996695523435637,13.075551191588481,175.52183389220804,175.52183389220804,0.1875,0.0,2.1056985294117645,0.25,1.0,0.625
Dipole fitting (grid),-10,-5,scenario_macro,186,4,0.6359055061837743,0.6394454018314404,1.3850913345096822,13.412014355143492,9.855981582834373,4.999999699676777,4.999999699676777,13.412014355143492,9.855981582834373,154.92122598037648,154.92122598037648,0.2536764705882353,4.999999699676777,2.0330882352941178,0.338235294117647,1.0,0.6691176470588235
Dipole fitting (grid),-10,0,scenario_macro,186,4,0.6407427903844711,0.6413057281279961,1.308481768320365,8.326970586206722,9.400584809624588,0.999999939935355,0.999999939935355,8.326970586206722,9.400584809624588,150.3324198655475,150.3324198655475,0.2643610297494873,0.999999939935355,1.9669117647058822,0.35784313725490197,1.0,0.678921568627451
Dipole fitting (grid),-10,5,scenario_macro,186,4,0.6444599026346429,0.6405850720979914,1.2778705720867483,7.326157844950093,9.49776394821616,2.333333257807187,2.3333332578071864,7.326157844950093,9.49776394821616,140.1546649313823,140.1546649313823,0.2894301976112956,2.3333332578071864,1.9650735294117645,0.40196078431372545,1.0,0.7009803921568627
Dipole fitting (grid),-10,10,scenario_macro,186,4,0.6471703261539022,0.6407992983076451,1.2656101246169955,6.484980914977612,10.658443924202654,4.092047229490492,4.092047229490492,6.484980914977612,10.658443924202654,132.3896568343372,132.3896568343372,0.3029093159001957,4.092047229490492,1.9430147058823528,0.4313725490196078,1.0,0.7156862745098039
Dipole fitting (grid),-10,15,scenario_macro,186,4,0.6499364677262369,0.6411188196360416,1.2647592421424751,6.396000632251969,11.413639352746577,2.083333372687362,2.083333372687362,6.396000632251969,11.413639352746577,133.27145576511654,133.27145576511654,0.29257026717002477,2.083333372687362,1.8740808823529411,0.43137254901960786,1.0,0.7156862745098039
Dipole fitting (grid),-10,20,scenario_macro,186,4,0.64559219778321,0.6407715627623147,1.2683227905914811,7.263609946976897,12.113807060523461,3.0920474562370246,3.0920474562370246,7.263609946976897,12.113807060523461,134.6350403023342,134.6350403023342,0.2994885536381633,3.0920474562370246,1.8988970588235294,0.4215686274509804,0.9852941176470589,0.7034313725490197
Dipole fitting (grid),-5,-10,scenario_macro,186,4,0.6361278248286093,0.6397995199382204,1.4480568293927114,12.727721960821773,10.349289926648085,0.0,0.0,12.727721960821773,10.349289926648085,156.01940790418493,156.01940790418493,0.25,0.0,2.011029411764706,0.3333333333333333,1.0,0.6666666666666666
Dipole fitting (grid),-5,-5,scenario_macro,186,4,0.6389903474514754,0.6410927181460422,1.3424337289340422,8.75909442222689,9.10320172063619,0.0,0.0,8.75909442222689,9.10320172063619,153.72500484677042,153.72500484677042,0.25533029536922064,0.0,2.0073529411764706,0.34313725490196073,1.0,0.6715686274509803
Dipole fitting (grid),-5,0,scenario_macro,186,4,0.638724814576004,0.6419622642556762,1.288639133453009,5.9815752943308285,8.984370306588334,3.7499997747575815,3.7499997747575815,5.9815752943308285,8.984370306588334,151.5776606040523,151.5776606040523,0.2647058823529412,3.7499997747575815,1.9540441176470587,0.35294117647058826,1.0,0.6764705882352942
Dipole fitting (grid),-5,5,scenario_macro,186,4,0.6496730774428194,0.6430177512602,1.2497355080483814,4.901531891908728,8.657271925972475,3.4186329695487516,3.4186329695487516,4.901531891908728,8.657271925972475,132.3322267965465,132.3322267965465,0.30586243285465176,3.4186329695487516,1.931066176470588,0.4215686274509804,1.0,0.7107843137254902
Dipole fitting (grid),-5,10,scenario_macro,186,4,0.6546789532083233,0.6430622268234606,1.2411994652817953,5.150958833279419,9.859843932175062,3.7878785777732396,3.7878785777732396,5.150958833279419,9.859843932175062,128.73166924533837,128.73166924533837,0.3017015683812629,3.7878785777732396,1.9549632352941178,0.4509803921568627,1.0,0.7254901960784313
Dipole fitting (grid),-5,15,scenario_macro,186,4,0.6490420507679135,0.6413198613369282,1.258888545256059,6.827261689502856,11.240790586430933,4.210526110750382,4.210526110750382,6.827261689502856,11.240790586430933,132.27131304899834,132.27131304899834,0.30300634845304636,4.210526110750382,1.9522058823529411,0.4362745098039215,1.0,0.7181372549019608
Dipole fitting (grid),-5,20,scenario_macro,186,4,0.6494589487400774,0.6410554356661916,1.2595234676274125,6.570548874903321,10.680655617707695,4.285714040826853,4.285714040826853,6.570548874903321,10.680655617707695,127.82956573936208,127.82956573936208,0.306085779275289,4.285714040826853,1.9816176470588234,0.45588235294117646,1.0,0.7279411764705882
Dipole fitting (grid),0,-10,scenario_macro,186,4,0.6406307844781746,0.6401598949466826,1.3704489171719865,5.9245170092512724,9.77599232342714,0.0,0.0,5.9245170092512724,9.77599232342714,150.2834002606487,150.2834002606487,0.26256993975982873,0.0,1.8455882352941178,0.35784313725490197,1.0,0.678921568627451
Dipole fitting (grid),0,-5,scenario_macro,186,4,0.6406349142328875,0.6410689865750266,1.3221791163391057,5.858162516906656,9.637544008422182,3.999999836354417,3.999999836354417,5.858162516906656,9.637544008422182,148.1360560235639,148.1360560235639,0.2719545823398592,3.999999836354417,1.9880514705882353,0.3676470588235294,1.0,0.6838235294117647
Dipole fitting (grid),0,0,scenario_macro,186,4,0.6473066321060061,0.6420583457531867,1.2669953150984388,4.411948143332697,9.125358909806677,0.5555555860304718,0.5555555860304718,4.411948143332697,9.125358909806677,140.0566257233477,140.0566257233477,0.2902842324029031,0.5555555860304718,1.9237132352941173,0.40196078431372545,1.0,0.7009803921568627
Dipole fitting (grid),0,5,scenario_macro,186,4,0.6528656414008118,0.6446089610077749,1.2342962283594865,4.320068541060937,8.856123170209022,2.4444444508457495,2.4444444508457495,4.320068541060937,8.856123170209022,132.17327384272673,132.17327384272673,0.3010532567396361,2.4444444508457495,1.96875,0.4362745098039216,1.0,0.7181372549019608
Dipole fitting (grid),0,10,scenario_macro,186,4,0.6533734613754117,0.6427768329948864,1.242768743465322,6.290620574725093,10.46419056039881,0.4166666416397313,0.4166666416397313,6.290620574725093,10.46419056039881,130.87901348242318,130.87901348242318,0.3008243559953224,0.4166666416397313,2.069852941176471,0.4411764705882353,0.9852941176470589,0.7132352941176471
Dipole fitting (grid),0,15,scenario_macro,186,4,0.6524846932078817,0.6418716299282878,1.2415775401701217,4.995234718845086,8.77941311699266,2.888888728527901,2.888888728527901,4.995234718845086,8.77941311699266,126.58432500085728,126.58432500085728,0.3133793302882277,2.888888728527901,1.9761029411764706,0.46078431372549017,1.0,0.7303921568627451
Dipole fitting (grid),0,20,scenario_macro,186,4,0.6474090334136999,0.6411206164399783,1.2607013796607989,6.472833903051186,10.891680050281174,4.782403315706166,4.782403315706166,6.472833903051186,10.891680050281174,134.6266298634962,134.6266298634962,0.2969871010781393,4.782403315706166,2.009191176470588,0.41176470588235287,1.0,0.7058823529411764
Dipole fitting (grid),5,-10,scenario_macro,186,4,0.6497739726644098,0.6410211168424431,1.297834836905134,4.68040511203803,8.956113087040363,2.709693281459566,2.709693281459566,4.68040511203803,8.956113087040363,126.69425838392226,126.69425838392226,0.31736463187045116,2.709693281459566,1.8161764705882353,0.446078431372549,1.0,0.7230392156862745
Dipole fitting (grid),5,-5,scenario_macro,186,4,0.6589537532922517,0.6429361923566539,1.2584276060984099,4.029621934413041,8.452852756653577,1.166073712808045,1.166073712808045,4.029621934413041,8.452852756653577,120.70842837451202,120.70842837451202,0.32725552932756463,1.166073712808045,1.9954044117647056,0.4754901960784313,0.9852941176470589,0.7303921568627451
Dipole fitting (grid),5,0,scenario_macro,186,4,0.6548451944741833,0.6434664130078414,1.2359378207038898,4.443879102723676,8.853745003618437,1.3142696440966155,1.3142696440966155,4.443879102723676,8.853745003618437,125.31036924813189,125.31036924813189,0.31793937004842,1.3142696440966155,1.9374999999999998,0.46078431372549017,1.0,0.7303921568627451
Dipole fitting (grid),5,5,scenario_macro,186,4,0.6604410104532146,0.6445218989359449,1.2216078007237179,4.5655277660005344,9.760544543007184,1.8115942556475153,1.8115942556475153,4.5655277660005344,9.760544543007184,120.70125855776162,120.70125855776162,0.3300238711999681,1.8115942556475153,2.041360294117647,0.4852941176470589,0.9852941176470589,0.7352941176470589
Dipole fitting (grid),5,10,scenario_macro,186,4,0.6592208522758083,0.6449595781058662,1.2111839775949023,4.540422344100873,9.07928550034819,0.555555549113263,0.555555549113263,4.540422344100873,9.07928550034819,124.09384352948094,124.09384352948094,0.3085388282014291,0.555555549113263,2.077205882352941,0.4705882352941177,1.0,0.7352941176470589
Dipole fitting (grid),5,15,scenario_macro,186,4,0.6599645834893931,0.6449080678118015,1.2110876661435288,5.25403533701402,10.000551056481585,0.2898550717087252,0.2898550717087252,5.25403533701402,10.000551056481585,125.14300584452026,125.14300584452026,0.31078679333158776,0.2898550717087252,2.072610294117647,0.465686274509804,1.0,0.732843137254902
Dipole fitting (grid),5,20,scenario_macro,186,4,0.6542366039085693,0.6420252045601543,1.2542520176730236,6.283075459124208,10.460469757818998,2.8282826584030247,2.8282826584030247,6.283075459124208,10.460469757818998,124.28992193957247,124.28992193957247,0.3108180753566598,2.8282826584030247,1.9283088235294117,0.4705882352941176,1.0,0.7352941176470588
Dipole fitting (grid),10,-10,scenario_macro,186,4,0.6621457127889996,0.6411823439412941,1.2621679166333686,6.408802756707146,9.885131597948352,0.7847613386071881,0.7847613386071881,6.408802756707146,9.885131597948352,112.70272440340636,112.70272440340636,0.3304199438208136,0.7847613386071881,1.784926470588235,0.5098039215686274,1.0,0.7549019607843137
Dipole fitting (grid),10,-5,scenario_macro,186,4,0.6630464951988283,0.6424328113670319,1.257962737777199,5.3317513474735705,8.586008560873294,2.3912017005926782,2.3912017005926782,5.3317513474735705,8.586008560873294,112.82980082721787,112.82980082721787,0.33680751934223263,2.3912017005926782,1.9641544117647056,0.5049019607843137,0.9852941176470589,0.7450980392156863
Dipole fitting (grid),10,0,scenario_macro,186,4,0.6637691260515792,0.6440097704409012,1.2246910541782734,4.365992451402139,9.418052153183448,0.9503867687870792,0.9503867687870792,4.365992451402139,9.418052153183448,112.69115243058923,112.69115243058923,0.33658032450587927,0.9503867687870792,2.0514705882352944,0.5147058823529412,1.0,0.7573529411764706
Dipole fitting (grid),10,5,scenario_macro,186,4,0.6675483983389452,0.6460049581764346,1.1899558360000304,3.6193960524700195,8.481756159130526,1.7192742190127388,1.7192742190127388,3.6193960524700195,8.481756159130526,104.98705810616981,104.98705810616981,0.3385994584626559,1.7192742190127388,2.1378676470588234,0.5294117647058824,0.9852941176470589,0.7573529411764706
Dipole fitting (grid),10,10,scenario_macro,186,4,0.6631957358404925,0.6453799125168903,1.1965474342242137,4.143405729066372,8.437575573577792,0.5449646506259276,0.5449646506259276,4.143405729066372,8.437575573577792,118.37814047988856,118.37814047988856,0.3209647821853541,0.5449646506259276,2.092830882352941,0.49019607843137253,0.9852941176470589,0.7377450980392157
Dipole fitting (grid),10,15,scenario_macro,186,4,0.6588617377418238,0.6457752650669625,1.2054307293863942,4.2092938756094656,8.670870249137392,0.1587301491960881,0.1587301491960881,4.2092938756094656,8.670870249137392,129.68279234881712,129.68279234881712,0.29759053942702,0.1587301491960881,2.042279411764706,0.446078431372549,1.0,0.7230392156862745
Dipole fitting (grid),10,20,scenario_macro,186,4,0.652701665378131,0.6439001033172991,1.2350687225849222,5.0930929929632205,8.5762509579617,3.8596492279536982,3.8596492279536982,5.0930929929632205,8.5762509579617,129.97691000108748,129.97691000108748,0.30141661701028244,3.8596492279536982,2.015625,0.446078431372549,0.9852941176470589,0.7156862745098039
Dipole fitting (grid),15,-10,scenario_macro,186,4,0.663989902013926,0.6406637626029996,1.2655016883868129,6.658363970071928,10.7442200713395,1.635022032795317,1.635022032795317,6.658363970071928,10.7442200713395,104.9333141953877,104.9333141953877,0.33751471423913965,1.635022032795317,1.6599264705882353,0.5343137254901961,1.0,0.767156862745098
Dipole fitting (grid),15,-5,scenario_macro,186,4,0.6647168391519735,0.6421170340757293,1.2461892112928228,5.3637369674855995,9.935826075361538,2.776364890036089,2.776364890036089,5.3637369674855995,9.935826075361538,98.49884513769695,98.49884513769695,0.3491641736440897,2.776364890036089,1.738051470588235,0.553921568627451,1.0,0.7769607843137255
Dipole fitting (grid),15,0,scenario_macro,186,4,0.6648210534272452,0.6433326604007971,1.2333732193428855,5.150013997919598,8.811169855183222,1.6222708118448086,1.6222708118448086,5.150013997919598,8.811169855183222,109.408500823272,109.408500823272,0.3325992606381968,1.6222708118448086,1.9090073529411762,0.5147058823529412,1.0,0.7573529411764706
Dipole fitting (grid),15,5,scenario_macro,186,4,0.665576404340769,0.6444292106508065,1.2135399761704675,4.830622188786124,8.766988916720324,1.3738887782796734,1.3738887782796734,4.830622188786124,8.766988916720324,109.3475870637687,109.3475870637687,0.33494868803502365,1.3738887782796734,2.1286764705882355,0.5294117647058824,0.9852941176470589,0.7573529411764706
Dipole fitting (grid),15,10,scenario_macro,186,4,0.6672550764753489,0.6459762336630277,1.1956018853844506,3.736803671498102,7.861937181017672,1.011494267039282,1.011494267039282,3.736803671498102,7.861937181017672,111.52364632634071,111.52364632634071,0.3289086259644641,1.011494267039282,2.090073529411765,0.5245098039215687,0.9852941176470589,0.7549019607843137
Dipole fitting (grid),15,15,scenario_macro,186,4,0.6679957651187366,0.6456081776186742,1.1832924672878822,4.182022257863205,8.357411333390973,0.892273073968577,0.892273073968577,4.182022257863205,8.357411333390973,110.368034359047,110.368034359047,0.337189025308122,0.892273073968577,2.1387867647058822,0.5196078431372549,1.0,0.7598039215686274
Dipole fitting (grid),15,20,scenario_macro,186,4,0.6547026560511097,0.6443482833867231,1.2215237274189952,4.463487830841403,9.655632219890833,3.735702067894689,3.735702067894689,4.463487830841403,9.655632219890833,130.9973572867693,130.9973572867693,0.2938484265320687,3.735702067894689,2.083639705882353,0.4362745098039215,1.0,0.7181372549019608
Dipole fitting (grid),20,-10,scenario_macro,186,4,0.65858983562743,0.6399109384702631,1.282617320589292,6.574172913830897,10.908796162538332,3.1539256951219623,3.1539256951219623,6.574172913830897,10.908796162538332,109.92562148098892,109.92562148098892,0.33168615789831196,3.1539256951219623,1.6102941176470587,0.5,1.0,0.75
Dipole fitting (grid),20,-5,scenario_macro,186,4,0.6617878729929874,0.6408240198364871,1.2620600062606,6.413152227862491,10.211960365659339,2.702719394046296,2.702719394046296,6.413152227862491,10.211960365659339,106.35237190276432,106.35237190276432,0.33401063813104853,2.702719394046296,1.7490808823529411,0.5245098039215687,1.0,0.7622549019607843
Dipole fitting (grid),20,0,scenario_macro,186,4,0.6646523418797047,0.6415890798516274,1.2575696143760569,5.454554163197783,10.16544303208668,2.2612111787561133,2.2612111787561133,5.454554163197783,10.16544303208668,106.21216069697674,106.21216069697674,0.3288403813002653,2.2612111787561133,1.9255514705882353,0.5196078431372548,0.9852941176470589,0.7524509803921569
Dipole fitting (grid),20,5,scenario_macro,186,4,0.6637307734190023,0.6421719121898949,1.244816614228436,5.38138494268436,10.503418160327024,2.1211115224908563,2.1211115224908563,5.38138494268436,10.503418160327024,109.47782500852979,109.47782500852979,0.33304173852399616,2.1211115224908563,2.1636029411764706,0.5098039215686274,0.9852941176470589,0.7475490196078431
Dipole fitting (grid),20,10,scenario_macro,186,4,0.6762141781408373,0.6454467142780473,1.1966779731311157,4.332978969946608,8.50861482226162,0.8889766647069631,0.8889766647069631,4.332978969946608,8.50861482226162,95.57275829614485,95.57275829614485,0.34608556698610915,0.8889766647069631,2.1948529411764706,0.5784313725490197,1.0,0.7892156862745099
Dipole fitting (grid),20,15,scenario_macro,186,4,0.6662392786545337,0.6458085526268448,1.2007007134187746,4.553686829246437,8.681219963195385,1.2682459219909126,1.2682459219909126,4.553686829246437,8.681219963195385,110.49478859600192,110.49478859600192,0.3268689433770196,1.2682459219909126,2.11764705882353,0.5245098039215687,1.0,0.7622549019607843
Dipole fitting (grid),20,20,scenario_macro,186,4,0.665557985943531,0.6466977542182716,1.1856064315678858,3.9301376260504455,8.148074769014128,2.190859598576725,2.190859598576725,3.9301376260504455,8.148074769014128,113.9925826224315,113.9925826224315,0.3286162976412109,2.190859598576725,2.1066176470588234,0.5,0.9852941176470589,0.7426470588235294
LCMV,-10,-10,scenario_macro,186,4,0.7874272640675865,0.7323409726074492,1.9583475917703845,54.790237434820604,57.77505609649597,22.01310658425645,14.605183688559123,54.790237434820604,57.77505609649597,22.01310658425645,14.605183688559123,0.078125,0.0,1587.2509191176468,0.10416666666666667,1.0,0.5520833333333334
LCMV,-10,-5,scenario_macro,186,4,0.7949724707767112,0.7438953753132924,1.9491576939935187,53.183958467167365,54.73104158309962,20.672370242240405,11.846776457180212,53.183958467167365,54.73104158309962,20.672370242240405,11.846776457180212,0.20680147058823528,0.0,1218.6452205882354,0.275735294117647,1.0,0.6378676470588235
LCMV,-10,0,scenario_macro,186,4,0.7996320329454145,0.7526305057828937,1.9336123264416072,51.86363055531472,50.504594454530285,18.570917987875433,10.62011805688467,51.86363055531472,50.504594454530285,18.570917987875433,10.62011805688467,0.26823597882519534,0.0,866.84375,0.35784313725490197,1.0,0.678921568627451
LCMV,-10,5,scenario_macro,186,4,0.8035141771791662,0.7590359070534093,1.9018068227063443,50.96969601777396,49.54766116844701,16.089802743202434,7.662843920008455,50.96969601777396,49.54766116844701,16.089802743202434,7.662843920008455,0.36720616757752655,1.7805647402084792,625.328125,0.4901960784313726,1.0,0.7450980392156863
LCMV,-10,10,scenario_macro,186,4,0.8108447693069949,0.7626452920429383,1.8446269077209378,50.57682109149237,48.83808126742817,13.744154358114466,5.745325114854187,50.57682109149237,48.83808126742817,13.744154358114466,5.745325114854187,0.6316550264460398,3.1362698742745643,477.96599264705884,0.8284313725490197,0.8235294117647058,0.8259803921568627
LCMV,-10,15,scenario_macro,186,4,0.8181305973172034,0.7645611150400433,1.7522329210490295,50.39454164591908,49.26492792470725,11.24703291189598,4.502372428829589,50.39454164591908,49.26492792470725,11.24703291189598,4.502372428829589,0.7876423731640825,3.2195266339407738,401.063419117647,0.9068627450980392,0.10294117647058823,0.5049019607843137
LCMV,-10,20,scenario_macro,186,4,0.8216264970181436,0.7652638702343916,1.6379177661945352,50.257430975876815,46.90517763547618,8.878713751503549,3.0517901240818204,50.257430975876815,46.90517763547618,8.878713751503549,3.0517901240818204,0.8139495655784587,2.411051509649913,350.3115808823529,0.9558823529411765,0.0,0.47794117647058826
LCMV,-5,-10,scenario_macro,186,4,0.8039627832360364,0.7432479197239766,1.9534491179689275,55.51589738056389,55.31493847770497,21.901236135741943,13.505277896189114,55.51589738056389,55.31493847770497,21.901236135741943,13.505277896189114,0.140625,1.111111044372617,1729.2693014705883,0.1875,1.0,0.59375
LCMV,-5,-5,scenario_macro,186,4,0.8067346480689667,0.7477826592979635,1.9443211417434307,54.015575692705006,52.14282099530018,20.56560099233617,12.836562069745435,54.015575692705006,52.14282099530018,20.56560099233617,12.836562069745435,0.23805147058823528,0.0,1470.6976102941176,0.3174019607843137,1.0,0.6587009803921569
LCMV,-5,0,scenario_macro,186,4,0.8089810576563505,0.7543260486738764,1.9304403561703143,52.534037645058014,48.55397580981483,18.55469105848834,9.75047376744408,52.534037645058014,48.55397580981483,18.55469105848834,9.75047376744408,0.2749883415469135,0.6666666792599555,1144.3198529411766,0.3676470588235294,1.0,0.6838235294117647
LCMV,-5,5,scenario_macro,186,4,0.8099865352825741,0.7589922501492927,1.899871482051174,51.35674330310777,48.61357785679038,16.168996344336318,8.122013470782468,51.35674330310777,48.61357785679038,16.168996344336318,8.122013470782468,0.3840516936787818,0.7238853628506082,817.8943014705883,0.5294117647058824,1.0,0.7647058823529411
LCMV,-5,10,scenario_macro,186,4,0.8142768888554163,0.7619957022548987,1.845150061103573,50.72876897722697,48.27659841564113,13.55923871552323,5.699863252510279,50.72876897722697,48.27659841564113,13.55923871552323,5.699863252510279,0.6537041703731408,3.445381785140636,585.9053308823529,0.8578431372549019,0.7794117647058824,0.8186274509803921
LCMV,-5,15,scenario_macro,186,4,0.8186047598786425,0.763740397174641,1.7534215976523693,50.35969563237887,47.98527123353336,11.246289536178159,4.385757853619449,50.35969563237887,47.98527123353336,11.246289536178159,4.385757853619449,0.8026385482266504,3.0227529235924657,448.74816176470586,0.926470588235294,0.11764705882352941,0.5220588235294117
LCMV,-5,20,scenario_macro,186,4,0.8217847421930353,0.7650258914160749,1.639158570870835,50.25954832835016,47.756261419389055,8.818812826474698,2.707220587803841,50.25954832835016,47.756261419389055,8.818812826474698,2.707220587803841,0.8254512386420436,2.489108347903687,374.3639705882353,0.9509803921568628,0.0,0.4754901960784314
LCMV,0,-10,scenario_macro,186,4,0.8144794407698231,0.7527005485778993,1.9471585566272478,55.354970087148395,52.39844792465303,21.378554591905708,11.41227346915863,55.354970087148395,52.39844792465303,21.378554591905708,11.41227346915863,0.23253676470588236,0.0,1636.6737132352941,0.31004901960784315,1.0,0.6550245098039216
LCMV,0,-5,scenario_macro,186,4,0.8169089855702687,0.7528896897957479,1.938084209202353,54.3275687007711,49.459557660351216,20.04078330738726,9.981282226035093,54.3275687007711,49.459557660351216,20.04078330738726,9.981282226035093,0.2549406804131619,0.0,1489.4301470588234,0.346813725490196,1.0,0.673406862745098
LCMV,0,0,scenario_macro,186,4,0.817808021591815,0.7547606491018525,1.9222047202059545,53.07191515005102,47.962959430710676,18.02847379975954,8.294148460272902,53.07191515005102,47.962959430710676,18.02847379975954,8.294148460272902,0.3145914494635959,1.821367131654762,1304.6452205882354,0.4215686274509804,1.0,0.7107843137254902
LCMV,0,5,scenario_macro,186,4,0.8184824038100778,0.759203282240744,1.893314882130656,51.77548213275241,47.42878561225626,15.868143824743406,6.995686293197678,51.77548213275241,47.42878561225626,15.868143824743406,6.995686293197678,0.44176447939483954,0.425091704870046,1035.764705882353,0.5931372549019608,1.0,0.7965686274509804
LCMV,0,10,scenario_macro,186,4,0.8208155643045455,0.7632157666373218,1.8369988560114725,50.92242151650222,48.77456333305332,13.530180096357768,4.980364591916376,50.92242151650222,48.77456333305332,13.530180096357768,4.980364591916376,0.6710223238789047,1.6129725636827306,753.7545955882354,0.8725490196078431,0.7647058823529411,0.8186274509803921
LCMV,0,15,scenario_macro,186,4,0.8212713083413147,0.7635382907991686,1.7476137645789467,50.5469083945564,48.03928759390508,11.22341751932179,3.630696582338331,50.5469083945564,48.03928759390508,11.22341751932179,3.630696582338331,0.8261418952710194,2.1041213098996034,556.7426470588235,0.9362745098039215,0.1323529411764706,0.5343137254901961
LCMV,0,20,scenario_macro,186,4,0.8233712933982964,0.7653648161450516,1.6374985039283694,50.214522590422526,47.69530759818869,8.724830173783566,2.4603933182946545,50.214522590422526,47.69530759818869,8.724830173783566,2.4603933182946545,0.8446232317212317,1.8781229789235983,421.8428308823529,0.9607843137254902,0.0,0.4803921568627451
LCMV,5,-10,scenario_macro,186,4,0.8202555718565754,0.75758232039811,1.9367329570798029,54.472633821863106,49.68315629449355,19.95518205359488,8.556186210545912,54.472633821863106,49.68315629449355,19.95518205359488,8.556186210545912,0.3905249260215759,0.7665526659245182,1401.5082720588234,0.5196078431372549,1.0,0.7598039215686274
LCMV,5,-5,scenario_macro,186,4,0.8233946831827316,0.7565092530769774,1.9264778156571165,53.73538155749957,47.877509736193794,18.25297235842166,7.959212059454662,53.73538155749957,47.877509736193794,18.25297235842166,7.959212059454662,0.40337582415557616,1.199434081570015,1358.2904411764705,0.5330882352941176,1.0,0.7665441176470589
LCMV,5,0,scenario_macro,186,4,0.8243704634924583,0.7567460467545264,1.910441845544924,52.8100583889911,46.83016730042177,16.52537248555168,6.822155429680052,52.8100583889911,46.83016730042177,16.52537248555168,6.822155429680052,0.4622738357476461,1.9245133536829186,1244.9200367647059,0.6029411764705882,1.0,0.8014705882352942
LCMV,5,5,scenario_macro,186,4,0.8256400703580545,0.7584930812764226,1.8810864349845464,51.883239611731995,46.092235676025616,15.075116522086361,5.666576807639316,51.883239611731995,46.092235676025616,15.075116522086361,5.666576807639316,0.5696064732453461,0.9637366990892552,1119.0744485294117,0.7745098039215687,1.0,0.8872549019607843
LCMV,5,10,scenario_macro,186,4,0.8257613242370262,0.7615632741230827,1.8275218633462225,51.140524041469284,46.56766553387903,13.011299417175811,3.5160031525696938,51.140524041469284,46.56766553387903,13.011299417175811,3.5160031525696938,0.6983644521262665,1.028102590108827,917.6332720588234,0.9117647058823529,0.6911764705882353,0.8014705882352942
LCMV,5,15,scenario_macro,186,4,0.8258906288023364,0.7645542361499055,1.7397642885828875,50.49199946818042,48.4328775412426,10.902097922225819,2.8194689310358148,50.49199946818042,48.4328775412426,10.902097922225819,2.8194689310358148,0.8455011391958275,1.377761968762116,684.5027573529412,0.9754901960784315,0.16176470588235295,0.5686274509803922
LCMV,5,20,scenario_macro,186,4,0.8255399466493298,0.7649066512315946,1.6321974846145917,50.284378875194136,46.866956758159624,8.574052680560532,1.7785209563899806,50.284378875194136,46.866956758159624,8.574052680560532,1.7785209563899806,0.8712578662266237,1.445356937070619,503.1727941176471,0.9705882352941176,0.0,0.4852941176470588
LCMV,10,-10,scenario_macro,186,4,0.8259886064310148,0.7603623900106882,1.9159640771827442,52.93638606333923,48.27096999783325,16.795883762886785,5.086186574859334,52.93638606333923,48.27096999783325,16.795883762886785,5.086186574859334,0.5950711359578866,1.1108002492173996,1109.0431985294117,0.7990196078431372,0.9558823529411765,0.8774509803921569
LCMV,10,-5,scenario_macro,186,4,0.8280548737967586,0.7603880298337751,1.9058489576430266,52.60444095955893,47.690016002782556,15.908407900559107,4.637602192566939,52.60444095955893,47.690016002782556,15.908407900559107,4.637602192566939,0.6087218059098813,0.7800711347447497,1131.594669117647,0.8382352941176471,0.9705882352941176,0.9044117647058824
LCMV,10,0,scenario_macro,186,4,0.8299343132625675,0.7597331479519343,1.8878948804415328,52.201487319368276,44.833424777407124,14.952767838796973,3.828522452801593,52.201487319368276,44.833424777407124,14.952767838796973,3.828522452801593,0.6304796442651706,0.8088389122368195,1104.0183823529412,0.8676470588235293,1.0,0.9338235294117647
LCMV,10,5,scenario_macro,186,4,0.8297076867667643,0.7585520798201061,1.856744147662307,51.393810974258855,45.35095949506972,13.529275141530489,3.1555491068116766,51.393810974258855,45.35095949506972,13.529275141530489,3.1555491068116766,0.6554472786524443,0.561463555356259,1043.8529411764705,0.8970588235294118,0.9558823529411765,0.9264705882352942
LCMV,10,10,scenario_macro,186,4,0.8288128266841314,0.7589127791975696,1.8052015013981333,50.87065540160008,46.156146229606954,11.905027005087737,2.3787633581610055,50.87065540160008,46.156146229606954,11.905027005087737,2.3787633581610055,0.7517866921236083,0.5797327538792277,957.8639705882352,0.9607843137254902,0.6764705882352942,0.8186274509803921
LCMV,10,15,scenario_macro,186,4,0.8279982118667861,0.7619904725191774,1.722557128537404,50.39766523067501,47.18623248854107,10.191638061379996,1.5649056085388164,50.39766523067501,47.18623248854107,10.191638061379996,1.5649056085388164,0.8688070809807638,0.9417038986890254,806.2977941176471,0.9754901960784315,0.07352941176470588,0.5245098039215687
LCMV,10,20,scenario_macro,186,4,0.8277695103471484,0.7645714436984625,1.6159980924394266,50.12569228571596,48.42792651109809,8.187427472013045,1.0856012053680084,50.12569228571596,48.42792651109809,8.187427472013045,1.0856012053680084,0.8930991227953136,0.9402716019875804,608.8125,0.9901960784313726,0.0,0.4950980392156863
LCMV,15,-10,scenario_macro,186,4,0.829582418184172,0.7633292985492155,1.8753532707368592,51.489595963272365,47.21398777432484,13.135559931584647,1.9163225610299996,51.489595963272365,47.21398777432484,13.135559931584647,1.9163225610299996,0.7203708602739376,0.3867098060884051,915.5487132352941,0.9803921568627452,0.7794117647058824,0.8799019607843137
LCMV,15,-5,scenario_macro,186,4,0.8299047860752939,0.7627273641783492,1.8647720513517212,51.25981914365523,46.13649833913058,12.568691552620601,2.238081052015054,51.25981914365523,46.13649833913058,12.568691552620601,2.238081052015054,0.7254673412517134,0.4197569269710864,947.7693014705882,0.9754901960784315,0.7941176470588235,0.8848039215686274
LCMV,15,0,scenario_macro,186,4,0.8303849848318969,0.7615384850725243,1.8497052876367805,51.2583213091265,45.13432683249274,12.17279483907214,1.6330608429269642,51.2583213091265,45.13432683249274,12.17279483907214,1.6330608429269642,0.7295203180432899,0.4566568127598398,944.0818014705882,0.9754901960784315,0.7647058823529411,0.8700980392156863
LCMV,15,5,scenario_macro,186,4,0.8307503729977456,0.75919795983375,1.817647162931579,50.76970693574756,44.68659349083267,11.390809463756787,1.096648563382454,50.76970693574756,44.68659349083267,11.390809463756787,1.096648563382454,0.7426409851026411,0.35679774120305113,946.8501838235295,0.9803921568627452,0.7205882352941176,0.8504901960784315
LCMV,15,10,scenario_macro,186,4,0.8309663970127802,0.759091518826282,1.7683679617464514,50.25768430578887,44.425506181923375,10.252303034272261,0.7543581021805523,50.25768430578887,44.425506181923375,10.252303034272261,0.7543581021805523,0.7961098569802502,0.25699219439409854,911.2215073529412,0.9852941176470589,0.45588235294117646,0.7205882352941176
LCMV,15,15,scenario_macro,186,4,0.830327645400072,0.7601448307375878,1.6891257356593778,49.948398672500566,45.80016317874663,8.67552065353838,0.7966964867338531,49.948398672500566,45.80016317874663,8.67552065353838,0.7966964867338531,0.8482021656903462,0.35676063395079166,834.7022058823529,0.9852941176470589,0.10294117647058823,0.5441176470588236
LCMV,15,20,scenario_macro,186,4,0.8295040141900574,0.7621179303716975,1.5967566453990703,49.7496862727214,47.478047677587334,7.264136060951692,0.5260809297476682,49.7496862727214,47.478047677587334,7.264136060951692,0.5260809297476682,0.8962641271266425,0.33000249854153324,697.0073529411765,0.9950980392156863,0.0,0.49754901960784315
LCMV,20,-10,scenario_macro,186,4,0.8302057263249351,0.763627571837676,1.7980453544615813,50.213388884153865,45.61546619396015,9.313881529919549,0.5379750897221273,50.213388884153865,45.61546619396015,9.313881529919549,0.5379750897221273,0.7768777957564061,0.33472682975645834,791.2693014705883,0.9901960784313726,0.45588235294117646,0.7230392156862745
LCMV,20,-5,scenario_macro,186,4,0.830249078732669,0.7631479728509479,1.7916914023861628,50.27700782563094,46.92909170851436,9.206678508640495,0.21638302809689466,50.27700782563094,46.92909170851436,9.206678508640495,0.21638302809689466,0.7866114085655012,0.11834380703269376,800.3299632352941,0.9950980392156863,0.39705882352941174,0.696078431372549
LCMV,20,0,scenario_macro,186,4,0.8311393587167095,0.7634070012291075,1.7801397863887918,50.07037950716734,45.47566165350285,9.077615487873414,0.3550314157249512,50.07037950716734,45.47566165350285,9.077615487873414,0.3550314157249512,0.7811142275400482,0.2569921946607503,823.7178308823529,0.9852941176470589,0.47058823529411764,0.7279411764705883
LCMV,20,5,scenario_macro,186,4,0.8324504096837809,0.7629347780925468,1.7505727941771747,49.90286237398748,45.46889683457568,8.614375838303566,0.4530706367891521,49.90286237398748,45.46889683457568,8.614375838303566,0.4530706367891521,0.7967263993669238,0.187667998160157,816.3005514705883,0.9901960784313726,0.38235294117647056,0.6862745098039216
LCMV,20,10,scenario_macro,186,4,0.8324372550862703,0.7609842727806512,1.7076543180306643,49.748218631828564,44.93694956908785,7.829846074964224,0.2857072192243579,49.748218631828564,44.93694956908785,7.829846074964224,0.2857072192243579,0.8105444623850497,0.04901961053210047,805.2748161764705,1.0,0.2647058823529412,0.6323529411764706
LCMV,20,15,scenario_macro,186,4,0.8328316948456422,0.7604409769003588,1.637563185471909,49.59733899749953,44.38094307087488,6.877749956613514,0.187667998160157,49.59733899749953,44.38094307087488,6.877749956613514,0.187667998160157,0.8535315654576974,0.187667998160157,783.0321691176471,0.9901960784313726,0.04411764705882353,0.5171568627450981
LCMV,20,20,scenario_macro,186,4,0.8309799994951412,0.7603078010122678,1.5573178385936224,49.281187398674795,45.80950103532945,5.553609450076801,0.2725724510931322,49.281187398674795,45.80950103532945,5.553609450076801,0.2725724510931322,0.8855250434298299,0.04901961053210047,712.0284926470588,1.0,0.0,0.5
MNE,-10,-10,scenario_macro,186,4,0.5521898320050198,0.7149040031398538,1.957795676454858,70.28198511440111,70.44529755260022,23.94071971668198,22.382456225348847,70.28198511440111,70.44529755260022,23.94071971668198,22.382456225348847,0.24377506980316369,20.97580076234615,635.8079044117648,0.1911764705882353,0.014705882352941176,0.10294117647058824
MNE,-10,-5,scenario_macro,186,4,0.6179613277731272,0.7798620712702193,1.9448575685539349,68.35151350539631,72.41944236509862,23.662897405345955,20.441867817369324,68.35151350539631,72.41944236509862,23.662897405345955,20.441867817369324,0.22634530371479783,18.64499811564508,241.57536764705884,0.29411764705882354,0.0,0.14705882352941177
MNE,-10,0,scenario_macro,186,4,0.6974440977488935,0.8394787557521957,1.9272156705339774,65.26517633411405,69.33651289742704,23.184798766984134,19.584377672874446,65.26517633411405,69.33651289742704,23.184798766984134,19.584377672874446,0.21627333966944676,17.748828498043,163.90257352941177,0.34436274509803916,0.0,0.17218137254901958
MNE,-10,5,scenario_macro,186,4,0.7894468548636093,0.8951038107965124,1.9003234299468355,56.648918322311495,54.26130972782553,22.01967071312404,16.829523905417272,56.648918322311495,54.26130972782553,22.01967071312404,16.829523905417272,0.27209649644947637,15.691995091343172,185.00551470588235,0.4252450980392157,0.04411764705882353,0.2346813725490196
MNE,-10,10,scenario_macro,186,4,0.8410946851134654,0.9256508985599812,1.8643022771864168,39.55798171835514,38.38460777645708,20.436836943101138,16.22544668476338,39.55798171835514,38.38460777645708,20.436836943101138,16.22544668476338,0.36694202809214904,15.9744099997345,307.4595588235294,0.41544117647058826,0.11764705882352941,0.2665441176470588
MNE,-10,15,scenario_macro,186,4,0.8606064579913488,0.9367595265027674,1.8327861864645634,24.954969219061425,20.851684112094265,19.70470523771915,16.08983175039255,24.954969219061425,20.851684112094265,19.70470523771915,16.08983175039255,0.39541994239592326,16.009188190115214,415.91819852941177,0.3995098039215686,0.1323529411764706,0.2659313725490196
MNE,-10,20,scenario_macro,186,4,0.8665030046951143,0.9381280481395863,1.8170896352422024,21.529048770457848,18.455789849362215,19.387060764439124,16.825605292156418,21.529048770457848,18.455789849362215,19.387060764439124,16.825605292156418,0.3990218173388801,16.825605292156418,386.0330882352941,0.375,0.10294117647058823,0.2389705882352941
MNE,-5,-10,scenario_macro,186,4,0.5923744075472903,0.7558726694312963,1.9432374404733457,68.33629944199464,64.9238532318902,23.693407934181476,21.03680789799984,68.33629944199464,64.9238532318902,23.693407934181476,21.03680789799984,0.26054639007624397,20.277046653060832,1229.1268382352941,0.25367647058823534,0.029411764705882353,0.14154411764705885
MNE,-5,-5,scenario_macro,186,4,0.6626342194520427,0.8197536479719095,1.9274402202472598,64.65530207272987,61.04236176025871,23.242224304480473,19.827330773540833,64.65530207272987,61.04236176025871,23.242224304480473,19.827330773540833,0.2636533522579907,17.577404753980165,610.9264705882354,0.32965686274509803,0.029411764705882353,0.1795343137254902
MNE,-5,0,scenario_macro,186,4,0.743794822619661,0.8704369574518116,1.9071035045454336,58.72433569484853,54.989903323839336,22.707029711579057,18.539999379572233,58.72433569484853,54.989903323839336,22.707029711579057,18.539999379572233,0.2590530271585456,16.052670705293,270.49172794117646,0.4044117647058823,0.029411764705882353,0.21691176470588233
MNE,-5,5,scenario_macro,186,4,0.8035545750953033,0.9067044191301477,1.882880352375692,51.43476117116054,48.251030975213865,21.9621309734173,16.880585589236354,51.43476117116054,48.251030975213865,21.9621309734173,16.880585589236354,0.267476822414357,16.365967420989083,194.70680147058823,0.4093137254901961,0.10294117647058823,0.2561274509803922
MNE,-5,10,scenario_macro,186,4,0.8461010047153102,0.9280192643173987,1.8535457381051723,39.01263234248892,32.795304264598066,20.593346572942774,16.039609637211154,39.01263234248892,32.795304264598066,20.593346572942774,16.039609637211154,0.34276832098688204,15.694482179571061,249.12959558823528,0.39338235294117646,0.20588235294117646,0.29963235294117646
MNE,-5,15,scenario_macro,186,4,0.8654085892886436,0.938038770403366,1.8273578014875986,26.1609001655351,22.003172362103896,19.61533458856908,15.462170224418983,26.1609001655351,22.003172362103896,19.61533458856908,15.462170224418983,0.3949644500409584,15.79030937748532,376.78492647058823,0.3897058823529411,0.19117647058823528,0.2904411764705882
MNE,-5,20,scenario_macro,186,4,0.8715403135430261,0.9402792749912825,1.8127299271051807,20.950128991842487,18.90512154959676,19.40163854548227,16.28500878422848,20.950128991842487,18.90512154959676,19.40163854548227,16.28500878422848,0.39797842975676667,16.391002788363096,371.7693014705882,0.42034313725490197,0.11764705882352941,0.2689950980392157
MNE,0,-10,scenario_macro,186,4,0.6510625636143494,0.7913094034782632,1.9250486287530637,65.71256274328476,59.300980807722645,23.202782902346105,19.23684093721188,65.71256274328476,59.300980807722645,23.202782902346105,19.23684093721188,0.2667343125078642,18.539325806404975,1340.1930147058824,0.321078431372549,0.1323529411764706,0.22671568627450978
MNE,0,-5,scenario_macro,186,4,0.7212452855667317,0.8569448850201891,1.9046381864781976,59.347124782194804,41.448263919831895,22.67630204373096,18.64713935764262,59.347124782194804,41.448263919831895,22.67630204373096,18.64713935764262,0.29626123036016805,16.730897219055247,1031.1966911764705,0.3762254901960784,0.1323529411764706,0.2542892156862745
MNE,0,0,scenario_macro,186,4,0.7841143353571657,0.8979128938845343,1.8817656711255162,48.48192497550608,39.18679435036978,22.119402966354844,17.729006880060755,48.48192497550608,39.18679435036978,22.119402966354844,17.729006880060755,0.3115474338916057,15.783036451849355,466.31525735294116,0.3995098039215686,0.08823529411764706,0.24387254901960784
MNE,0,5,scenario_macro,186,4,0.8301674790488625,0.921751475074599,1.8567958091949666,39.985358956198915,35.14534987188134,21.3354731123234,15.777390050951949,39.985358956198915,35.14534987188134,21.3354731123234,15.777390050951949,0.3121529816929481,15.288886271243138,256.6452205882353,0.3946078431372549,0.14705882352941177,0.2708333333333333
MNE,0,10,scenario_macro,186,4,0.8574303267129049,0.9342461483746392,1.8314626348875018,32.08001743536561,27.867118819438854,20.27334996629388,14.979999097792382,32.08001743536561,27.867118819438854,20.27334996629388,14.979999097792382,0.3510184126754412,14.769415843234492,234.0487132352941,0.41911764705882354,0.2647058823529412,0.34191176470588236
MNE,0,15,scenario_macro,186,4,0.8709416016100573,0.9414634103322239,1.8121695479334037,24.75686149595414,21.28853615267984,19.725328602422266,15.894355319356771,24.75686149595414,21.28853615267984,19.725328602422266,15.894355319356771,0.3866630121852302,15.217498923915409,308.6709558823529,0.38480392156862747,0.3235294117647059,0.3541666666666667
MNE,0,20,scenario_macro,186,4,0.8774238006257578,0.9430963913089844,1.8050595965882743,20.687356271365136,18.63869375477257,19.256460047304667,16.94106889040679,20.687356271365136,18.63869375477257,19.256460047304667,16.94106889040679,0.3914940151191965,16.924703664186612,339.4053308823529,0.3897058823529412,0.22058823529411764,0.30514705882352944
MNE,5,-10,scenario_macro,186,4,0.688982324400884,0.815202706964841,1.900797629891592,58.36012745455984,44.33812137805101,22.61007580699783,17.915460094478462,58.36012745455984,44.33812137805101,22.61007580699783,17.915460094478462,0.26145465973645743,16.4074183423276,1186.0422794117649,0.3958333333333333,0.29411764705882354,0.3449754901960784
MNE,5,-5,scenario_macro,186,4,0.7755426497617524,0.8824275394589917,1.8775649464592608,50.89906081266531,33.29037242653248,22.092638417257973,17.404714663386958,50.89906081266531,33.29037242653248,22.092638417257973,17.404714663386958,0.34467567706662233,15.445832721928676,1010.8455882352941,0.4227941176470588,0.27941176470588236,0.35110294117647056
MNE,5,0,scenario_macro,186,4,0.8167740992060025,0.9153938094117602,1.852480839327698,39.0523739912477,27.237883389304958,21.55135475678412,16.755395871284506,39.0523739912477,27.237883389304958,21.55135475678412,16.755395871284506,0.36649152674889635,15.246772333033215,669.0992647058824,0.4362745098039216,0.25,0.3431372549019608
MNE,5,5,scenario_macro,186,4,0.8531719946793139,0.9320273135500741,1.8275556088627876,28.73739580903251,23.758684283587602,20.800090315039274,16.14248730499129,28.73739580903251,23.758684283587602,20.800090315039274,16.14248730499129,0.3740487424308379,15.680994077750556,359.7435661764706,0.400735294117647,0.19117647058823528,0.2959558823529411
MNE,5,10,scenario_macro,186,4,0.8725226699534416,0.9414838369479471,1.8077351845337486,24.15473303477815,22.69164385070425,20.32837900721886,16.202880745622945,24.15473303477815,22.69164385070425,20.32837900721886,16.202880745622945,0.37761694356198416,15.563873127222493,290.4678308823529,0.4264705882352941,0.25,0.3382352941176471
MNE,5,15,scenario_macro,186,4,0.8818113796808532,0.9449590890878283,1.7934927802234137,21.100232919537024,20.79543364935527,19.60757292216611,15.054270039156647,21.100232919537024,20.79543364935527,19.60757292216611,15.054270039156647,0.3806073534392106,15.038350762489822,278.02389705882354,0.43014705882352944,0.35294117647058826,0.3915441176470589
MNE,5,20,scenario_macro,186,4,0.8840565058416147,0.9453598380571987,1.7904907804805614,19.612869794291367,19.76361495385054,19.120475760693367,15.931492921653097,19.612869794291367,19.76361495385054,19.120475760693367,15.931492921653097,0.3868189648868279,15.833453700588898,315.4963235294117,0.3737745098039216,0.3088235294117647,0.34129901960784315
MNE,10,-10,scenario_macro,186,4,0.7238079229518697,0.8497327169719924,1.8704024209633832,43.379003581201054,31.794152069953537,22.101657928982362,15.752843479399482,43.379003581201054,31.794152069953537,22.101657928982362,15.752843479399482,0.24957754018858871,14.663804967800951,1000.157169117647,0.38480392156862747,0.38235294117647056,0.383578431372549
MNE,10,-5,scenario_macro,186,4,0.7949008853522209,0.8958777334777625,1.8513331140498024,38.814688739460195,28.22097708457744,21.77217153871219,15.094317875661183,38.814688739460195,28.22097708457744,21.77217153871219,15.094317875661183,0.34449708265370294,15.153075536535008,1103.3869485294117,0.411764705882353,0.38235294117647056,0.3970588235294118
MNE,10,0,scenario_macro,186,4,0.8366497975263905,0.9215721503755121,1.822097556745105,30.635735240504754,19.399826405822836,21.0892373326668,14.599314092495236,30.635735240504754,19.399826405822836,21.0892373326668,14.599314092495236,0.38293780106150066,13.920162585478346,744.2601102941177,0.4718137254901961,0.4264705882352941,0.4491421568627451
MNE,10,5,scenario_macro,186,4,0.8707536590478133,0.9394157541458672,1.7971319444365237,22.320364670119947,16.569031477246366,20.53813337509113,15.162169234821704,22.320364670119947,16.569031477246366,20.53813337509113,15.162169234821704,0.40030091870742046,15.043288641401075,432.9172794117647,0.4411764705882353,0.3088235294117647,0.375
MNE,10,10,scenario_macro,186,4,0.8893565739676033,0.9463118031198277,1.7802839400467247,19.411822363540725,16.690438797475675,19.930401265957283,14.867482800470723,19.411822363540725,16.690438797475675,19.930401265957283,14.867482800470723,0.40783403948783703,14.61999137291135,349.9365808823529,0.46078431372549017,0.23529411764705882,0.3480392156862745
MNE,10,15,scenario_macro,186,4,0.8943077583641812,0.9487009717918755,1.7721166766640126,18.74711872788209,18.23958632917945,19.627628122692467,14.642790650162995,18.74711872788209,18.23958632917945,19.627628122692467,14.642790650162995,0.3937250620804585,14.819533364562337,297.7049632352941,0.43014705882352944,0.29411764705882354,0.3621323529411765
MNE,10,20,scenario_macro,186,4,0.896411268337445,0.949912274767581,1.771490279285042,18.39026005939901,19.655800805702015,19.24075448812007,15.349085506430248,18.39026005939901,19.655800805702015,19.24075448812007,15.349085506430248,0.39695178880773213,15.398105107458713,287.2950367647059,0.3799019607843137,0.35294117647058826,0.366421568627451
MNE,15,-10,scenario_macro,186,4,0.7755480113663606,0.8889984191078197,1.8369751666385765,29.869749668129383,24.536192325940963,21.975512903099798,15.228649349942303,29.869749668129383,24.536192325940963,21.975512903099798,15.228649349942303,0.2578638357191637,15.091954242959616,754.7159926470588,0.3958333333333333,0.38235294117647056,0.3890931372549019
MNE,15,-5,scenario_macro,186,4,0.8156712259256138,0.9112842820335663,1.8239879574161708,27.559175279887047,22.94443019153977,21.565584607979456,14.956879043431641,27.559175279887047,22.94443019153977,21.565584607979456,14.956879043431641,0.3255913314665743,15.13957734179814,910.6433823529412,0.3553921568627451,0.45588235294117646,0.4056372549019608
MNE,15,0,scenario_macro,186,4,0.8482472150883205,0.9255751470875628,1.8010338993976531,23.580010986174567,16.840623312324173,20.910838967793495,13.489732033862689,23.580010986174567,16.840623312324173,20.910838967793495,13.489732033862689,0.3631193480030098,13.691399779547664,770.2371323529412,0.4583333333333333,0.4411764705882353,0.44975490196078427
MNE,15,5,scenario_macro,186,4,0.8731876320076433,0.9403203596864057,1.7732024231680428,18.923593354670256,14.235982482442092,20.42692594966486,14.59937822608435,18.923593354670256,14.235982482442092,20.42692594966486,14.59937822608435,0.3869249370188086,14.337567787365861,456.9816176470588,0.4424019607843137,0.4117647058823529,0.4270833333333333
MNE,15,10,scenario_macro,186,4,0.8955702425656346,0.9489161473261236,1.7571469436062024,17.3035153958327,13.544885436760097,20.023210848007746,15.223366934984055,17.3035153958327,13.544885436760097,20.023210848007746,15.223366934984055,0.40047977012004327,14.905689260419692,359.9669117647059,0.41544117647058826,0.38235294117647056,0.39889705882352944
MNE,15,15,scenario_macro,186,4,0.9038365667429898,0.9518435457173575,1.7526397369380278,17.59200559785937,15.670200393273518,19.737243172486938,15.66736353545049,17.59200559785937,15.670200393273518,19.737243172486938,15.66736353545049,0.40964477505595615,15.638962569322223,322.97794117647055,0.4252450980392157,0.27941176470588236,0.352328431372549
MNE,15,20,scenario_macro,186,4,0.9053448890205303,0.9516326473296679,1.7558653569055187,17.668209686249664,17.566493912421734,19.310968363469964,14.52485736316324,17.668209686249664,17.566493912421734,19.310968363469964,14.52485736316324,0.3959134418738217,14.164013432950279,277.4623161764706,0.46078431372549017,0.25,0.35539215686274506
MNE,20,-10,scenario_macro,186,4,0.8319019014092136,0.9184547110043909,1.8128229520168477,22.68075139622687,21.987276149207762,22.019313359964134,15.576939317843474,22.68075139622687,21.987276149207762,22.019313359964134,15.576939317843474,0.31298648526398426,15.558240873522777,732.6286764705883,0.3504901960784314,0.39705882352941174,0.3737745098039216
MNE,20,-5,scenario_macro,186,4,0.8464637520993394,0.9249262924770001,1.8033956098912018,21.337780291678587,19.84702032547375,21.639195583258424,14.715717846043184,21.337780291678587,19.84702032547375,21.639195583258424,14.715717846043184,0.3327429595618795,14.715717846043184,781.3511029411765,0.3860294117647059,0.4852941176470588,0.43566176470588236
MNE,20,0,scenario_macro,186,4,0.8632484745765842,0.9322201568868943,1.7872771643669898,19.480899946832512,17.80479946188854,21.249395202233263,14.721990998237581,19.480899946832512,17.80479946188854,21.249395202233263,14.721990998237581,0.3487460026777258,14.925387962255249,672.8033088235294,0.37254901960784315,0.4264705882352941,0.39950980392156865
MNE,20,5,scenario_macro,186,4,0.8794225017188484,0.9404655674621917,1.764506068640892,17.41091189624918,14.79443694898895,20.56768534324749,14.098955427686283,17.41091189624918,14.79443694898895,20.56768534324749,14.098955427686283,0.36743332689667935,14.000916217888696,432.4016544117647,0.4424019607843137,0.4852941176470588,0.4638480392156863
MNE,20,10,scenario_macro,186,4,0.8945742265095207,0.9491161946505386,1.7420789930693243,16.366900972618023,13.794102382596755,19.991996979810228,14.118432925024747,16.366900972618023,13.794102382596755,19.991996979810228,14.118432925024747,0.3860157678182823,14.118432925024747,358.61764705882354,0.42769607843137253,0.4117647058823529,0.4197303921568627
MNE,20,15,scenario_macro,186,4,0.905150874252084,0.953058450920439,1.7361916581510726,16.657145583900768,13.658788769021356,19.845486473489704,15.036985687039897,16.657145583900768,13.658788769021356,19.845486473489704,15.036985687039897,0.3998039925775378,14.722634574408302,332.2821691176471,0.43504901960784315,0.36764705882352944,0.4013480392156863
MNE,20,20,scenario_macro,186,4,0.9084518967639366,0.9539088856011999,1.7408714324329972,17.34377546683007,14.896753845359191,19.497707463853004,15.145702585476966,17.34377546683007,14.896753845359191,19.497707463853004,15.145702585476966,0.4059657571577004,15.14570258816353,308.3887867647059,0.42524509803921573,0.3235294117647059,0.3743872549019608
RAP-MUSIC,-10,-10,scenario_macro,186,4,0.6209089792115324,0.6243858154783596,1.5413289689622496,12.354414793879803,12.108037742642551,0.0,0.0,12.354414793879803,12.108037742642551,165.77062089819648,165.77062089819648,0.21875,0.0,2.000919117647059,0.2916666666666667,1.0,0.6458333333333334
RAP-MUSIC,-10,-5,scenario_macro,186,4,0.6372648007329558,0.6413756804862518,1.380841388124972,8.616712398779422,9.747347054517807,4.999999699676776,4.999999699676777,8.616712398779422,9.747347054517807,154.92122598037648,154.92122598037648,0.2536764705882353,4.999999699676777,2.1498161764705883,0.338235294117647,1.0,0.6691176470588235
RAP-MUSIC,-10,0,scenario_macro,186,4,0.6494871917917997,0.6461867404104887,1.2742553039691675,5.020950265123104,7.581119176061524,0.8333332832794627,0.8333332832794627,5.020950265123104,7.581119176061524,142.35102876949557,142.35102876949557,0.28456467722097817,0.8333332832794627,2.228860294117647,0.39215686274509803,1.0,0.696078431372549
RAP-MUSIC,-10,5,scenario_macro,186,4,0.6532648241126848,0.6460282026641345,1.2516714778379494,5.294105974800661,9.35984259370451,2.377961190232743,2.377961190232743,5.294105974800661,9.35984259370451,133.34077995748012,133.34077995748012,0.30877679080303794,2.377961190232743,2.1911764705882355,0.42647058823529416,0.9852941176470589,0.7058823529411765
RAP-MUSIC,-10,10,scenario_macro,186,4,0.6692706968489666,0.6469566854415085,1.1727450486373723,5.215464931833307,9.189960483827855,0.565924807940135,0.565924807940135,5.215464931833307,9.189960483827855,108.05332671328138,108.05332671328138,0.36834371960392465,0.565924807940135,2.238970588235294,0.5343137254901961,1.0,0.767156862745098
RAP-MUSIC,-10,15,scenario_macro,186,4,0.6794150010038161,0.647906926314827,1.1433453556215079,4.266154517057857,8.851621957885392,0.11494253090688887,0.11494253090688887,4.266154517057857,8.851621957885392,95.2667464914702,95.2667464914702,0.3911029073162095,0.11494253090688887,2.241727941176471,0.5931372549019608,1.0,0.7965686274509804
RAP-MUSIC,-10,20,scenario_macro,186,4,0.6702030919723186,0.6461893507348713,1.1717022874859422,5.3553576305491974,9.267811598107615,0.0,0.0,5.3553576305491974,9.267811598107615,110.13134675589522,110.13134675589522,0.35485423443179975,0.0,2.250919117647059,0.5294117647058824,0.9852941176470589,0.7573529411764706
RAP-MUSIC,-5,-10,scenario_macro,186,4,0.6372884804675127,0.6408184526596452,1.43929282921329,7.420167506364596,10.299734601222854,0.0,0.0,7.420167506364596,10.299734601222854,156.01940790418493,156.01940790418493,0.25,0.0,1.9604779411764706,0.3333333333333333,1.0,0.6666666666666666
RAP-MUSIC,-5,-5,scenario_macro,186,4,0.6410948799755748,0.6428851551262174,1.332426144051791,5.644608412565266,8.793190352432555,1.2499999249191942,1.2499999249191942,5.644608412565266,8.793190352432555,151.47962139425474,151.47962139425474,0.2614658136758673,1.2499999249191942,1.9871323529411764,0.35294117647058826,1.0,0.6764705882352942
RAP-MUSIC,-5,0,scenario_macro,186,4,0.6451587946347227,0.6461129334343296,1.2662900277903353,4.914825912544663,7.807413039232348,1.4285713427647935,1.4285713427647935,4.914825912544663,7.807413039232348,148.0870364130318,148.0870364130318,0.27338333834169803,1.4285713427647935,2.1948529411764706,0.36764705882352944,1.0,0.6838235294117647
RAP-MUSIC,-5,5,scenario_macro,186,4,0.6579707024559407,0.647431349691521,1.2189465253515261,4.5724345391015015,7.45625000123328,0.7089679735766271,0.7089679735766271,4.5724345391015015,7.45625000123328,128.67423920821668,128.67423920821668,0.31426152408548086,0.7089679735766271,2.208639705882353,0.4411764705882353,1.0,0.7205882352941176
RAP-MUSIC,-5,10,scenario_macro,186,4,0.6705826206590874,0.6488344115745537,1.1637861076084146,4.1132051407221395,7.996594164575986,0.5449646140262029,0.5449646140262029,4.1132051407221395,7.996594164575986,109.2005282356984,109.2005282356984,0.3575159457820804,0.5449646140262029,2.3042279411764706,0.5294117647058824,1.0,0.7647058823529411
RAP-MUSIC,-5,15,scenario_macro,186,4,0.6724458869273637,0.6469546984104572,1.1605081341206078,4.662816610246275,9.082098760413995,0.38461537163598014,0.38461537163598014,4.662816610246275,9.082098760413995,103.3951964022185,103.3951964022185,0.3674930849448547,0.38461537163598014,2.2261029411764706,0.5588235294117647,1.0,0.7794117647058824
RAP-MUSIC,-5,20,scenario_macro,186,4,0.6725279217831642,0.6458848602030505,1.1751227789338654,5.2694122931577745,9.181162054402549,0.19641855599616767,0.19641855599616767,5.2694122931577745,9.181162054402549,103.31746177988573,103.31746177988573,0.3677417593639513,0.19641855599616767,2.1810661764705883,0.553921568627451,0.9852941176470589,0.7696078431372549
RAP-MUSIC,0,-10,scenario_macro,186,4,0.641972531080073,0.6413941064138382,1.3606293748637706,4.460455928277376,9.124977669063222,1.3412297597583498,1.3412297597583498,4.460455928277376,9.124977669063222,146.9601394768586,146.9601394768586,0.27563298469858255,1.3412297597583498,1.863970588235294,0.3676470588235294,1.0,0.6838235294117647
RAP-MUSIC,0,-5,scenario_macro,186,4,0.6449220242342624,0.6431980682157397,1.3139836093953428,4.703347905897374,9.082740777997985,4.22748667658874,4.22748667658874,4.703347905897374,9.082740777997985,143.6165741101114,143.6165741101114,0.2828707423154978,4.22748667658874,2.0955882352941178,0.38235294117647056,1.0,0.6911764705882353
RAP-MUSIC,0,0,scenario_macro,186,4,0.6563695928379746,0.6474015558347738,1.2315453589017782,4.478639043143814,7.915214009605164,0.25641024100906545,0.25641024100906545,4.478639043143814,7.915214009605164,131.97719540623163,131.97719540623163,0.3106806038776208,0.25641024100906545,2.235294117647059,0.4362745098039216,1.0,0.7181372549019608
RAP-MUSIC,0,5,scenario_macro,186,4,0.6632536184428034,0.6480037626552309,1.201258201564433,4.3064930499664476,7.7823171989158775,0.18518518868332098,0.18518518868332098,4.3064930499664476,7.7823171989158775,121.65238165173677,121.65238165173677,0.32961187260451413,0.18518518868332098,2.28125,0.4803921568627451,1.0,0.7401960784313726
RAP-MUSIC,0,10,scenario_macro,186,4,0.6768773200671849,0.6501868458318056,1.1425412330754046,3.5028488019909205,7.856088734922886,0.5632183569750854,0.5632183569750854,3.5028488019909205,7.856088734922886,100.00261141712521,100.00261141712521,0.37765761883295207,0.5632183569750854,2.3106617647058822,0.573529411764706,1.0,0.786764705882353
RAP-MUSIC,0,15,scenario_macro,186,4,0.6749711814781681,0.6488846849798103,1.152000726036868,4.474179171576323,8.088726755267054,0.6002553917875059,0.6002553917875059,4.474179171576323,8.088726755267054,102.29701447453971,102.29701447453971,0.36295308449456026,0.6002553917875059,2.3106617647058822,0.5637254901960784,1.0,0.7818627450980392
RAP-MUSIC,0,20,scenario_macro,186,4,0.6728266478444211,0.6475114632232184,1.163718784465528,4.739870865154604,9.403463140292786,0.0,0.0,4.739870865154604,9.403463140292786,107.83694369848074,107.83694369848074,0.35838500574782206,0.0,2.2683823529411766,0.5392156862745098,1.0,0.7696078431372548
RAP-MUSIC,5,-10,scenario_macro,186,4,0.6608981393496678,0.643648564144325,1.267764084901939,4.601887008883472,9.279792653774521,0.5787036928856324,0.5787036928856324,4.601887008883472,9.279792653774521,117.16161474846837,117.16161474846837,0.3410548851525527,0.5787036928856324,1.9852941176470589,0.5,1.0,0.75
RAP-MUSIC,5,-5,scenario_macro,186,4,0.6662756580516492,0.6448093086106746,1.2367743507268378,4.154355906156389,8.471731197355641,0.0,0.0,4.154355906156389,8.471731197355641,113.57295134201695,113.57295134201695,0.34891700110618373,0.0,2.129595588235294,0.5147058823529411,1.0,0.7573529411764706
RAP-MUSIC,5,0,scenario_macro,186,4,0.6701144769656562,0.6474587083174361,1.193185657223311,4.11842771808785,8.34325690609147,0.5885618083140313,0.5885618083140313,4.11842771808785,8.34325690609147,106.906125187536,106.906125187536,0.35784312346182645,0.5885618083140313,2.222426470588235,0.5392156862745098,1.0,0.7696078431372548
RAP-MUSIC,5,5,scenario_macro,186,4,0.6793980383730758,0.6499453903896169,1.1432865850561278,3.823377230624461,7.535189123269717,0.6113792044195494,0.6113792044195494,3.823377230624461,7.535189123269717,94.37621495620361,94.37621495620361,0.38700321129135395,0.6113792044195494,2.2987132352941178,0.5931372549019608,1.0,0.7965686274509804
RAP-MUSIC,5,10,scenario_macro,186,4,0.6795976218557559,0.6513030747794446,1.1298193076098597,3.7481091520379395,7.392058387832054,0.5468902411485955,0.5468902411485955,3.7481091520379395,7.392058387832054,97.77753255714356,97.77753255714356,0.37374858033895053,0.5468902411485955,2.344669117647059,0.5735294117647058,1.0,0.7867647058823529
RAP-MUSIC,5,15,scenario_macro,186,4,0.6836924627359506,0.651249856498222,1.1154588644315786,3.8891834102370315,7.7506578883917685,0.0,0.0,3.8891834102370315,7.7506578883917685,94.07052535399384,94.07052535399384,0.385106373449653,0.0,2.3786764705882355,0.5980392156862745,1.0,0.7990196078431373
RAP-MUSIC,5,20,scenario_macro,186,4,0.6760618008594395,0.6488365250704983,1.1471715113289278,4.604956614394784,8.29760547386291,0.1683587516911931,0.1683587516911931,4.604956614394784,8.29760547386291,103.31746177552463,103.31746177552463,0.3668297056384015,0.1683587516911931,2.3253676470588234,0.5539215686274509,1.0,0.7769607843137254
RAP-MUSIC,10,-10,scenario_macro,186,4,0.6856393081005481,0.6466916920294428,1.1880556399826223,4.855234135101404,9.194035184729245,0.799649798773831,0.799649798773831,4.855234135101404,9.194035184729245,78.39345038130006,78.39345038130006,0.40713096729734066,0.799649798773831,1.995404411764706,0.6568627450980392,1.0,0.8284313725490196
RAP-MUSIC,10,-5,scenario_macro,186,4,0.6887712450625829,0.6478781185643322,1.1761133167995206,4.3208310755763035,8.626928786454608,0.16666667281206518,0.16666667281206518,4.3208310755763035,8.626928786454608,80.40214622880815,80.40214622880815,0.39559634005441746,0.16666667281206518,2.1415441176470584,0.6568627450980392,1.0,0.8284313725490196
RAP-MUSIC,10,0,scenario_macro,186,4,0.6911320066458063,0.6490312406474759,1.1505552587647292,4.205591445354796,8.923803221227567,0.5918480107889247,0.5918480107889247,4.205591445354796,8.923803221227567,74.87411116123461,74.87411116123461,0.4035016791797664,0.5918480107889247,2.3106617647058822,0.6666666666666666,1.0,0.8333333333333333
RAP-MUSIC,10,5,scenario_macro,186,4,0.7027908452466701,0.6537289907508261,1.0977390695426092,3.101219086437967,7.9294516207870585,0.1024792466066962,0.1024792466066962,3.101219086437967,7.9294516207870585,66.60701286125398,66.60701286125398,0.423411410512775,0.1024792466066962,2.3998161764705883,0.7107843137254902,1.0,0.8553921568627452
RAP-MUSIC,10,10,scenario_macro,186,4,0.6935064537549206,0.652336440563887,1.091495248659858,3.054950085164638,7.732079919315724,0.08547009015853411,0.08547009015853411,3.054950085164638,7.732079919315724,79.20592509133179,79.20592509133179,0.413174195922845,0.08547009015853411,2.418198529411765,0.6617647058823529,1.0,0.8308823529411764
RAP-MUSIC,10,15,scenario_macro,186,4,0.6870353620714041,0.6526304473399196,1.0989055668937364,3.3168322251283784,7.431409903166664,0.26658718702462175,0.2857142685529587,3.3168322251283784,7.431409903166664,90.7661347611936,90.77597958256848,0.38362837747693984,0.2857142685529587,2.339154411764706,0.6078431372549019,1.0,0.803921568627451
RAP-MUSIC,10,20,scenario_macro,186,4,0.6792125232541059,0.6508294641371208,1.1314036072773554,3.8130197241912493,7.971711786500097,0.22222220887452335,0.22222220887452335,3.8130197241912493,7.971711786500097,101.05177373603487,101.05177373603487,0.3651954899985746,0.22222220887452335,2.2316176470588234,0.5637254901960784,0.9852941176470589,0.7745098039215687
RAP-MUSIC,15,-10,scenario_macro,186,4,0.7037797584546123,0.6479114922587857,1.1535710519931923,5.063316309258101,9.197604550968647,0.48890571828250856,0.48890571828250856,5.063316309258101,9.197604550968647,54.20417906267272,54.20417906267272,0.4467054299293062,0.48890571828250856,2.0643382352941178,0.7598039215686274,1.0,0.8799019607843137
RAP-MUSIC,15,-5,scenario_macro,186,4,0.7103175207669308,0.6498929703603904,1.1297139072308227,4.252018136107051,8.828602458148856,0.303030314203755,0.303030314203755,4.252018136107051,8.828602458148856,46.0841395868921,46.0841395868921,0.4526383032658492,0.303030314203755,2.1461397058823533,0.8039215686274509,1.0,0.9019607843137254
RAP-MUSIC,15,0,scenario_macro,186,4,0.708038997874205,0.6511136211816138,1.115540197466968,4.09139689638251,8.581404087595615,0.0,0.0,4.09139689638251,8.581404087595615,56.212874906654854,56.212874906654854,0.4439219061475945,0.0,2.2481617647058822,0.7598039215686274,1.0,0.8799019607843137
RAP-MUSIC,15,5,scenario_macro,186,4,0.7100493347593723,0.6529723513051894,1.0990440482266939,3.621100622542579,8.575604066219407,0.0,0.0,3.621100622542579,8.575604066219407,55.06567337794761,55.06567337794761,0.43958046312858456,0.0,2.3860294117647056,0.7647058823529411,1.0,0.8823529411764706
RAP-MUSIC,15,10,scenario_macro,186,4,0.7095718584513219,0.6531576104412447,1.0837593496946456,3.2473440796862096,7.886672620378598,0.0,0.0,3.2473440796862096,7.886672620378598,56.212874906654854,56.212874906654854,0.43631439099535313,0.0,2.465992647058824,0.7598039215686274,1.0,0.8799019607843137
RAP-MUSIC,15,15,scenario_macro,186,4,0.6909882043529323,0.6521478668934695,1.0933911035659865,3.2891607731231844,7.180003738868923,0.0,0.0,3.2891607731231844,7.180003738868923,84.8929131243359,84.8929131243359,0.3981699282593229,0.0,2.40625,0.6372549019607844,1.0,0.8186274509803921
RAP-MUSIC,15,20,scenario_macro,186,4,0.6835614478786551,0.6527842139586615,1.105369546682847,3.3102239540015965,7.1546175344949345,0.0,0.0,3.3102239540015965,7.1546175344949345,96.36492841140834,96.36492841140834,0.3723892679874299,0.0,2.3924632352941178,0.5882352941176471,1.0,0.7941176470588236
RAP-MUSIC,20,-10,scenario_macro,186,4,0.7114557755712806,0.6485791594129585,1.1445220872864545,5.506483199797941,9.56265495569057,0.15151515982649227,0.15151515982649227,5.506483199797941,9.56265495569057,44.838898840646635,44.838898840646635,0.449276916210658,0.15151515982649227,2.047794117647059,0.8088235294117646,1.0,0.9044117647058822
RAP-MUSIC,20,-5,scenario_macro,186,4,0.7090646450531829,0.6490461974098799,1.1384932863336712,4.838780379341842,9.251333836416912,0.1587301674372776,0.1587301674372776,4.838780379341842,9.251333836416912,49.427704955475605,49.427704955475605,0.44108454456890395,0.1587301674372776,2.1167279411764706,0.7892156862745098,1.0,0.8946078431372548
RAP-MUSIC,20,0,scenario_macro,186,4,0.7134932503710814,0.6499991077724812,1.1218946103734329,4.395844808933031,9.007677083078441,0.0,0.0,4.395844808933031,9.007677083078441,44.74085961958244,44.74085961958244,0.45071045172328106,0.0,2.280330882352941,0.8088235294117646,1.0,0.9044117647058822
RAP-MUSIC,20,5,scenario_macro,186,4,0.7127804914267266,0.6502065869247378,1.118397407683986,4.26407160012554,8.515827602186269,0.0,0.0,4.26407160012554,8.515827602186269,45.88806114828967,45.88806114828967,0.44645572506101117,0.0,2.500919117647059,0.8039215686274509,1.0,0.9019607843137254
RAP-MUSIC,20,10,scenario_macro,186,4,0.7132714919715691,0.6535738870865871,1.0842527469687897,3.7292709842374703,8.06979696144077,0.09065471850077582,0.09065471850077582,3.7292709842374703,8.06979696144077,48.251788402204745,48.251788402204745,0.4393730334971496,0.09065471850077582,2.5220588235294117,0.7892156862745098,1.0,0.8946078431372548
RAP-MUSIC,20,15,scenario_macro,186,4,0.7096359564856473,0.6528870231845159,1.0810398244085877,3.4618456453935535,7.943879374619268,0.0,0.0,3.4618456453935535,7.943879374619268,55.06567337794761,55.06567337794761,0.4290140936402425,0.0,2.4181985294117645,0.7647058823529411,1.0,0.8823529411764706
RAP-MUSIC,20,20,scenario_macro,186,4,0.6949168038441743,0.6526524663887664,1.08177633835885,3.18358295640445,7.569313340451681,0.08547009015853411,0.08547009015853411,3.18358295640445,7.569313340451681,76.91152203391732,76.91152203391732,0.40916825426118997,0.08547009015853411,2.371323529411765,0.6715686274509803,1.0,0.8357843137254901
dSPM,-10,-10,scenario_macro,186,4,0.7655831364910151,0.8607403606357384,1.9551569400971027,64.40282677893846,20.997274172530407,23.468949991131797,16.22804067493947,64.40282677893846,20.997274172530407,23.468949991131797,16.22804067493947,0.58450216623976,16.65128172281391,7498.863970588236,0.4338235294117647,0.0,0.21691176470588236
dSPM,-10,-5,scenario_macro,186,4,0.8162845256105005,0.8958357093231077,1.9396137838446466,62.465656019753446,15.1528481486417,23.2300764803321,14.885770808613847,62.465656019753446,15.1528481486417,23.2300764803321,14.885770808613847,0.545286236690232,15.205692605719824,6960.573529411764,0.42892156862745096,0.0,0.21446078431372548
dSPM,-10,0,scenario_macro,186,4,0.8461631224526928,0.9205882205838133,1.9167221834201789,45.0848367967591,13.326495305330196,22.836370533623185,15.491918239954463,45.0848367967591,13.326495305330196,22.836370533623185,15.491918239954463,0.4870864280761035,15.198390486842618,4900.202205882353,0.44730392156862747,0.0,0.22365196078431374
dSPM,-10,5,scenario_macro,186,4,0.8663025379883968,0.9327575938402037,1.882766341253077,26.29861909076577,12.37185277440188,21.90875724652592,14.957430448412262,26.29861909076577,12.37185277440188,21.90875724652592,14.957430448412262,0.4410916216779959,14.508307977015008,2866.751838235294,0.5073529411764706,0.0,0.2536764705882353
dSPM,-10,10,scenario_macro,186,4,0.8716874674502696,0.9384650214825293,1.842259761871001,20.47466659716947,12.853726089643436,20.143042829342274,15.611832789129084,20.47466659716947,12.853726089643436,20.143042829342274,15.611832789129084,0.4151936962107885,15.611832789129084,733.0680147058823,0.4669117647058824,0.10294117647058823,0.28492647058823534
dSPM,-10,15,scenario_macro,186,4,0.8771232698638012,0.937697874995185,1.8139460238448781,19.99004114354558,13.176894303339886,19.59628446713548,15.178749893845202,19.99004114354558,13.176894303339886,19.59628446713548,15.178749893845202,0.40776706481487857,15.178749893845202,530.2720588235294,0.4718137254901961,0.10294117647058823,0.2873774509803922
dSPM,-10,20,scenario_macro,186,4,0.8751905070384898,0.9371250912848996,1.8050517802730983,20.540125774006242,15.219193990439654,19.21243978277371,16.098802671347713,20.540125774006242,15.219193990439654,19.21243978277371,16.098802671347713,0.41328891078621444,16.098802671347713,494.27941176470586,0.45098039215686275,0.08823529411764706,0.2696078431372549
dSPM,-5,-10,scenario_macro,186,4,0.8255514178437431,0.8983790207239026,1.9395266952833665,60.43373879098936,17.06759878956613,23.131317329108228,15.016735101137806,60.43373879098936,17.06759878956613,23.131317329108228,15.016735101137806,0.5767765921564281,16.26563121582412,6731.768382352941,0.40686274509803927,0.0,0.20343137254901963
dSPM,-5,-5,scenario_macro,186,4,0.8453554037199822,0.9142055374046797,1.9230244508837426,52.353175049703545,14.6520220145931,22.750441369887202,13.78034612564023,52.353175049703545,14.6520220145931,22.750441369887202,13.78034612564023,0.5280486873091194,13.529948623594054,5674.952205882353,0.553921568627451,0.0,0.2769607843137255
dSPM,-5,0,scenario_macro,186,4,0.863720189212887,0.928326169365488,1.9004103123011387,36.58634781973023,13.864144061329625,22.316518408804047,13.707276641050731,36.58634781973023,13.864144061329625,22.316518408804047,13.707276641050731,0.4784002318655457,13.95318431314999,3877.3198529411766,0.4877450980392157,0.0,0.24387254901960784
dSPM,-5,5,scenario_macro,186,4,0.8782671048643138,0.9394101857806372,1.8696906332978096,24.002221702953943,13.640500093063388,21.76925376514332,14.791776948613943,24.002221702953943,13.640500093063388,21.76925376514332,14.791776948613943,0.4448823020663095,14.807495495819259,2574.657169117647,0.47794117647058826,0.058823529411764705,0.26838235294117646
dSPM,-5,10,scenario_macro,186,4,0.8830734348876075,0.9398205647263063,1.834985206348187,19.6403986350382,12.700464390958187,20.42161214942281,14.542835297848569,19.6403986350382,12.700464390958187,20.42161214942281,14.542835297848569,0.414805279336534,14.44503900627546,815.0330882352941,0.471813725490196,0.1323529411764706,0.3020833333333333
dSPM,-5,15,scenario_macro,186,4,0.8815624073003878,0.9384874507164459,1.808460402052205,19.327520496394737,12.543115888385522,19.44241958549722,14.277832358082994,19.327520496394737,12.543115888385522,19.44241958549722,14.277832358082994,0.4059296951127121,14.522050528109082,543.0652573529412,0.47671568627450983,0.20588235294117646,0.34129901960784315
dSPM,-5,20,scenario_macro,186,4,0.8785009325317283,0.9377285047013612,1.7979651419202405,19.782857034662268,13.250461860798323,19.15802277758,15.604194948074584,19.782857034662268,13.250461860798323,19.15802277758,15.604194948074584,0.40467643296584505,15.604194948074584,494.64522058823536,0.43137254901960786,0.16176470588235295,0.2965686274509804
dSPM,0,-10,scenario_macro,186,4,0.8539719065975016,0.9136492491248855,1.9168428896084522,49.47930637084996,16.850681838011894,22.633037743715644,14.021078379891607,49.47930637084996,16.850681838011894,22.633037743715644,14.021078379891607,0.5478134866865615,14.055023118803232,5380.047794117647,0.48774509803921573,0.0,0.24387254901960786
dSPM,0,-5,scenario_macro,186,4,0.8720320324726284,0.9257645317468248,1.899611021692851,39.76180313342977,16.158414772576396,22.176286160910582,12.651000930751962,39.76180313342977,16.158414772576396,22.176286160910582,12.651000930751962,0.5157550871760113,12.302140623462213,4066.268382352941,0.5833333333333334,0.0,0.2916666666666667
dSPM,0,0,scenario_macro,186,4,0.8856895423361861,0.9347712491243535,1.877055090750531,28.186775550970054,14.834095948763093,21.788465807767267,13.364910581008166,28.186775550970054,14.834095948763093,21.788465807767267,13.364910581008166,0.487112061235238,13.331582180691411,2952.6323529411766,0.49632352941176466,0.014705882352941176,0.2555147058823529
dSPM,0,5,scenario_macro,186,4,0.8971975568743942,0.9442656328355772,1.8490346520887753,21.24297098025006,13.83628890524715,21.247357212717592,14.372894303284054,21.24297098025006,13.83628890524715,21.247357212717592,14.372894303284054,0.4565672165777157,14.5521518477265,2060.6672794117644,0.47303921568627455,0.07352941176470588,0.2732843137254902
dSPM,0,10,scenario_macro,186,4,0.8990570820153152,0.9456745670870086,1.8198651805275698,19.20757119111855,13.773873181821088,20.196939090976752,14.75822576283366,19.20757119111855,13.773873181821088,20.196939090976752,14.75822576283366,0.42940630453126105,14.5814830472762,688.4623161764706,0.46323529411764713,0.11764705882352941,0.29044117647058826
dSPM,0,15,scenario_macro,186,4,0.8894740310799902,0.9422241001676824,1.7984101284228553,18.735502504164113,12.562259808120636,19.474561758910454,14.015586081061523,18.735502504164113,12.562259808120636,19.474561758910454,14.015586081061523,0.40626056026534846,14.015586081061523,526.2720588235294,0.5122549019607843,0.20588235294117646,0.35906862745098034
dSPM,0,20,scenario_macro,186,4,0.8828329545642,0.9406465553087329,1.7898995312638466,19.0159744781617,12.72403227827454,19.09352260560137,14.806987792763081,19.0159744781617,12.72403227827454,19.09352260560137,14.806987792763081,0.4014591773135506,14.599015204945454,500.84191176470586,0.48161764705882354,0.17647058823529413,0.3290441176470588
dSPM,5,-10,scenario_macro,186,4,0.880056114967831,0.9252678795606176,1.8872260078151295,36.81280500785269,17.47856552719329,22.18061165367084,13.41802599636493,36.81280500785269,17.47856552719329,22.18061165367084,13.41802599636493,0.5292822466866943,13.375879113501027,3826.6452205882356,0.5159313725490197,0.0,0.25796568627450983
dSPM,5,-5,scenario_macro,186,4,0.8938472594848205,0.9348671184085614,1.8694916204668253,29.60829751112752,17.37325556080381,21.71637108398674,12.654642837324147,29.60829751112752,17.37325556080381,21.71637108398674,12.654642837324147,0.5060264164865639,12.101108442462369,3032.893382352941,0.5526960784313726,0.0,0.2763480392156863
dSPM,5,0,scenario_macro,186,4,0.8975591296708969,0.9387410236057605,1.8488939035235632,22.710360719523262,16.952975223462236,21.25863406078634,12.679323159634906,22.710360719523262,16.952975223462236,21.25863406078634,12.679323159634906,0.49208161620822843,13.218514767496371,2060.9154411764707,0.508578431372549,0.04411764705882353,0.27634803921568624
dSPM,5,5,scenario_macro,186,4,0.9056480017248363,0.9442627868352856,1.824883114369651,20.2916343061218,14.93545087122096,20.73230929238498,12.794128051328327,20.2916343061218,14.93545087122096,20.73230929238498,12.794128051328327,0.468601883364137,13.022765974565557,980.5707720588235,0.5073529411764706,0.07352941176470588,0.2904411764705882
dSPM,5,10,scenario_macro,186,4,0.9059246626411128,0.9489540355398862,1.8012311481909054,19.382171225143985,13.83371260261736,20.237917770659838,14.552587899606444,19.382171225143985,13.83371260261736,20.237917770659838,14.552587899606444,0.44481416681700003,14.230820814496388,561.8511029411765,0.46323529411764713,0.14705882352941177,0.30514705882352944
dSPM,5,15,scenario_macro,186,4,0.902626879194972,0.9471127913979398,1.7854766963040918,18.69573603845869,13.63865316284596,19.382746334299505,14.570193170697147,18.69573603845869,13.63865316284596,19.382746334299505,14.570193170697147,0.4228275685411793,14.7244218210361,498.6920955882353,0.47303921568627455,0.17647058823529413,0.3247549019607843
dSPM,5,20,scenario_macro,186,4,0.894193732762402,0.9436136608164447,1.7796090780662985,18.611628795299517,13.088655133267826,18.84825074771844,14.241502674074667,18.611628795299517,13.088655133267826,18.84825074771844,14.241502674074667,0.4079342330418934,14.241502674074667,490.40808823529414,0.4718137254901961,0.19117647058823528,0.33149509803921573
dSPM,10,-10,scenario_macro,186,4,0.8972762010807068,0.9322328234276481,1.8530359234678593,27.169952979046684,19.287094165769677,21.760502725276535,13.487028362423908,27.169952979046684,19.287094165769677,21.760502725276535,13.487028362423908,0.5127385020415219,13.585067583488106,2151.598345588235,0.5477941176470588,0.04411764705882353,0.2959558823529411
dSPM,10,-5,scenario_macro,186,4,0.900916682933145,0.9382211384877694,1.8380026132118727,23.556009978019016,18.477381850512383,21.43615417018698,14.203208726899502,23.556009978019016,18.477381850512383,21.43615417018698,14.203208726899502,0.5030229840423251,14.203208726899502,1241.0367647058824,0.49754901960784315,0.029411764705882353,0.26348039215686275
dSPM,10,0,scenario_macro,186,4,0.90761192303144,0.9430430684323912,1.8191660917342953,21.280564676132283,17.571034177216102,20.85881333456074,12.063490103972518,21.280564676132283,17.571034177216102,20.85881333456074,12.063490103972518,0.4936902027496108,12.141546915285517,646.3832720588234,0.5588235294117647,0.058823529411764705,0.3088235294117647
dSPM,10,5,scenario_macro,186,4,0.9111155566002956,0.946257511998505,1.7999807719148602,20.329594780568243,17.346103001798195,20.4092271701345,12.36025407041186,20.329594780568243,17.346103001798195,20.4092271701345,12.36025407041186,0.47882468489422375,12.36025407041186,513.609375,0.5575980392156863,0.08823529411764706,0.3229166666666667
dSPM,10,10,scenario_macro,186,4,0.9127033397877626,0.94833953916244,1.7829323890083835,19.639833312469193,15.808623193442438,19.92183154477621,13.355007126851865,19.639833312469193,15.808623193442438,19.92183154477621,13.355007126851865,0.46494533315146486,13.355007126851865,491.92922794117646,0.5183823529411765,0.10294117647058823,0.31066176470588236
dSPM,10,15,scenario_macro,186,4,0.9108142224118203,0.9506601281737489,1.7710361951311102,19.042569729352966,13.506081791608173,19.527717732160202,13.86210950269018,19.042569729352966,13.506081791608173,19.527717732160202,13.86210950269018,0.4425912737075032,13.86210950269018,472.0983455882353,0.49264705882352944,0.16176470588235295,0.3272058823529412
dSPM,10,20,scenario_macro,186,4,0.9064467561135231,0.9493707842401737,1.768003015487143,18.52509284449128,13.760105822804727,19.031085826598677,13.93474232861277,18.52509284449128,13.760105822804727,19.031085826598677,13.93474232861277,0.417136124712208,13.93474232861277,461.0560661764706,0.48284313725490197,0.20588235294117646,0.3443627450980392
dSPM,15,-10,scenario_macro,186,4,0.8993030425313749,0.9339547375849532,1.8229778196083744,23.572769089315212,20.677090583972543,21.61021719384908,15.202336170456833,23.572769089315212,20.677090583972543,21.61021719384908,15.202336170456833,0.506408924157517,14.932918105441852,640.9034926470588,0.44485294117647056,0.04411764705882353,0.24448529411764705
dSPM,15,-5,scenario_macro,186,4,0.9035403675418565,0.9380382783279084,1.810682459859931,22.125844267504828,20.158642206829057,21.31267575160993,13.645941767792335,22.125844267504828,20.158642206829057,21.31267575160993,13.645941767792335,0.5012884038413615,13.645941767792335,527.1856617647059,0.4963235294117647,0.07352941176470588,0.2849264705882353
dSPM,15,0,scenario_macro,186,4,0.9084083892833339,0.9426128180886824,1.7945440538506827,21.287221899979833,18.631964475223093,20.636535870287105,13.63202109246435,21.287221899979833,18.631964475223093,20.636535870287105,13.63202109246435,0.49822324127860806,13.53398188266677,477.79871323529414,0.5122549019607844,0.08823529411764706,0.30024509803921573
dSPM,15,5,scenario_macro,186,4,0.913191417737594,0.9458591782422996,1.7796441418079687,20.66660969647274,17.001032007066367,20.298414665772956,13.155301096949477,20.66660969647274,17.001032007066367,20.298414665772956,13.155301096949477,0.48765701029609543,13.155301096949477,438.5082720588235,0.5441176470588236,0.07352941176470588,0.3088235294117647
dSPM,15,10,scenario_macro,186,4,0.91478937267506,0.948002797561885,1.767309043773879,20.18054876451074,17.002255847166293,19.849743079500687,12.748930049803855,20.18054876451074,17.002255847166293,19.849743079500687,12.748930049803855,0.4797458785286586,12.748930049803855,432.97518382352945,0.5526960784313726,0.11764705882352941,0.335171568627451
dSPM,15,15,scenario_macro,186,4,0.9147677871475359,0.9506597679554126,1.7586306149545823,19.462882535345045,15.42674228568943,19.677648732154456,13.59796142647125,19.462882535345045,15.42674228568943,19.677648732154456,13.59796142647125,0.45928521107602155,13.59796142647125,442.7132352941176,0.5147058823529412,0.14705882352941177,0.3308823529411765
dSPM,15,20,scenario_macro,186,4,0.9144842317748618,0.9516118944128316,1.757505009288758,18.983458288126826,14.441957950801674,19.153219498147603,14.064730086877281,18.983458288126826,14.441957950801674,19.153219498147603,14.064730086877281,0.4442596469331805,14.064730086877281,446.9310661764706,0.48774509803921573,0.11764705882352941,0.3026960784313726
dSPM,20,-10,scenario_macro,186,4,0.8923434048930174,0.9297955245315562,1.8043270362118031,23.522563299545396,21.98406983044285,21.680511491313254,15.411518114870859,23.522563299545396,21.98406983044285,21.680511491313254,15.411518114870859,0.5098572605607529,15.411518114870859,501.45036764705884,0.43504901960784315,0.058823529411764705,0.24693627450980393
dSPM,20,-5,scenario_macro,186,4,0.9009608164403511,0.9354450992615853,1.7941581673570766,22.463911742512206,20.725119234480662,21.284615766557224,15.275886095351849,22.463911742512206,20.725119234480662,21.284615766557224,15.275886095351849,0.5012503280693432,15.275886095351849,474.8428308823529,0.42401960784313725,0.04411764705882353,0.2340686274509804
dSPM,20,0,scenario_macro,186,4,0.9058857817122569,0.939990013922121,1.7813343945257003,21.610908294209878,19.57064714405284,20.897635725354387,15.040680906118467,21.610908294209878,19.57064714405284,20.897635725354387,15.040680906118467,0.4987633641742973,15.040680906118467,451.3345588235294,0.45098039215686275,0.029411764705882353,0.24019607843137256
dSPM,20,5,scenario_macro,186,4,0.9106995959599474,0.9440260180124952,1.7679805447198296,20.91117450194844,18.59638663094803,20.314684069439235,13.745822663157588,20.91117450194844,18.59638663094803,20.314684069439235,13.745822663157588,0.4925311601163683,13.745822663157588,422.3639705882353,0.5073529411764707,0.08823529411764706,0.2977941176470589
dSPM,20,10,scenario_macro,186,4,0.9131969537533345,0.9476072793546152,1.7575161350573234,20.45639812031299,17.289634136407603,19.91251485956542,13.256979904614505,20.45639812031299,17.289634136407603,19.91251485956542,13.256979904614505,0.48824384977743196,13.256979904614505,411.6369485294117,0.5232843137254902,0.08823529411764706,0.30575980392156865
dSPM,20,15,scenario_macro,186,4,0.9136249746865267,0.9489733215835761,1.7524134244239686,20.00831119985327,16.888045492538662,19.656055831046785,12.210080724975057,20.00831119985327,16.888045492538662,19.656055831046785,12.210080724975057,0.47637298492957547,12.210080724975057,417.07352941176475,0.5428921568627452,0.11764705882352941,0.3302696078431373
dSPM,20,20,scenario_macro,186,4,0.9156313643648983,0.9512098441185026,1.7495576689837926,19.411355704547,15.609624172522281,19.49311714383497,13.409132483074542,19.411355704547,15.609624172522281,19.49311714383497,13.409132483074542,0.45988307773099146,13.409132483074542,425.5588235294117,0.5183823529411765,0.19117647058823528,0.3547794117647059
eLORETA,-10,-10,scenario_macro,186,4,0.622755089008931,0.7243541886510986,1.9557091302276355,67.22740270247519,47.59590192345822,23.520295671740158,18.69474909962084,67.22740270247519,47.59590192345822,23.520295671740158,18.69474909962084,0.470124889920283,19.092742316399526,7049.4659926470595,0.3786764705882353,0.0,0.18933823529411764
eLORETA,-10,-5,scenario_macro,186,4,0.7610086544717992,0.8463279930277626,1.9394742644454457,65.56217729122979,32.0179519933257,23.201364801261658,15.318506956593163,65.56217729122979,32.0179519933257,23.201364801261658,15.318506956593163,0.5141272457598881,14.058443862638775,6698.545036764706,0.5196078431372549,0.0,0.25980392156862747
eLORETA,-10,0,scenario_macro,186,4,0.8348846617943393,0.907893739733137,1.9160875456920303,56.590933435782155,17.39877362201757,22.703402136702,14.858393971971475,56.590933435782155,17.39877362201757,22.703402136702,14.858393971971475,0.5266876404571237,14.176141360990064,5494.480698529412,0.5049019607843138,0.0,0.2524509803921569
eLORETA,-10,5,scenario_macro,186,4,0.8725251817625223,0.9371442634135365,1.8827138568715134,37.218284516612094,8.349996640973673,21.66571043435664,13.064223665484798,37.218284516612094,8.349996640973673,21.66571043435664,13.064223665484798,0.5015426566932242,12.262616674542452,3533.761948529412,0.5392156862745098,0.0,0.2696078431372549
eLORETA,-10,10,scenario_macro,186,4,0.8890859892670788,0.9440879905949437,1.8439820239707256,24.387668937358743,8.461555875010903,20.106328739565885,12.278394292325459,24.387668937358743,8.461555875010903,20.106328739565885,12.278394292325459,0.487635047876784,12.554747395910516,1460.7904411764707,0.5441176470588235,0.029411764705882353,0.2867647058823529
eLORETA,-10,15,scenario_macro,186,4,0.8974842331051495,0.9432279278323852,1.8158197075572473,22.092213094560037,8.370928703777343,19.410176774421412,12.61891376157226,22.092213094560037,8.370928703777343,19.410176774421412,12.61891376157226,0.4871303860499312,12.342628393258105,802.6277573529411,0.5588235294117647,0.014705882352941176,0.2867647058823529
eLORETA,-10,20,scenario_macro,186,4,0.8966507657480762,0.942278443946513,1.804471156996353,22.378856756140745,8.431251806952027,19.008057639247983,12.194739056918658,22.378856756140745,8.431251806952027,19.008057639247983,12.194739056918658,0.4930296102209849,12.268542459759175,758.1433823529411,0.5588235294117647,0.014705882352941176,0.2867647058823529
eLORETA,-5,-10,scenario_macro,186,4,0.6500575001697506,0.7520852358936055,1.941484681320523,66.39304545640626,35.331572825101254,23.339957896268597,18.06119944559991,66.39304545640626,35.331572825101254,23.339957896268597,18.06119944559991,0.4389108009095535,17.15228175802933,6346.279411764706,0.42034313725490197,0.0,0.21017156862745098
eLORETA,-5,-5,scenario_macro,186,4,0.7883675249393151,0.8616583107231844,1.9236355055136816,62.48945803440773,26.771021428165483,22.941032470562323,15.760920928843044,62.48945803440773,26.771021428165483,22.941032470562323,15.760920928843044,0.487245437651172,13.064998119077657,5686.8308823529405,0.5196078431372549,0.0,0.25980392156862747
eLORETA,-5,0,scenario_macro,186,4,0.8336731570282553,0.9108321676226696,1.8992731609622338,49.25225881993823,12.622240626127871,22.417033840576646,12.589306457564648,49.25225881993823,12.622240626127871,22.417033840576646,12.589306457564648,0.4823587210296182,11.908159170743772,4602.298713235295,0.5490196078431373,0.029411764705882353,0.28921568627450983
eLORETA,-5,5,scenario_macro,186,4,0.8689075330909917,0.9383856093336815,1.867008893982112,32.527278213909575,8.86830688871754,21.707372057480317,12.8214660922657,32.527278213909575,8.86830688871754,21.707372057480317,12.8214660922657,0.47642179609782653,12.801985325445154,3047.936580882353,0.5245098039215687,0.07352941176470588,0.29901960784313725
eLORETA,-5,10,scenario_macro,186,4,0.8939758038207399,0.9461637014021367,1.8323324572751838,22.31528057054821,8.842834894051185,20.323754826418075,12.790013710475266,22.31528057054821,8.842834894051185,20.323754826418075,12.790013710475266,0.46923913870021605,12.481633713860987,1259.6047794117646,0.5441176470588235,0.07352941176470588,0.30882352941176466
eLORETA,-5,15,scenario_macro,186,4,0.9009671614951403,0.9459089388154095,1.80756628450088,20.83310969371235,8.309072974266092,19.350468087253944,12.158641006474985,20.83310969371235,8.309072974266092,19.350468087253944,12.158641006474985,0.4724407947666335,12.194525850860487,749.6185661764705,0.5539215686274509,0.04411764705882353,0.2990196078431372
eLORETA,-5,20,scenario_macro,186,4,0.8985178864730184,0.9434878399001241,1.7986349407635804,21.53746814736509,8.39476521021015,18.998651377408752,12.307863193600213,21.53746814736509,8.39476521021015,18.998651377408752,12.307863193600213,0.4830127541457807,12.356882802369327,725.4852941176471,0.5392156862745098,0.029411764705882353,0.28431372549019607
eLORETA,0,-10,scenario_macro,186,4,0.7107833996428629,0.8141326319322132,1.9205000997454875,60.928125650892326,25.90516442327231,22.9341931273444,16.291036451095323,60.928125650892326,25.90516442327231,22.9341931273444,16.291036451095323,0.4301018945178181,14.93896363882457,5308.492647058823,0.48897058823529416,0.0,0.24448529411764708
eLORETA,0,-5,scenario_macro,186,4,0.8090377043046934,0.8850137346264115,1.9019168065237795,53.16548770440932,20.901440598647508,22.533883542850585,13.729179957109617,53.16548770440932,20.901440598647508,22.533883542850585,13.729179957109617,0.46987127163204123,12.710083320204811,4630.604779411764,0.5637254901960785,0.014705882352941176,0.28921568627450983
eLORETA,0,0,scenario_macro,186,4,0.8409036153796042,0.9169841587730467,1.8765478272815033,39.93220948572085,10.56480091971368,22.088418954590367,12.379718753545879,39.93220948572085,10.56480091971368,22.088418954590367,12.379718753545879,0.46184268513528165,11.784656555086386,3779.7352941176473,0.5637254901960783,0.058823529411764705,0.3112745098039215
eLORETA,0,5,scenario_macro,186,4,0.872297861960444,0.9376778098360787,1.8452152593874291,26.997375877252022,9.617489805709388,21.439013671083135,12.129513415206612,26.997375877252022,9.617489805709388,21.439013671083135,12.129513415206612,0.4552862121337051,12.289791850263413,2415.7141544117644,0.5245098039215687,0.11764705882352941,0.32107843137254904
eLORETA,0,10,scenario_macro,186,4,0.8999023929298147,0.9486035349152744,1.8139441007783517,20.121207051708726,9.385514997227583,20.3742881014294,11.841940568559883,20.121207051708726,9.385514997227583,20.3742881014294,11.841940568559883,0.45670221428174745,12.103586991451975,927.0036764705882,0.5490196078431372,0.14705882352941177,0.3480392156862745
eLORETA,0,15,scenario_macro,186,4,0.9040261934818231,0.9491359137537605,1.7931672281088222,19.484360875042864,8.287652014232128,19.53624048704717,13.040663851100307,19.484360875042864,8.287652014232128,19.53624048704717,13.040663851100307,0.45639990548824444,13.052558004029102,657.4558823529412,0.4901960784313726,0.16176470588235295,0.32598039215686275
eLORETA,0,20,scenario_macro,186,4,0.9018186529292381,0.9461439438503108,1.7876293712663722,20.3291841198303,8.307700974922474,18.960400440892403,12.549034337587978,20.3291841198303,8.307700974922474,18.960400440892403,12.549034337587978,0.4679326356778052,12.666905363189583,669.1966911764706,0.5490196078431372,0.07352941176470588,0.3112745098039215
eLORETA,5,-10,scenario_macro,186,4,0.7842701167917037,0.8829450922069766,1.8916138623329082,46.43419632043344,20.143248256968572,22.467384710478417,14.227773964273434,46.43419632043344,20.143248256968572,22.467384710478417,14.227773964273434,0.4503989861790742,12.3943299644962,4196.066176470588,0.573529411764706,0.014705882352941176,0.29411764705882354
eLORETA,5,-5,scenario_macro,186,4,0.8310641094223716,0.9092213764902358,1.8731143329459445,39.25238100941747,14.446565281392978,22.115311010802376,13.215999457111328,39.25238100941747,14.446565281392978,22.115311010802376,13.215999457111328,0.45382264357877816,11.647599561729413,3700.2987132352937,0.5833333333333334,0.058823529411764705,0.32107843137254904
eLORETA,5,0,scenario_macro,186,4,0.8531442658592406,0.9261749789369376,1.8492701382371513,32.436484536326795,9.942252746675663,21.71008400615779,11.85476654409986,32.436484536326795,9.942252746675663,21.71008400615779,11.85476654409986,0.4478433068027808,11.8555354695882,2934.5487132352946,0.5833333333333334,0.08823529411764706,0.3357843137254902
eLORETA,5,5,scenario_macro,186,4,0.8794649433632657,0.9395182635817488,1.8204542943503552,22.499920924746608,9.341907505092879,21.125771445654546,11.311175351491542,22.499920924746608,9.341907505092879,21.125771445654546,11.311175351491542,0.44459094485057726,11.038917950189775,1590.3363970588236,0.5931372549019608,0.16176470588235295,0.37745098039215685
eLORETA,5,10,scenario_macro,186,4,0.9028185647991586,0.949583593119905,1.7930596875089628,18.711945962362233,9.295451774142263,20.562043096561023,11.450215311555537,18.711945962362233,9.295451774142263,20.562043096561023,11.450215311555537,0.4451246898975189,11.692382924385832,690.2205882352941,0.5735294117647058,0.19117647058823528,0.38235294117647056
eLORETA,5,15,scenario_macro,186,4,0.9101755194183498,0.9523820191374794,1.775011620921069,18.48858262610079,8.96062492121367,19.629237895681754,12.750027273039,18.48858262610079,8.96062492121367,19.629237895681754,12.750027273039,0.44906906289195536,12.826919543836482,579.8694852941177,0.5392156862745098,0.19117647058823528,0.36519607843137253
eLORETA,5,20,scenario_macro,186,4,0.9083621937610067,0.9500977069734271,1.7718992807683425,19.150926802217928,8.592026562008984,18.920304729811047,11.73151947944897,19.150926802217928,8.592026562008984,18.920304729811047,11.73151947944897,0.4557388991592181,11.73151947944897,596.9310661764706,0.5637254901960784,0.1323529411764706,0.3480392156862745
eLORETA,10,-10,scenario_macro,186,4,0.841268443654985,0.9185320363111129,1.856295873124647,34.274940118779035,12.92026200447701,22.005655511718135,12.745148454967676,34.274940118779035,12.92026200447701,22.005655511718135,12.745148454967676,0.4568392164905772,12.18521930260784,3250.3272058823527,0.5686274509803922,0.07352941176470588,0.32107843137254904
eLORETA,10,-5,scenario_macro,186,4,0.8556445887664739,0.9266637549281025,1.8407851639368056,29.53256375997961,10.893453854978617,21.707958708756234,12.277621874365883,29.53256375997961,10.893453854978617,21.707958708756234,12.277621874365883,0.4483130205671635,11.65824800125678,2784.7895220588234,0.5784313725490197,0.1323529411764706,0.3553921568627451
eLORETA,10,0,scenario_macro,186,4,0.8729095540184343,0.9362545502351589,1.819318905380897,24.11056662639488,10.403532086968792,21.380407081259676,11.440128725050172,24.11056662639488,10.403532086968792,21.380407081259676,11.440128725050172,0.44282990542758865,11.277803686539405,2032.1645220588234,0.6029411764705882,0.14705882352941177,0.375
eLORETA,10,5,scenario_macro,186,4,0.8918957153369107,0.9448762265983661,1.7957238963955113,19.545503044184446,10.618520924222425,20.95263048159821,11.515320295804157,19.545503044184446,10.618520924222425,20.95263048159821,11.515320295804157,0.438788431726921,10.985381148004706,990.3226102941176,0.5833333333333334,0.17647058823529413,0.37990196078431376
eLORETA,10,10,scenario_macro,186,4,0.9072703321860838,0.9500900265500094,1.7734035428143158,17.851929439025863,9.655826623672484,20.453825994172295,11.458518128879042,17.851929439025863,9.655826623672484,20.453825994172295,11.458518128879042,0.44040715713236167,11.458518117612426,573.6295955882354,0.5735294117647058,0.22058823529411764,0.39705882352941174
eLORETA,10,15,scenario_macro,186,4,0.9126297813280603,0.9531016838455812,1.7590453361713885,17.92939939625113,9.651194639475053,19.916581673575532,11.664959794040646,17.92939939625113,9.651194639475053,19.916581673575532,11.664959794040646,0.4413617079782013,11.685264385375797,533.0735294117646,0.553921568627451,0.20588235294117646,0.3799019607843137
eLORETA,10,20,scenario_macro,186,4,0.9130794853391127,0.9527113888171775,1.75591854848723,18.286118463677564,9.01264394283868,19.376299567137746,12.251442608446807,18.286118463677564,9.01264394283868,19.376299567137746,12.251442608446807,0.44609433611640475,12.317149635047349,536.2610294117646,0.5196078431372549,0.19117647058823528,0.3553921568627451
eLORETA,15,-10,scenario_macro,186,4,0.8750178576873671,0.9328433539829727,1.8220282547037836,25.33127130447672,10.871038400289626,21.807182034708557,12.598130399400928,25.33127130447672,10.871038400289626,21.807182034708557,12.598130399400928,0.4539534229782533,12.88444502245622,2284.776654411765,0.5245098039215687,0.10294117647058823,0.3137254901960784
eLORETA,15,-5,scenario_macro,186,4,0.8830910604110739,0.9370905925289483,1.8104754648854433,22.690947264618917,10.788956843925497,21.520054216297144,11.61770173324174,22.690947264618917,10.788956843925497,21.520054216297144,11.61770173324174,0.44689018070201486,11.832752624353278,1809.6378676470588,0.5686274509803921,0.10294117647058823,0.33578431372549017
eLORETA,15,0,scenario_macro,186,4,0.8915675290031808,0.9427675330402987,1.7935369136094623,19.988547490566592,10.974297196789705,21.13470281015911,11.609772927091745,19.988547490566592,10.974297196789705,21.13470281015911,11.609772927091745,0.4422349855062321,11.785034052953469,1170.0376838235293,0.5882352941176471,0.19117647058823528,0.3897058823529412
eLORETA,15,5,scenario_macro,186,4,0.9036576694456759,0.9483568436748899,1.774878780392728,18.18708156024434,10.969798044649963,20.830598511866494,11.200659532278394,18.18708156024434,10.969798044649963,20.830598511866494,11.200659532278394,0.4383916000603953,11.334977433894153,644.6102941176471,0.5882352941176471,0.17647058823529413,0.3823529411764706
eLORETA,15,10,scenario_macro,186,4,0.9109220291085631,0.9516376754322287,1.7581956770741505,17.590387342803158,10.492120909719302,20.478292266632135,11.161769505134862,17.590387342803158,10.492120909719302,20.478292266632135,11.161769505134862,0.4376876502587866,11.24234346838775,538.5036764705882,0.5980392156862745,0.22058823529411764,0.40931372549019607
eLORETA,15,15,scenario_macro,186,4,0.9149053654288015,0.9533193724458722,1.7463919638524372,17.53399888444844,9.468280467703124,20.262971457384154,11.307979201690387,17.53399888444844,9.468280467703124,20.262971457384154,11.307979201690387,0.436526057281957,11.28767461035524,510.0900735294118,0.5833333333333334,0.23529411764705882,0.40931372549019607
eLORETA,15,20,scenario_macro,186,4,0.9173326394620259,0.9549666161043625,1.7429525227566725,17.733099608171297,9.206644731796272,19.632675887224732,12.218861444459591,17.733099608171297,9.206644731796272,19.632675887224732,12.218861444459591,0.4415424965252393,12.218861444459591,504.89889705882354,0.5392156862745098,0.19117647058823528,0.36519607843137253
eLORETA,20,-10,scenario_macro,186,4,0.8910457588570427,0.937174892255155,1.7985948174293056,22.23600250954676,11.141759818669078,21.908716708654207,13.592346321697411,22.23600250954676,11.141759818669078,21.908716708654207,13.592346321697411,0.45919146272209704,13.706436708724333,1141.0670955882351,0.5,0.058823529411764705,0.27941176470588236
eLORETA,20,-5,scenario_macro,186,4,0.8969948995760327,0.9411774450946859,1.7894746220064315,20.717404675784127,11.094913177483166,21.568175554985377,12.933013672744094,20.717404675784127,11.094913177483166,21.568175554985377,12.933013672744094,0.4511796284739635,13.108274803806447,908.2601102941177,0.5147058823529412,0.11764705882352941,0.31617647058823534
eLORETA,20,0,scenario_macro,186,4,0.9016098326705639,0.9442520500427833,1.7767572122471533,19.22197820562948,10.86771427088523,21.170627726956656,11.84084279316761,19.22197820562948,10.86771427088523,21.170627726956656,11.84084279316761,0.4438191053204755,11.881451966969061,693.3014705882352,0.573529411764706,0.17647058823529413,0.37500000000000006
eLORETA,20,5,scenario_macro,186,4,0.9081577385197594,0.9477583375824432,1.7619973873780737,18.227201170351524,10.979782326204955,20.76537615204022,10.792157033943225,18.227201170351524,10.979782326204955,20.76537615204022,10.792157033943225,0.4387698184830207,10.722832837709284,578.34375,0.5931372549019608,0.17647058823529413,0.38480392156862747
eLORETA,20,10,scenario_macro,186,4,0.9122697325191857,0.9522502535311603,1.7484716386169006,17.629401030926886,10.97108661890327,20.448892970594002,11.292610280796737,17.629401030926886,10.97108661890327,20.448892970594002,11.292610280796737,0.43643135219497764,11.148390780070853,527.5101102941177,0.5882352941176471,0.17647058823529413,0.3823529411764706
eLORETA,20,15,scenario_macro,186,4,0.9153217156538844,0.954055014638669,1.7390203622504237,17.40181764675033,10.654804268927778,20.306100584356482,11.31640068371324,17.40181764675033,10.654804268927778,20.306100584356482,11.31640068371324,0.4365301285945813,11.336705275048393,501.8501838235294,0.5735294117647058,0.23529411764705882,0.40441176470588236
eLORETA,20,20,scenario_macro,186,4,0.9170932793667443,0.9545205273879026,1.7353314557395392,17.45555589406268,10.508960877772749,20.076138616296575,11.843390141764651,17.45555589406268,10.508960877772749,20.076138616296575,11.843390141764651,0.43691369092941773,11.843390141764651,495.57996323529414,0.5637254901960784,0.23529411764705882,0.39950980392156865
sLORETA,-10,-10,scenario_macro,186,4,0.7312013143924196,0.7749060545023647,1.9564359378797074,61.30646404329888,62.47782856840947,23.514715826780066,18.510975542954707,61.30646404329888,62.47782856840947,23.514715826780066,18.510975542954707,0.5409297377502238,18.069998880757346,2852.7555147058824,0.3958333333333333,0.0,0.19791666666666666
sLORETA,-10,-5,scenario_macro,186,4,0.7807845197789027,0.8122322577300939,1.9424422293892594,58.433442529826294,46.124495384808824,23.199725305107805,16.108762154894354,58.433442529826294,46.124495384808824,23.199725305107805,16.108762154894354,0.5992514494331544,14.570714691341564,2560.3363970588234,0.5049019607843137,0.0,0.25245098039215685
sLORETA,-10,0,scenario_macro,186,4,0.8236039222763754,0.8489555514245001,1.9233723903694329,54.33340394184946,31.88827546140939,22.700265988394808,14.115807316681554,54.33340394184946,31.88827546140939,22.700265988394808,14.115807316681554,0.6032352619761938,13.78366509495435,2068.2784926470586,0.5392156862745098,0.0,0.2696078431372549
sLORETA,-10,5,scenario_macro,186,4,0.8553102658030809,0.8866943440758219,1.8959766092672248,46.5072970361112,18.452214746096715,21.737965766519043,12.44373983219711,46.5072970361112,18.452214746096715,21.737965766519043,12.44373983219711,0.5737565306436259,12.439529335369008,1444.4154411764705,0.5637254901960784,0.0,0.2818627450980392
sLORETA,-10,10,scenario_macro,186,4,0.8762699429200782,0.9134521988207192,1.8635395150017908,33.01589239508194,17.12576166157595,20.173756980554643,12.646540664455634,33.01589239508194,17.12576166157595,20.173756980554643,12.646540664455634,0.5561567727044445,12.478480660654514,770.3226102941177,0.5686274509803922,0.0,0.2843137254901961
sLORETA,-10,15,scenario_macro,186,4,0.8873408041546996,0.9271143517986704,1.8385540949720804,26.155502147350735,16.480638738181668,19.413656134846207,12.55018554336696,26.155502147350735,16.480638738181668,19.413656134846207,12.55018554336696,0.5486782540990273,12.43403439215136,495.28400735294116,0.5686274509803921,0.0,0.28431372549019607
sLORETA,-10,20,scenario_macro,186,4,0.8850348483679298,0.929414791749345,1.8289409094582627,25.863754446630722,16.546456870850392,19.058141757509386,12.556082278578339,25.863754446630722,16.546456870850392,19.058141757509386,12.556082278578339,0.5453721760089266,12.623213815542956,443.10110294117646,0.5490196078431372,0.0,0.2745098039215686
sLORETA,-5,-10,scenario_macro,186,4,0.7758588270715743,0.8264173186713937,1.9415771153730583,60.876034363393586,49.519475358521845,23.291240413324402,17.341825522831897,60.876034363393586,49.519475358521845,23.291240413324402,17.341825522831897,0.5269053552569836,16.858011042533477,3094.4227941176473,0.409313725490196,0.0,0.204656862745098
sLORETA,-5,-5,scenario_macro,186,4,0.828509210160052,0.8577090550302013,1.9255244684688209,56.47473214226191,37.650721271237764,22.852953768958894,14.394717333952116,56.47473214226191,37.650721271237764,22.852953768958894,14.394717333952116,0.573275913647752,13.240655002363718,2399.323529411765,0.4852941176470589,0.0,0.24264705882352944
sLORETA,-5,0,scenario_macro,186,4,0.8500306368326326,0.882710568937871,1.904528036173616,49.83177866685992,21.063529242556267,22.349079765858367,12.482757782017222,49.83177866685992,21.063529242556267,22.349079765858367,12.482757782017222,0.5580222822838365,12.500169188113063,1733.5735294117649,0.5245098039215687,0.0,0.2622549019607843
sLORETA,-5,5,scenario_macro,186,4,0.8693636739596501,0.9051016976199143,1.8789384825038258,39.890173227980256,18.18396803173972,21.687888513043646,12.699606582650167,39.890173227980256,18.18396803173972,21.687888513043646,12.699606582650167,0.54612810725328,13.024695472735948,1107.9145220588236,0.5098039215686274,0.0,0.2549019607843137
sLORETA,-5,10,scenario_macro,186,4,0.8852668745868217,0.9206439456829794,1.850835825463518,29.191380999351512,16.732164531783372,20.41761170538264,12.223397034316122,29.191380999351512,16.732164531783372,20.41761170538264,12.223397034316122,0.5357538681901948,12.134900583199503,673.1930147058824,0.5833333333333334,0.0,0.2916666666666667
sLORETA,-5,15,scenario_macro,186,4,0.8919477340223017,0.9301722943179758,1.8301960474583148,24.954439568513607,16.814702565732635,19.32974686738216,12.728053276538668,24.954439568513607,16.814702565732635,19.32974686738216,12.728053276538668,0.5356016337534046,12.813685635493565,468.7279411764706,0.5637254901960783,0.0,0.28186274509803916
sLORETA,-5,20,scenario_macro,186,4,0.8895196710887151,0.9320132083122478,1.8223909941222909,24.942583644738928,16.499892052059693,19.078209398028974,12.44137721207659,24.942583644738928,16.499892052059693,19.078209398028974,12.44137721207659,0.5415778315745943,12.44137721207659,437.83915441176475,0.5637254901960783,0.0,0.28186274509803916
sLORETA,0,-10,scenario_macro,186,4,0.8155998266692046,0.8675171156683228,1.921782137134954,58.9460072704647,38.10126739952656,22.85410741380456,15.643933937827114,58.9460072704647,38.10126739952656,22.85410741380456,15.643933937827114,0.519306320791133,14.706035943050907,2918.6341911764703,0.4950980392156863,0.0,0.24754901960784315
sLORETA,0,-5,scenario_macro,186,4,0.8554790023589283,0.8936219688987472,1.9023820329637364,51.86459497570359,24.816050146396027,22.34906576490624,14.623718562023386,51.86459497570359,24.816050146396027,22.34906576490624,14.623718562023386,0.5364440759283091,13.642449911838895,2132.408088235294,0.5281862745098039,0.0,0.26409313725490197
sLORETA,0,0,scenario_macro,186,4,0.8718452672781946,0.9100919685909795,1.8802560186621107,41.57929165133104,18.570551491913836,21.85241544689421,12.878941985474063,41.57929165133104,18.570551491913836,21.85241544689421,12.878941985474063,0.5357998481990542,12.309670028919648,1313.9779411764705,0.5588235294117647,0.0,0.27941176470588236
sLORETA,0,5,scenario_macro,186,4,0.8843859934688554,0.9221212649992778,1.8554308328628013,31.521557420494247,18.028612599947653,21.26007492166451,12.772261354704236,31.521557420494247,18.028612599947653,21.26007492166451,12.772261354704236,0.5232151567341445,12.208560737811686,797.8318014705882,0.5392156862745098,0.0,0.2696078431372549
sLORETA,0,10,scenario_macro,186,4,0.8951153542497675,0.9300409476945216,1.8312429538510056,25.18231217830125,17.247082470853005,20.277530230113907,11.927645328750879,25.18231217830125,17.247082470853005,20.277530230113907,11.927645328750879,0.5191935661967584,11.70188298875406,515.6810661764706,0.5931372549019608,0.0,0.2965686274509804
sLORETA,0,15,scenario_macro,186,4,0.8970633285956262,0.9347891210799703,1.815122860784545,23.764291826596544,16.45025040540767,19.490756590923905,12.516712758215483,23.764291826596544,16.45025040540767,19.490756590923905,12.516712758215483,0.5177493228376697,12.516712758215483,412.1158088235294,0.5441176470588235,0.029411764705882353,0.2867647058823529
sLORETA,0,20,scenario_macro,186,4,0.8961110147455033,0.9361383928872751,1.811380279755304,23.853623189481,16.234021661667246,18.963413498715706,12.420849768386558,23.853623189481,16.234021661667246,18.963413498715706,12.420849768386558,0.5302172282951972,12.547532878018169,411.39522058823525,0.5833333333333334,0.014705882352941176,0.29901960784313725
sLORETA,5,-10,scenario_macro,186,4,0.8426024621447706,0.8994477929122119,1.896156464186707,52.207290019463926,24.970733721828424,22.339944595878393,13.479112450265257,52.207290019463926,24.970733721828424,22.339944595878393,13.479112450265257,0.5071772836060741,12.05986848206947,2383.720588235294,0.5931372549019608,0.0,0.2965686274509804
sLORETA,5,-5,scenario_macro,186,4,0.8686888632607422,0.9168129986804164,1.8738787824230168,42.05665600414381,17.85294900894291,21.87617767896305,13.53322244269115,42.05665600414381,17.85294900894291,21.87617767896305,13.53322244269115,0.5062026888269524,12.665053446041227,1592.9659926470588,0.5735294117647058,0.0,0.2867647058823529
sLORETA,5,0,scenario_macro,186,4,0.8853497834854172,0.9270567368388801,1.8514071555418892,31.68807930589075,15.640949684960752,21.40217644634807,13.322088846107505,31.68807930589075,15.640949684960752,21.40217644634807,13.322088846107505,0.508527654471262,13.31355962175831,874.3446691176471,0.508578431372549,0.0,0.2542892156862745
sLORETA,5,5,scenario_macro,186,4,0.895478328324326,0.9327886233747031,1.8294619108735888,25.934549435032903,16.381095163434406,20.786709547215946,12.452224002915377,25.934549435032903,16.381095163434406,20.786709547215946,12.452224002915377,0.5145101888224675,11.647986449031876,573.1525735294117,0.5637254901960783,0.029411764705882353,0.29656862745098034
sLORETA,5,10,scenario_macro,186,4,0.9010157911253683,0.9374696158136556,1.8115512707383503,23.491936177933557,17.488760933557355,20.305058718721522,12.188604466185573,23.491936177933557,17.488760933557355,20.305058718721522,12.188604466185573,0.5132233778010498,12.480324397552337,427.7628676470588,0.553921568627451,0.04411764705882353,0.29901960784313725
sLORETA,5,15,scenario_macro,186,4,0.9033761384073772,0.9398458937942585,1.7991249969414884,23.012987973423108,17.10549700720811,19.48042507302325,12.54164503006364,23.012987973423108,17.10549700720811,19.48042507302325,12.54164503006364,0.5097208950040003,12.622932313840499,373.9273897058824,0.5588235294117646,0.04411764705882353,0.30147058823529405
sLORETA,5,20,scenario_macro,186,4,0.9012056293311892,0.9393699201943138,1.7970067519083504,23.21488661605784,16.114806603883704,18.8506895919081,11.71441753404528,23.21488661605784,16.114806603883704,18.8506895919081,11.71441753404528,0.5165273294682504,11.639522246902791,377.43290441176464,0.5980392156862745,0.014705882352941176,0.3063725490196078
sLORETA,10,-10,scenario_macro,186,4,0.8639676973519452,0.9186885921094224,1.8658912123043907,38.195191376300485,16.396645868068482,21.914271015587747,12.308009225474413,38.195191376300485,16.396645868068482,21.914271015587747,12.308009225474413,0.5003409837732841,11.720861204604866,1854.5395220588234,0.5784313725490197,0.0,0.28921568627450983
sLORETA,10,-5,scenario_macro,186,4,0.8790680376816495,0.9282316180702488,1.845970809933513,31.541419497211436,14.528610539645326,21.557031019263423,12.495571678595766,31.541419497211436,14.528610539645326,21.557031019263423,12.495571678595766,0.49212781686869367,12.661808706150822,1129.1332720588236,0.553921568627451,0.029411764705882353,0.2916666666666667
sLORETA,10,0,scenario_macro,186,4,0.8924207898764143,0.9371033841232257,1.8211517662668812,24.349756692426485,14.361086409117123,20.9534431550328,12.379290769775574,24.349756692426485,14.361086409117123,20.9534431550328,12.379290769775574,0.4875579374068301,12.557259362862377,595.5496323529412,0.5588235294117647,0.029411764705882353,0.29411764705882354
sLORETA,10,5,scenario_macro,186,4,0.9035990605991912,0.9422427569709841,1.8022698500947494,22.40977919366411,15.690049512450523,20.544943681822904,12.116057040640143,22.40977919366411,15.690049512450523,20.544943681822904,12.116057040640143,0.4958465999453038,12.1316372976655,439.22610294117646,0.553921568627451,0.08823529411764706,0.32107843137254904
sLORETA,10,10,scenario_macro,186,4,0.9062364711533963,0.9423167585631356,1.79006557040042,22.3777868384423,17.27498387194971,20.026051225404185,11.961789742527577,22.3777868384423,17.27498387194971,20.026051225404185,11.961789742527577,0.5097526207374761,11.943214396584018,379.46047794117646,0.553921568627451,0.07352941176470588,0.3137254901960784
sLORETA,10,15,scenario_macro,186,4,0.9062634037510563,0.9431458429242896,1.7841047217439108,22.596893345133022,17.467135802815367,19.527616999312347,12.243295600344402,22.596893345133022,17.467135802815367,19.527616999312347,12.243295600344402,0.5068519891594367,12.283904771748078,356.62132352941177,0.5490196078431372,0.029411764705882353,0.2892156862745098
sLORETA,10,20,scenario_macro,186,4,0.9064605021738584,0.9436928241928031,1.7836860364210545,22.800746333437672,17.244043133981624,19.174887810688656,11.831827432937184,22.800746333437672,17.244043133981624,19.174887810688656,11.831827432937184,0.5077805434489272,11.733788223139603,350.6415441176471,0.5686274509803921,0.058823529411764705,0.3137254901960784
sLORETA,15,-10,scenario_macro,186,4,0.8810417538962843,0.929376701253895,1.8348974509366895,28.077653476776224,14.597030444879104,21.812163749630155,12.879389235616818,28.077653476776224,14.597030444879104,21.812163749630155,12.879389235616818,0.4951953188665736,12.818797664529669,1202.502757352941,0.5294117647058824,0.014705882352941176,0.27205882352941174
sLORETA,15,-5,scenario_macro,186,4,0.8885975750819598,0.9350633478192489,1.8196609668421257,24.497366105547325,14.081044194008939,21.443474545282985,12.169343171536633,24.497366105547325,14.081044194008939,21.443474545282985,12.169343171536633,0.489279520064407,12.3554554896295,804.1259191176471,0.553921568627451,0.04411764705882353,0.29901960784313725
sLORETA,15,0,scenario_macro,186,4,0.8981987291868901,0.9403799274386307,1.7992946485380656,21.56977953067228,14.306370413714367,20.838423137962824,12.08899355285694,21.56977953067228,14.306370413714367,20.838423137962824,12.08899355285694,0.48357867403120214,12.12928052235047,505.19117647058823,0.5637254901960784,0.04411764705882353,0.30392156862745096
sLORETA,15,5,scenario_macro,186,4,0.9068845753034811,0.9454285641446873,1.7799573519730283,21.015130057034398,15.079625410405134,20.422103207888032,12.890212698885266,21.015130057034398,15.079625410405134,20.422103207888032,12.890212698885266,0.485059035844236,12.910517290220417,401.625,0.5441176470588236,0.08823529411764706,0.31617647058823534
sLORETA,15,10,scenario_macro,186,4,0.9091698966289457,0.9468949093448639,1.7715793015914318,21.353937436072954,15.867627044141722,20.020570736855607,11.989053969128951,21.353937436072954,15.867627044141722,20.020570736855607,11.989053969128951,0.4928095660661669,11.989053969128951,361.4420955882353,0.5575980392156863,0.07352941176470588,0.31556372549019607
sLORETA,15,15,scenario_macro,186,4,0.9097700474245733,0.9464629579362064,1.7698920293313436,21.94908484842938,17.155798603448662,19.814315056177183,12.534881833542935,21.94908484842938,17.155798603448662,19.814315056177183,12.534881833542935,0.5030399992201777,12.58993603194746,351.25183823529414,0.5343137254901961,0.10294117647058823,0.31862745098039214
sLORETA,15,20,scenario_macro,186,4,0.9099807421293193,0.9455305329081798,1.7722929987202936,22.35260092504424,17.834880907208298,19.18602298968162,12.603247237739794,22.35260092504424,17.834880907208298,19.18602298968162,12.603247237739794,0.5085750277559826,12.739702970938351,342.6194852941176,0.5245098039215687,0.10294117647058823,0.3137254901960784
sLORETA,20,-10,scenario_macro,186,4,0.8879312705927266,0.9332378388903891,1.8134217164563076,24.57897498375304,15.88979099109116,21.868387826275896,13.396354506886787,24.57897498375304,15.88979099109116,21.868387826275896,13.396354506886787,0.5004086115786754,13.487216445851596,788.9917279411766,0.5098039215686275,0.029411764705882353,0.26960784313725494
sLORETA,20,-5,scenario_macro,186,4,0.895778442139215,0.9375367747489699,1.802222438508119,22.82268750555598,14.960433134245145,21.47886915267487,13.067624317690857,22.82268750555598,14.960433134245145,21.47886915267487,13.067624317690857,0.48971651143427997,13.067624317690857,632.5238970588235,0.5245098039215687,0.014705882352941176,0.2696078431372549
sLORETA,20,0,scenario_macro,186,4,0.9007055514387518,0.9415712054605252,1.7870599726921297,21.481630565032983,14.337883425340628,21.082255266584315,12.192848270359017,21.481630565032983,14.337883425340628,21.082255266584315,12.192848270359017,0.4824527368952025,12.079345286452444,509.500919117647,0.573529411764706,0.04411764705882353,0.3088235294117647
sLORETA,20,5,scenario_macro,186,4,0.906806012836886,0.945502831881684,1.7705411228827328,20.879273586604725,13.801254226633835,20.438218102852844,12.557232806612243,20.879273586604725,13.801254226633835,20.438218102852844,12.557232806612243,0.48352694715625305,12.69588119035793,428.6819852941177,0.5441176470588235,0.058823529411764705,0.3014705882352941
sLORETA,20,10,scenario_macro,186,4,0.9101110869100046,0.9494567228028415,1.7576085279890634,20.620950869724386,14.886062078761753,20.06648728872676,12.712303244428654,20.620950869724386,14.886062078761753,20.06648728872676,12.712303244428654,0.4832972367734454,12.712303244428654,372.85937499999994,0.5441176470588235,0.17647058823529413,0.3602941176470588
sLORETA,20,15,scenario_macro,186,4,0.9094022484314888,0.948955838637047,1.7570960681820786,21.185650672133633,15.49410267975862,19.877804602158836,12.041088030753874,21.185650672133633,15.49410267975862,19.877804602158836,12.041088030753874,0.4912045423119439,12.041088037608171,349.99632352941177,0.5686274509803922,0.11764705882352941,0.34313725490196084
sLORETA,20,20,scenario_macro,186,4,0.910171818187455,0.9480149396873222,1.7624966684976586,21.899013329840553,17.181696516516524,19.530497028103042,12.291859870206414,21.899013329840553,17.181696516516524,19.530497028103042,12.291859870206414,0.5045444098223747,12.291859870206414,346.3943014705883,0.5441176470588235,0.07352941176470588,0.30882352941176466
